step,epoch,n_refreshed,mean,std,min,max,q00,q10,q20,q30,q40,q50,q60,q70,q80,q90,q100
4,0,,0.5974476337432861,0.1946900188922882,0.5,1.0,0.5,0.5,0.5,0.5,0.5,0.5,0.5,0.5,0.5799999833106995,1.0,1.0
4,10,25000,0.2921580672264099,0.38243064284324646,4.129577746425639e-08,1.0,4.129577746425639e-08,0.00019851162505801767,0.0013939561322331429,0.005308458115905523,0.01654929667711258,0.04783149063587189,0.14815737307071686,0.5,0.5399999618530273,1.0,1.0
4,20,25000,0.2921297252178192,0.3824719786643982,3.976509788117255e-08,1.0,3.976509788117255e-08,0.00020114077778998762,0.0013753121020272374,0.005367596168071032,0.016612455248832703,0.04745807126164436,0.14776574075222015,0.5,0.5377488732337952,1.0,1.0
4,30,25000,0.2921180725097656,0.38246825337409973,4.648864049272561e-08,1.0,4.648864049272561e-08,0.00020111877529416233,0.001408422365784645,0.005420472007244825,0.016640769317746162,0.04814063012599945,0.14711786806583405,0.5,0.5374054908752441,1.0,1.0
4,40,25000,0.2921721041202545,0.3824605345726013,3.735035747354232e-08,1.0,3.735035747354232e-08,0.00020557295647449791,0.0013990332372486591,0.005305592902004719,0.016740579158067703,0.04764023423194885,0.14591209590435028,0.5,0.5399999618530273,1.0,1.0
4,50,25000,0.29213613271713257,0.3824101388454437,3.530772829662965e-08,1.0,3.530772829662965e-08,0.00021191556879784912,0.0013986931880936027,0.005307132378220558,0.016632528975605965,0.04745251312851906,0.14898580312728882,0.5,0.5399039387702942,1.0,1.0
4,60,25000,0.29203614592552185,0.38238728046417236,4.6341831705376535e-08,1.0,4.6341831705376535e-08,0.00020447182760108262,0.0014022556133568287,0.005420444067567587,0.016550932079553604,0.04741264507174492,0.1462060660123825,0.5,0.5395389199256897,1.0,1.0
4,70,25000,0.2921324670314789,0.382371723651886,3.988072450056279e-08,1.0,3.988072450056279e-08,0.00020244887855369598,0.0014099481049925089,0.005280224606394768,0.01659098081290722,0.04750910401344299,0.14984965324401855,0.5,0.5340952277183533,1.0,1.0
4,80,25000,0.2922055423259735,0.3824366629123688,3.4543525373464945e-08,1.0,3.4543525373464945e-08,0.0002011652395594865,0.0013857466401532292,0.005306378472596407,0.016554223373532295,0.0474139004945755,0.14866399765014648,0.5,0.5391806960105896,1.0,1.0
4,90,25000,0.2921396791934967,0.3824600279331207,2.8818071484693064e-08,1.0,2.8818071484693064e-08,0.00020595542446244508,0.0014127016765996814,0.005332225002348423,0.01647239923477173,0.04786164313554764,0.14793138206005096,0.5,0.5329042673110962,1.0,1.0
4,100,25000,0.29203474521636963,0.3824264109134674,3.5091400008013807e-08,1.0,3.5091400008013807e-08,0.0002084506122628227,0.0013798440340906382,0.005338389426469803,0.016692783683538437,0.04696247726678848,0.14715620875358582,0.5,0.5397941470146179,1.0,1.0
4,110,25000,0.29225873947143555,0.38239577412605286,4.2317768844668535e-08,1.0,4.2317768844668535e-08,0.00020387391850817949,0.0014147452311590314,0.005381339229643345,0.016642959788441658,0.04779493063688278,0.15086494386196136,0.5,0.5353521704673767,1.0,1.0
4,120,25000,0.29210805892944336,0.38241735100746155,4.4228887219333046e-08,1.0,4.4228887219333046e-08,0.0002009660383919254,0.0014177070697769523,0.005282121244817972,0.01657709665596485,0.04765553027391434,0.14869414269924164,0.5,0.5392229557037354,1.0,1.0
4,130,25000,0.2920820415019989,0.38239091634750366,2.9909358545410214e-08,1.0,2.9909358545410214e-08,0.00019606677233241498,0.0013839303283020854,0.005392415449023247,0.016567526385188103,0.047703132033348083,0.14892075955867767,0.5,0.5399999618530273,1.0,1.0
4,140,25000,0.29216086864471436,0.38244834542274475,3.797511283210042e-08,1.0,3.797511283210042e-08,0.0002011038304772228,0.0013880112674087286,0.0053532784804701805,0.016468707472085953,0.04682495445013046,0.14886392652988434,0.5,0.5392518639564514,1.0,1.0
4,150,25000,0.2921315133571625,0.38241636753082275,4.31742002149349e-08,1.0,4.31742002149349e-08,0.00020879454677924514,0.0013958828058093786,0.005334176123142242,0.016490323469042778,0.04735845327377319,0.1481923758983612,0.5,0.5321800708770752,1.0,1.0
4,160,25000,0.29208019375801086,0.3825269639492035,3.655921076983759e-08,1.0,3.655921076983759e-08,0.000201966890017502,0.0013843921478837729,0.005402871407568455,0.016642345115542412,0.047512348741292953,0.1486915647983551,0.5,0.5399999618530273,1.0,1.0
4,170,25000,0.2922232151031494,0.38262975215911865,3.8579820227369055e-08,1.0,3.8579820227369055e-08,0.00020056153880432248,0.001387611380778253,0.005366608500480652,0.01661694422364235,0.04746623337268829,0.14828170835971832,0.5,0.5399999618530273,1.0,1.0
4,180,25000,0.2924811542034149,0.38298875093460083,3.409931892406348e-08,1.0,3.409931892406348e-08,0.00020533100177999586,0.0013909456320106983,0.0053534009493887424,0.016761906445026398,0.047193244099617004,0.14823080599308014,0.5,0.536702573299408,1.0,1.0
4,190,25000,0.2925858199596405,0.38327229022979736,4.4186208469909616e-08,1.0,4.4186208469909616e-08,0.00019966739637311548,0.0013910800917074084,0.005358279682695866,0.016743963584303856,0.04709921032190323,0.14696598052978516,0.5,0.5370504856109619,1.0,1.0
4,200,25000,0.2930363714694977,0.3837136924266815,3.914038160246491e-08,1.0,3.914038160246491e-08,0.00019956202595494688,0.001403941074386239,0.005403532646596432,0.016688503324985504,0.04774177819490433,0.14802511036396027,0.5,0.5341996550559998,1.0,1.0
4,210,25000,0.293140709400177,0.38383692502975464,3.206778131925603e-08,1.0,3.206778131925603e-08,0.00020451276213862002,0.001395046478137374,0.005413812585175037,0.016838815063238144,0.04779869690537453,0.14974471926689148,0.5,0.5399999618530273,1.0,1.0
4,220,25000,0.29306215047836304,0.3838479816913605,4.463745639782246e-08,1.0,4.463745639782246e-08,0.0002014995989156887,0.0013998306822031736,0.0053565045818686485,0.016556482762098312,0.04779072105884552,0.1477569043636322,0.5,0.5377191305160522,1.0,1.0
4,230,25000,0.2930169403553009,0.38370147347450256,4.1085058910539374e-08,1.0,4.1085058910539374e-08,0.00020351886632852256,0.0014015007764101028,0.005308349616825581,0.01683063805103302,0.047117143869400024,0.14880822598934174,0.5,0.5399999618530273,1.0,1.0
4,240,25000,0.2929796278476715,0.3836403787136078,3.590424313415497e-08,1.0,3.590424313415497e-08,0.00019592090393416584,0.0014157939003780484,0.00539836660027504,0.016687609255313873,0.04735686630010605,0.14734140038490295,0.5,0.5390262007713318,1.0,1.0
4,250,25000,0.2929469645023346,0.38366857171058655,3.7762557525411466e-08,1.0,3.7762557525411466e-08,0.00019725412130355835,0.0013961157528683543,0.005410068668425083,0.01649148017168045,0.04736898094415665,0.14852586388587952,0.5,0.5383946299552917,1.0,1.0
4,260,25000,0.292898952960968,0.3836877942085266,3.994462005607602e-08,1.0,3.994462005607602e-08,0.0002013221092056483,0.0014201462035998702,0.005370362661778927,0.016720131039619446,0.047487303614616394,0.14777982234954834,0.5,0.5386974215507507,1.0,1.0
4,270,25000,0.29296115040779114,0.38365235924720764,3.761817879421869e-08,1.0,3.761817879421869e-08,0.00020052041509188712,0.0013847962254658341,0.005383649375289679,0.016619252040982246,0.04764015972614288,0.14824128150939941,0.5,0.5391461849212646,1.0,1.0
4,280,25000,0.2930740714073181,0.3836711049079895,2.9325779138389407e-08,1.0,2.9325779138389407e-08,0.00020327982201706618,0.0013774584513157606,0.005431978963315487,0.01673555187880993,0.04754152148962021,0.14902469515800476,0.5,0.5399999618530273,1.0,1.0
4,290,25000,0.2930356562137604,0.3837072551250458,3.964382244703302e-08,1.0,3.964382244703302e-08,0.00020290756947360933,0.0013763902243226767,0.005413366481661797,0.016577284783124924,0.047887396067380905,0.14767713844776154,0.5,0.5399999618530273,1.0,1.0
4,300,25000,0.2929375171661377,0.3837251365184784,4.860777025328389e-08,1.0,4.860777025328389e-08,0.00020137749379500747,0.0013966354308649898,0.00529495207592845,0.016773592680692673,0.04747810214757919,0.1485622078180313,0.5,0.5357999205589294,1.0,1.0
4,310,25000,0.2929703891277313,0.3836938142776489,3.33252749840085e-08,1.0,3.33252749840085e-08,0.00020029717416036874,0.0013673329958692193,0.005343220662325621,0.01660345308482647,0.04749007523059845,0.14771254360675812,0.5,0.5388153195381165,1.0,1.0
4,320,25000,0.2930815517902374,0.3836977183818817,3.8968117621607234e-08,1.0,3.8968117621607234e-08,0.00020565767772495747,0.0013995865592733026,0.005372373852878809,0.016749341040849686,0.047464579343795776,0.14774084091186523,0.5,0.5399999618530273,1.0,1.0
4,330,25000,0.2929873466491699,0.38368040323257446,4.8178023348555143e-08,1.0,4.8178023348555143e-08,0.00019974997849203646,0.0013796825660392642,0.005376256536692381,0.01681685633957386,0.0477118194103241,0.14688117802143097,0.5,0.5383766889572144,1.0,1.0
4,340,25000,0.29289084672927856,0.3836939334869385,3.664453984697502e-08,1.0,3.664453984697502e-08,0.000199748101294972,0.0014032961335033178,0.005310408305376768,0.01674748584628105,0.04752381891012192,0.1484394669532776,0.5,0.5342833399772644,1.0,1.0
4,350,25000,0.2930174171924591,0.38361963629722595,6.076930958442972e-08,1.0,6.076930958442972e-08,0.0002004613052122295,0.0013811991084367037,0.005360788200050592,0.01684921234846115,0.04793562740087509,0.1469375342130661,0.5,0.5364120006561279,1.0,1.0
4,360,25000,0.2929360270500183,0.38373664021492004,4.030000866350747e-08,1.0,4.030000866350747e-08,0.0002023258275585249,0.0013959575444459915,0.005434788763523102,0.01643240451812744,0.047238290309906006,0.14720191061496735,0.5,0.5399999618530273,1.0,1.0
4,370,25000,0.2930770218372345,0.38367369771003723,3.652844782209286e-08,1.0,3.652844782209286e-08,0.000203859104658477,0.0014018749352544546,0.00532844802364707,0.016527805477380753,0.04801821708679199,0.14951838552951813,0.5,0.5368645191192627,1.0,1.0
4,380,25000,0.29314571619033813,0.3837401270866394,3.4473327303885526e-08,1.0,3.4473327303885526e-08,0.0002100868587149307,0.001421193010173738,0.005390796344727278,0.016801482066512108,0.04789988696575165,0.14900177717208862,0.5,0.5399999618530273,1.0,1.0
4,390,25000,0.29302310943603516,0.3837847411632538,3.277171245485988e-08,1.0,3.277171245485988e-08,0.00020088546443730593,0.0014229334192350507,0.005399146117269993,0.01643304154276848,0.04743197560310364,0.14792312681674957,0.5,0.5399999618530273,1.0,1.0
4,400,25000,0.29301658272743225,0.38367676734924316,3.756344923999677e-08,1.0,3.756344923999677e-08,0.00020267466607037932,0.0013818158768117428,0.0053641716949641705,0.016595210880041122,0.04759339243173599,0.149416983127594,0.5,0.5399999618530273,1.0,1.0
4,410,25000,0.29305097460746765,0.38370391726493835,2.727043479922031e-08,1.0,2.727043479922031e-08,0.00020339437469374388,0.0013804835034534335,0.005346931051462889,0.016579492017626762,0.047127895057201385,0.14721432328224182,0.5,0.5372182726860046,1.0,1.0
4,420,25000,0.2929147779941559,0.3836967349052429,2.8930625006751143e-08,1.0,2.8930625006751143e-08,0.00020144274458289146,0.0013847959926351905,0.005401567090302706,0.01683541014790535,0.04750920087099075,0.14766135811805725,0.5,0.5382353067398071,1.0,1.0
4,430,25000,0.2929127514362335,0.383737176656723,5.5669470810926214e-08,1.0,5.5669470810926214e-08,0.00020079284149687737,0.0013945776736363769,0.005386513192206621,0.016545794904232025,0.04761229455471039,0.14683488011360168,0.5,0.5347046852111816,1.0,1.0
4,440,25000,0.293075829744339,0.38372960686683655,3.273265036796147e-08,1.0,3.273265036796147e-08,0.0001983554830076173,0.0013839234597980976,0.005354918539524078,0.016659632325172424,0.047547027468681335,0.14765073359012604,0.5,0.539939284324646,1.0,1.0
4,450,25000,0.2930724024772644,0.3837333917617798,4.464222058686573e-08,1.0,4.464222058686573e-08,0.0002055771619779989,0.0013995596673339605,0.005378317553550005,0.016543131321668625,0.046765681356191635,0.14893494546413422,0.5,0.5399999618530273,1.0,1.0
4,460,25000,0.29300743341445923,0.3837304711341858,3.606001897082933e-08,1.0,3.606001897082933e-08,0.0002036427758866921,0.0013963188976049423,0.005370782688260078,0.016440480947494507,0.04774952679872513,0.14852562546730042,0.5,0.5399999618530273,1.0,1.0
4,470,25000,0.29291221499443054,0.38374653458595276,3.902476208850203e-08,1.0,3.902476208850203e-08,0.00020167518232483417,0.0013921470381319523,0.005341376177966595,0.016575666144490242,0.047950178384780884,0.1482275128364563,0.5,0.5314297080039978,1.0,1.0
4,480,25000,0.29309773445129395,0.3837287724018097,2.650850738916688e-08,1.0,2.650850738916688e-08,0.00019798373978119344,0.0014052139595150948,0.005454906728118658,0.016682788729667664,0.04748762026429176,0.14946600794792175,0.5,0.5399999618530273,1.0,1.0
4,490,25000,0.2930322289466858,0.38371825218200684,3.541946824725528e-08,1.0,3.541946824725528e-08,0.00020267759100534022,0.0013727074256166816,0.005387496203184128,0.01663929596543312,0.04766985774040222,0.14828623831272125,0.5,0.537823498249054,1.0,1.0
4,500,25000,0.29291754961013794,0.38378390669822693,4.3618936018674503e-08,1.0,4.3618936018674503e-08,0.00020074016356375068,0.0013763559982180595,0.005372936371713877,0.01663479395210743,0.04777074605226517,0.14735835790634155,0.5,0.5386175513267517,1.0,1.0
4,510,25000,0.2929763197898865,0.38373157382011414,3.170107021333024e-08,1.0,3.170107021333024e-08,0.00020183579181320965,0.001390427234582603,0.005413954611867666,0.01656421646475792,0.04756264388561249,0.14743703603744507,0.5,0.5399999618530273,1.0,1.0
4,520,25000,0.2929571866989136,0.3837447464466095,4.897573546713829e-08,1.0,4.897573546713829e-08,0.0002009675808949396,0.0013939500786364079,0.00535598024725914,0.016669519245624542,0.04787135124206543,0.14922156929969788,0.5,0.5388781428337097,1.0,1.0
4,530,25000,0.2930590510368347,0.38369643688201904,4.024982658279441e-08,1.0,4.024982658279441e-08,0.00019756743859034032,0.0013981462689116597,0.005393784958869219,0.016658715903759003,0.04795517772436142,0.14754034578800201,0.5,0.5385198593139648,1.0,1.0
4,540,25000,0.2929399609565735,0.3837265074253082,3.72197952458464e-08,1.0,3.72197952458464e-08,0.0002007744333241135,0.0013846415095031261,0.005341610871255398,0.01669488474726677,0.047629185020923615,0.14764216542243958,0.5,0.5352602601051331,1.0,1.0
4,550,25000,0.2930085361003876,0.38373416662216187,3.2564962282322085e-08,1.0,3.2564962282322085e-08,0.00019955940661020577,0.0013808200601488352,0.005341213662177324,0.016755376011133194,0.0470815971493721,0.14839981496334076,0.5,0.5399999618530273,1.0,1.0
4,560,25000,0.2929392158985138,0.3837490379810333,4.087609184466601e-08,1.0,4.087609184466601e-08,0.0002065487642539665,0.0014122654683887959,0.005379177629947662,0.016683192923665047,0.047442372888326645,0.14650852978229523,0.5,0.539429247379303,1.0,1.0
4,570,25000,0.29306089878082275,0.3837270438671112,3.237624923713156e-08,1.0,3.237624923713156e-08,0.0002037478261627257,0.0014098366955295205,0.005369198974221945,0.016829943284392357,0.048070840537548065,0.148538276553154,0.5,0.5399999618530273,1.0,1.0
4,580,25000,0.2930043339729309,0.3837538957595825,4.2136864664144014e-08,1.0,4.2136864664144014e-08,0.00020541733829304576,0.0013881920604035258,0.005395739804953337,0.016577139496803284,0.0478375107049942,0.14730499684810638,0.5,0.5399999618530273,1.0,1.0
4,590,25000,0.2928788959980011,0.3837421238422394,3.9397846762767585e-08,1.0,3.9397846762767585e-08,0.0002016304642893374,0.0013868468813598156,0.005391051061451435,0.016534818336367607,0.047294698655605316,0.14780153334140778,0.5,0.5347447395324707,1.0,1.0
4,600,25000,0.2930144667625427,0.3837309777736664,4.119404195535026e-08,1.0,4.119404195535026e-08,0.00020677773864008486,0.001395877916365862,0.005416245199739933,0.016652578487992287,0.0474601686000824,0.1477224975824356,0.5,0.5399999618530273,1.0,1.0
4,610,25000,0.2930436432361603,0.38370946049690247,3.6222083110715175e-08,1.0,3.6222083110715175e-08,0.00020014107576571405,0.0013884741347283125,0.0053487359546124935,0.016611047089099884,0.04807938635349274,0.1475171446800232,0.5,0.5323455333709717,1.0,1.0
4,620,25000,0.29311978816986084,0.3837476074695587,3.122286074130898e-08,1.0,3.122286074130898e-08,0.0002054493234027177,0.001396656851284206,0.005506597459316254,0.01662520319223404,0.04780251532793045,0.1476331204175949,0.5,0.5399999618530273,1.0,1.0
4,630,25000,0.29308807849884033,0.38379883766174316,3.3980899871721704e-08,1.0,3.3980899871721704e-08,0.000200044407392852,0.0014009556034579873,0.00538659980520606,0.016520077362656593,0.04777808487415314,0.14838901162147522,0.5,0.5399999618530273,1.0,1.0
4,640,25000,0.2929236590862274,0.3837897479534149,3.815836180365295e-08,1.0,3.815836180365295e-08,0.0002000852400669828,0.001394134946167469,0.005325083155184984,0.016799651086330414,0.047443993389606476,0.14800246059894562,0.5,0.5374675989151001,1.0,1.0
4,650,25000,0.2928968667984009,0.3837578594684601,3.4797832171307164e-08,1.0,3.4797832171307164e-08,0.00020017712085973471,0.0014039268717169762,0.005372237879782915,0.01654520072042942,0.047023192048072815,0.14917947351932526,0.5,0.5399999618530273,1.0,1.0
4,660,25000,0.293074369430542,0.3837515115737915,4.2281698142687674e-08,1.0,4.2281698142687674e-08,0.00020661858434323221,0.001401417306624353,0.005316806025803089,0.016490017995238304,0.04793813079595566,0.1497911959886551,0.5,0.5399999618530273,1.0,1.0
4,670,25000,0.29301849007606506,0.3837261497974396,4.628619265645284e-08,1.0,4.628619265645284e-08,0.000203365198103711,0.0014124464942142367,0.005405596923083067,0.01660759560763836,0.0475994274020195,0.1493939608335495,0.5,0.5398744344711304,1.0,1.0
4,680,25000,0.29291602969169617,0.3837783932685852,3.576576546038268e-08,1.0,3.576576546038268e-08,0.000200659895199351,0.0013871935661882162,0.00541964266449213,0.016681771725416183,0.04739625006914139,0.1469017118215561,0.5,0.5361044406890869,1.0,1.0
4,690,25000,0.2930569648742676,0.3837462067604065,3.713454788112358e-08,1.0,3.713454788112358e-08,0.00020289921667426825,0.0013995291665196419,0.0054141017608344555,0.016550347208976746,0.04814418405294418,0.14825411140918732,0.5,0.5362393856048584,1.0,1.0
4,700,25000,0.2929273545742035,0.38384976983070374,3.826777827953265e-08,1.0,3.826777827953265e-08,0.0002059250691672787,0.0014007423305884004,0.005337950773537159,0.01647111587226391,0.04783174395561218,0.14664028584957123,0.5,0.5341817140579224,1.0,1.0
4,710,25000,0.2929365634918213,0.383778840303421,3.714273333343954e-08,1.0,3.714273333343954e-08,0.00020361534552648664,0.00141207838896662,0.005375496111810207,0.016606755554676056,0.047458767890930176,0.14820897579193115,0.5,0.5339630246162415,1.0,1.0
4,720,25000,0.29309970140457153,0.383742094039917,3.2131442395666454e-08,1.0,3.2131442395666454e-08,0.00020749005489051342,0.0013979895738884807,0.005359109025448561,0.016559723764657974,0.047401346266269684,0.14784885942935944,0.5,0.5383325815200806,1.0,1.0
4,730,25000,0.2930166721343994,0.3838059604167938,4.7808057956899574e-08,1.0,4.7808057956899574e-08,0.00019877176964655519,0.0014084642753005028,0.005406584590673447,0.01639159955084324,0.04787159338593483,0.14926791191101074,0.5,0.5395462512969971,1.0,1.0
4,740,25000,0.2930747866630554,0.3837842643260956,3.8930650703150604e-08,1.0,3.8930650703150604e-08,0.00020345710800029337,0.00138846633490175,0.005384244956076145,0.01663818210363388,0.047622404992580414,0.1471652239561081,0.5,0.5347642302513123,1.0,1.0
4,750,25000,0.2930392324924469,0.3837210237979889,3.4540057924914436e-08,1.0,3.4540057924914436e-08,0.00020204098836984485,0.0013835603604093194,0.005323631223291159,0.01652379520237446,0.04763999208807945,0.1479935497045517,0.5,0.5391958951950073,1.0,1.0
4,760,25000,0.29288849234580994,0.383760005235672,3.7166586253079004e-08,1.0,3.7166586253079004e-08,0.0002026703441515565,0.0013785030459985137,0.005406515207141638,0.01663517951965332,0.04738019406795502,0.1451949179172516,0.5,0.5399999618530273,1.0,1.0
4,770,25000,0.29297566413879395,0.3837636411190033,3.403223658438037e-08,1.0,3.403223658438037e-08,0.00020469292940106243,0.0013842683983966708,0.005343807861208916,0.01636580191552639,0.04771919548511505,0.1481165587902069,0.5,0.5399999618530273,1.0,1.0
4,780,25000,0.2929728627204895,0.3837450444698334,3.446478302748801e-08,1.0,3.446478302748801e-08,0.00020070951723027974,0.0013814236735925078,0.005375090520828962,0.01647239550948143,0.04763234779238701,0.14712989330291748,0.5,0.5368707180023193,1.0,1.0
4,790,25000,0.2930769920349121,0.383775532245636,3.850911411973357e-08,1.0,3.850911411973357e-08,0.0002049269969575107,0.0013904067454859614,0.00537974713370204,0.01666800118982792,0.04731574282050133,0.14710509777069092,0.5,0.5399647355079651,1.0,1.0
4,800,25000,0.2930065393447876,0.38375601172447205,4.9356589926219385e-08,1.0,4.9356589926219385e-08,0.00020292062254156917,0.0013745679752901196,0.005376105662435293,0.016903644427657127,0.04761691391468048,0.14754724502563477,0.5,0.5395340323448181,1.0,1.0
4,810,25000,0.2930031716823578,0.3837224245071411,4.3455319342911025e-08,1.0,4.3455319342911025e-08,0.000202328126761131,0.0014035841450095177,0.005340592470020056,0.016494276002049446,0.04778426140546799,0.1486288160085678,0.5,0.5399999618530273,1.0,1.0
4,820,25000,0.29298824071884155,0.38373109698295593,4.212599691300056e-08,1.0,4.212599691300056e-08,0.00020506905275397003,0.0014196294359862804,0.005376213695853949,0.016755057498812675,0.04807945340871811,0.14791272580623627,0.5,0.5399999618530273,1.0,1.0
4,830,25000,0.2929925322532654,0.38372179865837097,3.228775824482e-08,1.0,3.228775824482e-08,0.00020346888049971312,0.0013983878307044506,0.005332659464329481,0.016634779050946236,0.04717437922954559,0.14790353178977966,0.5,0.53752201795578,1.0,1.0
4,840,25000,0.2929235100746155,0.38376039266586304,4.235806372321349e-08,1.0,4.235806372321349e-08,0.00020067498553544283,0.001375500694848597,0.005337496288120747,0.016451014205813408,0.04754961282014847,0.1480516642332077,0.5,0.5397650003433228,1.0,1.0
4,850,25000,0.29302477836608887,0.38373783230781555,3.8450565398306935e-08,1.0,3.8450565398306935e-08,0.00020713009871542454,0.0014159707352519035,0.005399259272962809,0.016673976555466652,0.047951601445674896,0.14822246134281158,0.5,0.536235511302948,1.0,1.0
4,860,25000,0.29296112060546875,0.3837069869041443,4.019406318889196e-08,1.0,4.019406318889196e-08,0.00019666693697217852,0.0013748410856351256,0.005337028298527002,0.01657053455710411,0.04748248681426048,0.148001030087471,0.5,0.5382463932037354,1.0,1.0
4,870,25000,0.2930382192134857,0.38376787304878235,3.5948794163687126e-08,1.0,3.5948794163687126e-08,0.00020511762704700232,0.001378005021251738,0.005346403457224369,0.016411207616329193,0.04782555252313614,0.14649598300457,0.5,0.5399999618530273,1.0,1.0
4,880,25000,0.29302605986595154,0.3838101029396057,3.2364422253294833e-08,1.0,3.2364422253294833e-08,0.00020317285088822246,0.001410221797414124,0.00533255422487855,0.01652294024825096,0.047821566462516785,0.14939658343791962,0.5,0.5399999618530273,1.0,1.0
4,890,25000,0.2930283844470978,0.3837536871433258,4.699086630921556e-08,1.0,4.699086630921556e-08,0.0002054625074379146,0.001402624766342342,0.005382150877267122,0.01653575897216797,0.04740673676133156,0.14766520261764526,0.5,0.5389431118965149,1.0,1.0
4,900,25000,0.2929603159427643,0.3837464451789856,3.4210618338192944e-08,1.0,3.4210618338192944e-08,0.00020235305419191718,0.001413140562362969,0.0053612226620316505,0.01655443198978901,0.04732494056224823,0.1483374536037445,0.5,0.5387226939201355,1.0,1.0
4,910,25000,0.29303112626075745,0.3837323784828186,3.779959456551296e-08,1.0,3.779959456551296e-08,0.00020275692804716527,0.0013925236416980624,0.0053742011077702045,0.016641812399029732,0.04759766533970833,0.14773033559322357,0.5,0.5399999618530273,1.0,1.0
4,920,25000,0.292997807264328,0.3837094306945801,3.6942164882702855e-08,1.0,3.6942164882702855e-08,0.00019948984845541418,0.0013903459766879678,0.0053589181043207645,0.016668232157826424,0.048052169382572174,0.1493217796087265,0.5,0.5374361276626587,1.0,1.0
4,930,25000,0.2929721176624298,0.38370707631111145,4.0595018901967705e-08,1.0,4.0595018901967705e-08,0.0002014811325352639,0.001397780841216445,0.005424599163234234,0.016781646758317947,0.04771452397108078,0.1475975513458252,0.5,0.5378360748291016,1.0,1.0
4,940,25000,0.2930465042591095,0.3837539553642273,4.244373030815041e-08,1.0,4.244373030815041e-08,0.00020250616944395006,0.0013878108002245426,0.005317595321685076,0.016682805493474007,0.04787885397672653,0.14732930064201355,0.5,0.5399999618530273,1.0,1.0
4,950,25000,0.2929917871952057,0.3837783932685852,3.775803847361203e-08,1.0,3.775803847361203e-08,0.0001942647941177711,0.0013754622777923942,0.0052778893150389194,0.016608290374279022,0.047606661915779114,0.1489732712507248,0.5,0.5379306674003601,1.0,1.0
4,960,25000,0.29304906725883484,0.38376015424728394,3.5197583514445796e-08,1.0,3.5197583514445796e-08,0.00020042799587827176,0.0013872735435143113,0.005412705708295107,0.016453104093670845,0.04817807301878929,0.1490754932165146,0.5,0.5399999618530273,1.0,1.0
4,970,25000,0.29292032122612,0.38374465703964233,4.11535800992624e-08,1.0,4.11535800992624e-08,0.00020096238586120307,0.0013780472800135612,0.005386965814977884,0.016687985509634018,0.047037556767463684,0.14798030257225037,0.5,0.5351065397262573,1.0,1.0
4,980,25000,0.29301872849464417,0.3837416470050812,3.47871171868519e-08,1.0,3.47871171868519e-08,0.00020678139117080718,0.0013854072894901037,0.005334777291864157,0.016503211110830307,0.04741547629237175,0.14864692091941833,0.5,0.5332066416740417,1.0,1.0
4,990,25000,0.2930128276348114,0.383731871843338,4.36136069481563e-08,1.0,4.36136069481563e-08,0.00020687443611677736,0.0014111963100731373,0.005356200039386749,0.01680861786007881,0.04789622500538826,0.1474912315607071,0.5,0.537276566028595,1.0,1.0
4,1000,25000,0.292896032333374,0.3836907148361206,3.477405741136863e-08,1.0,3.477405741136863e-08,0.00020622786541935056,0.0013884992804378271,0.005301394034177065,0.016546951606869698,0.04798484221100807,0.14807920157909393,0.5,0.5315722823143005,1.0,1.0
4,1010,25000,0.2930336594581604,0.3836832642555237,4.076740722780414e-08,1.0,4.076740722780414e-08,0.00020211712399031967,0.0013789267977699637,0.005374794360250235,0.016653165221214294,0.04737145081162453,0.1484442949295044,0.5,0.5399999618530273,1.0,1.0
4,1020,25000,0.2928805351257324,0.38369274139404297,4.152853705363668e-08,1.0,4.152853705363668e-08,0.00020560207485686988,0.0013819829327985644,0.00534902885556221,0.016540396958589554,0.04767165333032608,0.14890089631080627,0.5,0.5309827923774719,1.0,1.0
4,1030,25000,0.2930375039577484,0.38369888067245483,4.6094310590660825e-08,1.0,4.6094310590660825e-08,0.00020563956059049815,0.001379073946736753,0.0054034339264035225,0.016643626615405083,0.04756300896406174,0.14835692942142487,0.5,0.5397942662239075,1.0,1.0
4,1040,25000,0.2930797040462494,0.3837493360042572,4.558451038860767e-08,1.0,4.558451038860767e-08,0.0001974799670279026,0.0013840110041201115,0.005358218681067228,0.016708988696336746,0.047515347599983215,0.14893560111522675,0.5,0.5399999618530273,1.0,1.0
4,1050,25000,0.2930946946144104,0.38378405570983887,4.6190478997232276e-08,1.0,4.6190478997232276e-08,0.00020606708130799234,0.0014027500292286277,0.005278452765196562,0.016802456229925156,0.047743432223796844,0.14788487553596497,0.5,0.5399999618530273,1.0,1.0
4,1060,25000,0.2930132746696472,0.3837284445762634,3.09767926864879e-08,1.0,3.09767926864879e-08,0.00020477615180425346,0.0013994385953992605,0.005350071936845779,0.0166849996894598,0.04779672622680664,0.14764556288719177,0.5,0.5399999618530273,1.0,1.0
4,1070,25000,0.29290157556533813,0.38371556997299194,2.685460032125775e-08,1.0,2.685460032125775e-08,0.00019890496332664043,0.0013782359892502427,0.005307463929057121,0.016523389145731926,0.04718944430351257,0.1484505981206894,0.5,0.5331782102584839,1.0,1.0
4,1080,25000,0.29297491908073425,0.38367995619773865,3.556373329161033e-08,1.0,3.556373329161033e-08,0.00019948843691963702,0.0013713643420487642,0.005350226070731878,0.016704382374882698,0.04808609187602997,0.14951330423355103,0.5,0.5354177951812744,1.0,1.0
4,1090,25000,0.2930731475353241,0.38373830914497375,3.746734833498522e-08,1.0,3.746734833498522e-08,0.0002048596361419186,0.0014016821514815092,0.005428123287856579,0.016419216990470886,0.0478198416531086,0.1495904177427292,0.5,0.5399999618530273,1.0,1.0
4,1100,25000,0.2930762469768524,0.3837658166885376,3.122813296840832e-08,1.0,3.122813296840832e-08,0.0002001911198021844,0.0013804463669657707,0.00536851491779089,0.01643991842865944,0.04751863330602646,0.1485549807548523,0.5,0.5380162596702576,1.0,1.0
4,1110,25000,0.29301905632019043,0.3838177025318146,4.152561672299271e-08,1.0,4.152561672299271e-08,0.00020384510571602732,0.001398379448801279,0.005296183284372091,0.016683371737599373,0.047703832387924194,0.1475028097629547,0.5,0.5351114273071289,1.0,1.0
4,1120,25000,0.29296740889549255,0.38372308015823364,4.5689493077816223e-08,1.0,4.5689493077816223e-08,0.00020429612777661532,0.0014051382895559072,0.005316406022757292,0.01678699441254139,0.04753708466887474,0.14858859777450562,0.5,0.5299999713897705,1.0,1.0
4,1130,25000,0.29313918948173523,0.38372889161109924,3.6591050189827e-08,1.0,3.6591050189827e-08,0.00019960859208367765,0.001380925765261054,0.005384522955864668,0.016629571095108986,0.04769083112478256,0.14797261357307434,0.5,0.5355123281478882,1.0,1.0
4,1140,25000,0.29310157895088196,0.383812814950943,3.8231068089089604e-08,1.0,3.8231068089089604e-08,0.000204684809432365,0.0013986866688355803,0.005375352688133717,0.016651151701807976,0.047404006123542786,0.14686542749404907,0.5,0.5392069220542908,1.0,1.0
4,1150,25000,0.2930297553539276,0.3837366998195648,3.9857614098082195e-08,1.0,3.9857614098082195e-08,0.00020259595476090908,0.00138894806150347,0.005452877376228571,0.016690079122781754,0.04710220545530319,0.14821943640708923,0.5,0.537622332572937,1.0,1.0
4,1160,25000,0.2930985391139984,0.38371673226356506,3.628598221894208e-08,1.0,3.628598221894208e-08,0.00019934105512220412,0.0013856968143954873,0.005347826983779669,0.016594383865594864,0.04727363586425781,0.14914299547672272,0.5,0.5387782454490662,1.0,1.0
4,1170,25000,0.29306232929229736,0.38381683826446533,4.163208089380532e-08,1.0,4.163208089380532e-08,0.00020255288109183311,0.001385522074997425,0.005449960008263588,0.016652250662446022,0.04771333187818527,0.1480071097612381,0.5,0.5346353650093079,1.0,1.0
4,1180,25000,0.2929922640323639,0.3836829662322998,4.3048363096431785e-08,1.0,4.3048363096431785e-08,0.00020307910745032132,0.0013951308792456985,0.005387150216847658,0.01661663129925728,0.047898903489112854,0.14780782163143158,0.5,0.5347409248352051,1.0,1.0
4,1190,25000,0.2931084632873535,0.3836723864078522,3.667834391762881e-08,1.0,3.667834391762881e-08,0.0002065792796202004,0.0013855246361345053,0.005348034668713808,0.016836462542414665,0.04773107171058655,0.14849311113357544,0.5,0.5391190052032471,1.0,1.0
4,1200,25000,0.293005108833313,0.3837222158908844,4.140494169746489e-08,1.0,4.140494169746489e-08,0.0001984955306397751,0.0014038282679393888,0.005348350387066603,0.016669752076268196,0.048019252717494965,0.14654622972011566,0.5,0.5371286869049072,1.0,1.0
4,1210,25000,0.29296764731407166,0.383733332157135,3.732440490011868e-08,1.0,3.732440490011868e-08,0.00019951080321334302,0.0013987378915771842,0.00530571723356843,0.016658393666148186,0.047846123576164246,0.14732281863689423,0.5,0.5389941930770874,1.0,1.0
4,1220,25000,0.29297924041748047,0.3837270438671112,4.0902811804244266e-08,1.0,4.0902811804244266e-08,0.00020480527018662542,0.0014134426601231098,0.005336096044629812,0.016677161678671837,0.046724237501621246,0.1473383754491806,0.5,0.537739634513855,1.0,1.0
4,1230,25000,0.29310843348503113,0.3836955428123474,3.555714300773616e-08,1.0,3.555714300773616e-08,0.0002051866613328457,0.0013930656714364886,0.005419479683041573,0.016634216532111168,0.04798346012830734,0.1486797332763672,0.5,0.5399999618530273,1.0,1.0
4,1240,25000,0.29298800230026245,0.3837401270866394,4.013944376879408e-08,1.0,4.013944376879408e-08,0.00020128616597503424,0.00140048295725137,0.005337462294846773,0.016634300351142883,0.04745788127183914,0.14727622270584106,0.5,0.5399999618530273,1.0,1.0
4,1250,25000,0.29314368963241577,0.3837050795555115,3.388650782198965e-08,1.0,3.388650782198965e-08,0.0002027272857958451,0.0013764470349997282,0.005342408549040556,0.01653761975467205,0.04770643264055252,0.14920535683631897,0.5,0.5385097861289978,1.0,1.0
4,1260,25000,0.2929878234863281,0.3837756812572479,3.723018338064321e-08,1.0,3.723018338064321e-08,0.00020001678785774857,0.0013744852039963007,0.005431279074400663,0.0165737122297287,0.04747745767235756,0.14843519032001495,0.5,0.5344883799552917,1.0,1.0
4,1270,25000,0.29311254620552063,0.383714497089386,2.9097449782966578e-08,1.0,2.9097449782966578e-08,0.00020561853307299316,0.0013904396910220385,0.005296476185321808,0.016484178602695465,0.047802165150642395,0.1487470120191574,0.5,0.5380634069442749,1.0,1.0
4,1280,25000,0.29302310943603516,0.3837217092514038,4.309141132807781e-08,1.0,4.309141132807781e-08,0.00019990741566289216,0.0014022322138771415,0.005350063554942608,0.016522595658898354,0.04765648394823074,0.14774414896965027,0.5,0.5361669659614563,1.0,1.0
4,1290,25000,0.29304832220077515,0.3837515413761139,4.0617170071755027e-08,1.0,4.0617170071755027e-08,0.0001994376943912357,0.001404109876602888,0.005326445214450359,0.01674789935350418,0.04724540933966637,0.14698392152786255,0.5,0.5399999618530273,1.0,1.0
4,1300,25000,0.29304274916648865,0.38373684883117676,3.1078506879111956e-08,1.0,3.1078506879111956e-08,0.00020374500309117138,0.001379495719447732,0.005411559250205755,0.016463669016957283,0.04862065985798836,0.14771811664104462,0.5,0.5393648147583008,1.0,1.0
4,1310,25000,0.2930026352405548,0.38370805978775024,4.0994425631879494e-08,1.0,4.0994425631879494e-08,0.00020577112445607781,0.0014228427316993475,0.005378401838243008,0.016539953649044037,0.04752115532755852,0.14798597991466522,0.5,0.5376943945884705,1.0,1.0
4,1320,25000,0.29298123717308044,0.38369661569595337,4.456965996268991e-08,1.0,4.456965996268991e-08,0.00020531412155833095,0.0014020929811522365,0.005342987831681967,0.01661718264222145,0.04747311770915985,0.14941170811653137,0.5,0.537958562374115,1.0,1.0
4,1330,25000,0.2928345203399658,0.38373011350631714,4.1904506531409424e-08,1.0,4.1904506531409424e-08,0.00020032437168993056,0.0013958535855636,0.00534214498475194,0.016712674871087074,0.047503624111413956,0.1476433277130127,0.5,0.5385200381278992,1.0,1.0
4,1340,25000,0.2929946184158325,0.38368022441864014,5.8813274250724135e-08,1.0,5.8813274250724135e-08,0.00020035066700074822,0.0013693433720618486,0.005291997920721769,0.016831297427415848,0.0476389080286026,0.14868739247322083,0.5,0.5352340340614319,1.0,1.0
4,1350,25000,0.29291844367980957,0.38374537229537964,3.7595246027422036e-08,1.0,3.7595246027422036e-08,0.00020514725474640727,0.0013884304789826274,0.005415231920778751,0.016403794288635254,0.04723352938890457,0.14719347655773163,0.5,0.5322669148445129,1.0,1.0
4,1360,25000,0.29297956824302673,0.3837029039859772,3.9394443263063295e-08,1.0,3.9394443263063295e-08,0.00020025648700539023,0.0013926930259913206,0.005333352368324995,0.016869457438588142,0.04737422987818718,0.1480700671672821,0.5,0.5355544090270996,1.0,1.0
4,1370,25000,0.29295462369918823,0.3837669789791107,3.345402888044191e-08,1.0,3.345402888044191e-08,0.00020357385801617056,0.0013833479024469852,0.005364857614040375,0.016536181792616844,0.047822289168834686,0.1474739909172058,0.5,0.5399999618530273,1.0,1.0
4,1380,25000,0.29303085803985596,0.3837200701236725,2.998208969984262e-08,1.0,2.998208969984262e-08,0.00020522114937193692,0.0014079248066991568,0.005422323942184448,0.016701648011803627,0.0467018187046051,0.14813324809074402,0.5,0.5376232266426086,1.0,1.0
4,1390,25000,0.29310107231140137,0.38365429639816284,2.794248032955693e-08,1.0,2.794248032955693e-08,0.00020277690782677382,0.0013899421319365501,0.005337959621101618,0.01637139357626438,0.04749713093042374,0.14929145574569702,0.5,0.5331579446792603,1.0,1.0
4,1400,25000,0.29295048117637634,0.3836948275566101,3.588060337733623e-08,1.0,3.588060337733623e-08,0.00019883881032001227,0.0014032158069312572,0.005359177011996508,0.01664779894053936,0.047521017491817474,0.14880947768688202,0.5,0.5312168598175049,1.0,1.0
4,1410,25000,0.29307714104652405,0.383713960647583,4.461664460109205e-08,1.0,4.461664460109205e-08,0.00020056207722518593,0.001406664727255702,0.005283739883452654,0.016727084293961525,0.04806070029735565,0.14648574590682983,0.5,0.5399999618530273,1.0,1.0
4,1420,25000,0.29299139976501465,0.38368290662765503,3.9065120915893203e-08,1.0,3.9065120915893203e-08,0.00020783796207979321,0.00140020449180156,0.005383742973208427,0.01670207269489765,0.04762967675924301,0.14759249985218048,0.5,0.5352375507354736,1.0,1.0
4,1430,25000,0.293109267950058,0.383738249540329,3.7928927554276015e-08,1.0,3.7928927554276015e-08,0.00020410628349054605,0.0013866934459656477,0.005344821605831385,0.016786307096481323,0.04753166437149048,0.1481698751449585,0.5,0.5399999618530273,1.0,1.0
4,1440,25000,0.2929477393627167,0.3837551176548004,2.8187704614879294e-08,1.0,2.8187704614879294e-08,0.00020413084712345153,0.0013953371671959758,0.005293162539601326,0.016534017398953438,0.04701834172010422,0.1479969024658203,0.5,0.5378270149230957,1.0,1.0
4,1450,25000,0.29300281405448914,0.38375696539878845,3.2769598590220994e-08,1.0,3.2769598590220994e-08,0.00020084688731003553,0.0013885961379855871,0.005413881968706846,0.01666124351322651,0.04737365245819092,0.1466669887304306,0.5,0.5354357361793518,1.0,1.0
4,1460,25000,0.2930559515953064,0.3837805390357971,3.3647037156470105e-08,1.0,3.3647037156470105e-08,0.0002034994395216927,0.0013899586629122496,0.005402205046266317,0.016510676592588425,0.04773080348968506,0.14829114079475403,0.5,0.5365250706672668,1.0,1.0
4,1470,25000,0.2930605411529541,0.38371342420578003,4.426439659255266e-08,1.0,4.426439659255266e-08,0.00020294742716941983,0.0013899634359404445,0.005340142175555229,0.016594132408499718,0.047800518572330475,0.14989283680915833,0.5,0.5399999618530273,1.0,1.0
4,1480,25000,0.2929937541484833,0.38375088572502136,3.355055255838124e-08,1.0,3.355055255838124e-08,0.00020065592252649367,0.0013887349050492048,0.005401236470788717,0.016776809468865395,0.04760672152042389,0.1487809419631958,0.5,0.5395742654800415,1.0,1.0
4,1490,25000,0.29298684000968933,0.38367995619773865,3.413401472585065e-08,1.0,3.413401472585065e-08,0.00020395888714119792,0.0013864444335922599,0.005342729855328798,0.01663398928940296,0.047685764729976654,0.1478809118270874,0.5,0.5399784445762634,1.0,1.0
4,1500,25000,0.2929757237434387,0.3837549388408661,3.20924549157553e-08,1.0,3.20924549157553e-08,0.00020382172078825533,0.0013808351941406727,0.005396205000579357,0.016736047342419624,0.047387368977069855,0.14812399446964264,0.5,0.5399999618530273,1.0,1.0
4,1510,25000,0.29305964708328247,0.3836875855922699,5.048219264836007e-08,1.0,5.048219264836007e-08,0.00020304112695157528,0.0013714451342821121,0.005339710973203182,0.016530292108654976,0.04782072454690933,0.1475071907043457,0.5,0.5399999618530273,1.0,1.0
4,1520,25000,0.29300352931022644,0.3836919665336609,3.702366768720822e-08,1.0,3.702366768720822e-08,0.00020338143804110587,0.0013780203880742192,0.005321664735674858,0.016782600432634354,0.048053305596113205,0.14929382503032684,0.5,0.5381272435188293,1.0,1.0
4,1530,25000,0.2929576635360718,0.38374587893486023,4.19997654432791e-08,1.0,4.19997654432791e-08,0.00020021400996483862,0.0013849259121343493,0.005388814955949783,0.01674666441977024,0.04759449511766434,0.14699138700962067,0.5,0.5399999618530273,1.0,1.0
4,1540,25000,0.292991578578949,0.3837127089500427,4.100385808669671e-08,1.0,4.100385808669671e-08,0.0002072382194455713,0.0013866137014701962,0.005368425510823727,0.016564415767788887,0.04719056189060211,0.14913736283779144,0.5,0.536588728427887,1.0,1.0
4,1550,25000,0.2930144667625427,0.3836868703365326,3.4071852894612675e-08,1.0,3.4071852894612675e-08,0.00020825033425353467,0.0013982875971123576,0.005355266388505697,0.016702067106962204,0.04772301763296127,0.14891885221004486,0.5,0.5399999618530273,1.0,1.0
4,1560,25000,0.2929832935333252,0.3837273120880127,2.9469255480307766e-08,1.0,2.9469255480307766e-08,0.00020513009803835303,0.0014109067851677537,0.005361307878047228,0.01656469888985157,0.04823064059019089,0.14807793498039246,0.5,0.5349144339561462,1.0,1.0
4,1570,25000,0.2928755581378937,0.38376280665397644,2.698874013162822e-08,1.0,2.698874013162822e-08,0.0002032672637142241,0.0013888849643990397,0.005405009724199772,0.016678867861628532,0.04709433764219284,0.14653386175632477,0.5,0.536776065826416,1.0,1.0
4,1580,25000,0.2929467260837555,0.38369643688201904,3.140637616638742e-08,1.0,3.140637616638742e-08,0.0002031722542596981,0.0014181402511894703,0.005258666817098856,0.016849014908075333,0.047495171427726746,0.14676690101623535,0.5,0.5399999618530273,1.0,1.0
4,1590,25000,0.2930791676044464,0.3837207555770874,3.9607520818663033e-08,1.0,3.9607520818663033e-08,0.0002048288588412106,0.001412987825460732,0.005330570973455906,0.016655199229717255,0.0471605584025383,0.1473143845796585,0.5,0.5399999618530273,1.0,1.0
4,1600,25000,0.2931063771247864,0.38376736640930176,3.356540290155863e-08,1.0,3.356540290155863e-08,0.00020190751820337027,0.0013816703576594591,0.005411809775978327,0.016707908362150192,0.047800805419683456,0.14767985045909882,0.5,0.5382075905799866,1.0,1.0
4,1610,25000,0.2929783761501312,0.38370513916015625,4.281942622696988e-08,1.0,4.281942622696988e-08,0.00020502023107837886,0.001379182911477983,0.005397237371653318,0.0166852455586195,0.04759284481406212,0.14594481885433197,0.5,0.5399999618530273,1.0,1.0
4,1620,25000,0.2929319739341736,0.3837113678455353,3.628332123639666e-08,1.0,3.628332123639666e-08,0.00020037814101669937,0.0013620040845125914,0.005390631966292858,0.016640234738588333,0.04767947643995285,0.14791437983512878,0.5,0.5366150736808777,1.0,1.0
4,1630,25000,0.2930271327495575,0.38366442918777466,3.583209107205221e-08,1.0,3.583209107205221e-08,0.00020711713295895606,0.001407103380188346,0.005353405140340328,0.01672428660094738,0.047810688614845276,0.149509996175766,0.5,0.5372154116630554,1.0,1.0
4,1640,25000,0.2930103838443756,0.38364315032958984,3.906970036382518e-08,1.0,3.906970036382518e-08,0.00020651020167861134,0.0013758244458585978,0.005361955612897873,0.016597887501120567,0.0476607009768486,0.1498805284500122,0.5,0.5372188091278076,1.0,1.0
4,1650,25000,0.2930377721786499,0.3837045133113861,3.627633304859046e-08,1.0,3.627633304859046e-08,0.00020284706261008978,0.0014073447091504931,0.005384617485105991,0.01659098081290722,0.04801766574382782,0.14719586074352264,0.5,0.5399999618530273,1.0,1.0
4,1660,25000,0.29299360513687134,0.3836914598941803,3.633094891597466e-08,1.0,3.633094891597466e-08,0.00020046191639266908,0.0013858455931767821,0.005350298248231411,0.016750652343034744,0.047623880207538605,0.14781643450260162,0.5,0.5323764681816101,1.0,1.0
4,1670,25000,0.2931012511253357,0.38369154930114746,3.653552127502735e-08,1.0,3.653552127502735e-08,0.000205327887670137,0.0013887046370655298,0.005403070244938135,0.01645915023982525,0.047830816358327866,0.14829318225383759,0.5,0.5375365018844604,1.0,1.0
4,1680,25000,0.2929326891899109,0.3837943375110626,2.9358483644159605e-08,1.0,2.9358483644159605e-08,0.00020016725466120988,0.0014192945091053843,0.005361998453736305,0.016674187034368515,0.04682621359825134,0.14704084396362305,0.5,0.5386976599693298,1.0,1.0
4,1690,25000,0.2930848300457001,0.38375020027160645,4.9508653177099404e-08,1.0,4.9508653177099404e-08,0.00020623026648536325,0.0013879310572519898,0.005322027485817671,0.016754571348428726,0.047972630709409714,0.1476726233959198,0.5,0.5399999618530273,1.0,1.0
4,1700,25000,0.2930838167667389,0.38373997807502747,3.882708909941357e-08,1.0,3.882708909941357e-08,0.0002031774347415194,0.0014200335135683417,0.005341493524610996,0.01676311530172825,0.04798581451177597,0.14875566959381104,0.5,0.5399999618530273,1.0,1.0
4,1710,25000,0.2929074764251709,0.3837404251098633,4.00940081135559e-08,1.0,4.00940081135559e-08,0.0001999527303269133,0.0013874135911464691,0.0053579602390527725,0.016645260155200958,0.04766318202018738,0.1463373601436615,0.5,0.5399999618530273,1.0,1.0
4,1720,25000,0.2930442690849304,0.38367533683776855,3.7997345714302355e-08,1.0,3.7997345714302355e-08,0.00019885531219188124,0.001403556321747601,0.00544019415974617,0.016730353236198425,0.04727280139923096,0.148206427693367,0.5,0.5382250547409058,1.0,1.0
4,1730,25000,0.2930248975753784,0.38375359773635864,3.537993720215127e-08,1.0,3.537993720215127e-08,0.00020441673405002803,0.0014301673509180546,0.005342788528650999,0.016628215089440346,0.0473383367061615,0.14705385267734528,0.5,0.5361660718917847,1.0,1.0
4,1740,25000,0.2929898202419281,0.3837427496910095,3.571129880697299e-08,1.0,3.571129880697299e-08,0.00020457398204598576,0.0014152073999866843,0.00530049204826355,0.016772594302892685,0.04738375544548035,0.14854735136032104,0.5,0.5399999618530273,1.0,1.0
4,1750,25000,0.29294610023498535,0.38371196389198303,4.028277800216529e-08,1.0,4.028277800216529e-08,0.00020868555293418467,0.0013721931027248502,0.005321950651705265,0.016645733267068863,0.04794064164161682,0.14783936738967896,0.5,0.5371413826942444,1.0,1.0
4,1760,25000,0.2929909825325012,0.3837365210056305,4.022486876920084e-08,1.0,4.022486876920084e-08,0.00020587380276992917,0.001375476480461657,0.005430212710052729,0.016730207949876785,0.04775523766875267,0.14738729596138,0.5,0.5399999618530273,1.0,1.0
4,1770,25000,0.29306238889694214,0.38373735547065735,4.280286702851299e-08,1.0,4.280286702851299e-08,0.00019905285444110632,0.0014115645317360759,0.005408355500549078,0.016683945432305336,0.04748174548149109,0.14787831902503967,0.5,0.5399999618530273,1.0,1.0
4,1780,25000,0.29295915365219116,0.38376501202583313,6.3545272155352e-08,1.0,6.3545272155352e-08,0.00020591546490322798,0.0013921783538535237,0.005288956221193075,0.016540657728910446,0.04777488112449646,0.1476416140794754,0.5,0.537350058555603,1.0,1.0
4,1790,25000,0.29307517409324646,0.3837016820907593,3.153853000981144e-08,1.0,3.153853000981144e-08,0.0002011972392210737,0.00137799431104213,0.005364406853914261,0.016614720225334167,0.047697171568870544,0.14768020808696747,0.5,0.537139356136322,1.0,1.0
4,1800,25000,0.29302892088890076,0.3837040960788727,4.4928388120979434e-08,1.0,4.4928388120979434e-08,0.00019985715334769338,0.0013646200532093644,0.005384541116654873,0.01658889651298523,0.04818573594093323,0.1486196517944336,0.5,0.5368843078613281,1.0,1.0
4,1810,25000,0.29311639070510864,0.3837553560733795,3.801224934818492e-08,1.0,3.801224934818492e-08,0.00020049558952450752,0.0013927348190918565,0.005454783793538809,0.016591042280197144,0.04730731248855591,0.14902223646640778,0.5,0.5399999618530273,1.0,1.0
4,1820,25000,0.2930339574813843,0.3837311267852783,3.6643257317336975e-08,1.0,3.6643257317336975e-08,0.00020064532873220742,0.00139709934592247,0.005382513161748648,0.01675332337617874,0.04758360609412193,0.14762398600578308,0.5,0.5376694202423096,1.0,1.0
4,1830,25000,0.29296740889549255,0.38372039794921875,3.062180553570215e-08,1.0,3.062180553570215e-08,0.00020101673726458102,0.001409646705724299,0.005350387189537287,0.016539890319108963,0.047797348350286484,0.14663995802402496,0.5,0.5399999618530273,1.0,1.0
4,1840,25000,0.29295623302459717,0.3837563991546631,3.615307875293183e-08,1.0,3.615307875293183e-08,0.00019969354616478086,0.0013950651045888662,0.0053052837029099464,0.016516635194420815,0.04763494431972504,0.14844857156276703,0.5,0.5395374298095703,1.0,1.0
4,1850,25000,0.29306718707084656,0.3837554454803467,2.6283425214046474e-08,1.0,2.6283425214046474e-08,0.0002045341389020905,0.0013888170942664146,0.0053345500491559505,0.016597691923379898,0.04722274839878082,0.14845924079418182,0.5,0.5399999618530273,1.0,1.0
4,1860,25000,0.2929973304271698,0.3837865889072418,3.536874260134937e-08,1.0,3.536874260134937e-08,0.00020361077622510493,0.00138512731064111,0.005297455936670303,0.016597697511315346,0.04758547991514206,0.14702394604682922,0.5,0.5399999618530273,1.0,1.0
4,1870,25000,0.29294076561927795,0.38372695446014404,3.8810693325785905e-08,1.0,3.8810693325785905e-08,0.00020291250257287174,0.001395446597598493,0.005360228009521961,0.016631998121738434,0.04746229946613312,0.14853152632713318,0.5,0.5370362401008606,1.0,1.0
4,1880,25000,0.29302337765693665,0.3837321996688843,3.892758826395948e-08,1.0,3.892758826395948e-08,0.00020044385746587068,0.0014122230932116508,0.005341012962162495,0.016663864254951477,0.0475933700799942,0.14827434718608856,0.5,0.5399999618530273,1.0,1.0
4,1890,25000,0.29293549060821533,0.38375985622406006,3.7663522078901224e-08,1.0,3.7663522078901224e-08,0.00020362214127089828,0.0013937235344201326,0.005354581866413355,0.016608620062470436,0.04694131761789322,0.14819654822349548,0.5,0.5399999618530273,1.0,1.0
4,1900,25000,0.29312971234321594,0.3836759328842163,3.483256350023112e-08,1.0,3.483256350023112e-08,0.00019905930093955249,0.001399172586388886,0.0053469277918338776,0.016708383336663246,0.04749063402414322,0.14957654476165771,0.5,0.5399999618530273,1.0,1.0
4,1910,25000,0.29302552342414856,0.3837472200393677,3.528065306568351e-08,1.0,3.528065306568351e-08,0.00019879043975379318,0.0013878224417567253,0.005377122201025486,0.016413431614637375,0.047288648784160614,0.1481734961271286,0.5,0.5334515571594238,1.0,1.0
4,1920,25000,0.2930506467819214,0.38367778062820435,4.2852523307601587e-08,1.0,4.2852523307601587e-08,0.000204769559786655,0.001404923852533102,0.005392321851104498,0.016576070338487625,0.04795980453491211,0.1481371521949768,0.5,0.534434974193573,1.0,1.0
4,1930,25000,0.2929244637489319,0.38368526101112366,5.174280914843621e-08,1.0,5.174280914843621e-08,0.0002021923428401351,0.0013929338892921805,0.00537591427564621,0.01667100563645363,0.047933582216501236,0.14750592410564423,0.5,0.5339049696922302,1.0,1.0
4,1940,25000,0.2930041551589966,0.38368648290634155,4.5172409812721526e-08,1.0,4.5172409812721526e-08,0.000200880880584009,0.0013969215797260404,0.0053519392386078835,0.016663532704114914,0.04816589504480362,0.14763015508651733,0.5,0.5368852615356445,1.0,1.0
4,1950,25000,0.29301318526268005,0.3837890326976776,4.123679886447462e-08,1.0,4.123679886447462e-08,0.00020393685554154217,0.0014120584819465876,0.005413232836872339,0.016711298376321793,0.047347813844680786,0.14650949835777283,0.5,0.5399999618530273,1.0,1.0
4,1960,25000,0.29286158084869385,0.38374999165534973,3.401316917006625e-08,1.0,3.401316917006625e-08,0.00019929638074245304,0.0013877896126359701,0.005330319982022047,0.016836991533637047,0.04724331200122833,0.14766265451908112,0.5,0.5397155284881592,1.0,1.0
4,1970,25000,0.2929879128932953,0.38369685411453247,3.5980750823227936e-08,1.0,3.5980750823227936e-08,0.0002016827347688377,0.0013810505624860525,0.005353880580514669,0.01679110713303089,0.047624923288822174,0.1486586332321167,0.5,0.5325786471366882,1.0,1.0
4,1980,25000,0.2929842472076416,0.38370659947395325,3.528205283487296e-08,1.0,3.528205283487296e-08,0.00020175488316453993,0.0013940200442448258,0.005309827160090208,0.01682649739086628,0.047387100756168365,0.14749400317668915,0.5,0.5361389517784119,1.0,1.0
4,1990,25000,0.29305922985076904,0.3837478756904602,4.335224090823431e-08,1.0,4.335224090823431e-08,0.00020240976300556213,0.0013794074766337872,0.005386363714933395,0.01667119190096855,0.04777438938617706,0.14813947677612305,0.5,0.5318711996078491,1.0,1.0
4,2000,25000,0.2930697500705719,0.383752703666687,3.925395120063513e-08,1.0,3.925395120063513e-08,0.0002067814493784681,0.0013944144593551755,0.005321802105754614,0.016584472730755806,0.047597192227840424,0.14893227815628052,0.5,0.5399999618530273,1.0,1.0
4,2010,25000,0.29290062189102173,0.38374531269073486,4.423364785566264e-08,1.0,4.423364785566264e-08,0.00020156256505288184,0.0013966449769213796,0.005354885011911392,0.016789140179753304,0.047650761902332306,0.1469535231590271,0.5,0.5399184823036194,1.0,1.0
4,2020,25000,0.29306790232658386,0.38367581367492676,3.841534379489531e-08,1.0,3.841534379489531e-08,0.00020495097851380706,0.0013987193815410137,0.005357885733246803,0.01664639264345169,0.048270050436258316,0.14708679914474487,0.5,0.5329770445823669,1.0,1.0
4,2030,25000,0.29305413365364075,0.3837074935436249,3.9501539816910736e-08,1.0,3.9501539816910736e-08,0.0002005021960940212,0.0013901537749916315,0.005353561136871576,0.016803517937660217,0.048069119453430176,0.1472967565059662,0.5,0.5379869341850281,1.0,1.0
4,2040,25000,0.2930285334587097,0.383735328912735,4.4441375024462104e-08,1.0,4.4441375024462104e-08,0.00019810395315289497,0.0013804725604131818,0.005384738557040691,0.016617324203252792,0.04762154072523117,0.1494200974702835,0.5,0.538946270942688,1.0,1.0
4,2050,25000,0.29300057888031006,0.3837435841560364,4.249012874879554e-08,1.0,4.249012874879554e-08,0.0002008525625569746,0.0014088648604229093,0.005385236348956823,0.016701579093933105,0.047627758234739304,0.14848639070987701,0.5,0.5395480394363403,1.0,1.0
4,2060,25000,0.29303592443466187,0.38368159532546997,5.205066244684531e-08,1.0,5.205066244684531e-08,0.00020587739709299058,0.0014212491223588586,0.005405476316809654,0.016625866293907166,0.04811595752835274,0.14888343214988708,0.5,0.5300559401512146,1.0,1.0
4,2070,25000,0.2930704355239868,0.3837396502494812,3.581267549179756e-08,1.0,3.581267549179756e-08,0.00019953465380240232,0.0013953418238088489,0.005390005186200142,0.016604090109467506,0.04803488403558731,0.14814966917037964,0.5,0.5399999618530273,1.0,1.0
4,2080,25000,0.2930302619934082,0.38372012972831726,4.250183849308087e-08,1.0,4.250183849308087e-08,0.0002033304626820609,0.0013769717188552022,0.005364013370126486,0.01671840436756611,0.04759880155324936,0.14932166039943695,0.5,0.5399999618530273,1.0,1.0
4,2090,25000,0.2931327521800995,0.38374730944633484,3.427245331977247e-08,1.0,3.427245331977247e-08,0.00020587901235558093,0.0013883508509024978,0.005358764436095953,0.016766585409641266,0.04756490886211395,0.1487087607383728,0.5,0.5378050208091736,1.0,1.0
4,2100,25000,0.2930099070072174,0.383694052696228,3.625302369414385e-08,1.0,3.625302369414385e-08,0.0001979815715458244,0.0013779157306998968,0.005339653231203556,0.016668396070599556,0.04791877791285515,0.14865760505199432,0.5,0.5300379991531372,1.0,1.0
4,2110,25000,0.2928351163864136,0.38375237584114075,3.431367900930127e-08,1.0,3.431367900930127e-08,0.00019809181685559452,0.0013713138177990913,0.005356586072593927,0.01672193966805935,0.047636426985263824,0.14566951990127563,0.5,0.5328310132026672,1.0,1.0
4,2120,25000,0.2929861843585968,0.38369283080101013,4.323665336869453e-08,1.0,4.323665336869453e-08,0.00020170504285488278,0.0013977057533338666,0.005348932929337025,0.016759246587753296,0.04772605746984482,0.14759786427021027,0.5,0.5362820029258728,1.0,1.0
4,2130,25000,0.29294097423553467,0.3836919069290161,3.3369598639865217e-08,1.0,3.3369598639865217e-08,0.00020195827528368682,0.0014118448598310351,0.005392300896346569,0.01657930389046669,0.048058897256851196,0.1473657637834549,0.5,0.5303428173065186,1.0,1.0
4,2140,25000,0.29300764203071594,0.3837001919746399,3.537666870556677e-08,1.0,3.537666870556677e-08,0.00020545079314615577,0.001397330197505653,0.0053538670763373375,0.016534876078367233,0.04750087484717369,0.14798802137374878,0.5,0.5399999618530273,1.0,1.0
4,2150,25000,0.2929810583591461,0.3837501108646393,4.7567908723067376e-08,1.0,4.7567908723067376e-08,0.00020327040692791343,0.0013904247898608446,0.005299822427332401,0.01675785891711712,0.04750596731901169,0.14739029109477997,0.5,0.5395544171333313,1.0,1.0
4,2160,25000,0.2929971218109131,0.38368117809295654,3.079712840303728e-08,1.0,3.079712840303728e-08,0.00020219566067680717,0.0013775344705209136,0.0053518665954470634,0.016747236251831055,0.04761142283678055,0.1489803045988083,0.5,0.5399999618530273,1.0,1.0
4,2170,25000,0.29287683963775635,0.38366422057151794,3.594726294409156e-08,1.0,3.594726294409156e-08,0.00020158683764748275,0.0013893117429688573,0.005380704998970032,0.01673399843275547,0.04780135303735733,0.14746394753456116,0.5,0.5302631258964539,1.0,1.0
4,2180,25000,0.2930121123790741,0.38367360830307007,3.414269045265428e-08,1.0,3.414269045265428e-08,0.00020206662884447724,0.0013914827723056078,0.00537728238850832,0.01652262546122074,0.04776141420006752,0.14885132014751434,0.5,0.5326859354972839,1.0,1.0
4,2190,25000,0.2929931879043579,0.3837522566318512,4.4447595826113684e-08,1.0,4.4447595826113684e-08,0.0002032773627433926,0.0013871282571926713,0.005402384325861931,0.016750862821936607,0.04719863086938858,0.1492277830839157,0.5,0.5399999618530273,1.0,1.0
4,2200,25000,0.29286694526672363,0.38369160890579224,3.488201727464002e-08,1.0,3.488201727464002e-08,0.00020589878840837628,0.001391087775118649,0.00535391503944993,0.01653764583170414,0.047657061368227005,0.14783182740211487,0.5,0.5362218022346497,1.0,1.0
4,2210,25000,0.2928398549556732,0.38371115922927856,3.085289890236709e-08,1.0,3.085289890236709e-08,0.0002030351897701621,0.001389639568515122,0.005378833971917629,0.01666596718132496,0.04715344309806824,0.14831824600696564,0.5,0.5333338379859924,1.0,1.0
4,2220,25000,0.2929293215274811,0.38370180130004883,3.496452549711648e-08,1.0,3.496452549711648e-08,0.00020748596580233425,0.0013996257912367582,0.005361940711736679,0.016727611422538757,0.04789165034890175,0.147173672914505,0.5,0.5385925769805908,1.0,1.0
4,2230,25000,0.29296213388442993,0.3837524950504303,3.062506337414561e-08,1.0,3.062506337414561e-08,0.00019954029994551092,0.0013931837165728211,0.005299888551235199,0.01662621460855007,0.04777748882770538,0.14873474836349487,0.5,0.5399999618530273,1.0,1.0
4,2240,25000,0.29309555888175964,0.3837066888809204,3.7156542731509035e-08,1.0,3.7156542731509035e-08,0.00020264966588001698,0.0013590945163741708,0.005384656134992838,0.016576195135712624,0.04733708128333092,0.14698222279548645,0.5,0.5399999618530273,1.0,1.0
4,2250,25000,0.2929568886756897,0.3837450444698334,4.5000565052077945e-08,1.0,4.5000565052077945e-08,0.00020248681539669633,0.0013915329473093152,0.005404092837125063,0.016615819185972214,0.047569647431373596,0.14695261418819427,0.5,0.5399999618530273,1.0,1.0
4,2260,25000,0.29300957918167114,0.38374796509742737,3.883875976384843e-08,1.0,3.883875976384843e-08,0.00020370339916553348,0.0014068282907828689,0.0053754705004394054,0.016722965985536575,0.04724328964948654,0.14756101369857788,0.5,0.5399999618530273,1.0,1.0
4,2270,25000,0.2930470407009125,0.3837621212005615,3.2852433662355907e-08,1.0,3.2852433662355907e-08,0.00019679356773849577,0.001385987619869411,0.005385632626712322,0.01660815440118313,0.04756490886211395,0.1480814665555954,0.5,0.5399999618530273,1.0,1.0
4,2280,25000,0.29296034574508667,0.38375240564346313,4.676663323266439e-08,1.0,4.676663323266439e-08,0.00020114546350669116,0.0013788987416774035,0.005366584286093712,0.016640467569231987,0.04810132086277008,0.1472664177417755,0.5,0.5393636226654053,1.0,1.0
4,2290,25000,0.2929745316505432,0.3837313950061798,3.1571502745464386e-08,1.0,3.1571502745464386e-08,0.00020231826056260616,0.0013887027744203806,0.005407888442277908,0.016658173874020576,0.047196164727211,0.14757131040096283,0.5,0.5399999618530273,1.0,1.0
4,2300,25000,0.2930113673210144,0.3837539553642273,3.1967267943855404e-08,1.0,3.1967267943855404e-08,0.0001972087484318763,0.0013821807224303484,0.005399915389716625,0.0167859997600317,0.047444116324186325,0.14688894152641296,0.5,0.5399999618530273,1.0,1.0
4,2310,25000,0.2931021749973297,0.38373953104019165,4.6180474555512774e-08,1.0,4.6180474555512774e-08,0.0002006885624723509,0.0014109668554738164,0.005404458846896887,0.016731269657611847,0.04774229973554611,0.15008994936943054,0.5,0.5399999618530273,1.0,1.0
4,2320,25000,0.2931421995162964,0.3837278485298157,4.35924079056349e-08,1.0,4.35924079056349e-08,0.00020596313697751611,0.0013852318516001105,0.005289253778755665,0.01669425703585148,0.04739069193601608,0.14845632016658783,0.5,0.5359894633293152,1.0,1.0
4,2330,25000,0.2929348945617676,0.38376641273498535,3.861705621943656e-08,1.0,3.861705621943656e-08,0.00020262994803488255,0.0013908211840316653,0.005368578247725964,0.01665433868765831,0.047713637351989746,0.14715996384620667,0.5,0.5369638204574585,1.0,1.0
4,2340,25000,0.2930721342563629,0.3837678134441376,3.980582263807264e-08,1.0,3.980582263807264e-08,0.00020215794211253524,0.0013844360364601016,0.005344488192349672,0.016573436558246613,0.047411464154720306,0.14936238527297974,0.5,0.5399999618530273,1.0,1.0
4,2350,25000,0.2930438816547394,0.3837708532810211,3.83383067514842e-08,1.0,3.83383067514842e-08,0.00020868494175374508,0.0013837283477187157,0.005346788093447685,0.016636958345770836,0.04748614877462387,0.14730466902256012,0.5,0.533415675163269,1.0,1.0
4,2360,25000,0.2929900288581848,0.3837375342845917,4.0036802317899856e-08,1.0,4.0036802317899856e-08,0.0002019227104028687,0.0014050448080524802,0.005312205292284489,0.016598854213953018,0.04759443551301956,0.1468989998102188,0.5,0.5357382297515869,1.0,1.0
4,2370,25000,0.2929976284503937,0.3836650848388672,4.5457934305659364e-08,1.0,4.5457934305659364e-08,0.0001965371920960024,0.0013974662870168686,0.005394487641751766,0.016864407807588577,0.047418832778930664,0.14741940796375275,0.5,0.5399999618530273,1.0,1.0
4,2380,25000,0.2929418683052063,0.3837107717990875,3.2983347608706026e-08,1.0,3.2983347608706026e-08,0.00020377682812977582,0.0014172529336065054,0.005267289467155933,0.01652531884610653,0.04771086573600769,0.14743033051490784,0.5,0.5399838089942932,1.0,1.0
4,2390,25000,0.292979896068573,0.3837206959724426,3.1048621451645886e-08,1.0,3.1048621451645886e-08,0.00020484806736931205,0.001419594045728445,0.005344769451767206,0.016506994143128395,0.0473126545548439,0.14798559248447418,0.5,0.5390316247940063,1.0,1.0
4,2400,25000,0.29289084672927856,0.3837115466594696,4.039110734765927e-08,1.0,4.039110734765927e-08,0.00020280842727515846,0.0013980064541101456,0.00528826005756855,0.016595466062426567,0.04788583517074585,0.14732001721858978,0.5,0.5375323295593262,1.0,1.0
4,2410,25000,0.29295212030410767,0.38366273045539856,4.14750580546297e-08,1.0,4.14750580546297e-08,0.00020337851310614496,0.0013922924408689141,0.005292872898280621,0.01666444167494774,0.047520965337753296,0.14873094856739044,0.5,0.5345662832260132,1.0,1.0
4,2420,25000,0.2930211126804352,0.38368991017341614,4.598899749908014e-08,1.0,4.598899749908014e-08,0.0002003090485231951,0.0013851950643584132,0.005329127889126539,0.016611503437161446,0.04799444228410721,0.1481509953737259,0.5,0.5399999618530273,1.0,1.0
4,2430,25000,0.29296383261680603,0.38372573256492615,4.865595215619578e-08,1.0,4.865595215619578e-08,0.00020195779507048428,0.0014121303102001548,0.005387547425925732,0.016882851719856262,0.04756440222263336,0.14696098864078522,0.5,0.5399999618530273,1.0,1.0
4,2440,25000,0.2930057942867279,0.3836557865142822,3.2780583580915845e-08,1.0,3.2780583580915845e-08,0.00020025507546961308,0.0014067802112549543,0.005401938688009977,0.01648230105638504,0.04769953340291977,0.1501043140888214,0.5,0.5314599871635437,1.0,1.0
4,2450,25000,0.2929650843143463,0.3837320804595947,4.414340537550743e-08,1.0,4.414340537550743e-08,0.00019651562615763396,0.0014042657567188144,0.005336160305887461,0.016653750091791153,0.04756851866841316,0.14858806133270264,0.5,0.5399999618530273,1.0,1.0
4,2460,25000,0.293018639087677,0.38370954990386963,3.256773695170523e-08,1.0,3.256773695170523e-08,0.00020200897415634245,0.0013870294205844402,0.005291067995131016,0.016785595566034317,0.04797554016113281,0.14829105138778687,0.5,0.5399591326713562,1.0,1.0
4,2470,25000,0.29300862550735474,0.383727103471756,3.9382801020337865e-08,1.0,3.9382801020337865e-08,0.00020048164878971875,0.0014182147569954395,0.005340866278856993,0.016401702538132668,0.04785171151161194,0.1484401524066925,0.5,0.5301252007484436,1.0,1.0
4,2480,25000,0.2930053770542145,0.383707195520401,3.868362341563625e-08,1.0,3.868362341563625e-08,0.0002026522852247581,0.0014080184046179056,0.005390821024775505,0.016727110370993614,0.04764483869075775,0.14791493117809296,0.5,0.5399999618530273,1.0,1.0
4,2490,25000,0.2930038273334503,0.3837428092956543,4.8175618161394596e-08,1.0,4.8175618161394596e-08,0.0002029944589594379,0.0014099017716944218,0.00537478132173419,0.016499288380146027,0.04763581231236458,0.14656685292720795,0.5,0.538170337677002,1.0,1.0
4,2500,25000,0.29294294118881226,0.3837047815322876,3.8870020091508195e-08,1.0,3.8870020091508195e-08,0.00020014421897940338,0.0013738126726821065,0.005285029765218496,0.016674013808369637,0.04771135747432709,0.14867892861366272,0.5,0.5343383550643921,1.0,1.0
4,2510,25000,0.2929806411266327,0.38371533155441284,4.123061358995983e-08,1.0,4.123061358995983e-08,0.0002039870450971648,0.0013873992720618844,0.005337080918252468,0.016731619834899902,0.047970935702323914,0.14802508056163788,0.5,0.5399999618530273,1.0,1.0
4,2520,25000,0.2929381728172302,0.38370898365974426,3.054140407243722e-08,1.0,3.054140407243722e-08,0.00019689934561029077,0.0014026269782334566,0.00541605893522501,0.016642063856124878,0.04782985895872116,0.14937247335910797,0.5,0.5343886017799377,1.0,1.0
4,2530,25000,0.292947381734848,0.38373613357543945,2.6273621500649824e-08,1.0,2.6273621500649824e-08,0.00020048648002557456,0.0013996687484905124,0.005351422820240259,0.016639599576592445,0.04752163589000702,0.14617930352687836,0.5,0.536489725112915,1.0,1.0
4,2540,25000,0.29291826486587524,0.3837030827999115,3.10418322158057e-08,1.0,3.10418322158057e-08,0.0002035815705312416,0.0013721351278945804,0.005303988233208656,0.016487469896674156,0.04768391326069832,0.14658327400684357,0.5,0.5377625823020935,1.0,1.0
4,2550,25000,0.2929084599018097,0.3837083876132965,3.5436251266673935e-08,1.0,3.5436251266673935e-08,0.0002010445314226672,0.0014070601901039481,0.005304514430463314,0.016642829403281212,0.04811777174472809,0.14815278351306915,0.5,0.5374366044998169,1.0,1.0
4,2560,25000,0.2929166257381439,0.3836747705936432,3.390547931303445e-08,1.0,3.390547931303445e-08,0.0002002252876991406,0.00141200702637434,0.0054265521466732025,0.016584018245339394,0.04757285863161087,0.14911481738090515,0.5,0.5344559550285339,1.0,1.0
4,2570,25000,0.2929343581199646,0.3836621344089508,5.687389048603109e-08,1.0,5.687389048603109e-08,0.0002060917904600501,0.0013930610148236156,0.005266458261758089,0.016329575330018997,0.04800916463136673,0.14651323854923248,0.5,0.5374059677124023,1.0,1.0
4,2580,25000,0.29286056756973267,0.3837087154388428,4.5684309668558853e-08,1.0,4.5684309668558853e-08,0.00020198276615701616,0.0013983806129544973,0.005418900866061449,0.016591662541031837,0.04721405357122421,0.14681068062782288,0.5,0.5336238145828247,1.0,1.0
4,2590,25000,0.29298120737075806,0.3837295174598694,3.2981784414687354e-08,1.0,3.2981784414687354e-08,0.0002013377088587731,0.0014055494684726,0.005255464930087328,0.01680155098438263,0.04771088808774948,0.14850784838199615,0.5,0.5399999618530273,1.0,1.0
4,2600,25000,0.29308339953422546,0.38375788927078247,5.806064962143864e-08,1.0,5.806064962143864e-08,0.00020398666674736887,0.0014071337645873427,0.005325656849890947,0.016666505485773087,0.04814961180090904,0.1482730656862259,0.5,0.5399999618530273,1.0,1.0
4,2610,25000,0.29305219650268555,0.3837713599205017,2.843502677762899e-08,1.0,2.843502677762899e-08,0.00019922241335734725,0.0013784548500552773,0.005325403530150652,0.0165866632014513,0.04744450002908707,0.14807291328907013,0.5,0.5342204570770264,1.0,1.0
4,2620,25000,0.29299989342689514,0.38371366262435913,4.717917789776038e-08,1.0,4.717917789776038e-08,0.00020676312851719558,0.0013775654369965196,0.005400566849857569,0.01661803387105465,0.04773120582103729,0.14760933816432953,0.5,0.5379669666290283,1.0,1.0
4,2630,25000,0.29305046796798706,0.3837277591228485,4.339286974186507e-08,1.0,4.339286974186507e-08,0.000202314491616562,0.0014119615079835057,0.005405124742537737,0.01694684661924839,0.04725087434053421,0.1482178419828415,0.5,0.5399999618530273,1.0,1.0
4,2640,25000,0.2928982377052307,0.3837241530418396,3.565502382230079e-08,1.0,3.565502382230079e-08,0.00020398102060426027,0.0013706173049286008,0.005395600106567144,0.016645239666104317,0.04760122299194336,0.14780142903327942,0.5,0.5375027656555176,1.0,1.0
4,2650,25000,0.29296138882637024,0.3837057948112488,3.838965767499758e-08,1.0,3.838965767499758e-08,0.0002043684507953003,0.0013915658928453922,0.005356479436159134,0.01674581877887249,0.047482945024967194,0.14726518094539642,0.5,0.5386576652526855,1.0,1.0
4,2660,25000,0.2929888069629669,0.3836906850337982,4.618869198225184e-08,1.0,4.618869198225184e-08,0.0001994038902921602,0.0013916832394897938,0.005287663545459509,0.016529720276594162,0.04795755445957184,0.14788232743740082,0.5,0.5336998105049133,1.0,1.0
4,2670,25000,0.2929367125034332,0.3837178349494934,4.342462389672619e-08,1.0,4.342462389672619e-08,0.00020271721587050706,0.0013963005039840937,0.0052550542168319225,0.016657451167702675,0.047401633113622665,0.1472407877445221,0.5,0.5389007925987244,1.0,1.0
4,2680,25000,0.29293546080589294,0.3837323784828186,3.541607185297835e-08,1.0,3.541607185297835e-08,0.00020541070261970162,0.001395055209286511,0.0053417133167386055,0.016864152625203133,0.047435104846954346,0.14708693325519562,0.5,0.53922039270401,1.0,1.0
4,2690,25000,0.2930307686328888,0.3837229609489441,3.21649018530934e-08,1.0,3.21649018530934e-08,0.00020453777688089758,0.0013787368079647422,0.005360234994441271,0.01670866645872593,0.04773116111755371,0.1490204930305481,0.5,0.5351809859275818,1.0,1.0
4,2700,25000,0.2930002212524414,0.3836748003959656,3.788762370504628e-08,1.0,3.788762370504628e-08,0.00020433292957022786,0.0013923888327553868,0.005359474569559097,0.016440434381365776,0.048071250319480896,0.148767352104187,0.5,0.5299999713897705,1.0,1.0
4,2710,25000,0.2930603623390198,0.3837186098098755,4.939949604931826e-08,1.0,4.939949604931826e-08,0.000205961536266841,0.0013987253187224269,0.005326183047145605,0.01647893711924553,0.04780103638768196,0.1493362933397293,0.5,0.5299999713897705,1.0,1.0
4,2720,25000,0.29302704334259033,0.3837290108203888,4.133027431407754e-08,1.0,4.133027431407754e-08,0.0002017700026044622,0.0014083603164181113,0.005364821292459965,0.016960833221673965,0.047371603548526764,0.14882637560367584,0.5,0.5399999618530273,1.0,1.0
4,2730,25000,0.2929193079471588,0.38368621468544006,3.739685539017046e-08,1.0,3.739685539017046e-08,0.00020232098177075386,0.001406795927323401,0.005322965327650309,0.016663050279021263,0.04715915769338608,0.14730387926101685,0.5,0.5383424758911133,1.0,1.0
4,2740,25000,0.2930297255516052,0.3837244212627411,3.778005464027956e-08,1.0,3.778005464027956e-08,0.00020588129700627178,0.001396870706230402,0.005334686487913132,0.016563717275857925,0.047791555523872375,0.14729414880275726,0.5,0.5360705256462097,1.0,1.0
4,2750,25000,0.293036550283432,0.38371652364730835,3.313428109663619e-08,1.0,3.313428109663619e-08,0.00020178228442091495,0.0013894817093387246,0.005338370334357023,0.016776269301772118,0.04750906676054001,0.14638279378414154,0.5,0.5392538905143738,1.0,1.0
4,2760,25000,0.2929486632347107,0.38372576236724854,4.0234208853462405e-08,1.0,4.0234208853462405e-08,0.00020267056243028492,0.0014028429286554456,0.005370340775698423,0.016596073284745216,0.047680824995040894,0.14814358949661255,0.5,0.539287805557251,1.0,1.0
4,2770,25000,0.2929099500179291,0.3837086260318756,3.3636851526352984e-08,1.0,3.3636851526352984e-08,0.00020360933558549732,0.0014132530195638537,0.005358259193599224,0.016714749857783318,0.04708145558834076,0.14757129549980164,0.5,0.5399999618530273,1.0,1.0
4,2780,25000,0.29303544759750366,0.3837181329727173,4.092963479251921e-08,1.0,4.092963479251921e-08,0.0002035632060142234,0.0014067135052755475,0.005374949891120195,0.0168936625123024,0.047758810222148895,0.14810770750045776,0.5,0.5399999618530273,1.0,1.0
4,2790,25000,0.2930903434753418,0.383750319480896,4.116406415732854e-08,1.0,4.116406415732854e-08,0.00020528346067294478,0.0014012482715770602,0.0053118932992219925,0.01657835580408573,0.04793393984436989,0.14783775806427002,0.5,0.5399999618530273,1.0,1.0
4,2800,25000,0.2930225133895874,0.383677214384079,4.828740429729805e-08,1.0,4.828740429729805e-08,0.00020025768026243895,0.0013731606304645538,0.005315777380019426,0.016652315855026245,0.04775215685367584,0.14852525293827057,0.5,0.5347270965576172,1.0,1.0
4,2810,25000,0.29304566979408264,0.3837943971157074,3.550559313225676e-08,1.0,3.550559313225676e-08,0.0002063096035271883,0.001427337876521051,0.005369444377720356,0.016465723514556885,0.047511037439107895,0.14746880531311035,0.5,0.5399999618530273,1.0,1.0
4,2820,25000,0.29304128885269165,0.38370567560195923,2.790350350778681e-08,1.0,2.790350350778681e-08,0.00020480292732827365,0.0013820544118061662,0.005399232730269432,0.01664915308356285,0.04765161871910095,0.14752648770809174,0.5,0.5376238822937012,1.0,1.0
4,2830,25000,0.293059378862381,0.38367125391960144,3.3675444655045794e-08,1.0,3.3675444655045794e-08,0.0002010094904107973,0.001383421360515058,0.005388733930885792,0.016659941524267197,0.04714867100119591,0.14893345534801483,0.5,0.5399999618530273,1.0,1.0
4,2840,25000,0.29298219084739685,0.38372936844825745,3.667394921080813e-08,1.0,3.667394921080813e-08,0.00020495288481470197,0.0013967467239126563,0.005301829893141985,0.016597626730799675,0.0477493554353714,0.14747513830661774,0.5,0.5340026021003723,1.0,1.0
4,2850,25000,0.2930792570114136,0.3837338984012604,4.051580049235781e-08,1.0,4.051580049235781e-08,0.0002030159521382302,0.0014046726282685995,0.005392212886363268,0.016448115929961205,0.04773806035518646,0.14758352935314178,0.5,0.5399999618530273,1.0,1.0
4,2860,25000,0.29294389486312866,0.3837091624736786,3.948197857539526e-08,1.0,3.948197857539526e-08,0.00020153546938672662,0.0014072065241634846,0.0053695691749453545,0.016461065039038658,0.04776574298739433,0.1470850706100464,0.5,0.5351518392562866,1.0,1.0
4,2870,25000,0.292986124753952,0.38372135162353516,4.738121717196009e-08,1.0,4.738121717196009e-08,0.00020338241301942617,0.0014018095098435879,0.005326050333678722,0.016730818897485733,0.047696880996227264,0.14691627025604248,0.5,0.5355567336082458,1.0,1.0
4,2880,25000,0.2930948734283447,0.3837607502937317,3.5026271660854036e-08,1.0,3.5026271660854036e-08,0.00019593743490986526,0.001404066220857203,0.005322173237800598,0.016526246443390846,0.04761650413274765,0.14753367006778717,0.5,0.5369836688041687,1.0,1.0
4,2890,25000,0.2929656505584717,0.38370242714881897,3.0235099757192074e-08,1.0,3.0235099757192074e-08,0.00020471088646445423,0.0013999715447425842,0.005397652741521597,0.016477707773447037,0.04787240922451019,0.14916348457336426,0.5,0.5299999713897705,1.0,1.0
4,2900,25000,0.29293933510780334,0.38371431827545166,3.94322832164562e-08,1.0,3.94322832164562e-08,0.0002038699312834069,0.0013758745044469833,0.005371558479964733,0.016564205288887024,0.04713289439678192,0.1480073481798172,0.5,0.5342547297477722,1.0,1.0
4,2910,25000,0.2929462790489197,0.3837498426437378,3.8987543860002916e-08,1.0,3.8987543860002916e-08,0.00019970335415564477,0.0013882220955565572,0.005328786559402943,0.01659524254500866,0.04768095538020134,0.1483919471502304,0.5,0.5367380380630493,1.0,1.0
4,2920,25000,0.2929888665676117,0.38374993205070496,4.090141203505482e-08,1.0,4.090141203505482e-08,0.00020113411301281303,0.0014102124841883779,0.005462910979986191,0.016641149297356606,0.04724013805389404,0.14837267994880676,0.5,0.5369737148284912,1.0,1.0
4,2930,25000,0.29293182492256165,0.38374125957489014,3.987821628470556e-08,1.0,3.987821628470556e-08,0.0002018465893343091,0.001393706421367824,0.005330495070666075,0.01655574142932892,0.047695375978946686,0.14686749875545502,0.5,0.5346699357032776,1.0,1.0
4,2940,25000,0.2929792106151581,0.3837224543094635,3.829307360092571e-08,1.0,3.829307360092571e-08,0.0002039200917351991,0.00136938551440835,0.005369014572352171,0.01655500940978527,0.0477052703499794,0.14671611785888672,0.5,0.5385810732841492,1.0,1.0
4,2950,25000,0.29303616285324097,0.38371655344963074,3.540025161896665e-08,1.0,3.540025161896665e-08,0.00020415177277754992,0.0013871710980311036,0.005352042615413666,0.016722457483410835,0.047760315239429474,0.14723330736160278,0.5,0.5359886884689331,1.0,1.0
4,2960,25000,0.2929181754589081,0.3837834894657135,3.408489845924123e-08,1.0,3.408489845924123e-08,0.0002016900252783671,0.001393160899169743,0.005387292243540287,0.016528919339179993,0.04711921140551567,0.14689087867736816,0.5,0.5393458008766174,1.0,1.0
4,2970,25000,0.29304948449134827,0.38368117809295654,3.4329826092971416e-08,1.0,3.4329826092971416e-08,0.00020683866750914603,0.001377770910039544,0.005293460562825203,0.016698066145181656,0.047889381647109985,0.1479496955871582,0.5,0.5399999618530273,1.0,1.0
4,2980,25000,0.2930007874965668,0.3837564289569855,4.1542566719954266e-08,1.0,4.1542566719954266e-08,0.00020913586195092648,0.0014219910372048616,0.005386109463870525,0.016623329371213913,0.04730377346277237,0.14643381536006927,0.5,0.5399999618530273,1.0,1.0
4,2990,25000,0.29291266202926636,0.3837526738643646,3.504921153307805e-08,1.0,3.504921153307805e-08,0.00020363973453640938,0.001431864919140935,0.005362637806683779,0.016741249710321426,0.04754596948623657,0.14862975478172302,0.5,0.5399878025054932,1.0,1.0
4,3000,25000,0.29299771785736084,0.38368913531303406,4.739464998237963e-08,1.0,4.739464998237963e-08,0.00020078288798686117,0.0013935399474576116,0.005377134773880243,0.01659408025443554,0.047369275242090225,0.14791834354400635,0.5,0.5357385277748108,1.0,1.0
4,3010,25000,0.2929587960243225,0.3837334215641022,4.028954947443708e-08,1.0,4.028954947443708e-08,0.0002029572642641142,0.0014173943782225251,0.0054007284343242645,0.016647472977638245,0.04726680368185043,0.14846806228160858,0.5,0.5373982787132263,1.0,1.0
4,3020,25000,0.29310622811317444,0.38368433713912964,4.958211619054964e-08,1.0,4.958211619054964e-08,0.00020269595552235842,0.0014103371649980545,0.005360105074942112,0.016778916120529175,0.04751213639974594,0.14854054152965546,0.5,0.536631166934967,1.0,1.0
4,3030,25000,0.29299429059028625,0.3837066888809204,3.9863270018258845e-08,1.0,3.9863270018258845e-08,0.0002047123562078923,0.0013892448041588068,0.0053845420479774475,0.016587741672992706,0.047687750309705734,0.1486380696296692,0.5,0.5334880948066711,1.0,1.0
4,3040,25000,0.2928970158100128,0.38372939825057983,3.361415323865913e-08,1.0,3.361415323865913e-08,0.0002018563827732578,0.001382080023176968,0.0053868587128818035,0.01661732606589794,0.048012956976890564,0.1486472338438034,0.5,0.5371463894844055,1.0,1.0
4,3050,25000,0.29299110174179077,0.38372740149497986,4.260282437940077e-08,1.0,4.260282437940077e-08,0.0002011774922721088,0.0014016840141266584,0.005379529669880867,0.01643836870789528,0.047640785574913025,0.1472841054201126,0.5,0.5348284840583801,1.0,1.0
4,3060,25000,0.2931242287158966,0.38379067182540894,3.357960309813279e-08,1.0,3.357960309813279e-08,0.00020215359108988196,0.0013914420269429684,0.005399860441684723,0.01655648835003376,0.048294126987457275,0.14864562451839447,0.5,0.5399999618530273,1.0,1.0
4,3070,25000,0.29300910234451294,0.38377371430397034,3.694662353836975e-08,1.0,3.694662353836975e-08,0.00020488773589022458,0.0013790475204586983,0.005359981209039688,0.01644003763794899,0.04743479937314987,0.14628928899765015,0.5,0.5379561185836792,1.0,1.0
4,3080,25000,0.2930687963962555,0.38370880484580994,3.696862904689624e-08,1.0,3.696862904689624e-08,0.0001988097938010469,0.001387501833960414,0.005356700159609318,0.01667768694460392,0.04719044268131256,0.149004265666008,0.5,0.5399999618530273,1.0,1.0
4,3090,25000,0.2929013669490814,0.3837071657180786,3.589358144040489e-08,1.0,3.589358144040489e-08,0.00020363414660096169,0.0013907430693507195,0.005471036769449711,0.016681911423802376,0.04759982228279114,0.14726632833480835,0.5,0.5299999713897705,1.0,1.0
4,3100,25000,0.29283303022384644,0.3837476372718811,3.6123459778991673e-08,1.0,3.6123459778991673e-08,0.00020148402836639434,0.0013768195640295744,0.005283678881824017,0.01646655797958374,0.0471174418926239,0.14744527637958527,0.5,0.5399999618530273,1.0,1.0
4,3110,25000,0.2929612100124359,0.3837762773036957,3.2667802685182323e-08,1.0,3.2667802685182323e-08,0.0002010507305385545,0.0013722670264542103,0.005366915836930275,0.016703780740499496,0.047334905713796616,0.14664389193058014,0.5,0.5397248864173889,1.0,1.0
4,3120,25000,0.2929950952529907,0.3837226629257202,2.9639533494218995e-08,1.0,2.9639533494218995e-08,0.00021169244428165257,0.0013998124049976468,0.005363979376852512,0.016555117443203926,0.047207996249198914,0.14843544363975525,0.5,0.5349051356315613,1.0,1.0
4,3130,25000,0.2928701937198639,0.3837483823299408,4.246442131261574e-08,1.0,4.246442131261574e-08,0.0002032997872447595,0.0014150134520605206,0.005302637815475464,0.016531310975551605,0.047827817499637604,0.14506308734416962,0.5,0.5393603444099426,1.0,1.0
4,3140,25000,0.2930772304534912,0.3837032616138458,3.076910104482522e-08,1.0,3.076910104482522e-08,0.00020398281048983335,0.0014008169528096914,0.00537625327706337,0.016671735793352127,0.04761989414691925,0.14946646988391876,0.5,0.5399999618530273,1.0,1.0
4,3150,25000,0.2930625379085541,0.3837563991546631,3.976556683937815e-08,1.0,3.976556683937815e-08,0.00019828985386993736,0.001374098821543157,0.005302681587636471,0.016579769551753998,0.04732246324419975,0.1496545523405075,0.5,0.535138726234436,1.0,1.0
4,3160,25000,0.29302531480789185,0.3837137818336487,4.807266051898296e-08,1.0,4.807266051898296e-08,0.00019980290380772203,0.0014043240807950497,0.0053981696255505085,0.016641180962324142,0.04777595400810242,0.14817751944065094,0.5,0.5365912318229675,1.0,1.0
4,3170,25000,0.29304006695747375,0.3837142884731293,4.95252443499794e-08,1.0,4.95252443499794e-08,0.00019797220011241734,0.0013953164452686906,0.005379462614655495,0.01671060547232628,0.04781493917107582,0.14807569980621338,0.5,0.5365242958068848,1.0,1.0
4,3180,25000,0.29306477308273315,0.38373082876205444,3.660786873638244e-08,1.0,3.660786873638244e-08,0.00020465283887460828,0.0013938177144154906,0.0053604478016495705,0.016507096588611603,0.04796053469181061,0.14835529029369354,0.5,0.5300897359848022,1.0,1.0
4,3190,25000,0.292915403842926,0.3837650418281555,2.9925018907306367e-08,1.0,2.9925018907306367e-08,0.0002001390530494973,0.0014094026992097497,0.005357418209314346,0.01641158014535904,0.04739189147949219,0.14854806661605835,0.5,0.5380687713623047,1.0,1.0
4,3200,25000,0.29307821393013,0.38371938467025757,3.980713003670644e-08,1.0,3.980713003670644e-08,0.00020115698862355202,0.001398865832015872,0.005408336874097586,0.016497334465384483,0.04739566519856453,0.14971135556697845,0.5,0.5399999618530273,1.0,1.0
4,3210,25000,0.2929743826389313,0.38373681902885437,3.034894291431556e-08,1.0,3.034894291431556e-08,0.00020572672656271607,0.0013870379189029336,0.005393745377659798,0.016601936891674995,0.04755716025829315,0.14787130057811737,0.5,0.5399425029754639,1.0,1.0
4,3220,25000,0.29309454560279846,0.3837009370326996,3.5900278305689426e-08,1.0,3.5900278305689426e-08,0.00020724111527670175,0.0013916771858930588,0.0054384395480155945,0.016818903386592865,0.047307707369327545,0.1492433100938797,0.5,0.5381031632423401,1.0,1.0
4,3230,25000,0.29301559925079346,0.3837220072746277,4.397925934540581e-08,1.0,4.397925934540581e-08,0.0002025789872277528,0.0013850475661456585,0.005313773639500141,0.01671999879181385,0.048053860664367676,0.14842438697814941,0.5,0.5389477014541626,1.0,1.0
4,3240,25000,0.29302671551704407,0.38373762369155884,4.6531386743708936e-08,1.0,4.6531386743708936e-08,0.0002041947009274736,0.001412806799635291,0.005371339153498411,0.016553174704313278,0.04751845449209213,0.1481751948595047,0.5,0.5357444286346436,1.0,1.0
4,3250,25000,0.29295918345451355,0.3836941123008728,3.162026374070592e-08,1.0,3.162026374070592e-08,0.00020016691996715963,0.0014080858090892434,0.005276082083582878,0.016741788014769554,0.0477619543671608,0.14748913049697876,0.5,0.5371813774108887,1.0,1.0
4,3260,25000,0.29300907254219055,0.3836960792541504,4.234094674870903e-08,1.0,4.234094674870903e-08,0.00020814606978092343,0.0014108294853940606,0.005361259449273348,0.016585243865847588,0.047454170882701874,0.14950376749038696,0.5,0.5311838984489441,1.0,1.0
4,3270,25000,0.2929039001464844,0.3837437927722931,3.481386556813959e-08,1.0,3.481386556813959e-08,0.00020204663451295346,0.001406183815561235,0.005479497369378805,0.01654474250972271,0.04787680134177208,0.1476302146911621,0.5,0.5399999618530273,1.0,1.0
4,3280,25000,0.2929784059524536,0.383675217628479,3.344661791970793e-08,1.0,3.344661791970793e-08,0.0002016775542870164,0.001392439124174416,0.005302856210619211,0.016532806679606438,0.048082441091537476,0.14706562459468842,0.5,0.5364564061164856,1.0,1.0
4,3290,25000,0.29299554228782654,0.3837815523147583,4.108981599415529e-08,1.0,4.108981599415529e-08,0.00020246539497748017,0.0013693372020497918,0.005376732442528009,0.016582418233156204,0.04753797501325607,0.14614024758338928,0.5,0.5385777950286865,1.0,1.0
4,3300,25000,0.2930373549461365,0.38370513916015625,4.124492747337172e-08,1.0,4.124492747337172e-08,0.00020150768978055567,0.0014107981696724892,0.005434778984636068,0.01669088751077652,0.04738982021808624,0.1486319899559021,0.5,0.5399999618530273,1.0,1.0
4,3310,25000,0.2928788959980011,0.38372308015823364,3.738445997214512e-08,1.0,3.738445997214512e-08,0.00020248339569661766,0.0013802958419546485,0.005328552797436714,0.016738776117563248,0.04764598608016968,0.14695137739181519,0.5,0.5378929972648621,1.0,1.0
4,3320,25000,0.2928565740585327,0.3837055265903473,3.7876475289522205e-08,1.0,3.7876475289522205e-08,0.0002083467843476683,0.0013673411449417472,0.005350308492779732,0.016637856140732765,0.04723958298563957,0.14647434651851654,0.5,0.5299999713897705,1.0,1.0
4,3330,25000,0.2930200397968292,0.38365525007247925,4.5215269750542575e-08,1.0,4.5215269750542575e-08,0.00020078467787243426,0.0013852809788659215,0.005324928089976311,0.016734179109334946,0.04789278656244278,0.1470930576324463,0.5,0.5308648347854614,1.0,1.0
4,3340,25000,0.29301807284355164,0.3837291896343231,3.587486219203129e-08,1.0,3.587486219203129e-08,0.00020048912847414613,0.0014079478569328785,0.0053779371082782745,0.016705000773072243,0.04760441929101944,0.14879518747329712,0.5,0.534791886806488,1.0,1.0
4,3350,25000,0.29297003149986267,0.38366997241973877,3.0539013096131384e-08,1.0,3.0539013096131384e-08,0.00020276667783036828,0.0013884382788091898,0.005431951489299536,0.016572652384638786,0.04791538417339325,0.1474418044090271,0.5,0.534360408782959,1.0,1.0
4,3360,25000,0.29297196865081787,0.3836860954761505,4.578402013066807e-08,1.0,4.578402013066807e-08,0.00020270622917450964,0.001389394630677998,0.005364533979445696,0.0166269950568676,0.04721418395638466,0.1477130949497223,0.5,0.5299999713897705,1.0,1.0
4,3370,25000,0.2930017411708832,0.3837166130542755,4.205216086461405e-08,1.0,4.205216086461405e-08,0.00020145362941548228,0.0013875339645892382,0.005361930467188358,0.016499530524015427,0.04748128354549408,0.14789684116840363,0.5,0.5399999618530273,1.0,1.0
4,3380,25000,0.2930818498134613,0.383714497089386,4.050371416042253e-08,1.0,4.050371416042253e-08,0.00020793621661141515,0.0014195869443938136,0.005339359398931265,0.016747450456023216,0.047322288155555725,0.1488877832889557,0.5,0.5399999618530273,1.0,1.0
4,3390,25000,0.2931755483150482,0.38370051980018616,3.037398599303742e-08,1.0,3.037398599303742e-08,0.00019858671294059604,0.0013953999150544405,0.005423876456916332,0.01662868820130825,0.04814234748482704,0.14894656836986542,0.5,0.5399999618530273,1.0,1.0
4,3400,25000,0.29300063848495483,0.38375231623649597,4.855274227111295e-08,1.0,4.855274227111295e-08,0.00020491918257903308,0.0013602309627458453,0.0053501008078455925,0.016629153862595558,0.04764166474342346,0.14714479446411133,0.5,0.5399999618530273,1.0,1.0
4,3410,25000,0.29301971197128296,0.38375556468963623,3.60335121740718e-08,1.0,3.60335121740718e-08,0.00020022870739921927,0.0013881947379559278,0.0053657302632927895,0.01648496650159359,0.047592222690582275,0.14756055176258087,0.5,0.5399999618530273,1.0,1.0
4,3420,25000,0.293028324842453,0.3837325870990753,4.0712869520120876e-08,1.0,4.0712869520120876e-08,0.00020358269102871418,0.0013816978316754103,0.00533145060762763,0.016601160168647766,0.04784369096159935,0.14730599522590637,0.5,0.5385306477546692,1.0,1.0
4,3430,25000,0.29294586181640625,0.3837253749370575,3.0897066238821935e-08,1.0,3.0897066238821935e-08,0.000203423565835692,0.001382451388053596,0.005402351729571819,0.01646868884563446,0.04728417098522186,0.1481902152299881,0.5,0.5312938094139099,1.0,1.0
4,3440,25000,0.2929450273513794,0.38372719287872314,3.910733781253839e-08,1.0,3.910733781253839e-08,0.0002030318573815748,0.0013845425564795732,0.0053741205483675,0.01668107882142067,0.0477709025144577,0.1493949443101883,0.5,0.5374473929405212,1.0,1.0
4,3450,25000,0.29299259185791016,0.38374924659729004,3.360434774890564e-08,1.0,3.360434774890564e-08,0.00020354980370029807,0.001365138916298747,0.0053588650189340115,0.0167083777487278,0.047908976674079895,0.14774611592292786,0.5,0.5327638983726501,1.0,1.0
4,3460,25000,0.2930459678173065,0.38374465703964233,3.64590775348006e-08,1.0,3.64590775348006e-08,0.00020098366076126695,0.0013842690968886018,0.005399249494075775,0.016681332141160965,0.04754921421408653,0.14822858572006226,0.5,0.5344237685203552,1.0,1.0
4,3470,25000,0.2930492162704468,0.38377270102500916,3.2943187733280865e-08,1.0,3.2943187733280865e-08,0.0001980447705136612,0.0013992737513035536,0.005362147465348244,0.016745928674936295,0.04748516157269478,0.14907243847846985,0.5,0.5391613841056824,1.0,1.0
4,3480,25000,0.2929737865924835,0.3836812674999237,3.3649026676130234e-08,1.0,3.3649026676130234e-08,0.00019948030239902437,0.0013940639328211546,0.0053493245504796505,0.016725515946745872,0.04772117733955383,0.14802131056785583,0.5,0.5361770391464233,1.0,1.0
4,3490,25000,0.2929914593696594,0.38368651270866394,3.5401242826083035e-08,1.0,3.5401242826083035e-08,0.00020460071391426027,0.0013879577163606882,0.0053985752165317535,0.016502514481544495,0.04779187589883804,0.14739973843097687,0.5,0.5399999618530273,1.0,1.0
4,3500,25000,0.2931225895881653,0.38369426131248474,4.207710446735291e-08,1.0,4.207710446735291e-08,0.0001981205423362553,0.0014177155680954456,0.005337693262845278,0.016756445169448853,0.04796551167964935,0.14750097692012787,0.5,0.5378796458244324,1.0,1.0
4,3510,25000,0.2930794656276703,0.38373512029647827,3.941948278907148e-08,1.0,3.941948278907148e-08,0.0001978135696845129,0.0013768564676865935,0.005341528914868832,0.016533544287085533,0.0481586754322052,0.1489585041999817,0.5,0.5399999618530273,1.0,1.0
4,3520,25000,0.2928844690322876,0.38370174169540405,3.505666867908985e-08,1.0,3.505666867908985e-08,0.0002014163474086672,0.00139991519972682,0.005352253559976816,0.0167132206261158,0.04788918420672417,0.1477271467447281,0.5,0.5300582647323608,1.0,1.0
4,3530,25000,0.2930293381214142,0.383714884519577,3.0384761373625224e-08,1.0,3.0384761373625224e-08,0.00020313553977757692,0.0013995330082252622,0.005375298205763102,0.0165642611682415,0.04741423577070236,0.14789268374443054,0.5,0.5399999618530273,1.0,1.0
4,3540,25000,0.29305440187454224,0.3837437033653259,3.495950195997466e-08,1.0,3.495950195997466e-08,0.00020587965263985097,0.0013845540815964341,0.005367013160139322,0.016738679260015488,0.0475664883852005,0.14534175395965576,0.5,0.5382845997810364,1.0,1.0
4,3550,25000,0.293030709028244,0.38369032740592957,4.0648632904094484e-08,1.0,4.0648632904094484e-08,0.00020193931413814425,0.0013868027599528432,0.005396565422415733,0.016696423292160034,0.04757317528128624,0.14924459159374237,0.5,0.5399999618530273,1.0,1.0
4,3560,25000,0.29300254583358765,0.383733332157135,3.708985119033059e-08,1.0,3.708985119033059e-08,0.000201568502234295,0.0013814116828143597,0.005386927630752325,0.01679491251707077,0.04753943532705307,0.14713317155838013,0.5,0.5399999618530273,1.0,1.0
4,3570,25000,0.2931212782859802,0.3837223947048187,3.191026820559273e-08,1.0,3.191026820559273e-08,0.0002107970358338207,0.001414034515619278,0.005357489921152592,0.01674298197031021,0.04779752343893051,0.14786937832832336,0.5,0.5383384227752686,1.0,1.0
4,3580,25000,0.29300594329833984,0.38377586007118225,3.028445760833165e-08,1.0,3.028445760833165e-08,0.00020342950301710516,0.0013837739825248718,0.005413994193077087,0.016729896888136864,0.04738574102520943,0.14795827865600586,0.5,0.5326041579246521,1.0,1.0
4,3590,25000,0.2929902970790863,0.3837330639362335,3.797320147214123e-08,1.0,3.797320147214123e-08,0.00019938783952966332,0.0013947640545666218,0.005388912744820118,0.016589833423495293,0.04795666038990021,0.14716707170009613,0.5,0.5388567447662354,1.0,1.0
4,3600,25000,0.2930047810077667,0.3836996853351593,3.58915848153174e-08,1.0,3.58915848153174e-08,0.00019993617024738342,0.0013877835590392351,0.005374007858335972,0.016803698614239693,0.04725295305252075,0.14898289740085602,0.5,0.5361242890357971,1.0,1.0
4,3610,25000,0.29301902651786804,0.38368839025497437,3.039304274921051e-08,1.0,3.039304274921051e-08,0.0002051843039225787,0.0014323304640129209,0.00546701205894351,0.01673477329313755,0.04744717851281166,0.1464882344007492,0.5,0.5361737608909607,1.0,1.0
4,3620,25000,0.29301437735557556,0.3836820423603058,4.0957427671628466e-08,1.0,4.0957427671628466e-08,0.00020502283587120473,0.0013849494280293584,0.005385214928537607,0.016599390655755997,0.04802298545837402,0.14763416349887848,0.5,0.5371806025505066,1.0,1.0
4,3630,25000,0.2928859293460846,0.3837374448776245,3.900850487070784e-08,1.0,3.900850487070784e-08,0.00020480221428442746,0.0013903396902605891,0.005381299182772636,0.016488002613186836,0.0476018562912941,0.14614707231521606,0.5,0.5399999618530273,1.0,1.0
4,3640,25000,0.29304182529449463,0.38375189900398254,4.3799190052595804e-08,1.0,4.3799190052595804e-08,0.00020165456226095557,0.001382056507281959,0.005376281216740608,0.016590215265750885,0.047509536147117615,0.14771094918251038,0.5,0.5399999618530273,1.0,1.0
4,3650,25000,0.2930629849433899,0.38370975852012634,3.6955377424874314e-08,1.0,3.6955377424874314e-08,0.00020080746617168188,0.0014019099762663245,0.005336602218449116,0.016669591888785362,0.047432057559490204,0.1474916636943817,0.5,0.5327674746513367,1.0,1.0
4,3660,25000,0.29304665327072144,0.3837141692638397,3.712656138077364e-08,1.0,3.712656138077364e-08,0.0002010937751038,0.0013994729379191995,0.005363876465708017,0.01678827591240406,0.048043571412563324,0.14925283193588257,0.5,0.5382553935050964,1.0,1.0
4,3670,25000,0.2930331230163574,0.3836733400821686,3.085805033720135e-08,1.0,3.085805033720135e-08,0.00020098222012165934,0.001394447055645287,0.005329408682882786,0.01677865907549858,0.047798849642276764,0.14740516245365143,0.5,0.5311879515647888,1.0,1.0
4,3680,25000,0.29291659593582153,0.3837014436721802,4.285458743424897e-08,1.0,4.285458743424897e-08,0.00019815228006336838,0.001389176119118929,0.005355572793632746,0.016548309475183487,0.04722841456532478,0.14849942922592163,0.5,0.5399999618530273,1.0,1.0
4,3690,25000,0.2929912507534027,0.3837633728981018,3.862556496869729e-08,1.0,3.862556496869729e-08,0.00020060993847437203,0.0013637831434607506,0.005456819199025631,0.016579903662204742,0.047706976532936096,0.14814551174640656,0.5,0.5356033444404602,1.0,1.0
4,3700,25000,0.2929648756980896,0.38374996185302734,3.990549402033139e-08,1.0,3.990549402033139e-08,0.00019992068700958043,0.0014093511272221804,0.005378572270274162,0.016429539769887924,0.04771433770656586,0.14790713787078857,0.5,0.5357289910316467,1.0,1.0
4,3710,25000,0.2929246127605438,0.38371542096138,3.549168425820426e-08,1.0,3.549168425820426e-08,0.00020250686793588102,0.0013966700062155724,0.005330417305231094,0.016798097640275955,0.04754149541258812,0.14777864515781403,0.5,0.5399999618530273,1.0,1.0
4,3720,25000,0.2930700480937958,0.38370272517204285,3.627357259006203e-08,1.0,3.627357259006203e-08,0.0002003293629968539,0.0013837787555530667,0.005363117903470993,0.016983015462756157,0.04761739820241928,0.1479971557855606,0.5,0.5399999618530273,1.0,1.0
4,3730,25000,0.2929936647415161,0.3837144076824188,3.66251704519982e-08,1.0,3.66251704519982e-08,0.00020470634626690298,0.0013825914356857538,0.005385459400713444,0.01670486479997635,0.047425348311662674,0.1481124311685562,0.5,0.5321226716041565,1.0,1.0
4,3740,25000,0.29302096366882324,0.383712500333786,3.625151023811668e-08,1.0,3.625151023811668e-08,0.0002006308495765552,0.001379730529151857,0.005259742960333824,0.016813114285469055,0.047890812158584595,0.1474485546350479,0.5,0.5300050377845764,1.0,1.0
4,3750,25000,0.2929929196834564,0.3837031424045563,3.7017425569274565e-08,1.0,3.7017425569274565e-08,0.000206730721401982,0.0014188000932335854,0.005359606351703405,0.0166349858045578,0.04745205119252205,0.14852496981620789,0.5,0.537407398223877,1.0,1.0
4,3760,25000,0.2930179834365845,0.3836847245693207,3.7786968221098505e-08,1.0,3.7786968221098505e-08,0.00020585449237842113,0.0013843326596543193,0.005398974753916264,0.016711058095097542,0.04742645472288132,0.14892816543579102,0.5,0.5399999618530273,1.0,1.0
4,3770,25000,0.2930595278739929,0.383701890707016,4.142132681295152e-08,1.0,4.142132681295152e-08,0.0002006706054089591,0.0014114666264504194,0.005381695460528135,0.0167293269187212,0.04757944494485855,0.14839665591716766,0.5,0.5364954471588135,1.0,1.0
4,3780,25000,0.2929079830646515,0.38375934958457947,3.9010796371030665e-08,1.0,3.9010796371030665e-08,0.0002000231179408729,0.00139233295340091,0.005301672033965588,0.016625259071588516,0.04723421484231949,0.1485360562801361,0.5,0.5399999618530273,1.0,1.0
4,3790,25000,0.292935848236084,0.38371503353118896,3.3579510727577144e-08,1.0,3.3579510727577144e-08,0.0002076934470096603,0.0013828519731760025,0.005286333616822958,0.01673620380461216,0.04749854654073715,0.14681264758110046,0.5,0.5364610552787781,1.0,1.0
4,3800,25000,0.29284822940826416,0.38373613357543945,3.5483378013623224e-08,1.0,3.5483378013623224e-08,0.00020042112737428397,0.00139245658647269,0.0053906310349702835,0.01673615351319313,0.047261301428079605,0.14849062263965607,0.5,0.5399407148361206,1.0,1.0
4,3810,25000,0.2929496467113495,0.38374727964401245,4.0083541819058155e-08,1.0,4.0083541819058155e-08,0.0002022216940531507,0.0013925929088145494,0.00533252814784646,0.016734730452299118,0.0473075807094574,0.14756353199481964,0.5,0.539419412612915,1.0,1.0
4,3820,25000,0.2930137515068054,0.38375380635261536,3.679160442970897e-08,1.0,3.679160442970897e-08,0.00020536940428428352,0.0013828283408656716,0.005358726251870394,0.016687283292412758,0.0475379154086113,0.14725635945796967,0.5,0.5396543145179749,1.0,1.0
4,3830,25000,0.29299822449684143,0.383719801902771,2.598319426283524e-08,1.0,2.598319426283524e-08,0.00020483174012042582,0.0013996901689097285,0.005393920000642538,0.016574835404753685,0.048224639147520065,0.14797942340373993,0.5,0.5399999618530273,1.0,1.0
4,3840,25000,0.2930358350276947,0.3837190866470337,3.935016934519808e-08,1.0,3.935016934519808e-08,0.00020054024935234338,0.0013872100971639156,0.0054039801470935345,0.01660359464585781,0.048035576939582825,0.14763882756233215,0.5,0.5378921627998352,1.0,1.0
4,3850,25000,0.2930123209953308,0.38369593024253845,4.024918354161855e-08,1.0,4.024918354161855e-08,0.00020603327720891684,0.001390900113619864,0.005338896997272968,0.01669270545244217,0.04786250740289688,0.14879252016544342,0.5,0.5369788408279419,1.0,1.0
4,3860,25000,0.2930557429790497,0.38364315032958984,3.49486022344081e-08,1.0,3.49486022344081e-08,0.0002062983112409711,0.001376224448904395,0.005331044550985098,0.016726991161704063,0.047607652842998505,0.14859658479690552,0.5,0.5339944362640381,1.0,1.0
4,3870,25000,0.2930055260658264,0.3836810290813446,3.7056729240703135e-08,1.0,3.7056729240703135e-08,0.00020397131447680295,0.001382686896249652,0.005294614937156439,0.016667509451508522,0.04799331724643707,0.14911702275276184,0.5,0.5379447937011719,1.0,1.0
4,3880,25000,0.2929181456565857,0.3837027847766876,3.8947057134919305e-08,1.0,3.8947057134919305e-08,0.00020436872728168964,0.0013843073975294828,0.005412094295024872,0.01684776321053505,0.04803730174899101,0.14687366783618927,0.5,0.5399999618530273,1.0,1.0
4,3890,25000,0.2929822504520416,0.38362815976142883,3.922592028970939e-08,1.0,3.922592028970939e-08,0.00020193814998492599,0.0013842950575053692,0.005320753902196884,0.016669604927301407,0.0481722317636013,0.14870823919773102,0.5,0.5382455587387085,1.0,1.0
4,3900,25000,0.29300203919410706,0.3837396502494812,4.361634609040266e-08,1.0,4.361634609040266e-08,0.00020347330428194255,0.0013756236294284463,0.005281921476125717,0.016639798879623413,0.047497592866420746,0.14784474670886993,0.5,0.5399999618530273,1.0,1.0
4,3910,25000,0.29288989305496216,0.383738249540329,4.348824234057247e-08,1.0,4.348824234057247e-08,0.00020145915914326906,0.0013734021922573447,0.005314182955771685,0.01669219322502613,0.04767350107431412,0.14642030000686646,0.5,0.5314623713493347,1.0,1.0
4,3920,25000,0.2929394543170929,0.3837162256240845,3.513155988343897e-08,1.0,3.513155988343897e-08,0.00020238013530615717,0.0013802608009427786,0.0053061023354530334,0.016492439433932304,0.047227080911397934,0.14968964457511902,0.5,0.5399999618530273,1.0,1.0
4,3930,25000,0.29299938678741455,0.3837330937385559,4.268541076157817e-08,1.0,4.268541076157817e-08,0.00020216465054545552,0.0013971930602565408,0.005357228685170412,0.016706177964806557,0.047940343618392944,0.14747999608516693,0.5,0.5338402390480042,1.0,1.0
4,3940,25000,0.2929033935070038,0.3836691677570343,3.656058567003129e-08,1.0,3.656058567003129e-08,0.00019698080723173916,0.0013753670500591397,0.005387173965573311,0.016855059191584587,0.047456059604883194,0.14838148653507233,0.5,0.5299999713897705,1.0,1.0
4,3950,25000,0.2930012345314026,0.3836400806903839,2.9932817113831334e-08,1.0,2.9932817113831334e-08,0.00020072581537533551,0.0013752984814345837,0.005443797446787357,0.01686442270874977,0.047514185309410095,0.14863722026348114,0.5,0.530211329460144,1.0,1.0
4,3960,25000,0.29295477271080017,0.383688747882843,3.84810050491069e-08,1.0,3.84810050491069e-08,0.00020185507310088724,0.0013898593606427312,0.005359739065170288,0.016518352553248405,0.04744860529899597,0.14885003864765167,0.5,0.5388705134391785,1.0,1.0
4,3970,25000,0.2929386794567108,0.3837468922138214,3.0202969014681e-08,1.0,3.0202969014681e-08,0.00020145325106568635,0.0014171103248372674,0.00530938059091568,0.01663403958082199,0.04727775603532791,0.14760908484458923,0.5,0.5376015305519104,1.0,1.0
4,3980,25000,0.2929587960243225,0.38374197483062744,3.483536659132369e-08,1.0,3.483536659132369e-08,0.0002009892778005451,0.0014007502468302846,0.005373786669224501,0.01653149537742138,0.047450996935367584,0.149034783244133,0.5,0.5389602184295654,1.0,1.0
4,3990,25000,0.2930762469768524,0.38374045491218567,3.310566043523977e-08,1.0,3.310566043523977e-08,0.0002019707899307832,0.0014099187683314085,0.005317304749041796,0.016758959740400314,0.047195516526699066,0.14736773073673248,0.5,0.5348019599914551,1.0,1.0
4,4000,25000,0.29304802417755127,0.38372570276260376,4.341731241197522e-08,1.0,4.341731241197522e-08,0.00020006796694360673,0.001393709797412157,0.005373725667595863,0.01657809503376484,0.04786408692598343,0.14777745306491852,0.5,0.5387083292007446,1.0,1.0
4,4010,25000,0.2929384410381317,0.3837161064147949,4.285130472680976e-08,1.0,4.285130472680976e-08,0.00020094704814255238,0.0013992760796099901,0.005404533352702856,0.016496721655130386,0.04769124835729599,0.1471477597951889,0.5,0.5399999618530273,1.0,1.0
4,4020,25000,0.29299402236938477,0.38372647762298584,4.5025952744026654e-08,1.0,4.5025952744026654e-08,0.0002074510121019557,0.001394541235640645,0.005320276599377394,0.016842162236571312,0.04744342714548111,0.14836817979812622,0.5,0.5399999618530273,1.0,1.0
4,4030,25000,0.29298898577690125,0.38371577858924866,3.559874883762859e-08,1.0,3.559874883762859e-08,0.00020251795649528503,0.0013971022563055158,0.005342097021639347,0.016762055456638336,0.0474238395690918,0.1471613049507141,0.5,0.539950430393219,1.0,1.0
4,4040,25000,0.29297977685928345,0.38374289870262146,3.633681089354468e-08,1.0,3.633681089354468e-08,0.00020153704099357128,0.0013996652560308576,0.005336746573448181,0.01662166602909565,0.04789482429623604,0.14883120357990265,0.5,0.5399999618530273,1.0,1.0
4,4050,25000,0.29302045702934265,0.3837217092514038,3.196472775357506e-08,1.0,3.196472775357506e-08,0.00019959098426625133,0.0013782796449959278,0.005434541031718254,0.016689257696270943,0.0470924936234951,0.14809741079807281,0.5,0.5337734222412109,1.0,1.0
4,4060,25000,0.2930181622505188,0.3837082087993622,3.09466265946412e-08,1.0,3.09466265946412e-08,0.0002051646588370204,0.001397705520503223,0.005368497688323259,0.016463641077280045,0.04714556038379669,0.14769375324249268,0.5,0.5344973206520081,1.0,1.0
4,4070,25000,0.2929847240447998,0.3837447464466095,3.4892131850483565e-08,1.0,3.4892131850483565e-08,0.00019724495359696448,0.001405843417160213,0.005320823285728693,0.016576040536165237,0.04769492149353027,0.15040509402751923,0.5,0.5399646162986755,1.0,1.0
4,4080,25000,0.292956680059433,0.383765310049057,3.1450333892735216e-08,1.0,3.1450333892735216e-08,0.00020399311324581504,0.001381619367748499,0.005378022789955139,0.01681140996515751,0.04816528409719467,0.1472371369600296,0.5,0.5323526263237,1.0,1.0
4,4090,25000,0.29297947883605957,0.3836905360221863,3.2756059198391085e-08,1.0,3.2756059198391085e-08,0.0002001272514462471,0.0013940385542809963,0.005406540352851152,0.016581885516643524,0.04759810119867325,0.14775019884109497,0.5,0.5399999618530273,1.0,1.0
4,4100,25000,0.29300329089164734,0.3837393522262573,4.09868334827479e-08,1.0,4.09868334827479e-08,0.00020512094488367438,0.0013666306622326374,0.005345244891941547,0.016406210139393806,0.04773435741662979,0.14872735738754272,0.5,0.5331783294677734,1.0,1.0
4,4110,25000,0.2930755615234375,0.38375356793403625,3.509997270612075e-08,1.0,3.509997270612075e-08,0.00020347459940239787,0.0013835160061717033,0.005348601378500462,0.016522416844964027,0.04778549075126648,0.14810755848884583,0.5,0.5344544649124146,1.0,1.0
4,4120,25000,0.29304295778274536,0.383746862411499,3.5302527123803884e-08,1.0,3.5302527123803884e-08,0.0001980110682779923,0.0014010629383847117,0.005320219323039055,0.016744930297136307,0.04802453890442848,0.14629234373569489,0.5,0.5399999618530273,1.0,1.0
4,4130,25000,0.2929876744747162,0.38367387652397156,3.843750917553734e-08,1.0,3.843750917553734e-08,0.00020824649254791439,0.0013935694005340338,0.005404361058026552,0.016670530661940575,0.04801665246486664,0.1492553949356079,0.5,0.5392094254493713,1.0,1.0
4,4140,25000,0.29301005601882935,0.3836623430252075,4.009077514410819e-08,1.0,4.009077514410819e-08,0.00020419427892193198,0.0013860963517799973,0.00535298278555274,0.016620220616459846,0.04779960215091705,0.14723998308181763,0.5,0.5337641835212708,1.0,1.0
4,4150,25000,0.29291847348213196,0.38371047377586365,4.091569039132992e-08,1.0,4.091569039132992e-08,0.00020677997963503003,0.00138828344643116,0.005366397090256214,0.016536450013518333,0.04783155769109726,0.14646659791469574,0.5,0.5299999713897705,1.0,1.0
4,4160,25000,0.29305943846702576,0.3837297260761261,4.7263259972396554e-08,1.0,4.7263259972396554e-08,0.00020386447431519628,0.0013993051834404469,0.005340801551938057,0.01684514805674553,0.04695120453834534,0.14853535592556,0.5,0.5349645018577576,1.0,1.0
4,4170,25000,0.2928803265094757,0.3836938440799713,4.623856852958852e-08,1.0,4.623856852958852e-08,0.00020014395704492927,0.0013814925914630294,0.005333373788744211,0.016544971615076065,0.04748361557722092,0.14966247975826263,0.5,0.5329128503799438,1.0,1.0
4,4180,25000,0.2929616868495941,0.3836936354637146,2.9416989733022092e-08,1.0,2.9416989733022092e-08,0.0002028165472438559,0.0013726715696975589,0.005343579221516848,0.01668710447847843,0.04779338091611862,0.14785616099834442,0.5,0.5399999618530273,1.0,1.0
4,4190,25000,0.29293137788772583,0.383699893951416,4.1139081474739214e-08,1.0,4.1139081474739214e-08,0.00020237160788383335,0.0014064053539186716,0.005352837964892387,0.016664717346429825,0.04742373526096344,0.1484043002128601,0.5,0.5332349538803101,1.0,1.0
4,4200,25000,0.29294317960739136,0.38372448086738586,3.4617837485484415e-08,1.0,3.4617837485484415e-08,0.00020614058303181082,0.001409049378708005,0.005388061050325632,0.016612950712442398,0.04746571183204651,0.14845015108585358,0.5,0.538770854473114,1.0,1.0
4,4210,25000,0.29288196563720703,0.38367342948913574,3.775626211677263e-08,1.0,3.775626211677263e-08,0.000199451285880059,0.0013968839775770903,0.005362826399505138,0.01664155162870884,0.04715736210346222,0.1484341025352478,0.5,0.5399999618530273,1.0,1.0
4,4220,25000,0.292980819940567,0.38375529646873474,4.2961282531450706e-08,1.0,4.2961282531450706e-08,0.0002000274689635262,0.0014096851227805018,0.005319865420460701,0.01651485078036785,0.047389958053827286,0.1480329930782318,0.5,0.5399095416069031,1.0,1.0
4,4230,25000,0.293019562959671,0.3836652934551239,3.778924195785294e-08,1.0,3.778924195785294e-08,0.00020420915097929537,0.001388017786666751,0.005359949544072151,0.01661134697496891,0.04705377668142319,0.1491057127714157,0.5,0.5390640497207642,1.0,1.0
4,4240,25000,0.2930292785167694,0.3837277889251709,4.330418690301485e-08,1.0,4.330418690301485e-08,0.0002042167034232989,0.0013928486732766032,0.005317783914506435,0.016898419708013535,0.04739772155880928,0.14726892113685608,0.5,0.5399999618530273,1.0,1.0
4,4250,25000,0.2929413914680481,0.3837161064147949,4.441582746039785e-08,1.0,4.441582746039785e-08,0.00020314304856583476,0.0013920818455517292,0.005425464361906052,0.016563821583986282,0.04730122536420822,0.1481139212846756,0.5,0.5299999713897705,1.0,1.0
4,4260,25000,0.29303330183029175,0.38370174169540405,3.076631927001472e-08,1.0,3.076631927001472e-08,0.0002014346537180245,0.0014082894194871187,0.005342599470168352,0.016773860901594162,0.0471164733171463,0.14889290928840637,0.5,0.5364200472831726,1.0,1.0
4,4270,25000,0.29296132922172546,0.3837275207042694,3.933697456659502e-08,1.0,3.933697456659502e-08,0.00020396537729538977,0.0014072124613448977,0.005400906316936016,0.016735492274165154,0.04746518284082413,0.14823710918426514,0.5,0.5399999618530273,1.0,1.0
4,4280,25000,0.2930206060409546,0.38371774554252625,4.5471232112959115e-08,1.0,4.5471232112959115e-08,0.00020370360289234668,0.0014106493908911943,0.005348732694983482,0.01660459116101265,0.04770682752132416,0.14760233461856842,0.5,0.5399999618530273,1.0,1.0
4,4290,25000,0.29311665892601013,0.3836568295955658,4.251244334341209e-08,1.0,4.251244334341209e-08,0.00020500442769844085,0.0013844247441738844,0.005425474606454372,0.016600487753748894,0.04801681637763977,0.1502039134502411,0.5,0.5399999618530273,1.0,1.0
4,4300,25000,0.2930120825767517,0.383713036775589,4.7893390586750684e-08,1.0,4.7893390586750684e-08,0.0002012113982345909,0.001367039978504181,0.0053549110889434814,0.01671121083199978,0.04790583997964859,0.15035167336463928,0.5,0.5375844240188599,1.0,1.0
4,4310,25000,0.29292693734169006,0.3836870789527893,4.315154811251887e-08,1.0,4.315154811251887e-08,0.00020064046839252114,0.0013907281681895256,0.005323669873178005,0.016744744032621384,0.04718925803899765,0.14817053079605103,0.5,0.537701427936554,1.0,1.0
4,4320,25000,0.2928932011127472,0.38371819257736206,3.6126532876323836e-08,1.0,3.6126532876323836e-08,0.00020304648205637932,0.0013863513013347983,0.005349134095013142,0.016969555988907814,0.047175876796245575,0.14763669669628143,0.5,0.5366820096969604,1.0,1.0
4,4330,25000,0.2929733693599701,0.38368067145347595,4.319753799109094e-08,1.0,4.319753799109094e-08,0.00019778408750426024,0.0014060185058042407,0.005326488055288792,0.01666104979813099,0.04804253578186035,0.14973989129066467,0.5,0.5399999618530273,1.0,1.0
4,4340,25000,0.29292818903923035,0.3837250769138336,4.111990037358737e-08,1.0,4.111990037358737e-08,0.00020354265870992094,0.001404084381647408,0.005368675105273724,0.016674945130944252,0.04784468561410904,0.14845818281173706,0.5,0.5339880585670471,1.0,1.0
4,4350,25000,0.2930257022380829,0.3837113678455353,5.840296424253211e-08,1.0,5.840296424253211e-08,0.000201769798877649,0.0014058449305593967,0.005321210715919733,0.01650296151638031,0.047427453100681305,0.1483427733182907,0.5,0.5329542756080627,1.0,1.0
4,4360,25000,0.2930552065372467,0.3837631344795227,3.0690745944639275e-08,1.0,3.0690745944639275e-08,0.00020440963271539658,0.0013914237497374415,0.005388844292610884,0.016838515177369118,0.04723072797060013,0.1475391685962677,0.5,0.5333561897277832,1.0,1.0
4,4370,25000,0.29312634468078613,0.3837359547615051,4.5872734943941396e-08,1.0,4.5872734943941396e-08,0.00020065279386471957,0.0013723118463531137,0.0052411979995667934,0.016491113230586052,0.047871917486190796,0.1467159539461136,0.5,0.5393473505973816,1.0,1.0
4,4380,25000,0.29307255148887634,0.38376671075820923,3.7016857135085957e-08,1.0,3.7016857135085957e-08,0.0002058479149127379,0.0013797064311802387,0.00529821589589119,0.01676616258919239,0.047854382544755936,0.14907397329807281,0.5,0.5399252772331238,1.0,1.0
4,4390,25000,0.29310569167137146,0.3837183713912964,4.016150612073943e-08,1.0,4.016150612073943e-08,0.00020401437359396368,0.0014082222478464246,0.005377019289880991,0.01678910106420517,0.04769241064786911,0.14886599779129028,0.5,0.5399999618530273,1.0,1.0
4,4400,25000,0.2929001450538635,0.3837335705757141,4.70700776133981e-08,1.0,4.70700776133981e-08,0.00020694492559414357,0.0013980903895571828,0.005377463065087795,0.016694465652108192,0.04763138294219971,0.14749345183372498,0.5,0.5362175107002258,1.0,1.0
4,4410,25000,0.29299700260162354,0.3837158679962158,4.4652967545744104e-08,1.0,4.4652967545744104e-08,0.00020473284530453384,0.0013911807909607887,0.00535932881757617,0.01649569347500801,0.04742391034960747,0.14715281128883362,0.5,0.5399999618530273,1.0,1.0
4,4420,25000,0.29305288195610046,0.3836800158023834,3.646814761282258e-08,1.0,3.646814761282258e-08,0.0002018662926275283,0.0013816052814945579,0.005423440132290125,0.016562139615416527,0.04774788022041321,0.1467190533876419,0.5,0.5332772731781006,1.0,1.0
4,4430,25000,0.29298684000968933,0.38368159532546997,4.020357735612379e-08,1.0,4.020357735612379e-08,0.00019808189244940877,0.001393487793393433,0.005399276968091726,0.01652555912733078,0.04793224483728409,0.14736786484718323,0.5,0.5399999618530273,1.0,1.0
4,4440,25000,0.2929026484489441,0.38367557525634766,3.566598039128621e-08,1.0,3.566598039128621e-08,0.00020393911108840257,0.0013834298588335514,0.005375121720135212,0.016800034791231155,0.04789106547832489,0.14815489947795868,0.5,0.5352546572685242,1.0,1.0
4,4450,25000,0.2929496467113495,0.38368213176727295,4.417721299887489e-08,1.0,4.417721299887489e-08,0.00020582135766744614,0.0013899286277592182,0.005422311369329691,0.016695793718099594,0.04785231128334999,0.14775501191616058,0.5,0.5378026962280273,1.0,1.0
4,4460,25000,0.2930726408958435,0.3837149143218994,5.576606554313912e-08,1.0,5.576606554313912e-08,0.00020563772704917938,0.001372374827042222,0.005304520484060049,0.016690516844391823,0.04748810455203056,0.14910054206848145,0.5,0.5399999618530273,1.0,1.0
4,4470,25000,0.29302725195884705,0.3837147355079651,3.057439457165856e-08,1.0,3.057439457165856e-08,0.00020095960644539446,0.0013903453946113586,0.005349060520529747,0.016610829159617424,0.04833536595106125,0.1483335793018341,0.5,0.5399999618530273,1.0,1.0
4,4480,25000,0.292955219745636,0.38371193408966064,3.7811812347854357e-08,1.0,3.7811812347854357e-08,0.00020476557256188244,0.0014001491945236921,0.005392494145780802,0.016623061150312424,0.04785726219415665,0.14765483140945435,0.5,0.5345032215118408,1.0,1.0
4,4490,25000,0.29304519295692444,0.3837534189224243,3.874650644775102e-08,1.0,3.874650644775102e-08,0.00020252689137123525,0.001399229047819972,0.00534167280420661,0.016732897609472275,0.04704747349023819,0.14884276688098907,0.5,0.5366823077201843,1.0,1.0
4,4500,25000,0.29296866059303284,0.3837255537509918,3.317218499887531e-08,1.0,3.317218499887531e-08,0.00020534520444925874,0.001412421464920044,0.005353376269340515,0.016530990600585938,0.04761599004268646,0.1487068235874176,0.5,0.5375472903251648,1.0,1.0
4,4510,25000,0.29306238889694214,0.3836977779865265,3.0298686226615246e-08,1.0,3.0298686226615246e-08,0.00020482453692238778,0.0014035530621185899,0.005391272250562906,0.016483647748827934,0.0473734587430954,0.14860963821411133,0.5,0.5399999618530273,1.0,1.0
4,4520,25000,0.29295074939727783,0.38373783230781555,3.418205807292907e-08,1.0,3.418205807292907e-08,0.00020248271175660193,0.0014036730863153934,0.005419849883764982,0.016704348847270012,0.04769866168498993,0.1476859450340271,0.5,0.5364260673522949,1.0,1.0
4,4530,25000,0.29301944375038147,0.3836216330528259,4.7068812847328445e-08,1.0,4.7068812847328445e-08,0.00020244547340553254,0.0013685254380106926,0.005346082150936127,0.016806742176413536,0.04775037243962288,0.14825382828712463,0.5,0.5303707122802734,1.0,1.0
4,4540,25000,0.29299119114875793,0.3837457001209259,3.666616521513788e-08,1.0,3.666616521513788e-08,0.00020573142683133483,0.0014064526185393333,0.005354763474315405,0.016573896631598473,0.04732227325439453,0.14818009734153748,0.5,0.5399999618530273,1.0,1.0
4,4550,25000,0.2929990887641907,0.38371649384498596,3.8190574258578636e-08,1.0,3.8190574258578636e-08,0.00020579162810463458,0.0013958290219306946,0.005378767382353544,0.016632642596960068,0.04742150381207466,0.14875102043151855,0.5,0.5399999618530273,1.0,1.0
4,4560,25000,0.29314687848091125,0.38370034098625183,3.629330080912041e-08,1.0,3.629330080912041e-08,0.00020133577345404774,0.0013928654370829463,0.005352233536541462,0.01680132746696472,0.047662027180194855,0.148548886179924,0.5,0.5399999618530273,1.0,1.0
4,4570,25000,0.293040007352829,0.383758544921875,3.222585576168058e-08,1.0,3.222585576168058e-08,0.00019973366579506546,0.0014054619241505861,0.005296605173498392,0.016670947894454002,0.04716555029153824,0.1478428989648819,0.5,0.5385808348655701,1.0,1.0
4,4580,25000,0.2929733991622925,0.38372236490249634,4.2581906001259995e-08,1.0,4.2581906001259995e-08,0.00019890359544660896,0.0013756006956100464,0.00537016149610281,0.016687238588929176,0.04777761176228523,0.1478910595178604,0.5,0.5384522080421448,1.0,1.0
4,4590,25000,0.29298752546310425,0.3836929202079773,3.702801976146475e-08,1.0,3.702801976146475e-08,0.0002004904963541776,0.001396619132719934,0.005325522739440203,0.016575446352362633,0.0472186803817749,0.14820143580436707,0.5,0.5399999618530273,1.0,1.0
4,4600,25000,0.29302358627319336,0.38375625014305115,3.838308870740548e-08,1.0,3.838308870740548e-08,0.00020324236538726836,0.0013860539766028523,0.005452356301248074,0.01653965562582016,0.04754553735256195,0.14771881699562073,0.5,0.5346068143844604,1.0,1.0
4,4610,25000,0.2930295169353485,0.3837377429008484,4.163075573160313e-08,1.0,4.163075573160313e-08,0.00020200965809635818,0.0014074312057346106,0.005414487328380346,0.016624324023723602,0.04740620404481888,0.14954088628292084,0.5,0.5344030261039734,1.0,1.0
4,4620,25000,0.2929515242576599,0.3837043344974518,3.583752672398077e-08,1.0,3.583752672398077e-08,0.00020464045519474894,0.0013944540405645967,0.005297062918543816,0.01670873910188675,0.04765164107084274,0.14833727478981018,0.5,0.5366581082344055,1.0,1.0
4,4630,25000,0.2929226756095886,0.38367927074432373,3.225126832262504e-08,1.0,3.225126832262504e-08,0.00020048918668180704,0.0013853911077603698,0.005318521521985531,0.01671755500137806,0.04804006218910217,0.1472582370042801,0.5,0.5355083346366882,1.0,1.0
4,4640,25000,0.29287096858024597,0.3836822509765625,4.140942166941386e-08,1.0,4.140942166941386e-08,0.00020560692064464092,0.0013743913732469082,0.005399059504270554,0.016823628917336464,0.04730485379695892,0.1475997418165207,0.5,0.5335294008255005,1.0,1.0
4,4650,25000,0.2928242087364197,0.38372278213500977,3.998078668132621e-08,1.0,3.998078668132621e-08,0.00020253272668924183,0.0014158703852444887,0.005332568660378456,0.01669321209192276,0.047742731869220734,0.14531540870666504,0.5,0.5335502028465271,1.0,1.0
4,4660,25000,0.29283279180526733,0.3836660087108612,3.7619713566527935e-08,1.0,3.7619713566527935e-08,0.0002013222547248006,0.0014205191982910037,0.005294108763337135,0.016459498554468155,0.04741698503494263,0.148720845580101,0.5,0.5299999713897705,1.0,1.0
4,4670,25000,0.29299575090408325,0.38377293944358826,3.7161512977945677e-08,1.0,3.7161512977945677e-08,0.00019888029783032835,0.00139634869992733,0.005327287130057812,0.01661914773285389,0.04754822328686714,0.1456703543663025,0.5,0.5399999618530273,1.0,1.0
4,4680,25000,0.29290565848350525,0.383699893951416,4.4129990328656277e-08,1.0,4.4129990328656277e-08,0.00020154312369413674,0.0013839529128745198,0.005396445747464895,0.016621779650449753,0.04781065136194229,0.14991721510887146,0.5,0.536200761795044,1.0,1.0
4,4690,25000,0.29295894503593445,0.3837100565433502,3.454794850199505e-08,1.0,3.454794850199505e-08,0.00020277811563573778,0.0013816083082929254,0.005386115983128548,0.016519326716661453,0.04796604812145233,0.14700140058994293,0.5,0.5398765802383423,1.0,1.0
4,4700,25000,0.2929791808128357,0.38374921679496765,3.670060522154017e-08,1.0,3.670060522154017e-08,0.00020046289137098938,0.0014018992660567164,0.0054342057555913925,0.016519231721758842,0.04732520133256912,0.14794152975082397,0.5,0.5374568700790405,1.0,1.0
4,4710,25000,0.29291385412216187,0.3836650252342224,3.936815318184017e-08,1.0,3.936815318184017e-08,0.00020012215827591717,0.0013965815305709839,0.005332659464329481,0.016601279377937317,0.04716821387410164,0.1474209576845169,0.5,0.532843828201294,1.0,1.0
4,4720,25000,0.2930701971054077,0.38372212648391724,4.317746515880572e-08,1.0,4.317746515880572e-08,0.00020610039064195007,0.0014061928959563375,0.005392389837652445,0.016568953171372414,0.047189027070999146,0.14836348593235016,0.5,0.5367416143417358,1.0,1.0
4,4730,25000,0.2929404675960541,0.38378793001174927,3.91318870640589e-08,1.0,3.91318870640589e-08,0.00020447779388632625,0.001381277572363615,0.005398313049226999,0.016476882621645927,0.047502800822257996,0.14717987179756165,0.5,0.5399999618530273,1.0,1.0
4,4740,25000,0.2930346727371216,0.3837173879146576,3.9825383879588117e-08,1.0,3.9825383879588117e-08,0.00020246239728294313,0.0014067054726183414,0.005349821876734495,0.016446853056550026,0.04755716770887375,0.1483183205127716,0.5,0.5353361368179321,1.0,1.0
4,4750,25000,0.29300248622894287,0.38373029232025146,3.83929048553e-08,1.0,3.83929048553e-08,0.00020175949612166733,0.001402778783813119,0.005278089549392462,0.016699383035302162,0.047632187604904175,0.14703580737113953,0.5,0.5301499962806702,1.0,1.0
4,4760,25000,0.29302141070365906,0.38371747732162476,5.095122546094899e-08,1.0,5.095122546094899e-08,0.00020327487436588854,0.0013881883351132274,0.005353832617402077,0.01653314009308815,0.048001550137996674,0.14841897785663605,0.5,0.5399999618530273,1.0,1.0
4,4770,25000,0.2929859757423401,0.3837827146053314,4.040517609382732e-08,1.0,4.040517609382732e-08,0.00019793174578808248,0.0013824827037751675,0.00539249274879694,0.016681669279932976,0.0478544682264328,0.1458265781402588,0.5,0.5399999618530273,1.0,1.0
4,4780,25000,0.2929878532886505,0.38376274704933167,4.679900555970562e-08,1.0,4.679900555970562e-08,0.00019977868942078203,0.0013709447812289,0.0053083933889865875,0.01656840555369854,0.04721468687057495,0.14899598062038422,0.5,0.5377160310745239,1.0,1.0
4,4790,25000,0.29309359192848206,0.3837665319442749,3.480214161299955e-08,1.0,3.480214161299955e-08,0.0002038553502643481,0.001385904266498983,0.005307507235556841,0.016803942620754242,0.04765504598617554,0.14841721951961517,0.5,0.5399999618530273,1.0,1.0
4,4800,25000,0.29307401180267334,0.38377049565315247,3.21026440985861e-08,1.0,3.21026440985861e-08,0.0001958725624717772,0.0014061125693842769,0.005353916902095079,0.01651674322783947,0.0478510856628418,0.14754939079284668,0.5,0.5399999618530273,1.0,1.0
4,4810,25000,0.2929422855377197,0.38374650478363037,4.50948896002501e-08,1.0,4.50948896002501e-08,0.00020352148567326367,0.001396407256834209,0.005380991380661726,0.01654123328626156,0.047897085547447205,0.14844097197055817,0.5,0.5399999618530273,1.0,1.0
4,4820,25000,0.29292726516723633,0.3837452530860901,3.9410647190152304e-08,1.0,3.9410647190152304e-08,0.00019775592954829335,0.0013801839668303728,0.00531012611463666,0.016447752714157104,0.04720315337181091,0.14784535765647888,0.5,0.5392183065414429,1.0,1.0
4,4830,25000,0.29300233721733093,0.38374459743499756,3.610123044950342e-08,1.0,3.610123044950342e-08,0.00019903566862922162,0.0014026821590960026,0.0054256184957921505,0.01638813689351082,0.04727032035589218,0.1473565548658371,0.5,0.5399999618530273,1.0,1.0
4,4840,25000,0.29305312037467957,0.3836830258369446,3.541298809750515e-08,1.0,3.541298809750515e-08,0.00020386850519571453,0.0013980516232550144,0.005346034187823534,0.016630075871944427,0.04765692353248596,0.14809180796146393,0.5,0.5299999713897705,1.0,1.0
4,4850,25000,0.2929578721523285,0.38373443484306335,3.6002852255023754e-08,1.0,3.6002852255023754e-08,0.00020702682377304882,0.0014079238753765821,0.005306384991854429,0.016447801142930984,0.047603998333215714,0.14856554567813873,0.5,0.5339562296867371,1.0,1.0
4,4860,25000,0.29298335313796997,0.38368892669677734,3.131041026449566e-08,1.0,3.131041026449566e-08,0.00020309878163971007,0.001388253178447485,0.005388341378420591,0.016657348722219467,0.04761774092912674,0.14768734574317932,0.5,0.5319337248802185,1.0,1.0
4,4870,25000,0.2930363714694977,0.3836798071861267,3.5592602642964266e-08,1.0,3.5592602642964266e-08,0.00020579792908392847,0.00139851204585284,0.0053468132391572,0.016714992001652718,0.047381721436977386,0.150053009390831,0.5,0.5389528870582581,1.0,1.0
4,4880,25000,0.2929345965385437,0.3837563991546631,3.361038025673224e-08,1.0,3.361038025673224e-08,0.00020389666315168142,0.001401639194227755,0.005340898875147104,0.016436200588941574,0.04771193861961365,0.14647839963436127,0.5,0.5357112884521484,1.0,1.0
4,4890,25000,0.2929181158542633,0.38371115922927856,3.9827309450402026e-08,1.0,3.9827309450402026e-08,0.00021034987003076822,0.0013876368757337332,0.005395866930484772,0.01664331927895546,0.047799497842788696,0.14658001065254211,0.5,0.5368655920028687,1.0,1.0
4,4900,25000,0.29298755526542664,0.3836914896965027,3.575708618086537e-08,1.0,3.575708618086537e-08,0.0002040794788626954,0.0014012488536536694,0.005346585996448994,0.016852710396051407,0.047486767172813416,0.14795036613941193,0.5,0.5334346294403076,1.0,1.0
4,4910,25000,0.2929826080799103,0.38369521498680115,3.612395005347935e-08,1.0,3.612395005347935e-08,0.0002047505258815363,0.0014025121927261353,0.0054148780182003975,0.016621414572000504,0.04795750230550766,0.14868766069412231,0.5,0.5399999618530273,1.0,1.0
4,4920,25000,0.29309701919555664,0.38374096155166626,3.901789469296091e-08,1.0,3.901789469296091e-08,0.000208253986784257,0.0013729039346799254,0.005242848768830299,0.016658443957567215,0.04733504354953766,0.14945504069328308,0.5,0.5317703485488892,1.0,1.0
4,4930,25000,0.2929099202156067,0.3837582767009735,3.7192737778468654e-08,1.0,3.7192737778468654e-08,0.00020144500012975186,0.00137840467505157,0.005446923431009054,0.016677331179380417,0.04733508080244064,0.14825186133384705,0.5,0.5396373271942139,1.0,1.0
4,4940,25000,0.29299071431159973,0.383716344833374,3.7129652241674194e-08,1.0,3.7129652241674194e-08,0.00020171354117337614,0.0013791589299216866,0.005362829193472862,0.016783015802502632,0.0474860742688179,0.14722241461277008,0.5,0.5329578518867493,1.0,1.0
4,4950,25000,0.2930029630661011,0.3838006854057312,4.049561397323487e-08,1.0,4.049561397323487e-08,0.0002073862706311047,0.0013699228875339031,0.005359567701816559,0.016543909907341003,0.047682784497737885,0.1473313421010971,0.5,0.5398560166358948,1.0,1.0
4,4960,25000,0.29286280274391174,0.3837311267852783,2.775478691319222e-08,1.0,2.775478691319222e-08,0.00020862880046479404,0.0013998602516949177,0.005314154084771872,0.01659386046230793,0.04745563119649887,0.1484174132347107,0.5,0.5376259684562683,1.0,1.0
4,4970,25000,0.29298847913742065,0.3837624192237854,4.667561270821352e-08,1.0,4.667561270821352e-08,0.00020167850016150624,0.0013767968630418181,0.005370325408875942,0.01666245423257351,0.04730817675590515,0.14690662920475006,0.5,0.539862871170044,1.0,1.0
4,4980,25000,0.29312965273857117,0.38376384973526,4.365537975559164e-08,1.0,4.365537975559164e-08,0.00020350122940726578,0.00140168028883636,0.005277012474834919,0.016711920499801636,0.04760162532329559,0.14937140047550201,0.5,0.5398598909378052,1.0,1.0
4,4990,25000,0.29295244812965393,0.38376307487487793,3.576203155830626e-08,1.0,3.576203155830626e-08,0.0002042423002421856,0.0013930605491623282,0.005395015235990286,0.016594018787145615,0.04753793403506279,0.14955571293830872,0.5,0.5380455255508423,1.0,1.0
4,5000,25000,0.29300621151924133,0.3836839497089386,3.251181013297355e-08,1.0,3.251181013297355e-08,0.00020431695156730711,0.0014227450592443347,0.005271113943308592,0.016711413860321045,0.047359954565763474,0.14894649386405945,0.5,0.5355477333068848,1.0,1.0
4,5010,25000,0.29301688075065613,0.3837144076824188,3.533697778834721e-08,1.0,3.533697778834721e-08,0.00020346909877844155,0.0013999976217746735,0.005286274943500757,0.01657550409436226,0.04780920594930649,0.14809976518154144,0.5,0.5399999618530273,1.0,1.0
4,5020,25000,0.29295146465301514,0.3837270140647888,3.45367787701889e-08,1.0,3.45367787701889e-08,0.00019988333224318922,0.0013966558035463095,0.005366037599742413,0.01670541800558567,0.04792504385113716,0.14820782840251923,0.5,0.5363806486129761,1.0,1.0
4,5030,25000,0.29291605949401855,0.3837076425552368,3.251163960271697e-08,1.0,3.251163960271697e-08,0.00020800581842195243,0.0013986151898279786,0.005395245738327503,0.016631988808512688,0.04768381267786026,0.14734435081481934,0.5,0.5370968580245972,1.0,1.0
4,5040,25000,0.2928999960422516,0.3838157653808594,4.107142359544014e-08,1.0,4.107142359544014e-08,0.0002023757842835039,0.0013930826680734754,0.005372205283492804,0.016472963616251945,0.047454044222831726,0.1466815173625946,0.5,0.5399999618530273,1.0,1.0
4,5050,25000,0.2930642068386078,0.3836918771266937,3.3227347984166045e-08,1.0,3.3227347984166045e-08,0.00020511995535343885,0.0014035827480256557,0.00538908364251256,0.016788771376013756,0.04794108867645264,0.1486731469631195,0.5,0.5399999618530273,1.0,1.0
4,5060,25000,0.2929435074329376,0.38378986716270447,5.5190628955870125e-08,1.0,5.5190628955870125e-08,0.00020549324108287692,0.0013909913832321763,0.005444690585136414,0.01656714454293251,0.04721876233816147,0.14775530993938446,0.5,0.5375890135765076,1.0,1.0
4,5070,25000,0.2930024564266205,0.38370102643966675,3.454648123124571e-08,1.0,3.454648123124571e-08,0.00020671934180427343,0.0013877453748136759,0.005336690694093704,0.016519030556082726,0.0473543182015419,0.15005353093147278,0.5,0.5375955700874329,1.0,1.0
4,5080,25000,0.29300907254219055,0.38380345702171326,3.444423413156983e-08,1.0,3.444423413156983e-08,0.00020040789968334138,0.0014231705572456121,0.005363658536225557,0.016593098640441895,0.04787177965044975,0.14786192774772644,0.5,0.5399999618530273,1.0,1.0
4,5090,25000,0.29292264580726624,0.38374871015548706,4.2590553306354195e-08,1.0,4.2590553306354195e-08,0.000202758121304214,0.0014012512983754277,0.005338504910469055,0.01670614443719387,0.04772532358765602,0.14855046570301056,0.5,0.5399999618530273,1.0,1.0
4,5100,25000,0.2929418087005615,0.38370877504348755,4.182831858656755e-08,1.0,4.182831858656755e-08,0.0001993295445572585,0.0013925950042903423,0.0054296450689435005,0.016567662358283997,0.04653966799378395,0.14768390357494354,0.5,0.537775456905365,1.0,1.0
4,5110,25000,0.2929342985153198,0.3837282955646515,3.469038389880552e-08,1.0,3.469038389880552e-08,0.00020235984993632883,0.0013720026472583413,0.005294571630656719,0.01667947694659233,0.047892291098833084,0.14649690687656403,0.5,0.5397210121154785,1.0,1.0
4,5120,25000,0.2929272949695587,0.3836882412433624,3.8699273119391364e-08,1.0,3.8699273119391364e-08,0.00020688406948465854,0.001398676191456616,0.005331108812242746,0.016846297308802605,0.047814980149269104,0.14636194705963135,0.5,0.5344529151916504,1.0,1.0
4,5130,25000,0.2929091155529022,0.38372036814689636,3.525077119093112e-08,1.0,3.525077119093112e-08,0.00020253780530765653,0.001368176657706499,0.005389932543039322,0.01675695925951004,0.04726683348417282,0.1482190191745758,0.5,0.5399999618530273,1.0,1.0
4,5140,25000,0.29298004508018494,0.38374075293540955,4.6975401346571743e-08,1.0,4.6975401346571743e-08,0.00020397594198584557,0.0013991183368489146,0.005328505299985409,0.016817457973957062,0.048193953931331635,0.14767654240131378,0.5,0.532432496547699,1.0,1.0
4,5150,25000,0.292904257774353,0.38367393612861633,3.8000102620117104e-08,1.0,3.8000102620117104e-08,0.00020236021373420954,0.0013931200373917818,0.005324882920831442,0.0166164580732584,0.047964178025722504,0.15031394362449646,0.5,0.5351682305335999,1.0,1.0
4,5160,25000,0.2929716110229492,0.38373327255249023,3.566738016047566e-08,1.0,3.566738016047566e-08,0.00020108306489419192,0.0013876863522455096,0.005321792792528868,0.016577893868088722,0.047427207231521606,0.1473136991262436,0.5,0.5374025106430054,1.0,1.0
4,5170,25000,0.2930275499820709,0.3837183117866516,3.523802760696526e-08,1.0,3.523802760696526e-08,0.00020465502166189253,0.001392844715155661,0.005396711174398661,0.016904771327972412,0.04757934808731079,0.14901749789714813,0.5,0.5399999618530273,1.0,1.0
4,5180,25000,0.29292818903923035,0.3837572932243347,3.964404982070846e-08,1.0,3.964404982070846e-08,0.0002048060850938782,0.0014017369830980897,0.005427206866443157,0.016701284795999527,0.047582149505615234,0.1478869467973709,0.5,0.5398808717727661,1.0,1.0
4,5190,25000,0.2930039167404175,0.3837265968322754,3.832894179822688e-08,1.0,3.832894179822688e-08,0.000198699242901057,0.00138527259696275,0.005374637432396412,0.01670096628367901,0.04767248407006264,0.14777186512947083,0.5,0.5399999618530273,1.0,1.0
4,5200,25000,0.2929469347000122,0.3837234079837799,4.010328424897125e-08,1.0,4.010328424897125e-08,0.00020181675790809095,0.0013936259783804417,0.005420390982180834,0.016782963648438454,0.0472218319773674,0.14767426252365112,0.5,0.5374417901039124,1.0,1.0
4,5210,25000,0.29300782084465027,0.3836708962917328,3.737147125093543e-08,1.0,3.737147125093543e-08,0.00020549556938931346,0.0013792825629934669,0.005423804745078087,0.016682401299476624,0.047038640826940536,0.14785677194595337,0.5,0.5369211435317993,1.0,1.0
4,5220,25000,0.29302963614463806,0.3837139308452606,3.400374026796271e-08,1.0,3.400374026796271e-08,0.0002026817383011803,0.0014171825023368,0.005273065529763699,0.016612600535154343,0.047470055520534515,0.148601695895195,0.5,0.5398420095443726,1.0,1.0
4,5230,25000,0.29288992285728455,0.3837052881717682,4.1655500382375976e-08,1.0,4.1655500382375976e-08,0.00020314189896453172,0.0013784874463453889,0.005445953458547592,0.01656719110906124,0.04699765145778656,0.14827628433704376,0.5,0.5373769998550415,1.0,1.0
4,5240,25000,0.2930672764778137,0.3836933374404907,4.1223970015380473e-08,1.0,4.1223970015380473e-08,0.00019964970124419779,0.0013860928593203425,0.005394552834331989,0.01671862043440342,0.04778958484530449,0.1477799415588379,0.5,0.5399999618530273,1.0,1.0
4,5250,25000,0.29302656650543213,0.3837921917438507,4.197484315682232e-08,1.0,4.197484315682232e-08,0.00020440797379706055,0.0013692565262317657,0.005461101885885,0.016764644533395767,0.04817105829715729,0.14747336506843567,0.5,0.5399999618530273,1.0,1.0
4,5260,25000,0.29294678568840027,0.38374853134155273,4.414656373796788e-08,1.0,4.414656373796788e-08,0.00020502293773461133,0.0014177459524944425,0.005376358050853014,0.01653541810810566,0.04713776707649231,0.14838020503520966,0.5,0.5300543904304504,1.0,1.0
4,5270,25000,0.29298681020736694,0.3837958872318268,4.3205552913150314e-08,1.0,4.3205552913150314e-08,0.00020097946980968118,0.0013889066176488996,0.00528733292594552,0.01669040322303772,0.0471419021487236,0.14716403186321259,0.5,0.53911954164505,1.0,1.0
4,5280,25000,0.2929333448410034,0.3837771415710449,3.486152166942702e-08,1.0,3.486152166942702e-08,0.00019957251788582653,0.0014063314301893115,0.005390932783484459,0.016639607027173042,0.047796107828617096,0.1474687159061432,0.5,0.5399999618530273,1.0,1.0
4,5290,25000,0.29296553134918213,0.3837258219718933,3.654277236364578e-08,1.0,3.654277236364578e-08,0.00020433016470633447,0.0014197577256709337,0.005376636516302824,0.01676839590072632,0.047352392226457596,0.1484033465385437,0.5,0.5399999618530273,1.0,1.0
4,5300,25000,0.2929011285305023,0.3837905824184418,3.782590951573184e-08,1.0,3.782590951573184e-08,0.0002072826464427635,0.0013630044413730502,0.005360235460102558,0.01663285121321678,0.04715952277183533,0.14672398567199707,0.5,0.5349617600440979,1.0,1.0
4,5310,25000,0.2930365204811096,0.3837393522262573,3.9887552816253447e-08,1.0,3.9887552816253447e-08,0.00020457070786505938,0.001360029331408441,0.005281233694404364,0.016685929149389267,0.04759449139237404,0.1482667475938797,0.5,0.5399999618530273,1.0,1.0
4,5320,25000,0.2930586338043213,0.383826345205307,3.634128376006629e-08,1.0,3.634128376006629e-08,0.00020454807963687927,0.0014054881175979972,0.005314215552061796,0.016532979905605316,0.047216638922691345,0.14758965373039246,0.5,0.5333375930786133,1.0,1.0
4,5330,25000,0.2930135726928711,0.38372722268104553,3.306235996092255e-08,1.0,3.306235996092255e-08,0.00020236341515555978,0.0013560083461925387,0.0053792246617376804,0.016611864790320396,0.04712986201047897,0.14851027727127075,0.5,0.5299999713897705,1.0,1.0
4,5340,25000,0.29313424229621887,0.3837314248085022,3.9234684834354994e-08,1.0,3.9234684834354994e-08,0.0002013971097767353,0.0013738262932747602,0.005353955551981926,0.01673714630305767,0.04747740179300308,0.14864763617515564,0.5,0.5399999618530273,1.0,1.0
4,5350,25000,0.29300352931022644,0.3837965726852417,4.179840118467837e-08,1.0,4.179840118467837e-08,0.00019836351566482335,0.0013746714685112238,0.005374328698962927,0.01654728129506111,0.04792385920882225,0.14834579825401306,0.5,0.5399999618530273,1.0,1.0
4,5360,25000,0.293042927980423,0.38375845551490784,4.320269297863888e-08,1.0,4.320269297863888e-08,0.0002020202373387292,0.0013813890982419252,0.005332296248525381,0.016623230651021004,0.0475538931787014,0.14799372851848602,0.5,0.5399999618530273,1.0,1.0
4,5370,25000,0.2930859625339508,0.3837481439113617,2.8566548238018186e-08,1.0,2.8566548238018186e-08,0.0002006714348681271,0.0013823906192556024,0.005368060898035765,0.016489146277308464,0.04783950001001358,0.14850403368473053,0.5,0.5335988402366638,1.0,1.0
4,5380,25000,0.293069452047348,0.3837343752384186,3.5173037815638963e-08,1.0,3.5173037815638963e-08,0.00020082421542610973,0.0013799227308481932,0.005462280474603176,0.01662805862724781,0.04776964336633682,0.14764834940433502,0.5,0.5399547219276428,1.0,1.0
4,5390,25000,0.29290932416915894,0.38375720381736755,3.244697666104912e-08,1.0,3.244697666104912e-08,0.00020272798428777605,0.0013997395290061831,0.005337084177881479,0.016697848215699196,0.04790282994508743,0.14806626737117767,0.5,0.5399999618530273,1.0,1.0
4,5400,25000,0.29297155141830444,0.38365671038627625,4.013376653233536e-08,1.0,4.013376653233536e-08,0.00020244163169991225,0.0013941220240667462,0.005319840740412474,0.016497481614351273,0.047929078340530396,0.14652492105960846,0.5,0.5399999618530273,1.0,1.0
4,5410,25000,0.29303261637687683,0.38373640179634094,4.3587860432126035e-08,1.0,4.3587860432126035e-08,0.00019987317500635982,0.0013816208811476827,0.0053271339274942875,0.016732729971408844,0.04729003086686134,0.1487407237291336,0.5,0.534184455871582,1.0,1.0
4,5420,25000,0.29292067885398865,0.3837253153324127,3.7703735245031567e-08,1.0,3.7703735245031567e-08,0.00020020270312670618,0.0013989333529025316,0.005387175362557173,0.016438160091638565,0.04741467535495758,0.14647164940834045,0.5,0.5356237292289734,1.0,1.0
4,5430,25000,0.29301008582115173,0.38370761275291443,3.588487018646447e-08,1.0,3.588487018646447e-08,0.0002018116065301001,0.0013775723055005074,0.005341969430446625,0.016906198114156723,0.04770292714238167,0.14840583503246307,0.5,0.5356935262680054,1.0,1.0
4,5440,25000,0.2929988205432892,0.3837472200393677,3.622683664161741e-08,1.0,3.622683664161741e-08,0.00020509031310211867,0.0014001046074554324,0.005384702235460281,0.01648266799747944,0.04746510088443756,0.14611206948757172,0.5,0.5369921922683716,1.0,1.0
4,5450,25000,0.2930165231227875,0.3837401270866394,2.789369624167648e-08,1.0,2.789369624167648e-08,0.00020672519167419523,0.0013704883167520165,0.005431116558611393,0.01662318967282772,0.04715290293097496,0.14901940524578094,0.5,0.5360565781593323,1.0,1.0
4,5460,25000,0.29300832748413086,0.3837488889694214,4.1220030055910684e-08,1.0,4.1220030055910684e-08,0.00020042421238031238,0.00138864538166672,0.005312004592269659,0.016792962327599525,0.04779941588640213,0.14768581092357635,0.5,0.5399999618530273,1.0,1.0
4,5470,25000,0.29289352893829346,0.383758544921875,4.378501472501739e-08,1.0,4.378501472501739e-08,0.00020609592320397496,0.0014004738768562675,0.005371158476918936,0.016728051006793976,0.047670282423496246,0.145786315202713,0.5,0.536817729473114,1.0,1.0
4,5480,25000,0.29305532574653625,0.38372525572776794,4.044561663363311e-08,1.0,4.044561663363311e-08,0.00020421580120455474,0.0013698061229661107,0.005280857440084219,0.016678234562277794,0.047791339457035065,0.14817096292972565,0.5,0.538467526435852,1.0,1.0
4,5490,25000,0.292985200881958,0.3838396370410919,3.820380101160481e-08,1.0,3.820380101160481e-08,0.00020637390844058245,0.0013921541394665837,0.005399373825639486,0.016812177374958992,0.04726218432188034,0.14753922820091248,0.5,0.5399999618530273,1.0,1.0
4,5500,25000,0.2929333448410034,0.38375213742256165,4.048402146850094e-08,1.0,4.048402146850094e-08,0.00019975182658527046,0.0013815960846841335,0.0053654140792787075,0.01672266237437725,0.04725312069058418,0.14907577633857727,0.5,0.5328713655471802,1.0,1.0
4,5510,25000,0.2929750680923462,0.38372886180877686,3.966468753446861e-08,1.0,3.966468753446861e-08,0.00020482954278122634,0.001365595730021596,0.0053704180754721165,0.01657276041805744,0.04734278470277786,0.147788867354393,0.5,0.5399999618530273,1.0,1.0
4,5520,25000,0.29303333163261414,0.3837742209434509,5.6103225176684646e-08,1.0,5.6103225176684646e-08,0.00020431388111319393,0.00140869221650064,0.005402944982051849,0.016674650833010674,0.04746568202972412,0.1462625116109848,0.5,0.5399999618530273,1.0,1.0
4,5530,25000,0.29296037554740906,0.38367965817451477,3.7752162285187296e-08,1.0,3.7752162285187296e-08,0.00020397166372276843,0.0014073314378038049,0.005385814234614372,0.01673096790909767,0.04758327454328537,0.14898274838924408,0.5,0.53607177734375,1.0,1.0
4,5540,25000,0.29297763109207153,0.3837360143661499,4.200883907401476e-08,1.0,4.200883907401476e-08,0.0002029649040196091,0.0014005330158397555,0.005304820369929075,0.016405558213591576,0.04819253087043762,0.1483764350414276,0.5,0.5399999618530273,1.0,1.0
4,5550,25000,0.29299378395080566,0.3837534487247467,4.109605455937526e-08,1.0,4.109605455937526e-08,0.00020489186863414943,0.0014158381382003427,0.005353334825485945,0.01664968766272068,0.04734533652663231,0.1469520926475525,0.5,0.5350931286811829,1.0,1.0
4,5560,25000,0.29288288950920105,0.3837399482727051,3.69625858809286e-08,1.0,3.69625858809286e-08,0.00020422715169843286,0.001399813569150865,0.00535990996286273,0.016698380932211876,0.046919628977775574,0.14754937589168549,0.5,0.5376875996589661,1.0,1.0
4,5570,25000,0.2928917706012726,0.383755624294281,4.154370358833148e-08,1.0,4.154370358833148e-08,0.00019927408720832318,0.0014016330242156982,0.005293706897646189,0.016570167616009712,0.04748900234699249,0.1471473127603531,0.5,0.5399999618530273,1.0,1.0
4,5580,25000,0.2929684817790985,0.3836880922317505,2.965879808414229e-08,1.0,2.965879808414229e-08,0.000203578601940535,0.0013966626720502973,0.005453530233353376,0.01674746908247471,0.04736319184303284,0.1492995172739029,0.5,0.5307571887969971,1.0,1.0
4,5590,25000,0.2930479645729065,0.38370487093925476,3.814528426460129e-08,1.0,3.814528426460129e-08,0.00020217990095261484,0.0013841699110344052,0.00529260840266943,0.016714824363589287,0.04794495180249214,0.14992719888687134,0.5,0.5381432175636292,1.0,1.0
4,5600,25000,0.29295748472213745,0.38368701934814453,4.1385646909475327e-08,1.0,4.1385646909475327e-08,0.0002005809947149828,0.0013729860074818134,0.005384271498769522,0.01659713126718998,0.04789092391729355,0.14896045625209808,0.5,0.5299999713897705,1.0,1.0
4,5610,25000,0.2929753065109253,0.3836994171142578,3.8818726011413673e-08,1.0,3.8818726011413673e-08,0.0002013562188949436,0.0014001349918544292,0.005342638585716486,0.01674324832856655,0.047487616539001465,0.14687895774841309,0.5,0.5343236327171326,1.0,1.0
4,5620,25000,0.29300713539123535,0.38372060656547546,3.116349489573622e-08,1.0,3.116349489573622e-08,0.00020346001838333905,0.0014182955492287874,0.005354550667107105,0.016736872494220734,0.04730779677629471,0.14953190088272095,0.5,0.5376908183097839,1.0,1.0
4,5630,25000,0.2929931879043579,0.3837777376174927,3.958457739372534e-08,1.0,3.958457739372534e-08,0.0001999989035539329,0.0014271443942561746,0.005355961620807648,0.01656591333448887,0.04769985377788544,0.1485980749130249,0.5,0.5399999618530273,1.0,1.0
4,5640,25000,0.29305511713027954,0.3836136758327484,3.455926034234835e-08,1.0,3.455926034234835e-08,0.0002061041013803333,0.0013879579491913319,0.0053072660230100155,0.016808919608592987,0.047860223799943924,0.149510458111763,0.5,0.5349907279014587,1.0,1.0
4,5650,25000,0.29304414987564087,0.3837522864341736,3.221966338173843e-08,1.0,3.221966338173843e-08,0.00020457326900213957,0.0013979614013805985,0.005429504904896021,0.016738388687372208,0.04782402887940407,0.14603810012340546,0.5,0.5399999618530273,1.0,1.0
4,5660,25000,0.29304933547973633,0.3837212026119232,3.391098601923659e-08,1.0,3.391098601923659e-08,0.00020181068975944072,0.001374984858557582,0.005401925649493933,0.01647934876382351,0.04779144376516342,0.14826419949531555,0.5,0.5370669960975647,1.0,1.0
4,5670,25000,0.2929883897304535,0.3837388753890991,3.444632667992664e-08,1.0,3.444632667992664e-08,0.00020160862186457962,0.0013939691707491875,0.0053494651801884174,0.016732173040509224,0.04801972955465317,0.14804627001285553,0.5,0.5399999618530273,1.0,1.0
4,5680,25000,0.29310178756713867,0.383667916059494,3.810967896811235e-08,1.0,3.810967896811235e-08,0.00020099547691643238,0.0014221442397683859,0.005405075382441282,0.01678697019815445,0.04774921387434006,0.1478496491909027,0.5,0.5396742820739746,1.0,1.0
4,5690,25000,0.29300233721733093,0.3837583363056183,4.217201166056839e-08,1.0,4.217201166056839e-08,0.00020380863861646503,0.001384714967571199,0.005360568407922983,0.016616877168416977,0.04753511771559715,0.14738161861896515,0.5,0.5399999618530273,1.0,1.0
4,5700,25000,0.29300233721733093,0.3837326765060425,5.057229657268181e-08,1.0,5.057229657268181e-08,0.00020502640109043568,0.0014081635745242238,0.005298962816596031,0.01674337312579155,0.047685034573078156,0.14720207452774048,0.5,0.5351579189300537,1.0,1.0
4,5710,25000,0.29315266013145447,0.38379064202308655,4.149955046273135e-08,1.0,4.149955046273135e-08,0.00019836367573589087,0.001386785414069891,0.0053520044311881065,0.01680465042591095,0.04757022112607956,0.14841753244400024,0.5,0.5399999618530273,1.0,1.0
4,5720,25000,0.2929753065109253,0.3837638199329376,3.559122774277057e-08,1.0,3.559122774277057e-08,0.00020034043700434268,0.0013980349758639932,0.005336235277354717,0.016506869345903397,0.04766405373811722,0.14696946740150452,0.5,0.534599781036377,1.0,1.0
4,5730,25000,0.29298654198646545,0.3837403655052185,3.574436036046791e-08,1.0,3.574436036046791e-08,0.00020609382772818208,0.0013850439572706819,0.005356621462851763,0.016714584082365036,0.04707024246454239,0.1489427536725998,0.5,0.5394573211669922,1.0,1.0
4,5740,25000,0.2930770516395569,0.38375329971313477,3.726621145005993e-08,1.0,3.726621145005993e-08,0.00020282526384107769,0.0013938449556007981,0.005335080437362194,0.016871968284249306,0.04750816896557808,0.14784780144691467,0.5,0.5399999618530273,1.0,1.0
4,5750,25000,0.29295480251312256,0.38376477360725403,4.163971212278739e-08,1.0,4.163971212278739e-08,0.00020603706070687622,0.0014055853243917227,0.005384575575590134,0.016700126230716705,0.047457255423069,0.1476517915725708,0.5,0.5319395065307617,1.0,1.0
4,5760,25000,0.29291200637817383,0.3837205767631531,4.1730412903007164e-08,1.0,4.1730412903007164e-08,0.00020612566731870174,0.0013918331824243069,0.005314508453011513,0.016729528084397316,0.04794826731085777,0.14893576502799988,0.5,0.5399632453918457,1.0,1.0
4,5770,25000,0.2930499315261841,0.3837295472621918,3.630130152032507e-08,1.0,3.630130152032507e-08,0.00020449967996682972,0.0013808063231408596,0.005387980490922928,0.016564613208174706,0.0474935919046402,0.1483067274093628,0.5,0.5372871160507202,1.0,1.0
4,5780,25000,0.2929774820804596,0.3837011158466339,4.579634094170615e-08,1.0,4.579634094170615e-08,0.00019982820958830416,0.0013943780213594437,0.005336826201528311,0.016974393278360367,0.047325264662504196,0.14722545444965363,0.5,0.5299999713897705,1.0,1.0
4,5790,25000,0.29300373792648315,0.3837571144104004,4.0668265199883535e-08,1.0,4.0668265199883535e-08,0.00020298067829571664,0.0013962534721940756,0.005324303638190031,0.01655266433954239,0.0477718710899353,0.14794431626796722,0.5,0.5369391441345215,1.0,1.0
4,5800,25000,0.29307183623313904,0.38372159004211426,4.1939301809179597e-08,1.0,4.1939301809179597e-08,0.0002003739937208593,0.001406421302817762,0.005351171363145113,0.016551906242966652,0.04796944931149483,0.14736130833625793,0.5,0.5399999618530273,1.0,1.0
4,5810,25000,0.29302704334259033,0.38365763425827026,3.424186800771167e-08,1.0,3.424186800771167e-08,0.00020474752818699926,0.0013920334167778492,0.005393162835389376,0.016662495210766792,0.04819752275943756,0.14895416796207428,0.5,0.5333121418952942,1.0,1.0
4,5820,25000,0.29295989871025085,0.38368886709213257,4.490805594059566e-08,1.0,4.490805594059566e-08,0.00020037997455801815,0.0013971676817163825,0.0053993272595107555,0.016649095341563225,0.04778093844652176,0.14786693453788757,0.5,0.5299999713897705,1.0,1.0
4,5830,25000,0.2929536998271942,0.38371360301971436,3.417111926751204e-08,1.0,3.417111926751204e-08,0.00020502587722148746,0.0013790982775390148,0.005378874018788338,0.016631750389933586,0.04724825918674469,0.14839047193527222,0.5,0.5399999618530273,1.0,1.0
4,5840,25000,0.29306384921073914,0.3836863040924072,3.964384376331509e-08,1.0,3.964384376331509e-08,0.0002073350187856704,0.0013839936582371593,0.005373882595449686,0.016873124986886978,0.047854945063591,0.1479797512292862,0.5,0.5392740368843079,1.0,1.0
4,5850,25000,0.2930485010147095,0.38368725776672363,4.378581053288144e-08,1.0,4.378581053288144e-08,0.00020392767328303307,0.001373401959426701,0.005357382353395224,0.01665661484003067,0.04801998287439346,0.14803968369960785,0.5,0.5346164107322693,1.0,1.0
4,5860,25000,0.2930532395839691,0.38371846079826355,3.7117743545422854e-08,1.0,3.7117743545422854e-08,0.00020087520533706993,0.0013799072476103902,0.005359503906220198,0.016685523092746735,0.047326937317848206,0.1501973271369934,0.5,0.5359240770339966,1.0,1.0
4,5870,25000,0.29294553399086,0.3837195038795471,4.247623408559775e-08,1.0,4.247623408559775e-08,0.0001985764247365296,0.00138926412910223,0.0053676413372159,0.016578808426856995,0.047576501965522766,0.14762260019779205,0.5,0.534842312335968,1.0,1.0
4,5880,25000,0.2929864823818207,0.3836812973022461,4.297253397567147e-08,1.0,4.297253397567147e-08,0.0002026237198151648,0.0014117950340732932,0.005333838518708944,0.01669638603925705,0.04735498130321503,0.14901918172836304,0.5,0.5324103832244873,1.0,1.0
4,5890,25000,0.2930392324924469,0.3837767243385315,4.124711949771154e-08,1.0,4.124711949771154e-08,0.0002037254598690197,0.0013903501676395535,0.0053303539752960205,0.016727153211832047,0.047746703028678894,0.14869382977485657,0.5,0.5399999618530273,1.0,1.0
4,5900,25000,0.2930994927883148,0.3837987780570984,3.811705795442322e-08,1.0,3.811705795442322e-08,0.00020602144650183618,0.001403507892973721,0.005418260581791401,0.016588930040597916,0.04699653759598732,0.1482236385345459,0.5,0.5340971350669861,1.0,1.0
4,5910,25000,0.2929902970790863,0.3837486803531647,4.375003115342224e-08,1.0,4.375003115342224e-08,0.00020571521599777043,0.0013899621553719044,0.005382448434829712,0.01668175496160984,0.047087959945201874,0.14909054338932037,0.5,0.5399999618530273,1.0,1.0
4,5920,25000,0.2930949926376343,0.38375258445739746,3.073462551128614e-08,1.0,3.073462551128614e-08,0.00020432122983038425,0.001403801841661334,0.005419489927589893,0.016636976972222328,0.04700212925672531,0.1482580006122589,0.5,0.5397417545318604,1.0,1.0
4,5930,25000,0.29309943318367004,0.38372310996055603,5.213651377289352e-08,1.0,5.213651377289352e-08,0.00020490132737904787,0.0013698679395020008,0.0054039303213357925,0.016643375158309937,0.04780900478363037,0.14838850498199463,0.5,0.5377628207206726,1.0,1.0
4,5940,25000,0.2930344343185425,0.38371577858924866,3.225929035011177e-08,1.0,3.225929035011177e-08,0.00020692661928478628,0.0014096577651798725,0.005390495527535677,0.016659148037433624,0.04710125923156738,0.14828650653362274,0.5,0.5399999618530273,1.0,1.0
4,5950,25000,0.2929885983467102,0.3836783766746521,4.047022983399984e-08,1.0,4.047022983399984e-08,0.00020210340153425932,0.00140285340603441,0.00538588035851717,0.016678523272275925,0.048027195036411285,0.1484522968530655,0.5,0.5314405560493469,1.0,1.0
4,5960,25000,0.2930428981781006,0.38377901911735535,3.968584749713955e-08,1.0,3.968584749713955e-08,0.0002072790521197021,0.001390986260958016,0.0054022022522985935,0.016461258754134178,0.04713152348995209,0.14850708842277527,0.5,0.5399999618530273,1.0,1.0
4,5970,25000,0.29302746057510376,0.38373085856437683,3.321003561040925e-08,1.0,3.321003561040925e-08,0.00019802231690846384,0.0013796668499708176,0.005315064452588558,0.016713310033082962,0.04720025137066841,0.14848977327346802,0.5,0.5350386500358582,1.0,1.0
4,5980,25000,0.29302746057510376,0.3837184011936188,4.065705283551324e-08,1.0,4.065705283551324e-08,0.0002003738918574527,0.0013886564411222935,0.0053275576792657375,0.016572637483477592,0.0474807471036911,0.14867256581783295,0.5,0.5376505851745605,1.0,1.0
4,5990,25000,0.2929382026195526,0.3837546110153198,4.519734275731935e-08,1.0,4.519734275731935e-08,0.0002052685886155814,0.0013948858249932528,0.005354666616767645,0.01656687632203102,0.04739464446902275,0.14942039549350739,0.5,0.5399999618530273,1.0,1.0
4,6000,25000,0.29303792119026184,0.3837684988975525,3.847987883887072e-08,1.0,3.847987883887072e-08,0.0001978457294171676,0.0013905140804126859,0.005396615248173475,0.016687989234924316,0.047630175948143005,0.14690300822257996,0.5,0.5399999618530273,1.0,1.0
4,6010,25000,0.2930534780025482,0.38373976945877075,3.1990161630801595e-08,1.0,3.1990161630801595e-08,0.00020035046327393502,0.0014044038252905011,0.0053519606590271,0.01672418788075447,0.0475834459066391,0.1481124460697174,0.5,0.5399999618530273,1.0,1.0
4,6020,25000,0.2930048108100891,0.3837948739528656,4.273480769256821e-08,1.0,4.273480769256821e-08,0.0002001053508138284,0.0013899551704525948,0.005320997908711433,0.016450965777039528,0.047374606132507324,0.1479983627796173,0.5,0.5399999618530273,1.0,1.0
4,6030,25000,0.293048232793808,0.38375991582870483,3.873860876524304e-08,1.0,3.873860876524304e-08,0.00020353097352199256,0.001405169372446835,0.0053835040889680386,0.016902949661016464,0.048051618039608,0.14984968304634094,0.5,0.5399999618530273,1.0,1.0
4,6040,25000,0.29299691319465637,0.38372430205345154,4.3402394567237934e-08,1.0,4.3402394567237934e-08,0.00020064733689650893,0.0014124810695648193,0.005395574029535055,0.016774430871009827,0.048016536980867386,0.14681360125541687,0.5,0.5399999618530273,1.0,1.0
4,6050,25000,0.2929101586341858,0.3837197721004486,3.370238133015846e-08,1.0,3.370238133015846e-08,0.00020334204600658268,0.0014091202756389976,0.005383083131164312,0.01655617356300354,0.047527581453323364,0.14836496114730835,0.5,0.5369137525558472,1.0,1.0
4,6060,25000,0.2929825484752655,0.38364940881729126,3.6887460197476685e-08,1.0,3.6887460197476685e-08,0.00020133711223024875,0.0014118055114522576,0.005329294130206108,0.016645818948745728,0.04775163531303406,0.14721956849098206,0.5,0.5358830094337463,1.0,1.0
4,6070,25000,0.2929167151451111,0.38378143310546875,4.108692763793442e-08,1.0,4.108692763793442e-08,0.00020602445874828845,0.0014156735269352794,0.005338802933692932,0.016687991097569466,0.047030121088027954,0.14873535931110382,0.5,0.5350373983383179,1.0,1.0
4,6080,25000,0.2930028736591339,0.3837263584136963,4.844588019636831e-08,1.0,4.844588019636831e-08,0.00020013636094518006,0.0014036208158358932,0.0054415068589150906,0.016544677317142487,0.04773235321044922,0.14880090951919556,0.5,0.5387482047080994,1.0,1.0
4,6090,25000,0.2929927408695221,0.3837350010871887,3.149796867774057e-08,1.0,3.149796867774057e-08,0.00019867726950906217,0.001392229925841093,0.005406875628978014,0.016642170026898384,0.04746313393115997,0.14819705486297607,0.5,0.5399999618530273,1.0,1.0
4,6100,25000,0.29297128319740295,0.3836894929409027,3.1709255665646197e-08,1.0,3.1709255665646197e-08,0.00020213333482388407,0.0013883489882573485,0.00534359086304903,0.01650220900774002,0.04772114008665085,0.14908577501773834,0.5,0.5312426686286926,1.0,1.0
4,6110,25000,0.2929422855377197,0.3837467432022095,3.860782982201272e-08,1.0,3.860782982201272e-08,0.00019947727560065687,0.0014009972801432014,0.005353494081646204,0.016514131799340248,0.04731770604848862,0.14873678982257843,0.5,0.5399999618530273,1.0,1.0
4,6120,25000,0.2930462658405304,0.38375377655029297,3.588003494314762e-08,1.0,3.588003494314762e-08,0.00020684536139015108,0.0014048938173800707,0.005377101246267557,0.016656232997775078,0.04735919088125229,0.14857377111911774,0.5,0.5399999618530273,1.0,1.0
4,6130,25000,0.29299598932266235,0.3836940824985504,3.18785495778684e-08,1.0,3.18785495778684e-08,0.00020482181571424007,0.0013913753209635615,0.005383990705013275,0.016680479049682617,0.04746239632368088,0.1480921357870102,0.5,0.5358748435974121,1.0,1.0
4,6140,25000,0.2931159436702728,0.3836688697338104,3.7229376914638124e-08,1.0,3.7229376914638124e-08,0.00020088705059606582,0.0014126446330919862,0.005323832388967276,0.01692068949341774,0.04719163477420807,0.14839166402816772,0.5,0.5346567034721375,1.0,1.0
4,6150,25000,0.29294270277023315,0.38372570276260376,3.983520713291e-08,1.0,3.983520713291e-08,0.00020445870177354664,0.001391901751048863,0.005381057504564524,0.016531186178326607,0.047368817031383514,0.1482839286327362,0.5,0.5383340120315552,1.0,1.0
4,6160,25000,0.29284682869911194,0.3837321102619171,3.574027473973729e-08,1.0,3.574027473973729e-08,0.00019913272990379483,0.0013838724698871374,0.005305622238665819,0.01657840982079506,0.047569043934345245,0.14752794802188873,0.5,0.5391467809677124,1.0,1.0
4,6170,25000,0.2930591404438019,0.3837537169456482,4.035450018591291e-08,1.0,4.035450018591291e-08,0.00020807200053241104,0.0013898414326831698,0.005320885218679905,0.01667800545692444,0.04713112860918045,0.1496156007051468,0.5,0.5399999618530273,1.0,1.0
4,6180,25000,0.29296764731407166,0.3837015628814697,3.701011763723727e-08,1.0,3.701011763723727e-08,0.0002051483461400494,0.0013824034249410033,0.005451116245239973,0.016733456403017044,0.04789311811327934,0.14645233750343323,0.5,0.5362272262573242,1.0,1.0
4,6190,25000,0.2929740250110626,0.3837220072746277,2.8916305794268737e-08,1.0,2.8916305794268737e-08,0.0002039002429228276,0.0013867272064089775,0.00530917989090085,0.016565175727009773,0.04722581058740616,0.14919470250606537,0.5,0.5399999618530273,1.0,1.0
4,6200,25000,0.2930228114128113,0.38370591402053833,3.963134886930675e-08,1.0,3.963134886930675e-08,0.00020181138825137168,0.001404459122568369,0.005380465183407068,0.016576657071709633,0.04782835394144058,0.1484033614397049,0.5,0.5307281017303467,1.0,1.0
4,6210,25000,0.293205201625824,0.38370493054389954,3.682298910234749e-08,1.0,3.682298910234749e-08,0.00020616706751752645,0.001393151469528675,0.005399184767156839,0.016774291172623634,0.04749678820371628,0.1495392918586731,0.5,0.5399999618530273,1.0,1.0
4,6220,25000,0.2931051254272461,0.3837697505950928,3.420639060891517e-08,1.0,3.420639060891517e-08,0.00020504416897892952,0.001374824088998139,0.005387789104133844,0.01668551005423069,0.04762237146496773,0.14944934844970703,0.5,0.5399999618530273,1.0,1.0
4,6230,25000,0.2929178774356842,0.3836759626865387,4.086663452085304e-08,1.0,4.086663452085304e-08,0.00020414110622368753,0.0013979418436065316,0.005257797427475452,0.016758674755692482,0.047270581126213074,0.14819948375225067,0.5,0.5399590134620667,1.0,1.0
4,6240,25000,0.2930945158004761,0.38370853662490845,4.058620106661692e-08,1.0,4.058620106661692e-08,0.00020379146735649556,0.0013976269401609898,0.005334105342626572,0.016876541078090668,0.04752233624458313,0.1482536941766739,0.5,0.5399999618530273,1.0,1.0
4,6250,25000,0.29303473234176636,0.38372015953063965,4.8653571838030985e-08,1.0,4.8653571838030985e-08,0.00020002420933451504,0.0013941507786512375,0.005402752663940191,0.016704963520169258,0.04821346700191498,0.14746159315109253,0.5,0.539969265460968,1.0,1.0
4,6260,25000,0.29290279746055603,0.3837187886238098,3.7750861991980855e-08,1.0,3.7750861991980855e-08,0.00020026839047204703,0.0013837383594363928,0.0053606703877449036,0.01678517274558544,0.04755019396543503,0.14815537631511688,0.5,0.5299999713897705,1.0,1.0
4,6270,25000,0.2929847836494446,0.38367152214050293,4.409592335719026e-08,1.0,4.409592335719026e-08,0.000204349824343808,0.00139803031925112,0.005360961891710758,0.01688595488667488,0.047590531408786774,0.14853720366954803,0.5,0.532228946685791,1.0,1.0
4,6280,25000,0.293023943901062,0.3837367594242096,3.736673193088791e-08,1.0,3.736673193088791e-08,0.00019925144442822784,0.0013965320540592074,0.005307970568537712,0.016598965972661972,0.047340717166662216,0.14808374643325806,0.5,0.5389571189880371,1.0,1.0
4,6290,25000,0.293000191450119,0.38374823331832886,4.731533209678673e-08,1.0,4.731533209678673e-08,0.0002061351842712611,0.0013954996829852462,0.005345020908862352,0.016759131103754044,0.04701834172010422,0.14860385656356812,0.5,0.5348529815673828,1.0,1.0
4,6300,25000,0.29295238852500916,0.3837329149246216,3.232370815453578e-08,1.0,3.232370815453578e-08,0.0002040970284724608,0.0013742119772359729,0.00534577714279294,0.01650158129632473,0.048369403928518295,0.14706045389175415,0.5,0.5349640846252441,1.0,1.0
4,6310,25000,0.2930380702018738,0.3837405741214752,4.0133922851737225e-08,1.0,4.0133922851737225e-08,0.00020024814875796437,0.0013957667397335172,0.005411889404058456,0.01636725291609764,0.04713255167007446,0.14790207147598267,0.5,0.532731831073761,1.0,1.0
4,6320,25000,0.29310598969459534,0.38366958498954773,4.379094420414731e-08,1.0,4.379094420414731e-08,0.0002062566054519266,0.001397131709381938,0.0053867450915277,0.016719035804271698,0.04718005284667015,0.14743509888648987,0.5,0.5370010733604431,1.0,1.0
4,6330,25000,0.29310786724090576,0.38375723361968994,3.7437970945575216e-08,1.0,3.7437970945575216e-08,0.00020357075845822692,0.0013798981672152877,0.005350965540856123,0.01670926623046398,0.04767465218901634,0.14831973612308502,0.5,0.5301639437675476,1.0,1.0
4,6340,25000,0.292922705411911,0.3837164044380188,3.840467854843155e-08,1.0,3.840467854843155e-08,0.0002056327066384256,0.0014044730924069881,0.005415032152086496,0.01664881408214569,0.04819098860025406,0.14770910143852234,0.5,0.5322610139846802,1.0,1.0
4,6350,25000,0.2930564284324646,0.38373392820358276,4.9760700449041906e-08,1.0,4.9760700449041906e-08,0.00020228092034813017,0.0014083130517974496,0.005413739942014217,0.016484960913658142,0.04735688120126724,0.14904464781284332,0.5,0.5399999618530273,1.0,1.0
4,6360,25000,0.2928584814071655,0.38376423716545105,3.414893257058793e-08,1.0,3.414893257058793e-08,0.00020040979143232107,0.0014004787662997842,0.005391315557062626,0.016593879088759422,0.047788552939891815,0.1466473639011383,0.5,0.5399999618530273,1.0,1.0
4,6370,25000,0.2928929030895233,0.38372334837913513,3.1666161248722346e-08,1.0,3.1666161248722346e-08,0.00020290818065404892,0.0013886371161788702,0.005324149504303932,0.016619177535176277,0.047624025493860245,0.1478295922279358,0.5,0.5358577370643616,1.0,1.0
4,6380,25000,0.2929760813713074,0.383755624294281,3.6391320179518516e-08,1.0,3.6391320179518516e-08,0.000202969677047804,0.001379327499307692,0.0053118267096579075,0.016620749607682228,0.04752233624458313,0.14751429855823517,0.5,0.539265513420105,1.0,1.0
4,6390,25000,0.2929385304450989,0.38376760482788086,4.577464807198339e-08,1.0,4.577464807198339e-08,0.00020112385391257703,0.0013839948223903775,0.005335511174052954,0.016550805419683456,0.04732034355401993,0.1475900113582611,0.5,0.5399999618530273,1.0,1.0
4,6400,25000,0.2929691672325134,0.38371166586875916,3.077165544596028e-08,1.0,3.077165544596028e-08,0.0002043795248027891,0.0013882119674235582,0.005349710118025541,0.016722777858376503,0.04801115766167641,0.14892996847629547,0.5,0.5352785587310791,1.0,1.0
4,6410,25000,0.29299870133399963,0.38367173075675964,4.4968608392537135e-08,1.0,4.4968608392537135e-08,0.00020732432312797755,0.0013930570567026734,0.005372107028961182,0.016767973080277443,0.04784141108393669,0.14692872762680054,0.5,0.5399999618530273,1.0,1.0
4,6420,25000,0.29291635751724243,0.38367313146591187,5.4074220656730176e-08,1.0,5.4074220656730176e-08,0.0002065684529952705,0.0013906607637181878,0.005367310717701912,0.016715513542294502,0.04743354022502899,0.14845049381256104,0.5,0.5347641706466675,1.0,1.0
4,6430,25000,0.29298073053359985,0.38370180130004883,3.1292650248815335e-08,1.0,3.1292650248815335e-08,0.0002008956071222201,0.001394361606799066,0.005403155926615,0.01666516438126564,0.04742065817117691,0.14796070754528046,0.5,0.5399999618530273,1.0,1.0
4,6440,25000,0.2930816113948822,0.3837738037109375,3.007997761983461e-08,1.0,3.007997761983461e-08,0.000202720781089738,0.001405887771397829,0.005330849438905716,0.016472065821290016,0.04744969308376312,0.1480562835931778,0.5,0.5399999618530273,1.0,1.0
4,6450,25000,0.292962908744812,0.3837892711162567,4.604764924920346e-08,1.0,4.604764924920346e-08,0.00020108460739720613,0.0013915628660470247,0.005358435213565826,0.016501503065228462,0.04789256304502487,0.14736004173755646,0.5,0.5399999618530273,1.0,1.0
4,6460,25000,0.29303276538848877,0.38372090458869934,4.2076766959553424e-08,1.0,4.2076766959553424e-08,0.000206670185434632,0.001389207667671144,0.005391065496951342,0.016521211713552475,0.047963887453079224,0.14784419536590576,0.5,0.5384123921394348,1.0,1.0
4,6470,25000,0.2930971384048462,0.3837757706642151,5.712809425517662e-08,1.0,5.712809425517662e-08,0.0002027395530603826,0.001395998289808631,0.005407657939940691,0.016509834676980972,0.048093367367982864,0.1474335938692093,0.5,0.5399999618530273,1.0,1.0
4,6480,25000,0.2929466962814331,0.38374072313308716,4.663648667246889e-08,1.0,4.663648667246889e-08,0.00020788583788089454,0.0013926576357334852,0.005446362774819136,0.016710953786969185,0.04735870659351349,0.14718493819236755,0.5,0.5399999618530273,1.0,1.0
4,6490,25000,0.29296424984931946,0.38370540738105774,4.188038715824405e-08,1.0,4.188038715824405e-08,0.00020233514078427106,0.001397681306116283,0.005313602741807699,0.016459623351693153,0.04791342467069626,0.1472107321023941,0.5,0.5399999618530273,1.0,1.0
4,6500,25000,0.2930331528186798,0.3837057948112488,3.7843506106582936e-08,1.0,3.7843506106582936e-08,0.00020602323638740927,0.0013801162131130695,0.005362046416848898,0.016537941992282867,0.0474039688706398,0.14887553453445435,0.5,0.5332326889038086,1.0,1.0
4,6510,25000,0.2929828464984894,0.3837735056877136,3.57633318515127e-08,1.0,3.57633318515127e-08,0.00020074912754353136,0.001377398381009698,0.005358050111681223,0.01658707857131958,0.04719387739896774,0.14979122579097748,0.5,0.5359693765640259,1.0,1.0
4,6520,25000,0.2930775582790375,0.38371288776397705,4.0765648634533136e-08,1.0,4.0765648634533136e-08,0.00020038690126966685,0.001391177182085812,0.005414118058979511,0.0165722519159317,0.047174226492643356,0.1480352133512497,0.5,0.532543420791626,1.0,1.0
4,6530,25000,0.2930763065814972,0.3837527334690094,4.268700237730627e-08,1.0,4.268700237730627e-08,0.00020316657901275903,0.0014018797082826495,0.005360354669392109,0.01664656773209572,0.04738028347492218,0.1480979174375534,0.5,0.5353733897209167,1.0,1.0
4,6540,25000,0.2929993271827698,0.3837525248527527,3.5423955324631606e-08,1.0,3.5423955324631606e-08,0.00020051193132530898,0.001391720143146813,0.005390297155827284,0.016725905239582062,0.04733733832836151,0.1470898687839508,0.5,0.5399999618530273,1.0,1.0
4,6550,25000,0.2929888963699341,0.38373976945877075,3.523026492757708e-08,1.0,3.523026492757708e-08,0.00020320246403571218,0.0013690512860193849,0.005327785387635231,0.01659350097179413,0.047704294323921204,0.14790824055671692,0.5,0.5385895371437073,1.0,1.0
4,6560,25000,0.29295802116394043,0.38377806544303894,4.307129941594212e-08,1.0,4.307129941594212e-08,0.00019651741604320705,0.0013966886326670647,0.005425836890935898,0.016580557450652122,0.047522589564323425,0.1473793238401413,0.5,0.5399892926216125,1.0,1.0
4,6570,25000,0.2930123507976532,0.38376495242118835,4.1725755295374256e-08,1.0,4.1725755295374256e-08,0.0002043871209025383,0.0014009415172040462,0.005348129663616419,0.016419677063822746,0.04774896055459976,0.14836280047893524,0.5,0.5399999618530273,1.0,1.0
4,6580,25000,0.29293107986450195,0.3837276101112366,4.335034375912983e-08,1.0,4.335034375912983e-08,0.00020328362006694078,0.0013884068466722965,0.005259018391370773,0.016599908471107483,0.047883905470371246,0.14661869406700134,0.5,0.5399999618530273,1.0,1.0
4,6590,25000,0.2928740382194519,0.3836842179298401,4.385760732361632e-08,1.0,4.385760732361632e-08,0.00020616814435925335,0.0013870038092136383,0.005363785196095705,0.016626834869384766,0.04775455594062805,0.14772528409957886,0.5,0.5375235676765442,1.0,1.0
4,6600,25000,0.2929708957672119,0.38373154401779175,4.161671185443083e-08,1.0,4.161671185443083e-08,0.00020652082457672805,0.0014142314903438091,0.005437289830297232,0.01658499985933304,0.047697655856609344,0.1481754034757614,0.5,0.5324535369873047,1.0,1.0
4,6610,25000,0.2930525541305542,0.3837526738643646,3.86350826886428e-08,1.0,3.86350826886428e-08,0.0002020496322074905,0.0014034543419256806,0.005386185832321644,0.0165985319763422,0.04766232520341873,0.1488259732723236,0.5,0.5339329838752747,1.0,1.0
4,6620,25000,0.29316461086273193,0.3837592601776123,3.8623980458396545e-08,1.0,3.8623980458396545e-08,0.00020128616597503424,0.001400351757183671,0.005365997087210417,0.016648802906274796,0.04760317504405975,0.14767266809940338,0.5,0.5399999618530273,1.0,1.0
4,6630,25000,0.2930696904659271,0.38371339440345764,3.056022990222118e-08,1.0,3.056022990222118e-08,0.0002024011773755774,0.0013887345558032393,0.0053585488349199295,0.016842467710375786,0.047767363488674164,0.14915743470191956,0.5,0.5399999618530273,1.0,1.0
4,6640,25000,0.29301124811172485,0.3836532533168793,3.55791733852584e-08,1.0,3.55791733852584e-08,0.00020121585112065077,0.001371008693240583,0.005344328470528126,0.016593094915151596,0.04753930866718292,0.1481151431798935,0.5,0.5399999618530273,1.0,1.0
4,6650,25000,0.2930072546005249,0.3837778568267822,4.1705114028900425e-08,1.0,4.1705114028900425e-08,0.00020640929869841784,0.0014012440806254745,0.005377643741667271,0.016371147707104683,0.04793383926153183,0.14954452216625214,0.5,0.5399999618530273,1.0,1.0
4,6660,25000,0.29305970668792725,0.3836654722690582,3.406733029009956e-08,1.0,3.406733029009956e-08,0.00020233113900758326,0.0013962684897705913,0.005337714683264494,0.016768988221883774,0.048231638967990875,0.14950034022331238,0.5,0.5377005338668823,1.0,1.0
4,6670,25000,0.29298269748687744,0.38375550508499146,3.87140310920131e-08,1.0,3.87140310920131e-08,0.00020441890228539705,0.001401321729645133,0.005357913672924042,0.016723012551665306,0.0477563738822937,0.14699216187000275,0.5,0.5399999618530273,1.0,1.0
4,6680,25000,0.29292476177215576,0.38375818729400635,4.2474010086834824e-08,1.0,4.2474010086834824e-08,0.00020756320736836642,0.0014028040459379554,0.005327766761183739,0.01670742593705654,0.04755093529820442,0.14749056100845337,0.5,0.5354677438735962,1.0,1.0
4,6690,25000,0.2929292619228363,0.3837931156158447,3.58061171823465e-08,1.0,3.58061171823465e-08,0.00020240798767190427,0.0013894553994759917,0.00540425768122077,0.01663736067712307,0.04706113785505295,0.1483057141304016,0.5,0.5386477112770081,1.0,1.0
4,6700,25000,0.2931634783744812,0.38379737734794617,4.036185430322803e-08,1.0,4.036185430322803e-08,0.00020913741900585592,0.0013777661370113492,0.005307487677782774,0.01664377748966217,0.04756384342908859,0.14684821665287018,0.5,0.5399999618530273,1.0,1.0
4,6710,25000,0.29294511675834656,0.3837359845638275,3.942810877788361e-08,1.0,3.942810877788361e-08,0.0002046670560957864,0.0013941163197159767,0.005326122511178255,0.016521092504262924,0.0470917746424675,0.14692942798137665,0.5,0.5299999713897705,1.0,1.0
4,6720,25000,0.29297685623168945,0.38372641801834106,3.446213980851098e-08,1.0,3.446213980851098e-08,0.00020149655756540596,0.0013663326390087605,0.00534302182495594,0.016463227570056915,0.04738490283489227,0.14748433232307434,0.5,0.5399999618530273,1.0,1.0
4,6730,25000,0.29300716519355774,0.3837142288684845,4.7293642779777656e-08,1.0,4.7293642779777656e-08,0.0002098877594107762,0.0013779401779174805,0.0053792791441082954,0.016654934734106064,0.04742026329040527,0.14828325808048248,0.5,0.5376443862915039,1.0,1.0
4,6740,25000,0.29303717613220215,0.38374534249305725,3.776177948111581e-08,1.0,3.776177948111581e-08,0.0002026956353802234,0.001376742497086525,0.005356238689273596,0.016535170376300812,0.04726110398769379,0.14678747951984406,0.5,0.5399999618530273,1.0,1.0
4,6750,25000,0.2931349277496338,0.38366037607192993,4.07881444175473e-08,1.0,4.07881444175473e-08,0.00020231040252838284,0.0013921651989221573,0.005478529259562492,0.01661589927971363,0.04795586317777634,0.14734219014644623,0.5,0.5352766513824463,1.0,1.0
4,6760,25000,0.2928662896156311,0.38375312089920044,3.4174249208263063e-08,1.0,3.4174249208263063e-08,0.00020752099226228893,0.001421180204488337,0.005378594156354666,0.01659618504345417,0.04707392305135727,0.1468171328306198,0.5,0.5379224419593811,1.0,1.0
4,6770,25000,0.29295676946640015,0.38371899724006653,3.058793041077479e-08,1.0,3.058793041077479e-08,0.00019805561169050634,0.0013809321681037545,0.005327792372554541,0.016738224774599075,0.04761303961277008,0.14688341319561005,0.5,0.5399999618530273,1.0,1.0
4,6780,25000,0.29299765825271606,0.38368698954582214,5.1476135354278085e-08,1.0,5.1476135354278085e-08,0.00020042879623360932,0.001420453772880137,0.005342823453247547,0.016591645777225494,0.04754382744431496,0.14787517488002777,0.5,0.5353027582168579,1.0,1.0
4,6790,25000,0.29293930530548096,0.3837374448776245,2.7503229915737393e-08,1.0,2.7503229915737393e-08,0.00020499936363194138,0.001388700446113944,0.005330608692020178,0.016717808321118355,0.04732145369052887,0.14688704907894135,0.5,0.5336649417877197,1.0,1.0
4,6800,25000,0.2930072844028473,0.383686363697052,5.774217015641625e-08,1.0,5.774217015641625e-08,0.00020622723968699574,0.0013880543410778046,0.005307464860379696,0.016546091064810753,0.04801652580499649,0.1486205756664276,0.5,0.5399999618530273,1.0,1.0
4,6810,25000,0.29305174946784973,0.38375332951545715,4.244707341172216e-08,1.0,4.244707341172216e-08,0.00020159321138635278,0.001388205331750214,0.005406616721302271,0.016719209030270576,0.04745164141058922,0.14714637398719788,0.5,0.5384683609008789,1.0,1.0
4,6820,25000,0.2930595874786377,0.3836802542209625,4.1115889359844005e-08,1.0,4.1115889359844005e-08,0.0002040313556790352,0.001381844049319625,0.005351173225790262,0.016485009342432022,0.048047926276922226,0.1499284952878952,0.5,0.5302069187164307,1.0,1.0
4,6830,25000,0.2930009663105011,0.3837023079395294,3.4920862646004025e-08,1.0,3.4920862646004025e-08,0.00020581869466695935,0.0013942669611424208,0.005338883027434349,0.0166653860360384,0.04721051827073097,0.14918507635593414,0.5,0.5332624912261963,1.0,1.0
4,6840,25000,0.2929646670818329,0.3836793005466461,3.967376471791795e-08,1.0,3.967376471791795e-08,0.0002069177571684122,0.001375982305034995,0.0053168111480772495,0.016625788062810898,0.048088863492012024,0.14766398072242737,0.5,0.5385019183158875,1.0,1.0
4,6850,25000,0.29305604100227356,0.38374289870262146,3.913997659310553e-08,1.0,3.913997659310553e-08,0.00020009798754472286,0.0013805088819935918,0.005369792226701975,0.016625864431262016,0.04735530912876129,0.14737476408481598,0.5,0.5399999618530273,1.0,1.0
4,6860,25000,0.29304513335227966,0.38374173641204834,3.646734469953117e-08,1.0,3.646734469953117e-08,0.00020106436568312347,0.0014068095479160547,0.005276665091514587,0.01675330474972725,0.04722394794225693,0.14800357818603516,0.5,0.5392933487892151,1.0,1.0
4,6870,25000,0.29298844933509827,0.3837476372718811,3.1032218572590864e-08,1.0,3.1032218572590864e-08,0.0002014817000599578,0.001372325117699802,0.005338198039680719,0.0168782826513052,0.047790300101041794,0.14776165783405304,0.5,0.5399999618530273,1.0,1.0
4,6880,25000,0.2930392622947693,0.383694052696228,3.2548047812497316e-08,1.0,3.2548047812497316e-08,0.00020214270625729114,0.001369290635921061,0.00535851763561368,0.016743186861276627,0.047850191593170166,0.14757698774337769,0.5,0.5371173024177551,1.0,1.0
4,6890,25000,0.29306644201278687,0.38369011878967285,3.0259649008712586e-08,1.0,3.0259649008712586e-08,0.00020370616402942687,0.0013906116364523768,0.005376760847866535,0.016534093767404556,0.048230115324258804,0.14833302795886993,0.5,0.5336654186248779,1.0,1.0
4,6900,25000,0.293014258146286,0.3837616741657257,3.6055155305803055e-08,1.0,3.6055155305803055e-08,0.00020934031635988504,0.00140403863042593,0.005349296610802412,0.01677144132554531,0.047241583466529846,0.14735662937164307,0.5,0.5399999618530273,1.0,1.0
4,6910,25000,0.29305368661880493,0.3837038576602936,3.853419272559222e-08,1.0,3.853419272559222e-08,0.00020444256369955838,0.0013996728230267763,0.005309805274009705,0.016784729436039925,0.047964394092559814,0.14857664704322815,0.5,0.5377811789512634,1.0,1.0
4,6920,25000,0.29297125339508057,0.38374292850494385,4.046981061378574e-08,1.0,4.046981061378574e-08,0.00020066401339136064,0.0014140172861516476,0.005361031740903854,0.016599474474787712,0.04757201671600342,0.14761093258857727,0.5,0.5370063781738281,1.0,1.0
4,6930,25000,0.292996883392334,0.3837195932865143,3.652693791877937e-08,1.0,3.652693791877937e-08,0.00020545018196571618,0.0013817662838846445,0.005303551442921162,0.016592133790254593,0.04758749157190323,0.1496814489364624,0.5,0.5361658334732056,1.0,1.0
4,6940,25000,0.2930144667625427,0.3837381601333618,4.699884570413815e-08,1.0,4.699884570413815e-08,0.00020250355009920895,0.0014108798932284117,0.00540604954585433,0.016610639169812202,0.047682248055934906,0.14858724176883698,0.5,0.5382753014564514,1.0,1.0
4,6950,25000,0.2930266261100769,0.383707195520401,4.5102574119937344e-08,1.0,4.5102574119937344e-08,0.00020425347611308098,0.0013826779322698712,0.005359840113669634,0.016668956726789474,0.047579362988471985,0.14894133806228638,0.5,0.5387527942657471,1.0,1.0
4,6960,25000,0.2929578423500061,0.38371869921684265,3.852957419780978e-08,1.0,3.852957419780978e-08,0.0002017021324718371,0.0013778971042484045,0.005338479299098253,0.016641510650515556,0.04716871678829193,0.14742720127105713,0.5,0.5399999618530273,1.0,1.0
4,6970,25000,0.29304230213165283,0.3837285339832306,4.613381676676909e-08,1.0,4.613381676676909e-08,0.0002017577935475856,0.0014004510594531894,0.005395791493356228,0.016752608120441437,0.04773811250925064,0.14857397973537445,0.5,0.5329289436340332,1.0,1.0
4,6980,25000,0.2930021286010742,0.3837318420410156,3.638706758124499e-08,1.0,3.638706758124499e-08,0.00020658447465393692,0.001405555522069335,0.005339679308235645,0.016728723421692848,0.04788058251142502,0.14701852202415466,0.5,0.5399999618530273,1.0,1.0
4,6990,25000,0.29294052720069885,0.3837302029132843,2.7790580503506135e-08,1.0,2.7790580503506135e-08,0.00020438119827304035,0.0014062136178836226,0.005352805834263563,0.016636179760098457,0.047540441155433655,0.14822609722614288,0.5,0.5399999618530273,1.0,1.0
4,7000,25000,0.292908638715744,0.38372910022735596,3.289539662887364e-08,1.0,3.289539662887364e-08,0.00020025356207042933,0.0013890793779864907,0.0052519263699650764,0.016509976238012314,0.04759923368692398,0.1470484733581543,0.5,0.5340145230293274,1.0,1.0
