step,epoch,n_refreshed,mean,std,min,max,q00,q10,q20,q30,q40,q50,q60,q70,q80,q90,q100
4,0,,0.5826838612556458,0.17684999108314514,0.5,1.0,0.5,0.5,0.5,0.5,0.5,0.5,0.5,0.5,0.5600000023841858,1.0,1.0
4,10,25000,0.27376025915145874,0.35157376527786255,1.6072772268671542e-07,1.0,1.6072772268671542e-07,0.0005939922411926091,0.0027904307935386896,0.008783637546002865,0.024422261863946915,0.06387032568454742,0.17059288918972015,0.5,0.5,1.0,1.0
4,20,25000,0.2738458812236786,0.35168468952178955,1.485323650740611e-07,1.0,1.485323650740611e-07,0.0006032709497958422,0.0028042837511748075,0.008839045651257038,0.024314027279615402,0.06367014348506927,0.1697070300579071,0.5,0.5,1.0,1.0
4,30,25000,0.27373912930488586,0.35167068243026733,1.7711995781155565e-07,1.0,1.7711995781155565e-07,0.0006007042247802019,0.002808844903483987,0.008772850967943668,0.0242669265717268,0.06353293359279633,0.17023435235023499,0.5,0.5,1.0,1.0
4,40,25000,0.27378082275390625,0.3516574501991272,1.5178247281255608e-07,1.0,1.5178247281255608e-07,0.0006015744293108582,0.002795946318656206,0.008853490464389324,0.0242732185870409,0.06386507302522659,0.16966228187084198,0.5,0.5,1.0,1.0
4,50,25000,0.2738397419452667,0.35173624753952026,1.173283763478139e-07,1.0,1.173283763478139e-07,0.0006012601079419255,0.002803599461913109,0.008851069025695324,0.024436211213469505,0.06357118487358093,0.16944430768489838,0.5,0.5,1.0,1.0
4,60,25000,0.2737763822078705,0.351759672164917,1.7207615599090786e-07,1.0,1.7207615599090786e-07,0.0006030341028235853,0.0028090989217162132,0.008848329074680805,0.02432849258184433,0.06396602094173431,0.16938111186027527,0.5,0.5,1.0,1.0
4,70,25000,0.2740124464035034,0.3520449697971344,1.67651393212509e-07,1.0,1.67651393212509e-07,0.0006036547711119056,0.0027901697903871536,0.00880199670791626,0.0243650171905756,0.06373614072799683,0.1700715869665146,0.5,0.5,1.0,1.0
4,80,25000,0.27409449219703674,0.3521856963634491,1.369054132283054e-07,1.0,1.369054132283054e-07,0.0005996539839543402,0.0027903185691684484,0.008801274932920933,0.024330362677574158,0.06365011632442474,0.16952300071716309,0.5,0.5,1.0,1.0
4,90,25000,0.27413469552993774,0.35225868225097656,1.1140927114183796e-07,1.0,1.1140927114183796e-07,0.000596705183852464,0.0027904673479497433,0.008772218599915504,0.02437906712293625,0.06344646215438843,0.170188769698143,0.5,0.5,1.0,1.0
4,100,25000,0.27414005994796753,0.35231971740722656,1.4350690946685063e-07,1.0,1.4350690946685063e-07,0.0005979195702821016,0.002795805688947439,0.008816872723400593,0.024383079260587692,0.06354419142007828,0.17051947116851807,0.5,0.5,1.0,1.0
4,110,25000,0.27430593967437744,0.3523476719856262,1.4998640551766584e-07,1.0,1.4998640551766584e-07,0.0006027661147527397,0.002825923031195998,0.008871527388691902,0.0242434311658144,0.06371830403804779,0.17051583528518677,0.5,0.5,1.0,1.0
4,120,25000,0.2742314636707306,0.3524895906448364,1.7132725815827143e-07,1.0,1.7132725815827143e-07,0.0005985518801026046,0.0027986527420580387,0.008790609426796436,0.02429794892668724,0.06347116082906723,0.16887745261192322,0.5,0.5,1.0,1.0
4,130,25000,0.27445805072784424,0.35266566276550293,1.2363378232294053e-07,1.0,1.2363378232294053e-07,0.0006002361187711358,0.0027966266497969627,0.008842311799526215,0.024358998984098434,0.0637938529253006,0.169977605342865,0.5,0.5,1.0,1.0
4,140,25000,0.2745662331581116,0.35297828912734985,1.6037139971558645e-07,1.0,1.6037139971558645e-07,0.0005994167877361178,0.002797691849991679,0.00875004194676876,0.024274960160255432,0.06378395855426788,0.1695644110441208,0.5,0.5,1.0,1.0
4,150,25000,0.27475059032440186,0.3532875180244446,1.5757399296489893e-07,1.0,1.5757399296489893e-07,0.0006033423123881221,0.002820159075781703,0.008816366083920002,0.024353208020329475,0.06362318247556686,0.16990262269973755,0.5,0.5,1.0,1.0
4,160,25000,0.2749147415161133,0.3537890911102295,1.3917849628342083e-07,1.0,1.3917849628342083e-07,0.0006015020189806819,0.0027800952084362507,0.008756330236792564,0.02418169006705284,0.06327621638774872,0.1693471372127533,0.5,0.5,1.0,1.0
4,170,25000,0.27517032623291016,0.3540290296077728,1.52736177483348e-07,1.0,1.52736177483348e-07,0.0005974463419988751,0.0028022483456879854,0.008816767483949661,0.024470698088407516,0.06387990713119507,0.16990357637405396,0.5,0.5,1.0,1.0
4,180,25000,0.27536535263061523,0.35431525111198425,1.5164316380378295e-07,1.0,1.5164316380378295e-07,0.0006018475396558642,0.0028116379398852587,0.008838623762130737,0.024297934025526047,0.06353895366191864,0.16958601772785187,0.5,0.5,1.0,1.0
4,190,25000,0.27530935406684875,0.3542938232421875,1.8945712554341299e-07,1.0,1.8945712554341299e-07,0.0006030371878296137,0.0028066590894013643,0.008825857192277908,0.02432967722415924,0.06357383728027344,0.17006321251392365,0.5,0.5,1.0,1.0
4,200,25000,0.2754761576652527,0.3543820083141327,1.6642599121041712e-07,1.0,1.6642599121041712e-07,0.0005974913947284222,0.0028052181005477905,0.008825908415019512,0.0244474858045578,0.06336593627929688,0.16993756592273712,0.5,0.5,1.0,1.0
4,210,25000,0.2754659652709961,0.3544219732284546,1.3520298125513364e-07,1.0,1.3520298125513364e-07,0.0006004194729030132,0.00281557347625494,0.008849883452057838,0.024325039237737656,0.06382721662521362,0.16960515081882477,0.5,0.5,1.0,1.0
4,220,25000,0.2754238247871399,0.35439324378967285,1.9100961878848466e-07,1.0,1.9100961878848466e-07,0.0006010009092278779,0.002799287671223283,0.008791150525212288,0.024201765656471252,0.06356869637966156,0.1712198257446289,0.5,0.5,1.0,1.0
4,230,25000,0.27537935972213745,0.3543381690979004,1.6160768723239016e-07,1.0,1.6160768723239016e-07,0.0006004449678584933,0.002806406468153,0.008823679760098457,0.024333398789167404,0.06357370316982269,0.17013558745384216,0.5,0.5,1.0,1.0
4,240,25000,0.27538108825683594,0.3543265163898468,1.4857081964692043e-07,1.0,1.4857081964692043e-07,0.0005990567151457071,0.002793485764414072,0.008806467056274414,0.024393362924456596,0.0636734813451767,0.17014871537685394,0.5,0.5,1.0,1.0
4,250,25000,0.275377094745636,0.3543626368045807,1.431526754913648e-07,1.0,1.431526754913648e-07,0.0005984191666357219,0.0027977002318948507,0.008793191984295845,0.024209778755903244,0.06369208544492722,0.1697923243045807,0.5,0.5,1.0,1.0
4,260,25000,0.2753872275352478,0.3543257713317871,1.6286510629015538e-07,1.0,1.6286510629015538e-07,0.0006039851577952504,0.0028206752613186836,0.008795804344117641,0.02427731081843376,0.06353852152824402,0.17015424370765686,0.5,0.5,1.0,1.0
4,270,25000,0.2754909098148346,0.35432302951812744,1.473651707328827e-07,1.0,1.473651707328827e-07,0.0005964476731605828,0.0027985647320747375,0.008808699436485767,0.02440374158322811,0.06372475624084473,0.17020539939403534,0.5,0.5,1.0,1.0
4,280,25000,0.27544891834259033,0.3543238043785095,1.3147847255368106e-07,1.0,1.3147847255368106e-07,0.0006001017172820866,0.0027862882707268,0.008810515515506268,0.02435901015996933,0.06366240978240967,0.1707073450088501,0.5,0.5,1.0,1.0
4,290,25000,0.27543672919273376,0.3543575704097748,1.6194505292332906e-07,1.0,1.6194505292332906e-07,0.0006006433977745473,0.0028021663893014193,0.008792057633399963,0.024422064423561096,0.06393565237522125,0.16983231902122498,0.5,0.5,1.0,1.0
4,300,25000,0.27532485127449036,0.35431769490242004,1.6891802090412966e-07,1.0,1.6891802090412966e-07,0.0005985967582091689,0.0027999207377433777,0.008800365030765533,0.024306580424308777,0.06377112865447998,0.16940702497959137,0.5,0.5,1.0,1.0
4,310,25000,0.2753467559814453,0.3542861044406891,1.4635038780852483e-07,1.0,1.4635038780852483e-07,0.0005956535460427403,0.0027897050604224205,0.00882542785257101,0.024331945925951004,0.06376293301582336,0.16967454552650452,0.5,0.5,1.0,1.0
4,320,25000,0.2753535807132721,0.3541921377182007,1.7402996377313684e-07,1.0,1.7402996377313684e-07,0.0006029622163623571,0.0028045340441167355,0.008869973942637444,0.02436584234237671,0.06397160142660141,0.17050763964653015,0.5,0.5,1.0,1.0
4,330,25000,0.27536940574645996,0.35427212715148926,1.8613845043091715e-07,1.0,1.8613845043091715e-07,0.0005980751593597233,0.002790929516777396,0.008814385160803795,0.024414269253611565,0.06362160295248032,0.17014898359775543,0.5,0.5,1.0,1.0
4,340,25000,0.2752927243709564,0.35423365235328674,1.3204558513280062e-07,1.0,1.3204558513280062e-07,0.000596887432038784,0.002803337760269642,0.008823842741549015,0.024375375360250473,0.06360916793346405,0.1699238270521164,0.5,0.5,1.0,1.0
4,350,25000,0.2753587067127228,0.3541680574417114,2.1162983898648235e-07,1.0,2.1162983898648235e-07,0.0005972756771370769,0.002808764111250639,0.008876617066562176,0.024515438824892044,0.06377769261598587,0.1696355640888214,0.5,0.5,1.0,1.0
4,360,25000,0.27531036734580994,0.35413792729377747,1.47062024780098e-07,1.0,1.47062024780098e-07,0.0006001819856464863,0.0027990390080958605,0.008837870322167873,0.02424972876906395,0.0635947585105896,0.1699894666671753,0.5,0.5,1.0,1.0
4,370,25000,0.27535727620124817,0.35418158769607544,1.5128267705222243e-07,1.0,1.5128267705222243e-07,0.0006035837577655911,0.00280767772346735,0.008823328651487827,0.024414366111159325,0.06376157701015472,0.1704735904932022,0.5,0.5,1.0,1.0
4,380,25000,0.27540674805641174,0.35414764285087585,1.5477074555292347e-07,1.0,1.5477074555292347e-07,0.0005977788241580129,0.0027998117730021477,0.00888803694397211,0.024517856538295746,0.06340056657791138,0.17032529413700104,0.5,0.5,1.0,1.0
4,390,25000,0.27525562047958374,0.3541209399700165,1.4237291168228694e-07,1.0,1.4237291168228694e-07,0.0006059298757463694,0.002811478218063712,0.008791415952146053,0.024489350616931915,0.06369976699352264,0.1701640784740448,0.5,0.5,1.0,1.0
4,400,25000,0.2752186059951782,0.3541274070739746,1.6371384958802082e-07,1.0,1.6371384958802082e-07,0.0006006823386996984,0.002798613393679261,0.008855585940182209,0.024280276149511337,0.0634097158908844,0.16965973377227783,0.5,0.5,1.0,1.0
4,410,25000,0.275215208530426,0.3540605306625366,1.1447551884202767e-07,1.0,1.1447551884202767e-07,0.0005995429237373173,0.002795446664094925,0.008816523477435112,0.024333441630005836,0.06357379257678986,0.17018747329711914,0.5,0.5,1.0,1.0
4,420,25000,0.275230348110199,0.3540874421596527,1.139216792012121e-07,1.0,1.139216792012121e-07,0.0005962061695754528,0.002812329214066267,0.008823093958199024,0.024397995322942734,0.06369128078222275,0.16975334286689758,0.5,0.5,1.0,1.0
4,430,25000,0.27519020438194275,0.3541083335876465,1.9897574077276658e-07,1.0,1.9897574077276658e-07,0.000600757310166955,0.0027963994070887566,0.008798879571259022,0.024351581931114197,0.06342504173517227,0.16979706287384033,0.5,0.5,1.0,1.0
4,440,25000,0.27529942989349365,0.3540959358215332,1.334231853888923e-07,1.0,1.334231853888923e-07,0.0006030612858012319,0.0027989940717816353,0.008846997283399105,0.024392137303948402,0.06381422281265259,0.16994239389896393,0.5,0.5,1.0,1.0
4,450,25000,0.2752860486507416,0.35417571663856506,2.1316373022273183e-07,1.0,2.1316373022273183e-07,0.0005973367369733751,0.0028134803287684917,0.00882826279848814,0.024343116208910942,0.06365136057138443,0.1705167442560196,0.5,0.5,1.0,1.0
4,460,25000,0.275240033864975,0.3541131019592285,1.1605906280465206e-07,1.0,1.1605906280465206e-07,0.000603523280005902,0.002808470046147704,0.008841121569275856,0.024363787844777107,0.06356847286224365,0.1697906106710434,0.5,0.5,1.0,1.0
4,470,25000,0.27518320083618164,0.35412973165512085,1.819476835862588e-07,1.0,1.819476835862588e-07,0.0005946243763901293,0.0028152342420071363,0.008828363381326199,0.024344176054000854,0.06366544961929321,0.16993294656276703,0.5,0.5,1.0,1.0
4,480,25000,0.27530887722969055,0.3541281521320343,1.0158451857478212e-07,1.0,1.0158451857478212e-07,0.0006013969541527331,0.0028036877047270536,0.008830253034830093,0.02445288747549057,0.06418207287788391,0.1702187955379486,0.5,0.5,1.0,1.0
4,490,25000,0.2753487825393677,0.35416653752326965,1.6421630277818622e-07,1.0,1.6421630277818622e-07,0.0006038282881490886,0.002786087105050683,0.008834623731672764,0.024467598646879196,0.06341301649808884,0.17061910033226013,0.5,0.5,1.0,1.0
4,500,25000,0.27521592378616333,0.35414478182792664,1.5934190855659836e-07,1.0,1.5934190855659836e-07,0.0006035700789652765,0.0027981323655694723,0.008819409646093845,0.024425117298960686,0.06360165029764175,0.16942042112350464,0.5,0.5,1.0,1.0
4,510,25000,0.2751987874507904,0.35406917333602905,1.36755289759094e-07,1.0,1.36755289759094e-07,0.0006014960817992687,0.002791764447465539,0.00885929074138403,0.024352557957172394,0.06366271525621414,0.17025847733020782,0.5,0.5,1.0,1.0
4,520,25000,0.2752326726913452,0.35412248969078064,1.5487214000131644e-07,1.0,1.5487214000131644e-07,0.0005997936241328716,0.0027892952784895897,0.008743533864617348,0.024271877482533455,0.06351220607757568,0.16970568895339966,0.5,0.5,1.0,1.0
4,530,25000,0.2754279673099518,0.3542419970035553,1.5579909984353435e-07,1.0,1.5579909984353435e-07,0.000598245591390878,0.002808763412758708,0.008827597834169865,0.02430053800344467,0.06373918056488037,0.17085300385951996,0.5,0.5,1.0,1.0
4,540,25000,0.27521198987960815,0.3541690707206726,1.578960109327454e-07,1.0,1.578960109327454e-07,0.0006004924071021378,0.0027991398237645626,0.008785828948020935,0.024283234030008316,0.06329727172851562,0.17018578946590424,0.5,0.5,1.0,1.0
4,550,25000,0.27526095509529114,0.3542177081108093,1.350881433381801e-07,1.0,1.350881433381801e-07,0.0006053480901755393,0.0027989179361611605,0.008805954828858376,0.024335060268640518,0.06361186504364014,0.1698925644159317,0.5,0.5,1.0,1.0
4,560,25000,0.2752710282802582,0.35420042276382446,1.533737048475814e-07,1.0,1.533737048475814e-07,0.0006014552782289684,0.0027905087918043137,0.008824838325381279,0.024235127493739128,0.06335535645484924,0.17041364312171936,0.5,0.5,1.0,1.0
4,570,25000,0.27533915638923645,0.354216068983078,1.1567685476165934e-07,1.0,1.1567685476165934e-07,0.0006021774024702609,0.0028193918988108635,0.00888001173734665,0.02444254606962204,0.06380246579647064,0.17016653716564178,0.5,0.5,1.0,1.0
4,580,25000,0.2752857506275177,0.3541625142097473,1.6622959719825303e-07,1.0,1.6622959719825303e-07,0.0006023082532919943,0.0027992320246994495,0.008828657679259777,0.024354849010705948,0.06368105113506317,0.1692178100347519,0.5,0.5,1.0,1.0
4,590,25000,0.2752496004104614,0.3542322814464569,1.4316626106847252e-07,1.0,1.4316626106847252e-07,0.0005979450652375817,0.0028035640716552734,0.008836328983306885,0.02442861534655094,0.0634065717458725,0.16996586322784424,0.5,0.5,1.0,1.0
4,600,25000,0.2753297686576843,0.3542214632034302,1.608404289754617e-07,1.0,1.608404289754617e-07,0.0006016914849169552,0.0028279509861022234,0.00884902011603117,0.024367056787014008,0.06325975060462952,0.17071013152599335,0.5,0.5,1.0,1.0
4,610,25000,0.275322824716568,0.3542400002479553,1.3106038920795982e-07,1.0,1.3106038920795982e-07,0.0005952447536401451,0.0028033917769789696,0.008828859776258469,0.024372683838009834,0.06365221738815308,0.1695135533809662,0.5,0.5,1.0,1.0
4,620,25000,0.27544504404067993,0.35421496629714966,1.1492439710991675e-07,1.0,1.1492439710991675e-07,0.0006016347906552255,0.0028109359554946423,0.008799857459962368,0.024422936141490936,0.0639655813574791,0.1710968166589737,0.5,0.5,1.0,1.0
4,630,25000,0.2752637267112732,0.35424187779426575,1.499554258543867e-07,1.0,1.499554258543867e-07,0.0006020944565534592,0.0027666634414345026,0.008884089067578316,0.024277472868561745,0.06371517479419708,0.16965888440608978,0.5,0.5,1.0,1.0
4,640,25000,0.27527251839637756,0.35422706604003906,1.4818907345670596e-07,1.0,1.4818907345670596e-07,0.0006043068133294582,0.002787521807476878,0.008824425749480724,0.02439519390463829,0.06347326934337616,0.169514998793602,0.5,0.5,1.0,1.0
4,650,25000,0.2752990126609802,0.3542197346687317,1.3434643619802955e-07,1.0,1.3434643619802955e-07,0.000601795210968703,0.002802584320306778,0.008874568156898022,0.024404538795351982,0.06372024118900299,0.16965839266777039,0.5,0.5,1.0,1.0
4,660,25000,0.2753843665122986,0.35424309968948364,1.886807865503215e-07,1.0,1.886807865503215e-07,0.0006039099534973502,0.002812157617881894,0.008813719265162945,0.024407096207141876,0.0636986568570137,0.1701294183731079,0.5,0.5,1.0,1.0
4,670,25000,0.27535226941108704,0.3542333245277405,1.7383432293627266e-07,1.0,1.7383432293627266e-07,0.000603090797085315,0.002783155534416437,0.008815938606858253,0.024359313771128654,0.06402219831943512,0.17042848467826843,0.5,0.5,1.0,1.0
4,680,25000,0.2753034234046936,0.35421767830848694,1.4705686623983638e-07,1.0,1.4705686623983638e-07,0.000597598438616842,0.0027893190272152424,0.008750585839152336,0.024321433156728745,0.06373651325702667,0.1701183170080185,0.5,0.5,1.0,1.0
4,690,25000,0.27530983090400696,0.3542879521846771,1.4232740852548886e-07,1.0,1.4232740852548886e-07,0.0006044248584657907,0.002787466160953045,0.0088545773178339,0.024417420849204063,0.06347880512475967,0.17048896849155426,0.5,0.5,1.0,1.0
4,700,25000,0.2752867043018341,0.3543100655078888,1.2779776170646073e-07,1.0,1.2779776170646073e-07,0.000596476485952735,0.0027958699502050877,0.008746479637920856,0.024242684245109558,0.06366825848817825,0.1697239875793457,0.5,0.5,1.0,1.0
4,710,25000,0.27521345019340515,0.3543088138103485,1.5230145322675526e-07,1.0,1.5230145322675526e-07,0.0005985976895317435,0.0028021899051964283,0.008811542764306068,0.024299629032611847,0.06319625675678253,0.16925151646137238,0.5,0.5,1.0,1.0
4,720,25000,0.27531057596206665,0.354265034198761,1.236885367461582e-07,1.0,1.236885367461582e-07,0.000601462961640209,0.0028103080112487078,0.00881381705403328,0.024392465129494667,0.06352387368679047,0.1696542203426361,0.5,0.5,1.0,1.0
4,730,25000,0.27543920278549194,0.3543078899383545,2.0343003370726365e-07,1.0,2.0343003370726365e-07,0.0006008119089528918,0.0028057186864316463,0.00880451314151287,0.02446899004280567,0.06344342231750488,0.17061519622802734,0.5,0.5,1.0,1.0
4,740,25000,0.27537718415260315,0.35434672236442566,1.4893235800172988e-07,1.0,1.4893235800172988e-07,0.0006026124465279281,0.0027963491156697273,0.008844277821481228,0.024345487356185913,0.06351161003112793,0.16976818442344666,0.5,0.5,1.0,1.0
4,750,25000,0.27539265155792236,0.3542715609073639,1.311963870875843e-07,1.0,1.311963870875843e-07,0.0006039657746441662,0.0028043792117387056,0.008789698593318462,0.02434585802257061,0.06387592852115631,0.17028996348381042,0.5,0.5,1.0,1.0
4,760,25000,0.2754003703594208,0.35436326265335083,1.5204915371214156e-07,1.0,1.5204915371214156e-07,0.0006004396127536893,0.002797911874949932,0.008800874464213848,0.024371087551116943,0.063530832529068,0.17035003006458282,0.5,0.5,1.0,1.0
4,770,25000,0.27542755007743835,0.35440176725387573,1.3282561894811806e-07,1.0,1.3282561894811806e-07,0.000599139544647187,0.0027998664882034063,0.00877282302826643,0.024319078773260117,0.06360581517219543,0.16995017230510712,0.5,0.5,1.0,1.0
4,780,25000,0.2754361629486084,0.3543757200241089,1.696921572147403e-07,1.0,1.696921572147403e-07,0.0006028345669619739,0.0027872477658092976,0.008821634575724602,0.024249188601970673,0.0633278414607048,0.17043302953243256,0.5,0.5,1.0,1.0
4,790,25000,0.2753971815109253,0.3543691039085388,1.634886359624943e-07,1.0,1.634886359624943e-07,0.0006037710700184107,0.0028062318451702595,0.008826031349599361,0.02437475137412548,0.06365872174501419,0.16981858015060425,0.5,0.5,1.0,1.0
4,800,25000,0.2753235995769501,0.3543098270893097,1.8272224622251088e-07,1.0,1.8272224622251088e-07,0.000603080727159977,0.0028018367011100054,0.0088066216558218,0.024345580488443375,0.06364969164133072,0.17004404962062836,0.5,0.5,1.0,1.0
4,810,25000,0.27541348338127136,0.3543401062488556,1.4340970722059865e-07,1.0,1.4340970722059865e-07,0.00060237105935812,0.002797696040943265,0.008822121657431126,0.024340324103832245,0.06358116865158081,0.16984397172927856,0.5,0.5,1.0,1.0
4,820,25000,0.2754063904285431,0.35438400506973267,1.6012116077490646e-07,1.0,1.6012116077490646e-07,0.0006059076404199004,0.0028194815386086702,0.008860287256538868,0.024416446685791016,0.06363869458436966,0.16989262402057648,0.5,0.5,1.0,1.0
4,830,25000,0.2753922641277313,0.35432901978492737,1.5308806666780583e-07,1.0,1.5308806666780583e-07,0.000599677674472332,0.0027995670679956675,0.008812375366687775,0.02423781529068947,0.06364495307207108,0.16974599659442902,0.5,0.5,1.0,1.0
4,840,25000,0.27533021569252014,0.3543880581855774,1.5498720529194543e-07,1.0,1.5498720529194543e-07,0.000600065803155303,0.0027946096379309893,0.008793278597295284,0.024271851405501366,0.06336581707000732,0.16996526718139648,0.5,0.5,1.0,1.0
4,850,25000,0.27540427446365356,0.3543327748775482,1.6317673612320505e-07,1.0,1.6317673612320505e-07,0.0006046214839443564,0.002809719182550907,0.008870172314345837,0.02439774200320244,0.06372331082820892,0.17008504271507263,0.5,0.5,1.0,1.0
4,860,25000,0.27536576986312866,0.354331374168396,1.5237593231631763e-07,1.0,1.5237593231631763e-07,0.0005942244315519929,0.002780674723908305,0.008796901442110538,0.024328291416168213,0.06385043263435364,0.16985516250133514,0.5,0.5,1.0,1.0
4,870,25000,0.2754124402999878,0.3543379306793213,1.5924265994726738e-07,1.0,1.5924265994726738e-07,0.0006015010294504464,0.0027968522626906633,0.008805188350379467,0.024388374760746956,0.06364396959543228,0.16971853375434875,0.5,0.5,1.0,1.0
4,880,25000,0.2754248380661011,0.3543853461742401,1.2832173013066495e-07,1.0,1.2832173013066495e-07,0.0006030433578416705,0.0027997943107038736,0.008845061995089054,0.024378551170229912,0.0637102872133255,0.1699455827474594,0.5,0.5,1.0,1.0
4,890,25000,0.27542904019355774,0.3543979227542877,1.506161311226606e-07,1.0,1.506161311226606e-07,0.0006018017884343863,0.002789874793961644,0.008803525008261204,0.024327030405402184,0.06413602083921432,0.17038457095623016,0.5,0.5,1.0,1.0
4,900,25000,0.27536967396736145,0.354387104511261,1.3223694850239553e-07,1.0,1.3223694850239553e-07,0.0006005308241583407,0.0028039177414029837,0.00879601202905178,0.024212608113884926,0.06356693804264069,0.1692252904176712,0.5,0.5,1.0,1.0
4,910,25000,0.2754864990711212,0.3544342517852783,1.4871761777612846e-07,1.0,1.4871761777612846e-07,0.0006035033729858696,0.0027782164979726076,0.008817154914140701,0.024360518902540207,0.06377851963043213,0.17040614783763885,0.5,0.5,1.0,1.0
4,920,25000,0.2753947675228119,0.35439276695251465,1.3811393273499561e-07,1.0,1.3811393273499561e-07,0.0006059188744984567,0.002811896614730358,0.008878255262970924,0.02430844120681286,0.06372492760419846,0.16979515552520752,0.5,0.5,1.0,1.0
4,930,25000,0.27533724904060364,0.3543533682823181,1.5216888016311714e-07,1.0,1.5216888016311714e-07,0.0005981073481962085,0.002802178030833602,0.008907883428037167,0.024374449625611305,0.0639127865433693,0.16953831911087036,0.5,0.5,1.0,1.0
4,940,25000,0.2753985524177551,0.35434478521347046,1.677950791645344e-07,1.0,1.677950791645344e-07,0.000602621294092387,0.002809081692248583,0.008824571035802364,0.024254951626062393,0.06363658607006073,0.16970612108707428,0.5,0.5,1.0,1.0
4,950,25000,0.27539730072021484,0.35446062684059143,1.5408679132633551e-07,1.0,1.5408679132633551e-07,0.0005957836401648819,0.002789772115647793,0.008731869049370289,0.024252813309431076,0.06369973719120026,0.16971701383590698,0.5,0.5,1.0,1.0
4,960,25000,0.2755143642425537,0.3544435203075409,1.3486980776633573e-07,1.0,1.3486980776633573e-07,0.0006004564347676933,0.002801969414576888,0.008798503316938877,0.024444086477160454,0.06347675621509552,0.17012359201908112,0.5,0.5,1.0,1.0
4,970,25000,0.2753412127494812,0.3543761670589447,1.35082260044328e-07,1.0,1.35082260044328e-07,0.0006006514886394143,0.0027967863716185093,0.008820630609989166,0.02435888908803463,0.06340759992599487,0.16994445025920868,0.5,0.5,1.0,1.0
4,980,25000,0.27547377347946167,0.354436457157135,1.255313151204973e-07,1.0,1.255313151204973e-07,0.0006017413106746972,0.002805489581078291,0.008765051141381264,0.024240251630544662,0.06344808638095856,0.17041903734207153,0.5,0.5,1.0,1.0
4,990,25000,0.2753553092479706,0.3544134497642517,1.446128408133518e-07,1.0,1.446128408133518e-07,0.0006063739419914782,0.0027949356008321047,0.008847209624946117,0.02434151992201805,0.06358195841312408,0.17013540863990784,0.5,0.5,1.0,1.0
4,1000,25000,0.2753865718841553,0.3543785512447357,1.5059168845255044e-07,1.0,1.5059168845255044e-07,0.0006003415328450501,0.002786380471661687,0.008803668431937695,0.02446568012237549,0.06378813087940216,0.17026279866695404,0.5,0.5,1.0,1.0
4,1010,25000,0.27540943026542664,0.35438185930252075,1.4806158787905588e-07,1.0,1.4806158787905588e-07,0.0005983980954624712,0.0027816558722406626,0.00881957821547985,0.02431851625442505,0.06363500654697418,0.169977605342865,0.5,0.5,1.0,1.0
4,1020,25000,0.2753390967845917,0.3544260561466217,1.710291996914748e-07,1.0,1.710291996914748e-07,0.0006017464329488575,0.00280768028460443,0.008790369145572186,0.024308333173394203,0.06396415829658508,0.16943196952342987,0.5,0.5,1.0,1.0
4,1030,25000,0.2754727900028229,0.35443174839019775,1.6613448394764418e-07,1.0,1.6613448394764418e-07,0.0006012554513290524,0.0028051368426531553,0.008840885013341904,0.024422617629170418,0.06356614083051682,0.1691163331270218,0.5,0.5,1.0,1.0
4,1040,25000,0.2754986584186554,0.3544442355632782,1.745308964018477e-07,1.0,1.745308964018477e-07,0.0005976466345600784,0.002779488917440176,0.008832200430333614,0.024240946397185326,0.06378673017024994,0.17001557350158691,0.5,0.5,1.0,1.0
4,1050,25000,0.2755250334739685,0.35447341203689575,1.8315243721644947e-07,1.0,1.8315243721644947e-07,0.0006028716452419758,0.0028131979051977396,0.00881227757781744,0.02440367080271244,0.06364116817712784,0.17057736217975616,0.5,0.5,1.0,1.0
4,1060,25000,0.27546584606170654,0.3544751703739166,1.2771218393936579e-07,1.0,1.2771218393936579e-07,0.0005963978474028409,0.002774662571027875,0.008810966275632381,0.0243805181235075,0.0640522837638855,0.1691686064004898,0.5,0.5,1.0,1.0
4,1070,25000,0.27536171674728394,0.35443469882011414,1.1491585638623292e-07,1.0,1.1491585638623292e-07,0.000599013059400022,0.0027977742720395327,0.008775283582508564,0.024332115426659584,0.06370286643505096,0.16993312537670135,0.5,0.5,1.0,1.0
4,1080,25000,0.27541685104370117,0.35442450642585754,1.415804433690937e-07,1.0,1.415804433690937e-07,0.0006040173466317356,0.0027858209796249866,0.008857323788106441,0.024315712973475456,0.06366737186908722,0.1699238419532776,0.5,0.5,1.0,1.0
4,1090,25000,0.2755175232887268,0.3544943034648895,1.3124066811087687e-07,1.0,1.3124066811087687e-07,0.0006010711658746004,0.0028040679171681404,0.008813817985355854,0.024274013936519623,0.0635523870587349,0.17004449665546417,0.5,0.5,1.0,1.0
4,1100,25000,0.27548477053642273,0.3544752895832062,1.362884347599902e-07,1.0,1.362884347599902e-07,0.0006003085291013122,0.002805992728099227,0.008846478536725044,0.024228382855653763,0.06358188390731812,0.17022450268268585,0.5,0.5,1.0,1.0
4,1110,25000,0.2754882276058197,0.35450705885887146,1.5634782357665244e-07,1.0,1.5634782357665244e-07,0.000606267829425633,0.0028055578004568815,0.008847665973007679,0.024382593110203743,0.06382060050964355,0.16965021193027496,0.5,0.5,1.0,1.0
4,1120,25000,0.27551016211509705,0.3544626832008362,1.6681572390098154e-07,1.0,1.6681572390098154e-07,0.0005985024035908282,0.002816601190716028,0.008816414512693882,0.024376101791858673,0.06364915519952774,0.16926932334899902,0.5,0.5,1.0,1.0
4,1130,25000,0.2755855917930603,0.3544854521751404,1.5588624080464797e-07,1.0,1.5588624080464797e-07,0.0005991107318550348,0.0027983381878584623,0.008846860378980637,0.024351676926016808,0.06368651986122131,0.17081581056118011,0.5,0.5,1.0,1.0
4,1140,25000,0.2755025029182434,0.3545245826244354,1.491897307914769e-07,1.0,1.491897307914769e-07,0.0006000829744152725,0.00280450819991529,0.008866941556334496,0.024431312456727028,0.06357277929782867,0.17015789449214935,0.5,0.5,1.0,1.0
4,1150,25000,0.2754751145839691,0.35445114970207214,1.6613410025456687e-07,1.0,1.6613410025456687e-07,0.0006058021681383252,0.002813136437907815,0.008864706382155418,0.024472199380397797,0.06339124590158463,0.16955773532390594,0.5,0.5,1.0,1.0
4,1160,25000,0.27550649642944336,0.3544597327709198,1.4399836345546646e-07,1.0,1.4399836345546646e-07,0.0006021311273798347,0.00279772887006402,0.00880831852555275,0.024424130097031593,0.06377123296260834,0.17068514227867126,0.5,0.5,1.0,1.0
4,1170,25000,0.2754814028739929,0.35448893904685974,1.543702978779038e-07,1.0,1.543702978779038e-07,0.0006043166504241526,0.0027965945191681385,0.008770420216023922,0.024358095601201057,0.06345289945602417,0.169285848736763,0.5,0.5,1.0,1.0
4,1180,25000,0.2754229009151459,0.35450878739356995,1.630567538768446e-07,1.0,1.630567538768446e-07,0.0006008190684951842,0.00281024188734591,0.008858111687004566,0.02440187893807888,0.06366739422082901,0.16875572502613068,0.5,0.5,1.0,1.0
4,1190,25000,0.27555540204048157,0.3545219600200653,1.6177605743905588e-07,1.0,1.6177605743905588e-07,0.0005979175330139697,0.002807471202686429,0.008821600116789341,0.024298394098877907,0.06405133008956909,0.17038632929325104,0.5,0.5,1.0,1.0
4,1200,25000,0.2754337191581726,0.35440757870674133,1.4279360982527578e-07,1.0,1.4279360982527578e-07,0.0006001070723868906,0.002784211654216051,0.008817643858492374,0.02430800348520279,0.06374263018369675,0.1703834980726242,0.5,0.5,1.0,1.0
4,1210,25000,0.2755242586135864,0.35451003909111023,1.4764027866931428e-07,1.0,1.4764027866931428e-07,0.0006029593059793115,0.002804941963404417,0.008802499622106552,0.02436494641005993,0.0638490617275238,0.17086005210876465,0.5,0.5,1.0,1.0
4,1220,25000,0.2754512131214142,0.35447490215301514,1.5770561390127114e-07,1.0,1.5770561390127114e-07,0.0005961402202956378,0.0028007931541651487,0.00881526805460453,0.024381378665566444,0.0636720284819603,0.17046700417995453,0.5,0.5,1.0,1.0
4,1230,25000,0.2755744755268097,0.3544672727584839,1.3138021870418015e-07,1.0,1.3138021870418015e-07,0.0006054454133845866,0.0027951193042099476,0.008841241709887981,0.024439210072159767,0.06387972831726074,0.17095758020877838,0.5,0.5,1.0,1.0
4,1240,25000,0.275446355342865,0.35444629192352295,1.5714854839643522e-07,1.0,1.5714854839643522e-07,0.0005999394343234599,0.0028024776838719845,0.008847380056977272,0.02442280389368534,0.06404250860214233,0.17013493180274963,0.5,0.5,1.0,1.0
4,1250,25000,0.2755267024040222,0.35447466373443604,1.4031998318841943e-07,1.0,1.4031998318841943e-07,0.0005993591621518135,0.002804734278470278,0.008786623366177082,0.024362700060009956,0.06363171339035034,0.17041009664535522,0.5,0.5,1.0,1.0
4,1260,25000,0.27538350224494934,0.3544255495071411,1.5347796988862683e-07,1.0,1.5347796988862683e-07,0.00060170644428581,0.0027842854615300894,0.008793333545327187,0.02429007925093174,0.0639171302318573,0.16944901645183563,0.5,0.5,1.0,1.0
4,1270,25000,0.2754971385002136,0.35452231764793396,1.312258319785542e-07,1.0,1.312258319785542e-07,0.0005986173055134714,0.002785659162327647,0.008810569532215595,0.02429894730448723,0.06382140517234802,0.16999395191669464,0.5,0.5,1.0,1.0
4,1280,25000,0.27543139457702637,0.3544568717479706,1.7295791110427672e-07,1.0,1.7295791110427672e-07,0.0005986106116324663,0.0027980408631265163,0.00878994818776846,0.024338044226169586,0.0635504424571991,0.16984198987483978,0.5,0.5,1.0,1.0
4,1290,25000,0.2755112051963806,0.35450685024261475,1.5659415453228576e-07,1.0,1.5659415453228576e-07,0.0006014367681927979,0.00281103840097785,0.00881548784673214,0.024178173393011093,0.06356365978717804,0.16977611184120178,0.5,0.5,1.0,1.0
4,1300,25000,0.2755003571510315,0.3544062077999115,1.1533509081118609e-07,1.0,1.1533509081118609e-07,0.0005999725544825196,0.0028022194746881723,0.00882286112755537,0.02439733035862446,0.06357693672180176,0.17050619423389435,0.5,0.5,1.0,1.0
4,1310,25000,0.27541935443878174,0.3544313907623291,1.5376411965917214e-07,1.0,1.5376411965917214e-07,0.0006033922545611858,0.0028052600100636482,0.008889146149158478,0.024278759956359863,0.06377699971199036,0.17042432725429535,0.5,0.5,1.0,1.0
4,1320,25000,0.2754177451133728,0.35442325472831726,1.9784668836564379e-07,1.0,1.9784668836564379e-07,0.0006016962579451501,0.0027945844922214746,0.008842552080750465,0.024297386407852173,0.06346888840198517,0.17039036750793457,0.5,0.5,1.0,1.0
4,1330,25000,0.27539387345314026,0.35451027750968933,1.4405650006210635e-07,1.0,1.4405650006210635e-07,0.0006037594866938889,0.0028120374772697687,0.008782261982560158,0.024351593106985092,0.06336301565170288,0.16929194331169128,0.5,0.5,1.0,1.0
4,1340,25000,0.2754743695259094,0.35443753004074097,2.2177529501732351e-07,1.0,2.2177529501732351e-07,0.0006011516670696437,0.0028085520025342703,0.008790805004537106,0.0243057943880558,0.06353449076414108,0.1701498180627823,0.5,0.5,1.0,1.0
4,1350,25000,0.27538001537323,0.3544037640094757,1.722948326232654e-07,1.0,1.722948326232654e-07,0.000599425460677594,0.002785047050565481,0.00881898868829012,0.024315813556313515,0.0634729415178299,0.16974474489688873,0.5,0.5,1.0,1.0
4,1360,25000,0.2754000127315521,0.3544231653213501,1.787628178817613e-07,1.0,1.787628178817613e-07,0.0006081167375668883,0.002802490722388029,0.008851318620145321,0.024354765191674232,0.06377886235713959,0.16975758969783783,0.5,0.5,1.0,1.0
4,1370,25000,0.2754799723625183,0.3545020818710327,1.4664055925095454e-07,1.0,1.4664055925095454e-07,0.000603746622800827,0.0028142444789409637,0.00882887002080679,0.024318190291523933,0.06363365799188614,0.16998018324375153,0.5,0.5,1.0,1.0
4,1380,25000,0.2755248546600342,0.3544985353946686,1.347460170109116e-07,1.0,1.347460170109116e-07,0.0006014857208356261,0.00279036583378911,0.008771996013820171,0.024243758991360664,0.06357777118682861,0.17018310725688934,0.5,0.5,1.0,1.0
4,1390,25000,0.27569323778152466,0.35452476143836975,1.1999385662875284e-07,1.0,1.1999385662875284e-07,0.0006029442884027958,0.0027900717686861753,0.008870067074894905,0.024577131494879723,0.06381131708621979,0.1706041395664215,0.5,0.5,1.0,1.0
4,1400,25000,0.2754558026790619,0.354535847902298,1.3593820824553404e-07,1.0,1.3593820824553404e-07,0.0006012219819240272,0.002801730763167143,0.008832401596009731,0.02431524731218815,0.06359019130468369,0.16893447935581207,0.5,0.5,1.0,1.0
4,1410,25000,0.27546045184135437,0.3544849753379822,1.6818015069475223e-07,1.0,1.6818015069475223e-07,0.0006003026501275599,0.0027795417699962854,0.008802034892141819,0.02440791390836239,0.06365205347537994,0.17033357918262482,0.5,0.5,1.0,1.0
4,1420,25000,0.27542582154273987,0.354440301656723,1.386563894811843e-07,1.0,1.386563894811843e-07,0.000598702288698405,0.002797337481752038,0.00881868414580822,0.02447298914194107,0.06372831761837006,0.1699325442314148,0.5,0.5,1.0,1.0
4,1430,25000,0.2755054831504822,0.354444295167923,1.476903150887665e-07,1.0,1.476903150887665e-07,0.0006045623449608684,0.0027914317324757576,0.008784877136349678,0.024326039478182793,0.06374971568584442,0.1707005798816681,0.5,0.5,1.0,1.0
4,1440,25000,0.27547410130500793,0.35444989800453186,1.1877300210016983e-07,1.0,1.1877300210016983e-07,0.0006001486326567829,0.002801444148644805,0.008838505484163761,0.024368062615394592,0.06329542398452759,0.17074108123779297,0.5,0.5,1.0,1.0
4,1450,25000,0.2754130959510803,0.3544599711894989,1.3113707098000305e-07,1.0,1.3113707098000305e-07,0.0006026992341503501,0.002804274670779705,0.008823588490486145,0.024260295554995537,0.06326144933700562,0.17017577588558197,0.5,0.5,1.0,1.0
4,1460,25000,0.27549484372138977,0.35453569889068604,1.1650615761027439e-07,1.0,1.1650615761027439e-07,0.0005992479855194688,0.0028070455882698298,0.008865400217473507,0.024382857605814934,0.06379862129688263,0.16973811388015747,0.5,0.5,1.0,1.0
4,1470,25000,0.2755609154701233,0.3546331226825714,1.5379957574168657e-07,1.0,1.5379957574168657e-07,0.0005984023446217179,0.002800809219479561,0.008780588395893574,0.024291614070534706,0.06341526657342911,0.17014385759830475,0.5,0.5,1.0,1.0
4,1480,25000,0.27551162242889404,0.3545042872428894,1.4536522030539345e-07,1.0,1.4536522030539345e-07,0.000599898979999125,0.002819468267261982,0.008813719265162945,0.02429475076496601,0.06359538435935974,0.17037338018417358,0.5,0.5,1.0,1.0
4,1490,25000,0.2754322290420532,0.35441550612449646,1.5044412293718779e-07,1.0,1.5044412293718779e-07,0.000600239378400147,0.0028014243580400944,0.008834289386868477,0.024273674935102463,0.06352598965167999,0.17014294862747192,0.5,0.5,1.0,1.0
4,1500,25000,0.2754290699958801,0.3544461131095886,1.3771844464827154e-07,1.0,1.3771844464827154e-07,0.0005963410949334502,0.002811953192576766,0.00884751882404089,0.02436141110956669,0.06353266537189484,0.17022812366485596,0.5,0.5,1.0,1.0
4,1510,25000,0.275580495595932,0.3545478284358978,1.627140591153875e-07,1.0,1.627140591153875e-07,0.0006035097176209092,0.0028137320186942816,0.008855863474309444,0.024518495425581932,0.06377390772104263,0.17017506062984467,0.5,0.5,1.0,1.0
4,1520,25000,0.27559295296669006,0.3545130789279938,1.3929229680798016e-07,1.0,1.3929229680798016e-07,0.0006038395804353058,0.002811690792441368,0.00882895290851593,0.02423860877752304,0.06379559636116028,0.1706678420305252,0.5,0.5,1.0,1.0
4,1530,25000,0.2755123972892761,0.35448208451271057,1.5692027943714493e-07,1.0,1.5692027943714493e-07,0.0005972388898953795,0.002808145945891738,0.008834073320031166,0.024242142215371132,0.06379595398902893,0.170553520321846,0.5,0.5,1.0,1.0
4,1540,25000,0.27550527453422546,0.3545357882976532,1.4763101319203997e-07,1.0,1.4763101319203997e-07,0.0005992439109832048,0.0028067645616829395,0.008798005990684032,0.02440047636628151,0.06385122239589691,0.16969764232635498,0.5,0.5,1.0,1.0
4,1550,25000,0.27539315819740295,0.35441991686820984,1.1487103535046117e-07,1.0,1.1487103535046117e-07,0.0005989104975014925,0.0027905215974897146,0.008824249729514122,0.024443233385682106,0.06401360034942627,0.16952674090862274,0.5,0.5,1.0,1.0
4,1560,25000,0.2754402160644531,0.35442304611206055,1.2151312489550037e-07,1.0,1.2151312489550037e-07,0.000598172948230058,0.0028192284516990185,0.008836806751787663,0.02432522363960743,0.06360618770122528,0.17018075287342072,0.5,0.5,1.0,1.0
4,1570,25000,0.2753107249736786,0.35442081093788147,1.1998174898053549e-07,1.0,1.1998174898053549e-07,0.0006012041703797877,0.0027934021782130003,0.008814693428575993,0.024378471076488495,0.06346474587917328,0.16913670301437378,0.5,0.5,1.0,1.0
4,1580,25000,0.27548229694366455,0.35448452830314636,1.2279164707251766e-07,1.0,1.2279164707251766e-07,0.0006078366423025727,0.0028067713137716055,0.008798838593065739,0.024296050891280174,0.06357727944850922,0.17018979787826538,0.5,0.5,1.0,1.0
4,1590,25000,0.2754840850830078,0.3545744717121124,1.3689721356513473e-07,1.0,1.3689721356513473e-07,0.0006007164483889937,0.002804714487865567,0.008809787221252918,0.024289196357131004,0.06342382729053497,0.1706036925315857,0.5,0.5,1.0,1.0
4,1600,25000,0.2756296396255493,0.35453522205352783,1.313330670882351e-07,1.0,1.313330670882351e-07,0.0006014587124809623,0.0028026681393384933,0.008811903186142445,0.024316638708114624,0.06377935409545898,0.17052772641181946,0.5,0.5,1.0,1.0
4,1610,25000,0.2754071354866028,0.35448142886161804,1.8182872452143783e-07,1.0,1.8182872452143783e-07,0.0006043590838089585,0.0028088155668228865,0.00884007103741169,0.024433432146906853,0.06346378475427628,0.16957280039787292,0.5,0.5,1.0,1.0
4,1620,25000,0.2754936218261719,0.3545042872428894,1.3466633674852346e-07,1.0,1.3466633674852346e-07,0.0005985192256048322,0.002806707751005888,0.00881936214864254,0.024309566244482994,0.06358687579631805,0.17006511986255646,0.5,0.5,1.0,1.0
4,1630,25000,0.275485634803772,0.35444405674934387,1.55685100367009e-07,1.0,1.55685100367009e-07,0.0005992909427732229,0.0027895031962543726,0.008832471445202827,0.02440185472369194,0.06339965760707855,0.1698680967092514,0.5,0.5,1.0,1.0
4,1640,25000,0.2754981517791748,0.35451504588127136,1.6683220849245117e-07,1.0,1.6683220849245117e-07,0.0006035848637111485,0.002825780538842082,0.008811017498373985,0.024190979078412056,0.06387333571910858,0.16977843642234802,0.5,0.5,1.0,1.0
4,1650,25000,0.2755086123943329,0.3545114994049072,1.2523224768301588e-07,1.0,1.2523224768301588e-07,0.0005974550731480122,0.0028236538637429476,0.008837658911943436,0.024369891732931137,0.06387601047754288,0.16916188597679138,0.5,0.5,1.0,1.0
4,1660,25000,0.2755350172519684,0.3545694947242737,1.4847678642126994e-07,1.0,1.4847678642126994e-07,0.000599773193243891,0.0027831473853439093,0.008836672641336918,0.024262908846139908,0.06374756991863251,0.17019160091876984,0.5,0.5,1.0,1.0
4,1670,25000,0.27553269267082214,0.3545055687427521,1.7326711088117008e-07,1.0,1.7326711088117008e-07,0.0006013902020640671,0.002825458301231265,0.008832579478621483,0.024490948766469955,0.06374594569206238,0.1704675853252411,0.5,0.5,1.0,1.0
4,1680,25000,0.27545157074928284,0.35458168387413025,1.1238100938726348e-07,1.0,1.1238100938726348e-07,0.000599033897742629,0.0028013759292662144,0.00884272251278162,0.024300983175635338,0.06355272233486176,0.16938218474388123,0.5,0.5,1.0,1.0
4,1690,25000,0.27561119198799133,0.35460710525512695,2.0565796887694887e-07,1.0,2.0565796887694887e-07,0.0006028336356393993,0.002796378917992115,0.008795933797955513,0.02442699484527111,0.06341157853603363,0.17047663033008575,0.5,0.5,1.0,1.0
4,1700,25000,0.2755771577358246,0.3544763922691345,1.6617526910067681e-07,1.0,1.6617526910067681e-07,0.0006056236452423036,0.002807678421959281,0.008836186490952969,0.024497125297784805,0.06401514261960983,0.17048346996307373,0.5,0.5,1.0,1.0
4,1710,25000,0.27548539638519287,0.35444149374961853,1.4809616288857796e-07,1.0,1.4809616288857796e-07,0.0006041330634616315,0.0028138156048953533,0.008866031654179096,0.024402860552072525,0.06355497986078262,0.1703367382287979,0.5,0.5,1.0,1.0
4,1720,25000,0.27555739879608154,0.3545446991920471,1.6523298995707592e-07,1.0,1.6523298995707592e-07,0.0006017122068442404,0.0027750974986702204,0.008834858424961567,0.024321846663951874,0.0638868659734726,0.17008303105831146,0.5,0.5,1.0,1.0
4,1730,25000,0.2755090296268463,0.3545324206352234,1.7100140325965185e-07,1.0,1.7100140325965185e-07,0.0006001582369208336,0.002809133380651474,0.00878279097378254,0.024299316108226776,0.06340251863002777,0.1700998991727829,0.5,0.5,1.0,1.0
4,1740,25000,0.2754714787006378,0.3545178472995758,1.5435340117164742e-07,1.0,1.5435340117164742e-07,0.0006018757121637464,0.002800560090690851,0.008755526505410671,0.024391142651438713,0.0636247992515564,0.17062732577323914,0.5,0.5,1.0,1.0
4,1750,25000,0.27544355392456055,0.3544980585575104,1.3851982316737121e-07,1.0,1.3851982316737121e-07,0.0006010053912177682,0.0027881136629730463,0.008751165121793747,0.024275042116642,0.06351783871650696,0.16964282095432281,0.5,0.5,1.0,1.0
4,1760,25000,0.2755807936191559,0.3546072542667389,1.5652047125058743e-07,1.0,1.5652047125058743e-07,0.0005980014684610069,0.0027847650926560163,0.008821332827210426,0.024261383339762688,0.0638081282377243,0.17012515664100647,0.5,0.5,1.0,1.0
4,1770,25000,0.2755463421344757,0.35454896092414856,1.7813736974403582e-07,1.0,1.7813736974403582e-07,0.0006061891908757389,0.0027890526689589024,0.008863253518939018,0.024366680532693863,0.0638895332813263,0.16980953514575958,0.5,0.5,1.0,1.0
4,1780,25000,0.2754180431365967,0.3544814884662628,2.0466376327021862e-07,1.0,2.0466376327021862e-07,0.00060655502602458,0.0028032700065523386,0.008820762857794762,0.02435915544629097,0.06388821452856064,0.16941241919994354,0.5,0.5,1.0,1.0
4,1790,25000,0.27550193667411804,0.3545427918434143,1.44053373674069e-07,1.0,1.44053373674069e-07,0.0006006766925565898,0.0027853373903781176,0.008822604082524776,0.024379989132285118,0.06375822424888611,0.16966921091079712,0.5,0.5,1.0,1.0
4,1800,25000,0.27559641003608704,0.35448870062828064,1.6356499088487908e-07,1.0,1.6356499088487908e-07,0.0006011726800352335,0.0027800509706139565,0.008797785267233849,0.024378126487135887,0.06383995711803436,0.16991180181503296,0.5,0.5,1.0,1.0
4,1810,25000,0.27546426653862,0.3545113205909729,1.5906996964076825e-07,1.0,1.5906996964076825e-07,0.0006049650837667286,0.0028111813589930534,0.008836604654788971,0.024299437180161476,0.06342600286006927,0.17059434950351715,0.5,0.5,1.0,1.0
4,1820,25000,0.27550452947616577,0.35452812910079956,1.4600874465031666e-07,1.0,1.4600874465031666e-07,0.0006051779491826892,0.002785300835967064,0.00883003231137991,0.02434777282178402,0.06359751522541046,0.16992145776748657,0.5,0.5,1.0,1.0
4,1830,25000,0.27550333738327026,0.3545166850090027,1.3228471118509333e-07,1.0,1.3228471118509333e-07,0.0006036884733475745,0.002818750450387597,0.008796116337180138,0.024280359968543053,0.06381018459796906,0.16985823214054108,0.5,0.5,1.0,1.0
4,1840,25000,0.27550628781318665,0.3545224964618683,1.5144544818213035e-07,1.0,1.5144544818213035e-07,0.0006040552980266511,0.002792254788801074,0.008800332434475422,0.02431122213602066,0.06386463344097137,0.1697200983762741,0.5,0.5,1.0,1.0
4,1850,25000,0.27557069063186646,0.35452643036842346,1.1325299453801563e-07,1.0,1.1325299453801563e-07,0.0006057003629393876,0.00280240410938859,0.008783012628555298,0.024222727864980698,0.06386137008666992,0.1702236831188202,0.5,0.5,1.0,1.0
4,1860,25000,0.2754676938056946,0.3546091914176941,1.3623849781652098e-07,1.0,1.3623849781652098e-07,0.0006004884489811957,0.002812596270814538,0.008810299448668957,0.02423027716577053,0.06352414935827255,0.1699051856994629,0.5,0.5,1.0,1.0
4,1870,25000,0.27549201250076294,0.354581743478775,1.4797680591982498e-07,1.0,1.4797680591982498e-07,0.000600035535171628,0.002800310729071498,0.008784256875514984,0.024293554946780205,0.06359408795833588,0.16943489015102386,0.5,0.5,1.0,1.0
4,1880,25000,0.27557528018951416,0.3545092046260834,1.3057758962986554e-07,1.0,1.3057758962986554e-07,0.0005993237718939781,0.002833207370713353,0.008814539760351181,0.024287018924951553,0.06368798017501831,0.1707511693239212,0.5,0.5,1.0,1.0
4,1890,25000,0.2753855586051941,0.35447603464126587,1.735433698968336e-07,1.0,1.735433698968336e-07,0.0006018742569722235,0.0027974830009043217,0.008818880654871464,0.024357173591852188,0.06347235292196274,0.16986052691936493,0.5,0.5,1.0,1.0
4,1900,25000,0.2755619287490845,0.35452309250831604,1.4900972189479944e-07,1.0,1.4900972189479944e-07,0.000604554486926645,0.00279321800917387,0.008854823186993599,0.02435474842786789,0.0639859139919281,0.16947896778583527,0.5,0.5,1.0,1.0
4,1910,25000,0.2755142152309418,0.3545510172843933,1.3918337060658814e-07,1.0,1.3918337060658814e-07,0.0005977654946036637,0.0028007247019559145,0.008788206614553928,0.024276548996567726,0.06346529722213745,0.17055685818195343,0.5,0.5,1.0,1.0
4,1920,25000,0.27552151679992676,0.35450342297554016,1.6743011599373858e-07,1.0,1.6743011599373858e-07,0.000603105581831187,0.002816359279677272,0.008821665309369564,0.024415839463472366,0.06386861205101013,0.1697799265384674,0.5,0.5,1.0,1.0
4,1930,25000,0.2754497230052948,0.35450059175491333,1.8272848478773085e-07,1.0,1.8272848478773085e-07,0.0006046667695045471,0.00279221311211586,0.00880499742925167,0.024358879774808884,0.06356630474328995,0.1700998693704605,0.5,0.5,1.0,1.0
4,1940,25000,0.2755509912967682,0.35456064343452454,1.585171673923469e-07,1.0,1.585171673923469e-07,0.0006053824909031391,0.0028044215869158506,0.008800189010798931,0.024337131530046463,0.0638824999332428,0.17001856863498688,0.5,0.5,1.0,1.0
4,1950,25000,0.2754174470901489,0.35459455847740173,1.660053925434113e-07,1.0,1.660053925434113e-07,0.0006009815842844546,0.002802129602059722,0.008839414454996586,0.02444547414779663,0.06348840147256851,0.1699446439743042,0.5,0.5,1.0,1.0
4,1960,25000,0.27532756328582764,0.35453468561172485,1.0876293998762776e-07,1.0,1.0876293998762776e-07,0.0006030807853676379,0.002812478691339493,0.008786876685917377,0.024336090311408043,0.06334222853183746,0.16966617107391357,0.5,0.5,1.0,1.0
4,1970,25000,0.27558523416519165,0.3545958697795868,1.4513804558191623e-07,1.0,1.4513804558191623e-07,0.000599326507654041,0.002776763867586851,0.00873800553381443,0.024234535172581673,0.06387189030647278,0.1701875627040863,0.5,0.5,1.0,1.0
4,1980,25000,0.27548179030418396,0.35450705885887146,1.4216203680916806e-07,1.0,1.4216203680916806e-07,0.0006007811753079295,0.0027832775376737118,0.008800973184406757,0.024364499375224113,0.06381642818450928,0.16930268704891205,0.5,0.5,1.0,1.0
4,1990,25000,0.27557483315467834,0.3545515239238739,1.4734504816260596e-07,1.0,1.4734504816260596e-07,0.0005980008863843977,0.0028071666602045298,0.008833875879645348,0.02432684600353241,0.06389815360307693,0.17024320363998413,0.5,0.5,1.0,1.0
4,2000,25000,0.275546133518219,0.3545932173728943,1.5361914051936765e-07,1.0,1.5361914051936765e-07,0.0006052064709365368,0.002808131743222475,0.008855383843183517,0.024344099685549736,0.06381170451641083,0.17031025886535645,0.5,0.5,1.0,1.0
4,2010,25000,0.2754022479057312,0.35453981161117554,1.6880387931905716e-07,1.0,1.6880387931905716e-07,0.0005991771467961371,0.0028091813437640667,0.00879914965480566,0.024325720965862274,0.06359446048736572,0.17016281187534332,0.5,0.5,1.0,1.0
4,2020,25000,0.2755248546600342,0.3544989228248596,1.3438524604225677e-07,1.0,1.3438524604225677e-07,0.000605740409810096,0.0028150228317826986,0.008821491152048111,0.024466153234243393,0.06383036077022552,0.17031773924827576,0.5,0.5,1.0,1.0
4,2030,25000,0.2755783200263977,0.35462483763694763,1.7455074896588485e-07,1.0,1.7455074896588485e-07,0.0006028212956152856,0.0027932203374803066,0.00883906427770853,0.024357231333851814,0.06352358311414719,0.16984842717647552,0.5,0.5,1.0,1.0
4,2040,25000,0.27568233013153076,0.3546708822250366,1.5558127586245973e-07,1.0,1.5558127586245973e-07,0.0005998468841426075,0.0027946860063821077,0.00883790198713541,0.024310503154993057,0.06358256936073303,0.17017288506031036,0.5,0.5,1.0,1.0
4,2050,25000,0.2755158841609955,0.35459333658218384,1.6990195206290082e-07,1.0,1.6990195206290082e-07,0.0006037245620973408,0.002797303255647421,0.008815535344183445,0.024520477280020714,0.06389593333005905,0.16948345303535461,0.5,0.5,1.0,1.0
4,2060,25000,0.27551811933517456,0.35446739196777344,2.0832784741742216e-07,1.0,2.0832784741742216e-07,0.0006001062574796379,0.002799973590299487,0.008878491818904877,0.024364201352000237,0.0637311264872551,0.1705860197544098,0.5,0.5,1.0,1.0
4,2070,25000,0.2756301164627075,0.35457104444503784,1.5630979532943456e-07,1.0,1.5630979532943456e-07,0.0005992444348521531,0.0027992906980216503,0.008820204995572567,0.024258796125650406,0.06384590268135071,0.1699109822511673,0.5,0.5,1.0,1.0
4,2080,25000,0.2755168378353119,0.354547917842865,1.679757843930929e-07,1.0,1.679757843930929e-07,0.0006019025458954275,0.0027865427546203136,0.008790737949311733,0.0243687741458416,0.06335943937301636,0.16969214379787445,0.5,0.5,1.0,1.0
4,2090,25000,0.2755239009857178,0.3545515835285187,1.356069674329774e-07,1.0,1.356069674329774e-07,0.000599539140239358,0.0028065373189747334,0.00880829431116581,0.024372151121497154,0.06355951726436615,0.16963504254817963,0.5,0.5,1.0,1.0
4,2100,25000,0.2755207419395447,0.354540079832077,1.4248558954932378e-07,1.0,1.4248558954932378e-07,0.0006026963237673044,0.002803789684548974,0.00883181206882,0.024355804547667503,0.06353920698165894,0.17057980597019196,0.5,0.5,1.0,1.0
4,2110,25000,0.2754734754562378,0.3545748293399811,1.4488654187516659e-07,1.0,1.4488654187516659e-07,0.0006015817634761333,0.002795574953779578,0.008775612339377403,0.02425311505794525,0.06377971917390823,0.16907282173633575,0.5,0.5,1.0,1.0
4,2120,25000,0.27568355202674866,0.3546493947505951,1.6222972476498398e-07,1.0,1.6222972476498398e-07,0.0006012563244439662,0.0028086297679692507,0.008828427642583847,0.02433943748474121,0.06335728615522385,0.1704551726579666,0.5,0.5,1.0,1.0
4,2130,25000,0.27553126215934753,0.35454583168029785,1.4260746183936135e-07,1.0,1.4260746183936135e-07,0.0006030933582223952,0.0028150782454758883,0.008815341629087925,0.02442025952041149,0.06406518071889877,0.16969417035579681,0.5,0.5,1.0,1.0
4,2140,25000,0.27555838227272034,0.35460150241851807,1.5742283210329333e-07,1.0,1.5742283210329333e-07,0.0006036172853782773,0.002807017881423235,0.008807798847556114,0.024247225373983383,0.06365278363227844,0.1704571694135666,0.5,0.5,1.0,1.0
4,2150,25000,0.27546191215515137,0.35461777448654175,1.877345852108192e-07,1.0,1.877345852108192e-07,0.0005973636289127171,0.0027919842395931482,0.008780368603765965,0.02439398318529129,0.06354402005672455,0.1692909300327301,0.5,0.5,1.0,1.0
4,2160,25000,0.2755622863769531,0.35447877645492554,1.2560043671783205e-07,1.0,1.2560043671783205e-07,0.000599670980591327,0.002791675738990307,0.008787496946752071,0.024525366723537445,0.06374065577983856,0.17009872198104858,0.5,0.5,1.0,1.0
4,2170,25000,0.27542826533317566,0.3545234501361847,1.3141902854840737e-07,1.0,1.3141902854840737e-07,0.0006033446406945586,0.002783294068649411,0.008791528642177582,0.0244932621717453,0.06388596445322037,0.1691727638244629,0.5,0.5,1.0,1.0
4,2180,25000,0.27556315064430237,0.3545607030391693,1.5543302822607075e-07,1.0,1.5543302822607075e-07,0.0005957770626991987,0.0028147820848971605,0.008823120035231113,0.02434736117720604,0.06383562833070755,0.17037269473075867,0.5,0.5,1.0,1.0
4,2190,25000,0.2754512131214142,0.35452693700790405,1.6950279757566022e-07,1.0,1.6950279757566022e-07,0.0005996880354359746,0.0028111026622354984,0.008810222148895264,0.024261096492409706,0.06361857056617737,0.16934038698673248,0.5,0.5,1.0,1.0
4,2200,25000,0.2754211127758026,0.35452723503112793,1.721431317491806e-07,1.0,1.721431317491806e-07,0.0005935896770097315,0.002800412941724062,0.008775980211794376,0.02437465451657772,0.06367141008377075,0.16970784962177277,0.5,0.5,1.0,1.0
4,2210,25000,0.27531662583351135,0.3545214533805847,1.097904132052463e-07,1.0,1.097904132052463e-07,0.000593809352722019,0.0027973148971796036,0.008811268024146557,0.024408956989645958,0.06339137256145477,0.1689588576555252,0.5,0.5,1.0,1.0
4,2220,25000,0.2754836678504944,0.35457485914230347,1.2502084700827254e-07,1.0,1.2502084700827254e-07,0.0006059658480808139,0.002793909516185522,0.008787094615399837,0.024374110624194145,0.06360985338687897,0.1699484884738922,0.5,0.5,1.0,1.0
4,2230,25000,0.275444358587265,0.3545870780944824,1.0603442035517219e-07,1.0,1.0603442035517219e-07,0.0005934450891800225,0.0027960040606558323,0.008814452216029167,0.024310102686285973,0.06356464326381683,0.170086070895195,0.5,0.5,1.0,1.0
4,2240,25000,0.2754758298397064,0.35450562834739685,1.4243846635508817e-07,1.0,1.4243846635508817e-07,0.0005999561981298029,0.0028166493866592646,0.008824295364320278,0.024303024634718895,0.06376887857913971,0.1699346899986267,0.5,0.5,1.0,1.0
4,2250,25000,0.27545619010925293,0.35456573963165283,1.5753164461784763e-07,1.0,1.5753164461784763e-07,0.0005991585785523057,0.0027830523904412985,0.00883567240089178,0.024475719779729843,0.06357278674840927,0.17007532715797424,0.5,0.5,1.0,1.0
4,2260,25000,0.27558594942092896,0.35454094409942627,1.589160660842026e-07,1.0,1.589160660842026e-07,0.0006009771022945642,0.002805868862196803,0.008823699317872524,0.02440204843878746,0.06358890980482101,0.17053401470184326,0.5,0.5,1.0,1.0
4,2270,25000,0.2755293846130371,0.3545534312725067,1.2788586900569499e-07,1.0,1.2788586900569499e-07,0.0006002278532832861,0.0027933805249631405,0.008826159872114658,0.024254895746707916,0.06362296640872955,0.17050933837890625,0.5,0.5,1.0,1.0
4,2280,25000,0.2754681408405304,0.3545299470424652,1.7887073511246854e-07,1.0,1.7887073511246854e-07,0.0005959297413937747,0.0028032606933265924,0.008840982802212238,0.024420641362667084,0.06375931203365326,0.169622004032135,0.5,0.5,1.0,1.0
4,2290,25000,0.27553361654281616,0.35453301668167114,1.0536422223594855e-07,1.0,1.0536422223594855e-07,0.0006024956237524748,0.002822954673320055,0.008809194900095463,0.024292871356010437,0.06368421018123627,0.17053678631782532,0.5,0.5,1.0,1.0
4,2300,25000,0.2755165696144104,0.35450369119644165,1.257096755580278e-07,1.0,1.257096755580278e-07,0.0005967483157292008,0.0028072602581232786,0.008785412646830082,0.02435300126671791,0.0636964738368988,0.17064203321933746,0.5,0.5,1.0,1.0
4,2310,25000,0.27557215094566345,0.3545629382133484,1.633353292618267e-07,1.0,1.633353292618267e-07,0.0006009864737279713,0.0028131066355854273,0.008838639594614506,0.024500196799635887,0.06374852359294891,0.16962207853794098,0.5,0.5,1.0,1.0
4,2320,25000,0.2756901979446411,0.3546368479728699,1.5264150476923533e-07,1.0,1.5264150476923533e-07,0.0006044781766831875,0.0028062853962183,0.008757783100008965,0.02439737319946289,0.06393507868051529,0.1698528528213501,0.5,0.5,1.0,1.0
4,2330,25000,0.2755301296710968,0.35464081168174744,1.4716917462465062e-07,1.0,1.4716917462465062e-07,0.000596731377299875,0.002798781031742692,0.008842085488140583,0.02445681206882,0.06365401297807693,0.1696392148733139,0.5,0.5,1.0,1.0
4,2340,25000,0.2754899859428406,0.35460174083709717,1.4751621790765057e-07,1.0,1.4751621790765057e-07,0.0006036620470695198,0.0027928208000957966,0.008842730894684792,0.024289565160870552,0.06364679336547852,0.16948901116847992,0.5,0.5,1.0,1.0
4,2350,25000,0.27553796768188477,0.3545968532562256,1.549355772567651e-07,1.0,1.549355772567651e-07,0.0005989680648781359,0.0027889516204595566,0.008804969489574432,0.024304024875164032,0.06385282427072525,0.17004072666168213,0.5,0.5,1.0,1.0
4,2360,25000,0.27550840377807617,0.3545630872249603,1.631551924674568e-07,1.0,1.631551924674568e-07,0.0006055086269043386,0.0027929225470870733,0.008823218755424023,0.024306520819664,0.0636262446641922,0.17014770209789276,0.5,0.5,1.0,1.0
4,2370,25000,0.2755338251590729,0.3545512557029724,1.514562342208592e-07,1.0,1.514562342208592e-07,0.0005970605998300016,0.002797288354486227,0.008834093809127808,0.024336297065019608,0.06384788453578949,0.1697201132774353,0.5,0.5,1.0,1.0
4,2380,25000,0.27553263306617737,0.35461604595184326,1.3909885865359684e-07,1.0,1.3909885865359684e-07,0.000601444102358073,0.002794237108901143,0.00884204264730215,0.024424003437161446,0.06362250447273254,0.16928057372570038,0.5,0.5,1.0,1.0
4,2390,25000,0.27549779415130615,0.3545987904071808,1.0520162874172456e-07,1.0,1.0520162874172456e-07,0.0005983092123642564,0.0028174431063234806,0.008843451738357544,0.02449808269739151,0.06376776099205017,0.16991397738456726,0.5,0.5,1.0,1.0
4,2400,25000,0.2754920423030853,0.35455766320228577,1.5788752705248044e-07,1.0,1.5788752705248044e-07,0.0006031499360688031,0.002797553548589349,0.0087615717202425,0.02415771223604679,0.06355983018875122,0.1698933243751526,0.5,0.5,1.0,1.0
4,2410,25000,0.27541452646255493,0.3544907867908478,1.6303621919178113e-07,1.0,1.6303621919178113e-07,0.0006009849021211267,0.0027826607692986727,0.00877863448113203,0.02445070445537567,0.0636095404624939,0.16973939538002014,0.5,0.5,1.0,1.0
4,2420,25000,0.2754925787448883,0.35451599955558777,1.6599805974237825e-07,1.0,1.6599805974237825e-07,0.0006005226168781519,0.0027999707963317633,0.008857018314301968,0.02447347715497017,0.06360886991024017,0.16912809014320374,0.5,0.5,1.0,1.0
4,2430,25000,0.2754286229610443,0.35454168915748596,1.9458343558653723e-07,1.0,1.9458343558653723e-07,0.0006049855146557093,0.0027972240932285786,0.008772105909883976,0.02430937997996807,0.0633559376001358,0.16942939162254333,0.5,0.5,1.0,1.0
4,2440,25000,0.2755739390850067,0.3545588254928589,1.263171043319744e-07,1.0,1.263171043319744e-07,0.0005966534372419119,0.0028045158833265305,0.008787021972239017,0.024338969960808754,0.0637134462594986,0.17020367085933685,0.5,0.5,1.0,1.0
4,2450,25000,0.2754303514957428,0.3545263111591339,1.5394405750157603e-07,1.0,1.5394405750157603e-07,0.0006006747134961188,0.002803180832415819,0.008813724853098392,0.024320725351572037,0.06333091855049133,0.17045018076896667,0.5,0.5,1.0,1.0
4,2460,25000,0.27552303671836853,0.35454076528549194,1.4400825421034824e-07,1.0,1.4400825421034824e-07,0.0006001497968100011,0.002793257124722004,0.008836270309984684,0.02434711344540119,0.06349330395460129,0.16966770589351654,0.5,0.5,1.0,1.0
4,2470,25000,0.27558183670043945,0.3545878529548645,1.5008055243015406e-07,1.0,1.5008055243015406e-07,0.0006008713971823454,0.0027988916262984276,0.008852542378008366,0.024445554241538048,0.06381824612617493,0.17049871385097504,0.5,0.5,1.0,1.0
4,2480,25000,0.2754805088043213,0.3544861078262329,1.4618410659750225e-07,1.0,1.4618410659750225e-07,0.0006007399642840028,0.0027918582782149315,0.008810807950794697,0.02435232326388359,0.06354066729545593,0.16970016062259674,0.5,0.5,1.0,1.0
4,2490,25000,0.2754944860935211,0.354518324136734,1.8981485538915877e-07,1.0,1.8981485538915877e-07,0.0006044167093932629,0.0027869504410773516,0.008800794370472431,0.024299591779708862,0.06356340646743774,0.16973884403705597,0.5,0.5,1.0,1.0
4,2500,25000,0.27537140250205994,0.354496568441391,1.3638614859701192e-07,1.0,1.3638614859701192e-07,0.0006005866453051567,0.0027824523858726025,0.008834556676447392,0.024380872026085854,0.0634046345949173,0.1693861186504364,0.5,0.5,1.0,1.0
4,2510,25000,0.2755536437034607,0.3545719087123871,1.7159061371785356e-07,1.0,1.7159061371785356e-07,0.0006012726225890219,0.0028050513938069344,0.008796149864792824,0.024417655542492867,0.0635567307472229,0.16970708966255188,0.5,0.5,1.0,1.0
4,2520,25000,0.2755705714225769,0.35458487272262573,1.1838857716384155e-07,1.0,1.1838857716384155e-07,0.0006045624613761902,0.0027989805676043034,0.008816096931695938,0.024321818724274635,0.06361424177885056,0.16971832513809204,0.5,0.5,1.0,1.0
4,2530,25000,0.27544763684272766,0.3545646667480469,1.255769177532784e-07,1.0,1.255769177532784e-07,0.0006001260480843484,0.0028009323868900537,0.00883628148585558,0.024288171902298927,0.06321889907121658,0.16949407756328583,0.5,0.5,1.0,1.0
4,2540,25000,0.27553531527519226,0.3545757532119751,1.199756809455721e-07,1.0,1.199756809455721e-07,0.0006009511416777968,0.002793207298964262,0.008776060305535793,0.024409832432866096,0.06403324007987976,0.17039120197296143,0.5,0.5,1.0,1.0
4,2550,25000,0.27544891834259033,0.35452014207839966,1.628640973194706e-07,1.0,1.628640973194706e-07,0.0006024879985488951,0.002791408682242036,0.00880641769617796,0.024351872503757477,0.06369878351688385,0.17048801481723785,0.5,0.5,1.0,1.0
4,2560,25000,0.27552834153175354,0.3545006811618805,1.5741576930849988e-07,1.0,1.5741576930849988e-07,0.0006014002719894052,0.002800412941724062,0.008811227045953274,0.024330737069249153,0.06377764046192169,0.17061065137386322,0.5,0.5,1.0,1.0
4,2570,25000,0.2755235731601715,0.3546046018600464,1.9687458063799568e-07,1.0,1.9687458063799568e-07,0.0006035015685483813,0.0027876487001776695,0.008785351179540157,0.02422896958887577,0.06366036832332611,0.16983002424240112,0.5,0.5,1.0,1.0
4,2580,25000,0.27549222111701965,0.35464048385620117,1.6726770013519854e-07,1.0,1.6726770013519854e-07,0.0006021691369824111,0.002801191993057728,0.008807726204395294,0.024358881637454033,0.06352831423282623,0.1692405790090561,0.5,0.5,1.0,1.0
4,2590,25000,0.2755078375339508,0.35461777448654175,1.3936958964677615e-07,1.0,1.3936958964677615e-07,0.0006014942191541195,0.002795244799926877,0.008845875039696693,0.024317370727658272,0.063555508852005,0.16968898475170135,0.5,0.5,1.0,1.0
4,2600,25000,0.2756175994873047,0.3546094596385956,1.8237902565942932e-07,1.0,1.8237902565942932e-07,0.0006104976637288928,0.00280279153957963,0.008775643073022366,0.024318290874361992,0.06386232376098633,0.16959117352962494,0.5,0.5,1.0,1.0
4,2610,25000,0.2756274342536926,0.354638010263443,1.0923026394493718e-07,1.0,1.0923026394493718e-07,0.0006010673241689801,0.0027840868569910526,0.008806184865534306,0.02428375743329525,0.0636000707745552,0.17037233710289001,0.5,0.5,1.0,1.0
4,2620,25000,0.2755511701107025,0.3545359969139099,1.706433323533929e-07,1.0,1.706433323533929e-07,0.0005999691202305257,0.0027954871766269207,0.008825456723570824,0.024352343752980232,0.06362034380435944,0.16997118294239044,0.5,0.5,1.0,1.0
4,2630,25000,0.2754899263381958,0.3544658422470093,1.6977735128875793e-07,1.0,1.6977735128875793e-07,0.0006034597754478455,0.002800773596391082,0.008871972560882568,0.024345656856894493,0.06375038623809814,0.17026092112064362,0.5,0.5,1.0,1.0
4,2640,25000,0.2753586769104004,0.3545181155204773,1.4241116730318026e-07,1.0,1.4241116730318026e-07,0.0006019483553245664,0.0028038679156452417,0.008786134421825409,0.02425204962491989,0.0635596513748169,0.1686989963054657,0.5,0.5,1.0,1.0
4,2650,25000,0.2755489945411682,0.3544835150241852,1.3241979957001604e-07,1.0,1.3241979957001604e-07,0.0006019679713062942,0.002789533929899335,0.008801107294857502,0.02445884421467781,0.06398455798625946,0.17068400979042053,0.5,0.5,1.0,1.0
4,2660,25000,0.27540555596351624,0.35451406240463257,1.652514924899151e-07,1.0,1.652514924899151e-07,0.000597480742726475,0.0027960611041635275,0.008704894222319126,0.024440346285700798,0.0632922351360321,0.16931995749473572,0.5,0.5,1.0,1.0
4,2670,25000,0.2754889130592346,0.354541152715683,1.662106967614818e-07,1.0,1.662106967614818e-07,0.0005956438253633678,0.002802277682349086,0.008798651397228241,0.02445015124976635,0.06366273760795593,0.17048221826553345,0.5,0.5,1.0,1.0
4,2680,25000,0.27555304765701294,0.35466471314430237,1.449293733912782e-07,1.0,1.449293733912782e-07,0.0006058090948499739,0.0028131252620369196,0.008839491754770279,0.02445920743048191,0.06337377429008484,0.16964764893054962,0.5,0.5,1.0,1.0
4,2690,25000,0.2756289839744568,0.35459092259407043,1.1677504119234072e-07,1.0,1.1677504119234072e-07,0.000600764062255621,0.0028187024872750044,0.008839317597448826,0.02444373071193695,0.06372208893299103,0.1703052520751953,0.5,0.5,1.0,1.0
4,2700,25000,0.2755609452724457,0.3545973002910614,1.6670001912189036e-07,1.0,1.6670001912189036e-07,0.000600708881393075,0.002803717041388154,0.00881078839302063,0.024195825681090355,0.06361579149961472,0.17030338943004608,0.5,0.5,1.0,1.0
4,2710,25000,0.27556273341178894,0.3545147478580475,1.481224529698011e-07,1.0,1.481224529698011e-07,0.000602251326199621,0.0027973176911473274,0.008736301213502884,0.02427300438284874,0.06385281682014465,0.17044901847839355,0.5,0.5,1.0,1.0
4,2720,25000,0.2755137085914612,0.35453569889068604,1.5747114900932502e-07,1.0,1.5747114900932502e-07,0.0006028969073668122,0.002802614588290453,0.00882843229919672,0.0242988932877779,0.06376106292009354,0.1707630306482315,0.5,0.5,1.0,1.0
4,2730,25000,0.2754100561141968,0.3545287251472473,1.4301964768037578e-07,1.0,1.4301964768037578e-07,0.000599840481299907,0.0028041687328368425,0.00876397080719471,0.024365779012441635,0.06371070444583893,0.16963110864162445,0.5,0.5,1.0,1.0
4,2740,25000,0.2755401134490967,0.3545374274253845,1.5151292132031813e-07,1.0,1.5151292132031813e-07,0.0005973796360194683,0.0027906436007469893,0.008852493017911911,0.024373335763812065,0.06412854790687561,0.17010073363780975,0.5,0.5,1.0,1.0
4,2750,25000,0.2755778133869171,0.35456615686416626,1.4364339051553543e-07,1.0,1.4364339051553543e-07,0.0006032477831467986,0.002814594889059663,0.008828775025904179,0.02425675466656685,0.06345021724700928,0.17010754346847534,0.5,0.5,1.0,1.0
4,2760,25000,0.27539440989494324,0.3545515537261963,1.581720567855882e-07,1.0,1.581720567855882e-07,0.0006079371669329703,0.0028117126785218716,0.008800987154245377,0.0241650752723217,0.06359672546386719,0.16977903246879578,0.5,0.5,1.0,1.0
4,2770,25000,0.275465190410614,0.354605108499527,1.289572537643835e-07,1.0,1.289572537643835e-07,0.0006027252529747784,0.002809744793921709,0.008795270696282387,0.024370547384023666,0.0633617639541626,0.16944672167301178,0.5,0.5,1.0,1.0
4,2780,25000,0.27557459473609924,0.3545554578304291,1.206113608986925e-07,1.0,1.206113608986925e-07,0.0006067880894988775,0.0027914512902498245,0.008846687152981758,0.02450905740261078,0.06371062994003296,0.16993719339370728,0.5,0.5,1.0,1.0
4,2790,25000,0.27563920617103577,0.35463547706604004,1.6633046584502154e-07,1.0,1.6633046584502154e-07,0.0006048353388905525,0.0028040874749422073,0.008880563080310822,0.02444126084446907,0.06367293000221252,0.16953246295452118,0.5,0.5,1.0,1.0
4,2800,25000,0.275627076625824,0.35460910201072693,1.8188725903200975e-07,1.0,1.8188725903200975e-07,0.0005993098020553589,0.0028094209264963865,0.008827636018395424,0.024459410458803177,0.06371670961380005,0.1706984043121338,0.5,0.5,1.0,1.0
4,2810,25000,0.27550825476646423,0.35456734895706177,1.640180045114903e-07,1.0,1.640180045114903e-07,0.0006014059763401747,0.00279418658465147,0.008824561722576618,0.024437595158815384,0.06354205310344696,0.1695779412984848,0.5,0.5,1.0,1.0
4,2820,25000,0.2756630480289459,0.35463419556617737,1.1409333211531703e-07,1.0,1.1409333211531703e-07,0.0006052793469280005,0.002794211730360985,0.008829723112285137,0.02443302981555462,0.06391911208629608,0.17037008702754974,0.5,0.5,1.0,1.0
4,2830,25000,0.27559348940849304,0.3545849025249481,1.2691398865172232e-07,1.0,1.2691398865172232e-07,0.0006060479790903628,0.0027919725980609655,0.008825300261378288,0.024328777566552162,0.06393520534038544,0.17092685401439667,0.5,0.5,1.0,1.0
4,2840,25000,0.2755209505558014,0.35456007719039917,1.4302871420568408e-07,1.0,1.4302871420568408e-07,0.0006012450903654099,0.0028023107443004847,0.008804182521998882,0.024361595511436462,0.0638311505317688,0.17017048597335815,0.5,0.5,1.0,1.0
4,2850,25000,0.2755556106567383,0.35452741384506226,1.5362094529791648e-07,1.0,1.5362094529791648e-07,0.0006033668760210276,0.0028030509129166603,0.008824239484965801,0.02430306375026703,0.06415968388319016,0.1704576164484024,0.5,0.5,1.0,1.0
4,2860,25000,0.2755677103996277,0.35456573963165283,1.4476511012162518e-07,1.0,1.4476511012162518e-07,0.0006001614965498447,0.0028016429860144854,0.00879855826497078,0.024356089532375336,0.06390109658241272,0.1705518215894699,0.5,0.5,1.0,1.0
4,2870,25000,0.2755453884601593,0.3545955717563629,1.5049491253193992e-07,1.0,1.5049491253193992e-07,0.0005995871033519506,0.0028217225335538387,0.008825737051665783,0.02438775822520256,0.06370431929826736,0.17011772096157074,0.5,0.5,1.0,1.0
4,2880,25000,0.27564218640327454,0.3546229600906372,1.5274406450771494e-07,1.0,1.5274406450771494e-07,0.0005982553702779114,0.0028086588717997074,0.008820723742246628,0.02436130866408348,0.063754603266716,0.16990944743156433,0.5,0.5,1.0,1.0
4,2890,25000,0.2756350040435791,0.3546120226383209,1.1804193889020098e-07,1.0,1.1804193889020098e-07,0.0006020711152814329,0.002811381360515952,0.00875429343432188,0.02429228276014328,0.06393729150295258,0.17077267169952393,0.5,0.5,1.0,1.0
4,2900,25000,0.2755286395549774,0.35463181138038635,1.5891674820522894e-07,1.0,1.5891674820522894e-07,0.0006005753530189395,0.0027879078406840563,0.008795094676315784,0.024379556998610497,0.06372016668319702,0.16930386424064636,0.5,0.5,1.0,1.0
4,2910,25000,0.27539774775505066,0.3545309901237488,1.4941909398658026e-07,1.0,1.4941909398658026e-07,0.0005962468567304313,0.0027977649588137865,0.00881769135594368,0.024342594668269157,0.06343510746955872,0.1693192571401596,0.5,0.5,1.0,1.0
4,2920,25000,0.27547013759613037,0.35458528995513916,1.800571425292219e-07,1.0,1.800571425292219e-07,0.0006076464778743684,0.002821267582476139,0.008845805190503597,0.024254444986581802,0.06350532174110413,0.16984258592128754,0.5,0.5,1.0,1.0
4,2930,25000,0.2755652070045471,0.3546210825443268,1.635418271916933e-07,1.0,1.635418271916933e-07,0.0005987751064822078,0.0028066395316272974,0.00880514644086361,0.024352554231882095,0.0635041743516922,0.17040584981441498,0.5,0.5,1.0,1.0
4,2940,25000,0.2755531966686249,0.3546159267425537,1.5230118322051567e-07,1.0,1.5230118322051567e-07,0.0005969518097117543,0.002805107505992055,0.008821815252304077,0.024364614859223366,0.06369701027870178,0.16946540772914886,0.5,0.5,1.0,1.0
4,2950,25000,0.2755574584007263,0.35450178384780884,1.619567768784691e-07,1.0,1.619567768784691e-07,0.0006009615608491004,0.0028005775529891253,0.00880574993789196,0.024334631860256195,0.06385548412799835,0.17077608406543732,0.5,0.5,1.0,1.0
4,2960,25000,0.2754991352558136,0.35459595918655396,1.2601452681337832e-07,1.0,1.2601452681337832e-07,0.0006016216357238591,0.002811660524457693,0.008814580738544464,0.024367155507206917,0.06318243592977524,0.16966956853866577,0.5,0.5,1.0,1.0
4,2970,25000,0.2756296992301941,0.354543536901474,1.547617927144529e-07,1.0,1.547617927144529e-07,0.0005992657388560474,0.002810906618833542,0.008821999654173851,0.024635275825858116,0.06381285935640335,0.17035077512264252,0.5,0.5,1.0,1.0
4,2980,25000,0.27556049823760986,0.3546749949455261,1.5785940377099905e-07,1.0,1.5785940377099905e-07,0.0006041325395926833,0.002804292133077979,0.008852456696331501,0.024405770003795624,0.0636177510023117,0.16967199742794037,0.5,0.5,1.0,1.0
4,2990,25000,0.27550870180130005,0.3545929789543152,1.2873678656433185e-07,1.0,1.2873678656433185e-07,0.000599613063968718,0.0027982403989881277,0.008778120391070843,0.024370936676859856,0.06379561126232147,0.16949163377285004,0.5,0.5,1.0,1.0
4,3000,25000,0.2754506766796112,0.3545207977294922,1.618115135215703e-07,1.0,1.618115135215703e-07,0.0005997850676067173,0.0028122805524617434,0.008811522275209427,0.024410543963313103,0.06350202858448029,0.1698165237903595,0.5,0.5,1.0,1.0
4,3010,25000,0.27552667260169983,0.3545801639556885,1.4182172947130312e-07,1.0,1.4182172947130312e-07,0.000597975158598274,0.0027966080233454704,0.008762593381106853,0.024352161213755608,0.063524030148983,0.16983482241630554,0.5,0.5,1.0,1.0
4,3020,25000,0.2755938470363617,0.3545123040676117,1.7746069147506205e-07,1.0,1.7746069147506205e-07,0.0006021825247444212,0.0028225479181855917,0.008808200247585773,0.024364862591028214,0.06397147476673126,0.17007681727409363,0.5,0.5,1.0,1.0
4,3030,25000,0.27548450231552124,0.3544803857803345,1.6480790065998008e-07,1.0,1.6480790065998008e-07,0.0006019386928528547,0.002807365730404854,0.008816657587885857,0.024355558678507805,0.06372350454330444,0.17022544145584106,0.5,0.5,1.0,1.0
4,3040,25000,0.275434672832489,0.3545359671115875,1.5276252440798999e-07,1.0,1.5276252440798999e-07,0.0006007103365845978,0.0028065484948456287,0.00877371709793806,0.024281280115246773,0.06358591467142105,0.17005838453769684,0.5,0.5,1.0,1.0
4,3050,25000,0.2755136489868164,0.35460034012794495,1.4938693482235976e-07,1.0,1.4938693482235976e-07,0.000598321610596031,0.002795859705656767,0.008815144188702106,0.024237580597400665,0.06364190578460693,0.1702715903520584,0.5,0.5,1.0,1.0
4,3060,25000,0.27560392022132874,0.35458895564079285,1.241170366483857e-07,1.0,1.241170366483857e-07,0.000600367842707783,0.0028166822157800198,0.008775940164923668,0.024374602362513542,0.06381747126579285,0.1697058230638504,0.5,0.5,1.0,1.0
4,3070,25000,0.2756649851799011,0.35465574264526367,1.495807424589657e-07,1.0,1.495807424589657e-07,0.0006030976073816419,0.002790960483253002,0.00879689771682024,0.02427172102034092,0.06346993893384933,0.1707569658756256,0.5,0.5,1.0,1.0
4,3080,25000,0.27555254101753235,0.3545815348625183,1.456089790963233e-07,1.0,1.456089790963233e-07,0.0006022117449901998,0.0028143522795289755,0.00879308395087719,0.024393608793616295,0.06362283229827881,0.17050518095493317,0.5,0.5,1.0,1.0
4,3090,25000,0.2753610908985138,0.3545030951499939,1.4203259013356728e-07,1.0,1.4203259013356728e-07,0.0006019931170158088,0.0028035335708409548,0.008810223080217838,0.024425089359283447,0.0635097324848175,0.17044901847839355,0.5,0.5,1.0,1.0
4,3100,25000,0.2754642069339752,0.3545430302619934,1.3966759127015393e-07,1.0,1.3966759127015393e-07,0.0006025164620950818,0.0027921295259147882,0.00884897168725729,0.024236582219600677,0.06348515301942825,0.16978345811367035,0.5,0.5,1.0,1.0
4,3110,25000,0.2754446566104889,0.3545626401901245,1.345321294365931e-07,1.0,1.345321294365931e-07,0.0006010188371874392,0.0028058327734470367,0.008804387412965298,0.02430521510541439,0.0636136382818222,0.16947266459465027,0.5,0.5,1.0,1.0
4,3120,25000,0.27547168731689453,0.3545840084552765,1.326944953916609e-07,1.0,1.326944953916609e-07,0.0006060512387193739,0.0028135268948972225,0.008836301974952221,0.024318713694810867,0.06333215534687042,0.1696264147758484,0.5,0.5,1.0,1.0
4,3130,25000,0.275399386882782,0.35454386472702026,1.7194838619616348e-07,1.0,1.7194838619616348e-07,0.0006038034334778786,0.0027801210526376963,0.00882888212800026,0.024306951090693474,0.06354416906833649,0.1691630333662033,0.5,0.5,1.0,1.0
4,3140,25000,0.275574654340744,0.3546679615974426,1.3148422794984072e-07,1.0,1.3148422794984072e-07,0.0005981881986372173,0.0027887688484042883,0.008822647854685783,0.024278920143842697,0.06390146911144257,0.169838085770607,0.5,0.5,1.0,1.0
4,3150,25000,0.27559855580329895,0.35467690229415894,1.644209106643757e-07,1.0,1.644209106643757e-07,0.0005956389359198511,0.0028012364637106657,0.008762880228459835,0.02437650039792061,0.06396687030792236,0.16955681145191193,0.5,0.5,1.0,1.0
4,3160,25000,0.27557140588760376,0.3546326756477356,1.6111309264488227e-07,1.0,1.6111309264488227e-07,0.0006048216600902379,0.0028087615501135588,0.008826106786727905,0.02443176507949829,0.06359702348709106,0.1708853542804718,0.5,0.5,1.0,1.0
4,3170,25000,0.27561941742897034,0.3546292781829834,1.5894838156782498e-07,1.0,1.5894838156782498e-07,0.0005999904242344201,0.00278552551753819,0.008824964053928852,0.024350401014089584,0.06385231018066406,0.16972826421260834,0.5,0.5,1.0,1.0
4,3180,25000,0.27553385496139526,0.3545914888381958,1.2755781142459455e-07,1.0,1.2755781142459455e-07,0.0005985920433886349,0.002787361154332757,0.008808182552456856,0.024306580424308777,0.06362126767635345,0.16976402699947357,0.5,0.5,1.0,1.0
4,3190,25000,0.27548494935035706,0.3546018898487091,1.3349205119084218e-07,1.0,1.3349205119084218e-07,0.0005985603202134371,0.0028023547492921352,0.008867953903973103,0.024254443123936653,0.06345939636230469,0.1696314960718155,0.5,0.5,1.0,1.0
4,3200,25000,0.2755723297595978,0.3546125888824463,1.485838794224037e-07,1.0,1.485838794224037e-07,0.0006040675798431039,0.0027874924708157778,0.008766444399952888,0.024287546053528786,0.06380494683980942,0.1700678914785385,0.5,0.5,1.0,1.0
4,3210,25000,0.2754793167114258,0.3545784652233124,1.306865584638217e-07,1.0,1.306865584638217e-07,0.0006042810855433345,0.00279807741753757,0.008836970664560795,0.024477390572428703,0.06341476738452911,0.1705683022737503,0.5,0.5,1.0,1.0
4,3220,25000,0.27558815479278564,0.35452771186828613,1.481501357147863e-07,1.0,1.481501357147863e-07,0.0005993827944621444,0.0027929439675062895,0.008829189464449883,0.024283550679683685,0.06363622844219208,0.17071960866451263,0.5,0.5,1.0,1.0
4,3230,25000,0.27554556727409363,0.3546057343482971,2.0790388077784883e-07,1.0,2.0790388077784883e-07,0.0005952697247266769,0.002802277449518442,0.008800750598311424,0.024292394518852234,0.0634487122297287,0.1704404503107071,0.5,0.5,1.0,1.0
4,3240,25000,0.27554914355278015,0.3546219766139984,1.6315213713369303e-07,1.0,1.6315213713369303e-07,0.0006002659210935235,0.0028085552621632814,0.008825961500406265,0.024475138634443283,0.06336947530508041,0.16975215077400208,0.5,0.5,1.0,1.0
4,3250,25000,0.2755667567253113,0.3546384274959564,1.4299443762411101e-07,1.0,1.4299443762411101e-07,0.0005937207024544477,0.0028084302321076393,0.008776789531111717,0.024298112839460373,0.0636003166437149,0.16955837607383728,0.5,0.5,1.0,1.0
4,3260,25000,0.27567511796951294,0.3546697497367859,1.5645315443180152e-07,1.0,1.5645315443180152e-07,0.0005988673074170947,0.0027981067541986704,0.008809355087578297,0.024310510605573654,0.06368754804134369,0.17032282054424286,0.5,0.5,1.0,1.0
4,3270,25000,0.2755430042743683,0.35462242364883423,1.6293590476834652e-07,1.0,1.6293590476834652e-07,0.0005992105579935014,0.002813503611832857,0.008832690306007862,0.02435610070824623,0.06382911652326584,0.17023016512393951,0.5,0.5,1.0,1.0
4,3280,25000,0.2755691707134247,0.3545789420604706,1.6876909114671435e-07,1.0,1.6876909114671435e-07,0.0006038702558726072,0.0027980890590697527,0.008795198984444141,0.024420885369181633,0.06372469663619995,0.16996923089027405,0.5,0.5,1.0,1.0
4,3290,25000,0.2754251956939697,0.3545835316181183,1.3927015629633388e-07,1.0,1.3927015629633388e-07,0.000597576959989965,0.002792268991470337,0.008823199197649956,0.024327171966433525,0.06362196803092957,0.1692630499601364,0.5,0.5,1.0,1.0
4,3300,25000,0.2755817472934723,0.35454362630844116,1.5063719160934852e-07,1.0,1.5063719160934852e-07,0.0006039303261786699,0.002800912596285343,0.008871553465723991,0.024347195401787758,0.06381151080131531,0.17014172673225403,0.5,0.5,1.0,1.0
4,3310,25000,0.275499552488327,0.3545527458190918,1.5125917229852348e-07,1.0,1.5125917229852348e-07,0.0006036324775777757,0.0028014767449349165,0.008803265169262886,0.024249231442809105,0.06369562447071075,0.1705252230167389,0.5,0.5,1.0,1.0
4,3320,25000,0.2754366993904114,0.35463497042655945,1.6148393910953018e-07,1.0,1.6148393910953018e-07,0.0006009068456478417,0.0027869956102222204,0.008794402703642845,0.024288581684231758,0.06347936391830444,0.16946622729301453,0.5,0.5,1.0,1.0
4,3330,25000,0.2756201922893524,0.35452428460121155,1.9710715548626467e-07,1.0,1.9710715548626467e-07,0.0006000273278914392,0.0027946406044065952,0.008801561780273914,0.024534184485673904,0.06375540792942047,0.16990765929222107,0.5,0.5,1.0,1.0
4,3340,25000,0.27555766701698303,0.35456764698028564,1.281191259749903e-07,1.0,1.281191259749903e-07,0.000603057793341577,0.002800874412059784,0.008857415989041328,0.024519741535186768,0.06378001719713211,0.16977855563163757,0.5,0.5,1.0,1.0
4,3350,25000,0.27552226185798645,0.354630708694458,1.3502838669410266e-07,1.0,1.3502838669410266e-07,0.0006017201812937856,0.002789894351735711,0.008766330778598785,0.024367665871977806,0.06369979679584503,0.1700795590877533,0.5,0.5,1.0,1.0
4,3360,25000,0.2755317986011505,0.3546825647354126,1.683838064536758e-07,1.0,1.683838064536758e-07,0.0006019095308147371,0.002787697594612837,0.008788364008069038,0.024364760145545006,0.06376814842224121,0.16943512856960297,0.5,0.5,1.0,1.0
4,3370,25000,0.27552399039268494,0.35463273525238037,1.5295552202587714e-07,1.0,1.5295552202587714e-07,0.0006036335253156722,0.002811753423884511,0.008791727013885975,0.024271471425890923,0.06386534869670868,0.16949188709259033,0.5,0.5,1.0,1.0
4,3380,25000,0.2757565379142761,0.3546403646469116,1.6354196930024045e-07,1.0,1.6354196930024045e-07,0.0006099097081460059,0.002803536131978035,0.008770797401666641,0.024338293820619583,0.06409074366092682,0.17071007192134857,0.5,0.5,1.0,1.0
4,3390,25000,0.2756771445274353,0.3545853793621063,1.296972556019682e-07,1.0,1.296972556019682e-07,0.0005971607170067728,0.0027800381649285555,0.008823887445032597,0.024354184046387672,0.0638977438211441,0.17070679366588593,0.5,0.5,1.0,1.0
4,3400,25000,0.27555903792381287,0.35462215542793274,1.9605896284247137e-07,1.0,1.9605896284247137e-07,0.0005974543164484203,0.0027970564551651478,0.008792268112301826,0.024374928325414658,0.06382583826780319,0.16961997747421265,0.5,0.5,1.0,1.0
4,3410,25000,0.2755419611930847,0.35462436079978943,1.557698965370946e-07,1.0,1.557698965370946e-07,0.000598777667619288,0.002793447347357869,0.008788260631263256,0.024277111515402794,0.06347770988941193,0.16952815651893616,0.5,0.5,1.0,1.0
4,3420,25000,0.27555516362190247,0.3545800745487213,1.5434292777172232e-07,1.0,1.5434292777172232e-07,0.0006034140242263675,0.0028037400916218758,0.008759837597608566,0.024322528392076492,0.06366340816020966,0.17057867348194122,0.5,0.5,1.0,1.0
4,3430,25000,0.2754993736743927,0.35454973578453064,1.4527869041103258e-07,1.0,1.4527869041103258e-07,0.0005987040931358933,0.0027930280193686485,0.008814363740384579,0.024257490411400795,0.06362462788820267,0.17048227787017822,0.5,0.5,1.0,1.0
4,3440,25000,0.27558305859565735,0.3547097444534302,1.427802658326982e-07,1.0,1.427802658326982e-07,0.0005959552363492548,0.002790648490190506,0.008826589211821556,0.024362513795495033,0.06368021667003632,0.16953535377979279,0.5,0.5,1.0,1.0
4,3450,25000,0.27556630969047546,0.3545776307582855,1.463871939222372e-07,1.0,1.463871939222372e-07,0.0006014129030518234,0.0027988452930003405,0.008840050548315048,0.024251187220215797,0.06355760991573334,0.17015062272548676,0.5,0.5,1.0,1.0
4,3460,25000,0.27558353543281555,0.3545766770839691,1.7078087921618135e-07,1.0,1.7078087921618135e-07,0.0005999931017868221,0.002801903523504734,0.008899134583771229,0.024369705468416214,0.06365615129470825,0.16962257027626038,0.5,0.5,1.0,1.0
4,3470,25000,0.2755267322063446,0.35463106632232666,1.2929162096497748e-07,1.0,1.2929162096497748e-07,0.0005975908716209233,0.0027757349889725447,0.00882726814597845,0.024226706475019455,0.06325264275074005,0.16966195404529572,0.5,0.5,1.0,1.0
4,3480,25000,0.27552008628845215,0.3545621335506439,1.3884111638162722e-07,1.0,1.3884111638162722e-07,0.0006015028920955956,0.0028228568844497204,0.008858835324645042,0.024351023137569427,0.06351950764656067,0.17056667804718018,0.5,0.5,1.0,1.0
4,3490,25000,0.2755243182182312,0.3546034097671509,1.4176569607116107e-07,1.0,1.4176569607116107e-07,0.0006003371090628207,0.002815814223140478,0.008813434280455112,0.02447168529033661,0.06354387104511261,0.16991852223873138,0.5,0.5,1.0,1.0
4,3500,25000,0.2756035625934601,0.35456934571266174,1.7021719145304814e-07,1.0,1.7021719145304814e-07,0.000599056773353368,0.002796957502141595,0.008846038952469826,0.02444656938314438,0.06393979489803314,0.17025716602802277,0.5,0.5,1.0,1.0
4,3510,25000,0.275602787733078,0.35459908843040466,1.5617155213476508e-07,1.0,1.5617155213476508e-07,0.0006017462001182139,0.002780187875032425,0.008776932954788208,0.0243721604347229,0.06367380917072296,0.1699199378490448,0.5,0.5,1.0,1.0
4,3520,25000,0.2755124866962433,0.35458627343177795,1.3292115852436837e-07,1.0,1.3292115852436837e-07,0.0006064061890356243,0.002816610038280487,0.00881300400942564,0.024231944233179092,0.06362400949001312,0.16995283961296082,0.5,0.5,1.0,1.0
4,3530,25000,0.2755291759967804,0.35458117723464966,1.351118044112809e-07,1.0,1.351118044112809e-07,0.0006022697780281305,0.00280969706363976,0.008806873112916946,0.024315370246767998,0.06356371939182281,0.17040053009986877,0.5,0.5,1.0,1.0
4,3540,25000,0.2755720913410187,0.3545829653739929,1.3096676809709606e-07,1.0,1.3096676809709606e-07,0.0006046828930266201,0.0028071682900190353,0.00885448232293129,0.024494273588061333,0.06387397646903992,0.16933508217334747,0.5,0.5,1.0,1.0
4,3550,25000,0.2755897045135498,0.35458633303642273,1.5348314263974316e-07,1.0,1.5348314263974316e-07,0.0005980169516988099,0.002799712121486664,0.008839581161737442,0.024341953918337822,0.0638643428683281,0.16984663903713226,0.5,0.5,1.0,1.0
4,3560,25000,0.275592178106308,0.3546711504459381,1.480964755273817e-07,1.0,1.480964755273817e-07,0.0006015121471136808,0.0028267824091017246,0.008837461471557617,0.024335389956831932,0.06368687748908997,0.16961638629436493,0.5,0.5,1.0,1.0
4,3570,25000,0.27566877007484436,0.35460442304611206,1.1004844679973758e-07,1.0,1.1004844679973758e-07,0.0006040282314643264,0.0028071790002286434,0.008777925744652748,0.024346908554434776,0.0638960748910904,0.1706356406211853,0.5,0.5,1.0,1.0
4,3580,25000,0.27554377913475037,0.35463839769363403,1.352444627400473e-07,1.0,1.352444627400473e-07,0.0006005130708217621,0.002794128842651844,0.008860636502504349,0.02438480034470558,0.06345091015100479,0.1695496141910553,0.5,0.5,1.0,1.0
4,3590,25000,0.2755442261695862,0.3545549511909485,1.611418269931164e-07,1.0,1.611418269931164e-07,0.0005961395218037069,0.002808421151712537,0.008802050724625587,0.024382492527365685,0.06340794265270233,0.16962943971157074,0.5,0.5,1.0,1.0
4,3600,25000,0.2754460275173187,0.35457828640937805,1.3181416136376356e-07,1.0,1.3181416136376356e-07,0.0006018843268975616,0.0028037771116942167,0.008849500678479671,0.02450680360198021,0.06358672678470612,0.1696120649576187,0.5,0.5,1.0,1.0
4,3610,25000,0.27565479278564453,0.3545381426811218,1.3778550567167258e-07,1.0,1.3778550567167258e-07,0.0006063189939595759,0.002809109864756465,0.008808022364974022,0.02455384097993374,0.06408751010894775,0.1703159064054489,0.5,0.5,1.0,1.0
4,3620,25000,0.27566632628440857,0.35470178723335266,1.5596660318806244e-07,1.0,1.5596660318806244e-07,0.0006022959132678807,0.00280731450766325,0.008796963840723038,0.024260511621832848,0.06351779401302338,0.16986341774463654,0.5,0.5,1.0,1.0
4,3630,25000,0.2754308581352234,0.35463836789131165,1.4186608154886926e-07,1.0,1.4186608154886926e-07,0.0006034598336555064,0.002818700158968568,0.008843813091516495,0.02435367740690708,0.06342398375272751,0.16930276155471802,0.5,0.5,1.0,1.0
4,3640,25000,0.27561062574386597,0.35463187098503113,1.7146241759746772e-07,1.0,1.7146241759746772e-07,0.0006018205895088613,0.0028053773567080498,0.008818094618618488,0.02440839819610119,0.06354161351919174,0.17059248685836792,0.5,0.5,1.0,1.0
4,3650,25000,0.2755376696586609,0.3545830249786377,1.8117206934675778e-07,1.0,1.8117206934675778e-07,0.0005987249896861613,0.0028052947018295527,0.008815662004053593,0.02430080994963646,0.06366892158985138,0.17076554894447327,0.5,0.5,1.0,1.0
4,3660,25000,0.27557671070098877,0.3545772433280945,1.490324876840532e-07,1.0,1.490324876840532e-07,0.0005999226705171168,0.0028092374559491873,0.00887921079993248,0.02438778057694435,0.06380629539489746,0.16978786885738373,0.5,0.5,1.0,1.0
4,3670,25000,0.27554672956466675,0.3545728325843811,1.1899254559466499e-07,1.0,1.1899254559466499e-07,0.0006029850337654352,0.0028085478115826845,0.008811712265014648,0.024520911276340485,0.06398830562829971,0.1694679707288742,0.5,0.5,1.0,1.0
4,3680,25000,0.2755541205406189,0.3545910120010376,1.5515261964083038e-07,1.0,1.5515261964083038e-07,0.0005994712118990719,0.00279448670335114,0.008823375217616558,0.02437225915491581,0.06383460760116577,0.17035648226737976,0.5,0.5,1.0,1.0
4,3690,25000,0.2754625380039215,0.35459890961647034,1.5883860271515005e-07,1.0,1.5883860271515005e-07,0.0006019037100486457,0.0028091473504900932,0.00880364142358303,0.0243980772793293,0.06397633254528046,0.16928482055664062,0.5,0.5,1.0,1.0
4,3700,25000,0.27548477053642273,0.35457897186279297,1.5741366610200203e-07,1.0,1.5741366610200203e-07,0.0005988562479615211,0.0028002639301121235,0.008848313242197037,0.024480894207954407,0.06365416944026947,0.17027251422405243,0.5,0.5,1.0,1.0
4,3710,25000,0.27552759647369385,0.35463088750839233,1.588721119105685e-07,1.0,1.588721119105685e-07,0.0005986453033983707,0.0028163534589111805,0.008804988116025925,0.024343572556972504,0.06369876861572266,0.1696285456418991,0.5,0.5,1.0,1.0
4,3720,25000,0.27568817138671875,0.35466450452804565,1.441316186401309e-07,1.0,1.441316186401309e-07,0.0005984721938148141,0.0027895739767700434,0.00881196279078722,0.02442133240401745,0.06368257850408554,0.17031535506248474,0.5,0.5,1.0,1.0
4,3730,25000,0.2755921185016632,0.35463207960128784,1.2956229511473794e-07,1.0,1.2956229511473794e-07,0.000600815808866173,0.0028058334719389677,0.008892661891877651,0.02445199340581894,0.06370531022548676,0.17002283036708832,0.5,0.5,1.0,1.0
4,3740,25000,0.2756589949131012,0.35469141602516174,1.611164748283045e-07,1.0,1.611164748283045e-07,0.0006000708672218025,0.0028045475482940674,0.008847069926559925,0.024374956265091896,0.0639251098036766,0.16968686878681183,0.5,0.5,1.0,1.0
4,3750,25000,0.2755722999572754,0.35465386509895325,1.5986850598892488e-07,1.0,1.5986850598892488e-07,0.0005963492440059781,0.0028173653408885,0.008784723468124866,0.02430586703121662,0.0636652484536171,0.16916610300540924,0.5,0.5,1.0,1.0
4,3760,25000,0.27553650736808777,0.3546026051044464,1.1816620570925807e-07,1.0,1.1816620570925807e-07,0.0006033664685674012,0.0028077280148863792,0.008889490738511086,0.02425365336239338,0.06348888576030731,0.1697281301021576,0.5,0.5,1.0,1.0
4,3770,25000,0.2755964696407318,0.35455602407455444,1.761488448437376e-07,1.0,1.761488448437376e-07,0.0005992432124912739,0.0027998832520097494,0.008792518638074398,0.024393344298005104,0.0640171691775322,0.17046524584293365,0.5,0.5,1.0,1.0
4,3780,25000,0.2754475772380829,0.3546186089515686,1.207051099072487e-07,1.0,1.207051099072487e-07,0.0005998883862048388,0.002804588759317994,0.008844316005706787,0.024302057921886444,0.06348337233066559,0.16893987357616425,0.5,0.5,1.0,1.0
4,3790,25000,0.2755036950111389,0.3545827865600586,1.6009860814847343e-07,1.0,1.6009860814847343e-07,0.0005943740252405405,0.0027912002988159657,0.008779226802289486,0.024365544319152832,0.06368258595466614,0.16906538605690002,0.5,0.5,1.0,1.0
4,3800,25000,0.27543753385543823,0.3545543849468231,1.4475479304110195e-07,1.0,1.4475479304110195e-07,0.0006003931630402803,0.002776426961645484,0.008795422501862049,0.024438295513391495,0.06341850757598877,0.16929222643375397,0.5,0.5,1.0,1.0
4,3810,25000,0.27541059255599976,0.3545081913471222,1.5551248111478344e-07,1.0,1.5551248111478344e-07,0.0006042577442713082,0.0027974925469607115,0.008827049285173416,0.024389490485191345,0.06360571086406708,0.1704901158809662,0.5,0.5,1.0,1.0
4,3820,25000,0.27548396587371826,0.3545825779438019,1.810845020600027e-07,1.0,1.810845020600027e-07,0.0006006773910485208,0.002796729328110814,0.00887861754745245,0.024451041594147682,0.0636507198214531,0.17053431272506714,0.5,0.5,1.0,1.0
4,3830,25000,0.27553480863571167,0.35460805892944336,1.2353113731933263e-07,1.0,1.2353113731933263e-07,0.0006050298688933253,0.0028076209127902985,0.008790700696408749,0.024418111890554428,0.06385752558708191,0.17020313441753387,0.5,0.5,1.0,1.0
4,3840,25000,0.2756073474884033,0.35462602972984314,1.3734408810250898e-07,1.0,1.3734408810250898e-07,0.0006003013113513589,0.002806473756209016,0.00889754667878151,0.0243978388607502,0.06378927826881409,0.16954752802848816,0.5,0.5,1.0,1.0
4,3850,25000,0.2755196988582611,0.3545530140399933,1.314564457288725e-07,1.0,1.314564457288725e-07,0.0006020868313498795,0.002817951375618577,0.008852247148752213,0.024438589811325073,0.06377404928207397,0.16960376501083374,0.5,0.5,1.0,1.0
4,3860,25000,0.27552613615989685,0.3545425534248352,1.390346113794294e-07,1.0,1.390346113794294e-07,0.0006000417633913457,0.0028082383796572685,0.008807133883237839,0.02435857616364956,0.06378471851348877,0.17046862840652466,0.5,0.5,1.0,1.0
4,3870,25000,0.2755610942840576,0.3545839190483093,1.5865144575855084e-07,1.0,1.5865144575855084e-07,0.000600292521994561,0.002782792318612337,0.008799158036708832,0.024389972910284996,0.06378248333930969,0.16978763043880463,0.5,0.5,1.0,1.0
4,3880,25000,0.27563759684562683,0.3546597957611084,1.6967192095762584e-07,1.0,1.6967192095762584e-07,0.0006054577534087002,0.0028072732966393232,0.00878779124468565,0.024346141144633293,0.06383388489484787,0.17016085982322693,0.5,0.5,1.0,1.0
4,3890,25000,0.27557316422462463,0.35460808873176575,1.6104051780985174e-07,1.0,1.6104051780985174e-07,0.0005999121349304914,0.0027965782210230827,0.008868850767612457,0.024362606927752495,0.06367117166519165,0.1702016294002533,0.5,0.5,1.0,1.0
4,3900,25000,0.27558818459510803,0.3546702265739441,1.7541628949402366e-07,1.0,1.7541628949402366e-07,0.0006017201230861247,0.002784903859719634,0.008789829909801483,0.024309806525707245,0.06355054676532745,0.1697678118944168,0.5,0.5,1.0,1.0
4,3910,25000,0.27548307180404663,0.35464411973953247,1.7730270940319315e-07,1.0,1.7730270940319315e-07,0.0006016911356709898,0.002786093857139349,0.008826672099530697,0.024290500208735466,0.06364060938358307,0.1699797660112381,0.5,0.5,1.0,1.0
4,3920,25000,0.275463342666626,0.3545798063278198,1.3092308392970153e-07,1.0,1.3092308392970153e-07,0.0006015522521920502,0.0027906550094485283,0.00875116791576147,0.024192243814468384,0.06359674036502838,0.17009373009204865,0.5,0.5,1.0,1.0
4,3930,25000,0.27555206418037415,0.35459837317466736,1.8374468879756023e-07,1.0,1.8374468879756023e-07,0.0005983931478112936,0.0028030031826347113,0.008786202408373356,0.024408524855971336,0.06353595107793808,0.17009855806827545,0.5,0.5,1.0,1.0
4,3940,25000,0.2755335569381714,0.35460802912712097,1.3161778156245418e-07,1.0,1.3161778156245418e-07,0.0005981443682685494,0.0027804174460470676,0.008827226236462593,0.024426031857728958,0.06398539245128632,0.16946397721767426,0.5,0.5,1.0,1.0
4,3950,25000,0.2756197452545166,0.3546106815338135,1.1996993976026715e-07,1.0,1.1996993976026715e-07,0.0005959330010227859,0.002811121754348278,0.008845734409987926,0.024435915052890778,0.0636630430817604,0.17007896304130554,0.5,0.5,1.0,1.0
4,3960,25000,0.2755071818828583,0.3545794188976288,1.4519790170197666e-07,1.0,1.4519790170197666e-07,0.000600476108957082,0.0028067424427717924,0.008806302212178707,0.024430930614471436,0.06354770064353943,0.1697300523519516,0.5,0.5,1.0,1.0
4,3970,25000,0.27539166808128357,0.35454079508781433,1.175388462115734e-07,1.0,1.175388462115734e-07,0.0006026412593200803,0.0027954501565545797,0.008809702470898628,0.024316303431987762,0.0633796751499176,0.1689782589673996,0.5,0.5,1.0,1.0
4,3980,25000,0.2755098044872284,0.35456904768943787,1.351535985349983e-07,1.0,1.351535985349983e-07,0.0006002253503538668,0.0028201087843626738,0.008740605786442757,0.024364246055483818,0.0641251802444458,0.1699216663837433,0.5,0.5,1.0,1.0
4,3990,25000,0.2756212651729584,0.35461416840553284,1.4557726046859898e-07,1.0,1.4557726046859898e-07,0.0005969658959656954,0.0028226072899997234,0.008826801553368568,0.02441743202507496,0.06387481838464737,0.1703374683856964,0.5,0.5,1.0,1.0
4,4000,25000,0.27558964490890503,0.3546244502067566,1.8415637725865963e-07,1.0,1.8415637725865963e-07,0.0006022536545060575,0.002811563666909933,0.008851984515786171,0.02443617396056652,0.06383761018514633,0.16954366862773895,0.5,0.5,1.0,1.0
4,4010,25000,0.27546805143356323,0.35459649562835693,1.736890880010833e-07,1.0,1.736890880010833e-07,0.0005988972843624651,0.002807825803756714,0.008768501691520214,0.024271974340081215,0.06359094381332397,0.17032285034656525,0.5,0.5,1.0,1.0
4,4020,25000,0.27556994557380676,0.35458680987358093,1.7427005616355018e-07,1.0,1.7427005616355018e-07,0.0006023318273946643,0.0027981153689324856,0.008808815851807594,0.024430083110928535,0.06368310749530792,0.17004887759685516,0.5,0.5,1.0,1.0
4,4030,25000,0.27556130290031433,0.3546096682548523,1.463597953943463e-07,1.0,1.463597953943463e-07,0.0006009851931594312,0.0027838670648634434,0.008831859566271305,0.024395111948251724,0.06336100399494171,0.17021438479423523,0.5,0.5,1.0,1.0
4,4040,25000,0.2754836082458496,0.3545934855937958,1.4565240746833297e-07,1.0,1.4565240746833297e-07,0.0006014977116137743,0.0028102886863052845,0.00879696011543274,0.02431638538837433,0.06359359622001648,0.16985328495502472,0.5,0.5,1.0,1.0
4,4050,25000,0.27561917901039124,0.3546491861343384,1.4233131651053554e-07,1.0,1.4233131651053554e-07,0.0006023505702614784,0.0028084435034543276,0.008848026394844055,0.024250851944088936,0.06376419216394424,0.169626846909523,0.5,0.5,1.0,1.0
4,4060,25000,0.27555617690086365,0.3545868694782257,1.22356169640625e-07,1.0,1.22356169640625e-07,0.0006027197232469916,0.0027869867626577616,0.0088589396327734,0.024406904354691505,0.06367640197277069,0.17004922032356262,0.5,0.5,1.0,1.0
4,4070,25000,0.27553436160087585,0.3545862138271332,1.3542924648390908e-07,1.0,1.3542924648390908e-07,0.0005973088555037975,0.0027980611193925142,0.008825389668345451,0.024151183664798737,0.06375502049922943,0.1704041063785553,0.5,0.5,1.0,1.0
4,4080,25000,0.2755524516105652,0.35458630323410034,1.1950169209740125e-07,1.0,1.1950169209740125e-07,0.0005957962130196393,0.002801299560815096,0.00881332065910101,0.024384332820773125,0.06373472511768341,0.17015919089317322,0.5,0.5,1.0,1.0
4,4090,25000,0.27567780017852783,0.3546152114868164,1.3217112382335472e-07,1.0,1.3217112382335472e-07,0.0005986005417071283,0.0028016113210469484,0.008810061030089855,0.02436823397874832,0.06360849738121033,0.17068703472614288,0.5,0.5,1.0,1.0
4,4100,25000,0.2755756676197052,0.35463473200798035,1.6096350918815006e-07,1.0,1.6096350918815006e-07,0.0006014928803779185,0.002794374944642186,0.008765718899667263,0.024332642555236816,0.0634930431842804,0.16999058425426483,0.5,0.5,1.0,1.0
4,4110,25000,0.2756112813949585,0.3546094298362732,1.3483494853971933e-07,1.0,1.3483494853971933e-07,0.0006073025870136917,0.0028003870975226164,0.008858655579388142,0.024360574781894684,0.06333866715431213,0.17034074664115906,0.5,0.5,1.0,1.0
4,4120,25000,0.27553868293762207,0.35461312532424927,1.6190904261748074e-07,1.0,1.6190904261748074e-07,0.0005997967091389,0.002804294927045703,0.008824287913739681,0.02435813471674919,0.06371238827705383,0.16967587172985077,0.5,0.5,1.0,1.0
4,4130,25000,0.27553021907806396,0.3546014726161957,1.7237067595488043e-07,1.0,1.7237067595488043e-07,0.0006016765837557614,0.0028135525062680244,0.008844523690640926,0.024385202676057816,0.06378408521413803,0.17022667825222015,0.5,0.5,1.0,1.0
4,4140,25000,0.27550995349884033,0.3545667231082916,1.5762111615913454e-07,1.0,1.5762111615913454e-07,0.0005994632374495268,0.0027897367253899574,0.008855994790792465,0.0244764294475317,0.06384576857089996,0.16951051354408264,0.5,0.5,1.0,1.0
4,4150,25000,0.2755378186702728,0.3546377122402191,1.674620051517195e-07,1.0,1.674620051517195e-07,0.0006018140120431781,0.0028044863138347864,0.008796196430921555,0.024158859625458717,0.06344740092754364,0.16992543637752533,0.5,0.5,1.0,1.0
4,4160,25000,0.27559536695480347,0.35465526580810547,1.9013181429272663e-07,1.0,1.9013181429272663e-07,0.0005983453011140227,0.0027983877807855606,0.008815542794764042,0.02443799376487732,0.06377913802862167,0.1698729544878006,0.5,0.5,1.0,1.0
4,4170,25000,0.27551284432411194,0.35460761189460754,1.6138348257754842e-07,1.0,1.6138348257754842e-07,0.00059550441801548,0.002791115315631032,0.008779273368418217,0.024406209588050842,0.06370611488819122,0.1700817346572876,0.5,0.5,1.0,1.0
4,4180,25000,0.275533527135849,0.35464006662368774,1.2993901066238323e-07,1.0,1.2993901066238323e-07,0.0006028559873811901,0.002814405830577016,0.008839337155222893,0.024296659976243973,0.06355211138725281,0.1693890541791916,0.5,0.5,1.0,1.0
4,4190,25000,0.27558761835098267,0.35460901260375977,1.8477446417364263e-07,1.0,1.8477446417364263e-07,0.0006005081231705844,0.002796824788674712,0.00882300641387701,0.024449612945318222,0.06373690068721771,0.17046087980270386,0.5,0.5,1.0,1.0
4,4200,25000,0.27547788619995117,0.3545568585395813,1.277175272207387e-07,1.0,1.277175272207387e-07,0.0006009251810610294,0.002800777554512024,0.008785609155893326,0.0242854505777359,0.0635564997792244,0.17036715149879456,0.5,0.5,1.0,1.0
4,4210,25000,0.27548378705978394,0.3545181155204773,1.4208190179942903e-07,1.0,1.4208190179942903e-07,0.0006001738947816193,0.002790088765323162,0.00883170124143362,0.02429977059364319,0.06373102962970734,0.17075569927692413,0.5,0.5,1.0,1.0
4,4220,25000,0.27551379799842834,0.3545943796634674,1.6735958752178703e-07,1.0,1.6735958752178703e-07,0.0006024610484018922,0.0028027715161442757,0.008767994120717049,0.024418585002422333,0.06357738375663757,0.169801726937294,0.5,0.5,1.0,1.0
4,4230,25000,0.27563413977622986,0.3546181321144104,1.6158395510501578e-07,1.0,1.6158395510501578e-07,0.0006003962480463088,0.0028051987756043673,0.00886730756610632,0.02436017617583275,0.06355823576450348,0.17002175748348236,0.5,0.5,1.0,1.0
4,4240,25000,0.27553534507751465,0.354594349861145,1.3186202352244436e-07,1.0,1.3186202352244436e-07,0.0005979107227176428,0.00281209172680974,0.008861586451530457,0.02441648207604885,0.06379075348377228,0.16959339380264282,0.5,0.5,1.0,1.0
4,4250,25000,0.2755250632762909,0.3545905351638794,1.562727192094826e-07,1.0,1.562727192094826e-07,0.0005994681851007044,0.002798426430672407,0.008793934248387814,0.02438972145318985,0.0637153834104538,0.16984355449676514,0.5,0.5,1.0,1.0
4,4260,25000,0.2755543887615204,0.35459598898887634,1.2332407095527742e-07,1.0,1.2332407095527742e-07,0.0006043089088052511,0.0028068250976502895,0.008790119551122189,0.024386266246438026,0.06357888877391815,0.1686270833015442,0.5,0.5,1.0,1.0
4,4270,25000,0.2755049169063568,0.35461685061454773,1.5660305052733747e-07,1.0,1.5660305052733747e-07,0.0006007085903547704,0.002809653989970684,0.008759122341871262,0.024341486394405365,0.06360802799463272,0.169966921210289,0.5,0.5,1.0,1.0
4,4280,25000,0.2755199372768402,0.3545585870742798,1.7775946048459446e-07,1.0,1.7775946048459446e-07,0.000603254942689091,0.0028090619016438723,0.008798212744295597,0.024340970441699028,0.06363946199417114,0.17050209641456604,0.5,0.5,1.0,1.0
4,4290,25000,0.2756669223308563,0.3545505404472351,1.5726419633210753e-07,1.0,1.5726419633210753e-07,0.0005998229025863111,0.0028032325208187103,0.008840654045343399,0.024348579347133636,0.06373995542526245,0.17035432159900665,0.5,0.5,1.0,1.0
4,4300,25000,0.2754761278629303,0.35458651185035706,1.8840391646790522e-07,1.0,1.8840391646790522e-07,0.0005980475107207894,0.00279711140319705,0.008810734376311302,0.024432815611362457,0.06321296095848083,0.170501247048378,0.5,0.5,1.0,1.0
4,4310,25000,0.275556743144989,0.3546275496482849,1.380170857601115e-07,1.0,1.380170857601115e-07,0.0006030861986801028,0.0027920641005039215,0.008801589719951153,0.024308307096362114,0.06364406645298004,0.16961422562599182,0.5,0.5,1.0,1.0
4,4320,25000,0.275436133146286,0.35453739762306213,1.4605343778839597e-07,1.0,1.4605343778839597e-07,0.0005995087558403611,0.0028196615166962147,0.008854355663061142,0.02449650876224041,0.06343763321638107,0.17021024227142334,0.5,0.5,1.0,1.0
4,4330,25000,0.27553021907806396,0.3545328974723816,1.5434352462762035e-07,1.0,1.5434352462762035e-07,0.0005982905277051032,0.0027782185934484005,0.008776783011853695,0.024386003613471985,0.06393058598041534,0.1705900877714157,0.5,0.5,1.0,1.0
4,4340,25000,0.27545222640037537,0.35455673933029175,1.8358198872192588e-07,1.0,1.8358198872192588e-07,0.0006014725076965988,0.002810475882142782,0.008817849680781364,0.024344513192772865,0.0634564757347107,0.16885527968406677,0.5,0.5,1.0,1.0
4,4350,25000,0.2756093740463257,0.35461777448654175,1.7985836109346565e-07,1.0,1.7985836109346565e-07,0.00060244434280321,0.002811129204928875,0.008843682706356049,0.024363070726394653,0.06355896592140198,0.17015285789966583,0.5,0.5,1.0,1.0
4,4360,25000,0.27552729845046997,0.35461556911468506,1.2893615064513142e-07,1.0,1.2893615064513142e-07,0.0006009876960888505,0.002816448686644435,0.00884622149169445,0.024298274889588356,0.0637255534529686,0.17044739425182343,0.5,0.5,1.0,1.0
4,4370,25000,0.2756316065788269,0.354626327753067,1.5892041460574546e-07,1.0,1.5892041460574546e-07,0.0006004872848279774,0.0028007104992866516,0.008779396302998066,0.024430885910987854,0.06380192935466766,0.16994129121303558,0.5,0.5,1.0,1.0
4,4380,25000,0.27555570006370544,0.3545609712600708,1.6787980428034643e-07,1.0,1.6787980428034643e-07,0.0006003596936352551,0.0027953460812568665,0.008815447799861431,0.024305086582899094,0.06396988034248352,0.17021913826465607,0.5,0.5,1.0,1.0
4,4390,25000,0.27552783489227295,0.3545774519443512,1.493301340360631e-07,1.0,1.493301340360631e-07,0.0006025303155183792,0.002800773363560438,0.008814874105155468,0.02438170276582241,0.06386539340019226,0.170696422457695,0.5,0.5,1.0,1.0
4,4400,25000,0.27552539110183716,0.35464730858802795,1.8245738431232894e-07,1.0,1.8245738431232894e-07,0.000602477288339287,0.0027839515823870897,0.008764121681451797,0.024411426857113838,0.06335729360580444,0.16977597773075104,0.5,0.5,1.0,1.0
4,4410,25000,0.2755267322063446,0.354658305644989,1.8322955952498887e-07,1.0,1.8322955952498887e-07,0.0006003939779475331,0.002776961075142026,0.008797580376267433,0.024396516382694244,0.06347758322954178,0.16984649002552032,0.5,0.5,1.0,1.0
4,4420,25000,0.2757488191127777,0.35467347502708435,1.433457299526708e-07,1.0,1.433457299526708e-07,0.000599702529143542,0.002787401434034109,0.008821563795208931,0.024425022304058075,0.06378736346960068,0.17090173065662384,0.5,0.5,1.0,1.0
4,4430,25000,0.2755608856678009,0.3545873761177063,1.4781120682982873e-07,1.0,1.4781120682982873e-07,0.0005995848914608359,0.0027939695864915848,0.008780267089605331,0.02434038370847702,0.06425625085830688,0.17001990973949432,0.5,0.5,1.0,1.0
4,4440,25000,0.27561572194099426,0.35462984442710876,1.4098148426455737e-07,1.0,1.4098148426455737e-07,0.0006012196536175907,0.002794993342831731,0.008820874616503716,0.024390386417508125,0.06368976831436157,0.16977041959762573,0.5,0.5,1.0,1.0
4,4450,25000,0.2755977511405945,0.35460931062698364,1.6562853488721885e-07,1.0,1.6562853488721885e-07,0.0005991620710119605,0.002813058439642191,0.008842392824590206,0.02435600385069847,0.06380818039178848,0.16961900889873505,0.5,0.5,1.0,1.0
4,4460,25000,0.2755845785140991,0.35459399223327637,2.0229302322150033e-07,1.0,2.0229302322150033e-07,0.0005980679416097701,0.0028004413470625877,0.008831136859953403,0.024416886270046234,0.0635899007320404,0.16992124915122986,0.5,0.5,1.0,1.0
4,4470,25000,0.27568677067756653,0.35459232330322266,1.1487536966114931e-07,1.0,1.1487536966114931e-07,0.0005964238080196083,0.0027893197257071733,0.008860927075147629,0.024357635527849197,0.0639268010854721,0.1704733967781067,0.5,0.5,1.0,1.0
4,4480,25000,0.2755000591278076,0.35460594296455383,1.341029758350487e-07,1.0,1.341029758350487e-07,0.0006036287522874773,0.002803191775456071,0.008845701813697815,0.02413615956902504,0.06354834139347076,0.1698000282049179,0.5,0.5,1.0,1.0
4,4490,25000,0.2755712866783142,0.3546637296676636,1.6048900874920946e-07,1.0,1.6048900874920946e-07,0.0005995001993142068,0.002810776000842452,0.008779252879321575,0.02425777167081833,0.063196562230587,0.16955742239952087,0.5,0.5,1.0,1.0
4,4500,25000,0.27552953362464905,0.35459113121032715,1.3488168804087763e-07,1.0,1.3488168804087763e-07,0.0006023449823260307,0.002827421994879842,0.008836216293275356,0.024402420967817307,0.06373101472854614,0.16984732449054718,0.5,0.5,1.0,1.0
4,4510,25000,0.2755900025367737,0.35462331771850586,1.379951157787218e-07,1.0,1.379951157787218e-07,0.0006044215406291187,0.002804118674248457,0.008822395466268063,0.024299122393131256,0.06334653496742249,0.17034415900707245,0.5,0.5,1.0,1.0
4,4520,25000,0.27555376291275024,0.35460811853408813,1.1885447293025209e-07,1.0,1.1885447293025209e-07,0.0006010412471368909,0.002811471000313759,0.008850779384374619,0.024398649111390114,0.06365472823381424,0.16925616562366486,0.5,0.5,1.0,1.0
4,4530,25000,0.27561962604522705,0.35454678535461426,1.594589065234686e-07,1.0,1.594589065234686e-07,0.000600336876232177,0.0027816235087811947,0.008835246786475182,0.02439781278371811,0.0639621838927269,0.1710045039653778,0.5,0.5,1.0,1.0
4,4540,25000,0.2754938006401062,0.354594349861145,1.529726745275184e-07,1.0,1.529726745275184e-07,0.0006016712868586183,0.0028189176227897406,0.008869380690157413,0.024388112127780914,0.0631764680147171,0.16996440291404724,0.5,0.5,1.0,1.0
4,4550,25000,0.27553001046180725,0.3546149432659149,1.5028162181351945e-07,1.0,1.5028162181351945e-07,0.0005988928023725748,0.002791979815810919,0.00879072304815054,0.024333961308002472,0.06381000578403473,0.1694006323814392,0.5,0.5,1.0,1.0
4,4560,25000,0.2756173312664032,0.35457688570022583,1.5088821214703785e-07,1.0,1.5088821214703785e-07,0.0006016907282173634,0.0028155576437711716,0.008833923377096653,0.02451809123158455,0.06370268762111664,0.17064233124256134,0.5,0.5,1.0,1.0
4,4570,25000,0.2755054533481598,0.35462552309036255,1.2861299580890773e-07,1.0,1.2861299580890773e-07,0.0006015594117343426,0.0027950110379606485,0.00876054260879755,0.024271488189697266,0.06352739036083221,0.16991792619228363,0.5,0.5,1.0,1.0
4,4580,25000,0.2755449116230011,0.3546331524848938,1.4281836513418966e-07,1.0,1.4281836513418966e-07,0.000596441503148526,0.0027922294102609158,0.008825410157442093,0.024422934278845787,0.06360024213790894,0.16966815292835236,0.5,0.5,1.0,1.0
4,4590,25000,0.2754868268966675,0.3545669913291931,1.3675385446276778e-07,1.0,1.3675385446276778e-07,0.0005996154504828155,0.00280769937671721,0.00882210023701191,0.02434873767197132,0.06350810825824738,0.16985490918159485,0.5,0.5,1.0,1.0
4,4600,25000,0.2755548059940338,0.3546167314052582,1.3849741264948534e-07,1.0,1.3849741264948534e-07,0.0005982854054309428,0.002797523280605674,0.008826819248497486,0.024503326043486595,0.06377570331096649,0.1698417365550995,0.5,0.5,1.0,1.0
4,4610,25000,0.27564096450805664,0.3546471893787384,1.6194348972931039e-07,1.0,1.6194348972931039e-07,0.000597114791162312,0.002800727030262351,0.008874917402863503,0.024369118735194206,0.0638594925403595,0.17034249007701874,0.5,0.5,1.0,1.0
4,4620,25000,0.2755545675754547,0.3545655906200409,1.5149282717175083e-07,1.0,1.5149282717175083e-07,0.0006024914910085499,0.002782919444143772,0.008822327479720116,0.02445516176521778,0.06362999230623245,0.17028652131557465,0.5,0.5,1.0,1.0
4,4630,25000,0.27559202909469604,0.35458701848983765,1.1333403193702907e-07,1.0,1.1333403193702907e-07,0.0005997419939376414,0.002793148159980774,0.008846759796142578,0.02436269447207451,0.063836470246315,0.16972683370113373,0.5,0.5,1.0,1.0
4,4640,25000,0.27547428011894226,0.35455870628356934,1.672627121251935e-07,1.0,1.672627121251935e-07,0.0006077976431697607,0.0028205993585288525,0.008855550549924374,0.0243971087038517,0.06395749747753143,0.16963207721710205,0.5,0.5,1.0,1.0
4,4650,25000,0.27540668845176697,0.3546154797077179,1.405602887416535e-07,1.0,1.405602887416535e-07,0.0006006152834743261,0.0028177807107567787,0.008788472041487694,0.024327410385012627,0.06364747881889343,0.168925479054451,0.5,0.5,1.0,1.0
4,4660,25000,0.2755413353443146,0.35463154315948486,1.5821605359178648e-07,1.0,1.5821605359178648e-07,0.000595880497712642,0.0027944110333919525,0.008821743540465832,0.024335801601409912,0.06335170567035675,0.16969284415245056,0.5,0.5,1.0,1.0
4,4670,25000,0.27557575702667236,0.3546580374240875,1.477257427495715e-07,1.0,1.477257427495715e-07,0.0006010648794472218,0.0028152705635875463,0.008845263160765171,0.024391932412981987,0.06374884396791458,0.1701396405696869,0.5,0.5,1.0,1.0
4,4680,25000,0.27553001046180725,0.3545808792114258,1.5454270396730863e-07,1.0,1.5454270396730863e-07,0.0006013796082697809,0.0027823683340102434,0.008786652237176895,0.024320922791957855,0.06328192353248596,0.17048761248588562,0.5,0.5,1.0,1.0
4,4690,25000,0.27559274435043335,0.35463783144950867,1.3979209256831382e-07,1.0,1.3979209256831382e-07,0.0005967835895717144,0.0028073873836547136,0.00884832814335823,0.02442089281976223,0.06374470144510269,0.16975510120391846,0.5,0.5,1.0,1.0
4,4700,25000,0.2755207419395447,0.3546108603477478,1.5011839593626064e-07,1.0,1.5011839593626064e-07,0.000595743244048208,0.0028066467493772507,0.008798014372587204,0.024243012070655823,0.06383058428764343,0.17014604806900024,0.5,0.5,1.0,1.0
4,4710,25000,0.27553755044937134,0.3546059727668762,1.3953479083284037e-07,1.0,1.3953479083284037e-07,0.0005994468810968101,0.002782458672299981,0.008788964711129665,0.024382827803492546,0.0635557621717453,0.16966360807418823,0.5,0.5,1.0,1.0
4,4720,25000,0.27559056878089905,0.3546144366264343,1.5397718300391716e-07,1.0,1.5397718300391716e-07,0.0005997528205625713,0.002800486981868744,0.008849910460412502,0.024418199434876442,0.06353460252285004,0.17024195194244385,0.5,0.5,1.0,1.0
4,4730,25000,0.27546241879463196,0.3546278178691864,1.357758776521223e-07,1.0,1.357758776521223e-07,0.0006038335850462317,0.0027933677192777395,0.008828331716358662,0.024259719997644424,0.06347499787807465,0.16929294168949127,0.5,0.5,1.0,1.0
4,4740,25000,0.2755528390407562,0.3546663522720337,1.5327896107919514e-07,1.0,1.5327896107919514e-07,0.000601838924922049,0.002811833517625928,0.008796277455985546,0.024296052753925323,0.06367054581642151,0.1698591560125351,0.5,0.5,1.0,1.0
4,4750,25000,0.27559661865234375,0.3546340763568878,1.570010255136367e-07,1.0,1.570010255136367e-07,0.000601466977968812,0.002788734156638384,0.008819293230772018,0.024348588660359383,0.06333950161933899,0.16943544149398804,0.5,0.5,1.0,1.0
4,4760,25000,0.2756844460964203,0.354648619890213,2.0227061270361446e-07,1.0,2.0227061270361446e-07,0.0005998496781103313,0.0027943113818764687,0.00878358818590641,0.02428251877427101,0.06390884518623352,0.1706533282995224,0.5,0.5,1.0,1.0
4,4770,25000,0.2755063474178314,0.3546251058578491,1.379996916739401e-07,1.0,1.379996916739401e-07,0.000600842060521245,0.002813287079334259,0.008860000409185886,0.024365060031414032,0.06350807845592499,0.1689801663160324,0.5,0.5,1.0,1.0
4,4780,25000,0.27552658319473267,0.3545946478843689,1.6276364078748884e-07,1.0,1.6276364078748884e-07,0.0005948144244030118,0.0027868985198438168,0.008795639500021935,0.02424410544335842,0.06370793282985687,0.17072932422161102,0.5,0.5,1.0,1.0
4,4790,25000,0.27563002705574036,0.354697585105896,1.597252179408315e-07,1.0,1.597252179408315e-07,0.0006049154326319695,0.002792986109852791,0.008818316273391247,0.024362817406654358,0.06368157267570496,0.1695442944765091,0.5,0.5,1.0,1.0
4,4800,25000,0.27558431029319763,0.35463908314704895,1.408082113130149e-07,1.0,1.408082113130149e-07,0.0006062566535547376,0.0028125476092100143,0.0087690195068717,0.024348538368940353,0.06378237158060074,0.1694352775812149,0.5,0.5,1.0,1.0
4,4810,25000,0.2754400372505188,0.35461679100990295,1.8531169132529612e-07,1.0,1.8531169132529612e-07,0.0006046349881216884,0.0027909751515835524,0.008808733895421028,0.02428240142762661,0.06360628455877304,0.16946099698543549,0.5,0.5,1.0,1.0
4,4820,25000,0.27540522813796997,0.3545336425304413,1.589970963777887e-07,1.0,1.589970963777887e-07,0.000602905114647001,0.002798857167363167,0.008765211328864098,0.024397503584623337,0.06356534361839294,0.16927894949913025,0.5,0.5,1.0,1.0
4,4830,25000,0.27549323439598083,0.3546101748943329,1.490889616206914e-07,1.0,1.490889616206914e-07,0.0006008626660332084,0.002794604981318116,0.008822023868560791,0.024310335516929626,0.0635564997792244,0.16953270137310028,0.5,0.5,1.0,1.0
4,4840,25000,0.2755165994167328,0.354618638753891,1.426263054327137e-07,1.0,1.426263054327137e-07,0.0006005172617733479,0.002798736561089754,0.008820542134344578,0.02443508617579937,0.06352080404758453,0.1700974851846695,0.5,0.5,1.0,1.0
4,4850,25000,0.27554717659950256,0.3545690178871155,1.3760892159098148e-07,1.0,1.3760892159098148e-07,0.0005986423348076642,0.0028214086778461933,0.008832915686070919,0.024341674521565437,0.0636863112449646,0.1706293821334839,0.5,0.5,1.0,1.0
4,4860,25000,0.2755638062953949,0.35462313890457153,1.0271259753835693e-07,1.0,1.0271259753835693e-07,0.0005975081585347652,0.0027853406500071287,0.008804325014352798,0.024488244205713272,0.06382755190134048,0.1702278107404709,0.5,0.5,1.0,1.0
4,4870,25000,0.2756092846393585,0.35460808873176575,1.3331840875707712e-07,1.0,1.3331840875707712e-07,0.0005985641037113965,0.0028026788495481014,0.008820503018796444,0.024499833583831787,0.06370037794113159,0.17025108635425568,0.5,0.5,1.0,1.0
4,4880,25000,0.2755824029445648,0.35465937852859497,1.329504613067911e-07,1.0,1.329504613067911e-07,0.0006039870204403996,0.0027971561066806316,0.008790655992925167,0.02428416907787323,0.0636555552482605,0.17023839056491852,0.5,0.5,1.0,1.0
4,4890,25000,0.2755010724067688,0.35459578037261963,1.6202294261802308e-07,1.0,1.6202294261802308e-07,0.0006033377721905708,0.0028091573622077703,0.00885707139968872,0.02433859184384346,0.06376869976520538,0.16968239843845367,0.5,0.5,1.0,1.0
4,4900,25000,0.27559712529182434,0.35456377267837524,1.3835945367191016e-07,1.0,1.3835945367191016e-07,0.000595786259509623,0.0027885588351637125,0.008833521045744419,0.024364439770579338,0.06382142752408981,0.1698455810546875,0.5,0.5,1.0,1.0
4,4910,25000,0.2756153643131256,0.35461971163749695,1.679368040186091e-07,1.0,1.679368040186091e-07,0.0006006233743391931,0.002806349890306592,0.008813665248453617,0.02441830188035965,0.06367474794387817,0.17012283205986023,0.5,0.5,1.0,1.0
4,4920,25000,0.2756727337837219,0.3546396791934967,1.763168171464713e-07,1.0,1.763168171464713e-07,0.0006011917139403522,0.002793884603306651,0.008803917095065117,0.024373292922973633,0.06372184306383133,0.17062664031982422,0.5,0.5,1.0,1.0
4,4930,25000,0.2755846381187439,0.3546997904777527,1.3257492526008718e-07,1.0,1.3257492526008718e-07,0.0006060270825400949,0.002787357196211815,0.008802512660622597,0.024226989597082138,0.06358765065670013,0.1696813851594925,0.5,0.5,1.0,1.0
4,4940,25000,0.2756170928478241,0.3546331226825714,1.3993208369811327e-07,1.0,1.3993208369811327e-07,0.000599683029577136,0.0027853825595229864,0.008800460956990719,0.024388905614614487,0.06382741034030914,0.1702604740858078,0.5,0.5,1.0,1.0
4,4950,25000,0.27544352412223816,0.3546227514743805,1.6168301897323545e-07,1.0,1.6168301897323545e-07,0.0005982241709716618,0.0027887464966624975,0.008750051259994507,0.024281498044729233,0.06356603652238846,0.1691676378250122,0.5,0.5,1.0,1.0
4,4960,25000,0.2754484713077545,0.3546523153781891,1.085834995251389e-07,1.0,1.085834995251389e-07,0.0006033284589648247,0.0027984341140836477,0.008795524947345257,0.02437724359333515,0.06353539228439331,0.16915109753608704,0.5,0.5,1.0,1.0
4,4970,25000,0.2754891514778137,0.3546334207057953,1.6365449084787542e-07,1.0,1.6365449084787542e-07,0.000598022888880223,0.002802159870043397,0.00881933979690075,0.02436482347548008,0.06350035965442657,0.17006808519363403,0.5,0.5,1.0,1.0
4,4980,25000,0.2756286859512329,0.3546537160873413,1.7732246249124728e-07,1.0,1.7732246249124728e-07,0.0006073141703382134,0.002807698445394635,0.00880899466574192,0.02438446320593357,0.06371217966079712,0.17018137872219086,0.5,0.5,1.0,1.0
4,4990,25000,0.27555933594703674,0.35462522506713867,1.3450794256186782e-07,1.0,1.3450794256186782e-07,0.0006000021821819246,0.0028000101447105408,0.008788485080003738,0.0243687741458416,0.06382717937231064,0.17003688216209412,0.5,0.5,1.0,1.0
4,5000,25000,0.27562183141708374,0.3546259105205536,1.281622985516151e-07,1.0,1.281622985516151e-07,0.0006008755881339312,0.002807013224810362,0.008808910846710205,0.024406230077147484,0.06342646479606628,0.17109692096710205,0.5,0.5,1.0,1.0
4,5010,25000,0.2756023406982422,0.35463523864746094,1.4041602014458476e-07,1.0,1.4041602014458476e-07,0.0006037721177563071,0.002800355199724436,0.008803948760032654,0.024319814518094063,0.06386660039424896,0.1702931523323059,0.5,0.5,1.0,1.0
4,5020,25000,0.2756621837615967,0.35464614629745483,1.3617683691791171e-07,1.0,1.3617683691791171e-07,0.0005966909811832011,0.002810449106618762,0.00883775856345892,0.024299880489706993,0.06350376456975937,0.16956932842731476,0.5,0.5,1.0,1.0
4,5030,25000,0.27542954683303833,0.3546096980571747,1.5147682574934151e-07,1.0,1.5147682574934151e-07,0.0006021791487000883,0.0028120167553424835,0.008813007734715939,0.024355167523026466,0.06358713656663895,0.16959872841835022,0.5,0.5,1.0,1.0
4,5040,25000,0.27543166279792786,0.35458245873451233,1.5500832262205222e-07,1.0,1.5500832262205222e-07,0.0006022425950504839,0.0028113373555243015,0.00884058978408575,0.024317530915141106,0.06343201547861099,0.16906702518463135,0.5,0.5,1.0,1.0
4,5050,25000,0.27563661336898804,0.35459914803504944,1.2767002033342578e-07,1.0,1.2767002033342578e-07,0.0006019631982780993,0.002799584995955229,0.008851093240082264,0.024332528933882713,0.06371553242206573,0.17020414769649506,0.5,0.5,1.0,1.0
4,5060,25000,0.27548110485076904,0.3546021580696106,1.83577043344485e-07,1.0,1.83577043344485e-07,0.0005984603776596487,0.0028089683037251234,0.008794741705060005,0.024428650736808777,0.06325871497392654,0.169605553150177,0.5,0.5,1.0,1.0
4,5070,25000,0.2755584716796875,0.35460084676742554,1.4407800108529045e-07,1.0,1.4407800108529045e-07,0.0006049927324056625,0.0028004904743283987,0.008804402314126492,0.024381384253501892,0.06364646553993225,0.171146959066391,0.5,0.5,1.0,1.0
4,5080,25000,0.2755880057811737,0.35465461015701294,1.3703566992262495e-07,1.0,1.3703566992262495e-07,0.0005981674767099321,0.00280249142087996,0.008800562471151352,0.02432411164045334,0.06359756737947464,0.17019885778427124,0.5,0.5,1.0,1.0
4,5090,25000,0.27554696798324585,0.35464638471603394,1.556206115083114e-07,1.0,1.556206115083114e-07,0.0005971812643110752,0.0028095112647861242,0.008849531412124634,0.024451954290270805,0.06394896656274796,0.17004626989364624,0.5,0.5,1.0,1.0
4,5100,25000,0.2755490243434906,0.3545965552330017,1.7469248803081427e-07,1.0,1.7469248803081427e-07,0.0005958083784207702,0.0027985749766230583,0.008816039189696312,0.024457883089780807,0.06346694380044937,0.17025087773799896,0.5,0.5,1.0,1.0
4,5110,25000,0.27552422881126404,0.35460659861564636,1.391408801509897e-07,1.0,1.391408801509897e-07,0.0005989833734929562,0.002790638245642185,0.00876027625054121,0.024330776184797287,0.06339035928249359,0.16999436914920807,0.5,0.5,1.0,1.0
4,5120,25000,0.2754846513271332,0.3546111583709717,1.4584308871690155e-07,1.0,1.4584308871690155e-07,0.0006027852068655193,0.002809960627928376,0.00876827072352171,0.0243223886936903,0.06373023241758347,0.16993266344070435,0.5,0.5,1.0,1.0
4,5130,25000,0.27551162242889404,0.35461997985839844,1.498094945873163e-07,1.0,1.498094945873163e-07,0.0005992333753965795,0.0028060837648808956,0.008815635927021503,0.024418843910098076,0.06357467174530029,0.16956856846809387,0.5,0.5,1.0,1.0
4,5140,25000,0.27542492747306824,0.3546077311038971,1.8033195203770447e-07,1.0,1.8033195203770447e-07,0.0005988769698888063,0.0027846861630678177,0.008830446749925613,0.024426504969596863,0.06353339552879333,0.1700502187013626,0.5,0.5,1.0,1.0
4,5150,25000,0.27547261118888855,0.35456493496894836,1.2599198839780001e-07,1.0,1.2599198839780001e-07,0.0006004965398460627,0.0028051233384758234,0.008777286857366562,0.02431332878768444,0.06367166340351105,0.17001084983348846,0.5,0.5,1.0,1.0
4,5160,25000,0.2755409777164459,0.3546184003353119,1.337089514663603e-07,1.0,1.337089514663603e-07,0.0005986365140415728,0.002804072108119726,0.008770525455474854,0.024273842573165894,0.06347700953483582,0.16923588514328003,0.5,0.5,1.0,1.0
4,5170,25000,0.2756171226501465,0.35456645488739014,1.477343261058195e-07,1.0,1.477343261058195e-07,0.0006004611495882273,0.002803573850542307,0.008817525580525398,0.024446852505207062,0.06388593465089798,0.17109210789203644,0.5,0.5,1.0,1.0
4,5180,25000,0.2754814624786377,0.3546517789363861,1.6879741338016174e-07,1.0,1.6879741338016174e-07,0.0006017885752953589,0.002802121452987194,0.00883923377841711,0.02426075004041195,0.06335915625095367,0.1701602041721344,0.5,0.5,1.0,1.0
4,5190,25000,0.275573194026947,0.35462069511413574,1.6418070458712464e-07,1.0,1.6418070458712464e-07,0.0006020779255777597,0.002800298621878028,0.008809870108962059,0.0242384672164917,0.06370021402835846,0.1703421175479889,0.5,0.5,1.0,1.0
4,5200,25000,0.27552828192710876,0.3545803129673004,1.377756149167908e-07,1.0,1.377756149167908e-07,0.0006011814693920314,0.0028022178448736668,0.008814675733447075,0.02446122281253338,0.06382878124713898,0.16939614713191986,0.5,0.5,1.0,1.0
4,5210,25000,0.27567344903945923,0.3546280562877655,1.5121557339625724e-07,1.0,1.5121557339625724e-07,0.0006042750319465995,0.002801948692649603,0.008808577433228493,0.024387242272496223,0.06381956487894058,0.17051871120929718,0.5,0.5,1.0,1.0
4,5220,25000,0.27549371123313904,0.354534387588501,1.269652045721159e-07,1.0,1.269652045721159e-07,0.0005959159461781383,0.002789124147966504,0.00880200695246458,0.024394772946834564,0.06371565163135529,0.16953417658805847,0.5,0.5,1.0,1.0
4,5230,25000,0.2754260003566742,0.3546261787414551,1.8298605652944389e-07,1.0,1.8298605652944389e-07,0.0005992595688439906,0.0028032162226736546,0.008824695833027363,0.02447838895022869,0.0635346993803978,0.16892607510089874,0.5,0.5,1.0,1.0
4,5240,25000,0.27557727694511414,0.3545891046524048,1.6387991763622267e-07,1.0,1.6387991763622267e-07,0.0005999977001920342,0.0028046544175595045,0.008855652064085007,0.024298613891005516,0.06377886235713959,0.1702578067779541,0.5,0.5,1.0,1.0
4,5250,25000,0.27556830644607544,0.35458123683929443,1.3829203737714124e-07,1.0,1.3829203737714124e-07,0.0005973181687295437,0.002809381578117609,0.008826346136629581,0.024296551942825317,0.06375909596681595,0.1704259067773819,0.5,0.5,1.0,1.0
4,5260,25000,0.2755606174468994,0.3546072244644165,1.6009005321393488e-07,1.0,1.6009005321393488e-07,0.0005955950473435223,0.002820221008732915,0.008833997882902622,0.024258380755782127,0.06364183127880096,0.1702486276626587,0.5,0.5,1.0,1.0
4,5270,25000,0.2755386233329773,0.3546825051307678,1.6455250317903847e-07,1.0,1.6455250317903847e-07,0.000599359511397779,0.0028076686430722475,0.008778445422649384,0.024334818124771118,0.06352602690458298,0.17034605145454407,0.5,0.5,1.0,1.0
4,5280,25000,0.275511234998703,0.354552298784256,1.6211997433401848e-07,1.0,1.6211997433401848e-07,0.0006012917147018015,0.0027869229670614004,0.008815960958600044,0.024303585290908813,0.0636950135231018,0.17058150470256805,0.5,0.5,1.0,1.0
4,5290,25000,0.275551438331604,0.35456928610801697,1.343825744015703e-07,1.0,1.343825744015703e-07,0.0006064599147066474,0.002802574774250388,0.008794549852609634,0.024169474840164185,0.06356041133403778,0.17112721502780914,0.5,0.5,1.0,1.0
4,5300,25000,0.2754952609539032,0.3546324670314789,1.5757801463678334e-07,1.0,1.5757801463678334e-07,0.000602300395257771,0.0028049082029610872,0.008838469162583351,0.02424643747508526,0.06351116299629211,0.16987966001033783,0.5,0.5,1.0,1.0
4,5310,25000,0.2755945026874542,0.3546489477157593,1.762226844448378e-07,1.0,1.762226844448378e-07,0.0005998297710902989,0.002791138831526041,0.00880372989922762,0.02429593726992607,0.06395845115184784,0.17033632099628448,0.5,0.5,1.0,1.0
4,5320,25000,0.275529146194458,0.3546340763568878,1.3071372961803718e-07,1.0,1.3071372961803718e-07,0.0006028189091011882,0.0028064067009836435,0.008851279504597187,0.02419278584420681,0.0635187178850174,0.16971945762634277,0.5,0.5,1.0,1.0
4,5330,25000,0.27555856108665466,0.35461658239364624,1.336720316658102e-07,1.0,1.336720316658102e-07,0.0005994535749778152,0.0027997400611639023,0.00873293075710535,0.024262171238660812,0.06362345814704895,0.17036999762058258,0.5,0.5,1.0,1.0
4,5340,25000,0.27559277415275574,0.35463517904281616,1.5873800407462113e-07,1.0,1.5873800407462113e-07,0.0006041991291567683,0.0027983339969068766,0.00877990573644638,0.0243119765073061,0.06361564993858337,0.17015987634658813,0.5,0.5,1.0,1.0
4,5350,25000,0.27552667260169983,0.3546370565891266,1.3898493023134506e-07,1.0,1.3898493023134506e-07,0.0005973888910375535,0.0027870703488588333,0.008797528222203255,0.024409960955381393,0.06338609755039215,0.16971805691719055,0.5,0.5,1.0,1.0
4,5360,25000,0.2755672335624695,0.35463282465934753,1.5043089263144793e-07,1.0,1.5043089263144793e-07,0.0006043626344762743,0.0028016408905386925,0.008782485499978065,0.024277396500110626,0.0634559914469719,0.16989053785800934,0.5,0.5,1.0,1.0
4,5370,25000,0.275559663772583,0.35463130474090576,1.205397381909279e-07,1.0,1.205397381909279e-07,0.000600089319050312,0.002792415441945195,0.008844314143061638,0.024370169267058372,0.06347756087779999,0.16926422715187073,0.5,0.5,1.0,1.0
4,5380,25000,0.27557373046875,0.354647696018219,1.5172165035437502e-07,1.0,1.5172165035437502e-07,0.0005995410610921681,0.002791207516565919,0.008804066106677055,0.024313559755682945,0.06356385350227356,0.16959762573242188,0.5,0.5,1.0,1.0
4,5390,25000,0.2755603790283203,0.3546089231967926,1.1757658313626962e-07,1.0,1.1757658313626962e-07,0.0006019399152137339,0.002802957082167268,0.008862785063683987,0.024248305708169937,0.0639294683933258,0.17034386098384857,0.5,0.5,1.0,1.0
4,5400,25000,0.2756200432777405,0.35462552309036255,1.5265520403318078e-07,1.0,1.5265520403318078e-07,0.0005984124727547169,0.0027968294452875853,0.008783305995166302,0.02461252734065056,0.06378556787967682,0.16969460248947144,0.5,0.5,1.0,1.0
4,5410,25000,0.2755429446697235,0.35458362102508545,1.5926462992865709e-07,1.0,1.5926462992865709e-07,0.0005986370961181819,0.0027986010536551476,0.00883946567773819,0.024337617680430412,0.06342395395040512,0.16983562707901,0.5,0.5,1.0,1.0
4,5420,25000,0.2755454480648041,0.3546268045902252,1.5565812816475955e-07,1.0,1.5565812816475955e-07,0.0005966174066998065,0.0027887190226465464,0.008848211728036404,0.02436056174337864,0.06378122419118881,0.16923800110816956,0.5,0.5,1.0,1.0
4,5430,25000,0.2755521833896637,0.3545786440372467,1.4866924402667792e-07,1.0,1.4866924402667792e-07,0.0006025740294717252,0.0028111697174608707,0.008781523443758488,0.024416960775852203,0.06363004446029663,0.16951912641525269,0.5,0.5,1.0,1.0
4,5440,25000,0.27549731731414795,0.35459640622138977,1.2627189960312535e-07,1.0,1.2627189960312535e-07,0.0006016162224113941,0.002785781165584922,0.008837203495204449,0.02432018518447876,0.06356740742921829,0.1699315756559372,0.5,0.5,1.0,1.0
4,5450,25000,0.27560093998908997,0.35457924008369446,1.290749622739895e-07,1.0,1.290749622739895e-07,0.0006017276318743825,0.002795242005959153,0.008787930943071842,0.024325938895344734,0.06363275647163391,0.17013384401798248,0.5,0.5,1.0,1.0
4,5460,25000,0.2755829393863678,0.3546014726161957,1.6136016256496077e-07,1.0,1.6136016256496077e-07,0.0006043495959602296,0.0028008874505758286,0.008813178166747093,0.024377431720495224,0.06366134434938431,0.17054913938045502,0.5,0.5,1.0,1.0
4,5470,25000,0.27547699213027954,0.35456207394599915,1.631712791549944e-07,1.0,1.631712791549944e-07,0.0006024735630489886,0.0027967714704573154,0.008824668824672699,0.024319922551512718,0.06356848776340485,0.16955067217350006,0.5,0.5,1.0,1.0
4,5480,25000,0.2755984961986542,0.35462486743927,1.4269218695517338e-07,1.0,1.4269218695517338e-07,0.0006010718061588705,0.0027719372883439064,0.008779079653322697,0.02428003028035164,0.06391717493534088,0.1704668402671814,0.5,0.5,1.0,1.0
4,5490,25000,0.27552470564842224,0.35464656352996826,1.429664706620315e-07,1.0,1.429664706620315e-07,0.00060471665346995,0.0028058825992047787,0.008826126344501972,0.024389710277318954,0.06373271346092224,0.16987162828445435,0.5,0.5,1.0,1.0
4,5500,25000,0.27549153566360474,0.3546369671821594,1.626646906061069e-07,1.0,1.626646906061069e-07,0.0005945962038822472,0.0027824901044368744,0.008804001845419407,0.024305934086441994,0.06323674321174622,0.16981668770313263,0.5,0.5,1.0,1.0
4,5510,25000,0.2754981517791748,0.3546472489833832,1.6819129200484895e-07,1.0,1.6819129200484895e-07,0.0005999858840368688,0.002795168897137046,0.008788090199232101,0.024331267923116684,0.06335775554180145,0.1700751930475235,0.5,0.5,1.0,1.0
4,5520,25000,0.2755543887615204,0.3546276092529297,1.834930998256823e-07,1.0,1.834930998256823e-07,0.0006034744437783957,0.0027987733483314514,0.008783480152487755,0.024466529488563538,0.06368900835514069,0.16942544281482697,0.5,0.5,1.0,1.0
4,5530,25000,0.2755803167819977,0.35461825132369995,1.5226888194774801e-07,1.0,1.5226888194774801e-07,0.0005991876241751015,0.0028137394692748785,0.008877601474523544,0.024453245103359222,0.06379206478595734,0.17062978446483612,0.5,0.5,1.0,1.0
4,5540,25000,0.2755524218082428,0.35468149185180664,1.8292207926151605e-07,1.0,1.8292207926151605e-07,0.0005994911771267653,0.002778529655188322,0.00877241138368845,0.024162132292985916,0.06340429186820984,0.1698431670665741,0.5,0.5,1.0,1.0
4,5550,25000,0.27553412318229675,0.35459914803504944,1.3806113940972864e-07,1.0,1.3806113940972864e-07,0.0006011045188643038,0.0028026518411934376,0.008843067102134228,0.024368956685066223,0.06339465081691742,0.17056293785572052,0.5,0.5,1.0,1.0
4,5560,25000,0.2754881978034973,0.3546382188796997,1.5213205983855005e-07,1.0,1.5213205983855005e-07,0.0006018666317686439,0.0027925928588956594,0.008843359537422657,0.02425852231681347,0.06352244317531586,0.1696843057870865,0.5,0.5,1.0,1.0
4,5570,25000,0.2754668891429901,0.3545917868614197,1.5902845973414514e-07,1.0,1.5902845973414514e-07,0.0005987082840874791,0.002798639005050063,0.00876642670482397,0.024231284856796265,0.06363308429718018,0.16946275532245636,0.5,0.5,1.0,1.0
4,5580,25000,0.2755345404148102,0.35462772846221924,1.2566800933200284e-07,1.0,1.2566800933200284e-07,0.0005972260260023177,0.0027995563577860594,0.008839527145028114,0.024439038708806038,0.06334319710731506,0.16989104449748993,0.5,0.5,1.0,1.0
4,5590,25000,0.2756040692329407,0.3545849025249481,1.7162294341233064e-07,1.0,1.7162294341233064e-07,0.0006059265579096973,0.0027977314312011003,0.008760945871472359,0.02432023175060749,0.06359218060970306,0.17016872763633728,0.5,0.5,1.0,1.0
4,5600,25000,0.2755967378616333,0.35463017225265503,1.6551460646496707e-07,1.0,1.6551460646496707e-07,0.0006036105914972723,0.0028290809132158756,0.008811802603304386,0.024377737194299698,0.06371195614337921,0.16970331966876984,0.5,0.5,1.0,1.0
4,5610,25000,0.2754652202129364,0.35453808307647705,1.4771917733469309e-07,1.0,1.4771917733469309e-07,0.0006017189589329064,0.002811567159369588,0.00882889237254858,0.02439647726714611,0.06355700641870499,0.1695713996887207,0.5,0.5,1.0,1.0
4,5620,25000,0.2754606008529663,0.35456934571266174,1.243704730313766e-07,1.0,1.243704730313766e-07,0.0006050923839211464,0.0027882643043994904,0.008845675736665726,0.024355696514248848,0.06350012123584747,0.1696150302886963,0.5,0.5,1.0,1.0
4,5630,25000,0.2755153775215149,0.3546164631843567,1.6521620693765726e-07,1.0,1.6521620693765726e-07,0.0006019426509737968,0.002810713369399309,0.008820231072604656,0.024163752794265747,0.06360393017530441,0.17024162411689758,0.5,0.5,1.0,1.0
4,5640,25000,0.275561660528183,0.35454094409942627,1.4417739180316858e-07,1.0,1.4417739180316858e-07,0.0006010678480379283,0.0027929802890866995,0.008815192617475986,0.02436155267059803,0.0638616681098938,0.17013126611709595,0.5,0.5,1.0,1.0
4,5650,25000,0.27566900849342346,0.35465019941329956,1.354260916741623e-07,1.0,1.354260916741623e-07,0.0005995393148623407,0.0028051717672497034,0.008870893158018589,0.024390986189246178,0.0638616532087326,0.170232892036438,0.5,0.5,1.0,1.0
4,5660,25000,0.2755637764930725,0.3546128273010254,1.251670198598731e-07,1.0,1.251670198598731e-07,0.0005947084864601493,0.0027904955204576254,0.008810377679765224,0.024325167760252953,0.06355635821819305,0.17002055048942566,0.5,0.5,1.0,1.0
4,5670,25000,0.27556878328323364,0.3546347916126251,1.5722092427949974e-07,1.0,1.5722092427949974e-07,0.0006007894990034401,0.002797061577439308,0.008795998059213161,0.024340109899640083,0.06377160549163818,0.16983278095722198,0.5,0.5,1.0,1.0
4,5680,25000,0.27561575174331665,0.35460394620895386,1.3621820471598767e-07,1.0,1.3621820471598767e-07,0.0005983567098155618,0.002798783825710416,0.008872886188328266,0.024287180975079536,0.0638267770409584,0.17031918466091156,0.5,0.5,1.0,1.0
4,5690,25000,0.27557799220085144,0.35458460450172424,1.6096407762233866e-07,1.0,1.6096407762233866e-07,0.0005979177658446133,0.002828311175107956,0.008875805884599686,0.024249844253063202,0.06364328414201736,0.1710953712463379,0.5,0.5,1.0,1.0
4,5700,25000,0.2755542993545532,0.35463955998420715,1.5744727477340348e-07,1.0,1.5744727477340348e-07,0.0006020256550982594,0.0028198801446706057,0.008821189403533936,0.024196799844503403,0.06364504247903824,0.17044195532798767,0.5,0.5,1.0,1.0
4,5710,25000,0.2755994200706482,0.3545907139778137,1.5291431054720306e-07,1.0,1.5291431054720306e-07,0.0006008371128700674,0.0028095412999391556,0.00882686022669077,0.02430630475282669,0.06351929903030396,0.17049665749073029,0.5,0.5,1.0,1.0
4,5720,25000,0.2755173444747925,0.3546310365200043,1.3143312571628485e-07,1.0,1.3143312571628485e-07,0.0005986800533719361,0.002800166141241789,0.008816825225949287,0.024287613108754158,0.06376247107982635,0.16935516893863678,0.5,0.5,1.0,1.0
4,5730,25000,0.2754509449005127,0.3545934855937958,1.397915951883988e-07,1.0,1.397915951883988e-07,0.0006010276265442371,0.0027990941889584064,0.008793759159743786,0.024283388629555702,0.06370220333337784,0.16954389214515686,0.5,0.5,1.0,1.0
4,5740,25000,0.2755981981754303,0.3545927405357361,1.5527244556778896e-07,1.0,1.5527244556778896e-07,0.0006037874845787883,0.002806517295539379,0.008861520327627659,0.024321556091308594,0.06356252729892731,0.1707962602376938,0.5,0.5,1.0,1.0
4,5750,25000,0.27544915676116943,0.35456064343452454,1.4888968280502013e-07,1.0,1.4888968280502013e-07,0.0006078660953789949,0.0028146342374384403,0.008863202296197414,0.024457231163978577,0.0638439953327179,0.1699497252702713,0.5,0.5,1.0,1.0
4,5760,25000,0.2754835784435272,0.3546242415904999,1.7586107503575477e-07,1.0,1.7586107503575477e-07,0.0006020910805091262,0.002812750171869993,0.008832452818751335,0.024344950914382935,0.06353043019771576,0.16914521157741547,0.5,0.5,1.0,1.0
4,5770,25000,0.2755478024482727,0.3546023368835449,1.4535223158418376e-07,1.0,1.4535223158418376e-07,0.0006008674972690642,0.002822098322212696,0.00884404219686985,0.024364998564124107,0.06353700906038284,0.1697978377342224,0.5,0.5,1.0,1.0
4,5780,25000,0.27555227279663086,0.3545633554458618,1.665186033505961e-07,1.0,1.665186033505961e-07,0.0005948489415459335,0.0027877865359187126,0.00884165894240141,0.024355221539735794,0.06361439824104309,0.17006073892116547,0.5,0.5,1.0,1.0
4,5790,25000,0.2755459249019623,0.3545982837677002,1.4620539445786562e-07,1.0,1.4620539445786562e-07,0.0005944221629761159,0.0027994108386337757,0.008758974261581898,0.024315085262060165,0.06367173790931702,0.16975918412208557,0.5,0.5,1.0,1.0
4,5800,25000,0.27559539675712585,0.35461610555648804,1.4513368284951866e-07,1.0,1.4513368284951866e-07,0.000600214465521276,0.002813278930261731,0.00883012916892767,0.024343209341168404,0.06388498097658157,0.16971907019615173,0.5,0.5,1.0,1.0
4,5810,25000,0.2755866050720215,0.35455766320228577,1.5750832460525999e-07,1.0,1.5750832460525999e-07,0.0006015333929099143,0.002795722335577011,0.008827718906104565,0.02445346675813198,0.06363258510828018,0.17025557160377502,0.5,0.5,1.0,1.0
4,5820,25000,0.27552083134651184,0.35458317399024963,1.5571774270028982e-07,1.0,1.5571774270028982e-07,0.0005982356378808618,0.0027911339420825243,0.008799559436738491,0.024342432618141174,0.06346416473388672,0.16963741183280945,0.5,0.5,1.0,1.0
4,5830,25000,0.27546703815460205,0.35458576679229736,1.310800143983215e-07,1.0,1.310800143983215e-07,0.0006024132599122822,0.0028034693095833063,0.008863450028002262,0.02434963546693325,0.06346574425697327,0.17004705965518951,0.5,0.5,1.0,1.0
4,5840,25000,0.2755969762802124,0.3546161651611328,1.5967681576967152e-07,1.0,1.5967681576967152e-07,0.0006028983043506742,0.002789833815768361,0.008814902044832706,0.024558275938034058,0.06381130963563919,0.17012640833854675,0.5,0.5,1.0,1.0
4,5850,25000,0.275592565536499,0.3545982539653778,1.8045031424662739e-07,1.0,1.8045031424662739e-07,0.0005976598476991057,0.0027970217633992434,0.008806740865111351,0.024354824796319008,0.06376457214355469,0.17052167654037476,0.5,0.5,1.0,1.0
4,5860,25000,0.27551522850990295,0.3545840084552765,1.2358104584109242e-07,1.0,1.2358104584109242e-07,0.0006017772830091417,0.0027903253212571144,0.008820869028568268,0.024479834362864494,0.06344742327928543,0.16963133215904236,0.5,0.5,1.0,1.0
4,5870,25000,0.27549147605895996,0.3545982241630554,1.8730163731106586e-07,1.0,1.8730163731106586e-07,0.0006031559896655381,0.0028105645906180143,0.008798873052001,0.024334058165550232,0.06337615102529526,0.16922685503959656,0.5,0.5,1.0,1.0
4,5880,25000,0.27555033564567566,0.3546026051044464,1.3662437936545757e-07,1.0,1.3662437936545757e-07,0.0005999297136440873,0.002796027110889554,0.008834116160869598,0.02436351776123047,0.06343896687030792,0.16998307406902313,0.5,0.5,1.0,1.0
4,5890,25000,0.2755768299102783,0.3546462059020996,1.8513291877297888e-07,1.0,1.8513291877297888e-07,0.0006005893228575587,0.002794514177367091,0.008808369748294353,0.02436920441687107,0.0635828971862793,0.17021498084068298,0.5,0.5,1.0,1.0
4,5900,25000,0.2756420969963074,0.35471928119659424,1.661234563243852e-07,1.0,1.661234563243852e-07,0.0006038337596692145,0.0027902876026928425,0.008827301673591137,0.02429371513426304,0.06356001645326614,0.1699269413948059,0.5,0.5,1.0,1.0
4,5910,25000,0.2754574418067932,0.35463279485702515,1.736487149628374e-07,1.0,1.736487149628374e-07,0.0005964052979834378,0.0028034537099301815,0.008797387592494488,0.02435074746608734,0.06346350163221359,0.1692684441804886,0.5,0.5,1.0,1.0
4,5920,25000,0.2755955159664154,0.35462725162506104,1.3228124373654282e-07,1.0,1.3228124373654282e-07,0.000600612023845315,0.0027964285109192133,0.008776063099503517,0.02440360002219677,0.06370658427476883,0.170253723859787,0.5,0.5,1.0,1.0
4,5930,25000,0.27561458945274353,0.3546235263347626,1.5313266032990214e-07,1.0,1.5313266032990214e-07,0.0006027551717124879,0.002794666448608041,0.00883080530911684,0.02432340569794178,0.06396108865737915,0.17008908092975616,0.5,0.5,1.0,1.0
4,5940,25000,0.275529146194458,0.3546225428581238,1.5792109309131774e-07,1.0,1.5792109309131774e-07,0.0005985552561469376,0.002807887503877282,0.008816294372081757,0.024358093738555908,0.06366670876741409,0.16965098679065704,0.5,0.5,1.0,1.0
4,5950,25000,0.27555230259895325,0.354625403881073,1.7728029888530727e-07,1.0,1.7728029888530727e-07,0.0006007783231325448,0.0028045899234712124,0.008839203044772148,0.02439471334218979,0.06349292397499084,0.17002177238464355,0.5,0.5,1.0,1.0
4,5960,25000,0.2755797207355499,0.3545847535133362,1.5946339715355862e-07,1.0,1.5946339715355862e-07,0.0006042223540134728,0.00282405992038548,0.008794911205768585,0.02435377612709999,0.06371712684631348,0.16998490691184998,0.5,0.5,1.0,1.0
4,5970,25000,0.2755693197250366,0.35463979840278625,1.5221864657632977e-07,1.0,1.5221864657632977e-07,0.0005987922195345163,0.0028050956316292286,0.008813485503196716,0.024386897683143616,0.06387053430080414,0.17026981711387634,0.5,0.5,1.0,1.0
4,5980,25000,0.27550214529037476,0.3545530140399933,1.659960560118634e-07,1.0,1.659960560118634e-07,0.0005999986315146089,0.0028068609535694122,0.00883846078068018,0.024491680786013603,0.06358164548873901,0.16986826062202454,0.5,0.5,1.0,1.0
4,5990,25000,0.2755725383758545,0.3546180725097656,1.6188916163173417e-07,1.0,1.6188916163173417e-07,0.0006006004987284541,0.002803114242851734,0.008827797137200832,0.024279439821839333,0.0636487603187561,0.1704704761505127,0.5,0.5,1.0,1.0
4,6000,25000,0.27551499009132385,0.35461193323135376,1.5862558200296917e-07,1.0,1.5862558200296917e-07,0.00059873191639781,0.0028031093534082174,0.008803448639810085,0.024419182911515236,0.06376851350069046,0.17014187574386597,0.5,0.5,1.0,1.0
4,6010,25000,0.27558794617652893,0.3546239137649536,1.1876463190674258e-07,1.0,1.1876463190674258e-07,0.0006022494635544717,0.002813882427290082,0.008872086182236671,0.02425163798034191,0.06351152062416077,0.17022128403186798,0.5,0.5,1.0,1.0
4,6020,25000,0.2754170298576355,0.3545525372028351,1.7527594309285632e-07,1.0,1.7527594309285632e-07,0.0005962305003777146,0.002789469202980399,0.008781698532402515,0.024314509704709053,0.06347338110208511,0.169534370303154,0.5,0.5,1.0,1.0
4,6030,25000,0.2755875587463379,0.3546130955219269,1.4561950933966727e-07,1.0,1.4561950933966727e-07,0.0005969121702946723,0.002780905459076166,0.00877823494374752,0.024381360039114952,0.06402818858623505,0.16992561519145966,0.5,0.5,1.0,1.0
4,6040,25000,0.27561503648757935,0.3546631336212158,1.5748625514788728e-07,1.0,1.5748625514788728e-07,0.0005994437378831208,0.0027992073446512222,0.008812498301267624,0.024380724877119064,0.063400998711586,0.17015458643436432,0.5,0.5,1.0,1.0
4,6050,25000,0.27552667260169983,0.3545827269554138,1.4193749109381315e-07,1.0,1.4193749109381315e-07,0.000600402825511992,0.0028013328555971384,0.008828291669487953,0.024377144873142242,0.06365165114402771,0.1700366884469986,0.5,0.5,1.0,1.0
4,6060,25000,0.27551791071891785,0.35459357500076294,1.5505716532970837e-07,1.0,1.5505716532970837e-07,0.0006019618595018983,0.002812668913975358,0.008819996379315853,0.024380166083574295,0.06361395120620728,0.1705382615327835,0.5,0.5,1.0,1.0
4,6070,25000,0.27544403076171875,0.35456424951553345,1.3575156287970458e-07,1.0,1.3575156287970458e-07,0.0006045494228601456,0.0027980555314570665,0.00876544788479805,0.024243630468845367,0.06322731822729111,0.16973918676376343,0.5,0.5,1.0,1.0
4,6080,25000,0.2755669951438904,0.3546087443828583,1.6486364984302782e-07,1.0,1.6486364984302782e-07,0.0005989584024064243,0.002791130915284157,0.008866965770721436,0.02435087040066719,0.06372853368520737,0.1694517582654953,0.5,0.5,1.0,1.0
4,6090,25000,0.2754797041416168,0.3546470105648041,1.1714124070749676e-07,1.0,1.1714124070749676e-07,0.0005998004926368594,0.002798589179292321,0.00885301548987627,0.024367280304431915,0.0634411871433258,0.16970720887184143,0.5,0.5,1.0,1.0
4,6100,25000,0.2755318880081177,0.3546065092086792,1.250713808076398e-07,1.0,1.250713808076398e-07,0.0005990136414766312,0.002808529883623123,0.00882288534194231,0.024479370564222336,0.06370628625154495,0.1697378307580948,0.5,0.5,1.0,1.0
4,6110,25000,0.27553650736808777,0.35466885566711426,1.6182603701508924e-07,1.0,1.6182603701508924e-07,0.0006033440586179495,0.0028086481615900993,0.008787539787590504,0.02430458553135395,0.0631914734840393,0.16985414922237396,0.5,0.5,1.0,1.0
4,6120,25000,0.2756359875202179,0.35464099049568176,1.426812588078974e-07,1.0,1.426812588078974e-07,0.0006014645332470536,0.002804175252094865,0.00881580263376236,0.024265920743346214,0.0636986792087555,0.17009732127189636,0.5,0.5,1.0,1.0
4,6130,25000,0.27562084794044495,0.3546484112739563,1.0951063700304076e-07,1.0,1.0951063700304076e-07,0.0006015726830810308,0.002809477038681507,0.008824734017252922,0.024338118731975555,0.06377625465393066,0.1699777990579605,0.5,0.5,1.0,1.0
4,6140,25000,0.27565330266952515,0.3545961081981659,1.4146580440410617e-07,1.0,1.4146580440410617e-07,0.0006069188821129501,0.0028110649436712265,0.00882564764469862,0.02445373497903347,0.06373293697834015,0.17039433121681213,0.5,0.5,1.0,1.0
4,6150,25000,0.27550750970840454,0.3546307384967804,1.1855930637238998e-07,1.0,1.1855930637238998e-07,0.000599236402194947,0.0028072651475667953,0.008798057213425636,0.024278590455651283,0.06390909105539322,0.17001190781593323,0.5,0.5,1.0,1.0
4,6160,25000,0.2754601538181305,0.3546476364135742,1.567805867352945e-07,1.0,1.567805867352945e-07,0.0005994967650622129,0.0027866538148373365,0.008811240084469318,0.024431750178337097,0.0634833574295044,0.1697837859392166,0.5,0.5,1.0,1.0
4,6170,25000,0.2755275368690491,0.3546232283115387,1.3832550393999554e-07,1.0,1.3832550393999554e-07,0.0006067665526643395,0.0028137625195086002,0.00878720823675394,0.024272527545690536,0.06359726190567017,0.1703629195690155,0.5,0.5,1.0,1.0
4,6180,25000,0.2754635214805603,0.3545668125152588,1.293295071036482e-07,1.0,1.293295071036482e-07,0.0005994430975988507,0.002795233391225338,0.008829650469124317,0.024391667917370796,0.06349905580282211,0.17018835246562958,0.5,0.5,1.0,1.0
4,6190,25000,0.27551475167274475,0.3546028137207031,1.32111381390132e-07,1.0,1.32111381390132e-07,0.0005961830029264092,0.0027961956802755594,0.00883181206882,0.02427927777171135,0.06350333988666534,0.1697186976671219,0.5,0.5,1.0,1.0
4,6200,25000,0.2755447030067444,0.3545932471752167,1.5327655944474827e-07,1.0,1.5327655944474827e-07,0.0005986521136946976,0.0027953803073614836,0.008834446780383587,0.024409545585513115,0.06371521204710007,0.16917620599269867,0.5,0.5,1.0,1.0
4,6210,25000,0.27566763758659363,0.3546122908592224,1.7033936217103474e-07,1.0,1.7033936217103474e-07,0.0006017895066179335,0.002828384516760707,0.008871931582689285,0.02434862032532692,0.06390269100666046,0.1701037883758545,0.5,0.5,1.0,1.0
4,6220,25000,0.27563193440437317,0.35462477803230286,1.4043058627066785e-07,1.0,1.4043058627066785e-07,0.0006011129007674754,0.002794109983369708,0.00885805208235979,0.024432899430394173,0.06376641243696213,0.16991813480854034,0.5,0.5,1.0,1.0
4,6230,25000,0.27555808424949646,0.35463935136795044,1.632817685504051e-07,1.0,1.632817685504051e-07,0.0006009525968693197,0.002786366967484355,0.00880773738026619,0.024274982511997223,0.06357714533805847,0.16943171620368958,0.5,0.5,1.0,1.0
4,6240,25000,0.27560490369796753,0.3545829653739929,1.4948648185963975e-07,1.0,1.4948648185963975e-07,0.0005983245209790766,0.0027944555040448904,0.008778122253715992,0.02439018525183201,0.06352365016937256,0.170070081949234,0.5,0.5,1.0,1.0
4,6250,25000,0.27558451890945435,0.35460829734802246,1.516098251386211e-07,1.0,1.516098251386211e-07,0.0006014771643094718,0.002797286957502365,0.008805856108665466,0.024239318445324898,0.0635334923863411,0.17077989876270294,0.5,0.5,1.0,1.0
4,6260,25000,0.27549225091934204,0.3545803129673004,1.4620955823829718e-07,1.0,1.4620955823829718e-07,0.0005935966037213802,0.002806223463267088,0.008832596242427826,0.024387096986174583,0.06362710893154144,0.16983988881111145,0.5,0.5,1.0,1.0
4,6270,25000,0.275521457195282,0.3545898497104645,2.141796358046122e-07,1.0,2.141796358046122e-07,0.0006027756608091295,0.002815856831148267,0.008760489523410797,0.024281786754727364,0.06354889273643494,0.17025578022003174,0.5,0.5,1.0,1.0
4,6280,25000,0.2754547894001007,0.354600191116333,1.4118107571903238e-07,1.0,1.4118107571903238e-07,0.0006000507273711264,0.0028069517575204372,0.008770895190536976,0.024273119866847992,0.06333445012569427,0.169157475233078,0.5,0.5,1.0,1.0
4,6290,25000,0.27550989389419556,0.35457855463027954,1.8230349496661802e-07,1.0,1.8230349496661802e-07,0.0006046181079000235,0.002810163889080286,0.008839755319058895,0.024434728547930717,0.06361903250217438,0.1693238466978073,0.5,0.5,1.0,1.0
4,6300,25000,0.2754463255405426,0.35457849502563477,1.2744608568482363e-07,1.0,1.2744608568482363e-07,0.0006009672651998699,0.002787918085232377,0.00877415481954813,0.024237174540758133,0.06386920064687729,0.16993558406829834,0.5,0.5,1.0,1.0
4,6310,25000,0.2755988538265228,0.3545942008495331,1.6804254698854493e-07,1.0,1.6804254698854493e-07,0.000600901956204325,0.0027905108872801065,0.00883087981492281,0.02445320226252079,0.06380586326122284,0.17025227844715118,0.5,0.5,1.0,1.0
4,6320,25000,0.2756737470626831,0.3545961081981659,1.6553975967781298e-07,1.0,1.6553975967781298e-07,0.0006014543469063938,0.002806558506563306,0.008789696730673313,0.024421894922852516,0.0641867071390152,0.17056769132614136,0.5,0.5,1.0,1.0
4,6330,25000,0.2756269574165344,0.35461968183517456,1.4859064378924813e-07,1.0,1.4859064378924813e-07,0.0006025906186550856,0.002783572068437934,0.00875747948884964,0.02423260174691677,0.06392106413841248,0.17074160277843475,0.5,0.5,1.0,1.0
4,6340,25000,0.2756100594997406,0.35464322566986084,1.544414516274628e-07,1.0,1.544414516274628e-07,0.0006006929324939847,0.002806534292176366,0.008833365514874458,0.024366622790694237,0.06359913945198059,0.17137733101844788,0.5,0.5,1.0,1.0
4,6350,25000,0.27559617161750793,0.35457322001457214,1.695380262844992e-07,1.0,1.695380262844992e-07,0.000605438370257616,0.0028132980223745108,0.008865464478731155,0.024244297295808792,0.06390321254730225,0.16954359412193298,0.5,0.5,1.0,1.0
4,6360,25000,0.2754785716533661,0.3545903265476227,1.4146230853384623e-07,1.0,1.4146230853384623e-07,0.0005986756877973676,0.0028136365581303835,0.008811893872916698,0.024409694597125053,0.06368519365787506,0.1700403392314911,0.5,0.5,1.0,1.0
4,6370,25000,0.27551937103271484,0.35457873344421387,1.3357430361793377e-07,1.0,1.3357430361793377e-07,0.0006045798072591424,0.0028132954612374306,0.008814563974738121,0.02449018880724907,0.06361623108386993,0.16987767815589905,0.5,0.5,1.0,1.0
4,6380,25000,0.2755037546157837,0.3546259105205536,1.4691714511627652e-07,1.0,1.4691714511627652e-07,0.0006007113261148334,0.002823036629706621,0.00881026778370142,0.02432287111878395,0.0635099858045578,0.169401153922081,0.5,0.5,1.0,1.0
4,6390,25000,0.27553439140319824,0.3546067178249359,1.546618761949503e-07,1.0,1.546618761949503e-07,0.0006017073756083846,0.0027983051259070635,0.008809576742351055,0.024338852614164352,0.06367897987365723,0.16998924314975739,0.5,0.5,1.0,1.0
4,6400,25000,0.2755170166492462,0.35460513830184937,1.0969628760904016e-07,1.0,1.0969628760904016e-07,0.0006001758156344295,0.002798676025122404,0.008812673389911652,0.024352580308914185,0.06372460722923279,0.1700354516506195,0.5,0.5,1.0,1.0
4,6410,25000,0.2756139636039734,0.3546074628829956,1.6089421706055873e-07,1.0,1.6089421706055873e-07,0.0005998469423502684,0.0027992103714495897,0.008818871341645718,0.02450038120150566,0.06387898325920105,0.16976718604564667,0.5,0.5,1.0,1.0
4,6420,25000,0.2755545675754547,0.3546459972858429,1.932714042141015e-07,1.0,1.932714042141015e-07,0.000598396232817322,0.002789519727230072,0.008790076710283756,0.024480607360601425,0.0635482668876648,0.1702008843421936,0.5,0.5,1.0,1.0
4,6430,25000,0.27555516362190247,0.354595422744751,1.4578267837350722e-07,1.0,1.4578267837350722e-07,0.0006041197339072824,0.0028073168359696865,0.008847394958138466,0.02432381920516491,0.063677579164505,0.16984325647354126,0.5,0.5,1.0,1.0
4,6440,25000,0.27550098299980164,0.35460588335990906,1.402875255962499e-07,1.0,1.402875255962499e-07,0.0006000951980240643,0.0027969470247626305,0.008796470239758492,0.024514639750123024,0.06353317201137543,0.16950780153274536,0.5,0.5,1.0,1.0
4,6450,25000,0.275424063205719,0.35451433062553406,1.584270563625978e-07,1.0,1.584270563625978e-07,0.000597434293013066,0.0027899479027837515,0.008821562863886356,0.02447993867099285,0.06357219815254211,0.16975313425064087,0.5,0.5,1.0,1.0
4,6460,25000,0.27557456493377686,0.3546476364135742,1.4723774199865147e-07,1.0,1.4723774199865147e-07,0.0006007119663991034,0.002791633130982518,0.008812641724944115,0.02426104061305523,0.06351588666439056,0.169825479388237,0.5,0.5,1.0,1.0
4,6470,25000,0.27557623386383057,0.35458651185035706,2.1404277106285008e-07,1.0,2.1404277106285008e-07,0.0006023233872838318,0.0028138570487499237,0.008793516084551811,0.024390539154410362,0.06376968324184418,0.1704663187265396,0.5,0.5,1.0,1.0
4,6480,25000,0.27549508213996887,0.35456210374832153,1.6343365416560118e-07,1.0,1.6343365416560118e-07,0.0006010463112033904,0.002814273117110133,0.008808541111648083,0.024402957409620285,0.06356000900268555,0.16981269419193268,0.5,0.5,1.0,1.0
4,6490,25000,0.27556654810905457,0.35462501645088196,1.4182094787429378e-07,1.0,1.4182094787429378e-07,0.0006020311266183853,0.002811537589877844,0.008839567191898823,0.024297036230564117,0.06352494657039642,0.17058491706848145,0.5,0.5,1.0,1.0
4,6500,25000,0.27561962604522705,0.3546484708786011,1.5883867376942362e-07,1.0,1.5883867376942362e-07,0.0006035856204107404,0.0027932359371334314,0.00879792682826519,0.024233048781752586,0.06370875984430313,0.1696239560842514,0.5,0.5,1.0,1.0
4,6510,25000,0.2754702568054199,0.3546086549758911,1.5858751112318714e-07,1.0,1.5858751112318714e-07,0.0005974456435069442,0.0028002653270959854,0.008751099929213524,0.024357205256819725,0.06346942484378815,0.16968677937984467,0.5,0.5,1.0,1.0
4,6520,25000,0.2756664752960205,0.35462766885757446,1.7043127797933266e-07,1.0,1.7043127797933266e-07,0.0006042550085112453,0.002811910817399621,0.008837448433041573,0.024444393813610077,0.06384934484958649,0.17045268416404724,0.5,0.5,1.0,1.0
4,6530,25000,0.27554789185523987,0.3546152710914612,1.559680669060981e-07,1.0,1.559680669060981e-07,0.0006017418345436454,0.0028013286646455526,0.008841070346534252,0.02437380887567997,0.06358106434345245,0.1695021390914917,0.5,0.5,1.0,1.0
4,6540,25000,0.2755085527896881,0.3545321524143219,1.3475943205776275e-07,1.0,1.3475943205776275e-07,0.0006020617438480258,0.0028132109437137842,0.008829590864479542,0.02428963966667652,0.06365032494068146,0.17054128646850586,0.5,0.5,1.0,1.0
4,6550,25000,0.27557170391082764,0.3546392321586609,1.384905488066579e-07,1.0,1.384905488066579e-07,0.0006046704947948456,0.0028082886710762978,0.008827349171042442,0.024212973192334175,0.06381093710660934,0.17019841074943542,0.5,0.5,1.0,1.0
4,6560,25000,0.27543991804122925,0.35460585355758667,1.680329972941763e-07,1.0,1.680329972941763e-07,0.000601386942435056,0.002801871160045266,0.008811594918370247,0.024200167506933212,0.06337081640958786,0.16929535567760468,0.5,0.5,1.0,1.0
4,6570,25000,0.2755551040172577,0.3546154201030731,1.5891350813035388e-07,1.0,1.5891350813035388e-07,0.0006002503214403987,0.0027913402300328016,0.008768763393163681,0.02449306659400463,0.06360067427158356,0.17078512907028198,0.5,0.5,1.0,1.0
4,6580,25000,0.2755189538002014,0.35458722710609436,1.6597999774603522e-07,1.0,1.6597999774603522e-07,0.0006004491006024182,0.0027926152106374502,0.00877885427325964,0.0242927223443985,0.06349485367536545,0.16976100206375122,0.5,0.5,1.0,1.0
4,6590,25000,0.27547743916511536,0.35457688570022583,1.723089582128523e-07,1.0,1.723089582128523e-07,0.0005966966855339706,0.002788024954497814,0.008796053007245064,0.024259276688098907,0.06365908682346344,0.17017924785614014,0.5,0.5,1.0,1.0
4,6600,25000,0.2755017578601837,0.3546516001224518,1.5595692559600138e-07,1.0,1.5595692559600138e-07,0.0005997709231451154,0.002801969414576888,0.008815035223960876,0.02427920140326023,0.06347788870334625,0.16990743577480316,0.5,0.5,1.0,1.0
4,6610,25000,0.2755196988582611,0.35458818078041077,1.4437074469242361e-07,1.0,1.4437074469242361e-07,0.0005985050229355693,0.002809464931488037,0.008835437707602978,0.02436705306172371,0.06364473700523376,0.16976988315582275,0.5,0.5,1.0,1.0
4,6620,25000,0.27558448910713196,0.3545554578304291,1.5511648143728962e-07,1.0,1.5511648143728962e-07,0.000602907850407064,0.002806134521961212,0.008860095404088497,0.024414343759417534,0.0636284276843071,0.16993148624897003,0.5,0.5,1.0,1.0
4,6630,25000,0.27559879422187805,0.3546076714992523,1.1855634340918186e-07,1.0,1.1855634340918186e-07,0.0006023561581969261,0.002791436854749918,0.008787307888269424,0.024417690932750702,0.06379415094852448,0.1703401356935501,0.5,0.5,1.0,1.0
4,6640,25000,0.27563658356666565,0.3546334505081177,1.4816905036241224e-07,1.0,1.4816905036241224e-07,0.0005968125769868493,0.002791557926684618,0.00884593091905117,0.02439345419406891,0.06389046460390091,0.17012420296669006,0.5,0.5,1.0,1.0
4,6650,25000,0.2754509747028351,0.35463947057724,1.3483807492775668e-07,1.0,1.3483807492775668e-07,0.0005979103734716773,0.002793910913169384,0.008805123157799244,0.024316221475601196,0.06321148574352264,0.16987349092960358,0.5,0.5,1.0,1.0
4,6660,25000,0.2756249010562897,0.3545688986778259,1.1312279468711495e-07,1.0,1.1312279468711495e-07,0.0006013884558342397,0.0028034853748977184,0.008825293742120266,0.024403920397162437,0.06346015632152557,0.1713559478521347,0.5,0.5,1.0,1.0
4,6670,25000,0.2755037248134613,0.35455918312072754,1.4853185348329134e-07,1.0,1.4853185348329134e-07,0.0005966521566733718,0.0028068821411579847,0.008873173967003822,0.02443241886794567,0.06350553780794144,0.169664204120636,0.5,0.5,1.0,1.0
4,6680,25000,0.27547693252563477,0.35462066531181335,1.7977650657030608e-07,1.0,1.7977650657030608e-07,0.0006041689775884151,0.0027990834787487984,0.008810385130345821,0.024320555850863457,0.06358540058135986,0.16978897154331207,0.5,0.5,1.0,1.0
4,6690,25000,0.27543386816978455,0.3546448349952698,1.4210731080765981e-07,1.0,1.4210731080765981e-07,0.0006039186264388263,0.002803770825266838,0.008700468577444553,0.02432830259203911,0.06337222456932068,0.16968360543251038,0.5,0.5,1.0,1.0
4,6700,25000,0.27557873725891113,0.3546133041381836,1.2513096692146064e-07,1.0,1.2513096692146064e-07,0.0006030296790413558,0.0028056534938514233,0.00884291622787714,0.024364925920963287,0.0635211318731308,0.17005442082881927,0.5,0.5,1.0,1.0
4,6710,25000,0.2754913568496704,0.35459378361701965,1.4417375382436148e-07,1.0,1.4417375382436148e-07,0.0005945399752818048,0.002802893752232194,0.008811513893306255,0.024206338450312614,0.06352079659700394,0.1702686846256256,0.5,0.5,1.0,1.0
4,6720,25000,0.2755471169948578,0.35459479689598083,1.3297777456955373e-07,1.0,1.3297777456955373e-07,0.0006022884044796228,0.0028187541756778955,0.008804754354059696,0.024435987696051598,0.06363599002361298,0.16970638930797577,0.5,0.5,1.0,1.0
4,6730,25000,0.27552154660224915,0.3545643985271454,1.6467313912471582e-07,1.0,1.6467313912471582e-07,0.0006056244019418955,0.0027885357849299908,0.008791848085820675,0.024297373369336128,0.06401516497135162,0.16994455456733704,0.5,0.5,1.0,1.0
4,6740,25000,0.27553656697273254,0.35461899638175964,1.5471857750526397e-07,1.0,1.5471857750526397e-07,0.0005996598629280925,0.002799422014504671,0.00879622157663107,0.024208109825849533,0.06354103982448578,0.17022736370563507,0.5,0.5,1.0,1.0
4,6750,25000,0.27566787600517273,0.35453933477401733,1.7690129539005284e-07,1.0,1.7690129539005284e-07,0.0006050039664842188,0.0028290487825870514,0.008836372755467892,0.024623949080705643,0.0640740692615509,0.17066028714179993,0.5,0.5,1.0,1.0
4,6760,25000,0.27544593811035156,0.35462266206741333,1.4702887085604743e-07,1.0,1.4702887085604743e-07,0.000602882937528193,0.0028032076079398394,0.008841259405016899,0.024199247360229492,0.06313134729862213,0.16947519779205322,0.5,0.5,1.0,1.0
4,6770,25000,0.27547743916511536,0.3545877933502197,1.275887910878737e-07,1.0,1.275887910878737e-07,0.0005988979828543961,0.002792546059936285,0.008795855566859245,0.024453792721033096,0.06387852132320404,0.17037242650985718,0.5,0.5,1.0,1.0
4,6780,25000,0.2755684554576874,0.354605108499527,1.7681819031167834e-07,1.0,1.7681819031167834e-07,0.0006071841344237328,0.00281048403121531,0.008782836608588696,0.024209802970290184,0.06375540792942047,0.17018945515155792,0.5,0.5,1.0,1.0
4,6790,25000,0.27549314498901367,0.3545966148376465,1.0638754588399024e-07,1.0,1.0638754588399024e-07,0.0006034768302924931,0.002801164984703064,0.008762809447944164,0.024396326392889023,0.0633532702922821,0.17000679671764374,0.5,0.5,1.0,1.0
4,6800,25000,0.27553829550743103,0.3546113669872284,1.9296841458071867e-07,1.0,1.9296841458071867e-07,0.0005995657411403954,0.0027736169286072254,0.008760024793446064,0.024336108937859535,0.06359297037124634,0.17068587243556976,0.5,0.5,1.0,1.0
4,6810,25000,0.27557048201560974,0.3546885848045349,1.845087638230325e-07,1.0,1.845087638230325e-07,0.0006025730981491506,0.002809030469506979,0.008766110986471176,0.024377955123782158,0.06343601644039154,0.1697460114955902,0.5,0.5,1.0,1.0
4,6820,25000,0.27554136514663696,0.35460466146469116,1.707555838947883e-07,1.0,1.707555838947883e-07,0.0006003934540785849,0.0028006536886096,0.008837255649268627,0.02429521270096302,0.06383935362100601,0.16969943046569824,0.5,0.5,1.0,1.0
4,6830,25000,0.2755964696407318,0.3545433580875397,1.290417657173748e-07,1.0,1.290417657173748e-07,0.0005987756885588169,0.002806331729516387,0.008832625113427639,0.024297432973980904,0.06361280381679535,0.17084528505802155,0.5,0.5,1.0,1.0
4,6840,25000,0.27553868293762207,0.3545334041118622,1.6251819090484787e-07,1.0,1.6251819090484787e-07,0.0006019289139658213,0.0028007954824715853,0.008792313747107983,0.024494340643286705,0.06383739411830902,0.1703362911939621,0.5,0.5,1.0,1.0
4,6850,25000,0.27553296089172363,0.35459136962890625,1.9263519845935662e-07,1.0,1.9263519845935662e-07,0.0006002000882290304,0.002789649646729231,0.008783732540905476,0.024275125935673714,0.06344453245401382,0.16984285414218903,0.5,0.5,1.0,1.0
4,6860,25000,0.27561813592910767,0.3546067476272583,1.491280272603035e-07,1.0,1.491280272603035e-07,0.0006073448457755148,0.0028064867947250605,0.008777806535363197,0.024424780160188675,0.06405095756053925,0.16978015005588531,0.5,0.5,1.0,1.0
4,6870,25000,0.2754938006401062,0.35461556911468506,1.3838909751484607e-07,1.0,1.3838909751484607e-07,0.0006022298475727439,0.0027989402879029512,0.00878896750509739,0.024256935343146324,0.06353092193603516,0.16903074085712433,0.5,0.5,1.0,1.0
4,6880,25000,0.2755180299282074,0.35461726784706116,1.3719487412799936e-07,1.0,1.3719487412799936e-07,0.0006033231620676816,0.00282470160163939,0.008790127001702785,0.02445186860859394,0.06379593908786774,0.1694476306438446,0.5,0.5,1.0,1.0
4,6890,25000,0.2756117582321167,0.35457533597946167,1.301411742815617e-07,1.0,1.301411742815617e-07,0.0005989333149045706,0.002787909470498562,0.008801165036857128,0.024258147925138474,0.06380613148212433,0.17026296257972717,0.5,0.5,1.0,1.0
4,6900,25000,0.2755492925643921,0.3546247184276581,1.3789831143640185e-07,1.0,1.3789831143640185e-07,0.0006033722311258316,0.0028266471344977617,0.008853068575263023,0.024370266124606133,0.06390641629695892,0.16953036189079285,0.5,0.5,1.0,1.0
4,6910,25000,0.27558884024620056,0.35452979803085327,1.3454585712224798e-07,1.0,1.3454585712224798e-07,0.0006008717464283109,0.0028009414672851562,0.008788817562162876,0.02452435903251171,0.06385517120361328,0.17042586207389832,0.5,0.5,1.0,1.0
4,6920,25000,0.2755556106567383,0.354658842086792,1.5249533191763476e-07,1.0,1.5249533191763476e-07,0.0006025721086189151,0.0027989826630800962,0.00878619123250246,0.024393128231167793,0.06352684646844864,0.17001137137413025,0.5,0.5,1.0,1.0
4,6930,25000,0.2755502164363861,0.35462290048599243,1.3868083215129445e-07,1.0,1.3868083215129445e-07,0.0006001583533361554,0.002792573068290949,0.008787374943494797,0.024162929505109787,0.06358711421489716,0.17063027620315552,0.5,0.5,1.0,1.0
4,6940,25000,0.27559894323349,0.35460910201072693,1.9308028242903674e-07,1.0,1.9308028242903674e-07,0.0006026854971423745,0.002794009866192937,0.008828331716358662,0.024432390928268433,0.06387481093406677,0.1701543927192688,0.5,0.5,1.0,1.0
4,6950,25000,0.2755652368068695,0.3546288311481476,1.6121346391173574e-07,1.0,1.6121346391173574e-07,0.0006036131526343524,0.0027861313428729773,0.008817445486783981,0.024340573698282242,0.06363805383443832,0.1703135371208191,0.5,0.5,1.0,1.0
4,6960,25000,0.2755142152309418,0.354629248380661,1.5157844757140992e-07,1.0,1.5157844757140992e-07,0.0006019004504196346,0.0027977069839835167,0.00886885542422533,0.024186531081795692,0.06352028250694275,0.16930685937404633,0.5,0.5,1.0,1.0
4,6970,25000,0.27558884024620056,0.3545914888381958,1.6601909180735674e-07,1.0,1.6601909180735674e-07,0.0006019580760039389,0.002798178233206272,0.008871493861079216,0.024324515834450722,0.06379316002130508,0.1700006127357483,0.5,0.5,1.0,1.0
4,6980,25000,0.2756067216396332,0.35461729764938354,1.461782659362143e-07,1.0,1.461782659362143e-07,0.000604319095145911,0.002803563605993986,0.00877451803535223,0.024259407073259354,0.06379285454750061,0.17044824361801147,0.5,0.5,1.0,1.0
4,6990,25000,0.2755550742149353,0.3546191453933716,1.1528713628194964e-07,1.0,1.1528713628194964e-07,0.0006019886932335794,0.0027928766794502735,0.008821816183626652,0.024347076192498207,0.06375071406364441,0.1705426424741745,0.5,0.5,1.0,1.0
4,7000,25000,0.27545180916786194,0.3545572757720947,1.4823991989487695e-07,1.0,1.4823991989487695e-07,0.0006004750612191856,0.002803908195346594,0.008842368610203266,0.024500004947185516,0.06364206969738007,0.16991086304187775,0.5,0.5,1.0,1.0
