step,epoch,n_refreshed,mean,std,min,max,q00,q10,q20,q30,q40,q50,q60,q70,q80,q90,q100
5,0,,0.5794735550880432,0.17283044755458832,0.5,1.0,0.5,0.5,0.5,0.5,0.5,0.5,0.5,0.5,0.550000011920929,1.0,1.0
5,10,25000,0.23429080843925476,0.34295526146888733,1.1621938966754897e-08,1.0,1.1621938966754897e-08,7.446497329510748e-05,0.00044277013512328267,0.0017581519205123186,0.006091592833399773,0.02034665271639824,0.06944926828145981,0.3249565064907074,0.5,1.0,1.0
5,20,25000,0.23431403934955597,0.3429718613624573,1.154880191478469e-08,1.0,1.154880191478469e-08,7.465873204637319e-05,0.00044249295024201274,0.001764303888194263,0.0060899523086845875,0.020363636314868927,0.06956174224615097,0.3266777992248535,0.5,1.0,1.0
5,30,25000,0.23430132865905762,0.34297072887420654,1.1270771871352281e-08,1.0,1.1270771871352281e-08,7.444007496815175e-05,0.00044405818334780633,0.0017627765191718936,0.00606112414970994,0.020368685945868492,0.06936623901128769,0.32619521021842957,0.5,1.0,1.0
5,40,25000,0.23439015448093414,0.3430933952331543,1.087388756815244e-08,1.0,1.087388756815244e-08,7.38520611776039e-05,0.0004431651614140719,0.0017650224035605788,0.006081098690629005,0.020337380468845367,0.06901444494724274,0.32567840814590454,0.5,1.0,1.0
5,50,25000,0.2344338595867157,0.3432084619998932,1.048979925144522e-08,1.0,1.048979925144522e-08,7.500360516132787e-05,0.00044075274490751326,0.0017656444106251001,0.00606882618740201,0.02029849961400032,0.06910970062017441,0.32853004336357117,0.5,1.0,1.0
5,60,25000,0.234516903758049,0.3433191776275635,1.0443620190869751e-08,1.0,1.0443620190869751e-08,7.472482684534043e-05,0.00044207394239492714,0.0017696350114420056,0.006094335112720728,0.020373668521642685,0.06907009333372116,0.32595083117485046,0.5,1.0,1.0
5,70,25000,0.23454703390598297,0.3433724045753479,1.0695512919767225e-08,1.0,1.0695512919767225e-08,7.434507278958336e-05,0.0004413533315528184,0.0017687998479232192,0.006104841362684965,0.0203312449157238,0.069328173995018,0.3273759186267853,0.5,1.0,1.0
5,80,25000,0.23451723158359528,0.34336721897125244,1.1190524951132375e-08,1.0,1.1190524951132375e-08,7.460678170900792e-05,0.0004424894868861884,0.001765139400959015,0.006121478974819183,0.020353399217128754,0.06933590769767761,0.3270576596260071,0.5,1.0,1.0
5,90,25000,0.23462867736816406,0.3434351682662964,1.0666602712205986e-08,1.0,1.0666602712205986e-08,7.491965516237542e-05,0.0004454860754776746,0.0017761781346052885,0.006100759841501713,0.02032124251127243,0.06931287795305252,0.3277696967124939,0.5,1.0,1.0
5,100,25000,0.2345457226037979,0.3434990346431732,1.06948760958403e-08,1.0,1.06948760958403e-08,7.43496129871346e-05,0.0004413287970237434,0.0017617701087146997,0.006064271554350853,0.020329803228378296,0.06918726861476898,0.3274363577365875,0.5,1.0,1.0
5,110,25000,0.23460114002227783,0.3434661328792572,1.0643897319084772e-08,1.0,1.0643897319084772e-08,7.442243804689497e-05,0.0004391794791445136,0.0017778483452275395,0.0060824123211205006,0.020312119275331497,0.069572314620018,0.3265250325202942,0.5,1.0,1.0
5,120,25000,0.23463031649589539,0.3435603976249695,1.0117945592469368e-08,1.0,1.0117945592469368e-08,7.422961061820388e-05,0.000440842704847455,0.0017645141342654824,0.006143582984805107,0.020349469035863876,0.0696115493774414,0.3266855776309967,0.5,1.0,1.0
5,130,25000,0.23473778367042542,0.343633234500885,1.0819410256601714e-08,1.0,1.0819410256601714e-08,7.480418571503833e-05,0.0004440588818397373,0.0017706657527014613,0.006092348601669073,0.020295370370149612,0.06960519403219223,0.3273657262325287,0.5,1.0,1.0
5,140,25000,0.23474562168121338,0.343679279088974,1.0649622517178159e-08,1.0,1.0649622517178159e-08,7.427726814057678e-05,0.0004434180445969105,0.0017713307170197368,0.006088537629693747,0.02026800438761711,0.06934627890586853,0.3268032968044281,0.5,1.0,1.0
5,150,25000,0.2347828894853592,0.34366902709007263,1.1425481893923006e-08,1.0,1.1425481893923006e-08,7.399680180242285e-05,0.00044257735135033727,0.0017742584459483624,0.0060860635712742805,0.020357009023427963,0.06963270157575607,0.3275642395019531,0.5,1.0,1.0
5,160,25000,0.2346927374601364,0.34365540742874146,1.1142553546505951e-08,1.0,1.1142553546505951e-08,7.417627784889191e-05,0.0004410692199598998,0.0017516439547762275,0.006062977947294712,0.020341500639915466,0.06907978653907776,0.32586973905563354,0.5,1.0,1.0
5,170,25000,0.23477035760879517,0.3436901271343231,1.1149255740861008e-08,1.0,1.1149255740861008e-08,7.420398469548672e-05,0.0004440446791704744,0.0017707664519548416,0.006077847443521023,0.020400654524564743,0.06940827518701553,0.3266957998275757,0.5,1.0,1.0
5,180,25000,0.2347303181886673,0.3437157869338989,1.029905671856568e-08,1.0,1.029905671856568e-08,7.406593067571521e-05,0.00044223072472959757,0.0017715890426188707,0.006096262484788895,0.020276568830013275,0.0696975514292717,0.32589808106422424,0.5,1.0,1.0
5,190,25000,0.23473916947841644,0.34373676776885986,1.001776972486823e-08,1.0,1.001776972486823e-08,7.376086432486773e-05,0.0004408266395330429,0.0017734462162479758,0.006080026272684336,0.020244795829057693,0.06925993412733078,0.3255741596221924,0.5,1.0,1.0
5,200,25000,0.23482531309127808,0.3437706232070923,1.1286542367372476e-08,1.0,1.1286542367372476e-08,7.468085823347792e-05,0.00044171485933475196,0.001769940136000514,0.006057766731828451,0.02040679380297661,0.06938716024160385,0.3279796242713928,0.5,1.0,1.0
5,210,25000,0.2347862720489502,0.34376266598701477,1.1047711190315113e-08,1.0,1.1047711190315113e-08,7.416440348606557e-05,0.0004434366710484028,0.0017638669814914465,0.00611188355833292,0.020358989015221596,0.06914476305246353,0.32695743441581726,0.5,1.0,1.0
5,220,25000,0.23481562733650208,0.3438144624233246,1.0572335895631113e-08,1.0,1.0572335895631113e-08,7.482930232072249e-05,0.0004434656584635377,0.0017697798321023583,0.006093290168792009,0.020207606256008148,0.06979742646217346,0.32644855976104736,0.5,1.0,1.0
5,230,25000,0.23477260768413544,0.34378573298454285,1.0184533216772707e-08,1.0,1.0184533216772707e-08,7.467042451025918e-05,0.00044462730875238776,0.0017694198759272695,0.006082216743379831,0.020379768684506416,0.0692681074142456,0.32629403471946716,0.5,1.0,1.0
5,240,25000,0.23475421965122223,0.3437995910644531,1.0228411007062732e-08,1.0,1.0228411007062732e-08,7.404518692055717e-05,0.00043989147525280714,0.001769593800418079,0.006117162294685841,0.02026822790503502,0.06894361972808838,0.3269471228122711,0.5,1.0,1.0
5,250,25000,0.23486004769802094,0.3438350558280945,1.0825037755068934e-08,1.0,1.0825037755068934e-08,7.487145921913907e-05,0.0004436365852598101,0.0017517062369734049,0.006081762723624706,0.020326465368270874,0.06970128417015076,0.32678455114364624,0.5,1.0,1.0
5,260,25000,0.23476426303386688,0.3437519371509552,1.0719856113894366e-08,1.0,1.0719856113894366e-08,7.459142216248438e-05,0.00044437588076107204,0.0017583031440153718,0.006091346964240074,0.020349007099866867,0.06936626881361008,0.3281371295452118,0.5,1.0,1.0
5,270,25000,0.23475393652915955,0.343757301568985,1.07579047892159e-08,1.0,1.07579047892159e-08,7.367240323219448e-05,0.00044212755165062845,0.0017618907149881124,0.006090292241424322,0.02024386078119278,0.06913481652736664,0.3278250992298126,0.5,1.0,1.0
5,280,25000,0.23485447466373444,0.3437695801258087,1.1016800804952709e-08,1.0,1.1016800804952709e-08,7.499712228309363e-05,0.0004397141165100038,0.0017695813439786434,0.006088018883019686,0.020385364070534706,0.06936685740947723,0.3280854821205139,0.5,1.0,1.0
5,290,25000,0.23480013012886047,0.3437114953994751,1.0152930940421356e-08,1.0,1.0152930940421356e-08,7.414499850710854e-05,0.00044148514280095696,0.0017572302604094148,0.006119356025010347,0.020323768258094788,0.06947270780801773,0.3282947242259979,0.5,1.0,1.0
5,300,25000,0.23473690450191498,0.34375423192977905,1.0601010735911132e-08,1.0,1.0601010735911132e-08,7.41043477319181e-05,0.000444870995124802,0.0017509240424260497,0.006066533271223307,0.020251847803592682,0.06897668540477753,0.32804563641548157,0.5,1.0,1.0
5,310,25000,0.23471009731292725,0.3437236249446869,1.0499178415557253e-08,1.0,1.0499178415557253e-08,7.39335227990523e-05,0.00044161034747958183,0.0017743161879479885,0.006127466447651386,0.02031255140900612,0.0694238543510437,0.32704535126686096,0.5,1.0,1.0
5,320,25000,0.23476536571979523,0.343678742647171,1.1079450246143097e-08,1.0,1.1079450246143097e-08,7.467090472346172e-05,0.00044394645374268293,0.001778139965608716,0.006087283603847027,0.02026050165295601,0.0693795308470726,0.3266279995441437,0.5,1.0,1.0
5,330,25000,0.23475052416324615,0.3437427580356598,1.1233243668584691e-08,1.0,1.1233243668584691e-08,7.392920815618709e-05,0.00044150068424642086,0.0017656817799434066,0.006119064055383205,0.020375501364469528,0.06948672980070114,0.3263680636882782,0.5,1.0,1.0
5,340,25000,0.23483973741531372,0.3437470495700836,1.0509107362111081e-08,1.0,1.0509107362111081e-08,7.435231236740947e-05,0.0004437552415765822,0.001770043047145009,0.006121871527284384,0.02033098042011261,0.06972602754831314,0.32719314098358154,0.5,1.0,1.0
5,350,25000,0.2347920536994934,0.3437687158584595,1.1264592814086427e-08,1.0,1.1264592814086427e-08,7.488663686672226e-05,0.0004419441393110901,0.0017609907081350684,0.006087141111493111,0.020374959334731102,0.06935525685548782,0.32536986470222473,0.5,1.0,1.0
5,360,25000,0.234778493642807,0.3437834084033966,1.1233757923889698e-08,1.0,1.1233757923889698e-08,7.382217154372483e-05,0.000442769582150504,0.0017619546269997954,0.006108541041612625,0.02023015171289444,0.069315105676651,0.3269624710083008,0.5,1.0,1.0
5,370,25000,0.23478539288043976,0.3437424898147583,1.06710036362756e-08,1.0,1.06710036362756e-08,7.476602331735194e-05,0.00044113266631029546,0.0017686588689684868,0.00609032204374671,0.02032564952969551,0.06952966004610062,0.3278893530368805,0.5,1.0,1.0
5,380,25000,0.23478108644485474,0.34372779726982117,1.0104440839597828e-08,1.0,1.0104440839597828e-08,7.459345215465873e-05,0.0004400381294544786,0.0017659117002040148,0.006110003218054771,0.020360123366117477,0.06932861357927322,0.326277494430542,0.5,1.0,1.0
5,390,25000,0.23481637239456177,0.34377193450927734,1.0746851408782732e-08,1.0,1.0746851408782732e-08,7.49818718759343e-05,0.00044197027455084026,0.0017565101152285933,0.006080572959035635,0.02021721377968788,0.06937714666128159,0.32801929116249084,0.5,1.0,1.0
5,400,25000,0.2348470538854599,0.34384363889694214,1.0233295100192663e-08,1.0,1.0233295100192663e-08,7.390846440102905e-05,0.00044002162758260965,0.001763128791935742,0.006118222139775753,0.020391155034303665,0.069633848965168,0.3274036943912506,0.5,1.0,1.0
5,410,25000,0.2348162978887558,0.3438018560409546,1.0668873784425159e-08,1.0,1.0668873784425159e-08,7.45400320738554e-05,0.0004453857254702598,0.001758107915520668,0.006081562489271164,0.020275861024856567,0.06925791501998901,0.3280925750732422,0.5,1.0,1.0
5,420,25000,0.2348722666501999,0.34384143352508545,1.079208455934122e-08,1.0,1.079208455934122e-08,7.436898158630356e-05,0.0004440496559254825,0.00175860698800534,0.006107099819928408,0.020358769223093987,0.06915551424026489,0.3284006416797638,0.5,1.0,1.0
5,430,25000,0.23485736548900604,0.34385019540786743,1.0365276637003262e-08,1.0,1.0365276637003262e-08,7.483471563318744e-05,0.00044243448064662516,0.001756133628077805,0.006089744623750448,0.02029612846672535,0.06907984614372253,0.3278740644454956,0.5,1.0,1.0
5,440,25000,0.2349226325750351,0.34386521577835083,1.0654736648518792e-08,1.0,1.0654736648518792e-08,7.469944102922454e-05,0.00044105385313741863,0.0017643037717789412,0.006100731436163187,0.020363517105579376,0.06944557279348373,0.32628175616264343,0.5,1.0,1.0
5,450,25000,0.2349178045988083,0.3439091145992279,1.025797491394087e-08,1.0,1.025797491394087e-08,7.446842209901661e-05,0.00044362357584759593,0.0017640573205426335,0.006103079300373793,0.020363792777061462,0.06915833055973053,0.32711562514305115,0.5,1.0,1.0
5,460,25000,0.2348645031452179,0.3438723087310791,1.0993939092429628e-08,1.0,1.0993939092429628e-08,7.42135671316646e-05,0.0004393310518935323,0.001767740584909916,0.0060719395987689495,0.02030935138463974,0.06945862621068954,0.3265087902545929,0.5,1.0,1.0
5,470,25000,0.23493064939975739,0.3439090847969055,1.0362851021739061e-08,1.0,1.0362851021739061e-08,7.45628567528911e-05,0.00044542699470184743,0.0017673869151622057,0.006092668045312166,0.020291026681661606,0.06973044574260712,0.32746630907058716,0.5,1.0,1.0
5,480,25000,0.23485994338989258,0.3438766300678253,1.0433061525816356e-08,1.0,1.0433061525816356e-08,7.409595127683133e-05,0.00044182868441566825,0.0017569316551089287,0.006132914684712887,0.02029160037636757,0.06953111290931702,0.3258388936519623,0.5,1.0,1.0
5,490,25000,0.23491270840168,0.3439084589481354,1.0539523032093712e-08,1.0,1.0539523032093712e-08,7.458592153852805e-05,0.0004425369843374938,0.001756928046233952,0.006065058521926403,0.020343255251646042,0.06945549696683884,0.3290999233722687,0.5,1.0,1.0
5,500,25000,0.2349063754081726,0.3438930809497833,1.0354193058503824e-08,1.0,1.0354193058503824e-08,7.416287553496659e-05,0.0004418555472511798,0.0017696910072118044,0.006079046055674553,0.02033074013888836,0.06974788010120392,0.3290253281593323,0.5,1.0,1.0
5,510,25000,0.23483625054359436,0.3439018726348877,1.043263608835332e-08,1.0,1.043263608835332e-08,7.474562880815938e-05,0.00044275756226852536,0.001774479285813868,0.0060777198523283005,0.020229890942573547,0.06942714750766754,0.32656848430633545,0.5,1.0,1.0
5,520,25000,0.23486343026161194,0.3438907563686371,1.0143923034888758e-08,1.0,1.0143923034888758e-08,7.458082836819813e-05,0.00044357794104143977,0.0017653313698247075,0.006113037932664156,0.02031298726797104,0.06939097493886948,0.3278321921825409,0.5,1.0,1.0
5,530,25000,0.23489341139793396,0.34394392371177673,1.0485223356226925e-08,1.0,1.0485223356226925e-08,7.416225707856938e-05,0.00044349892414174974,0.0017695705173537135,0.0060974848456680775,0.020308710634708405,0.06933774799108505,0.32662951946258545,0.5,1.0,1.0
5,540,25000,0.23491379618644714,0.3439633250236511,1.0175290832137307e-08,1.0,1.0175290832137307e-08,7.430146797560155e-05,0.00044402203639037907,0.0017603766173124313,0.0060704597271978855,0.020318686962127686,0.06935041397809982,0.3270404040813446,0.5,1.0,1.0
5,550,25000,0.23488320410251617,0.3439127802848816,1.1089841933653588e-08,1.0,1.1089841933653588e-08,7.488903793273494e-05,0.000441722571849823,0.0017676311545073986,0.006110910326242447,0.020394887775182724,0.06975310295820236,0.32636144757270813,0.5,1.0,1.0
5,560,25000,0.2349279373884201,0.3439270257949829,1.0761699087424859e-08,1.0,1.0761699087424859e-08,7.425476360367611e-05,0.0004425643419381231,0.0017729743849486113,0.006065545603632927,0.02036532387137413,0.0694255381822586,0.3297906517982483,0.5,1.0,1.0
5,570,25000,0.2349444478750229,0.3439525365829468,1.085780443332851e-08,1.0,1.085780443332851e-08,7.481238571926951e-05,0.0004415929433889687,0.001758652739226818,0.006089760921895504,0.02038147673010826,0.06948406249284744,0.3285583257675171,0.5,1.0,1.0
5,580,25000,0.23497812449932098,0.34394922852516174,1.0738578026803225e-08,1.0,1.0738578026803225e-08,7.427765376633033e-05,0.0004444672376848757,0.0017756089800968766,0.006079809740185738,0.020315617322921753,0.06936077028512955,0.3288492262363434,0.5,1.0,1.0
5,590,25000,0.2349114865064621,0.3439329266548157,1.1380439701724754e-08,1.0,1.1380439701724754e-08,7.452350837411359e-05,0.00044081328087486327,0.0017622001469135284,0.006097716744989157,0.020369525998830795,0.06884733587503433,0.32850712537765503,0.5,1.0,1.0
5,600,25000,0.23490159213542938,0.3439478576183319,1.0184145970981717e-08,1.0,1.0184145970981717e-08,7.407205703202635e-05,0.0004429907421581447,0.001778685487806797,0.006085097324103117,0.02033405750989914,0.06920120865106583,0.32790708541870117,0.5,1.0,1.0
5,610,25000,0.23497426509857178,0.34397947788238525,1.0999858801596929e-08,1.0,1.0999858801596929e-08,7.461312634404749e-05,0.0004417582240421325,0.0017652636161074042,0.006073189899325371,0.02030124142765999,0.06958265602588654,0.3292078375816345,0.5,1.0,1.0
5,620,25000,0.23492372035980225,0.34396877884864807,1.0866451738422711e-08,1.0,1.0866451738422711e-08,7.446861127391458e-05,0.00044389223330654204,0.0017577782273292542,0.006084684748202562,0.02041604369878769,0.069460928440094,0.3266656994819641,0.5,1.0,1.0
5,630,25000,0.235017791390419,0.3439960777759552,1.0828282270836098e-08,1.0,1.0828282270836098e-08,7.458754407707602e-05,0.00044169966713525355,0.0017720501637086272,0.0060753654688596725,0.02025529369711876,0.06963995844125748,0.32907816767692566,0.5,1.0,1.0
5,640,25000,0.23496447503566742,0.34398287534713745,1.1046126680014368e-08,1.0,1.1046126680014368e-08,7.43659256841056e-05,0.000443466124124825,0.001778973382897675,0.006097325589507818,0.02036723867058754,0.06892269104719162,0.3271499574184418,0.5,1.0,1.0
5,650,25000,0.23496074974536896,0.34397825598716736,1.0809452000160036e-08,1.0,1.0809452000160036e-08,7.374001870630309e-05,0.00044434552546590567,0.0017647603526711464,0.006090438924729824,0.020367009565234184,0.06936504691839218,0.32913851737976074,0.5,1.0,1.0
5,660,25000,0.23494817316532135,0.343955397605896,1.0453616638983476e-08,1.0,1.0453616638983476e-08,7.424085197271779e-05,0.00044149698805995286,0.0017741615884006023,0.00612533139064908,0.020338647067546844,0.06918969005346298,0.3285795748233795,0.5,1.0,1.0
5,670,25000,0.23492351174354553,0.34396108984947205,1.0636033387356747e-08,1.0,1.0636033387356747e-08,7.466838724212721e-05,0.0004424838989507407,0.0017760953633114696,0.006100726779550314,0.020340118557214737,0.06935019791126251,0.326057493686676,0.5,1.0,1.0
5,680,25000,0.2350548654794693,0.3439808189868927,1.0657560167715019e-08,1.0,1.0657560167715019e-08,7.429104880429804e-05,0.000442444666987285,0.0017770659178495407,0.006093651056289673,0.020436111837625504,0.06948821991682053,0.3276767134666443,0.5,1.0,1.0
5,690,25000,0.23490338027477264,0.34398359060287476,1.028116525247924e-08,1.0,1.028116525247924e-08,7.435603765770793e-05,0.00043982695206068456,0.0017673890106379986,0.0060780588537454605,0.020390650257468224,0.06914062052965164,0.3277103900909424,0.5,1.0,1.0
5,700,25000,0.23494385182857513,0.34398242831230164,1.0382058768243496e-08,1.0,1.0382058768243496e-08,7.432897837134078e-05,0.0004431137931533158,0.0017541636480018497,0.0060836439952254295,0.020370081067085266,0.0692414790391922,0.3274359107017517,0.5,1.0,1.0
5,710,25000,0.23489375412464142,0.3439803421497345,1.0367274150269168e-08,1.0,1.0367274150269168e-08,7.438247848767787e-05,0.00044181919656693935,0.0017615631222724915,0.006094723008573055,0.020275438204407692,0.06909637898206711,0.32612407207489014,0.5,1.0,1.0
5,720,25000,0.23493583500385284,0.3439802825450897,1.1000906852132175e-08,1.0,1.1000906852132175e-08,7.380259921774268e-05,0.0004405002691783011,0.0017650462687015533,0.0060950592160224915,0.02036815881729126,0.06974726170301437,0.3278528153896332,0.5,1.0,1.0
5,730,25000,0.23491525650024414,0.3439970016479492,1.081192735341574e-08,1.0,1.081192735341574e-08,7.453917351085693e-05,0.0004417887539602816,0.0017704293131828308,0.0060745421797037125,0.020208312198519707,0.0693674236536026,0.3271157145500183,0.5,1.0,1.0
5,740,25000,0.2349635362625122,0.34396305680274963,1.1063393756671758e-08,1.0,1.1063393756671758e-08,7.433076098095626e-05,0.00044079500366933644,0.001778789795935154,0.006096903700381517,0.020303422585129738,0.06917572766542435,0.3280779719352722,0.5,1.0,1.0
5,750,25000,0.23497270047664642,0.3439924716949463,1.0574485287406787e-08,1.0,1.0574485287406787e-08,7.422857743222266e-05,0.0004441259952727705,0.0017706044018268585,0.006104561500251293,0.020351996645331383,0.06925877928733826,0.32787176966667175,0.5,1.0,1.0
5,760,25000,0.23497885465621948,0.34401431679725647,1.1080746986635859e-08,1.0,1.1080746986635859e-08,7.481769716832787e-05,0.0004419024917297065,0.0017614337848499417,0.006096687167882919,0.020273927599191666,0.0694766715168953,0.3292321562767029,0.5,1.0,1.0
5,770,25000,0.23500564694404602,0.34399572014808655,1.0414351159226953e-08,1.0,1.0414351159226953e-08,7.442478090524673e-05,0.00044128287117928267,0.0017667228821665049,0.006085380911827087,0.020406311377882957,0.0695514902472496,0.3275550305843353,0.5,1.0,1.0
5,780,25000,0.23492194712162018,0.34400784969329834,1.1887253847930879e-08,1.0,1.1887253847930879e-08,7.479224586859345e-05,0.00044550973689183593,0.001768930465914309,0.006102759391069412,0.020390689373016357,0.0692315474152565,0.32901132106781006,0.5,1.0,1.0
5,790,25000,0.23493431508541107,0.34399062395095825,1.1016898504578876e-08,1.0,1.1016898504578876e-08,7.39985698601231e-05,0.0004435667651705444,0.00175381638109684,0.006061889696866274,0.02029700204730034,0.06902271509170532,0.3280872404575348,0.5,1.0,1.0
5,800,25000,0.23496370017528534,0.34401658177375793,1.0855828236344678e-08,1.0,1.0855828236344678e-08,7.48352031223476e-05,0.00044103135587647557,0.0017652112292125821,0.006128316279500723,0.0203211922198534,0.06932434439659119,0.32861724495887756,0.5,1.0,1.0
5,810,25000,0.23501242697238922,0.3440316915512085,1.0269427086484484e-08,1.0,1.0269427086484484e-08,7.490388088626787e-05,0.00044220947893336415,0.001767846872098744,0.006132768001407385,0.020359192043542862,0.06967779994010925,0.32693251967430115,0.5,1.0,1.0
5,820,25000,0.23500129580497742,0.344037801027298,1.0599820576828733e-08,1.0,1.0599820576828733e-08,7.51220213714987e-05,0.0004431548877619207,0.0017663021571934223,0.006098234560340643,0.020301904529333115,0.06920788437128067,0.3272032141685486,0.5,1.0,1.0
5,830,25000,0.2349787801504135,0.3440326452255249,1.0644532366654857e-08,1.0,1.0644532366654857e-08,7.457042374880984e-05,0.00044466034159995615,0.0017612933879718184,0.006081131286919117,0.02028784342110157,0.06946125626564026,0.3285210430622101,0.5,1.0,1.0
5,840,25000,0.2349860668182373,0.34399983286857605,1.0180675857895949e-08,1.0,1.0180675857895949e-08,7.476680184481665e-05,0.0004433093417901546,0.0017620280850678682,0.0060751792043447495,0.02032121643424034,0.06960275769233704,0.3283117115497589,0.5,1.0,1.0
5,850,25000,0.2350226491689682,0.3440096974372864,1.0331470789992636e-08,1.0,1.0331470789992636e-08,7.467823888873681e-05,0.0004405670624691993,0.0017595659010112286,0.006138246040791273,0.020398207008838654,0.06934409588575363,0.3284456729888916,0.5,1.0,1.0
5,860,25000,0.23496773838996887,0.3440256416797638,1.13611680063741e-08,1.0,1.13611680063741e-08,7.519021164625883e-05,0.0004449556290637702,0.0017700392054393888,0.006094215903431177,0.02031032368540764,0.06931313127279282,0.32735833525657654,0.5,1.0,1.0
5,870,25000,0.2349996417760849,0.3440612256526947,1.0580665232851061e-08,1.0,1.0580665232851061e-08,7.437174645019695e-05,0.0004398770397529006,0.0017820466309785843,0.006058743689209223,0.020376717671751976,0.06945732980966568,0.3276588022708893,0.5,1.0,1.0
5,880,25000,0.23500853776931763,0.3440570831298828,1.0667168481859335e-08,1.0,1.0667168481859335e-08,7.451459532603621e-05,0.0004440904303919524,0.001762846834026277,0.006041739135980606,0.020394012331962585,0.06936881691217422,0.3297279179096222,0.5,1.0,1.0
5,890,25000,0.23498526215553284,0.3440142571926117,1.0543337758406324e-08,1.0,1.0543337758406324e-08,7.405739597743377e-05,0.00044203177094459534,0.0017478360095992684,0.006101151928305626,0.020301666110754013,0.06984744220972061,0.3274616301059723,0.5,1.0,1.0
5,900,25000,0.23501086235046387,0.3440333306789398,1.021372497689299e-08,1.0,1.021372497689299e-08,7.443468348355964e-05,0.0004434425209183246,0.0017687202198430896,0.006066725589334965,0.020196322351694107,0.06952213495969772,0.3270925283432007,0.5,1.0,1.0
5,910,25000,0.23499362170696259,0.3440367877483368,1.0851463727590271e-08,1.0,1.0851463727590271e-08,7.404926873277873e-05,0.0004421189660206437,0.0017610843060538173,0.006083913613110781,0.020213710144162178,0.06938546895980835,0.328102707862854,0.5,1.0,1.0
5,920,25000,0.2349926084280014,0.34406423568725586,1.0954407159147195e-08,1.0,1.0954407159147195e-08,7.373568223556504e-05,0.0004459843330550939,0.0017707120859995484,0.006103509105741978,0.02019866183400154,0.06945397704839706,0.3274192214012146,0.5,1.0,1.0
5,930,25000,0.2350310981273651,0.34406524896621704,1.0095448033098364e-08,1.0,1.0095448033098364e-08,7.441456546075642e-05,0.0004441949422471225,0.0017810886492952704,0.006071757059544325,0.02024855464696884,0.06941454857587814,0.32753294706344604,0.5,1.0,1.0
5,940,25000,0.23500403761863708,0.3440784513950348,1.0756995294514127e-08,1.0,1.0756995294514127e-08,7.362565520452335e-05,0.0004433330614119768,0.0017624556785449386,0.006088788155466318,0.020350350067019463,0.06926918774843216,0.3269874155521393,0.5,1.0,1.0
5,950,25000,0.23501932621002197,0.34408754110336304,1.0991844767715975e-08,1.0,1.0991844767715975e-08,7.411668775603175e-05,0.0004454302543308586,0.0017614979296922684,0.006056239362806082,0.02015995979309082,0.06963825225830078,0.3280562162399292,0.5,1.0,1.0
5,960,25000,0.23498369753360748,0.34403151273727417,1.0903498548486823e-08,1.0,1.0903498548486823e-08,7.427857053698972e-05,0.0004395287251099944,0.0017701222095638514,0.006102526560425758,0.020219556987285614,0.06935122609138489,0.3279985189437866,0.5,1.0,1.0
5,970,25000,0.23506349325180054,0.3440844416618347,1.0984249954049119e-08,1.0,1.0984249954049119e-08,7.444198126904666e-05,0.00044270785292610526,0.0017679760931059718,0.006098376587033272,0.0203259140253067,0.06982287764549255,0.32829856872558594,0.5,1.0,1.0
5,980,25000,0.2350199669599533,0.3440767526626587,1.054669596101121e-08,1.0,1.054669596101121e-08,7.451153214788064e-05,0.0004428280226420611,0.001771318493410945,0.006073076277971268,0.02033107727766037,0.06989344209432602,0.32829076051712036,0.5,1.0,1.0
5,990,25000,0.23497416079044342,0.34403717517852783,1.0497601010683866e-08,1.0,1.0497601010683866e-08,7.42493211873807e-05,0.0004414349386934191,0.0017729360843077302,0.006072153337299824,0.020374324172735214,0.06912881135940552,0.32677870988845825,0.5,1.0,1.0
5,1000,25000,0.23502177000045776,0.3440614938735962,1.1326848792236888e-08,1.0,1.1326848792236888e-08,7.51633124309592e-05,0.0004466319514904171,0.0017646349733695388,0.006068616174161434,0.02036184072494507,0.06950116902589798,0.32810136675834656,0.5,1.0,1.0
5,1010,25000,0.23500671982765198,0.3440772593021393,1.0721772802924079e-08,1.0,1.0721772802924079e-08,7.396333967335522e-05,0.0004418211756274104,0.0017716728616505861,0.006103456020355225,0.020329616963863373,0.06951984763145447,0.3284897804260254,0.5,1.0,1.0
5,1020,25000,0.23506544530391693,0.34408724308013916,1.183293019124676e-08,1.0,1.183293019124676e-08,7.414109859382734e-05,0.00044153459020890296,0.001764304586686194,0.006060057319700718,0.02026037499308586,0.0693243071436882,0.3286740183830261,0.5,1.0,1.0
5,1030,25000,0.23499096930027008,0.3440614342689514,1.1150386391989286e-08,1.0,1.1150386391989286e-08,7.422904309350997e-05,0.0004438199393916875,0.0017550908960402012,0.006043555215001106,0.020319795235991478,0.06956128776073456,0.3273686468601227,0.5,1.0,1.0
5,1040,25000,0.23497268557548523,0.3440481126308441,1.1014984480084422e-08,1.0,1.1014984480084422e-08,7.395679858746007e-05,0.00044191887718625367,0.0017701509641483426,0.006119064055383205,0.020332137122750282,0.06923255324363708,0.3270931541919708,0.5,1.0,1.0
5,1050,25000,0.2349979132413864,0.34405970573425293,1.0631973523800298e-08,1.0,1.0631973523800298e-08,7.446637027896941e-05,0.00044470568536780775,0.0017667735228314996,0.006090725772082806,0.020340517163276672,0.06979593634605408,0.3276350796222687,0.5,1.0,1.0
5,1060,25000,0.23502755165100098,0.34408050775527954,1.0035400954677698e-08,1.0,1.0035400954677698e-08,7.43278069421649e-05,0.00043970567639917135,0.0017641435842961073,0.006119303405284882,0.020381197333335876,0.06939111649990082,0.32787975668907166,0.5,1.0,1.0
5,1070,25000,0.23504452407360077,0.3441159427165985,1.0364286318065297e-08,1.0,1.0364286318065297e-08,7.402069604722783e-05,0.00044297619024291635,0.0017633638344705105,0.006119570229202509,0.02036089450120926,0.06945031881332397,0.3303373157978058,0.5,1.0,1.0
5,1080,25000,0.2350301593542099,0.34407755732536316,1.1436466884617857e-08,1.0,1.1436466884617857e-08,7.452848512912169e-05,0.00044006819371134043,0.001771715353243053,0.006109182257205248,0.020289994776248932,0.06973201036453247,0.32756271958351135,0.5,1.0,1.0
5,1090,25000,0.23496632277965546,0.34406667947769165,1.088561596418458e-08,1.0,1.088561596418458e-08,7.451994315488264e-05,0.00044425533269532025,0.0017697142902761698,0.006089003290981054,0.020264919847249985,0.06953249126672745,0.32693716883659363,0.5,1.0,1.0
5,1100,25000,0.2350340336561203,0.3440680503845215,1.0489128676738346e-08,1.0,1.0489128676738346e-08,7.501058280467987e-05,0.00044463278027251363,0.0017655013361945748,0.006083311513066292,0.020371705293655396,0.0698026642203331,0.32872188091278076,0.5,1.0,1.0
5,1110,25000,0.2350117415189743,0.3440920114517212,1.1058924442863827e-08,1.0,1.1058924442863827e-08,7.426012598443776e-05,0.0004413984715938568,0.0017792563885450363,0.006134076043963432,0.02031821198761463,0.06952390819787979,0.3288431167602539,0.5,1.0,1.0
5,1120,25000,0.23501034080982208,0.34408333897590637,1.0836639141587057e-08,1.0,1.0836639141587057e-08,7.42435222491622e-05,0.00044320739107206464,0.0017582213040441275,0.00612155394628644,0.020275769755244255,0.06996919214725494,0.3268647789955139,0.5,1.0,1.0
5,1130,25000,0.2350258082151413,0.34410199522972107,1.1626316798185599e-08,1.0,1.1626316798185599e-08,7.415682193823159e-05,0.00044597481610253453,0.0017583745066076517,0.006106245331466198,0.02025529369711876,0.06950229406356812,0.32665398716926575,0.5,1.0,1.0
5,1140,25000,0.23495237529277802,0.3440358340740204,1.050229769816724e-08,1.0,1.050229769816724e-08,7.439707405865192e-05,0.00044385925866663456,0.0017621787264943123,0.00606364943087101,0.020317770540714264,0.06948649883270264,0.32638970017433167,0.5,1.0,1.0
5,1150,25000,0.23496249318122864,0.3440570533275604,1.0401083549993473e-08,1.0,1.0401083549993473e-08,7.472392462659627e-05,0.000441071082605049,0.0017638152930885553,0.0060825832188129425,0.020361730828881264,0.06924009323120117,0.3266141414642334,0.5,1.0,1.0
5,1160,25000,0.2350284904241562,0.3440832793712616,1.1485884243711553e-08,1.0,1.1485884243711553e-08,7.458864274667576e-05,0.000445266196038574,0.0017739192117005587,0.006060825660824776,0.020298132672905922,0.06934179365634918,0.3292054831981659,0.5,1.0,1.0
5,1170,25000,0.2350602149963379,0.3441161513328552,1.1704782920674006e-08,1.0,1.1704782920674006e-08,7.378261216217652e-05,0.00044295372208580375,0.001765126478858292,0.0061041428707540035,0.020328398793935776,0.06942154467105865,0.32869774103164673,0.5,1.0,1.0
5,1180,25000,0.23506949841976166,0.344097763299942,1.1117545106742455e-08,1.0,1.1117545106742455e-08,7.483380613848567e-05,0.00044254332897253335,0.0017655679257586598,0.006084274034947157,0.020203392952680588,0.06967662274837494,0.3280980885028839,0.5,1.0,1.0
5,1190,25000,0.2349681705236435,0.34410303831100464,1.007804595332118e-08,1.0,1.007804595332118e-08,7.478204497601837e-05,0.0004410749243106693,0.0017800250789150596,0.006087610498070717,0.020367946475744247,0.06912124156951904,0.32663553953170776,0.5,1.0,1.0
5,1200,25000,0.23502026498317719,0.34407731890678406,1.0714092724128932e-08,1.0,1.0714092724128932e-08,7.42916963645257e-05,0.00044310936937108636,0.001764500979334116,0.006136545445770025,0.02031797729432583,0.06935074180364609,0.3273617923259735,0.5,1.0,1.0
5,1210,25000,0.23505628108978271,0.34410980343818665,1.0830341956591383e-08,1.0,1.0830341956591383e-08,7.418610039167106e-05,0.00044285121839493513,0.0017638631397858262,0.006101126316934824,0.020263390615582466,0.0694374069571495,0.3280535638332367,0.5,1.0,1.0
5,1220,25000,0.23507989943027496,0.3441227674484253,1.0763287150439282e-08,1.0,1.0763287150439282e-08,7.490191637771204e-05,0.0004446522507350892,0.0017848502611741424,0.006064408924430609,0.020407481119036674,0.06957346946001053,0.3280806839466095,0.5,1.0,1.0
5,1230,25000,0.23501528799533844,0.34412142634391785,1.0234145975118736e-08,1.0,1.0234145975118736e-08,7.446365634677932e-05,0.00044177332893013954,0.001751123578287661,0.006114764139056206,0.020273635163903236,0.06930068135261536,0.3263634741306305,0.5,1.0,1.0
5,1240,25000,0.23499369621276855,0.3441062867641449,1.0857161392152648e-08,1.0,1.0857161392152648e-08,7.477768667740747e-05,0.00044163575512357056,0.0017647029599174857,0.00605801260098815,0.020436104387044907,0.0692882090806961,0.3279922306537628,0.5,1.0,1.0
5,1250,25000,0.23503246903419495,0.3440858721733093,1.0887479362509112e-08,1.0,1.0887479362509112e-08,7.459284097421914e-05,0.00044383027125149965,0.0017682489706203341,0.0060987286269664764,0.020294491201639175,0.06950647383928299,0.32947537302970886,0.5,1.0,1.0
5,1260,25000,0.23503915965557098,0.3441098928451538,1.0461072896816859e-08,1.0,1.0461072896816859e-08,7.46573496144265e-05,0.0004463602090254426,0.0017581192078068852,0.006091647315770388,0.020287545397877693,0.0693570226430893,0.32799655199050903,0.5,1.0,1.0
5,1270,25000,0.23491911590099335,0.34407928586006165,1.0340617251358708e-08,1.0,1.0340617251358708e-08,7.602325786137953e-05,0.0004422167839948088,0.0017774677835404873,0.006074265576899052,0.020416999235749245,0.06913817673921585,0.32753637433052063,0.5,1.0,1.0
5,1280,25000,0.2350413054227829,0.3441120684146881,1.0636362013372036e-08,1.0,1.0636362013372036e-08,7.501856453018263e-05,0.00044148071901872754,0.001771922572515905,0.006104022264480591,0.02032369375228882,0.06923718750476837,0.3285270631313324,0.5,1.0,1.0
5,1290,25000,0.23508766293525696,0.34414148330688477,1.1080162565235696e-08,1.0,1.1080162565235696e-08,7.458570325979963e-05,0.00044166247243992984,0.0017685043858364224,0.006136910058557987,0.02030801586806774,0.06932827085256577,0.3294552266597748,0.5,1.0,1.0
5,1300,25000,0.23505733907222748,0.3440937399864197,1.0501041813881784e-08,1.0,1.0501041813881784e-08,7.424732757499442e-05,0.00044575906940735877,0.0017682844772934914,0.006063308101147413,0.020375393331050873,0.06983639299869537,0.3287223279476166,0.5,1.0,1.0
5,1310,25000,0.23503319919109344,0.34411656856536865,1.0558255603143607e-08,1.0,1.0558255603143607e-08,7.484280649805441e-05,0.00044519786024466157,0.0017677943687886,0.006120583508163691,0.02031363733112812,0.06910797953605652,0.32939186692237854,0.5,1.0,1.0
5,1320,25000,0.2350766658782959,0.3441310524940491,1.0190413846089541e-08,1.0,1.0190413846089541e-08,7.428642857121304e-05,0.0004403287312015891,0.001760102459229529,0.00607207091525197,0.020370960235595703,0.0696471706032753,0.32774460315704346,0.5,1.0,1.0
5,1330,25000,0.23504434525966644,0.34408488869667053,1.0520200710573135e-08,1.0,1.0520200710573135e-08,7.491673750337213e-05,0.00044139535748399794,0.0017682187026366591,0.006081170868128538,0.020162049680948257,0.06966812908649445,0.32926708459854126,0.5,1.0,1.0
5,1340,25000,0.23498567938804626,0.34412243962287903,1.0916248349701618e-08,1.0,1.0916248349701618e-08,7.455900777131319e-05,0.0004399074532557279,0.001767221954651177,0.0060981628485023975,0.0203852578997612,0.06914222985506058,0.32799211144447327,0.5,1.0,1.0
5,1350,25000,0.23509296774864197,0.34411054849624634,1.064310151122072e-08,1.0,1.064310151122072e-08,7.423626084346324e-05,0.0004407528613228351,0.0017550280317664146,0.006119934841990471,0.02035045623779297,0.06961178034543991,0.32736286520957947,0.5,1.0,1.0
5,1360,25000,0.23501864075660706,0.34410756826400757,1.0583575793532418e-08,1.0,1.0583575793532418e-08,7.444880611728877e-05,0.0004430639382917434,0.001763707958161831,0.006065097637474537,0.020208630710840225,0.06937206536531448,0.3287908136844635,0.5,1.0,1.0
5,1370,25000,0.23499982059001923,0.3440919518470764,1.145731065577138e-08,1.0,1.145731065577138e-08,7.503685628762469e-05,0.0004402277118060738,0.001756874262355268,0.006067713722586632,0.020185038447380066,0.06891336292028427,0.3291400074958801,0.5,1.0,1.0
5,1380,25000,0.235024556517601,0.3441271483898163,1.1891406082042977e-08,1.0,1.1891406082042977e-08,7.446835661539808e-05,0.0004443717189133167,0.0017746778903529048,0.006122881080955267,0.020314887166023254,0.06924743205308914,0.3270050287246704,0.5,1.0,1.0
5,1390,25000,0.23514410853385925,0.3441905081272125,1.1336297234265658e-08,1.0,1.1336297234265658e-08,7.427924720104784e-05,0.00044314409024082124,0.0017639687284827232,0.006069663912057877,0.020300917327404022,0.0693223774433136,0.328813374042511,0.5,1.0,1.0
5,1400,25000,0.2350950986146927,0.3441396653652191,1.0609222833579679e-08,1.0,1.0609222833579679e-08,7.443628419423476e-05,0.0004419269389472902,0.0017707335064187646,0.006083404179662466,0.020397912710905075,0.06935473531484604,0.32803693413734436,0.5,1.0,1.0
5,1410,25000,0.23507104814052582,0.34411031007766724,1.0553319995665333e-08,1.0,1.0553319995665333e-08,7.464984082616866e-05,0.0004410482360981405,0.0017710428219288588,0.006057746708393097,0.0203865934163332,0.06922044605016708,0.3305303454399109,0.5,1.0,1.0
5,1420,25000,0.23505645990371704,0.3440952003002167,1.0350756696198005e-08,1.0,1.0350756696198005e-08,7.509197894250974e-05,0.0004432417335920036,0.0017615682445466518,0.00608144560828805,0.020407792180776596,0.06926967203617096,0.3283577859401703,0.5,1.0,1.0
5,1430,25000,0.23503121733665466,0.34412050247192383,1.1925535225998374e-08,1.0,1.1925535225998374e-08,7.498866762034595e-05,0.0004443646757863462,0.001771088456735015,0.0061090681701898575,0.020277734845876694,0.06968718022108078,0.3277135193347931,0.5,1.0,1.0
5,1440,25000,0.23508892953395844,0.344144344329834,1.1058663318408435e-08,1.0,1.1058663318408435e-08,7.424263458233327e-05,0.00044334601261653006,0.0017617675475776196,0.006076007150113583,0.020402817055583,0.06978358328342438,0.32872718572616577,0.5,1.0,1.0
5,1450,25000,0.23510156571865082,0.3441469073295593,1.1478956452037892e-08,1.0,1.1478956452037892e-08,7.480711792595685e-05,0.00044215546222403646,0.0017620465951040387,0.006105275359004736,0.020274661481380463,0.06952966749668121,0.3294864594936371,0.5,1.0,1.0
5,1460,25000,0.23504039645195007,0.34414294362068176,1.068599075892962e-08,1.0,1.068599075892962e-08,7.437449676217511e-05,0.0004416772862896323,0.00176167581230402,0.0060796174220740795,0.020351875573396683,0.06952285021543503,0.3274882137775421,0.5,1.0,1.0
5,1470,25000,0.23504091799259186,0.3441265821456909,1.1385181686307533e-08,1.0,1.1385181686307533e-08,7.467852265108377e-05,0.0004431284323800355,0.0017669411608949304,0.006097814068198204,0.020243914797902107,0.069321408867836,0.3309188187122345,0.5,1.0,1.0
5,1480,25000,0.2351306527853012,0.3441718816757202,1.1046751957621836e-08,1.0,1.1046751957621836e-08,7.480013300664723e-05,0.00044362983317114413,0.001763167791068554,0.0061200945638120174,0.020344724878668785,0.06980579346418381,0.3278612196445465,0.5,1.0,1.0
5,1490,25000,0.23505643010139465,0.3441201150417328,1.0303358166652288e-08,1.0,1.0303358166652288e-08,7.467860996257514e-05,0.0004418258904479444,0.0017705417703837156,0.006077466998249292,0.020360395312309265,0.06942994147539139,0.3277742862701416,0.5,1.0,1.0
5,1500,25000,0.23506879806518555,0.3441372215747833,1.0524715321480471e-08,1.0,1.0524715321480471e-08,7.454154547303915e-05,0.00044343408080749214,0.0017594888340681791,0.006112202070653439,0.020265307277441025,0.06927256286144257,0.3284887969493866,0.5,1.0,1.0
5,1510,25000,0.2350022941827774,0.34411418437957764,1.1038286729103675e-08,1.0,1.1038286729103675e-08,7.463865767931566e-05,0.00044184562284499407,0.0017657069256529212,0.006134857423603535,0.02031736448407173,0.06924981623888016,0.3274310529232025,0.5,1.0,1.0
5,1520,25000,0.2350248396396637,0.34412702918052673,1.0906298975044137e-08,1.0,1.0906298975044137e-08,7.430814002873376e-05,0.0004425515653565526,0.0017584224697202444,0.006097206845879555,0.020270492881536484,0.06941510736942291,0.32866427302360535,0.5,1.0,1.0
5,1530,25000,0.23504771292209625,0.34411534667015076,1.0284392004678011e-08,1.0,1.0284392004678011e-08,7.442951755365357e-05,0.00044243759475648403,0.0017812642036005855,0.006103253457695246,0.02026170678436756,0.06938943266868591,0.3280029594898224,0.5,1.0,1.0
5,1540,25000,0.23510140180587769,0.34415578842163086,1.0058897714770865e-08,1.0,1.0058897714770865e-08,7.39909301046282e-05,0.0004421907651703805,0.001759737147949636,0.006086556240916252,0.020267073065042496,0.06896136701107025,0.3286014497280121,0.5,1.0,1.0
5,1550,25000,0.23503544926643372,0.34410619735717773,1.09737623432693e-08,1.0,1.09737623432693e-08,7.50576873542741e-05,0.00043977846507914364,0.0017638473073020577,0.006067427806556225,0.02032487466931343,0.06930555403232574,0.3285881280899048,0.5,1.0,1.0
5,1560,25000,0.23506534099578857,0.34418901801109314,1.046234032742177e-08,1.0,1.046234032742177e-08,7.402012852253392e-05,0.00044372121919877827,0.0017631467198953032,0.00608045095577836,0.020254332572221756,0.06917284429073334,0.32857978343963623,0.5,1.0,1.0
5,1570,25000,0.23510947823524475,0.34418413043022156,1.07366968649103e-08,1.0,1.07366968649103e-08,7.469778211088851e-05,0.0004423421050887555,0.0017587629845365882,0.0061086323112249374,0.020317044109106064,0.06950348615646362,0.3288925588130951,0.5,1.0,1.0
5,1580,25000,0.23500724136829376,0.34412193298339844,1.1067881722226502e-08,1.0,1.1067881722226502e-08,7.435771112795919e-05,0.00044189486652612686,0.0017649373039603233,0.006105666980147362,0.020250804722309113,0.06945571303367615,0.3274030089378357,0.5,1.0,1.0
5,1590,25000,0.23508945107460022,0.34415727853775024,1.0669040761968063e-08,1.0,1.0669040761968063e-08,7.434705185005441e-05,0.00044123022234998643,0.0017666914500296116,0.006097455509006977,0.020206302404403687,0.06934228539466858,0.32849302887916565,0.5,1.0,1.0
5,1600,25000,0.2350335419178009,0.3441314995288849,1.1270009814268178e-08,1.0,1.1270009814268178e-08,7.47813392081298e-05,0.0004407151718623936,0.0017616531113162637,0.006110537797212601,0.02037644200026989,0.06936781108379364,0.3283078670501709,0.5,1.0,1.0
5,1610,25000,0.2350728064775467,0.3441506028175354,1.0306690612083003e-08,1.0,1.0306690612083003e-08,7.410026591969654e-05,0.0004474732850212604,0.0017725391080603004,0.006061934866011143,0.02031645178794861,0.06944505870342255,0.328620970249176,0.5,1.0,1.0
5,1620,25000,0.2350180745124817,0.3441457450389862,1.0887616141985745e-08,1.0,1.0887616141985745e-08,7.40651594242081e-05,0.0004398590244818479,0.001776175107806921,0.006101109553128481,0.020250320434570312,0.06977920234203339,0.3278939127922058,0.5,1.0,1.0
5,1630,25000,0.23507468402385712,0.34415045380592346,1.0818078877150583e-08,1.0,1.0818078877150583e-08,7.468534022336826e-05,0.00044463278027251363,0.00176639121491462,0.006117763463407755,0.020193513482809067,0.0693335086107254,0.3281755745410919,0.5,1.0,1.0
5,1640,25000,0.23510432243347168,0.34416577219963074,1.0528376392926475e-08,1.0,1.0528376392926475e-08,7.458289474016055e-05,0.00044031249126419425,0.0017675766721367836,0.00608839699998498,0.020235124975442886,0.0694439560174942,0.32807233929634094,0.5,1.0,1.0
5,1650,25000,0.23516026139259338,0.3442109525203705,1.1449050596468169e-08,1.0,1.1449050596468169e-08,7.40936811780557e-05,0.0004437548923306167,0.0017642528982833028,0.006085479166358709,0.02037310227751732,0.06948193907737732,0.32992905378341675,0.5,1.0,1.0
5,1660,25000,0.23513099551200867,0.34419703483581543,1.0095122959796754e-08,1.0,1.0095122959796754e-08,7.41640105843544e-05,0.00044110813178122044,0.0017686274368315935,0.00612298958003521,0.020304318517446518,0.06957414001226425,0.3293880224227905,0.5,1.0,1.0
5,1670,25000,0.23504935204982758,0.3441656529903412,1.1258342702546997e-08,1.0,1.1258342702546997e-08,7.430779078276828e-05,0.00044076729682274163,0.0017577606486156583,0.006127020809799433,0.020244263112545013,0.0691659152507782,0.32771727442741394,0.5,1.0,1.0
5,1680,25000,0.2350766956806183,0.34414660930633545,1.0233254243985357e-08,1.0,1.0233254243985357e-08,7.424182695103809e-05,0.00044115734635852277,0.001780283055268228,0.006065519992262125,0.02031315490603447,0.06973829120397568,0.32909518480300903,0.5,1.0,1.0
5,1690,25000,0.23510849475860596,0.3442031145095825,1.0447420706327648e-08,1.0,1.0447420706327648e-08,7.456175080733374e-05,0.00044355998397804797,0.0017656468553468585,0.006087033543735743,0.02038031816482544,0.0696062371134758,0.32792046666145325,0.5,1.0,1.0
5,1700,25000,0.2351492941379547,0.3441673815250397,1.0194848520939104e-08,1.0,1.0194848520939104e-08,7.457043102476746e-05,0.0004381168691907078,0.0017729670507833362,0.006112764589488506,0.020356040447950363,0.0693768709897995,0.3318308889865875,0.5,1.0,1.0
5,1710,25000,0.2350742369890213,0.3442251682281494,1.1511651187845473e-08,1.0,1.1511651187845473e-08,7.458222535206005e-05,0.0004424970829859376,0.0017566316528245807,0.0060822125524282455,0.020285606384277344,0.06944040954113007,0.3271608054637909,0.5,1.0,1.0
5,1720,25000,0.23512016236782074,0.3441793918609619,1.094698731662902e-08,1.0,1.094698731662902e-08,7.373128028120846e-05,0.000439371244283393,0.0017730448162183166,0.006042896304279566,0.020334605127573013,0.06963206082582474,0.32901933789253235,0.5,1.0,1.0
5,1730,25000,0.23506712913513184,0.34420138597488403,1.0356579593917559e-08,1.0,1.0356579593917559e-08,7.458915206370875e-05,0.00044550362508744,0.0017672700341790915,0.006092933472245932,0.020412789657711983,0.0693577378988266,0.3261209726333618,0.5,1.0,1.0
5,1740,25000,0.23504813015460968,0.34417304396629333,1.0204524336643317e-08,1.0,1.0204524336643317e-08,7.445679511874914e-05,0.000443011405877769,0.0017652249662205577,0.006058997008949518,0.020198369398713112,0.06926576793193817,0.3267151713371277,0.5,1.0,1.0
5,1750,25000,0.23509415984153748,0.34416064620018005,1.0427032570703432e-08,1.0,1.0427032570703432e-08,7.417862070724368e-05,0.0004420501063577831,0.0017722222255542874,0.006093621253967285,0.020434100180864334,0.06939615309238434,0.3276410698890686,0.5,1.0,1.0
5,1760,25000,0.2350708544254303,0.34418773651123047,1.0933402627699706e-08,1.0,1.0933402627699706e-08,7.47436351957731e-05,0.0004429170221555978,0.0017724056961014867,0.006059861741960049,0.020347315818071365,0.06949088722467422,0.32896044850349426,0.5,1.0,1.0
5,1770,25000,0.23507314920425415,0.34419265389442444,1.0575678111024445e-08,1.0,1.0575678111024445e-08,7.406615623040125e-05,0.0004387538938317448,0.0017633552197366953,0.006121713202446699,0.0202639102935791,0.06945965439081192,0.32717522978782654,0.5,1.0,1.0
5,1780,25000,0.23509955406188965,0.34421148896217346,1.0613971035411396e-08,1.0,1.0613971035411396e-08,7.427664240822196e-05,0.0004432032583281398,0.0017769243568181992,0.006053540855646133,0.020304478704929352,0.06919435411691666,0.32903826236724854,0.5,1.0,1.0
5,1790,25000,0.23505109548568726,0.3441725969314575,1.0401407735116663e-08,1.0,1.0401407735116663e-08,7.472017750842497e-05,0.0004422329075168818,0.001761835883371532,0.006064098794013262,0.020219193771481514,0.06948806345462799,0.3285355269908905,0.5,1.0,1.0
5,1800,25000,0.2351073920726776,0.3441907465457916,1.095024693142932e-08,1.0,1.095024693142932e-08,7.456191815435886e-05,0.00044177030213177204,0.0017575229285284877,0.006122433114796877,0.020339328795671463,0.06955640763044357,0.328778475522995,0.5,1.0,1.0
5,1810,25000,0.23514997959136963,0.34421879053115845,1.0305678976862964e-08,1.0,1.0305678976862964e-08,7.445019582519308e-05,0.0004413379356265068,0.0017626422923058271,0.006114904768764973,0.02028328739106655,0.06957264989614487,0.3281788229942322,0.5,1.0,1.0
5,1820,25000,0.23514330387115479,0.3442254066467285,1.033332619471139e-08,1.0,1.033332619471139e-08,7.406625809380785e-05,0.00043981688213534653,0.0017486552242189646,0.006063095759600401,0.020351551473140717,0.06955677270889282,0.32904356718063354,0.5,1.0,1.0
5,1830,25000,0.23506322503089905,0.34420904517173767,1.0069880040930457e-08,1.0,1.0069880040930457e-08,7.419589383061975e-05,0.0004472137661650777,0.0017677007708698511,0.0060665542259812355,0.020334802567958832,0.06952503323554993,0.3279627561569214,0.5,1.0,1.0
5,1840,25000,0.23506921529769897,0.34418410062789917,1.0491229218700937e-08,1.0,1.0491229218700937e-08,7.41872499929741e-05,0.0004391747934278101,0.001768053974956274,0.006049433723092079,0.02038518711924553,0.0696306899189949,0.32803598046302795,0.5,1.0,1.0
5,1850,25000,0.23511086404323578,0.34425100684165955,1.0825590202045987e-08,1.0,1.0825590202045987e-08,7.439796172548085e-05,0.00044084168621338904,0.0017604317981749773,0.00607693288475275,0.020338822156190872,0.06926362216472626,0.3289840817451477,0.5,1.0,1.0
5,1860,25000,0.23511044681072235,0.34417951107025146,1.0370725611608123e-08,1.0,1.0370725611608123e-08,7.411187107209116e-05,0.00044082928798161447,0.0017610433278605342,0.006131443195044994,0.02023261785507202,0.06949664652347565,0.32923832535743713,0.5,1.0,1.0
5,1870,25000,0.23504455387592316,0.3441619873046875,1.0680322404255094e-08,1.0,1.0680322404255094e-08,7.409611862385646e-05,0.0004449549887795001,0.001767034293152392,0.0060825468972325325,0.020330024883151054,0.06953171640634537,0.3286215364933014,0.5,1.0,1.0
5,1880,25000,0.23506833612918854,0.344156414270401,1.1077736061793075e-08,1.0,1.1077736061793075e-08,7.398351590381935e-05,0.00044530126615427434,0.0017781172646209598,0.006102391984313726,0.020321477204561234,0.06931496411561966,0.3281446695327759,0.5,1.0,1.0
5,1890,25000,0.23518237471580505,0.34421277046203613,1.0323306653958753e-08,1.0,1.0323306653958753e-08,7.450502016581595e-05,0.00044296926353126764,0.0017745994264259934,0.0061125075444579124,0.020310871303081512,0.06970947980880737,0.32903507351875305,0.5,1.0,1.0
5,1900,25000,0.23512160778045654,0.3442102074623108,1.1091089824333267e-08,1.0,1.1091089824333267e-08,7.468165858881548e-05,0.00044325561611913145,0.0017727130325511098,0.0061032893136143684,0.02033483237028122,0.06989571452140808,0.32944899797439575,0.5,1.0,1.0
5,1910,25000,0.23515956103801727,0.34423890709877014,1.0874313893793897e-08,1.0,1.0874313893793897e-08,7.41525727789849e-05,0.0004437484312802553,0.001768775749951601,0.006056700833141804,0.020373206585645676,0.06956876814365387,0.32776737213134766,0.5,1.0,1.0
5,1920,25000,0.23509374260902405,0.34419336915016174,1.0554815688124108e-08,1.0,1.0554815688124108e-08,7.3994007834699e-05,0.0004409220418892801,0.0017674543196335435,0.006086357403546572,0.02041328325867653,0.06958311796188354,0.3280230164527893,0.5,1.0,1.0
5,1930,25000,0.2350725531578064,0.3442096710205078,1.180360964525562e-08,1.0,1.180360964525562e-08,7.453739090124145e-05,0.0004451544664334506,0.0017624062020331621,0.006062411703169346,0.020394060760736465,0.06931725144386292,0.3279518187046051,0.5,1.0,1.0
5,1940,25000,0.23504267632961273,0.3441796898841858,1.0779657166892775e-08,1.0,1.0779657166892775e-08,7.455108425347134e-05,0.0004400199977681041,0.0017751276027411222,0.006085400469601154,0.020331792533397675,0.06958115845918655,0.3268287479877472,0.5,1.0,1.0
5,1950,25000,0.23512835800647736,0.3441983759403229,1.1515471243228603e-08,1.0,1.1515471243228603e-08,7.480019849026576e-05,0.00044434869778342545,0.0017593879019841552,0.006075394805520773,0.020396970212459564,0.06956169009208679,0.32947418093681335,0.5,1.0,1.0
5,1960,25000,0.23504862189292908,0.344184011220932,1.0183942578123606e-08,1.0,1.0183942578123606e-08,7.425023068208247e-05,0.0004432955465745181,0.0017706977669149637,0.006109301000833511,0.020288925617933273,0.06934276968240738,0.32704100012779236,0.5,1.0,1.0
5,1970,25000,0.2350589632987976,0.3441562056541443,1.0729771737771898e-08,1.0,1.0729771737771898e-08,7.425488729495555e-05,0.00044173336937092245,0.0017773444997146726,0.006055661477148533,0.02034766972064972,0.06953885406255722,0.328239381313324,0.5,1.0,1.0
5,1980,25000,0.23510746657848358,0.3442157506942749,1.0514607851064284e-08,1.0,1.0514607851064284e-08,7.408994861179963e-05,0.0004415552830323577,0.001762159401550889,0.006110583897680044,0.020338233560323715,0.0695505142211914,0.32726719975471497,0.5,1.0,1.0
5,1990,25000,0.23509059846401215,0.34423017501831055,1.0832991392817348e-08,1.0,1.0832991392817348e-08,7.466675742762163e-05,0.0004395142022985965,0.0017701253527775407,0.006083481013774872,0.02025565132498741,0.06928673386573792,0.326328843832016,0.5,1.0,1.0
5,2000,25000,0.23509818315505981,0.344226598739624,1.0589277010808473e-08,1.0,1.0589277010808473e-08,7.42610136512667e-05,0.0004411906120367348,0.0017687637591734529,0.006046333350241184,0.020353063941001892,0.06936949491500854,0.3296467363834381,0.5,1.0,1.0
5,2010,25000,0.23505976796150208,0.3441649079322815,1.0463563349105698e-08,1.0,1.0463563349105698e-08,7.451314741047099e-05,0.00043867604108527303,0.0017648081993684173,0.006076436955481768,0.02022525668144226,0.06966330856084824,0.32696962356567383,0.5,1.0,1.0
5,2020,25000,0.23514068126678467,0.34422776103019714,1.1555241208327516e-08,1.0,1.1555241208327516e-08,7.445762457791716e-05,0.00044227068428881466,0.001773608266375959,0.006075898185372353,0.020360883325338364,0.06944924592971802,0.3277479112148285,0.5,1.0,1.0
5,2030,25000,0.23504887521266937,0.34419378638267517,1.0303285336021872e-08,1.0,1.0303285336021872e-08,7.456648017978296e-05,0.0004408513486851007,0.001769214286468923,0.006113131996244192,0.020236853510141373,0.06932290643453598,0.3272782862186432,0.5,1.0,1.0
5,2040,25000,0.2350853681564331,0.34422484040260315,1.076136868505273e-08,1.0,1.076136868505273e-08,7.375557470368221e-05,0.000441414158558473,0.0017641802551224828,0.006052486598491669,0.020295757800340652,0.06953246146440506,0.3279573619365692,0.5,1.0,1.0
5,2050,25000,0.2351219803094864,0.3442037105560303,1.0010848150443508e-08,1.0,1.0010848150443508e-08,7.458985783159733e-05,0.0004430887056514621,0.001765507971867919,0.006079710554331541,0.020386040210723877,0.06949327141046524,0.32748815417289734,0.5,1.0,1.0
5,2060,25000,0.23508721590042114,0.34419798851013184,1.051547826591559e-08,1.0,1.051547826591559e-08,7.421013287967071e-05,0.0004420533077791333,0.0017636596458032727,0.006108521018177271,0.020412161946296692,0.06930657476186752,0.3292633891105652,0.5,1.0,1.0
5,2070,25000,0.23512469232082367,0.34421226382255554,1.086032330732678e-08,1.0,1.086032330732678e-08,7.473752339137718e-05,0.00044376470032148063,0.0017708271043375134,0.006118230056017637,0.020373936742544174,0.06934507936239243,0.3295453190803528,0.5,1.0,1.0
5,2080,25000,0.23507879674434662,0.34418991208076477,1.016201345294121e-08,1.0,1.016201345294121e-08,7.460860797436908e-05,0.0004420971090439707,0.0017723541241139174,0.006080303341150284,0.020458994433283806,0.06953609734773636,0.32881098985671997,0.5,1.0,1.0
5,2090,25000,0.23508279025554657,0.3442069888114929,1.135959770692807e-08,1.0,1.135959770692807e-08,7.454477599821985e-05,0.00044282511225901544,0.0017575116362422705,0.006103268824517727,0.020219264551997185,0.06951513886451721,0.3284003734588623,0.5,1.0,1.0
5,2100,25000,0.23510192334651947,0.34424784779548645,1.0473915956765723e-08,1.0,1.0473915956765723e-08,7.486891990993172e-05,0.00044256349792703986,0.0017633435782045126,0.0060588521882891655,0.020358582958579063,0.0690154880285263,0.3286859095096588,0.5,1.0,1.0
5,2110,25000,0.2350229173898697,0.34419143199920654,1.0278079720649202e-08,1.0,1.0278079720649202e-08,7.438575994456187e-05,0.00044411543058231473,0.001771303592249751,0.0060564251616597176,0.02028660476207733,0.06974191218614578,0.327334463596344,0.5,1.0,1.0
5,2120,25000,0.23510189354419708,0.3442506492137909,1.025519047459511e-08,1.0,1.025519047459511e-08,7.39510142011568e-05,0.0004420046170707792,0.0017722997581586242,0.0060417624190449715,0.02023719623684883,0.06944620609283447,0.3280034363269806,0.5,1.0,1.0
5,2130,25000,0.23514577746391296,0.344233900308609,1.031890306535388e-08,1.0,1.031890306535388e-08,7.452231511706486e-05,0.00044053373858332634,0.0017555472441017628,0.00608687661588192,0.02046397514641285,0.06978007405996323,0.32819026708602905,0.5,1.0,1.0
5,2140,25000,0.23517151176929474,0.3442572057247162,1.0917185377934402e-08,1.0,1.0917185377934402e-08,7.450888369930908e-05,0.0004386636719573289,0.001769456546753645,0.00610202644020319,0.02027428336441517,0.06927333772182465,0.328693151473999,0.5,1.0,1.0
5,2150,25000,0.23512403666973114,0.3441984951496124,1.0209573630959312e-08,1.0,1.0209573630959312e-08,7.428475510096177e-05,0.00044571663602255285,0.001768007641658187,0.006086283829063177,0.020265130326151848,0.06923773139715195,0.3281654119491577,0.5,1.0,1.0
5,2160,25000,0.2351103574037552,0.3442213237285614,1.013351802470197e-08,1.0,1.013351802470197e-08,7.427226955769584e-05,0.0004428827960509807,0.0017639921279624104,0.006068438291549683,0.020364345982670784,0.06967738270759583,0.32826462388038635,0.5,1.0,1.0
5,2170,25000,0.2350960671901703,0.34420982003211975,1.0571947761661704e-08,1.0,1.0571947761661704e-08,7.407518569380045e-05,0.00044116826029494405,0.0017738563474267721,0.006082190666347742,0.020280269905924797,0.06938356906175613,0.3286636173725128,0.5,1.0,1.0
5,2180,25000,0.23511622846126556,0.3442422151565552,1.0242521497616508e-08,1.0,1.0242521497616508e-08,7.466226088581607e-05,0.0004443805664777756,0.0017627415945753455,0.006137141026556492,0.020223183557391167,0.06928816437721252,0.32821935415267944,0.5,1.0,1.0
5,2190,25000,0.23508088290691376,0.3442155420780182,1.0288358609500392e-08,1.0,1.0288358609500392e-08,7.467218529200181e-05,0.00044170234468765557,0.001768948626704514,0.006085237022489309,0.020359400659799576,0.06908880174160004,0.3297364413738251,0.5,1.0,1.0
5,2200,25000,0.2351415902376175,0.34421539306640625,1.0843869802101835e-08,1.0,1.0843869802101835e-08,7.492712029488757e-05,0.00044388786773197353,0.0017653731629252434,0.006092919502407312,0.02030002512037754,0.06951062381267548,0.3277091383934021,0.5,1.0,1.0
5,2210,25000,0.23506289720535278,0.3442011773586273,1.0444115794427944e-08,1.0,1.0444115794427944e-08,7.448203541571274e-05,0.0004424162907525897,0.00175659847445786,0.006115523632615805,0.02026979997754097,0.06928519159555435,0.32673606276512146,0.5,1.0,1.0
5,2220,25000,0.23508572578430176,0.3441801071166992,1.116435655035275e-08,1.0,1.116435655035275e-08,7.435286534018815e-05,0.00044200007687322795,0.0017644594190642238,0.006059844978153706,0.020259203389286995,0.06958474218845367,0.32846537232398987,0.5,1.0,1.0
5,2230,25000,0.2350507229566574,0.34420621395111084,1.0964289920423198e-08,1.0,1.0964289920423198e-08,7.440764602506533e-05,0.0004399809695314616,0.0017604948952794075,0.006082505453377962,0.02034284919500351,0.06955979764461517,0.3267466723918915,0.5,1.0,1.0
5,2240,25000,0.235118567943573,0.34421053528785706,1.0239773473585956e-08,1.0,1.0239773473585956e-08,7.463045767508447e-05,0.00044516127672977746,0.0017724443459883332,0.006064014974981546,0.0202512014657259,0.06942608207464218,0.32707053422927856,0.5,1.0,1.0
5,2250,25000,0.23515650629997253,0.3442367613315582,1.0084550083888644e-08,1.0,1.0084550083888644e-08,7.44479984859936e-05,0.00044433839502744377,0.001755577395670116,0.006131058558821678,0.02024502493441105,0.06961961090564728,0.32874539494514465,0.5,1.0,1.0
5,2260,25000,0.2350720763206482,0.34421539306640625,1.0345481804563406e-08,1.0,1.0345481804563406e-08,7.3940958827734e-05,0.0004421651246957481,0.0017589799826964736,0.006095408461987972,0.020245112478733063,0.0695732831954956,0.3264581263065338,0.5,1.0,1.0
5,2270,25000,0.23512083292007446,0.34422799944877625,1.0629472413370422e-08,1.0,1.0629472413370422e-08,7.469108095392585e-05,0.00044202341814525425,0.0017699990421533585,0.0060871439054608345,0.020345916971564293,0.0697590708732605,0.32836708426475525,0.5,1.0,1.0
5,2280,25000,0.2350970357656479,0.3442390561103821,1.0943097095150733e-08,1.0,1.0943097095150733e-08,7.447311509167776e-05,0.0004433213616721332,0.0017707997467368841,0.006071849260479212,0.020321141928434372,0.06934156268835068,0.32736948132514954,0.5,1.0,1.0
5,2290,25000,0.23508088290691376,0.34419238567352295,1.0962875940379035e-08,1.0,1.0962875940379035e-08,7.417034794343635e-05,0.0004426336963661015,0.0017669117078185081,0.006056757178157568,0.02029450237751007,0.06980745494365692,0.3279062509536743,0.5,1.0,1.0
5,2300,25000,0.2351464331150055,0.3442319929599762,1.1452982562332181e-08,1.0,1.1452982562332181e-08,7.43081618566066e-05,0.0004401060868985951,0.0017719072056934237,0.006110161077231169,0.020334500819444656,0.06918438524007797,0.3272874057292938,0.5,1.0,1.0
5,2310,25000,0.23512232303619385,0.34421223402023315,1.0990324206261448e-08,1.0,1.0990324206261448e-08,7.459679909516126e-05,0.0004427981039043516,0.0017637100536376238,0.006098828744143248,0.02033768594264984,0.06928002089262009,0.3297313451766968,0.5,1.0,1.0
5,2320,25000,0.2351139634847641,0.3442288935184479,1.0467982924922126e-08,1.0,1.0467982924922126e-08,7.441749039571732e-05,0.0004411245754454285,0.0017655948176980019,0.006085259839892387,0.02024904638528824,0.06920474022626877,0.3273610770702362,0.5,1.0,1.0
5,2330,25000,0.23515135049819946,0.3442617356777191,1.0137232386853157e-08,1.0,1.0137232386853157e-08,7.495204772567376e-05,0.000444380275439471,0.0017649754881858826,0.006062440574169159,0.020344894379377365,0.06940124183893204,0.3283669054508209,0.5,1.0,1.0
5,2340,25000,0.23509202897548676,0.34424152970314026,1.1253175280501182e-08,1.0,1.1253175280501182e-08,7.398618618026376e-05,0.00044064372195862234,0.0017682905308902264,0.006063756998628378,0.020354166626930237,0.06910938024520874,0.32842332124710083,0.5,1.0,1.0
5,2350,25000,0.23505298793315887,0.34419527649879456,1.0722765786397304e-08,1.0,1.0722765786397304e-08,7.418391032842919e-05,0.00044320200686343014,0.0017671312671154737,0.006074076984077692,0.02032637596130371,0.06935692578554153,0.32862135767936707,0.5,1.0,1.0
5,2360,25000,0.23505112528800964,0.34421306848526,1.0631268310135056e-08,1.0,1.0631268310135056e-08,7.455966988345608e-05,0.0004408472450450063,0.0017711338587105274,0.0060706003569066525,0.020249176770448685,0.06920740008354187,0.3292282819747925,0.5,1.0,1.0
5,2370,25000,0.2350974678993225,0.34419581294059753,1.1043439052116355e-08,1.0,1.1043439052116355e-08,7.445168739650398e-05,0.0004419214674271643,0.0017676249844953418,0.006100228521972895,0.020284980535507202,0.06967528909444809,0.32841676473617554,0.5,1.0,1.0
5,2380,25000,0.23518280684947968,0.3442385196685791,1.0610177625380857e-08,1.0,1.0610177625380857e-08,7.404608913930133e-05,0.0004421810444910079,0.001761705963872373,0.00609895633533597,0.020399130880832672,0.06976820528507233,0.32834404706954956,0.5,1.0,1.0
5,2390,25000,0.23515400290489197,0.3442222774028778,1.082087131010212e-08,1.0,1.082087131010212e-08,7.417133747367188e-05,0.0004400141478981823,0.0017637113342061639,0.006100610829889774,0.02035750262439251,0.0697399377822876,0.32961174845695496,0.5,1.0,1.0
5,2400,25000,0.2351352572441101,0.34423747658729553,1.0304677999783962e-08,1.0,1.0304677999783962e-08,7.442897913279012e-05,0.00044448391417972744,0.0017672862159088254,0.0060713933780789375,0.020302988588809967,0.06940664350986481,0.329045832157135,0.5,1.0,1.0
5,2410,25000,0.23512117564678192,0.3442312479019165,1.0490632362802899e-08,1.0,1.0490632362802899e-08,7.452432328136638e-05,0.00043960424955002964,0.001756626064889133,0.006069968454539776,0.02041323482990265,0.06940216571092606,0.3294467329978943,0.5,1.0,1.0
5,2420,25000,0.2351337969303131,0.34423062205314636,1.059295762217971e-08,1.0,1.059295762217971e-08,7.43666387279518e-05,0.0004437506722752005,0.0017612269148230553,0.006107002031058073,0.020319726318120956,0.06938941031694412,0.3291252553462982,0.5,1.0,1.0
5,2430,25000,0.23512867093086243,0.34421661496162415,1.0783133497227482e-08,1.0,1.0783133497227482e-08,7.414782885462046e-05,0.00044693108065985143,0.001770558999851346,0.006099172402173281,0.020448356866836548,0.06923585385084152,0.32976973056793213,0.5,1.0,1.0
5,2440,25000,0.23514260351657867,0.3442477881908417,1.0575154973935241e-08,1.0,1.0575154973935241e-08,7.489893323509023e-05,0.00044564122799783945,0.0017617358826100826,0.006094291340559721,0.020369399338960648,0.0692724883556366,0.33074837923049927,0.5,1.0,1.0
5,2450,25000,0.23510098457336426,0.34424686431884766,1.1609573746795832e-08,1.0,1.1609573746795832e-08,7.448912219842896e-05,0.000443301978521049,0.0017621065489947796,0.006075678858906031,0.020220648497343063,0.06929674744606018,0.3284386694431305,0.5,1.0,1.0
5,2460,25000,0.23510724306106567,0.34420350193977356,1.147570571902179e-08,1.0,1.147570571902179e-08,7.451557030435652e-05,0.0004373333649709821,0.001768989721313119,0.006096193101257086,0.020359303802251816,0.06937989592552185,0.3287867605686188,0.5,1.0,1.0
5,2470,25000,0.23511067032814026,0.3442380726337433,1.1413836098483898e-08,1.0,1.1413836098483898e-08,7.467527029803023e-05,0.00044458333286456764,0.0017811724683269858,0.006080361548811197,0.020288288593292236,0.06955854594707489,0.32871636748313904,0.5,1.0,1.0
5,2480,25000,0.2351509928703308,0.34422364830970764,1.0773580250145187e-08,1.0,1.0773580250145187e-08,7.441527850460261e-05,0.0004420829936861992,0.001768299494870007,0.006150343455374241,0.02039571851491928,0.06908067315816879,0.32824209332466125,0.5,1.0,1.0
5,2490,25000,0.23508265614509583,0.3441907465457916,1.022184026311379e-08,1.0,1.022184026311379e-08,7.406357326544821e-05,0.00044227729085832834,0.0017707416554912925,0.0061026145704090595,0.020325742661952972,0.06971817463636398,0.33045536279678345,0.5,1.0,1.0
5,2500,25000,0.23516075313091278,0.34424182772636414,1.1754343276493273e-08,1.0,1.1754343276493273e-08,7.46633013477549e-05,0.00044316178536973894,0.001758052036166191,0.006096486933529377,0.02029377967119217,0.06940719485282898,0.32828885316848755,0.5,1.0,1.0
5,2510,25000,0.23508018255233765,0.344240665435791,1.1428685553482865e-08,1.0,1.1428685553482865e-08,7.432674465235323e-05,0.00044168985914438963,0.0017748101381585002,0.006071130279451609,0.020214229822158813,0.06960896402597427,0.32739049196243286,0.5,1.0,1.0
5,2520,25000,0.23510728776454926,0.34423184394836426,1.0952067697189705e-08,1.0,1.0952067697189705e-08,7.418733730446547e-05,0.0004411942500155419,0.0017629540525376797,0.006137839052826166,0.020280342549085617,0.06941864639520645,0.3299785852432251,0.5,1.0,1.0
5,2530,25000,0.23515385389328003,0.3442341685295105,1.0616937551333194e-08,1.0,1.0616937551333194e-08,7.516916957683861e-05,0.0004412326670717448,0.001769033377058804,0.006115729454904795,0.020361706614494324,0.06985120475292206,0.3286658525466919,0.5,1.0,1.0
5,2540,25000,0.23514792323112488,0.344228595495224,1.0520945892267264e-08,1.0,1.0520945892267264e-08,7.375467248493806e-05,0.0004420934710651636,0.0017688185907900333,0.006077035330235958,0.020326055586338043,0.0694955512881279,0.3301555812358856,0.5,1.0,1.0
5,2550,25000,0.23510515689849854,0.34421777725219727,1.063113685972894e-08,1.0,1.063113685972894e-08,7.464599184459075e-05,0.0004434579168446362,0.0017671126406639814,0.006095152348279953,0.0202687568962574,0.06983284652233124,0.3275587856769562,0.5,1.0,1.0
5,2560,25000,0.23507900536060333,0.34425291419029236,1.0931238136890897e-08,1.0,1.0931238136890897e-08,7.459941116394475e-05,0.0004436139715835452,0.001770436647348106,0.006077648606151342,0.020232848823070526,0.06932728737592697,0.3266805410385132,0.5,1.0,1.0
5,2570,25000,0.23508843779563904,0.34422311186790466,1.1279448486334331e-08,1.0,1.1279448486334331e-08,7.423958595609292e-05,0.00044161727419123054,0.001758288824930787,0.006093253381550312,0.020379869267344475,0.06942454725503922,0.32835105061531067,0.5,1.0,1.0
5,2580,25000,0.23513789474964142,0.34423843026161194,1.0950283346744527e-08,1.0,1.0950283346744527e-08,7.46387304388918e-05,0.00044295305269770324,0.001774066244252026,0.006109224632382393,0.02040691301226616,0.06965197622776031,0.32796022295951843,0.5,1.0,1.0
5,2590,25000,0.23511965572834015,0.3442576229572296,1.1304902791664517e-08,1.0,1.1304902791664517e-08,7.480665954062715e-05,0.0004407735541462898,0.001753901713527739,0.006055994424968958,0.020260781049728394,0.0691928043961525,0.3294779062271118,0.5,1.0,1.0
5,2600,25000,0.23514187335968018,0.3442610800266266,1.0460539101586619e-08,1.0,1.0460539101586619e-08,7.440612534992397e-05,0.0004443878133315593,0.0017648895736783743,0.006104733794927597,0.020402032881975174,0.06922196596860886,0.3295256495475769,0.5,1.0,1.0
5,2610,25000,0.23508185148239136,0.34422537684440613,1.1224472906690153e-08,1.0,1.1224472906690153e-08,7.446145173162222e-05,0.0004437897296156734,0.0017681278986856341,0.006056858692318201,0.02028616890311241,0.06920412182807922,0.3273981213569641,0.5,1.0,1.0
5,2620,25000,0.2350965291261673,0.3442399501800537,1.050285813875007e-08,1.0,1.050285813875007e-08,7.472323341062292e-05,0.0004441855999175459,0.001761549268849194,0.006076575256884098,0.020366139709949493,0.0695853903889656,0.32944729924201965,0.5,1.0,1.0
5,2630,25000,0.23512591421604156,0.344245582818985,1.056695442258615e-08,1.0,1.056695442258615e-08,7.45156139601022e-05,0.00044178240932524204,0.0017600374994799495,0.006067831069231033,0.020306717604398727,0.06929369270801544,0.3286793529987335,0.5,1.0,1.0
5,2640,25000,0.23517020046710968,0.34422144293785095,1.0514993320498434e-08,1.0,1.0514993320498434e-08,7.398858724627644e-05,0.00044408938265405595,0.001777801662683487,0.006087868474423885,0.020387878641486168,0.06965434551239014,0.3301316797733307,0.5,1.0,1.0
5,2650,25000,0.23510101437568665,0.3442242443561554,1.119883208389183e-08,1.0,1.119883208389183e-08,7.471266872016713e-05,0.00043942147749476135,0.001755621051415801,0.0060594817623496056,0.020264266058802605,0.06949668377637863,0.3281506896018982,0.5,1.0,1.0
5,2660,25000,0.23513799905776978,0.34423503279685974,1.0286601792586225e-08,1.0,1.0286601792586225e-08,7.452053250744939e-05,0.00044156250078231096,0.0017754215514287353,0.006047734525054693,0.02038373425602913,0.06934046745300293,0.3287964463233948,0.5,1.0,1.0
5,2670,25000,0.2350650578737259,0.34421318769454956,1.0497356761618448e-08,1.0,1.0497356761618448e-08,7.421745249303058e-05,0.00044185834121890366,0.0017661279998719692,0.0061064898036420345,0.020286940038204193,0.069315105676651,0.3291001617908478,0.5,1.0,1.0
5,2680,25000,0.23511166870594025,0.3442550301551819,1.0338425227018888e-08,1.0,1.0338425227018888e-08,7.461455970769748e-05,0.00044322526082396507,0.0017675292911008,0.006119714584201574,0.020273994654417038,0.06942664831876755,0.32934287190437317,0.5,1.0,1.0
5,2690,25000,0.2351359874010086,0.3442678451538086,1.1478257455621588e-08,1.0,1.1478257455621588e-08,7.431608537444845e-05,0.00044390541734173894,0.0017543660942465067,0.00608139019459486,0.020278628915548325,0.06921085715293884,0.3280080556869507,0.5,1.0,1.0
5,2700,25000,0.2350771278142929,0.3442360758781433,1.1759313522929915e-08,1.0,1.1759313522929915e-08,7.389397796941921e-05,0.0004411150002852082,0.0017770187696442008,0.006062040571123362,0.020336374640464783,0.06944918632507324,0.3272085189819336,0.5,1.0,1.0
5,2710,25000,0.23509930074214935,0.34424927830696106,1.0775605296942103e-08,1.0,1.0775605296942103e-08,7.47528683859855e-05,0.0004473960434552282,0.0017513911006972194,0.006111358758062124,0.02030084654688835,0.06930943578481674,0.32897454500198364,0.5,1.0,1.0
5,2720,25000,0.23520177602767944,0.3442811965942383,1.1425841606182985e-08,1.0,1.1425841606182985e-08,7.435835141222924e-05,0.00043972424464300275,0.0017724581994116306,0.006082116160541773,0.020311646163463593,0.06955354660749435,0.3289453983306885,0.5,1.0,1.0
5,2730,25000,0.23512957990169525,0.34423860907554626,1.1812550049228321e-08,1.0,1.1812550049228321e-08,7.385850040009245e-05,0.0004453143628779799,0.001778306788764894,0.006081553176045418,0.020283017307519913,0.06939780712127686,0.3281557261943817,0.5,1.0,1.0
5,2740,25000,0.23513825237751007,0.344264954328537,1.0720979659595287e-08,1.0,1.0720979659595287e-08,7.469420961569995e-05,0.00044558796798810363,0.0017595923272892833,0.006098754238337278,0.02032887004315853,0.06919305771589279,0.3288207948207855,0.5,1.0,1.0
5,2750,25000,0.2351219803094864,0.3442532420158386,1.0784964032950484e-08,1.0,1.0784964032950484e-08,7.454189471900463e-05,0.0004444204969331622,0.0017623271560296416,0.006102093029767275,0.02038678526878357,0.0695347934961319,0.3264921009540558,0.5,1.0,1.0
5,2760,25000,0.23509307205677032,0.3442387580871582,1.146971939647301e-08,1.0,1.146971939647301e-08,7.485600508516654e-05,0.0004411680856719613,0.0017785901436582208,0.006131517235189676,0.020245512947440147,0.06944330036640167,0.3272702097892761,0.5,1.0,1.0
5,2770,25000,0.2351171374320984,0.34424567222595215,1.1922837828137745e-08,1.0,1.1922837828137745e-08,7.475305756088346e-05,0.00044292601523920894,0.001764830551110208,0.006084906402975321,0.02040347270667553,0.06927800178527832,0.32821786403656006,0.5,1.0,1.0
5,2780,25000,0.23506882786750793,0.3441852629184723,1.0301716812932682e-08,1.0,1.0301716812932682e-08,7.419040048262104e-05,0.000441483105532825,0.0017649817746132612,0.0061106192879378796,0.020338300615549088,0.06969337165355682,0.3278140723705292,0.5,1.0,1.0
5,2790,25000,0.235154926776886,0.3442245125770569,1.0376868253558769e-08,1.0,1.0376868253558769e-08,7.465053931809962e-05,0.00044211774365976453,0.0017581727588549256,0.0061058239080011845,0.02044939063489437,0.06950811296701431,0.3282119631767273,0.5,1.0,1.0
5,2800,25000,0.23508791625499725,0.3442414104938507,1.1138317823622401e-08,1.0,1.1138317823622401e-08,7.409575482597575e-05,0.00044391461415216327,0.0017730569234117866,0.006081831641495228,0.02041228488087654,0.06941664963960648,0.327752023935318,0.5,1.0,1.0
5,2810,25000,0.23510661721229553,0.34421253204345703,1.0062787936249151e-08,1.0,1.0062787936249151e-08,7.429443940054625e-05,0.000440078554674983,0.0017630780348554254,0.006121217738837004,0.020427018404006958,0.06942297518253326,0.32830700278282166,0.5,1.0,1.0
5,2820,25000,0.2351028323173523,0.3442314565181732,1.1094377860842997e-08,1.0,1.1094377860842997e-08,7.465622911695391e-05,0.00044186983723193407,0.0017723249038681388,0.0060513741336762905,0.020374014973640442,0.06952152401208878,0.3276607096195221,0.5,1.0,1.0
5,2830,25000,0.23507247865200043,0.34420931339263916,1.00682138182151e-08,1.0,1.00682138182151e-08,7.4227005825378e-05,0.0004429478431120515,0.0017630147049203515,0.00612393394112587,0.020268872380256653,0.06970160454511642,0.3279167711734772,0.5,1.0,1.0
5,2840,25000,0.23507611453533173,0.3442164361476898,1.1922729470370541e-08,1.0,1.1922729470370541e-08,7.491293217753991e-05,0.0004443824291229248,0.0017568786861374974,0.006101339124143124,0.020297368988394737,0.06924022734165192,0.32767432928085327,0.5,1.0,1.0
5,2850,25000,0.2350790649652481,0.3442193865776062,1.1149788647912828e-08,1.0,1.1149788647912828e-08,7.45743527659215e-05,0.0004450062697287649,0.001764022745192051,0.006071210838854313,0.020330272614955902,0.06945901364088058,0.327182412147522,0.5,1.0,1.0
5,2860,25000,0.23508983850479126,0.3442162871360779,1.1434601709936487e-08,1.0,1.1434601709936487e-08,7.478672341676429e-05,0.00044100714148953557,0.001766024623066187,0.006141970865428448,0.020314568653702736,0.06948266923427582,0.3260509967803955,0.5,1.0,1.0
5,2870,25000,0.23512884974479675,0.344230979681015,1.0195695843151498e-08,1.0,1.0195695843151498e-08,7.432782149408013e-05,0.00044417285243980587,0.0017657121643424034,0.00609064195305109,0.02023826166987419,0.06933096796274185,0.3295648396015167,0.5,1.0,1.0
5,2880,25000,0.23515179753303528,0.34423741698265076,1.0178179188358172e-08,1.0,1.0178179188358172e-08,7.450397242791951e-05,0.00044185714796185493,0.0017676062416285276,0.00610833615064621,0.020435035228729248,0.06942062079906464,0.32772383093833923,0.5,1.0,1.0
5,2890,25000,0.23513120412826538,0.3442321717739105,1.0455372567719223e-08,1.0,1.0455372567719223e-08,7.506019755965099e-05,0.00044472815352492034,0.001781664788722992,0.006070273462682962,0.020355159416794777,0.06900490820407867,0.3293628692626953,0.5,1.0,1.0
5,2900,25000,0.2351321280002594,0.34424352645874023,1.0128283101096258e-08,1.0,1.0128283101096258e-08,7.456933235516772e-05,0.00044420218910090625,0.0017696944996714592,0.0060843126848340034,0.02040432021021843,0.06925741583108902,0.32873526215553284,0.5,1.0,1.0
5,2910,25000,0.23508310317993164,0.3442462682723999,1.0119494575633325e-08,1.0,1.0119494575633325e-08,7.450349949067459e-05,0.00044283605529926717,0.0017778327455744147,0.006114351563155651,0.020366337150335312,0.06910670548677444,0.32839375734329224,0.5,1.0,1.0
5,2920,25000,0.23521776497364044,0.34426960349082947,1.1021448642623e-08,1.0,1.1021448642623e-08,7.478824409190565e-05,0.0004444978549145162,0.0017668107757344842,0.006113325711339712,0.020309438928961754,0.06935888528823853,0.3298211097717285,0.5,1.0,1.0
5,2930,25000,0.23514656722545624,0.34423649311065674,1.1151645828988421e-08,1.0,1.1151645828988421e-08,7.408507372019812e-05,0.00044094279292039573,0.001763169071637094,0.006103869527578354,0.02027563937008381,0.06921661645174026,0.32859933376312256,0.5,1.0,1.0
5,2940,25000,0.23505114018917084,0.3442164361476898,1.1213894701711524e-08,1.0,1.1213894701711524e-08,7.46947480365634e-05,0.0004434963921085,0.0017616284312680364,0.006081969942897558,0.020360685884952545,0.06905747205018997,0.32772040367126465,0.5,1.0,1.0
5,2950,25000,0.23516453802585602,0.3442680835723877,1.0877664102793005e-08,1.0,1.0877664102793005e-08,7.402677147183567e-05,0.0004449083062354475,0.0017821777146309614,0.006106598302721977,0.020299337804317474,0.06960595399141312,0.3290270268917084,0.5,1.0,1.0
5,2960,25000,0.23510108888149261,0.34421220421791077,1.1350909545626564e-08,1.0,1.1350909545626564e-08,7.468469993909821e-05,0.00044242938747629523,0.001764716231264174,0.00608878955245018,0.02042725309729576,0.0697375163435936,0.32798925042152405,0.5,1.0,1.0
5,2970,25000,0.23505619168281555,0.3442016839981079,1.0660597737910393e-08,1.0,1.0660597737910393e-08,7.467091199941933e-05,0.0004409815010149032,0.0017684103222563863,0.0060835606418550014,0.020343076437711716,0.06936698406934738,0.32783985137939453,0.5,1.0,1.0
5,2980,25000,0.23505493998527527,0.34418705105781555,1.025717644154156e-08,1.0,1.025717644154156e-08,7.44405624573119e-05,0.0004446783277671784,0.0017700903117656708,0.0060950410552322865,0.02020040899515152,0.06957674771547318,0.32655954360961914,0.5,1.0,1.0
5,2990,25000,0.23511341214179993,0.3442060351371765,1.0623954160848825e-08,1.0,1.0623954160848825e-08,7.475187157979235e-05,0.00044655438978224993,0.001763631822541356,0.00608091801404953,0.020315345376729965,0.06938836723566055,0.3296888470649719,0.5,1.0,1.0
5,3000,25000,0.23515047132968903,0.34424105286598206,1.0656894033900244e-08,1.0,1.0656894033900244e-08,7.393995474558324e-05,0.0004418086900841445,0.0017656139098107815,0.006079913582652807,0.020321859046816826,0.06945738196372986,0.3292486071586609,0.5,1.0,1.0
5,3010,25000,0.23507481813430786,0.34421154856681824,1.0322555255015686e-08,1.0,1.0322555255015686e-08,7.410372927552089e-05,0.00044598765089176595,0.0017623561434447765,0.006096432451158762,0.020309466868638992,0.06928886473178864,0.3279535174369812,0.5,1.0,1.0
5,3020,25000,0.23512713611125946,0.3442077934741974,1.0696163066370445e-08,1.0,1.0696163066370445e-08,7.3748487920966e-05,0.0004428076499607414,0.0017710198881104589,0.006093574687838554,0.020251132547855377,0.06953659653663635,0.3282335698604584,0.5,1.0,1.0
5,3030,25000,0.23513247072696686,0.34421518445014954,1.1160322443970472e-08,1.0,1.1160322443970472e-08,7.40973700885661e-05,0.0004413105780258775,0.0017743654316291213,0.006066051311790943,0.02026408724486828,0.06961043179035187,0.329910010099411,0.5,1.0,1.0
5,3040,25000,0.23503799736499786,0.3442079722881317,1.0217445556293114e-08,1.0,1.0217445556293114e-08,7.48188904253766e-05,0.0004408323729876429,0.001769293681718409,0.006112954113632441,0.02027149870991707,0.06952697038650513,0.32752516865730286,0.5,1.0,1.0
5,3050,25000,0.23515628278255463,0.34424537420272827,1.0848464349066944e-08,1.0,1.0848464349066944e-08,7.438160537276417e-05,0.00044106203131377697,0.0017639280995354056,0.006135459989309311,0.02044573798775673,0.06945125758647919,0.3297004997730255,0.5,1.0,1.0
5,3060,25000,0.23512385785579681,0.3442378342151642,1.0163739183610687e-08,1.0,1.0163739183610687e-08,7.421430200338364e-05,0.0004406107764225453,0.0017690352397039533,0.006058943457901478,0.020256517454981804,0.06941424310207367,0.32793909311294556,0.5,1.0,1.0
5,3070,25000,0.23508362472057343,0.34421125054359436,1.0610767375851538e-08,1.0,1.0610767375851538e-08,7.498208287870511e-05,0.0004427703970577568,0.0017605744069442153,0.006034602411091328,0.020281465724110603,0.06923344731330872,0.32806453108787537,0.5,1.0,1.0
5,3080,25000,0.2351139783859253,0.3442416489124298,1.0131824268455603e-08,1.0,1.0131824268455603e-08,7.426872616633773e-05,0.0004459111951291561,0.0017673124093562365,0.006134826689958572,0.020313678309321404,0.06942043453454971,0.327029287815094,0.5,1.0,1.0
5,3090,25000,0.2351170778274536,0.34423723816871643,1.1301569458055383e-08,1.0,1.1301569458055383e-08,7.426436786772683e-05,0.0004403388302307576,0.001781105063855648,0.006095492746680975,0.020403221249580383,0.06939589977264404,0.32819855213165283,0.5,1.0,1.0
5,3100,25000,0.23511828482151031,0.3442310690879822,1.1286626744322348e-08,1.0,1.1286626744322348e-08,7.443739013979211e-05,0.0004433294234331697,0.0017526202136650681,0.006098099052906036,0.020325835794210434,0.06906596571207047,0.32884374260902405,0.5,1.0,1.0
5,3110,25000,0.2351417988538742,0.34424519538879395,1.0580351705868907e-08,1.0,1.0580351705868907e-08,7.426661613862962e-05,0.00044319138396531343,0.0017689547967165709,0.006106891203671694,0.020234450697898865,0.06959569454193115,0.3283608555793762,0.5,1.0,1.0
5,3120,25000,0.23507413268089294,0.34423813223838806,1.0250627902053111e-08,1.0,1.0250627902053111e-08,7.444209040841088e-05,0.00044030731078237295,0.0017769145779311657,0.006054689176380634,0.02034398540854454,0.06936518847942352,0.3270344138145447,0.5,1.0,1.0
5,3130,25000,0.23513901233673096,0.344245046377182,1.0580827769501866e-08,1.0,1.0580827769501866e-08,7.458709296770394e-05,0.00044322488247416914,0.0017673984402790666,0.006097014527767897,0.020308364182710648,0.06986743956804276,0.3308820128440857,0.5,1.0,1.0
5,3140,25000,0.2351025491952896,0.3442268669605255,1.0585853971178949e-08,1.0,1.0585853971178949e-08,7.439374167006463e-05,0.0004415466100908816,0.00176427757833153,0.006128072738647461,0.020325805991888046,0.06954394280910492,0.3278449475765228,0.5,1.0,1.0
5,3150,25000,0.23510268330574036,0.3442345857620239,1.0510288639409282e-08,1.0,1.0510288639409282e-08,7.396154978778213e-05,0.000442358577856794,0.0017744960496202111,0.006059377454221249,0.020426355302333832,0.06938876956701279,0.3283611536026001,0.5,1.0,1.0
5,3160,25000,0.23509325087070465,0.34422728419303894,1.0303983444259757e-08,1.0,1.0303983444259757e-08,7.461319910362363e-05,0.00044221337884664536,0.0017600392457097769,0.006092564202845097,0.020415108650922775,0.06942243129014969,0.3266604542732239,0.5,1.0,1.0
5,3170,25000,0.2351258099079132,0.3442673087120056,1.0231020475259811e-08,1.0,1.0231020475259811e-08,7.430757977999747e-05,0.00044396446901373565,0.001766667701303959,0.006100495811551809,0.020335378125309944,0.06965915858745575,0.3283567726612091,0.5,1.0,1.0
5,3180,25000,0.23515187203884125,0.3442472219467163,1.0163810237884263e-08,1.0,1.0163810237884263e-08,7.426155207213014e-05,0.0004429274704307318,0.0017519022803753614,0.006099489983171225,0.02023123949766159,0.06953497976064682,0.3278600573539734,0.5,1.0,1.0
5,3190,25000,0.23505406081676483,0.3442307710647583,1.0311104858828912e-08,1.0,1.0311104858828912e-08,7.427330274367705e-05,0.0004440158954821527,0.001770826056599617,0.006058314349502325,0.020299486815929413,0.06926199793815613,0.3278258144855499,0.5,1.0,1.0
5,3200,25000,0.23516054451465607,0.3442215919494629,1.048420106286585e-08,1.0,1.048420106286585e-08,7.434237340930849e-05,0.0004415348812472075,0.0017713643610477448,0.006111894268542528,0.020390216261148453,0.06937604397535324,0.32820430397987366,0.5,1.0,1.0
5,3210,25000,0.23518380522727966,0.3442383110523224,1.1275554712142366e-08,1.0,1.1275554712142366e-08,7.39447059459053e-05,0.0004437855095602572,0.0017607772024348378,0.006103234831243753,0.0203220434486866,0.06978830695152283,0.3301866054534912,0.5,1.0,1.0
5,3220,25000,0.23517023026943207,0.3442331552505493,1.0968702390812268e-08,1.0,1.0968702390812268e-08,7.440849731210619e-05,0.00044001932838000357,0.001773936441168189,0.0061078667640686035,0.020337913185358047,0.0701955258846283,0.3302611708641052,0.5,1.0,1.0
5,3230,25000,0.235084667801857,0.34420883655548096,1.0772727598862275e-08,1.0,1.0772727598862275e-08,7.428578828694299e-05,0.00044518199865706265,0.0017661978490650654,0.006079135462641716,0.02034568041563034,0.06932158768177032,0.3286500871181488,0.5,1.0,1.0
5,3240,25000,0.23504799604415894,0.34421226382255554,1.1870416649628623e-08,1.0,1.1870416649628623e-08,7.463439396815374e-05,0.00044514142791740596,0.0017602969892323017,0.006124094128608704,0.0201883427798748,0.06900771707296371,0.32778769731521606,0.5,1.0,1.0
5,3250,25000,0.2351309061050415,0.34424635767936707,1.188020259945688e-08,1.0,1.188020259945688e-08,7.4066236265935e-05,0.0004417329910211265,0.0017698141746222973,0.006087665446102619,0.020329296588897705,0.06961023062467575,0.32792630791664124,0.5,1.0,1.0
5,3260,25000,0.23519247770309448,0.3442423939704895,1.0188677457279027e-08,1.0,1.0188677457279027e-08,7.529351569246501e-05,0.0004428021202329546,0.0017540263943374157,0.006080200895667076,0.02042166143655777,0.06951949000358582,0.3280085027217865,0.5,1.0,1.0
5,3270,25000,0.23513789474964142,0.34425753355026245,1.078625011530221e-08,1.0,1.078625011530221e-08,7.420703332172707e-05,0.0004452653229236603,0.0017620495054870844,0.0060976664535701275,0.02030097134411335,0.06938245892524719,0.32956627011299133,0.5,1.0,1.0
5,3280,25000,0.23507262766361237,0.34424349665641785,1.1532151233950572e-08,1.0,1.1532151233950572e-08,7.390309474430978e-05,0.00044316129060462117,0.0017735884757712483,0.006077990867197514,0.020399130880832672,0.06903477013111115,0.32836130261421204,0.5,1.0,1.0
5,3290,25000,0.23506897687911987,0.3442510962486267,1.0449624276986924e-08,1.0,1.0449624276986924e-08,7.504488894483075e-05,0.00044366400106810033,0.0017752243438735604,0.006053985562175512,0.020241471007466316,0.06937651336193085,0.3268251419067383,0.5,1.0,1.0
5,3300,25000,0.23504489660263062,0.3442297577857971,1.0826525453921931e-08,1.0,1.0826525453921931e-08,7.426233059959486e-05,0.0004452482971828431,0.001756899175234139,0.006102137267589569,0.02035824954509735,0.06921395659446716,0.3286478519439697,0.5,1.0,1.0
5,3310,25000,0.23509471118450165,0.34424301981925964,1.045594455462151e-08,1.0,1.045594455462151e-08,7.402837218251079e-05,0.00044244903256185353,0.0017614702228456736,0.006081945728510618,0.020128147676587105,0.06935445964336395,0.32753971219062805,0.5,1.0,1.0
5,3320,25000,0.23513378202915192,0.3442349433898926,1.0932224903115184e-08,1.0,1.0932224903115184e-08,7.41185067454353e-05,0.00044322057510726154,0.0017672765534371138,0.006089117377996445,0.020365562289953232,0.06956195831298828,0.3285812437534332,0.5,1.0,1.0
5,3330,25000,0.23510874807834625,0.34425392746925354,1.0936139993589222e-08,1.0,1.0936139993589222e-08,7.466411625500768e-05,0.00043980739428661764,0.0017577576218172908,0.006076677702367306,0.02030397765338421,0.06922280788421631,0.3298061192035675,0.5,1.0,1.0
5,3340,25000,0.2351052612066269,0.344195693731308,1.0393506499895011e-08,1.0,1.0393506499895011e-08,7.47007507015951e-05,0.00044410498230718076,0.0017730778781697154,0.006089016795158386,0.02030939795076847,0.06911396980285645,0.32905474305152893,0.5,1.0,1.0
5,3350,25000,0.23513852059841156,0.3441900312900543,1.0701294961279473e-08,1.0,1.0701294961279473e-08,7.471322169294581e-05,0.0004398608871269971,0.0017643766477704048,0.0060923839919269085,0.020415250211954117,0.06967552751302719,0.32814866304397583,0.5,1.0,1.0
5,3360,25000,0.2351294308900833,0.3442510962486267,1.1171868763426573e-08,1.0,1.1171868763426573e-08,7.444787479471415e-05,0.00044311664532870054,0.0017684519989416003,0.006115540862083435,0.020293250679969788,0.06937413662672043,0.328087717294693,0.5,1.0,1.0
5,3370,25000,0.23513007164001465,0.3442278504371643,1.1016162204668944e-08,1.0,1.1016162204668944e-08,7.412100967485458e-05,0.0004424992948770523,0.001759334816597402,0.006093832664191723,0.020507831126451492,0.06957816332578659,0.32754483819007874,0.5,1.0,1.0
5,3380,25000,0.23516403138637543,0.34424740076065063,1.0133772931908425e-08,1.0,1.0133772931908425e-08,7.481188367819414e-05,0.00044564451673068106,0.0017748677637428045,0.0061063808389008045,0.02044806070625782,0.06916543841362,0.329103022813797,0.5,1.0,1.0
5,3390,25000,0.2350780963897705,0.3441997468471527,1.0281379303478388e-08,1.0,1.0281379303478388e-08,7.468614057870582e-05,0.00044082204112783074,0.0017803660593926907,0.006105553824454546,0.02030753344297409,0.0695180743932724,0.32755717635154724,0.5,1.0,1.0
5,3400,25000,0.23508796095848083,0.34422948956489563,1.1196969573745719e-08,1.0,1.1196969573745719e-08,7.452892896253616e-05,0.0004420998739078641,0.0017728331731632352,0.006096099503338337,0.020236484706401825,0.06953071802854538,0.32729676365852356,0.5,1.0,1.0
5,3410,25000,0.23516350984573364,0.34423285722732544,1.068776978030428e-08,1.0,1.068776978030428e-08,7.472097058780491e-05,0.0004442133940756321,0.0017675154376775026,0.006102905608713627,0.02029488794505596,0.06979025900363922,0.3272177278995514,0.5,1.0,1.0
5,3420,25000,0.23504336178302765,0.3442343473434448,1.1233436403301766e-08,1.0,1.1233436403301766e-08,7.404317148029804e-05,0.0004425187362357974,0.001768142101354897,0.0061194379813969135,0.020240027457475662,0.0694984719157219,0.32805395126342773,0.5,1.0,1.0
5,3430,25000,0.23511138558387756,0.34422874450683594,1.0247513948513642e-08,1.0,1.0247513948513642e-08,7.418611494358629e-05,0.00044041391811333597,0.001770887989550829,0.006094512529671192,0.02021205984055996,0.069505475461483,0.32887008786201477,0.5,1.0,1.0
5,3440,25000,0.23512737452983856,0.34422925114631653,1.0122221283381805e-08,1.0,1.0122221283381805e-08,7.432303391397e-05,0.00044297007843852043,0.0017715258290991187,0.006084543187171221,0.020272046327590942,0.06959397345781326,0.32837551832199097,0.5,1.0,1.0
5,3450,25000,0.2351405918598175,0.3442213833332062,1.0287065421721309e-08,1.0,1.0287065421721309e-08,7.40212417440489e-05,0.0004421529301907867,0.001775812590494752,0.00605523306876421,0.02043980546295643,0.06933902204036713,0.3275624215602875,0.5,1.0,1.0
5,3460,25000,0.23507924377918243,0.3442358672618866,1.1155034229659577e-08,1.0,1.1155034229659577e-08,7.480421481886879e-05,0.0004420485347509384,0.0017708647064864635,0.00606918940320611,0.020292313769459724,0.06922579556703568,0.32767441868782043,0.5,1.0,1.0
5,3470,25000,0.2351328581571579,0.34424278140068054,1.029656981899052e-08,1.0,1.029656981899052e-08,7.471113349311054e-05,0.0004436931340023875,0.0017703439807519317,0.006107845343649387,0.020294297486543655,0.069278284907341,0.3279711902141571,0.5,1.0,1.0
5,3480,25000,0.2350645810365677,0.3441818952560425,1.1187781367993921e-08,1.0,1.1187781367993921e-08,7.43155978852883e-05,0.00043973486754111946,0.0017594419186934829,0.0060865976847708225,0.020382598042488098,0.06938739866018295,0.32717615365982056,0.5,1.0,1.0
5,3490,25000,0.23510804772377014,0.3442448675632477,1.0952297735400407e-08,1.0,1.0952297735400407e-08,7.391160761471838e-05,0.0004424922517500818,0.0017768932739272714,0.006078498438000679,0.020303376019001007,0.06930653005838394,0.3262307345867157,0.5,1.0,1.0
5,3500,25000,0.23512622714042664,0.3442239761352539,1.0176561815455898e-08,1.0,1.0176561815455898e-08,7.460813503712416e-05,0.0004454533336684108,0.0017658253200352192,0.006096359342336655,0.020258277654647827,0.06973911076784134,0.32859382033348083,0.5,1.0,1.0
5,3510,25000,0.2350836992263794,0.34423285722732544,1.0959998242299207e-08,1.0,1.0959998242299207e-08,7.444309449056163e-05,0.0004417520249262452,0.0017685877392068505,0.006084606517106295,0.020211439579725266,0.06931792199611664,0.32906779646873474,0.5,1.0,1.0
5,3520,25000,0.23509581387043,0.34423908591270447,1.0067466860164132e-08,1.0,1.0067466860164132e-08,7.448574615409598e-05,0.0004419035976752639,0.0017628581263124943,0.006086976733058691,0.020395074039697647,0.06947802007198334,0.3290232717990875,0.5,1.0,1.0
5,3530,25000,0.23515194654464722,0.34426361322402954,1.1150272705151565e-08,1.0,1.1150272705151565e-08,7.407733937725425e-05,0.00044326737406663597,0.0017737926682457328,0.006106645334511995,0.020267818123102188,0.06941258162260056,0.32852691411972046,0.5,1.0,1.0
5,3540,25000,0.23514984548091888,0.34423211216926575,1.0686486362487813e-08,1.0,1.0686486362487813e-08,7.388240919681266e-05,0.00044446709216572344,0.0017783045768737793,0.006080429535359144,0.020211633294820786,0.06963738054037094,0.327665776014328,0.5,1.0,1.0
5,3550,25000,0.23511864244937897,0.34424006938934326,1.0205478240266075e-08,1.0,1.0205478240266075e-08,7.45381330489181e-05,0.0004408563254401088,0.0017609467031434178,0.006110306363552809,0.020204517990350723,0.06960126012563705,0.3289932906627655,0.5,1.0,1.0
5,3560,25000,0.2350953072309494,0.3442341089248657,1.0435888597726262e-08,1.0,1.0435888597726262e-08,7.448109681718051e-05,0.0004429636464919895,0.0017632832750678062,0.0061136893928050995,0.02031691186130047,0.06946602463722229,0.3285142183303833,0.5,1.0,1.0
5,3570,25000,0.23514622449874878,0.34425070881843567,1.0944838813031765e-08,1.0,1.0944838813031765e-08,7.442091009579599e-05,0.0004420177428983152,0.0017726676305755973,0.006102994550019503,0.020395981147885323,0.06927195191383362,0.32840102910995483,0.5,1.0,1.0
5,3580,25000,0.23511438071727753,0.34420207142829895,1.1177346159740864e-08,1.0,1.1177346159740864e-08,7.46429359423928e-05,0.00044279007124714553,0.001763422042131424,0.006085918750613928,0.020311348140239716,0.06946040689945221,0.32731813192367554,0.5,1.0,1.0
5,3590,25000,0.23512770235538483,0.34426775574684143,1.0772661873659217e-08,1.0,1.0772661873659217e-08,7.476571772713214e-05,0.0004424349754117429,0.001767135108821094,0.006116680800914764,0.020410005003213882,0.06905218958854675,0.3286828100681305,0.5,1.0,1.0
5,3600,25000,0.2351301610469818,0.3442494869232178,1.0910815362308313e-08,1.0,1.0910815362308313e-08,7.417258893838152e-05,0.0004420332261361182,0.0017684054328128695,0.0060700844042003155,0.020316623151302338,0.06988336890935898,0.3280153274536133,0.5,1.0,1.0
5,3610,25000,0.23509666323661804,0.3442363739013672,1.0951612949838818e-08,1.0,1.0951612949838818e-08,7.445617666235194e-05,0.0004423700156621635,0.0017614449607208371,0.0060783615335822105,0.0203416608273983,0.06912592053413391,0.32941222190856934,0.5,1.0,1.0
5,3620,25000,0.23510687053203583,0.3442201018333435,1.0205071454549852e-08,1.0,1.0205071454549852e-08,7.413348066620529e-05,0.0004430259868968278,0.0017630710499361157,0.0060987453907728195,0.02041330188512802,0.06939224898815155,0.32975903153419495,0.5,1.0,1.0
5,3630,25000,0.2351192981004715,0.34423378109931946,1.0484315637881991e-08,1.0,1.0484315637881991e-08,7.388139056274667e-05,0.00044117620564065874,0.001772022689692676,0.006083192303776741,0.02031896263360977,0.0694989562034607,0.326997846364975,0.5,1.0,1.0
5,3640,25000,0.23513130843639374,0.3442436456680298,1.0622495771883678e-08,1.0,1.0622495771883678e-08,7.451095734722912e-05,0.00044378102757036686,0.0017650355584919453,0.006087778136134148,0.020294247195124626,0.06883617490530014,0.32946470379829407,0.5,1.0,1.0
5,3650,25000,0.23510296642780304,0.34421300888061523,1.0415748263881142e-08,1.0,1.0415748263881142e-08,7.484143134206533e-05,0.0004425442893989384,0.001759205013513565,0.006084317807108164,0.020333679392933846,0.06952071934938431,0.32769376039505005,0.5,1.0,1.0
5,3660,25000,0.23518094420433044,0.3442719876766205,1.0357095625579404e-08,1.0,1.0357095625579404e-08,7.430543337250128e-05,0.00044428720138967037,0.0017707409569993615,0.006094248965382576,0.020318789407610893,0.06975948065519333,0.32829469442367554,0.5,1.0,1.0
5,3670,25000,0.235101580619812,0.34422749280929565,1.0141836703780882e-08,1.0,1.0141836703780882e-08,7.396151340799406e-05,0.000441859127022326,0.0017574758967384696,0.006078418344259262,0.020252101123332977,0.06928467005491257,0.3271430730819702,0.5,1.0,1.0
5,3680,25000,0.23511484265327454,0.3442562520503998,1.0959180229974663e-08,1.0,1.0959180229974663e-08,7.458165782736614e-05,0.0004415466100908816,0.0017630981747061014,0.006089016795158386,0.020284289494156837,0.0689246654510498,0.3288264572620392,0.5,1.0,1.0
5,3690,25000,0.23510564863681793,0.3442220985889435,1.0225112312411966e-08,1.0,1.0225112312411966e-08,7.5097857916262e-05,0.00044200330739840865,0.0017540716798976064,0.006098486483097076,0.020377300679683685,0.0691695436835289,0.3285405933856964,0.5,1.0,1.0
5,3700,25000,0.2351689338684082,0.34421637654304504,1.051941822538538e-08,1.0,1.051941822538538e-08,7.373371045105159e-05,0.00044568078010343015,0.0017689582891762257,0.0060638803988695145,0.020477427169680595,0.06931926310062408,0.3292135000228882,0.5,1.0,1.0
5,3710,25000,0.23513668775558472,0.3442436456680298,1.098433699553425e-08,1.0,1.098433699553425e-08,7.457447645720094e-05,0.0004420813638716936,0.001774751115590334,0.006119930185377598,0.02037431113421917,0.06927549093961716,0.3285732567310333,0.5,1.0,1.0
5,3720,25000,0.23508115112781525,0.34421107172966003,1.0956447304977246e-08,1.0,1.0956447304977246e-08,7.441140769515187e-05,0.0004433444410096854,0.0017655347473919392,0.006091991905122995,0.02030998468399048,0.06950297951698303,0.3278243839740753,0.5,1.0,1.0
5,3730,25000,0.23513270914554596,0.34423285722732544,1.0773800518393273e-08,1.0,1.0773800518393273e-08,7.483846275135875e-05,0.00044255904504098,0.001762088155373931,0.0061558447778224945,0.02028033509850502,0.06924936175346375,0.3284793496131897,0.5,1.0,1.0
5,3740,25000,0.23516803979873657,0.3442414104938507,1.1091086271619588e-08,1.0,1.1091086271619588e-08,7.401145558105782e-05,0.00044605470611713827,0.0017648051725700498,0.00609150156378746,0.020276904106140137,0.0692419782280922,0.32826676964759827,0.5,1.0,1.0
5,3750,25000,0.23510387539863586,0.3442372977733612,1.212428379915309e-08,1.0,1.212428379915309e-08,7.481664215447381e-05,0.00044235121458768845,0.0017524920403957367,0.006077144760638475,0.020277835428714752,0.06963744759559631,0.32822564244270325,0.5,1.0,1.0
5,3760,25000,0.23511742055416107,0.34424448013305664,1.1083375106579751e-08,1.0,1.1083375106579751e-08,7.471902063116431e-05,0.0004437047173269093,0.0017682790057733655,0.00609664898365736,0.020351462066173553,0.06963050365447998,0.326764851808548,0.5,1.0,1.0
5,3770,25000,0.23514288663864136,0.3442215621471405,1.0913320025451867e-08,1.0,1.0913320025451867e-08,7.485604874091223e-05,0.000446202524472028,0.0017653806135058403,0.006076788064092398,0.0203773844987154,0.0698712095618248,0.32977503538131714,0.5,1.0,1.0
5,3780,25000,0.23519496619701385,0.3442752957344055,1.1216569006933241e-08,1.0,1.1216569006933241e-08,7.402361370623112e-05,0.00044307520147413015,0.0017649265937507153,0.006073883268982172,0.020318450406193733,0.06936084479093552,0.3282493054866791,0.5,1.0,1.0
5,3790,25000,0.23510773479938507,0.34421128034591675,1.0919409376697331e-08,1.0,1.0919409376697331e-08,7.458924665115774e-05,0.0004450074920896441,0.0017596569377928972,0.006103923078626394,0.020381636917591095,0.06942033022642136,0.32756683230400085,0.5,1.0,1.0
5,3800,25000,0.2351081222295761,0.34421589970588684,1.0538121486547425e-08,1.0,1.0538121486547425e-08,7.412277773255482e-05,0.0004420515615493059,0.001761515741236508,0.006097042001783848,0.020243491977453232,0.06944367289543152,0.32690614461898804,0.5,1.0,1.0
5,3810,25000,0.23512884974479675,0.3442506492137909,1.0251496540547578e-08,1.0,1.0251496540547578e-08,7.43831624276936e-05,0.0004414742870721966,0.0017585556488484144,0.006084807682782412,0.0202940683811903,0.0693400427699089,0.3296078145503998,0.5,1.0,1.0
5,3820,25000,0.23506562411785126,0.3442215025424957,1.0146444573422286e-08,1.0,1.0146444573422286e-08,7.478545740013942e-05,0.00044179841643199325,0.001774505595676601,0.006045939400792122,0.020329922437667847,0.06892870366573334,0.3288288712501526,0.5,1.0,1.0
5,3830,25000,0.23507945239543915,0.3442058861255646,1.1367474961332391e-08,1.0,1.1367474961332391e-08,7.394669228233397e-05,0.0004414778668433428,0.001778470235876739,0.006073378026485443,0.020262710750102997,0.06964829564094543,0.32670655846595764,0.5,1.0,1.0
5,3840,25000,0.23510365188121796,0.34421706199645996,1.0553674378854794e-08,1.0,1.0553674378854794e-08,7.441432535415515e-05,0.0004414310969877988,0.0017610520590096712,0.006053032353520393,0.020441927015781403,0.0695212185382843,0.3264278769493103,0.5,1.0,1.0
5,3850,25000,0.23509007692337036,0.3442261815071106,1.0556508556192057e-08,1.0,1.0556508556192057e-08,7.455339073203504e-05,0.0004409989924170077,0.0017731799744069576,0.006114370189607143,0.020211122930049896,0.0693352073431015,0.3287523090839386,0.5,1.0,1.0
5,3860,25000,0.235089510679245,0.3442198634147644,1.02477555330438e-08,1.0,1.02477555330438e-08,7.48080710764043e-05,0.0004444313235580921,0.0017840444343164563,0.006117579061537981,0.02025013417005539,0.0698453038930893,0.32653963565826416,0.5,1.0,1.0
5,3870,25000,0.23513950407505035,0.34424179792404175,1.0554243701221822e-08,1.0,1.0554243701221822e-08,7.473878213204443e-05,0.0004418729804456234,0.0017605227185413241,0.006116852164268494,0.020176488906145096,0.06962576508522034,0.3290388584136963,0.5,1.0,1.0
5,3880,25000,0.23505771160125732,0.34423378109931946,1.1280789635748079e-08,1.0,1.1280789635748079e-08,7.40295581636019e-05,0.0004439061158336699,0.0017702281475067139,0.006095692049711943,0.020352769643068314,0.06938689947128296,0.3273475766181946,0.5,1.0,1.0
5,3890,25000,0.23512612283229828,0.3442143499851227,1.0801760375045433e-08,1.0,1.0801760375045433e-08,7.479327905457467e-05,0.00044022369547747076,0.0017607773188501596,0.006070239935070276,0.020174546167254448,0.06974626332521439,0.3286787271499634,0.5,1.0,1.0
5,3900,25000,0.23511174321174622,0.34422892332077026,1.088185630493399e-08,1.0,1.088185630493399e-08,7.459129119524732e-05,0.00043975241715088487,0.0017630899092182517,0.006055834237486124,0.020287856459617615,0.06922225654125214,0.327767014503479,0.5,1.0,1.0
5,3910,25000,0.23507052659988403,0.34423142671585083,1.060341503489326e-08,1.0,1.060341503489326e-08,7.452963473042473e-05,0.0004411721893120557,0.0017665037885308266,0.006102347746491432,0.02036566287279129,0.06908895820379257,0.32720986008644104,0.5,1.0,1.0
5,3920,25000,0.2351190149784088,0.34422463178634644,9.99999905104687e-09,1.0,9.99999905104687e-09,7.45565484976396e-05,0.00044396825251169503,0.0017602525185793638,0.006106819026172161,0.02028670161962509,0.0691353976726532,0.3283715844154358,0.5,1.0,1.0
5,3930,25000,0.23508958518505096,0.34420445561408997,1.0452217757972448e-08,1.0,1.0452217757972448e-08,7.429769175359979e-05,0.00044217315735295415,0.001780721009708941,0.006083051674067974,0.02027084305882454,0.06941941380500793,0.32724857330322266,0.5,1.0,1.0
5,3940,25000,0.23516976833343506,0.34424883127212524,1.1330747007320952e-08,1.0,1.1330747007320952e-08,7.42937481845729e-05,0.00044124285341240466,0.001764911226928234,0.006085830740630627,0.02029329165816307,0.06952221691608429,0.32831522822380066,0.5,1.0,1.0
5,3950,25000,0.23509320616722107,0.34423938393592834,1.087747136807593e-08,1.0,1.087747136807593e-08,7.445379014825448e-05,0.0004447953833732754,0.001770577160641551,0.006099283695220947,0.02030070498585701,0.06958849728107452,0.32988378405570984,0.5,1.0,1.0
5,3960,25000,0.23511181771755219,0.3442293405532837,1.0501431724208032e-08,1.0,1.0501431724208032e-08,7.42830743547529e-05,0.00044233896187506616,0.0017733172280713916,0.006119873374700546,0.020300528034567833,0.06905142217874527,0.3285946547985077,0.5,1.0,1.0
5,3970,25000,0.23504190146923065,0.34419867396354675,1.0671044492482906e-08,1.0,1.0671044492482906e-08,7.423391070915386e-05,0.0004430449043866247,0.0017648921348154545,0.006092065013945103,0.020153358578681946,0.06952108442783356,0.32778123021125793,0.5,1.0,1.0
5,3980,25000,0.2351006269454956,0.3442005217075348,1.0571300279593743e-08,1.0,1.0571300279593743e-08,7.44819117244333e-05,0.00044083938701078296,0.001774593605659902,0.00607712147757411,0.020258374512195587,0.06966719031333923,0.3288353681564331,0.5,1.0,1.0
5,3990,25000,0.23511888086795807,0.34424200654029846,1.1117196940801932e-08,1.0,1.1117196940801932e-08,7.436660234816372e-05,0.00044165036524645984,0.0017596313264220953,0.006091570947319269,0.02031707391142845,0.06952217221260071,0.32951825857162476,0.5,1.0,1.0
5,4000,25000,0.23513942956924438,0.34424880146980286,1.0229948443907233e-08,1.0,1.0229948443907233e-08,7.470504351658747e-05,0.0004445298109203577,0.0017652856186032295,0.006094153039157391,0.020327085629105568,0.06912649422883987,0.32805225253105164,0.5,1.0,1.0
5,4010,25000,0.2351105958223343,0.34423914551734924,1.0209558531926177e-08,1.0,1.0209558531926177e-08,7.408553938148543e-05,0.0004399102763272822,0.0017576274694874883,0.006105249281972647,0.020353246480226517,0.06930068135261536,0.32742369174957275,0.5,1.0,1.0
5,4020,25000,0.235108882188797,0.344225138425827,1.1527275134426418e-08,1.0,1.1527275134426418e-08,7.444188668159768e-05,0.0004393136186990887,0.0017676717834547162,0.006102732848376036,0.020389201119542122,0.06933538615703583,0.32806891202926636,0.5,1.0,1.0
5,4030,25000,0.23513692617416382,0.3442273437976837,1.1452829795643993e-08,1.0,1.1452829795643993e-08,7.428485696436837e-05,0.00044395308941602707,0.0017714010318741202,0.006079524289816618,0.020363006740808487,0.06966248154640198,0.32887279987335205,0.5,1.0,1.0
5,4040,25000,0.23512159287929535,0.3442356288433075,1.1886527317983564e-08,1.0,1.1886527317983564e-08,7.361922325799242e-05,0.0004463639052119106,0.0017720857867971063,0.006088486406952143,0.020389102399349213,0.06965190172195435,0.3274422585964203,0.5,1.0,1.0
5,4050,25000,0.23507848381996155,0.34421825408935547,1.029109153449781e-08,1.0,1.029109153449781e-08,7.399856258416548e-05,0.0004400443867780268,0.0017652577953413129,0.006073456257581711,0.020242836326360703,0.06938180327415466,0.3282584249973297,0.5,1.0,1.0
5,4060,25000,0.2350916713476181,0.34422680735588074,1.1574129210600859e-08,1.0,1.1574129210600859e-08,7.466733950423077e-05,0.00044328946387395263,0.0017815097235143185,0.00607651611790061,0.020223233848810196,0.06919205188751221,0.3292364478111267,0.5,1.0,1.0
5,4070,25000,0.23508210480213165,0.34421128034591675,1.0948626893991786e-08,1.0,1.0948626893991786e-08,7.40244795451872e-05,0.00043799798004329205,0.0017653858521953225,0.006052438635379076,0.020267745479941368,0.06939397752285004,0.3283170163631439,0.5,1.0,1.0
5,4080,25000,0.2350701540708542,0.3442167639732361,1.0530608385295182e-08,1.0,1.0530608385295182e-08,7.463683868991211e-05,0.0004426005179993808,0.0017644150648266077,0.006099584046751261,0.020361600443720818,0.06952948868274689,0.32798051834106445,0.5,1.0,1.0
5,4090,25000,0.23503689467906952,0.3441949486732483,1.0251913096226417e-08,1.0,1.0251913096226417e-08,7.475055463146418e-05,0.0004421284538693726,0.001772229210473597,0.006076951511204243,0.020291443914175034,0.0692894458770752,0.3277254104614258,0.5,1.0,1.0
5,4100,25000,0.23511476814746857,0.3442336916923523,1.1219272622042809e-08,1.0,1.1219272622042809e-08,7.457483297912404e-05,0.00044611707562580705,0.0017692332621663809,0.006061046849936247,0.020210128277540207,0.06942438334226608,0.3284872770309448,0.5,1.0,1.0
5,4110,25000,0.23513197898864746,0.3442455530166626,1.1001564992341173e-08,1.0,1.1001564992341173e-08,7.433072460116819e-05,0.0004402324848342687,0.0017724359640851617,0.006105893291532993,0.020279405638575554,0.06909196823835373,0.32840946316719055,0.5,1.0,1.0
5,4120,25000,0.23518554866313934,0.3442282974720001,1.0887615253807326e-08,1.0,1.0887615253807326e-08,7.475530583178625e-05,0.00044215141679160297,0.0017734365537762642,0.006086038425564766,0.020378191024065018,0.06964438408613205,0.32845813035964966,0.5,1.0,1.0
5,4130,25000,0.23505762219429016,0.34422221779823303,1.0459651811345339e-08,1.0,1.0459651811345339e-08,7.44267672416754e-05,0.0004478358314372599,0.0017770638223737478,0.006096796598285437,0.020359285175800323,0.06922455132007599,0.326252281665802,0.5,1.0,1.0
5,4140,25000,0.23510104417800903,0.3442179560661316,1.0428303554022023e-08,1.0,1.0428303554022023e-08,7.426739466609433e-05,0.0004395044525153935,0.0017645397456362844,0.006122125778347254,0.020183410495519638,0.06959172338247299,0.3286382853984833,0.5,1.0,1.0
5,4150,25000,0.2350318729877472,0.34420570731163025,1.1432589097637447e-08,1.0,1.1432589097637447e-08,7.438412285409868e-05,0.0004428762476891279,0.0017578311963006854,0.00606680428609252,0.020209943875670433,0.06951596587896347,0.3272414207458496,0.5,1.0,1.0
5,4160,25000,0.2350866198539734,0.34421679377555847,1.0951909601430998e-08,1.0,1.0951909601430998e-08,7.411112892441452e-05,0.0004399275640025735,0.001762417028658092,0.0060834987089037895,0.020309031009674072,0.06948580592870712,0.3286374509334564,0.5,1.0,1.0
5,4170,25000,0.2351752370595932,0.34425413608551025,1.0929881888444015e-08,1.0,1.0929881888444015e-08,7.536729390267283e-05,0.0004402196209412068,0.0017676056595519185,0.006079702638089657,0.02033242955803871,0.06925658881664276,0.32955053448677063,0.5,1.0,1.0
5,4180,25000,0.23508059978485107,0.3442223072052002,1.024088724932426e-08,1.0,1.024088724932426e-08,7.399127207463607e-05,0.00044584713759832084,0.0017742716008797288,0.006084330379962921,0.020330388098955154,0.06932205706834793,0.3293468952178955,0.5,1.0,1.0
5,4190,25000,0.23511135578155518,0.3441869914531708,1.1378449293886206e-08,1.0,1.1378449293886206e-08,7.419251051032916e-05,0.0004407025990076363,0.0017607866320759058,0.0060865371488034725,0.020392997190356255,0.06975796073675156,0.32885703444480896,0.5,1.0,1.0
5,4200,25000,0.2351568192243576,0.34423235058784485,1.0703518071863982e-08,1.0,1.0703518071863982e-08,7.457697211066261e-05,0.000438979419413954,0.0017563122091814876,0.006085596978664398,0.02025482803583145,0.06966280937194824,0.32768505811691284,0.5,1.0,1.0
5,4210,25000,0.23507195711135864,0.3442472517490387,1.0535992522875404e-08,1.0,1.0535992522875404e-08,7.435154111590236e-05,0.00044028658885508776,0.0017645664047449827,0.00612660963088274,0.020342521369457245,0.06964319199323654,0.32994019985198975,0.5,1.0,1.0
5,4220,25000,0.23512651026248932,0.3442343771457672,1.1480860706569729e-08,1.0,1.1480860706569729e-08,7.497385377064347e-05,0.0004429336986504495,0.0017572682118043303,0.006114556919783354,0.020318590104579926,0.06937219947576523,0.32876086235046387,0.5,1.0,1.0
5,4230,25000,0.23507210612297058,0.34422463178634644,1.0206512968125026e-08,1.0,1.0206512968125026e-08,7.437543536070734e-05,0.000440728385001421,0.0017661830643191934,0.006060177460312843,0.020305100828409195,0.0695687085390091,0.32839062809944153,0.5,1.0,1.0
5,4240,25000,0.23513776063919067,0.3442397117614746,1.1373899155842082e-08,1.0,1.1373899155842082e-08,7.417917368002236e-05,0.00044335119309835136,0.0017632863018661737,0.006087613757699728,0.020376944914460182,0.06915006041526794,0.3296259045600891,0.5,1.0,1.0
5,4250,25000,0.2350361943244934,0.344191312789917,1.0934197547385338e-08,1.0,1.0934197547385338e-08,7.433631253661588e-05,0.00044187891762703657,0.001762406900525093,0.006113114766776562,0.020302392542362213,0.06957340240478516,0.32682740688323975,0.5,1.0,1.0
5,4260,25000,0.23516473174095154,0.3442293405532837,1.0341657308288177e-08,1.0,1.0341657308288177e-08,7.410132820950821e-05,0.00044435032759793103,0.0017729790415614843,0.006093194242566824,0.020371180027723312,0.06975085288286209,0.3272891044616699,0.5,1.0,1.0
5,4270,25000,0.2350998967885971,0.3442019820213318,1.058232523831748e-08,1.0,1.058232523831748e-08,7.44666249374859e-05,0.00044401027844287455,0.0017661843448877335,0.006074362434446812,0.020428147166967392,0.06940063834190369,0.32819128036499023,0.5,1.0,1.0
5,4280,25000,0.2351239025592804,0.34423497319221497,1.0607920764016399e-08,1.0,1.0607920764016399e-08,7.421769259963185e-05,0.0004415593284647912,0.0017765831435099244,0.006082471460103989,0.020294368267059326,0.06940539926290512,0.3283096253871918,0.5,1.0,1.0
5,4290,25000,0.2350255399942398,0.34421083331108093,1.0439663356009987e-08,1.0,1.0439663356009987e-08,7.464196824003011e-05,0.00044188270112499595,0.0017600500723347068,0.006077531725168228,0.02023644745349884,0.06872377544641495,0.3286859691143036,0.5,1.0,1.0
5,4300,25000,0.23514588177204132,0.34425631165504456,1.1347673911643597e-08,1.0,1.1347673911643597e-08,7.43693599360995e-05,0.0004435513692442328,0.0017661567544564605,0.006106888875365257,0.020269539207220078,0.06922191381454468,0.32864540815353394,0.5,1.0,1.0
5,4310,25000,0.23510541021823883,0.34421175718307495,1.0860369492604605e-08,1.0,1.0860369492604605e-08,7.455596642103046e-05,0.0004417101154103875,0.0017742328345775604,0.006111652124673128,0.020335745066404343,0.06976430118083954,0.32875460386276245,0.5,1.0,1.0
5,4320,25000,0.23508188128471375,0.34423062205314636,1.1035639069234549e-08,1.0,1.1035639069234549e-08,7.428447861457244e-05,0.0004403104248922318,0.0017719826428219676,0.006125806365162134,0.020288627594709396,0.06927084177732468,0.3290470540523529,0.5,1.0,1.0
5,4330,25000,0.23514114320278168,0.3442527651786804,1.044795006066579e-08,1.0,1.044795006066579e-08,7.428352546412498e-05,0.0004423229838721454,0.0017695087008178234,0.006097916979342699,0.020275209099054337,0.06952057033777237,0.3298936188220978,0.5,1.0,1.0
5,4340,25000,0.23514080047607422,0.34421858191490173,1.014992800918435e-08,1.0,1.014992800918435e-08,7.436741725541651e-05,0.000441139709437266,0.0017725472571328282,0.006100314669311047,0.020328786224126816,0.06952531635761261,0.3284125030040741,0.5,1.0,1.0
5,4350,25000,0.23513367772102356,0.34425145387649536,1.0844202869009223e-08,1.0,1.0844202869009223e-08,7.434593862853944e-05,0.00044316949788480997,0.0017695373389869928,0.0060643283650279045,0.020270340144634247,0.06944014877080917,0.32895714044570923,0.5,1.0,1.0
5,4360,25000,0.23512984812259674,0.34426409006118774,1.083559464376549e-08,1.0,1.083559464376549e-08,7.387997902696952e-05,0.0004431747947819531,0.0017594327218830585,0.006056196987628937,0.020212385803461075,0.069368377327919,0.325776606798172,0.5,1.0,1.0
5,4370,25000,0.23514744639396667,0.34421971440315247,1.0184798782120197e-08,1.0,1.0184798782120197e-08,7.447368261637166e-05,0.00044243221054784954,0.0017655692063272,0.006108716130256653,0.020458968356251717,0.06922423839569092,0.3292995095252991,0.5,1.0,1.0
5,4380,25000,0.2351270318031311,0.3442414700984955,1.1391239063129888e-08,1.0,1.1391239063129888e-08,7.480454223696142e-05,0.00044089212315157056,0.001764926128089428,0.0060850041918456554,0.020361747592687607,0.06915189325809479,0.32839491963386536,0.5,1.0,1.0
5,4390,25000,0.2351391613483429,0.34425291419029236,1.0190941424070843e-08,1.0,1.0190941424070843e-08,7.52216437831521e-05,0.0004428022657521069,0.00176624720916152,0.006065415218472481,0.02035154402256012,0.06945330649614334,0.3284338414669037,0.5,1.0,1.0
5,4400,25000,0.23514853417873383,0.344257652759552,1.1296053870069045e-08,1.0,1.1296053870069045e-08,7.502020162064582e-05,0.00044378344318829477,0.0017696792492642999,0.0060914866626262665,0.02033473178744316,0.06927122920751572,0.3288036584854126,0.5,1.0,1.0
5,4410,25000,0.23511828482151031,0.3442418575286865,1.0427092966835971e-08,1.0,1.0427092966835971e-08,7.536076009273529e-05,0.0004423558712005615,0.0017743173521012068,0.006116610486060381,0.020383533090353012,0.0695224478840828,0.3280916213989258,0.5,1.0,1.0
5,4420,25000,0.2350655496120453,0.34417474269866943,1.0588602883387921e-08,1.0,1.0588602883387921e-08,7.495002500945702e-05,0.00044054034515284,0.0017544173169881105,0.006110270973294973,0.020262248814105988,0.06954710185527802,0.32960546016693115,0.5,1.0,1.0
5,4430,25000,0.23512442409992218,0.34424448013305664,1.150455375409365e-08,1.0,1.150455375409365e-08,7.467309478670359e-05,0.0004401153710205108,0.00176005600951612,0.0061120521277189255,0.020321616902947426,0.06984957307577133,0.3268493711948395,0.5,1.0,1.0
5,4440,25000,0.23514609038829803,0.3442351818084717,1.0260956528895804e-08,1.0,1.0260956528895804e-08,7.418589666485786e-05,0.0004456396563909948,0.0017729713581502438,0.006143098697066307,0.020252402871847153,0.06928370147943497,0.3290330767631531,0.5,1.0,1.0
5,4450,25000,0.23514966666698456,0.34425681829452515,1.0521582716194189e-08,1.0,1.0521582716194189e-08,7.41994081181474e-05,0.00044245299068279564,0.0017706428188830614,0.006130610127002001,0.020317137241363525,0.06951671093702316,0.32894566655158997,0.5,1.0,1.0
5,4460,25000,0.23507708311080933,0.34423908591270447,1.0257537930158378e-08,1.0,1.0257537930158378e-08,7.465612725354731e-05,0.00043873314280062914,0.00176908727735281,0.006108515430241823,0.020266719162464142,0.06894954293966293,0.3281140923500061,0.5,1.0,1.0
5,4470,25000,0.23513369262218475,0.344228059053421,1.1560651991260329e-08,1.0,1.1560651991260329e-08,7.452678255503997e-05,0.00044106499990448356,0.0017597370315343142,0.006100622471421957,0.020287711173295975,0.06941623985767365,0.3299483060836792,0.5,1.0,1.0
5,4480,25000,0.2350999265909195,0.34423592686653137,1.0499844549372028e-08,1.0,1.0499844549372028e-08,7.464598456863314e-05,0.00044291833182796836,0.0017692490946501493,0.006113723386079073,0.020265521481633186,0.06938614696264267,0.32757893204689026,0.5,1.0,1.0
5,4490,25000,0.23509755730628967,0.3442281186580658,1.0259036287152412e-08,1.0,1.0259036287152412e-08,7.447788811987266e-05,0.0004451680579222739,0.0017636455595493317,0.006078345701098442,0.020338982343673706,0.06930027157068253,0.32781311869621277,0.5,1.0,1.0
5,4500,25000,0.235100656747818,0.34423378109931946,1.0359244129176659e-08,1.0,1.0359244129176659e-08,7.460505730705336e-05,0.000442828779341653,0.0017596319084987044,0.006068624090403318,0.02034488134086132,0.06929890066385269,0.3287334144115448,0.5,1.0,1.0
5,4510,25000,0.23514306545257568,0.3442385196685791,1.0530720295776064e-08,1.0,1.0530720295776064e-08,7.46600198908709e-05,0.00044386665103957057,0.001762115047313273,0.006114589050412178,0.020243212580680847,0.06960803270339966,0.3290371298789978,0.5,1.0,1.0
5,4520,25000,0.23517517745494843,0.3442360758781433,1.0706061814858003e-08,1.0,1.0706061814858003e-08,7.478097541024908e-05,0.00044419526238925755,0.0017737960442900658,0.006098708137869835,0.020304176956415176,0.06953006237745285,0.32985809445381165,0.5,1.0,1.0
5,4530,25000,0.23515865206718445,0.34425249695777893,1.0846239462125595e-08,1.0,1.0846239462125595e-08,7.397447916446254e-05,0.00044595528743229806,0.0017557404935359955,0.006081442814320326,0.020294930785894394,0.06931401789188385,0.32969868183135986,0.5,1.0,1.0
5,4540,25000,0.23516494035720825,0.34425193071365356,1.0508393266661642e-08,1.0,1.0508393266661642e-08,7.466692477464676e-05,0.00044252528459765017,0.0017554514342918992,0.006111059803515673,0.020290199667215347,0.06960263848304749,0.3283481299877167,0.5,1.0,1.0
5,4550,25000,0.23515956103801727,0.34424418210983276,1.0802454930569638e-08,1.0,1.0802454930569638e-08,7.430004916386679e-05,0.00044033635640516877,0.0017680326709523797,0.006127087865024805,0.02039770409464836,0.06914548575878143,0.3285714387893677,0.5,1.0,1.0
5,4560,25000,0.23510859906673431,0.3442215025424957,1.0033206265802619e-08,1.0,1.0033206265802619e-08,7.457366882590577e-05,0.0004424260987434536,0.001775514567270875,0.006082725245505571,0.020325016230344772,0.06936629116535187,0.32887664437294006,0.5,1.0,1.0
5,4570,25000,0.23519252240657806,0.34424084424972534,1.0859208643410057e-08,1.0,1.0859208643410057e-08,7.391402323264629e-05,0.00044447346590459347,0.0017648081993684173,0.006059505511075258,0.020297648385167122,0.06985858082771301,0.3294292092323303,0.5,1.0,1.0
5,4580,25000,0.23513460159301758,0.3442450761795044,1.104232882909173e-08,1.0,1.104232882909173e-08,7.38306698622182e-05,0.0004437508760020137,0.0017597730038687587,0.006098248064517975,0.02030525729060173,0.06963492184877396,0.328205406665802,0.5,1.0,1.0
5,4590,25000,0.23513734340667725,0.34423738718032837,1.0265281957799743e-08,1.0,1.0265281957799743e-08,7.459626067429781e-05,0.0004437480238266289,0.0017600529827177525,0.006114079616963863,0.020271996036171913,0.0694408267736435,0.3286937177181244,0.5,1.0,1.0
5,4600,25000,0.23512820899486542,0.3442266583442688,1.1183315606899669e-08,1.0,1.1183315606899669e-08,7.425290095852688e-05,0.00044242636067792773,0.0017689996166154742,0.0060468860901892185,0.020389001816511154,0.06965469568967819,0.3292660117149353,0.5,1.0,1.0
5,4610,25000,0.2351357787847519,0.3442515730857849,1.0672714267911942e-08,1.0,1.0672714267911942e-08,7.435337465722114e-05,0.00044585918658412993,0.001764617976732552,0.006064800079911947,0.020226096734404564,0.06953618675470352,0.3287106156349182,0.5,1.0,1.0
5,4620,25000,0.23511438071727753,0.34424224495887756,1.0300883701575003e-08,1.0,1.0300883701575003e-08,7.466269744327292e-05,0.0004419019096530974,0.0017737275920808315,0.006079886574298143,0.020280763506889343,0.06930384039878845,0.32774022221565247,0.5,1.0,1.0
5,4630,25000,0.23514562845230103,0.34425339102745056,1.0659418236969032e-08,1.0,1.0659418236969032e-08,7.45785073377192e-05,0.0004472114669624716,0.001770180300809443,0.006079322192817926,0.020213451236486435,0.06930597126483917,0.3271900415420532,0.5,1.0,1.0
5,4640,25000,0.23514695465564728,0.34421953558921814,1.0463261368443e-08,1.0,1.0463261368443e-08,7.38136368454434e-05,0.00044242831063456833,0.0017734149005264044,0.006118312943726778,0.020215826109051704,0.06952574104070663,0.3283182978630066,0.5,1.0,1.0
5,4650,25000,0.23510491847991943,0.34423279762268066,1.080200551228927e-08,1.0,1.080200551228927e-08,7.42553747841157e-05,0.000443551893113181,0.0017570541240274906,0.00608484074473381,0.020306117832660675,0.06936533004045486,0.3276016414165497,0.5,1.0,1.0
5,4660,25000,0.23514492809772491,0.34421372413635254,1.0804151351351265e-08,1.0,1.0804151351351265e-08,7.415737491101027e-05,0.000443225319031626,0.0017783468356356025,0.006077686790376902,0.02036440558731556,0.06957679986953735,0.32854026556015015,0.5,1.0,1.0
5,4670,25000,0.2350793182849884,0.3442431688308716,1.0871196387540749e-08,1.0,1.0871196387540749e-08,7.469712727470323e-05,0.00044123473344370723,0.0017690915847197175,0.006092975381761789,0.020272746682167053,0.06920862197875977,0.32730212807655334,0.5,1.0,1.0
5,4680,25000,0.23514729738235474,0.34422701597213745,1.0110958292841588e-08,1.0,1.0110958292841588e-08,7.476899190805852e-05,0.00044212487409822643,0.0017685823841020465,0.006097063422203064,0.020220890641212463,0.06916888803243637,0.32709670066833496,0.5,1.0,1.0
5,4690,25000,0.2351161390542984,0.34423577785491943,1.1393253451785768e-08,1.0,1.1393253451785768e-08,7.506844849558547e-05,0.00044153924682177603,0.0017675503622740507,0.006128878798335791,0.020383138209581375,0.06950411200523376,0.3293316066265106,0.5,1.0,1.0
5,4700,25000,0.23508690297603607,0.3442070186138153,1.015132244930328e-08,1.0,1.015132244930328e-08,7.441126217599958e-05,0.00044329414959065616,0.001758015714585781,0.006112473085522652,0.020217452198266983,0.06929261237382889,0.32688024640083313,0.5,1.0,1.0
5,4710,25000,0.23510028421878815,0.34421494603157043,1.1039712255467293e-08,1.0,1.1039712255467293e-08,7.501248910557479e-05,0.00044141392572782934,0.0017616244731470942,0.006074555218219757,0.020328186452388763,0.06921720504760742,0.32854264974594116,0.5,1.0,1.0
5,4720,25000,0.23508332669734955,0.3442050516605377,1.0101367742265666e-08,1.0,1.0101367742265666e-08,7.489730342058465e-05,0.00044179990072734654,0.0017630489310249686,0.006092917639762163,0.02032773569226265,0.06927035003900528,0.32786792516708374,0.5,1.0,1.0
5,4730,25000,0.23512442409992218,0.3442271947860718,1.104896441006531e-08,1.0,1.104896441006531e-08,7.499288767576218e-05,0.0004441030032467097,0.0017784417141228914,0.006118630990386009,0.020346537232398987,0.06934640556573868,0.3290146291255951,0.5,1.0,1.0
5,4740,25000,0.23510916531085968,0.3442690670490265,1.1100780739070615e-08,1.0,1.1100780739070615e-08,7.438738248310983e-05,0.0004402647027745843,0.0017681680619716644,0.006086638662964106,0.020353347063064575,0.06930741667747498,0.3259662091732025,0.5,1.0,1.0
5,4750,25000,0.23514629900455475,0.3442572057247162,1.0644625625388926e-08,1.0,1.0644625625388926e-08,7.445430674124509e-05,0.0004423511272761971,0.0017708223313093185,0.006139862816780806,0.02025524340569973,0.06935290992259979,0.328890860080719,0.5,1.0,1.0
5,4760,25000,0.23511850833892822,0.3442457616329193,1.0632218661044135e-08,1.0,1.0632218661044135e-08,7.457931496901438e-05,0.000442334683611989,0.0017805685056373477,0.0060782781802117825,0.020241938531398773,0.06943702697753906,0.3287080228328705,0.5,1.0,1.0
5,4770,25000,0.235121488571167,0.3442564308643341,1.116408743229158e-08,1.0,1.116408743229158e-08,7.478918269043788e-05,0.000444226578110829,0.0017615897813811898,0.006074521224945784,0.02035052701830864,0.0697251558303833,0.32776176929473877,0.5,1.0,1.0
5,4780,25000,0.23516049981117249,0.34426674246788025,1.0471593370198207e-08,1.0,1.0471593370198207e-08,7.414045103359967e-05,0.0004438839678186923,0.0017626353073865175,0.006087651010602713,0.020379677414894104,0.0693274587392807,0.3290160596370697,0.5,1.0,1.0
5,4790,25000,0.23513463139533997,0.3442630171775818,1.0374358261344696e-08,1.0,1.0374358261344696e-08,7.450302655342966e-05,0.00043947729864157736,0.001770842936821282,0.006041977554559708,0.020311377942562103,0.06926639378070831,0.3300151526927948,0.5,1.0,1.0
5,4800,25000,0.23508363962173462,0.3442290425300598,1.0346346890344194e-08,1.0,1.0346346890344194e-08,7.44569770176895e-05,0.0004418145399540663,0.0017705520149320364,0.006082712206989527,0.02025900036096573,0.06927952915430069,0.32796764373779297,0.5,1.0,1.0
5,4810,25000,0.2350602149963379,0.34421825408935547,1.0941925587815149e-08,1.0,1.0941925587815149e-08,7.448290125466883e-05,0.00044184166472405195,0.0017729273531585932,0.00610032444819808,0.020344434306025505,0.06943114101886749,0.326442688703537,0.5,1.0,1.0
5,4820,25000,0.23516514897346497,0.3442676067352295,1.0431707053726313e-08,1.0,1.0431707053726313e-08,7.46606383472681e-05,0.00044067922863177955,0.0017679546726867557,0.0061238547787070274,0.020197056233882904,0.06923989206552505,0.3294007480144501,0.5,1.0,1.0
5,4830,25000,0.23508994281291962,0.3442426323890686,1.0345896583885406e-08,1.0,1.0345896583885406e-08,7.478033512597904e-05,0.0004443518409971148,0.0017750740516930819,0.0060884105041623116,0.02027088962495327,0.06941141188144684,0.328437477350235,0.5,1.0,1.0
5,4840,25000,0.23509415984153748,0.34421032667160034,1.0975160336101908e-08,1.0,1.0975160336101908e-08,7.432547135977075e-05,0.0004460404743440449,0.0017664582701399922,0.006087836343795061,0.020392347127199173,0.06963472068309784,0.32710957527160645,0.5,1.0,1.0
5,4850,25000,0.23515762388706207,0.3442612588405609,1.0592110299967317e-08,1.0,1.0592110299967317e-08,7.468373951269314e-05,0.00044267691555432975,0.0017774272710084915,0.0061206030659377575,0.020418334752321243,0.06884399801492691,0.3267107605934143,0.5,1.0,1.0
5,4860,25000,0.23513926565647125,0.34425249695777893,1.0586779453092277e-08,1.0,1.0586779453092277e-08,7.402096525765955e-05,0.00044050885480828583,0.0017592607764527202,0.006077425088733435,0.020370004698634148,0.06935053318738937,0.3276134133338928,0.5,1.0,1.0
5,4870,25000,0.23513557016849518,0.344256192445755,1.108091929324928e-08,1.0,1.108091929324928e-08,7.475650636479259e-05,0.0004426712403073907,0.0017685620114207268,0.006110405549407005,0.02031370997428894,0.06934906542301178,0.32709357142448425,0.5,1.0,1.0
5,4880,25000,0.23514877259731293,0.34422197937965393,1.0798410166046324e-08,1.0,1.0798410166046324e-08,7.46933656046167e-05,0.00044159809476695955,0.0017686072969809175,0.006103483494371176,0.020431004464626312,0.06961115449666977,0.32814303040504456,0.5,1.0,1.0
5,4890,25000,0.23515284061431885,0.3442596197128296,1.1477697015038757e-08,1.0,1.1477697015038757e-08,7.381555769825354e-05,0.0004418883181642741,0.0017492175102233887,0.0060523273423314095,0.020155835896730423,0.06917282193899155,0.3279206156730652,0.5,1.0,1.0
5,4900,25000,0.23513121902942657,0.3442549407482147,1.0788983928478046e-08,1.0,1.0788983928478046e-08,7.495339377783239e-05,0.00044361918116919696,0.001774771953932941,0.006069152615964413,0.020353980362415314,0.06932837516069412,0.32785269618034363,0.5,1.0,1.0
5,4910,25000,0.2351420372724533,0.34424442052841187,1.1631867025130305e-08,1.0,1.1631867025130305e-08,7.443930371664464e-05,0.0004449328116606921,0.0017633875831961632,0.006089866627007723,0.020376181229948997,0.06979291886091232,0.3266250193119049,0.5,1.0,1.0
5,4920,25000,0.23509885370731354,0.3442254662513733,1.1658422671700919e-08,1.0,1.1658422671700919e-08,7.506678230129182e-05,0.0004443117359187454,0.001774274162016809,0.006087821908295155,0.02028496190905571,0.06926717609167099,0.3289458751678467,0.5,1.0,1.0
5,4930,25000,0.23513542115688324,0.3442499041557312,1.0528967919753995e-08,1.0,1.0528967919753995e-08,7.440236367983744e-05,0.0004387810768093914,0.0017662494210526347,0.006081535015255213,0.020406018942594528,0.06983284652233124,0.32639947533607483,0.5,1.0,1.0
5,4940,25000,0.23516468703746796,0.34425219893455505,1.0699033659022916e-08,1.0,1.0699033659022916e-08,7.456201274180785e-05,0.0004414009163156152,0.0017666544299572706,0.006076827645301819,0.02032323181629181,0.06945601105690002,0.3290879726409912,0.5,1.0,1.0
5,4950,25000,0.23511633276939392,0.3442672789096832,1.096810553491423e-08,1.0,1.096810553491423e-08,7.404097414109856e-05,0.00044492734014056623,0.001766342669725418,0.006119918543845415,0.02020951732993126,0.06947684288024902,0.3293638527393341,0.5,1.0,1.0
5,4960,25000,0.23504649102687836,0.3442172408103943,1.0805496053478691e-08,1.0,1.0805496053478691e-08,7.458269828930497e-05,0.00044265802716836333,0.0017747431993484497,0.006078897975385189,0.020314529538154602,0.06940057128667831,0.3276868164539337,0.5,1.0,1.0
5,4970,25000,0.235088050365448,0.3442346751689911,1.1284699397151599e-08,1.0,1.1284699397151599e-08,7.427031232509762e-05,0.00044312496902421117,0.0017689543310552835,0.006071107927709818,0.020350337028503418,0.06943686306476593,0.32670435309410095,0.5,1.0,1.0
5,4980,25000,0.2351161688566208,0.3442266285419464,1.0702986052990582e-08,1.0,1.0702986052990582e-08,7.496449688915163e-05,0.00044165231520310044,0.001767285750247538,0.006092417053878307,0.020380638539791107,0.06943095475435257,0.3285151720046997,0.5,1.0,1.0
5,4990,25000,0.23510205745697021,0.34424635767936707,1.05003437056439e-08,1.0,1.05003437056439e-08,7.489699055440724e-05,0.0004433048889040947,0.0017612286610528827,0.006089456845074892,0.020296664908528328,0.0696774274110794,0.32845339179039,0.5,1.0,1.0
5,5000,25000,0.23511341214179993,0.34422335028648376,1.0492835933462175e-08,1.0,1.0492835933462175e-08,7.460591587005183e-05,0.0004398683668114245,0.0017629272770136595,0.006064338143914938,0.020327579230070114,0.06944555044174194,0.32866185903549194,0.5,1.0,1.0
5,5010,25000,0.2351285219192505,0.3442223072052002,1.1481454897932508e-08,1.0,1.1481454897932508e-08,7.394047861453146e-05,0.0004402095510158688,0.0017791868885979056,0.006132578011602163,0.020413843914866447,0.06966105103492737,0.32898664474487305,0.5,1.0,1.0
5,5020,25000,0.2351188063621521,0.34424132108688354,1.0511720383021839e-08,1.0,1.0511720383021839e-08,7.45879442547448e-05,0.00044248392805457115,0.0017722584307193756,0.0060698422603309155,0.02026938460767269,0.06942503154277802,0.3273851275444031,0.5,1.0,1.0
5,5030,25000,0.23514395952224731,0.3442595601081848,1.1425330015413238e-08,1.0,1.1425330015413238e-08,7.482415094273165e-05,0.00044073877506889403,0.0017612319206818938,0.0060747964307665825,0.020274139940738678,0.06944048404693604,0.32816725969314575,0.5,1.0,1.0
5,5040,25000,0.23517106473445892,0.34424281120300293,1.0296369090667667e-08,1.0,1.0296369090667667e-08,7.44471326470375e-05,0.0004410692199598998,0.001771555165760219,0.006089101079851389,0.02042698860168457,0.06947699189186096,0.32993659377098083,0.5,1.0,1.0
5,5050,25000,0.23511818051338196,0.34425458312034607,1.0280192697109669e-08,1.0,1.0280192697109669e-08,7.401357288472354e-05,0.000444949371740222,0.0017596830148249865,0.006078767590224743,0.020286545157432556,0.06966786831617355,0.32820379734039307,0.5,1.0,1.0
5,5060,25000,0.2350544035434723,0.34421810507774353,1.0514434656272442e-08,1.0,1.0514434656272442e-08,7.410040416289121e-05,0.0004419382312335074,0.0017707922961562872,0.0061081708408892155,0.020315352827310562,0.06907772272825241,0.32720136642456055,0.5,1.0,1.0
5,5070,25000,0.23504813015460968,0.3442196547985077,1.0662864369237468e-08,1.0,1.0662864369237468e-08,7.407803786918521e-05,0.000441172654973343,0.0017682749312371016,0.006068277172744274,0.020144663751125336,0.069039486348629,0.32773077487945557,0.5,1.0,1.0
5,5080,25000,0.23509708046913147,0.3442550301551819,1.0558055762999174e-08,1.0,1.0558055762999174e-08,7.473633013432845e-05,0.00044425466330721974,0.0017658224096521735,0.00608474388718605,0.020377857610583305,0.06903258711099625,0.32785362005233765,0.5,1.0,1.0
5,5090,25000,0.23516586422920227,0.3442520797252655,1.0909528391778167e-08,1.0,1.0909528391778167e-08,7.484471279894933e-05,0.00044555612839758396,0.0017742018681019545,0.006067263428121805,0.02029113844037056,0.06950676441192627,0.3292025029659271,0.5,1.0,1.0
5,5100,25000,0.23513337969779968,0.3442564010620117,1.0844332543058499e-08,1.0,1.0844332543058499e-08,7.452632416971028e-05,0.00044326530769467354,0.001771481242030859,0.00609730277210474,0.020167866721749306,0.06903435289859772,0.3291293978691101,0.5,1.0,1.0
5,5110,25000,0.23509275913238525,0.3442494571208954,1.0444633602446629e-08,1.0,1.0444633602446629e-08,7.465872477041557e-05,0.0004444023943506181,0.0017712065018713474,0.006073439493775368,0.020307086408138275,0.06920593976974487,0.32710254192352295,0.5,1.0,1.0
5,5120,25000,0.23512396216392517,0.34425023198127747,1.085149570201338e-08,1.0,1.085149570201338e-08,7.475182792404667e-05,0.0004447905230335891,0.0017592748627066612,0.006111782509833574,0.020390871912240982,0.06957598030567169,0.3282369375228882,0.5,1.0,1.0
5,5130,25000,0.23516204953193665,0.3442586660385132,1.057729104303462e-08,1.0,1.057729104303462e-08,7.471043500117958e-05,0.0004441641503944993,0.001766692497767508,0.00609792722389102,0.020304419100284576,0.06929133832454681,0.3279063403606415,0.5,1.0,1.0
5,5140,25000,0.23511916399002075,0.34423139691352844,1.0984954279535941e-08,1.0,1.0984954279535941e-08,7.433485006913543e-05,0.0004423902428243309,0.0017657949356362224,0.0060605923645198345,0.020361848175525665,0.06979112327098846,0.32840263843536377,0.5,1.0,1.0
5,5150,25000,0.23515266180038452,0.3442283272743225,1.0868270727826257e-08,1.0,1.0868270727826257e-08,7.50565086491406e-05,0.0004416521405801177,0.0017618375131860375,0.006129064131528139,0.020416749641299248,0.0695466622710228,0.3285919427871704,0.5,1.0,1.0
5,5160,25000,0.23508913815021515,0.34424057602882385,1.0759515056690816e-08,1.0,1.0759515056690816e-08,7.499081402784213e-05,0.00044245703611522913,0.001771136885508895,0.006117640063166618,0.020325224846601486,0.06966575235128403,0.3292067050933838,0.5,1.0,1.0
5,5170,25000,0.23509177565574646,0.34424641728401184,1.0577189790694774e-08,1.0,1.0577189790694774e-08,7.495686440961435e-05,0.00044251367216929793,0.0017565821763128042,0.006094100419431925,0.02028791420161724,0.06941390782594681,0.32725954055786133,0.5,1.0,1.0
5,5180,25000,0.2351929396390915,0.3442453444004059,1.0451064902383678e-08,1.0,1.0451064902383678e-08,7.459936023224145e-05,0.00044280619476921856,0.001768234884366393,0.0060899206437170506,0.02033115178346634,0.06965869665145874,0.3288627564907074,0.5,1.0,1.0
5,5190,25000,0.23510119318962097,0.34425491094589233,1.043438224712645e-08,1.0,1.043438224712645e-08,7.399615424219519e-05,0.00043957828893326223,0.001761193503625691,0.006105585023760796,0.02023288421332836,0.0692053958773613,0.32985663414001465,0.5,1.0,1.0
5,5200,25000,0.23514585196971893,0.3442458212375641,1.1161150226257632e-08,1.0,1.1161150226257632e-08,7.340336742345244e-05,0.0004465176025405526,0.0017679260345175862,0.006076934281736612,0.020430561155080795,0.06935453414916992,0.3280735909938812,0.5,1.0,1.0
5,5210,25000,0.2351451814174652,0.34427446126937866,1.0925354843038804e-08,1.0,1.0925354843038804e-08,7.43675118428655e-05,0.00044364199857227504,0.00176625803578645,0.0060697682201862335,0.020382771268486977,0.06938119232654572,0.3293197751045227,0.5,1.0,1.0
5,5220,25000,0.23514395952224731,0.3442552089691162,1.0639116254651526e-08,1.0,1.0639116254651526e-08,7.394910062430426e-05,0.000441370444605127,0.0017825951799750328,0.006102484185248613,0.020187759771943092,0.06959643214941025,0.3268555998802185,0.5,1.0,1.0
5,5230,25000,0.2351791113615036,0.34425708651542664,1.0390290405837277e-08,1.0,1.0390290405837277e-08,7.438896136591211e-05,0.0004456535098142922,0.0017600801074877381,0.006094730459153652,0.020393691956996918,0.06947792321443558,0.32849225401878357,0.5,1.0,1.0
5,5240,25000,0.23512355983257294,0.34424906969070435,1.0289801899432405e-08,1.0,1.0289801899432405e-08,7.521011139033362e-05,0.00044296676060184836,0.0017639840953052044,0.006075526122003794,0.0203165952116251,0.06911902129650116,0.3272121250629425,0.5,1.0,1.0
5,5250,25000,0.23511385917663574,0.34420761466026306,1.0630243352238722e-08,1.0,1.0630243352238722e-08,7.403500785585493e-05,0.00044150877511128783,0.0017755632288753986,0.006109736394137144,0.020145408809185028,0.06946596503257751,0.32754942774772644,0.5,1.0,1.0
5,5260,25000,0.2351408302783966,0.3442467749118805,1.0491684854230243e-08,1.0,1.0491684854230243e-08,7.445405935868621e-05,0.0004440231714397669,0.001774616539478302,0.006083501968532801,0.0201874952763319,0.0694408193230629,0.32907456159591675,0.5,1.0,1.0
5,5270,25000,0.2351854145526886,0.3442683517932892,1.141649441649406e-08,1.0,1.141649441649406e-08,7.432667189277709e-05,0.00044508386054076254,0.001768343965522945,0.006121182348579168,0.02037518098950386,0.06947913020849228,0.32796263694763184,0.5,1.0,1.0
5,5280,25000,0.2351105660200119,0.3442522883415222,1.0742866152213537e-08,1.0,1.0742866152213537e-08,7.483035733457655e-05,0.00044397381134331226,0.0017600218998268247,0.006115258671343327,0.020335562527179718,0.0693795308470726,0.3270438313484192,0.5,1.0,1.0
5,5290,25000,0.23514926433563232,0.34426170587539673,1.1275681721656383e-08,1.0,1.1275681721656383e-08,7.470996206393465e-05,0.0004413001879584044,0.001767459325492382,0.006134574767202139,0.02036542072892189,0.06922979652881622,0.32865583896636963,0.5,1.0,1.0
5,5300,25000,0.23510624468326569,0.34424111247062683,1.014492401196776e-08,1.0,1.014492401196776e-08,7.392328552668914e-05,0.0004449048137757927,0.0017690393142402172,0.006073764059692621,0.02020585909485817,0.06955525279045105,0.3278752863407135,0.5,1.0,1.0
5,5310,25000,0.2351498156785965,0.34424158930778503,1.1995261672836932e-08,1.0,1.1995261672836932e-08,7.485671085305512e-05,0.00044347712537273765,0.001763099804520607,0.006114102900028229,0.020322799682617188,0.06958647072315216,0.32902780175209045,0.5,1.0,1.0
5,5320,25000,0.2351570874452591,0.3442622721195221,1.0743172573768334e-08,1.0,1.0743172573768334e-08,7.464546069968492e-05,0.00044211806380189955,0.0017722741467878222,0.006104432046413422,0.02030361257493496,0.06933267414569855,0.32936596870422363,0.5,1.0,1.0
5,5330,25000,0.23515911400318146,0.3442509174346924,1.0931945126912979e-08,1.0,1.0931945126912979e-08,7.390454993583262e-05,0.0004426679224707186,0.001768201356753707,0.0060883318074047565,0.02038012631237507,0.0696028545498848,0.32897621393203735,0.5,1.0,1.0
5,5340,25000,0.23513521254062653,0.34424442052841187,1.1169366764818278e-08,1.0,1.1169366764818278e-08,7.431646372424439e-05,0.00044344327761791646,0.0017702485201880336,0.006099645979702473,0.020363641902804375,0.0693708211183548,0.3280774652957916,0.5,1.0,1.0
5,5350,25000,0.2351180911064148,0.3442372977733612,1.103901237087257e-08,1.0,1.103901237087257e-08,7.416997686959803e-05,0.00044358792365528643,0.001760881394147873,0.006101394072175026,0.020270269364118576,0.06968147307634354,0.32829442620277405,0.5,1.0,1.0
5,5360,25000,0.23514316976070404,0.3442579507827759,1.1699357926886478e-08,1.0,1.1699357926886478e-08,7.442392234224826e-05,0.0004418899479787797,0.0017666040221229196,0.006087426096200943,0.020382264629006386,0.06945986300706863,0.32744044065475464,0.5,1.0,1.0
5,5370,25000,0.23510129749774933,0.34422507882118225,1.1230271823592375e-08,1.0,1.1230271823592375e-08,7.465227827196941e-05,0.00044606326264329255,0.0017640064470469952,0.006075993180274963,0.020274121314287186,0.0692247822880745,0.328948050737381,0.5,1.0,1.0
5,5380,25000,0.2351667433977127,0.34425753355026245,1.0793230309502633e-08,1.0,1.0793230309502633e-08,7.422047929139808e-05,0.0004408497188705951,0.001763088977895677,0.0060995109379291534,0.020344769582152367,0.0696190819144249,0.33073580265045166,0.5,1.0,1.0
5,5390,25000,0.23508530855178833,0.34425339102745056,1.0911684888981199e-08,1.0,1.0911684888981199e-08,7.39411188988015e-05,0.0004405156651046127,0.0017786448588594794,0.006059984676539898,0.02037174440920353,0.06943167001008987,0.3259246051311493,0.5,1.0,1.0
5,5400,25000,0.23513583838939667,0.3442506790161133,1.101288660265709e-08,1.0,1.101288660265709e-08,7.447148527717218e-05,0.0004435649316292256,0.001764535321854055,0.006107190623879433,0.02038870006799698,0.0696425586938858,0.32784831523895264,0.5,1.0,1.0
5,5410,25000,0.23511721193790436,0.34425270557403564,1.1371026786832772e-08,1.0,1.1371026786832772e-08,7.451158307958394e-05,0.0004430284898262471,0.0017708074301481247,0.006076127290725708,0.02036770060658455,0.06932122260332108,0.3283829391002655,0.5,1.0,1.0
5,5420,25000,0.23508624732494354,0.34422728419303894,1.1158153512269564e-08,1.0,1.1158153512269564e-08,7.455641025444493e-05,0.00044402299681678414,0.0017702055629342794,0.006063912063837051,0.020335603505373,0.06972669810056686,0.3264763355255127,0.5,1.0,1.0
5,5430,25000,0.2351045310497284,0.3442496657371521,1.0582319909246962e-08,1.0,1.0582319909246962e-08,7.422053022310138e-05,0.0004422368947416544,0.0017709290841594338,0.00613257335498929,0.02022908814251423,0.06923473626375198,0.32751598954200745,0.5,1.0,1.0
5,5440,25000,0.2351381778717041,0.3442607522010803,1.1342169869976715e-08,1.0,1.1342169869976715e-08,7.446142262779176e-05,0.00044209693442098796,0.0017703199991956353,0.00610095402225852,0.020373880863189697,0.06960052996873856,0.32918208837509155,0.5,1.0,1.0
5,5450,25000,0.2350875288248062,0.3442206382751465,1.0613145917659494e-08,1.0,1.0613145917659494e-08,7.509779970860109e-05,0.00044310762314125896,0.0017574663506820798,0.006090404931455851,0.020327184349298477,0.06935840100049973,0.32724642753601074,0.5,1.0,1.0
5,5460,25000,0.23515935242176056,0.34427666664123535,1.10380353746109e-08,1.0,1.10380353746109e-08,7.449433906003833e-05,0.00044482710654847324,0.0017695417627692223,0.006063772365450859,0.020350627601146698,0.06924263387918472,0.3281143605709076,0.5,1.0,1.0
5,5470,25000,0.23509283363819122,0.3442096412181854,1.1297086821571156e-08,1.0,1.1297086821571156e-08,7.42361880838871e-05,0.00044050777796655893,0.001772307325154543,0.006131739355623722,0.02040715515613556,0.06897102296352386,0.32914191484451294,0.5,1.0,1.0
5,5480,25000,0.23509818315505981,0.34425514936447144,1.0917148074440775e-08,1.0,1.0917148074440775e-08,7.438409375026822e-05,0.00044481951044872403,0.0017727612284943461,0.006096638273447752,0.020383086055517197,0.06924612820148468,0.3286883533000946,0.5,1.0,1.0
5,5490,25000,0.23516187071800232,0.34427446126937866,1.0245447157331e-08,1.0,1.0245447157331e-08,7.456944149453193e-05,0.0004406619700603187,0.0017606401816010475,0.006069839000701904,0.020299138501286507,0.06939087063074112,0.3298295736312866,0.5,1.0,1.0
5,5500,25000,0.23513679206371307,0.3442537784576416,1.0326053789810885e-08,1.0,1.0326053789810885e-08,7.43910059100017e-05,0.0004436634771991521,0.0017653194954618812,0.006114748772233725,0.020305808633565903,0.06934323906898499,0.327614426612854,0.5,1.0,1.0
5,5510,25000,0.2351960986852646,0.34426262974739075,1.0913912440457807e-08,1.0,1.0913912440457807e-08,7.432274287566543e-05,0.0004434902220964432,0.001774935401044786,0.006093261297792196,0.020323852077126503,0.06960279494524002,0.3278339207172394,0.5,1.0,1.0
5,5520,25000,0.23512421548366547,0.3442631959915161,1.0427695151804528e-08,1.0,1.0427695151804528e-08,7.388759695459157e-05,0.0004432846908457577,0.0017687337240204215,0.006080674007534981,0.02039286307990551,0.06909409165382385,0.32969456911087036,0.5,1.0,1.0
5,5530,25000,0.2350938767194748,0.34423553943634033,1.0781911363721974e-08,1.0,1.0781911363721974e-08,7.462825305992737e-05,0.0004425146908033639,0.0017516984371468425,0.0060881394892930984,0.020281773060560226,0.06979599595069885,0.32848435640335083,0.5,1.0,1.0
5,5540,25000,0.235117107629776,0.34423744678497314,1.0717941201221493e-08,1.0,1.0717941201221493e-08,7.464356895070523e-05,0.0004436778835952282,0.0017632951494306326,0.006088765803724527,0.02026551216840744,0.06915809214115143,0.3273264467716217,0.5,1.0,1.0
5,5550,25000,0.23507505655288696,0.34421342611312866,1.0296912655860524e-08,1.0,1.0296912655860524e-08,7.510890281992033e-05,0.00044252281077206135,0.001761525752954185,0.006094205658882856,0.020272783935070038,0.0694187581539154,0.32847005128860474,0.5,1.0,1.0
5,5560,25000,0.23517371714115143,0.344278484582901,1.0777797321281923e-08,1.0,1.0777797321281923e-08,7.406189979519695e-05,0.00044074031757190824,0.0017696423456072807,0.006095192860811949,0.02026078850030899,0.0695226714015007,0.32805135846138,0.5,1.0,1.0
5,5570,25000,0.2351134568452835,0.3442342281341553,1.0402151140453952e-08,1.0,1.0402151140453952e-08,7.449663826264441e-05,0.0004439688054844737,0.0017623229650780559,0.006109134294092655,0.020309459418058395,0.0693492516875267,0.3273965120315552,0.5,1.0,1.0
5,5580,25000,0.23512780666351318,0.34424033761024475,1.0740105693685109e-08,1.0,1.0740105693685109e-08,7.445843948516995e-05,0.000442666671006009,0.0017584734596312046,0.006122858263552189,0.0202166810631752,0.06952738016843796,0.3290005326271057,0.5,1.0,1.0
5,5590,25000,0.23522083461284637,0.34428536891937256,1.1285012035955333e-08,1.0,1.1285012035955333e-08,7.427438686136156e-05,0.0004416429146658629,0.001763256499543786,0.006097383797168732,0.020332492887973785,0.06916656345129013,0.32958126068115234,0.5,1.0,1.0
5,5600,25000,0.23511554300785065,0.34424707293510437,1.0343562450998434e-08,1.0,1.0343562450998434e-08,7.438352622557431e-05,0.00044609603355638683,0.0017567540053278208,0.0061372132040560246,0.020465277135372162,0.06912057101726532,0.32824355363845825,0.5,1.0,1.0
5,5610,25000,0.23512807488441467,0.3442378342151642,1.082273914931875e-08,1.0,1.082273914931875e-08,7.444193761330098e-05,0.0004412396519910544,0.001759941573254764,0.006077166181057692,0.020227007567882538,0.06956371665000916,0.3288188576698303,0.5,1.0,1.0
5,5620,25000,0.2351592630147934,0.34424179792404175,1.03636237369642e-08,1.0,1.03636237369642e-08,7.495855970773846e-05,0.00044317590072751045,0.0017789233243092895,0.006106732413172722,0.020305629819631577,0.06937376409769058,0.3288721740245819,0.5,1.0,1.0
5,5630,25000,0.23508411645889282,0.34423887729644775,1.1088901352707126e-08,1.0,1.1088901352707126e-08,7.468875264748931e-05,0.000438531453255564,0.0017660764278843999,0.006095919758081436,0.0202485341578722,0.0693899616599083,0.32823365926742554,0.5,1.0,1.0
5,5640,25000,0.23513832688331604,0.3442249000072479,1.0379185511055766e-08,1.0,1.0379185511055766e-08,7.390672544715926e-05,0.0004416721349116415,0.001774741685949266,0.006068805698305368,0.020369935780763626,0.06950110197067261,0.32849860191345215,0.5,1.0,1.0
5,5650,25000,0.23506031930446625,0.34424853324890137,1.0235798875157798e-08,1.0,1.0235798875157798e-08,7.510228169849142e-05,0.000443825323600322,0.0017644453328102827,0.006113289389759302,0.020416919142007828,0.0693749189376831,0.32713583111763,0.5,1.0,1.0
5,5660,25000,0.23514078557491302,0.34425294399261475,1.0561813645892926e-08,1.0,1.0561813645892926e-08,7.459465268766508e-05,0.00044352299300953746,0.001764951040968299,0.0060832626186311245,0.020245354622602463,0.06883908808231354,0.3294649124145508,0.5,1.0,1.0
5,5670,25000,0.23514500260353088,0.3442457616329193,1.0695305974195435e-08,1.0,1.0695305974195435e-08,7.454193837475032e-05,0.0004423063946887851,0.0017585203750059009,0.006065000779926777,0.020352300256490707,0.06997134536504745,0.32932406663894653,0.5,1.0,1.0
5,5680,25000,0.23512554168701172,0.344226211309433,1.0398334637784501e-08,1.0,1.0398334637784501e-08,7.465203088941053e-05,0.0004399577446747571,0.0017542846035212278,0.006098201498389244,0.020286470651626587,0.0694969967007637,0.32991883158683777,0.5,1.0,1.0
5,5690,25000,0.23513096570968628,0.3442528545856476,1.068190158548532e-08,1.0,1.068190158548532e-08,7.45423894841224e-05,0.00044242432340979576,0.0017735263099893928,0.0061116269789636135,0.020284131169319153,0.06928635388612747,0.32752886414527893,0.5,1.0,1.0
5,5700,25000,0.23509986698627472,0.3442131578922272,1.0378619741402417e-08,1.0,1.0378619741402417e-08,7.452468707924709e-05,0.00043816279503516853,0.0017557188402861357,0.006078628357499838,0.020337974652647972,0.06935125589370728,0.3275126814842224,0.5,1.0,1.0
5,5710,25000,0.23512789607048035,0.344232976436615,1.1582291570277903e-08,1.0,1.1582291570277903e-08,7.42950796848163e-05,0.0004390155663713813,0.0017674327827990055,0.0061000376008450985,0.020330920815467834,0.06962034106254578,0.3282175064086914,0.5,1.0,1.0
5,5720,25000,0.2351142168045044,0.344245582818985,1.0967302621622821e-08,1.0,1.0967302621622821e-08,7.485039532184601e-05,0.00044140982208773494,0.0017704644706100225,0.006113464944064617,0.020274855196475983,0.06935524195432663,0.3286915123462677,0.5,1.0,1.0
5,5730,25000,0.23514734208583832,0.34424927830696106,1.0635042180240362e-08,1.0,1.0635042180240362e-08,7.461845234502107e-05,0.0004411933769006282,0.0017621215665712953,0.0060883075930178165,0.0203220397233963,0.06933955103158951,0.32888609170913696,0.5,1.0,1.0
5,5740,25000,0.23506908118724823,0.34424126148223877,1.154275963699547e-08,1.0,1.154275963699547e-08,7.508707494707778e-05,0.00044228872866369784,0.001759657054208219,0.006088627967983484,0.020316503942012787,0.06954144686460495,0.32771554589271545,0.5,1.0,1.0
5,5750,25000,0.23512312769889832,0.3442506790161133,1.0901993086065431e-08,1.0,1.0901993086065431e-08,7.396584987873212e-05,0.00044555231579579413,0.001772058429196477,0.006123046390712261,0.020345494151115417,0.06940329819917679,0.3290378451347351,0.5,1.0,1.0
5,5760,25000,0.2351175993680954,0.3442470133304596,1.0870974342935824e-08,1.0,1.0870974342935824e-08,7.489419658668339e-05,0.00044119730591773987,0.001760887331329286,0.006074097938835621,0.02034841850399971,0.06951766461133957,0.32882583141326904,0.5,1.0,1.0
5,5770,25000,0.23516841232776642,0.3442539870738983,1.0315709175756638e-08,1.0,1.0315709175756638e-08,7.410633406834677e-05,0.0004433901631273329,0.0017717182636260986,0.006095205433666706,0.02033308520913124,0.06960529834032059,0.32873499393463135,0.5,1.0,1.0
5,5780,25000,0.23519161343574524,0.34425869584083557,1.0663878668992766e-08,1.0,1.0663878668992766e-08,7.450948032783344e-05,0.000442798831500113,0.0017734331777319312,0.00609718868508935,0.020388461649417877,0.06973882764577866,0.3289802074432373,0.5,1.0,1.0
5,5790,25000,0.23520570993423462,0.34425491094589233,1.0557423379964348e-08,1.0,1.0557423379964348e-08,7.422173075610772e-05,0.0004423413483891636,0.0017676372081041336,0.0061142961494624615,0.020355217158794403,0.06951677799224854,0.3292370140552521,0.5,1.0,1.0
5,5800,25000,0.2351437211036682,0.34424734115600586,1.0814311224294215e-08,1.0,1.0814311224294215e-08,7.455174636561424e-05,0.0004438783507794142,0.0017640424193814397,0.006096509285271168,0.02040454000234604,0.06950084865093231,0.3294759690761566,0.5,1.0,1.0
5,5810,25000,0.23515215516090393,0.34426233172416687,1.0981597853287894e-08,1.0,1.0981597853287894e-08,7.401107723126188e-05,0.0004451495478861034,0.0017576026730239391,0.0060826437547802925,0.020352322608232498,0.06944209337234497,0.3293145000934601,0.5,1.0,1.0
5,5820,25000,0.2350950986146927,0.344230979681015,1.0964272156854804e-08,1.0,1.0964272156854804e-08,7.458545587724075e-05,0.0004434940929058939,0.0017650005174800754,0.006065706256777048,0.020333852618932724,0.06917271763086319,0.32795101404190063,0.5,1.0,1.0
5,5830,25000,0.23512254655361176,0.34421902894973755,1.0797577942867065e-08,1.0,1.0797577942867065e-08,7.514701428590342e-05,0.00044526372221298516,0.001762059167958796,0.00613081268966198,0.020452037453651428,0.06954317539930344,0.3284814953804016,0.5,1.0,1.0
5,5840,25000,0.23516708612442017,0.3442409038543701,1.0918899562284423e-08,1.0,1.0918899562284423e-08,7.427098898915574e-05,0.00044095932389609516,0.0017739164177328348,0.006108952686190605,0.02033502608537674,0.06956428289413452,0.3292430639266968,0.5,1.0,1.0
5,5850,25000,0.23512674868106842,0.34422579407691956,1.0223375923601452e-08,1.0,1.0223375923601452e-08,7.386357174254954e-05,0.0004423610516823828,0.0017627140041440725,0.006139221601188183,0.02043321169912815,0.06933547556400299,0.32795366644859314,0.5,1.0,1.0
5,5860,25000,0.23514966666698456,0.34425315260887146,1.0736322941795606e-08,1.0,1.0736322941795606e-08,7.469838601537049e-05,0.00044224379234947264,0.0017553052166476846,0.006091079208999872,0.02033761702477932,0.06960457563400269,0.3288559317588806,0.5,1.0,1.0
5,5870,25000,0.23512955009937286,0.34420254826545715,1.0533272920554282e-08,1.0,1.0533272920554282e-08,7.41698095225729e-05,0.0004413773422129452,0.0017681005410850048,0.006114361807703972,0.02032816782593727,0.0696972981095314,0.3287990689277649,0.5,1.0,1.0
5,5880,25000,0.23514200747013092,0.3442400097846985,1.0242142245431296e-08,1.0,1.0242142245431296e-08,7.420789188472554e-05,0.0004401428741402924,0.0017629391513764858,0.006114085670560598,0.020284656435251236,0.06943975389003754,0.3276351988315582,0.5,1.0,1.0
5,5890,25000,0.23510083556175232,0.3442303538322449,1.071063238100578e-08,1.0,1.071063238100578e-08,7.443549111485481e-05,0.000440815492765978,0.001770980074070394,0.0060953665524721146,0.02040516957640648,0.06926432251930237,0.32874125242233276,0.5,1.0,1.0
5,5900,25000,0.23515141010284424,0.3442719578742981,1.0197891420204996e-08,1.0,1.0197891420204996e-08,7.46481673559174e-05,0.0004444012010935694,0.001762943691574037,0.006121817510575056,0.020275920629501343,0.06951374560594559,0.32891377806663513,0.5,1.0,1.0
5,5910,25000,0.23515057563781738,0.3442499339580536,1.0227874547297233e-08,1.0,1.0227874547297233e-08,7.469618140021339e-05,0.0004442053905222565,0.0017668729415163398,0.006084672175347805,0.02029387652873993,0.0694393515586853,0.32963237166404724,0.5,1.0,1.0
5,5920,25000,0.23515234887599945,0.34426334500312805,1.1110646624956644e-08,1.0,1.1110646624956644e-08,7.518873462686315e-05,0.0004420176555868238,0.0017613547388464212,0.006073715630918741,0.020333554595708847,0.06933370232582092,0.32877394556999207,0.5,1.0,1.0
5,5930,25000,0.23517785966396332,0.3442562222480774,1.0485957879780017e-08,1.0,1.0485957879780017e-08,7.449310214724392e-05,0.0004437389725353569,0.0017639790894463658,0.006088202353566885,0.020463120192289352,0.06952095031738281,0.3303191661834717,0.5,1.0,1.0
5,5940,25000,0.2351420372724533,0.34427016973495483,1.1004690492200098e-08,1.0,1.1004690492200098e-08,7.470831769751385e-05,0.000440992385847494,0.0017674034461379051,0.0061500705778598785,0.02030949294567108,0.06954994797706604,0.3288023769855499,0.5,1.0,1.0
5,5950,25000,0.2351141721010208,0.34423503279685974,1.0993174370810266e-08,1.0,1.0993174370810266e-08,7.451177225448191e-05,0.0004420893674250692,0.0017652015667408705,0.006067840848118067,0.02019350230693817,0.06996235996484756,0.329217791557312,0.5,1.0,1.0
5,5960,25000,0.23518802225589752,0.3442569077014923,1.1540985944691329e-08,1.0,1.1540985944691329e-08,7.404208008665591e-05,0.00044433018774725497,0.0017832248704507947,0.006079661659896374,0.020419355481863022,0.06959446519613266,0.32847511768341064,0.5,1.0,1.0
5,5970,25000,0.23510512709617615,0.34425294399261475,1.0441201681032908e-08,1.0,1.0441201681032908e-08,7.405949145322666e-05,0.0004431606503203511,0.0017673627007752657,0.006114519201219082,0.02034573070704937,0.06923422962427139,0.3268648087978363,0.5,1.0,1.0
5,5980,25000,0.23512150347232819,0.34429311752319336,1.0046970366772712e-08,1.0,1.0046970366772712e-08,7.458154868800193e-05,0.0004448884865269065,0.0017713060369715095,0.006070113740861416,0.020302601158618927,0.06944647431373596,0.32727354764938354,0.5,1.0,1.0
5,5990,25000,0.23512253165245056,0.34424763917922974,1.0529798366576415e-08,1.0,1.0529798366576415e-08,7.444484799634665e-05,0.00044495551264844835,0.0017589431954547763,0.006129988934844732,0.0202798992395401,0.0697202980518341,0.329645037651062,0.5,1.0,1.0
5,6000,25000,0.23510317504405975,0.34424787759780884,1.0046937504171183e-08,1.0,1.0046937504171183e-08,7.454642764059827e-05,0.00044202120625413954,0.0017691211542114615,0.006090720184147358,0.020332686603069305,0.06946350634098053,0.32746028900146484,0.5,1.0,1.0
5,6010,25000,0.23517270386219025,0.3442345857620239,1.0274638917451284e-08,1.0,1.0274638917451284e-08,7.431412814185023e-05,0.00044517783680930734,0.0017663574544712901,0.006081874947994947,0.02035600319504738,0.06944619864225388,0.3295783996582031,0.5,1.0,1.0
5,6020,25000,0.2350861132144928,0.34423625469207764,1.0225553737086557e-08,1.0,1.0225553737086557e-08,7.447475945809856e-05,0.00044225199962966144,0.001764671760611236,0.0060819960199296474,0.02025667205452919,0.06912016868591309,0.3289077877998352,0.5,1.0,1.0
5,6030,25000,0.23513494431972504,0.34426799416542053,1.0231842040298034e-08,1.0,1.0231842040298034e-08,7.398163143079728e-05,0.0004418825265020132,0.0017674978589639068,0.0060598221607506275,0.020330291241407394,0.06907980889081955,0.3293519914150238,0.5,1.0,1.0
5,6040,25000,0.23510104417800903,0.3442637324333191,1.0599809030509277e-08,1.0,1.0599809030509277e-08,7.388836093014106e-05,0.000443516910308972,0.0017705418867990375,0.006087887566536665,0.02020384557545185,0.06911783665418625,0.32790592312812805,0.5,1.0,1.0
5,6050,25000,0.2350509613752365,0.34424877166748047,1.1535189692324366e-08,1.0,1.1535189692324366e-08,7.396187720587477e-05,0.0004438070172909647,0.0017640352016314864,0.006077121011912823,0.020271893590688705,0.0691840797662735,0.32684803009033203,0.5,1.0,1.0
5,6060,25000,0.2351161241531372,0.3442368507385254,1.0953939977298432e-08,1.0,1.0953939977298432e-08,7.416690641548485e-05,0.00044843426439911127,0.0017674221890047193,0.006058504339307547,0.020362917333841324,0.06954585015773773,0.3281044065952301,0.5,1.0,1.0
5,6070,25000,0.23514702916145325,0.3442528545856476,1.1148127754267989e-08,1.0,1.1148127754267989e-08,7.44452845538035e-05,0.0004420470504555851,0.0017557180253788829,0.006077474914491177,0.020383162423968315,0.06932463496923447,0.3288114368915558,0.5,1.0,1.0
5,6080,25000,0.2351379692554474,0.34425273537635803,1.0381047133023458e-08,1.0,1.0381047133023458e-08,7.432860729750246e-05,0.00044272938976064324,0.0017568219918757677,0.006103597581386566,0.020294005051255226,0.06956785172224045,0.3288269639015198,0.5,1.0,1.0
5,6090,25000,0.2351747453212738,0.3442367911338806,1.025463181036912e-08,1.0,1.025463181036912e-08,7.455483137164265e-05,0.0004421683552209288,0.0017651870148256421,0.006093839183449745,0.020388484001159668,0.0696418434381485,0.3296230733394623,0.5,1.0,1.0
5,6100,25000,0.23514999449253082,0.3442266285419464,1.0239666003997172e-08,1.0,1.0239666003997172e-08,7.398697198368609e-05,0.00044551020255312324,0.0017690927488729358,0.006129538174718618,0.020279519259929657,0.06950924545526505,0.32839709520339966,0.5,1.0,1.0
5,6110,25000,0.23514090478420258,0.344208300113678,1.1082275541696163e-08,1.0,1.1082275541696163e-08,7.456901948899031e-05,0.00044159762910567224,0.0017695341957733035,0.0060922931879758835,0.02041243016719818,0.06946733593940735,0.32834526896476746,0.5,1.0,1.0
5,6120,25000,0.23505598306655884,0.3442113995552063,1.0506032488422079e-08,1.0,1.0506032488422079e-08,7.504165114369243e-05,0.00044458822230808437,0.0017674106638878584,0.006048204842954874,0.020344611257314682,0.06939081102609634,0.3274919092655182,0.5,1.0,1.0
5,6130,25000,0.2350868284702301,0.3442108929157257,1.0161772756589471e-08,1.0,1.0161772756589471e-08,7.452839781763032e-05,0.00044606233132071793,0.0017703098710626364,0.006079945247620344,0.02031155675649643,0.06976617127656937,0.32728439569473267,0.5,1.0,1.0
5,6140,25000,0.235123872756958,0.3442431092262268,1.1489528439767582e-08,1.0,1.1489528439767582e-08,7.47800586395897e-05,0.0004442832141648978,0.0017620482249185443,0.006070388946682215,0.02041574940085411,0.06912582367658615,0.3294124901294708,0.5,1.0,1.0
5,6150,25000,0.2352159172296524,0.3442593812942505,1.0642099645963299e-08,1.0,1.0642099645963299e-08,7.472460129065439e-05,0.0004397634766064584,0.0017733965069055557,0.0061383782885968685,0.020292293280363083,0.06960080564022064,0.33116063475608826,0.5,1.0,1.0
5,6160,25000,0.23512937128543854,0.3442703187465668,1.0274754380645845e-08,1.0,1.0274754380645845e-08,7.421421469189227e-05,0.00044468033593147993,0.0017729296814650297,0.0060632056556642056,0.020285174250602722,0.06942412257194519,0.329069584608078,0.5,1.0,1.0
5,6170,25000,0.23511716723442078,0.3442530333995819,1.0634994218605698e-08,1.0,1.0634994218605698e-08,7.411732076434419e-05,0.00044278957648202777,0.0017600718419998884,0.0060793617740273476,0.020234379917383194,0.06910254806280136,0.3285607099533081,0.5,1.0,1.0
5,6180,25000,0.23515580594539642,0.34425270557403564,1.0932625471582469e-08,1.0,1.0932625471582469e-08,7.44309218134731e-05,0.00044302945025265217,0.0017630474176257849,0.006059463135898113,0.02024870365858078,0.0697498619556427,0.32786089181900024,0.5,1.0,1.0
5,6190,25000,0.23520219326019287,0.34427112340927124,1.114270276048046e-08,1.0,1.114270276048046e-08,7.46493533370085e-05,0.00044544661068357527,0.00177863915450871,0.006089040078222752,0.02035817690193653,0.06954886019229889,0.3302152454853058,0.5,1.0,1.0
5,6200,25000,0.23515792191028595,0.34425753355026245,1.0716731502213861e-08,1.0,1.0716731502213861e-08,7.376074063358828e-05,0.0004428704851306975,0.0017713855486363173,0.006046179682016373,0.02027328684926033,0.06961793452501297,0.3295651078224182,0.5,1.0,1.0
5,6210,25000,0.23507224023342133,0.34422340989112854,1.0825742080555756e-08,1.0,1.0825742080555756e-08,7.540499791502953e-05,0.0004445287922862917,0.0017682613106444478,0.0060934992507100105,0.020385615527629852,0.06930094957351685,0.32870322465896606,0.5,1.0,1.0
5,6220,25000,0.23514653742313385,0.34425514936447144,1.0448612641766886e-08,1.0,1.0448612641766886e-08,7.461211498593912e-05,0.0004418841272126883,0.0017677971627563238,0.006122329272329807,0.020308706909418106,0.06958166509866714,0.3280958831310272,0.5,1.0,1.0
5,6230,25000,0.23515833914279938,0.34425410628318787,1.0283681461942251e-08,1.0,1.0283681461942251e-08,7.44517456041649e-05,0.00044189326581545174,0.0017634755931794643,0.00609235605224967,0.020343445241451263,0.06931658834218979,0.3272562325000763,0.5,1.0,1.0
5,6240,25000,0.23512937128543854,0.34427204728126526,1.1128804544568993e-08,1.0,1.1128804544568993e-08,7.450689736288041e-05,0.00044273040839470923,0.0017599697457626462,0.006088860332965851,0.02035052515566349,0.0694597139954567,0.3285508155822754,0.5,1.0,1.0
5,6250,25000,0.23519816994667053,0.3442869484424591,1.0361546287640522e-08,1.0,1.0361546287640522e-08,7.419785106321797e-05,0.0004427614330779761,0.0017594991950318217,0.006093216594308615,0.020262770354747772,0.0692545548081398,0.3282581567764282,0.5,1.0,1.0
5,6260,25000,0.23514577746391296,0.3442576825618744,1.0875130129761601e-08,1.0,1.0875130129761601e-08,7.447162352036685e-05,0.0004409780667629093,0.001770865055732429,0.006083735264837742,0.020264005288481712,0.06916825473308563,0.3290134370326996,0.5,1.0,1.0
5,6270,25000,0.23505927622318268,0.34423455595970154,1.1144583034194966e-08,1.0,1.1144583034194966e-08,7.417199958581477e-05,0.00044469666318036616,0.0017635105177760124,0.006075285840779543,0.02030383050441742,0.0689355656504631,0.32874277234077454,0.5,1.0,1.0
5,6280,25000,0.23512087762355804,0.3442566394805908,1.1355370865828718e-08,1.0,1.1355370865828718e-08,7.403759809676558e-05,0.00044244760647416115,0.001766436267644167,0.006081372499465942,0.020320050418376923,0.06928018480539322,0.32879751920700073,0.5,1.0,1.0
5,6290,25000,0.23510199785232544,0.3442234992980957,1.0378277792710833e-08,1.0,1.0378277792710833e-08,7.479620398953557e-05,0.00044121514656580985,0.0017681788885965943,0.0060813408344984055,0.02030302584171295,0.06945430487394333,0.32817986607551575,0.5,1.0,1.0
5,6300,25000,0.23510853946208954,0.3442383110523224,1.1336538818795816e-08,1.0,1.1336538818795816e-08,7.421613554470241e-05,0.00044347892981022596,0.0017596844118088484,0.006068833637982607,0.02026453986763954,0.0692940279841423,0.3281100392341614,0.5,1.0,1.0
5,6310,25000,0.23511356115341187,0.34420737624168396,1.049403408615035e-08,1.0,1.049403408615035e-08,7.397676381515339e-05,0.00044713725219480693,0.0017702303593978286,0.00608429592102766,0.020352061837911606,0.06956128776073456,0.32743290066719055,0.5,1.0,1.0
5,6320,25000,0.23513507843017578,0.3442269563674927,1.0814233064593282e-08,1.0,1.0814233064593282e-08,7.398734305752441e-05,0.00044313661055639386,0.0017605805769562721,0.006079056765884161,0.020274993032217026,0.06984084099531174,0.32739394903182983,0.5,1.0,1.0
5,6330,25000,0.23511624336242676,0.3442527949810028,1.0978325803989719e-08,1.0,1.0978325803989719e-08,7.478064799215645e-05,0.00044081846135668457,0.0017659252043813467,0.006094780284911394,0.020215662196278572,0.06963134557008743,0.32567137479782104,0.5,1.0,1.0
5,6340,25000,0.23506952822208405,0.34422510862350464,1.0271754113944098e-08,1.0,1.0271754113944098e-08,7.433584687532857e-05,0.0004399394092615694,0.001768811489455402,0.006107672117650509,0.020316332578659058,0.0695326179265976,0.32982632517814636,0.5,1.0,1.0
5,6350,25000,0.2351188212633133,0.34423378109931946,1.0539385364438658e-08,1.0,1.0539385364438658e-08,7.501854270230979e-05,0.00044194201473146677,0.0017656031996011734,0.006076041143387556,0.020444976165890694,0.06927291303873062,0.3268670439720154,0.5,1.0,1.0
5,6360,25000,0.23510746657848358,0.34424135088920593,1.1187446524729694e-08,1.0,1.1187446524729694e-08,7.436908344971016e-05,0.00044194087968207896,0.0017655383562669158,0.00610214052721858,0.020319238305091858,0.06923455744981766,0.3276160955429077,0.5,1.0,1.0
5,6370,25000,0.2351822704076767,0.3442572057247162,1.0295559071948901e-08,1.0,1.0295559071948901e-08,7.445556548191234e-05,0.00044401054037734866,0.0017655608244240284,0.006088406313210726,0.02036638930439949,0.06933882087469101,0.32847023010253906,0.5,1.0,1.0
5,6380,25000,0.23511992394924164,0.3442644476890564,1.0524680682522103e-08,1.0,1.0524680682522103e-08,7.439308683387935e-05,0.0004420572950039059,0.0017680164892226458,0.00608788151293993,0.020319530740380287,0.06940069049596786,0.32759615778923035,0.5,1.0,1.0
5,6390,25000,0.2352040410041809,0.34426721930503845,1.0658852467315683e-08,1.0,1.0658852467315683e-08,7.428129902109504e-05,0.00044416915625333786,0.0017578647239133716,0.00608495157212019,0.02037837728857994,0.06951803714036942,0.32925862073898315,0.5,1.0,1.0
5,6400,25000,0.23509247601032257,0.3442331850528717,1.0684238382907552e-08,1.0,1.0684238382907552e-08,7.461899804184213e-05,0.000441987271187827,0.0017638527788221836,0.00614942517131567,0.020285803824663162,0.06977943331003189,0.32838642597198486,0.5,1.0,1.0
5,6410,25000,0.23515768349170685,0.3442484438419342,1.0647306147859581e-08,1.0,1.0647306147859581e-08,7.399612513836473e-05,0.00044338469160720706,0.0017613935051485896,0.0060632843524217606,0.020406223833560944,0.06978585571050644,0.32763704657554626,0.5,1.0,1.0
5,6420,25000,0.2351699024438858,0.3442518711090088,1.074585043170373e-08,1.0,1.074585043170373e-08,7.503380038542673e-05,0.0004382480983622372,0.0017567238537594676,0.00609577028080821,0.02034038119018078,0.06932942569255829,0.3287954032421112,0.5,1.0,1.0
5,6430,25000,0.23513466119766235,0.34427452087402344,1.086965184526889e-08,1.0,1.086965184526889e-08,7.395910506602377e-05,0.00044204393634572625,0.001767439884133637,0.00608222559094429,0.020376861095428467,0.06930200755596161,0.32782331109046936,0.5,1.0,1.0
5,6440,25000,0.23505429923534393,0.3442217707633972,1.0578260933868933e-08,1.0,1.0578260933868933e-08,7.430535333696753e-05,0.00044518359936773777,0.0017690554959699512,0.006085533183068037,0.020325861871242523,0.06937547028064728,0.328490287065506,0.5,1.0,1.0
5,6450,25000,0.23511989414691925,0.34423986077308655,1.0984050113904686e-08,1.0,1.0984050113904686e-08,7.434339204337448e-05,0.0004438351606950164,0.0017597724217921495,0.006097156088799238,0.020331595093011856,0.0695500373840332,0.32588112354278564,0.5,1.0,1.0
5,6460,25000,0.23513194918632507,0.34424829483032227,1.0325379662390333e-08,1.0,1.0325379662390333e-08,7.462481153197587e-05,0.0004415722796693444,0.0017601248109713197,0.006086974870413542,0.02030586265027523,0.06926542520523071,0.3282342851161957,0.5,1.0,1.0
5,6470,25000,0.23514007031917572,0.3442401885986328,1.0926730631410919e-08,1.0,1.0926730631410919e-08,7.487065886380151e-05,0.00044360419269651175,0.0017725684447214007,0.00610000267624855,0.020297549664974213,0.06929218769073486,0.32795020937919617,0.5,1.0,1.0
5,6480,25000,0.2350860983133316,0.34422770142555237,1.030494889420197e-08,1.0,1.030494889420197e-08,7.446972449542955e-05,0.0004433704889379442,0.0017667056526988745,0.0060845292173326015,0.020343123003840446,0.06936104595661163,0.32759180665016174,0.5,1.0,1.0
5,6490,25000,0.23512804508209229,0.3442455232143402,1.0605085698500716e-08,1.0,1.0605085698500716e-08,7.494200690416619e-05,0.0004424949293024838,0.0017687068320810795,0.006063241045922041,0.020242655649781227,0.06941144913434982,0.3291160464286804,0.5,1.0,1.0
5,6500,25000,0.2351319044828415,0.34425514936447144,1.0780785153485795e-08,1.0,1.0780785153485795e-08,7.455246668541804e-05,0.0004421483026817441,0.0017666466301307082,0.006081763189285994,0.02020103484392166,0.06963387131690979,0.32707810401916504,0.5,1.0,1.0
5,6510,25000,0.2351202666759491,0.34427374601364136,1.0971358044287172e-08,1.0,1.0971358044287172e-08,7.461172936018556e-05,0.0004441146447788924,0.001771098468452692,0.006129254121333361,0.020353714004158974,0.06946224719285965,0.3291529715061188,0.5,1.0,1.0
5,6520,25000,0.235136017203331,0.344291627407074,1.0322437127285866e-08,1.0,1.0322437127285866e-08,7.439030741807073e-05,0.00044444063678383827,0.0017903713742271066,0.006087253801524639,0.0204056054353714,0.06953587383031845,0.3280753493309021,0.5,1.0,1.0
5,6530,25000,0.2351125180721283,0.34422916173934937,1.0845689679683801e-08,1.0,1.0845689679683801e-08,7.432459824485704e-05,0.0004403197963256389,0.0017672989051789045,0.006123779807239771,0.020369485020637512,0.06972283869981766,0.3271634578704834,0.5,1.0,1.0
5,6540,25000,0.23520322144031525,0.3442542850971222,1.0672713379733523e-08,1.0,1.0672713379733523e-08,7.490845746360719e-05,0.0004423560167197138,0.0017644973704591393,0.006054643541574478,0.02042989805340767,0.06966966390609741,0.3284662663936615,0.5,1.0,1.0
5,6550,25000,0.23513664305210114,0.34427347779273987,1.0702273733897982e-08,1.0,1.0702273733897982e-08,7.465510134352371e-05,0.0004444173537194729,0.0017581607680767775,0.006092526018619537,0.020266542211174965,0.06922493875026703,0.3281896114349365,0.5,1.0,1.0
5,6560,25000,0.2351829707622528,0.34426233172416687,1.0488402146791032e-08,1.0,1.0488402146791032e-08,7.46349833207205e-05,0.00044161570258438587,0.001773596159182489,0.006064309738576412,0.020296938717365265,0.06926164776086807,0.329391747713089,0.5,1.0,1.0
5,6570,25000,0.2351316213607788,0.3442436754703522,1.0393669036545816e-08,1.0,1.0393669036545816e-08,7.345713675022125e-05,0.0004433406866155565,0.0017668699147179723,0.006102125160396099,0.02026783674955368,0.06973159313201904,0.32946309447288513,0.5,1.0,1.0
5,6580,25000,0.23515060544013977,0.3442530333995819,1.0553441676108832e-08,1.0,1.0553441676108832e-08,7.441192428814247e-05,0.0004402025369927287,0.0017622956074774265,0.0060657961294054985,0.020312141627073288,0.06951790302991867,0.3275455832481384,0.5,1.0,1.0
5,6590,25000,0.23511815071105957,0.34426483511924744,1.0622912327562517e-08,1.0,1.0622912327562517e-08,7.41373878554441e-05,0.00044335785787552595,0.0017653125105425715,0.006092747673392296,0.020273331552743912,0.06953614950180054,0.3285183906555176,0.5,1.0,1.0
5,6600,25000,0.2351314276456833,0.3442484736442566,1.109333158666459e-08,1.0,1.109333158666459e-08,7.468149851774797e-05,0.0004442103090696037,0.0017640850273892283,0.006110174115747213,0.02038891613483429,0.06954146921634674,0.32825249433517456,0.5,1.0,1.0
5,6610,25000,0.2351120263338089,0.3442233204841614,1.1380040909614308e-08,1.0,1.1380040909614308e-08,7.38800736144185e-05,0.0004422541824169457,0.0017650070367380977,0.006043772213160992,0.020335160195827484,0.0695471316576004,0.3280257284641266,0.5,1.0,1.0
5,6620,25000,0.23516154289245605,0.34425032138824463,1.0379356041312349e-08,1.0,1.0379356041312349e-08,7.409671525238082e-05,0.00044547743164002895,0.0017642060993239284,0.0060526588931679726,0.020375095307826996,0.06987692415714264,0.32951974868774414,0.5,1.0,1.0
5,6630,25000,0.23519247770309448,0.3442695438861847,1.0378150783196816e-08,1.0,1.0378150783196816e-08,7.44061908335425e-05,0.00044080332736484706,0.0017537688836455345,0.006107538938522339,0.020390590652823448,0.06930035352706909,0.3304493725299835,0.5,1.0,1.0
5,6640,25000,0.2351531982421875,0.3442659080028534,1.1053836068697365e-08,1.0,1.1053836068697365e-08,7.485747482860461e-05,0.0004464758385438472,0.0017561392160132527,0.006122163962572813,0.02028765343129635,0.06983131915330887,0.3269602656364441,0.5,1.0,1.0
5,6650,25000,0.23513929545879364,0.3442811667919159,1.0124082017171077e-08,1.0,1.0124082017171077e-08,7.40393516025506e-05,0.00043985602678731084,0.0017672431422397494,0.006084121763706207,0.020325858145952225,0.06930223107337952,0.32796981930732727,0.5,1.0,1.0
5,6660,25000,0.2351670265197754,0.3442584276199341,1.0003320838336549e-08,1.0,1.0003320838336549e-08,7.420972542604432e-05,0.0004444900550879538,0.0017738016322255135,0.00609049666672945,0.020241495221853256,0.06973890215158463,0.32783642411231995,0.5,1.0,1.0
5,6670,25000,0.23513956367969513,0.34427350759506226,1.0532493988080205e-08,1.0,1.0532493988080205e-08,7.446714880643412e-05,0.00044515065383166075,0.001776555203832686,0.006087996996939182,0.0202350914478302,0.06949065625667572,0.3277294635772705,0.5,1.0,1.0
5,6680,25000,0.23509077727794647,0.34422603249549866,1.0485366352952497e-08,1.0,1.0485366352952497e-08,7.40906543796882e-05,0.00044626841554418206,0.001766142901033163,0.006054558325558901,0.020398380234837532,0.06928889453411102,0.3268517851829529,0.5,1.0,1.0
5,6690,25000,0.23518827557563782,0.34425878524780273,1.0271213213286501e-08,1.0,1.0271213213286501e-08,7.43394557503052e-05,0.0004432157729752362,0.001770117087289691,0.006091574672609568,0.02034197747707367,0.06972438097000122,0.3281717896461487,0.5,1.0,1.0
5,6700,25000,0.2351388782262802,0.3442499041557312,1.0884776635577964e-08,1.0,1.0884776635577964e-08,7.410289254039526e-05,0.00044153054477646947,0.001767199719324708,0.006083088461309671,0.020301882177591324,0.06966142356395721,0.3275139033794403,0.5,1.0,1.0
5,6710,25000,0.23516350984573364,0.3442448377609253,1.0955564455628064e-08,1.0,1.0955564455628064e-08,7.500735955545679e-05,0.00044411333510652184,0.001770963310264051,0.0061214095912873745,0.020332569256424904,0.06932132691144943,0.3286186158657074,0.5,1.0,1.0
5,6720,25000,0.23515138030052185,0.344269722700119,1.0570944120047443e-08,1.0,1.0570944120047443e-08,7.392619590973482e-05,0.00044261093717068434,0.001767358393408358,0.006072972435504198,0.020306648686528206,0.06943987309932709,0.3267253041267395,0.5,1.0,1.0
5,6730,25000,0.23512275516986847,0.34424659609794617,1.048242204149119e-08,1.0,1.048242204149119e-08,7.446567906299606e-05,0.0004433834692463279,0.0017646851483732462,0.00610479898750782,0.020405123010277748,0.06942370533943176,0.3285277485847473,0.5,1.0,1.0
5,6740,25000,0.23510199785232544,0.3442581593990326,1.0744502176862625e-08,1.0,1.0744502176862625e-08,7.488143455702811e-05,0.0004415839503053576,0.0017645112238824368,0.006090526469051838,0.020348520949482918,0.06946852058172226,0.3273889720439911,0.5,1.0,1.0
5,6750,25000,0.23514710366725922,0.34424665570259094,1.0544908946030773e-08,1.0,1.0544908946030773e-08,7.407840166706592e-05,0.00044256914407014847,0.001775208511389792,0.0061004143208265305,0.020435605198144913,0.06963880360126495,0.3278942406177521,0.5,1.0,1.0
5,6760,25000,0.23516497015953064,0.34424400329589844,1.0461184807297741e-08,1.0,1.0461184807297741e-08,7.367520447587594e-05,0.0004438724718056619,0.0017581303836777806,0.0060740625485777855,0.0203317292034626,0.06967894732952118,0.3280322253704071,0.5,1.0,1.0
5,6770,25000,0.23515388369560242,0.34424734115600586,1.0817388762518476e-08,1.0,1.0817388762518476e-08,7.43541240808554e-05,0.0004433319845702499,0.0017681350000202656,0.006074634846299887,0.020314443856477737,0.06956705451011658,0.32791292667388916,0.5,1.0,1.0
5,6780,25000,0.23513244092464447,0.34424954652786255,1.114593306539291e-08,1.0,1.114593306539291e-08,7.460660708602518e-05,0.000445908575784415,0.0017768763937056065,0.0060940454714000225,0.02025361731648445,0.06925652921199799,0.32845306396484375,0.5,1.0,1.0
5,6790,25000,0.2351386994123459,0.3442641496658325,1.0635724301266691e-08,1.0,1.0635724301266691e-08,7.500848732888699e-05,0.00044212682405486703,0.001763845793902874,0.006074910052120686,0.020333891734480858,0.06952349841594696,0.32825183868408203,0.5,1.0,1.0
5,6800,25000,0.23516112565994263,0.3442763388156891,1.159648910231681e-08,1.0,1.159648910231681e-08,7.467454270226881e-05,0.00044452407746575773,0.0017660504672676325,0.006080330815166235,0.020349593833088875,0.06953715533018112,0.3284010589122772,0.5,1.0,1.0
5,6810,25000,0.23509661853313446,0.34428900480270386,1.052930986844558e-08,1.0,1.052930986844558e-08,7.446559175150469e-05,0.0004424014769028872,0.0017743107164278626,0.0060597858391702175,0.020225875079631805,0.06962866336107254,0.3267909288406372,0.5,1.0,1.0
5,6820,25000,0.23517681658267975,0.3442760109901428,1.032091567765292e-08,1.0,1.032091567765292e-08,7.450849807355553e-05,0.00044562044786289334,0.001767556881532073,0.006101887673139572,0.020253218710422516,0.06986580789089203,0.32814088463783264,0.5,1.0,1.0
5,6830,25000,0.23509220778942108,0.34426113963127136,1.0210097656226935e-08,1.0,1.0210097656226935e-08,7.414561696350574e-05,0.00044501316733658314,0.0017666047206148505,0.006074842531234026,0.020345333963632584,0.06900659948587418,0.3285255432128906,0.5,1.0,1.0
5,6840,25000,0.23517900705337524,0.34426113963127136,1.0571667985459499e-08,1.0,1.0571667985459499e-08,7.48705497244373e-05,0.00044457308831624687,0.0017550727352499962,0.006131987553089857,0.020350174978375435,0.06966015696525574,0.3283769488334656,0.5,1.0,1.0
5,6850,25000,0.23507770895957947,0.3442029058933258,1.0874833478169421e-08,1.0,1.0874833478169421e-08,7.446189556503668e-05,0.00044386860099621117,0.001770246191881597,0.0061132051050662994,0.020411642268300056,0.06949353963136673,0.328792929649353,0.5,1.0,1.0
5,6860,25000,0.23519393801689148,0.3442637324333191,1.0996250132677687e-08,1.0,1.0996250132677687e-08,7.41077892598696e-05,0.00044543450349010527,0.0017617548583075404,0.006093141622841358,0.020318344235420227,0.06953093409538269,0.3292602598667145,0.5,1.0,1.0
5,6870,25000,0.23511233925819397,0.3442678451538086,1.1307523806181052e-08,1.0,1.1307523806181052e-08,7.45879951864481e-05,0.00044231247738935053,0.0017611305229365826,0.006046142894774675,0.02029881253838539,0.06985337287187576,0.3272240459918976,0.5,1.0,1.0
5,6880,25000,0.23513270914554596,0.34428197145462036,1.0025542174219026e-08,1.0,1.0025542174219026e-08,7.384116179309785e-05,0.000438790419138968,0.0017640035366639495,0.006107744760811329,0.02022640034556389,0.06955614686012268,0.3298695981502533,0.5,1.0,1.0
5,6890,25000,0.2351340651512146,0.3442480266094208,1.1087872842097113e-08,1.0,1.1087872842097113e-08,7.455285231117159e-05,0.0004446390375960618,0.0017606867477297783,0.006076504476368427,0.02029833197593689,0.06969723105430603,0.327633798122406,0.5,1.0,1.0
5,6900,25000,0.23515604436397552,0.34425872564315796,1.2200142229801259e-08,1.0,1.2200142229801259e-08,7.45319775887765e-05,0.0004417874733917415,0.0017716768197715282,0.006110164802521467,0.020368503406643867,0.06948163360357285,0.3284299075603485,0.5,1.0,1.0
5,6910,25000,0.23509958386421204,0.3442454934120178,1.0184900034460043e-08,1.0,1.0184900034460043e-08,7.380972965620458e-05,0.00044320811866782606,0.001772484160028398,0.0061018564738333225,0.02023307979106903,0.06946195662021637,0.328784316778183,0.5,1.0,1.0
5,6920,25000,0.23512333631515503,0.3442491888999939,1.1000165223151726e-08,1.0,1.1000165223151726e-08,7.407858356600627e-05,0.00044051039731130004,0.001761788735166192,0.006064493674784899,0.020414363592863083,0.06927991658449173,0.3276793956756592,0.5,1.0,1.0
5,6930,25000,0.23510591685771942,0.3442451059818268,1.0295216235078897e-08,1.0,1.0295216235078897e-08,7.435819134116173e-05,0.0004430084954947233,0.0017671327805146575,0.0060898433439433575,0.02039434388279915,0.06926605105400085,0.32678866386413574,0.5,1.0,1.0
5,6940,25000,0.2351033091545105,0.3442303538322449,1.1480330464053168e-08,1.0,1.1480330464053168e-08,7.485158857889473e-05,0.00044092844473198056,0.001767809153534472,0.006102098152041435,0.02042348124086857,0.06944894790649414,0.32744351029396057,0.5,1.0,1.0
5,6950,25000,0.2352253943681717,0.3442801535129547,1.0146174567182698e-08,1.0,1.0146174567182698e-08,7.432951679220423e-05,0.00044069389696232975,0.0017763706855475903,0.006065556779503822,0.020358610898256302,0.06947948038578033,0.3299475908279419,0.5,1.0,1.0
5,6960,25000,0.23516544699668884,0.34422656893730164,1.0470717626276382e-08,1.0,1.0470717626276382e-08,7.498518971260637e-05,0.00044369010720402,0.0017704564379528165,0.006090247072279453,0.02034643664956093,0.06985659897327423,0.3282065987586975,0.5,1.0,1.0
5,6970,25000,0.23512835800647736,0.34422028064727783,1.1472491401320895e-08,1.0,1.1472491401320895e-08,7.4566705734469e-05,0.0004400969191920012,0.0017710237298160791,0.006076364777982235,0.020241159945726395,0.0699138417840004,0.3288147449493408,0.5,1.0,1.0
5,6980,25000,0.23512546718120575,0.3442341387271881,1.065877075490107e-08,1.0,1.065877075490107e-08,7.466720853699371e-05,0.00044451141729950905,0.0017639393918216228,0.0060581909492611885,0.020372046157717705,0.06936482340097427,0.3290162682533264,0.5,1.0,1.0
5,6990,25000,0.23510302603244781,0.3442336618900299,1.212351374846321e-08,1.0,1.212351374846321e-08,7.500651554437354e-05,0.00044000259367749095,0.0017641608137637377,0.006069445516914129,0.020412776619195938,0.06954630464315414,0.3267028331756592,0.5,1.0,1.0
5,7000,25000,0.23509860038757324,0.34424373507499695,1.0403748085252573e-08,1.0,1.0403748085252573e-08,7.42539341445081e-05,0.0004387469089124352,0.001759468694217503,0.006091587711125612,0.020298685878515244,0.06916054338216782,0.3285841643810272,0.5,1.0,1.0
