step,epoch,n_refreshed,mean,std,min,max,q00,q10,q20,q30,q40,q50,q60,q70,q80,q90,q100
3,0,,0.5777869820594788,0.17294853925704956,0.5,1.0,0.5,0.5,0.5,0.5,0.5,0.5,0.5,0.5,0.5399999618530273,1.0,1.0
3,10,25000,0.2947812080383301,0.34386351704597473,5.971822361061641e-07,1.0,5.971822361061641e-07,0.0023339760955423117,0.00911808293312788,0.02455141767859459,0.05564858391880989,0.11590150743722916,0.2439783364534378,0.5,0.5,1.0,1.0
3,20,25000,0.2948963940143585,0.3438146710395813,4.786018052982399e-07,1.0,4.786018052982399e-07,0.0023116786032915115,0.009130565449595451,0.02473536878824234,0.05600181967020035,0.11678466200828552,0.2442777454853058,0.5,0.5,1.0,1.0
3,30,25000,0.2949348986148834,0.343761146068573,5.843094186275266e-07,1.0,5.843094186275266e-07,0.0023068177979439497,0.009145010262727737,0.02458159439265728,0.05573713406920433,0.11652225255966187,0.24513570964336395,0.5,0.5,1.0,1.0
3,40,25000,0.29480883479118347,0.34385746717453003,6.671861001450452e-07,1.0,6.671861001450452e-07,0.0022959988564252853,0.009181208908557892,0.024616844952106476,0.05568098649382591,0.11577291786670685,0.24502985179424286,0.5,0.5,1.0,1.0
3,50,25000,0.2948508858680725,0.3438761830329895,8.580319672546466e-07,1.0,8.580319672546466e-07,0.0023376706521958113,0.00920186284929514,0.024615976959466934,0.05595417320728302,0.11594192683696747,0.24395081400871277,0.5,0.5,1.0,1.0
3,60,25000,0.29494890570640564,0.34402939677238464,5.874584871889965e-07,1.0,5.874584871889965e-07,0.002325809560716152,0.009128090925514698,0.024770578369498253,0.05566849932074547,0.11627518385648727,0.2441672831773758,0.5,0.5,1.0,1.0
3,70,25000,0.2950632870197296,0.3441409468650818,6.096607876315829e-07,1.0,6.096607876315829e-07,0.0023122273851186037,0.009131224825978279,0.024489153176546097,0.05569712445139885,0.11653084307909012,0.2444722205400467,0.5,0.5,1.0,1.0
3,80,25000,0.2950874865055084,0.3441605567932129,4.964212507729826e-07,1.0,4.964212507729826e-07,0.0023331954143941402,0.009164932183921337,0.024675017222762108,0.05561703070998192,0.11638836562633514,0.24474109709262848,0.5,0.5,1.0,1.0
3,90,25000,0.2949793338775635,0.3442572057247162,6.111183097345929e-07,1.0,6.111183097345929e-07,0.0023400261998176575,0.009197739884257317,0.024630073457956314,0.0555194616317749,0.11631261557340622,0.24278943240642548,0.5,0.5,1.0,1.0
3,100,25000,0.2951481342315674,0.3443543612957001,5.468617132464715e-07,1.0,5.468617132464715e-07,0.0023019767832010984,0.00921714585274458,0.024621138349175453,0.05537226051092148,0.11625811457633972,0.24462255835533142,0.5,0.5,1.0,1.0
3,110,25000,0.29522573947906494,0.34444668889045715,5.035703907196876e-07,1.0,5.035703907196876e-07,0.0023134243674576283,0.009099598973989487,0.024589478969573975,0.056135836988687515,0.11630400270223618,0.24457089602947235,0.5,0.5,1.0,1.0
3,120,25000,0.2953720688819885,0.34464454650878906,4.87062607135158e-07,1.0,4.87062607135158e-07,0.002327396534383297,0.009135924279689789,0.024624010547995567,0.05569762364029884,0.11675120145082474,0.2447008490562439,0.5,0.5,1.0,1.0
3,130,25000,0.2954975366592407,0.34507402777671814,5.708396884074318e-07,1.0,5.708396884074318e-07,0.0023358992766588926,0.00913962721824646,0.024663811549544334,0.055735647678375244,0.11613403260707855,0.24461965262889862,0.5,0.5,1.0,1.0
3,140,25000,0.2957891821861267,0.34568601846694946,5.224043775342579e-07,1.0,5.224043775342579e-07,0.0023089153692126274,0.009032068774104118,0.02450118027627468,0.05556343123316765,0.11626055836677551,0.24387632310390472,0.5,0.5,1.0,1.0
3,150,25000,0.2962380647659302,0.34642741084098816,6.25840016255097e-07,1.0,6.25840016255097e-07,0.0023145561572164297,0.00920947641134262,0.024653201922774315,0.05545913055539131,0.11629612743854523,0.24365639686584473,0.5,0.5,1.0,1.0
3,160,25000,0.29673290252685547,0.34716787934303284,4.7589830387551046e-07,1.0,4.7589830387551046e-07,0.002339661354199052,0.009063158184289932,0.024503236636519432,0.05574503540992737,0.1162862777709961,0.24488911032676697,0.5,0.5,1.0,1.0
3,170,25000,0.2968035936355591,0.3473186194896698,5.641429083880212e-07,1.0,5.641429083880212e-07,0.0023349991533905268,0.009114908054471016,0.02462918870151043,0.05584338307380676,0.11579270660877228,0.2441329061985016,0.5,0.5,1.0,1.0
3,180,25000,0.29672402143478394,0.34727734327316284,5.699250209545426e-07,1.0,5.699250209545426e-07,0.002328351605683565,0.009203997440636158,0.024561595171689987,0.055613238364458084,0.11629447340965271,0.24381209909915924,0.5,0.5,1.0,1.0
3,190,25000,0.2969464957714081,0.3473016023635864,5.562527007896279e-07,1.0,5.562527007896279e-07,0.0023054711055010557,0.00920071266591549,0.024667704477906227,0.05570010840892792,0.1166486144065857,0.24417583644390106,0.5,0.5,1.0,1.0
3,200,25000,0.2969174087047577,0.3473421037197113,6.724620220666111e-07,1.0,6.724620220666111e-07,0.0023195587564259768,0.009130403399467468,0.02469407394528389,0.055525463074445724,0.11641167849302292,0.24505579471588135,0.5,0.5,1.0,1.0
3,210,25000,0.29678407311439514,0.34737297892570496,6.566974093402678e-07,1.0,6.566974093402678e-07,0.00233272323384881,0.009028187021613121,0.024692919105291367,0.05570463463664055,0.11593403667211533,0.24306924641132355,0.5,0.5,1.0,1.0
3,220,25000,0.2969622015953064,0.34736743569374084,8.05832883088442e-07,1.0,8.05832883088442e-07,0.002328941598534584,0.009074325673282146,0.024809280410408974,0.055749934166669846,0.11594843119382858,0.2453601062297821,0.5,0.5,1.0,1.0
3,230,25000,0.29679447412490845,0.3473183214664459,5.56558518383099e-07,1.0,5.56558518383099e-07,0.00229769223369658,0.009140818379819393,0.02461482770740986,0.05612266808748245,0.11635062843561172,0.2438211590051651,0.5,0.5,1.0,1.0
3,240,25000,0.29686248302459717,0.34734463691711426,4.1412260998185957e-07,1.0,4.1412260998185957e-07,0.0023112730123102665,0.009128755889832973,0.024609455838799477,0.05569637566804886,0.11671532690525055,0.24531759321689606,0.5,0.5,1.0,1.0
3,250,25000,0.29696983098983765,0.34739676117897034,5.336448793968884e-07,1.0,5.336448793968884e-07,0.0023058191873133183,0.009162544272840023,0.024568939581513405,0.05554148927330971,0.11688956618309021,0.24495238065719604,0.5,0.5,1.0,1.0
3,260,25000,0.29697126150131226,0.34736964106559753,6.320676675386494e-07,1.0,6.320676675386494e-07,0.002315866993740201,0.009217080660164356,0.024669498205184937,0.055667489767074585,0.11607964336872101,0.24458780884742737,0.5,0.5,1.0,1.0
3,270,25000,0.2967376410961151,0.3473939895629883,6.253534365896485e-07,1.0,6.253534365896485e-07,0.002306097885593772,0.00905397068709135,0.02467520721256733,0.05563162639737129,0.11605706065893173,0.24315592646598816,0.5,0.5,1.0,1.0
3,280,25000,0.2970111072063446,0.34739676117897034,5.210853259995929e-07,1.0,5.210853259995929e-07,0.00232517858967185,0.009136401116847992,0.024637822061777115,0.05573515221476555,0.11665590107440948,0.24508652091026306,0.5,0.5,1.0,1.0
3,290,25000,0.29688531160354614,0.3473511040210724,5.122253128320153e-07,1.0,5.122253128320153e-07,0.002321236301213503,0.009166293777525425,0.02456275373697281,0.05548635497689247,0.11634473502635956,0.24428313970565796,0.5,0.5,1.0,1.0
3,300,25000,0.29700860381126404,0.3474099934101105,4.6392946728701645e-07,1.0,4.6392946728701645e-07,0.002310345182195306,0.009105668403208256,0.024516798555850983,0.0557226836681366,0.11702033132314682,0.24443423748016357,0.5,0.5,1.0,1.0
3,310,25000,0.2970011234283447,0.3474127948284149,5.885491987100977e-07,1.0,5.885491987100977e-07,0.0023208006750792265,0.009164744056761265,0.024626335129141808,0.05577641725540161,0.11625468730926514,0.24400058388710022,0.5,0.5,1.0,1.0
3,320,25000,0.2968991994857788,0.3473987579345703,5.908378852836904e-07,1.0,5.908378852836904e-07,0.0022956975735723972,0.009101475588977337,0.024561593309044838,0.05581231415271759,0.11626987159252167,0.24458348751068115,0.5,0.5,1.0,1.0
3,330,25000,0.29675838351249695,0.3473629951477051,4.1011995222106634e-07,1.0,4.1011995222106634e-07,0.0023256284184753895,0.009131548926234245,0.024681808426976204,0.055135004222393036,0.11615622043609619,0.2438245713710785,0.5,0.5,1.0,1.0
3,340,25000,0.29689568281173706,0.3473820686340332,7.506590122829948e-07,1.0,7.506590122829948e-07,0.002298777922987938,0.00916917435824871,0.02468748576939106,0.05572078749537468,0.11663658916950226,0.24272547662258148,0.5,0.5,1.0,1.0
3,350,25000,0.29694339632987976,0.3474881052970886,5.588172484749521e-07,1.0,5.588172484749521e-07,0.0022877431474626064,0.009190937504172325,0.024589963257312775,0.055362388491630554,0.11635509133338928,0.2439582198858261,0.5,0.5,1.0,1.0
3,360,25000,0.2970547080039978,0.3475126624107361,4.5182844132796163e-07,1.0,4.5182844132796163e-07,0.0023234281688928604,0.009140044450759888,0.024568844586610794,0.05571615695953369,0.11622786521911621,0.24461740255355835,0.5,0.5,1.0,1.0
3,370,25000,0.29697385430336,0.3474392294883728,4.984369752492057e-07,1.0,4.984369752492057e-07,0.002324857981875539,0.00913349911570549,0.024754920974373817,0.05579480528831482,0.11683787405490875,0.2444106489419937,0.5,0.5,1.0,1.0
3,380,25000,0.29680851101875305,0.34743714332580566,4.476542301290465e-07,1.0,4.476542301290465e-07,0.0023164432495832443,0.009099191054701805,0.024719972163438797,0.055647339671850204,0.11654229462146759,0.24299173057079315,0.5,0.5,1.0,1.0
3,390,25000,0.296886146068573,0.34737518429756165,6.644750101258978e-07,1.0,6.644750101258978e-07,0.0023034890182316303,0.009101582691073418,0.02452743798494339,0.05558671057224274,0.11638948321342468,0.2447865754365921,0.5,0.5,1.0,1.0
3,400,25000,0.29685625433921814,0.34731876850128174,6.350993544401717e-07,1.0,6.350993544401717e-07,0.00233835238032043,0.00913848727941513,0.024603400379419327,0.05539391189813614,0.11679820716381073,0.24454227089881897,0.5,0.5,1.0,1.0
3,410,25000,0.2969515323638916,0.3473905324935913,8.59079307247157e-07,1.0,8.59079307247157e-07,0.0023106078151613474,0.009166460484266281,0.02466416358947754,0.055753547698259354,0.11647231876850128,0.24485816061496735,0.5,0.5,1.0,1.0
3,420,25000,0.29701340198516846,0.3473954498767853,4.243229341227561e-07,1.0,4.243229341227561e-07,0.0023236440028995275,0.009003558196127415,0.024604031816124916,0.05555799603462219,0.11601738631725311,0.24489377439022064,0.5,0.5,1.0,1.0
3,430,25000,0.2967044711112976,0.347397118806839,8.612908573013556e-07,1.0,8.612908573013556e-07,0.0023180849384516478,0.009095383808016777,0.024583255872130394,0.055232319980859756,0.11601410806179047,0.24378564953804016,0.5,0.5,1.0,1.0
3,440,25000,0.29680198431015015,0.34733450412750244,4.3028092022723285e-07,1.0,4.3028092022723285e-07,0.00229942356236279,0.009155524894595146,0.024663548916578293,0.05550212040543556,0.11621139198541641,0.24472665786743164,0.5,0.5,1.0,1.0
3,450,25000,0.29703399538993835,0.34744343161582947,5.306441153152264e-07,1.0,5.306441153152264e-07,0.0023210453800857067,0.009127107448875904,0.024546818807721138,0.055688463151454926,0.11614684760570526,0.24550439417362213,0.5,0.5,1.0,1.0
3,460,25000,0.2969653308391571,0.34743598103523254,5.079089646642387e-07,1.0,5.079089646642387e-07,0.0023190113715827465,0.009048162959516048,0.02462705783545971,0.055702146142721176,0.11654745042324066,0.2444179356098175,0.5,0.5,1.0,1.0
3,470,25000,0.2968659996986389,0.34745630621910095,5.244385761216108e-07,1.0,5.244385761216108e-07,0.00231937482021749,0.009132400155067444,0.024513522163033485,0.05536797270178795,0.11656960844993591,0.24300959706306458,0.5,0.5,1.0,1.0
3,480,25000,0.29690471291542053,0.3472849726676941,5.107982019580959e-07,1.0,5.107982019580959e-07,0.002302925568073988,0.009083584882318974,0.024640334770083427,0.05572143569588661,0.11596386879682541,0.24549531936645508,0.5,0.5,1.0,1.0
3,490,25000,0.2969384491443634,0.34742215275764465,6.508490741907735e-07,1.0,6.508490741907735e-07,0.0023108685854822397,0.009124752134084702,0.024623151868581772,0.05579116940498352,0.11673322319984436,0.24496115744113922,0.5,0.5,1.0,1.0
3,500,25000,0.2968803644180298,0.34736892580986023,4.17286571519071e-07,1.0,4.17286571519071e-07,0.002293787896633148,0.00903566274791956,0.02463437058031559,0.0557011179625988,0.11602286994457245,0.24465082585811615,0.5,0.5,1.0,1.0
3,510,25000,0.2968983054161072,0.3474130630493164,5.483526024363528e-07,1.0,5.483526024363528e-07,0.002328102709725499,0.009227121248841286,0.024587446823716164,0.055477142333984375,0.11628998816013336,0.2441340535879135,0.5,0.5,1.0,1.0
3,520,25000,0.296926885843277,0.3474067151546478,4.805640969607339e-07,1.0,4.805640969607339e-07,0.002314622513949871,0.009129875339567661,0.024741550907492638,0.055761076509952545,0.11656585335731506,0.24456913769245148,0.5,0.5,1.0,1.0
3,530,25000,0.29684484004974365,0.3474041819572449,4.460757168089913e-07,1.0,4.460757168089913e-07,0.002305355854332447,0.009222268126904964,0.024501482024788857,0.05561861768364906,0.11577743291854858,0.24433696269989014,0.5,0.5,1.0,1.0
3,540,25000,0.29684585332870483,0.3474023938179016,5.65315019684931e-07,1.0,5.65315019684931e-07,0.0023118576500564814,0.009110910817980766,0.02434394881129265,0.05582839995622635,0.11584064364433289,0.24376001954078674,0.5,0.5,1.0,1.0
3,550,25000,0.2968655526638031,0.34743940830230713,6.567066748175421e-07,1.0,6.567066748175421e-07,0.002313456730917096,0.009114859625697136,0.02442246861755848,0.05561526119709015,0.1165415495634079,0.24415148794651031,0.5,0.5,1.0,1.0
3,560,25000,0.2967652678489685,0.34736260771751404,5.691319984180154e-07,1.0,5.691319984180154e-07,0.002342336578294635,0.009240877814590931,0.024632060900330544,0.05543699488043785,0.11643365025520325,0.2435338944196701,0.5,0.5,1.0,1.0
3,570,25000,0.2967913746833801,0.3473844528198242,4.668162034704437e-07,1.0,4.668162034704437e-07,0.00231781043112278,0.009062453173100948,0.0245435182005167,0.05528676137328148,0.11664199084043503,0.24434877932071686,0.5,0.5,1.0,1.0
3,580,25000,0.29669246077537537,0.34724757075309753,5.341582323126204e-07,1.0,5.341582323126204e-07,0.0023310829419642687,0.009077286347746849,0.024677759036421776,0.05560000240802765,0.11654050648212433,0.24438610672950745,0.5,0.5,1.0,1.0
3,590,25000,0.29676973819732666,0.3472704589366913,6.54813050005032e-07,1.0,6.54813050005032e-07,0.002328005386516452,0.00920732133090496,0.024596339091658592,0.055780746042728424,0.11656109988689423,0.24336080253124237,0.5,0.5,1.0,1.0
3,600,25000,0.2968543767929077,0.3473675549030304,7.838249871383596e-07,1.0,7.838249871383596e-07,0.002329162321984768,0.009166447445750237,0.024744680151343346,0.05548202991485596,0.11614295840263367,0.24393010139465332,0.5,0.5,1.0,1.0
3,610,25000,0.2968147397041321,0.3473758101463318,6.310020239652658e-07,1.0,6.310020239652658e-07,0.002351876348257065,0.009149174205958843,0.024561822414398193,0.05533541366457939,0.1160426139831543,0.24459031224250793,0.5,0.5,1.0,1.0
3,620,25000,0.2967686057090759,0.34736067056655884,5.721684033233032e-07,1.0,5.721684033233032e-07,0.002302363282069564,0.009139440022408962,0.024676427245140076,0.055641140788793564,0.11600015312433243,0.24397234618663788,0.5,0.5,1.0,1.0
3,630,25000,0.29682621359825134,0.34729644656181335,4.74289464591493e-07,1.0,4.74289464591493e-07,0.0023245427291840315,0.00916342530399561,0.0247422456741333,0.05573546513915062,0.11547134816646576,0.24482662975788116,0.5,0.5,1.0,1.0
3,640,25000,0.29687055945396423,0.3473183214664459,6.065108664188301e-07,1.0,6.065108664188301e-07,0.002284748712554574,0.009158757515251637,0.024776628240942955,0.0558701790869236,0.11638208478689194,0.24458952248096466,0.5,0.5,1.0,1.0
3,650,25000,0.29690733551979065,0.3473963141441345,5.232152489043074e-07,1.0,5.232152489043074e-07,0.002320879837498069,0.009059647098183632,0.02461360953748226,0.05601129308342934,0.11589844524860382,0.24460308253765106,0.5,0.5,1.0,1.0
3,660,25000,0.2969079315662384,0.3473755419254303,1.014803729049163e-06,1.0,1.014803729049163e-06,0.0022883638739585876,0.009222693741321564,0.024549687281250954,0.055403485894203186,0.11668999493122101,0.24394802749156952,0.5,0.5,1.0,1.0
3,670,25000,0.29689037799835205,0.34739890694618225,5.052800133853452e-07,1.0,5.052800133853452e-07,0.0022948412224650383,0.009156194515526295,0.02471446804702282,0.055450115352869034,0.11585202813148499,0.24451036751270294,0.5,0.5,1.0,1.0
3,680,25000,0.2968965172767639,0.34733548760414124,5.935933700129681e-07,1.0,5.935933700129681e-07,0.0023528020828962326,0.009204309433698654,0.024620428681373596,0.0556902140378952,0.11596179753541946,0.24401120841503143,0.5,0.5,1.0,1.0
3,690,25000,0.29670172929763794,0.3473253846168518,6.038848141542985e-07,1.0,6.038848141542985e-07,0.002323304768651724,0.00914955697953701,0.024730604141950607,0.05565036088228226,0.11593413352966309,0.2430402934551239,0.5,0.5,1.0,1.0
3,700,25000,0.2969009578227997,0.3474283516407013,5.735604986512044e-07,1.0,5.735604986512044e-07,0.002319729421287775,0.009111199527978897,0.024390969425439835,0.0555550791323185,0.11626937985420227,0.24429015815258026,0.5,0.5,1.0,1.0
3,710,25000,0.29688069224357605,0.3473759591579437,7.908789143584727e-07,1.0,7.908789143584727e-07,0.00234540575183928,0.009041600860655308,0.02467489428818226,0.05565916374325752,0.11639488488435745,0.24388441443443298,0.5,0.5,1.0,1.0
3,720,25000,0.2968364655971527,0.3472740054130554,6.138505455055565e-07,1.0,6.138505455055565e-07,0.0022928440012037754,0.009240197949111462,0.024576514959335327,0.05564561486244202,0.11638858914375305,0.24397355318069458,0.5,0.5,1.0,1.0
3,730,25000,0.29686641693115234,0.34736913442611694,5.741265454162203e-07,1.0,5.741265454162203e-07,0.0023412315640598536,0.009124870412051678,0.02453184500336647,0.055755190551280975,0.11608708649873734,0.24412433803081512,0.5,0.5,1.0,1.0
3,740,25000,0.29693803191185,0.3473474681377411,5.793901891593123e-07,1.0,5.793901891593123e-07,0.002345350570976734,0.009206739254295826,0.024746233597397804,0.0555909238755703,0.11576571315526962,0.24493706226348877,0.5,0.5,1.0,1.0
3,750,25000,0.29688650369644165,0.34723880887031555,5.659780981659424e-07,1.0,5.659780981659424e-07,0.002332092495635152,0.009102433919906616,0.024855315685272217,0.05584132298827171,0.11707252264022827,0.24460995197296143,0.5,0.5,1.0,1.0
3,760,25000,0.29680952429771423,0.3472617268562317,7.06067339706351e-07,1.0,7.06067339706351e-07,0.0023103111889213324,0.009180275723338127,0.024517394602298737,0.05604400485754013,0.11626288294792175,0.24410440027713776,0.5,0.5,1.0,1.0
3,770,25000,0.2967474162578583,0.3473271131515503,6.920642476870853e-07,1.0,6.920642476870853e-07,0.0023162534926086664,0.009176874533295631,0.024545857682824135,0.05577068403363228,0.11599187552928925,0.24408617615699768,0.5,0.5,1.0,1.0
3,780,25000,0.29685407876968384,0.34720897674560547,4.884030317953147e-07,1.0,4.884030317953147e-07,0.002296817023307085,0.00917730201035738,0.024567971006035805,0.05595626309514046,0.11697515845298767,0.24464601278305054,0.5,0.5,1.0,1.0
3,790,25000,0.29699069261550903,0.3473409414291382,4.908686719318212e-07,1.0,4.908686719318212e-07,0.002353285439312458,0.009178698994219303,0.024671489372849464,0.055857669562101364,0.11612918972969055,0.24522817134857178,0.5,0.5,1.0,1.0
3,800,25000,0.2969522476196289,0.34734848141670227,3.833384880636004e-07,1.0,3.833384880636004e-07,0.002315488876774907,0.009187344461679459,0.02463621273636818,0.05585922673344612,0.11584936827421188,0.2449956089258194,0.5,0.5,1.0,1.0
3,810,25000,0.29688575863838196,0.34740185737609863,7.153485626076872e-07,1.0,7.153485626076872e-07,0.002318767597898841,0.009199603460729122,0.02465532161295414,0.05558037757873535,0.11607536673545837,0.2438526302576065,0.5,0.5,1.0,1.0
3,820,25000,0.29681557416915894,0.34741294384002686,4.1346720536239445e-07,1.0,4.1346720536239445e-07,0.0023169824853539467,0.009063798002898693,0.024629170075058937,0.05573251098394394,0.11610390990972519,0.24390287697315216,0.5,0.5,1.0,1.0
3,830,25000,0.2968333959579468,0.3473765254020691,5.418878004093131e-07,1.0,5.418878004093131e-07,0.00232250546105206,0.00912624504417181,0.024711869657039642,0.05543150752782822,0.11671154201030731,0.24437284469604492,0.5,0.5,1.0,1.0
3,840,25000,0.29684868454933167,0.347326397895813,5.087263730274572e-07,1.0,5.087263730274572e-07,0.0023045178968459368,0.009141418151557446,0.02476690709590912,0.05539806932210922,0.11646594107151031,0.24397431313991547,0.5,0.5,1.0,1.0
3,850,25000,0.29688560962677,0.34737393260002136,4.424068151820393e-07,1.0,4.424068151820393e-07,0.0023293201811611652,0.009178297594189644,0.024565020576119423,0.05568033829331398,0.11659751832485199,0.24520613253116608,0.5,0.5,1.0,1.0
3,860,25000,0.29692214727401733,0.34738633036613464,5.595706511485332e-07,1.0,5.595706511485332e-07,0.0023471489548683167,0.009160080924630165,0.02466658689081669,0.0557270385324955,0.11668369174003601,0.24456964433193207,0.5,0.5,1.0,1.0
3,870,25000,0.29684317111968994,0.3473471701145172,3.8829281834296125e-07,1.0,3.8829281834296125e-07,0.0023169643245637417,0.00918782502412796,0.0244315005838871,0.05584264174103737,0.11577525734901428,0.2447047382593155,0.5,0.5,1.0,1.0
3,880,25000,0.2967379093170166,0.34733253717422485,7.827059107512468e-07,1.0,7.827059107512468e-07,0.002323112217709422,0.009202701039612293,0.02448747307062149,0.05558711290359497,0.11647967994213104,0.24410666525363922,0.5,0.5,1.0,1.0
3,890,25000,0.29673153162002563,0.34734028577804565,5.028107352700317e-07,1.0,5.028107352700317e-07,0.0023374841548502445,0.009104917757213116,0.024509970098733902,0.055456433445215225,0.11607494950294495,0.2438492327928543,0.5,0.5,1.0,1.0
3,900,25000,0.29686951637268066,0.347379207611084,6.156886342978396e-07,1.0,6.156886342978396e-07,0.002332312986254692,0.009148557670414448,0.024530010297894478,0.055505745112895966,0.11607515066862106,0.24417418241500854,0.5,0.5,1.0,1.0
3,910,25000,0.29698365926742554,0.3474176228046417,7.130524295462237e-07,1.0,7.130524295462237e-07,0.0023188497871160507,0.009144637733697891,0.02448309399187565,0.055802758783102036,0.11608019471168518,0.24415357410907745,0.5,0.5,1.0,1.0
3,920,25000,0.2970035970211029,0.34738415479660034,5.247750323178479e-07,1.0,5.247750323178479e-07,0.0023019867949187756,0.009105815552175045,0.02479582466185093,0.05565384402871132,0.1160314679145813,0.24476027488708496,0.5,0.5,1.0,1.0
3,930,25000,0.2969714105129242,0.347458153963089,5.478890443555429e-07,1.0,5.478890443555429e-07,0.0023170970380306244,0.00919914897531271,0.0246192067861557,0.05546253174543381,0.1158486157655716,0.24321289360523224,0.5,0.5,1.0,1.0
3,940,25000,0.29696929454803467,0.3474198579788208,5.032609351474093e-07,1.0,5.032609351474093e-07,0.002314095152541995,0.009120435453951359,0.024557683616876602,0.05529715120792389,0.11690522730350494,0.24455787241458893,0.5,0.5,1.0,1.0
3,950,25000,0.2970094382762909,0.3474017083644867,6.330768655971042e-07,1.0,6.330768655971042e-07,0.0023610813077539206,0.00912236887961626,0.02457679994404316,0.055730972439050674,0.11633710563182831,0.24613085389137268,0.5,0.5,1.0,1.0
3,960,25000,0.29680535197257996,0.3473346531391144,5.974169994260592e-07,1.0,5.974169994260592e-07,0.0023132895585149527,0.009094193577766418,0.02467072382569313,0.05577840656042099,0.11652202159166336,0.24394001066684723,0.5,0.5,1.0,1.0
3,970,25000,0.296930193901062,0.3473665416240692,6.582820901712694e-07,1.0,6.582820901712694e-07,0.0023128690663725138,0.009203202091157436,0.02463408373296261,0.0557970367372036,0.1160837858915329,0.24577507376670837,0.5,0.5,1.0,1.0
3,980,25000,0.29701659083366394,0.3473259210586548,6.18182866674033e-07,1.0,6.18182866674033e-07,0.002299332292750478,0.00911341980099678,0.024675432592630386,0.05579119920730591,0.11664193868637085,0.24486573040485382,0.5,0.5,1.0,1.0
3,990,25000,0.29670512676239014,0.34735623002052307,6.017743316988344e-07,1.0,6.017743316988344e-07,0.0023265830241143703,0.009134949184954166,0.024650149047374725,0.055561602115631104,0.11616471409797668,0.24474979937076569,0.5,0.5,1.0,1.0
3,1000,25000,0.2968176007270813,0.3472948372364044,5.30746774529689e-07,1.0,5.30746774529689e-07,0.002326823305338621,0.00918963085860014,0.024442296475172043,0.05602303519845009,0.11653255671262741,0.24479112029075623,0.5,0.5,1.0,1.0
3,1010,25000,0.2969973087310791,0.34743455052375793,4.155569968133932e-07,1.0,4.155569968133932e-07,0.00228712591342628,0.009191606193780899,0.02458997629582882,0.05543447658419609,0.1161295473575592,0.24519012868404388,0.5,0.5,1.0,1.0
3,1020,25000,0.29692667722702026,0.34738889336586,5.524705670723051e-07,1.0,5.524705670723051e-07,0.0023273664992302656,0.00913233496248722,0.02468145452439785,0.05577797815203667,0.11576355993747711,0.24457737803459167,0.5,0.5,1.0,1.0
3,1030,25000,0.29679229855537415,0.3473344147205353,5.806351737192017e-07,1.0,5.806351737192017e-07,0.0023041670210659504,0.009110038168728352,0.02475467510521412,0.05563062056899071,0.11608598381280899,0.24490894377231598,0.5,0.5,1.0,1.0
3,1040,25000,0.29678645730018616,0.3473621904850006,5.412715040620242e-07,1.0,5.412715040620242e-07,0.002292715245857835,0.009161550551652908,0.024655038490891457,0.05568317696452141,0.11599771678447723,0.24449309706687927,0.5,0.5,1.0,1.0
3,1050,25000,0.29677683115005493,0.34738048911094666,4.875990384789475e-07,1.0,4.875990384789475e-07,0.0023027772549539804,0.009009003639221191,0.024568697437644005,0.055888351052999496,0.11583595722913742,0.24361449480056763,0.5,0.5,1.0,1.0
3,1060,25000,0.2968210279941559,0.34743326902389526,5.382331096370763e-07,1.0,5.382331096370763e-07,0.0023282759357243776,0.009134186431765556,0.024573814123868942,0.05552287772297859,0.11577951163053513,0.2439691573381424,0.5,0.5,1.0,1.0
3,1070,25000,0.29663199186325073,0.34733712673187256,4.3492210011208954e-07,1.0,4.3492210011208954e-07,0.002293903147801757,0.00915367342531681,0.024495266377925873,0.055637896060943604,0.11605505645275116,0.24353936314582825,0.5,0.5,1.0,1.0
3,1080,25000,0.2969326078891754,0.34740781784057617,4.5715140117863484e-07,1.0,4.5715140117863484e-07,0.002308760304003954,0.009138903580605984,0.024610886350274086,0.055674660950899124,0.11609669029712677,0.24357740581035614,0.5,0.5,1.0,1.0
3,1090,25000,0.29690876603126526,0.3473846912384033,6.589332883777388e-07,1.0,6.589332883777388e-07,0.0023201664444059134,0.009118106216192245,0.024620719254016876,0.055697228759527206,0.11611342430114746,0.24409212172031403,0.5,0.5,1.0,1.0
3,1100,25000,0.2968975007534027,0.3474295139312744,7.353317528213665e-07,1.0,7.353317528213665e-07,0.002349902642890811,0.009112607687711716,0.02452016808092594,0.05574930086731911,0.11593404412269592,0.2446071356534958,0.5,0.5,1.0,1.0
3,1110,25000,0.29689279198646545,0.3473641574382782,6.762430757589755e-07,1.0,6.762430757589755e-07,0.0022869252134114504,0.009093432687222958,0.024545446038246155,0.055888429284095764,0.11654213070869446,0.24495142698287964,0.5,0.5,1.0,1.0
3,1120,25000,0.296958327293396,0.3473910689353943,6.177903628667991e-07,1.0,6.177903628667991e-07,0.002337400335818529,0.0091850645840168,0.02447960339486599,0.055737972259521484,0.11694270372390747,0.24479341506958008,0.5,0.5,1.0,1.0
3,1130,25000,0.29684749245643616,0.34740719199180603,5.819800321660296e-07,1.0,5.819800321660296e-07,0.0023110825568437576,0.009130674414336681,0.024615371599793434,0.05590102821588516,0.1157042384147644,0.24331879615783691,0.5,0.5,1.0,1.0
3,1140,25000,0.29681339859962463,0.34736084938049316,5.314591930982715e-07,1.0,5.314591930982715e-07,0.0023232062812894583,0.00911869015544653,0.024552375078201294,0.055737584829330444,0.11635974049568176,0.24450474977493286,0.5,0.5,1.0,1.0
3,1150,25000,0.2968043088912964,0.34731394052505493,5.331335728442355e-07,1.0,5.331335728442355e-07,0.0023247229401022196,0.009130190126597881,0.024874912574887276,0.055623430758714676,0.11652027070522308,0.24417157471179962,0.5,0.5,1.0,1.0
3,1160,25000,0.29683423042297363,0.347369521856308,5.24162828696717e-07,1.0,5.24162828696717e-07,0.002298937179148197,0.00908387079834938,0.02469456195831299,0.055570509284734726,0.11627501249313354,0.24353145062923431,0.5,0.5,1.0,1.0
3,1170,25000,0.29682499170303345,0.3473658859729767,7.478429893126304e-07,1.0,7.478429893126304e-07,0.002348300302401185,0.009192525409162045,0.024384157732129097,0.05586633458733559,0.11609677970409393,0.24366775155067444,0.5,0.5,1.0,1.0
3,1180,25000,0.2968495786190033,0.3473007380962372,5.477979811985279e-07,1.0,5.477979811985279e-07,0.0023207194171845913,0.009091490879654884,0.024627674371004105,0.055975645780563354,0.11670571565628052,0.24470442533493042,0.5,0.5,1.0,1.0
3,1190,25000,0.2971242666244507,0.347429096698761,6.152851028673467e-07,1.0,6.152851028673467e-07,0.002330091316252947,0.009081305004656315,0.024601787328720093,0.056071873754262924,0.1166124939918518,0.24395306408405304,0.5,0.5,1.0,1.0
3,1200,25000,0.29691052436828613,0.3473570644855499,7.638973329449072e-07,1.0,7.638973329449072e-07,0.0023421708028763533,0.009156879968941212,0.024737190455198288,0.05545346438884735,0.11650130152702332,0.24379491806030273,0.5,0.5,1.0,1.0
3,1210,25000,0.2969220280647278,0.34732896089553833,7.199178639893944e-07,1.0,7.199178639893944e-07,0.0023168539628386497,0.00917812529951334,0.02473374642431736,0.05600050464272499,0.11672860383987427,0.24366779625415802,0.5,0.5,1.0,1.0
3,1220,25000,0.2968820631504059,0.3473590910434723,5.602467467724637e-07,1.0,5.602467467724637e-07,0.002306285547092557,0.009120159782469273,0.02467905730009079,0.0559321828186512,0.11665808409452438,0.243752121925354,0.5,0.5,1.0,1.0
3,1230,25000,0.2968558371067047,0.3473556637763977,6.237478373805061e-07,1.0,6.237478373805061e-07,0.0023361488711088896,0.009216603823006153,0.024672776460647583,0.05587933585047722,0.11596306413412094,0.24469923973083496,0.5,0.5,1.0,1.0
3,1240,25000,0.29693323373794556,0.34735363721847534,6.178563580760965e-07,1.0,6.178563580760965e-07,0.0023157331161201,0.009093345142900944,0.024516619741916656,0.05556496977806091,0.11667894572019577,0.24374334514141083,0.5,0.5,1.0,1.0
3,1250,25000,0.2969462275505066,0.34741318225860596,5.061458523414331e-07,1.0,5.061458523414331e-07,0.0023245702031999826,0.009182947687804699,0.024700524285435677,0.05569184944033623,0.11618003249168396,0.24434643983840942,0.5,0.5,1.0,1.0
3,1260,25000,0.2968728840351105,0.34734681248664856,4.063323899572424e-07,1.0,4.063323899572424e-07,0.0023129130713641644,0.009070065803825855,0.024615837261080742,0.055696018040180206,0.11694273352622986,0.24398164451122284,0.5,0.5,1.0,1.0
3,1270,25000,0.2969576120376587,0.34744027256965637,4.280794883015915e-07,1.0,4.280794883015915e-07,0.0023068636655807495,0.009129570797085762,0.024536337703466415,0.055540964007377625,0.1161998063325882,0.2444966435432434,0.5,0.5,1.0,1.0
3,1280,25000,0.2969669997692108,0.3473733365535736,4.4473034677139367e-07,1.0,4.4473034677139367e-07,0.0023101905826479197,0.009096158668398857,0.024664800614118576,0.05557845160365105,0.1160910353064537,0.24569368362426758,0.5,0.5,1.0,1.0
3,1290,25000,0.29688459634780884,0.34741199016571045,4.542326337286795e-07,1.0,4.542326337286795e-07,0.00233568181283772,0.009181305766105652,0.02458682656288147,0.055793166160583496,0.1163676530122757,0.24419425427913666,0.5,0.5,1.0,1.0
3,1300,25000,0.29691341519355774,0.34743180871009827,4.867694656240928e-07,1.0,4.867694656240928e-07,0.0023183722514659166,0.009100213646888733,0.024634016677737236,0.055457789450883865,0.11668752133846283,0.2433611899614334,0.5,0.5,1.0,1.0
3,1310,25000,0.29684510827064514,0.34743553400039673,4.802296871275757e-07,1.0,4.802296871275757e-07,0.002346411347389221,0.009209128096699715,0.02447499707341194,0.05538871884346008,0.11654168367385864,0.2435026615858078,0.5,0.5,1.0,1.0
3,1320,25000,0.29694974422454834,0.34741610288619995,4.57151941191114e-07,1.0,4.57151941191114e-07,0.002335774013772607,0.009153218008577824,0.02454468235373497,0.05553172528743744,0.11653857678174973,0.24539847671985626,0.5,0.5,1.0,1.0
3,1330,25000,0.2968534529209137,0.3474334180355072,5.54290352283715e-07,1.0,5.54290352283715e-07,0.0023185189347714186,0.009168518707156181,0.024502748623490334,0.05537191778421402,0.11623330414295197,0.2439502775669098,0.5,0.5,1.0,1.0
3,1340,25000,0.29688623547554016,0.34735384583473206,6.284640221565496e-07,1.0,6.284640221565496e-07,0.002328036352992058,0.009062707424163818,0.024559395387768745,0.055801257491111755,0.11657063663005829,0.24400173127651215,0.5,0.5,1.0,1.0
3,1350,25000,0.2970908284187317,0.34751173853874207,6.202232611940417e-07,1.0,6.202232611940417e-07,0.0023291774559766054,0.009098777547478676,0.0244834516197443,0.055775489658117294,0.11666446179151535,0.24419042468070984,0.5,0.5,1.0,1.0
3,1360,25000,0.29701006412506104,0.3474108874797821,7.029651669654413e-07,1.0,7.029651669654413e-07,0.002332845935598016,0.009163270704448223,0.024922970682382584,0.05569308623671532,0.1164727658033371,0.24394793808460236,0.5,0.5,1.0,1.0
3,1370,25000,0.2969018220901489,0.3474615812301636,6.023663559062697e-07,1.0,6.023663559062697e-07,0.002326256362721324,0.00907507911324501,0.024590712040662766,0.05512600392103195,0.11600196361541748,0.24494418501853943,0.5,0.5,1.0,1.0
3,1380,25000,0.2969443202018738,0.34734687209129333,4.974843363925174e-07,1.0,4.974843363925174e-07,0.0023340187035501003,0.009105933830142021,0.024592742323875427,0.05593520775437355,0.1156318411231041,0.24432943761348724,0.5,0.5,1.0,1.0
3,1390,25000,0.29691240191459656,0.3474360406398773,5.593961418526305e-07,1.0,5.593961418526305e-07,0.002319611608982086,0.0092312628403306,0.024604137986898422,0.055501788854599,0.11591489613056183,0.24513621628284454,0.5,0.5,1.0,1.0
3,1400,25000,0.2970253527164459,0.34737178683280945,5.689675504072511e-07,1.0,5.689675504072511e-07,0.0023145147133618593,0.00913540180772543,0.024526817724108696,0.05594190955162048,0.11673983186483383,0.24458080530166626,0.5,0.5,1.0,1.0
3,1410,25000,0.29693546891212463,0.34739789366722107,5.703807346435497e-07,1.0,5.703807346435497e-07,0.002368851564824581,0.009191806428134441,0.024348821491003036,0.05571117624640465,0.11673292517662048,0.24431318044662476,0.5,0.5,1.0,1.0
3,1420,25000,0.29686012864112854,0.34740501642227173,5.632786042042426e-07,1.0,5.632786042042426e-07,0.0023097561206668615,0.00912007037550211,0.024677716195583344,0.05574518069624901,0.11613857746124268,0.24462194740772247,0.5,0.5,1.0,1.0
3,1430,25000,0.296764612197876,0.34740033745765686,4.942793907503074e-07,1.0,4.942793907503074e-07,0.0023119000252336264,0.009179956279695034,0.024531209841370583,0.05578204244375229,0.11603420227766037,0.2442658692598343,0.5,0.5,1.0,1.0
3,1440,25000,0.29698634147644043,0.34742119908332825,5.018316642235732e-07,1.0,5.018316642235732e-07,0.0023104422725737095,0.009169625118374825,0.02466864511370659,0.055358316749334335,0.11597305536270142,0.24496637284755707,0.5,0.5,1.0,1.0
3,1450,25000,0.2969921827316284,0.34745320677757263,5.819810553475691e-07,1.0,5.819810553475691e-07,0.002311981748789549,0.00916355662047863,0.02462661638855934,0.05559402331709862,0.11599991470575333,0.24422426521778107,0.5,0.5,1.0,1.0
3,1460,25000,0.2969821095466614,0.34739938378334045,5.543652150663547e-07,1.0,5.543652150663547e-07,0.002300415886566043,0.009108977392315865,0.024685310199856758,0.05584767088294029,0.11623207479715347,0.24483080208301544,0.5,0.5,1.0,1.0
3,1470,25000,0.29707252979278564,0.3473970890045166,6.622996124860947e-07,1.0,6.622996124860947e-07,0.002317392034456134,0.009158688597381115,0.024664731696248055,0.05541268363595009,0.11638368666172028,0.24474705755710602,0.5,0.5,1.0,1.0
3,1480,25000,0.2969244718551636,0.347469300031662,5.408455763245001e-07,1.0,5.408455763245001e-07,0.0022938253823667765,0.009115290828049183,0.024645663797855377,0.05570315942168236,0.1160377487540245,0.2434917539358139,0.5,0.5,1.0,1.0
3,1490,25000,0.2968050539493561,0.3473823368549347,4.706968184109428e-07,1.0,4.706968184109428e-07,0.002332652686163783,0.009097995236515999,0.02460724301636219,0.0556308850646019,0.11637263000011444,0.24456416070461273,0.5,0.5,1.0,1.0
3,1500,25000,0.29683542251586914,0.34738826751708984,6.905164013915055e-07,1.0,6.905164013915055e-07,0.0022909753024578094,0.009118711575865746,0.024721810594201088,0.05574134364724159,0.11599302291870117,0.24365341663360596,0.5,0.5,1.0,1.0
3,1510,25000,0.29691529273986816,0.3473737835884094,4.608336325873097e-07,1.0,4.608336325873097e-07,0.0023073023185133934,0.009187308140099049,0.024500926956534386,0.05591868609189987,0.11654365807771683,0.24452736973762512,0.5,0.5,1.0,1.0
3,1520,25000,0.2970290184020996,0.34738510847091675,6.718333906974294e-07,1.0,6.718333906974294e-07,0.0023340724874287844,0.009164460934698582,0.024744445458054543,0.05554775521159172,0.116060771048069,0.24532268941402435,0.5,0.5,1.0,1.0
3,1530,25000,0.29680368304252625,0.347312331199646,1.0677072168618906e-06,1.0,1.0677072168618906e-06,0.0023290691897273064,0.009100510738790035,0.024587947875261307,0.05550801008939743,0.1166086196899414,0.24377450346946716,0.5,0.5,1.0,1.0
3,1540,25000,0.2969279885292053,0.3473292589187622,7.743468017906707e-07,1.0,7.743468017906707e-07,0.0023203801829367876,0.009156763553619385,0.024813149124383926,0.056122131645679474,0.11657610535621643,0.24461744725704193,0.5,0.5,1.0,1.0
3,1550,25000,0.2967950999736786,0.347417414188385,5.716680107070715e-07,1.0,5.716680107070715e-07,0.0023212742526084185,0.009196816012263298,0.024604566395282745,0.0557231679558754,0.11591949313879013,0.2441583275794983,0.5,0.5,1.0,1.0
3,1560,25000,0.2967908978462219,0.347408264875412,6.444018936235807e-07,1.0,6.444018936235807e-07,0.002308286726474762,0.009172014892101288,0.024773752316832542,0.05549336597323418,0.11653808504343033,0.24322514235973358,0.5,0.5,1.0,1.0
3,1570,25000,0.2968969941139221,0.3474237322807312,5.151573532202747e-07,1.0,5.151573532202747e-07,0.0023252370301634073,0.009139567613601685,0.0247679241001606,0.055750202387571335,0.11600352823734283,0.2437179982662201,0.5,0.5,1.0,1.0
3,1580,25000,0.2969323992729187,0.34736713767051697,5.573918429035984e-07,1.0,5.573918429035984e-07,0.002307826653122902,0.009109203703701496,0.02482374757528305,0.05548100546002388,0.11620453745126724,0.24445006251335144,0.5,0.5,1.0,1.0
3,1590,25000,0.29691100120544434,0.3473796248435974,5.511261065294093e-07,1.0,5.511261065294093e-07,0.002335021737962961,0.009092241525650024,0.024598905816674232,0.055781956762075424,0.11650590598583221,0.24378155171871185,0.5,0.5,1.0,1.0
3,1600,25000,0.29687345027923584,0.34744882583618164,6.010130277900316e-07,1.0,6.010130277900316e-07,0.0023344578221440315,0.009077554568648338,0.024450890719890594,0.05545346811413765,0.11651504039764404,0.24461810290813446,0.5,0.5,1.0,1.0
3,1610,25000,0.2968307137489319,0.3473738133907318,5.234434183876147e-07,1.0,5.234434183876147e-07,0.0023252987302839756,0.009188976138830185,0.024618370458483696,0.055700551718473434,0.11650751531124115,0.2437610626220703,0.5,0.5,1.0,1.0
3,1620,25000,0.2968595027923584,0.3474035859107971,4.822185815100966e-07,1.0,4.822185815100966e-07,0.0023183489684015512,0.009119986556470394,0.02456214651465416,0.05560297146439552,0.11632455885410309,0.24392271041870117,0.5,0.5,1.0,1.0
3,1630,25000,0.2969292998313904,0.3474384844303131,4.988128807781322e-07,1.0,4.988128807781322e-07,0.0023440176155418158,0.009110772050917149,0.0245750080794096,0.05581919848918915,0.11636517941951752,0.24287042021751404,0.5,0.5,1.0,1.0
3,1640,25000,0.29691001772880554,0.34734660387039185,3.218605399979424e-07,1.0,3.218605399979424e-07,0.002335488796234131,0.009141220711171627,0.02482200413942337,0.05563780292868614,0.11595185101032257,0.245494082570076,0.5,0.5,1.0,1.0
3,1650,25000,0.29699286818504333,0.3475043475627899,6.853026661701733e-07,1.0,6.853026661701733e-07,0.0023296819999814034,0.009061496704816818,0.024415364488959312,0.05559631064534187,0.11615052819252014,0.24503132700920105,0.5,0.5,1.0,1.0
3,1660,25000,0.29689353704452515,0.3474311828613281,6.070645213185344e-07,1.0,6.070645213185344e-07,0.00232170382514596,0.009118209592998028,0.024648135527968407,0.055540554225444794,0.11602048575878143,0.24419359862804413,0.5,0.5,1.0,1.0
3,1670,25000,0.2969299256801605,0.3474216163158417,6.223461923582363e-07,1.0,6.223461923582363e-07,0.0023140895646065474,0.009134316816926003,0.0245507899671793,0.056114815175533295,0.11663980782032013,0.24279946088790894,0.5,0.5,1.0,1.0
3,1680,25000,0.29700109362602234,0.34749019145965576,6.207631599863817e-07,1.0,6.207631599863817e-07,0.0023256370332092047,0.009134624153375626,0.02456996776163578,0.05562027171254158,0.11642596125602722,0.24387280642986298,0.5,0.5,1.0,1.0
3,1690,25000,0.297078013420105,0.3474314510822296,4.873548959949403e-07,1.0,4.873548959949403e-07,0.0023410653229802847,0.009209924377501011,0.02459450624883175,0.055559076368808746,0.11652994900941849,0.2441820353269577,0.5,0.5,1.0,1.0
3,1700,25000,0.29681268334388733,0.34740322828292847,7.40583743663592e-07,1.0,7.40583743663592e-07,0.002318057231605053,0.009191539138555527,0.02455892041325569,0.05604400485754013,0.11591961979866028,0.2441050261259079,0.5,0.5,1.0,1.0
3,1710,25000,0.2969103455543518,0.34740719199180603,5.335602395462047e-07,1.0,5.335602395462047e-07,0.002330463146790862,0.009170801378786564,0.02478969842195511,0.05587853118777275,0.11636801809072495,0.244147390127182,0.5,0.5,1.0,1.0
3,1720,25000,0.2968460023403168,0.3473151624202728,4.523628263086721e-07,1.0,4.523628263086721e-07,0.00232681049965322,0.009163422510027885,0.02468579262495041,0.05560792237520218,0.11701561510562897,0.24482405185699463,0.5,0.5,1.0,1.0
3,1730,25000,0.29683125019073486,0.34742215275764465,6.196157187332574e-07,1.0,6.196157187332574e-07,0.002323134569451213,0.009085333906114101,0.02467419020831585,0.05571889877319336,0.11585775762796402,0.24393847584724426,0.5,0.5,1.0,1.0
3,1740,25000,0.2969261109828949,0.3474169075489044,6.027789254403615e-07,1.0,6.027789254403615e-07,0.0023044974077492952,0.009212919510900974,0.02456732839345932,0.055827412754297256,0.1172364205121994,0.2440207451581955,0.5,0.5,1.0,1.0
3,1750,25000,0.2970297336578369,0.3474334180355072,4.602632088790415e-07,1.0,4.602632088790415e-07,0.002319973660632968,0.009139323607087135,0.02459944225847721,0.0553724505007267,0.11650286614894867,0.24433660507202148,0.5,0.5,1.0,1.0
3,1760,25000,0.29692262411117554,0.34737730026245117,4.983689905202482e-07,1.0,4.983689905202482e-07,0.0023174178786575794,0.009134949184954166,0.024769578129053116,0.05576252192258835,0.11655113101005554,0.24443359673023224,0.5,0.5,1.0,1.0
3,1770,25000,0.29701927304267883,0.3474235534667969,7.436765372403897e-07,1.0,7.436765372403897e-07,0.002317805076017976,0.009203431196510792,0.02469302900135517,0.055791303515434265,0.11626455187797546,0.2457887828350067,0.5,0.5,1.0,1.0
3,1780,25000,0.2968987226486206,0.34740549325942993,4.583997963436559e-07,1.0,4.583997963436559e-07,0.002329242881387472,0.009126939810812473,0.024709610268473625,0.0556289404630661,0.11636286973953247,0.2453133463859558,0.5,0.5,1.0,1.0
3,1790,25000,0.29699140787124634,0.34741532802581787,5.276917249830149e-07,1.0,5.276917249830149e-07,0.0023239371366798878,0.009134095162153244,0.024496370926499367,0.05540253594517708,0.11646728217601776,0.24581097066402435,0.5,0.5,1.0,1.0
3,1800,25000,0.296908438205719,0.3474942147731781,4.447069841262419e-07,1.0,4.447069841262419e-07,0.0023114229552447796,0.009184837341308594,0.024584375321865082,0.055638860911130905,0.116002157330513,0.24314488470554352,0.5,0.5,1.0,1.0
3,1810,25000,0.29685890674591064,0.3474990129470825,6.86549583406304e-07,1.0,6.86549583406304e-07,0.0023257953580468893,0.009049427695572376,0.02462542988359928,0.05570196732878685,0.11634808778762817,0.24369122087955475,0.5,0.5,1.0,1.0
3,1820,25000,0.2968137860298157,0.34747591614723206,5.503677016349684e-07,1.0,5.503677016349684e-07,0.0023145563900470734,0.009167887270450592,0.024628710001707077,0.055453985929489136,0.11600883305072784,0.24373699724674225,0.5,0.5,1.0,1.0
3,1830,25000,0.29700806736946106,0.3474136292934418,3.8938756574680156e-07,1.0,3.8938756574680156e-07,0.002346164546906948,0.009179231710731983,0.024661704897880554,0.05550292879343033,0.11672826111316681,0.24489951133728027,0.5,0.5,1.0,1.0
3,1840,25000,0.29692506790161133,0.3474469780921936,4.935326956001518e-07,1.0,4.935326956001518e-07,0.002338241320103407,0.009182893671095371,0.024594862014055252,0.05578900873661041,0.11664354801177979,0.2436206042766571,0.5,0.5,1.0,1.0
3,1850,25000,0.29680880904197693,0.3473871946334839,4.536468054539e-07,1.0,4.536468054539e-07,0.0023072066251188517,0.009136263281106949,0.024699218571186066,0.05578413978219032,0.11598286032676697,0.24349351227283478,0.5,0.5,1.0,1.0
3,1860,25000,0.2969287037849426,0.3473922312259674,6.912985668350302e-07,1.0,6.912985668350302e-07,0.002328834030777216,0.00917014293372631,0.02452201023697853,0.05549376457929611,0.11661256104707718,0.24498096108436584,0.5,0.5,1.0,1.0
3,1870,25000,0.2968502342700958,0.34741950035095215,5.358795647225634e-07,1.0,5.358795647225634e-07,0.002341509098187089,0.00917748361825943,0.02468116767704487,0.055720772594213486,0.11610696464776993,0.24433739483356476,0.5,0.5,1.0,1.0
3,1880,25000,0.2970260977745056,0.3473551273345947,6.812433070990664e-07,1.0,6.812433070990664e-07,0.0023213408421725035,0.009176141582429409,0.024598808959126472,0.055722251534461975,0.11627372354269028,0.2456936538219452,0.5,0.5,1.0,1.0
3,1890,25000,0.29702040553092957,0.3473929166793823,5.031043315284478e-07,1.0,5.031043315284478e-07,0.002334650605916977,0.009132171049714088,0.024563420563936234,0.05560677871108055,0.11662042140960693,0.2439064383506775,0.5,0.5,1.0,1.0
3,1900,25000,0.29691824316978455,0.3474201261997223,4.6756801452829677e-07,1.0,4.6756801452829677e-07,0.0023168567568063736,0.009169823490083218,0.024734949693083763,0.055878326296806335,0.11562380194664001,0.24459968507289886,0.5,0.5,1.0,1.0
3,1910,25000,0.2969883382320404,0.3473900258541107,5.180663720238954e-07,1.0,5.180663720238954e-07,0.0023262344766408205,0.009155959822237492,0.024671420454978943,0.05569687485694885,0.11636222898960114,0.24504804611206055,0.5,0.5,1.0,1.0
3,1920,25000,0.29692307114601135,0.3474448323249817,5.245124725661299e-07,1.0,5.245124725661299e-07,0.002312297699972987,0.009217596612870693,0.02464190125465393,0.05532168596982956,0.1161981076002121,0.2448631227016449,0.5,0.5,1.0,1.0
3,1930,25000,0.29693958163261414,0.34740695357322693,5.297941925164196e-07,1.0,5.297941925164196e-07,0.0023183475714176893,0.009179309941828251,0.0246133953332901,0.05560293048620224,0.11671677231788635,0.2435915619134903,0.5,0.5,1.0,1.0
3,1940,25000,0.29681396484375,0.34742698073387146,6.353952244353422e-07,1.0,6.353952244353422e-07,0.0023039435036480427,0.009057664312422276,0.024507008492946625,0.05541246756911278,0.1162625253200531,0.2435934990644455,0.5,0.5,1.0,1.0
3,1950,25000,0.29682812094688416,0.3474552631378174,5.94166351675085e-07,1.0,5.94166351675085e-07,0.002301419386640191,0.009204492904245853,0.02469727396965027,0.05536303296685219,0.11619936674833298,0.24407564103603363,0.5,0.5,1.0,1.0
3,1960,25000,0.2969045341014862,0.3474481999874115,5.078264280200528e-07,1.0,5.078264280200528e-07,0.0023028405848890543,0.009148500859737396,0.024651408195495605,0.055797677487134933,0.1164005845785141,0.24357108771800995,0.5,0.5,1.0,1.0
3,1970,25000,0.2967458963394165,0.3473927676677704,5.432341936284502e-07,1.0,5.432341936284502e-07,0.0023107221350073814,0.009132100269198418,0.024606114253401756,0.055628832429647446,0.1161203682422638,0.24337200820446014,0.5,0.5,1.0,1.0
3,1980,25000,0.2969178855419159,0.34742724895477295,5.44824501957919e-07,1.0,5.44824501957919e-07,0.0023214572574943304,0.009173193015158176,0.024527212604880333,0.055912382900714874,0.1164865642786026,0.2437051385641098,0.5,0.5,1.0,1.0
3,1990,25000,0.29705432057380676,0.34737035632133484,4.711506846888369e-07,1.0,4.711506846888369e-07,0.0023354634176939726,0.009160473011434078,0.024652162566781044,0.05576784908771515,0.11651590466499329,0.24499982595443726,0.5,0.5,1.0,1.0
3,2000,25000,0.2969191074371338,0.3474304676055908,6.334464046631183e-07,1.0,6.334464046631183e-07,0.0023154246155172586,0.009129168465733528,0.02477579191327095,0.05569761246442795,0.11606872826814651,0.24378010630607605,0.5,0.5,1.0,1.0
3,2010,25000,0.29707321524620056,0.3474903106689453,5.8712299733088e-07,1.0,5.8712299733088e-07,0.002317036734893918,0.009174874052405357,0.024713128805160522,0.05586248263716698,0.11683560162782669,0.24335183203220367,0.5,0.5,1.0,1.0
3,2020,25000,0.2969134747982025,0.3473805785179138,5.374176339500991e-07,1.0,5.374176339500991e-07,0.0022947026882320642,0.009178965352475643,0.02466963231563568,0.056089479476213455,0.11664633452892303,0.24474677443504333,0.5,0.5,1.0,1.0
3,2030,25000,0.2968663275241852,0.3474254906177521,4.506593711539608e-07,1.0,4.506593711539608e-07,0.0022929534316062927,0.009149284102022648,0.024626299738883972,0.055653851479291916,0.115849070250988,0.24334068596363068,0.5,0.5,1.0,1.0
3,2040,25000,0.2969447374343872,0.3473983407020569,4.525406609445781e-07,1.0,4.525406609445781e-07,0.0023351002018898726,0.009127989411354065,0.024590007960796356,0.055555712431669235,0.11691561341285706,0.24503056704998016,0.5,0.5,1.0,1.0
3,2050,25000,0.29701387882232666,0.34750622510910034,5.155399094292079e-07,1.0,5.155399094292079e-07,0.0022955082822591066,0.009082929231226444,0.024537431076169014,0.055891040712594986,0.11624523997306824,0.24482810497283936,0.5,0.5,1.0,1.0
3,2060,25000,0.29694443941116333,0.3474423587322235,7.145458766899537e-07,1.0,7.145458766899537e-07,0.002340554492548108,0.00910399854183197,0.024611324071884155,0.05559065192937851,0.11658057570457458,0.24387001991271973,0.5,0.5,1.0,1.0
3,2070,25000,0.2968311607837677,0.34743207693099976,6.388031579263043e-07,1.0,6.388031579263043e-07,0.0023253262042999268,0.009188502095639706,0.024522850289940834,0.05528499558568001,0.11637361347675323,0.2443942278623581,0.5,0.5,1.0,1.0
3,2080,25000,0.2968546748161316,0.3474451005458832,4.868110181632801e-07,1.0,4.868110181632801e-07,0.0023108983878046274,0.009103854186832905,0.02438092790544033,0.05536976084113121,0.11596832424402237,0.2438792735338211,0.5,0.5,1.0,1.0
3,2090,25000,0.2969026267528534,0.3474101424217224,7.794602083777136e-07,1.0,7.794602083777136e-07,0.0023144723381847143,0.009129936806857586,0.02482570707798004,0.055690910667181015,0.11626721918582916,0.24421237409114838,0.5,0.5,1.0,1.0
3,2100,25000,0.29692286252975464,0.3475130796432495,6.960039513614902e-07,1.0,6.960039513614902e-07,0.0023271648678928614,0.009140396490693092,0.02449052967131138,0.05569864809513092,0.1156834065914154,0.24406558275222778,0.5,0.5,1.0,1.0
3,2110,25000,0.29692772030830383,0.34745875000953674,6.952888043088024e-07,1.0,6.952888043088024e-07,0.002303156303241849,0.009160769172012806,0.024561258032917976,0.05560751631855965,0.11615803837776184,0.2441824972629547,0.5,0.5,1.0,1.0
3,2120,25000,0.29697859287261963,0.3473946452140808,5.544594046114071e-07,1.0,5.544594046114071e-07,0.002327465685084462,0.009212842211127281,0.024538030847907066,0.05584242567420006,0.11687533557415009,0.24431069195270538,0.5,0.5,1.0,1.0
3,2130,25000,0.2968991994857788,0.34746962785720825,6.05904858730355e-07,1.0,6.05904858730355e-07,0.0023179969284683466,0.009278086945414543,0.024432145059108734,0.05581147223711014,0.1158396303653717,0.24387167394161224,0.5,0.5,1.0,1.0
3,2140,25000,0.2969384491443634,0.3474445044994354,4.4449905090004904e-07,1.0,4.4449905090004904e-07,0.002304264111444354,0.009177183732390404,0.02463570423424244,0.05569176748394966,0.11601406335830688,0.24403274059295654,0.5,0.5,1.0,1.0
3,2150,25000,0.2969200909137726,0.3474006652832031,5.224928827374242e-07,1.0,5.224928827374242e-07,0.0023220404982566833,0.009171850048005581,0.024755435064435005,0.055637605488300323,0.11603609472513199,0.24529790878295898,0.5,0.5,1.0,1.0
3,2160,25000,0.2970240116119385,0.3475209176540375,5.30408613030886e-07,1.0,5.30408613030886e-07,0.00232692901045084,0.009226498194038868,0.024547813460230827,0.05597348138689995,0.11604306101799011,0.24443398416042328,0.5,0.5,1.0,1.0
3,2170,25000,0.29684722423553467,0.3474184274673462,4.3123554860358126e-07,1.0,4.3123554860358126e-07,0.002308974973857403,0.009072471410036087,0.024677403271198273,0.05548864230513573,0.11646963655948639,0.24404513835906982,0.5,0.5,1.0,1.0
3,2180,25000,0.2970080077648163,0.34743520617485046,4.814522185370151e-07,1.0,4.814522185370151e-07,0.0023120511323213577,0.009104928933084011,0.024639476090669632,0.05575447529554367,0.11652803421020508,0.2448653131723404,0.5,0.5,1.0,1.0
3,2190,25000,0.29694658517837524,0.3472899794578552,4.7316987661361054e-07,1.0,4.7316987661361054e-07,0.002339279977604747,0.009146025404334068,0.024839317426085472,0.05562969669699669,0.11738532036542892,0.24403296411037445,0.5,0.5,1.0,1.0
3,2200,25000,0.29686450958251953,0.3474261164665222,8.762613106227946e-07,1.0,8.762613106227946e-07,0.0023198567796498537,0.009160145185887814,0.024650726467370987,0.05541243404150009,0.11657004058361053,0.24239861965179443,0.5,0.5,1.0,1.0
3,2210,25000,0.2969449460506439,0.347362220287323,5.556121891459043e-07,1.0,5.556121891459043e-07,0.0022936093155294657,0.009228689596056938,0.024593161419034004,0.05579735338687897,0.11678975075483322,0.24482731521129608,0.5,0.5,1.0,1.0
3,2220,25000,0.296879380941391,0.3473905920982361,5.094109383207979e-07,1.0,5.094109383207979e-07,0.0023204563185572624,0.009140090085566044,0.024617157876491547,0.05582825466990471,0.11605799198150635,0.2452716827392578,0.5,0.5,1.0,1.0
3,2230,25000,0.296916663646698,0.3474047780036926,5.492694299391587e-07,1.0,5.492694299391587e-07,0.0022964696399867535,0.009175010956823826,0.024619564414024353,0.05567445978522301,0.11624764651060104,0.24537071585655212,0.5,0.5,1.0,1.0
3,2240,25000,0.29695725440979004,0.3474997878074646,5.610658604382479e-07,1.0,5.610658604382479e-07,0.0023067714646458626,0.009204953908920288,0.024599038064479828,0.055704206228256226,0.11596967279911041,0.24388383328914642,0.5,0.5,1.0,1.0
3,2250,25000,0.29699036478996277,0.3474484086036682,6.497358526758035e-07,1.0,6.497358526758035e-07,0.0023303981870412827,0.009149828925728798,0.024598723277449608,0.05573241412639618,0.11607341468334198,0.24449984729290009,0.5,0.5,1.0,1.0
3,2260,25000,0.29697278141975403,0.34744635224342346,5.869335950592358e-07,1.0,5.869335950592358e-07,0.0023245590273290873,0.009106484241783619,0.024571243673563004,0.05605306476354599,0.11607469618320465,0.24518974125385284,0.5,0.5,1.0,1.0
3,2270,25000,0.296914279460907,0.3474169969558716,5.761893362432602e-07,1.0,5.761893362432602e-07,0.0023268789518624544,0.009095611982047558,0.024644942954182625,0.05575351044535637,0.11596979200839996,0.24451270699501038,0.5,0.5,1.0,1.0
3,2280,25000,0.29689592123031616,0.3474399745464325,5.032631520407449e-07,1.0,5.032631520407449e-07,0.0023361227940768003,0.009104020893573761,0.024601440876722336,0.05564933642745018,0.11673939228057861,0.24449054896831512,0.5,0.5,1.0,1.0
3,2290,25000,0.29689154028892517,0.3474706709384918,5.175342607799394e-07,1.0,5.175342607799394e-07,0.0023205368779599667,0.00917064119130373,0.02437514066696167,0.055599913001060486,0.11592677235603333,0.24424231052398682,0.5,0.5,1.0,1.0
3,2300,25000,0.2969326078891754,0.3475368618965149,4.5031868012301857e-07,1.0,4.5031868012301857e-07,0.002322535729035735,0.009173239581286907,0.02447861060500145,0.055509038269519806,0.11610565334558487,0.24369922280311584,0.5,0.5,1.0,1.0
3,2310,25000,0.2968657314777374,0.34745121002197266,4.839288294533617e-07,1.0,4.839288294533617e-07,0.0022977550979703665,0.009095363318920135,0.02463424578309059,0.055413033813238144,0.11577356606721878,0.24471527338027954,0.5,0.5,1.0,1.0
3,2320,25000,0.2968398928642273,0.34747952222824097,5.447960234050697e-07,1.0,5.447960234050697e-07,0.0023150001652538776,0.00911472737789154,0.024642901495099068,0.05551840364933014,0.1157037615776062,0.24316203594207764,0.5,0.5,1.0,1.0
3,2330,25000,0.2970231771469116,0.347467839717865,5.047928652857081e-07,1.0,5.047928652857081e-07,0.002335367724299431,0.00908495020121336,0.02453133650124073,0.055701881647109985,0.11633218079805374,0.2438059002161026,0.5,0.5,1.0,1.0
3,2340,25000,0.29702019691467285,0.34741663932800293,5.339844619811629e-07,1.0,5.339844619811629e-07,0.002308471826836467,0.009102662093937397,0.02457597479224205,0.055659666657447815,0.11709661781787872,0.24485762417316437,0.5,0.5,1.0,1.0
3,2350,25000,0.2967873215675354,0.34741464257240295,5.953933737146144e-07,1.0,5.953933737146144e-07,0.0023204428143799305,0.009120246395468712,0.024504773318767548,0.05578802898526192,0.11601676046848297,0.24365989863872528,0.5,0.5,1.0,1.0
3,2360,25000,0.2969842553138733,0.34742653369903564,5.531833267014008e-07,1.0,5.531833267014008e-07,0.002301675733178854,0.009216642938554287,0.024763787165284157,0.055530332028865814,0.11610577255487442,0.2444784939289093,0.5,0.5,1.0,1.0
3,2370,25000,0.29689666628837585,0.34742358326911926,4.868537075708446e-07,1.0,4.868537075708446e-07,0.0023087479639798403,0.009168998338282108,0.024592384696006775,0.05586365610361099,0.11616014689207077,0.24376876652240753,0.5,0.5,1.0,1.0
3,2380,25000,0.29705318808555603,0.34748217463493347,5.658379222950316e-07,1.0,5.658379222950316e-07,0.0023056722711771727,0.009140723384916782,0.024560898542404175,0.055490169674158096,0.11636911332607269,0.24586382508277893,0.5,0.5,1.0,1.0
3,2390,25000,0.29686394333839417,0.34735119342803955,5.011877419747179e-07,1.0,5.011877419747179e-07,0.0023259965237230062,0.009197005070745945,0.024631895124912262,0.0557878352701664,0.11641796678304672,0.24415677785873413,0.5,0.5,1.0,1.0
3,2400,25000,0.2968486547470093,0.34740036725997925,3.8200261087695253e-07,1.0,3.8200261087695253e-07,0.0023406713735312223,0.009153034538030624,0.024662939831614494,0.055459633469581604,0.11640949547290802,0.24360962212085724,0.5,0.5,1.0,1.0
3,2410,25000,0.2969900071620941,0.34746384620666504,6.155572691568523e-07,1.0,6.155572691568523e-07,0.002320600440725684,0.00907442532479763,0.024403980001807213,0.05561208352446556,0.11625184118747711,0.24423687160015106,0.5,0.5,1.0,1.0
3,2420,25000,0.2969141900539398,0.347434937953949,5.794587991658773e-07,1.0,5.794587991658773e-07,0.002317153848707676,0.009153231978416443,0.024560192599892616,0.05563652515411377,0.11631584167480469,0.24391408264636993,0.5,0.5,1.0,1.0
3,2430,25000,0.29697170853614807,0.34742608666419983,4.7494648924839566e-07,1.0,4.7494648924839566e-07,0.0023100702092051506,0.009105516597628593,0.02466316893696785,0.056030046194791794,0.11642485857009888,0.2444445937871933,0.5,0.5,1.0,1.0
3,2440,25000,0.2969094216823578,0.34739020466804504,5.190386218600906e-07,1.0,5.190386218600906e-07,0.0023348378017544746,0.00915553979575634,0.024616356939077377,0.05577867478132248,0.1165071502327919,0.2446475476026535,0.5,0.5,1.0,1.0
3,2450,25000,0.29679104685783386,0.34737005829811096,5.295127607496397e-07,1.0,5.295127607496397e-07,0.0023182653822004795,0.009074710309505463,0.02434404008090496,0.055752553045749664,0.11664310097694397,0.24354909360408783,0.5,0.5,1.0,1.0
3,2460,25000,0.29695895314216614,0.3474755585193634,5.691489946002548e-07,1.0,5.691489946002548e-07,0.0023170490749180317,0.009065808728337288,0.024605881422758102,0.05556560680270195,0.11568690836429596,0.24521896243095398,0.5,0.5,1.0,1.0
3,2470,25000,0.2968844175338745,0.3475038409233093,4.698337363606697e-07,1.0,4.698337363606697e-07,0.0023481883108615875,0.009199418127536774,0.024693245068192482,0.05562971532344818,0.11611263453960419,0.2442610263824463,0.5,0.5,1.0,1.0
3,2480,25000,0.2969088852405548,0.3474939167499542,5.740314463764662e-07,1.0,5.740314463764662e-07,0.0023203217424452305,0.009164873510599136,0.024580836296081543,0.05561600625514984,0.1162966638803482,0.24428799748420715,0.5,0.5,1.0,1.0
3,2490,25000,0.29692715406417847,0.3474237024784088,5.070909878668317e-07,1.0,5.070909878668317e-07,0.002337888814508915,0.009154317900538445,0.024482419714331627,0.0558425709605217,0.11680059134960175,0.244842067360878,0.5,0.5,1.0,1.0
3,2500,25000,0.29694676399230957,0.3473924696445465,7.263768111442914e-07,1.0,7.263768111442914e-07,0.002322850516065955,0.009211433120071888,0.024688400328159332,0.055625636130571365,0.1162169873714447,0.24521218240261078,0.5,0.5,1.0,1.0
3,2510,25000,0.2969815135002136,0.3475128412246704,6.212433731889178e-07,1.0,6.212433731889178e-07,0.002315740566700697,0.00923215877264738,0.024557458236813545,0.05598990246653557,0.11613312363624573,0.24346859753131866,0.5,0.5,1.0,1.0
3,2520,25000,0.29708024859428406,0.34742507338523865,5.529476538868039e-07,1.0,5.529476538868039e-07,0.002318542916327715,0.00918453000485897,0.024630140513181686,0.0556536465883255,0.11660954356193542,0.24496711790561676,0.5,0.5,1.0,1.0
3,2530,25000,0.2969752848148346,0.3474525809288025,6.086448820497026e-07,1.0,6.086448820497026e-07,0.002309005009010434,0.009163773618638515,0.024597542360424995,0.0553705170750618,0.11664697527885437,0.24467331171035767,0.5,0.5,1.0,1.0
3,2540,25000,0.296930193901062,0.34745484590530396,6.746507210664276e-07,1.0,6.746507210664276e-07,0.0023170649074018,0.009115368127822876,0.024693123996257782,0.055635593831539154,0.11620514839887619,0.2444731742143631,0.5,0.5,1.0,1.0
3,2550,25000,0.29706403613090515,0.34752514958381653,5.099300892652536e-07,1.0,5.099300892652536e-07,0.0023185608442872763,0.00919751264154911,0.02461991272866726,0.05588039755821228,0.11642718315124512,0.24477341771125793,0.5,0.5,1.0,1.0
3,2560,25000,0.29694387316703796,0.3474825918674469,4.47751006049657e-07,1.0,4.47751006049657e-07,0.0023219308350235224,0.009081805124878883,0.02458290569484234,0.05559283494949341,0.11659598350524902,0.24408487975597382,0.5,0.5,1.0,1.0
3,2570,25000,0.2968823313713074,0.347455233335495,4.99648933782737e-07,1.0,4.99648933782737e-07,0.002311898395419121,0.009154906496405602,0.024520335718989372,0.05589045211672783,0.11630447208881378,0.2438773512840271,0.5,0.5,1.0,1.0
3,2580,25000,0.29693353176116943,0.34742024540901184,4.3043880282311875e-07,1.0,4.3043880282311875e-07,0.0023408106062561274,0.00914420373737812,0.024603860452771187,0.05602207034826279,0.11633352935314178,0.24450290203094482,0.5,0.5,1.0,1.0
3,2590,25000,0.29697829484939575,0.3474213778972626,5.164182539374451e-07,1.0,5.164182539374451e-07,0.002308465773239732,0.009149518795311451,0.024892915040254593,0.055844951421022415,0.11676421761512756,0.24459894001483917,0.5,0.5,1.0,1.0
3,2600,25000,0.29682308435440063,0.3475010395050049,6.102827683207579e-07,1.0,6.102827683207579e-07,0.0023097984958440065,0.00922147836536169,0.024483075365424156,0.05570916831493378,0.11566769331693649,0.2427786886692047,0.5,0.5,1.0,1.0
3,2610,25000,0.29673829674720764,0.34742221236228943,5.541070891013078e-07,1.0,5.541070891013078e-07,0.0023309241514652967,0.009143001399934292,0.024635175243020058,0.055393036454916,0.11602309346199036,0.24444787204265594,0.5,0.5,1.0,1.0
3,2620,25000,0.29695406556129456,0.34740954637527466,5.179863364901394e-07,1.0,5.179863364901394e-07,0.002299534622579813,0.009184042923152447,0.02474811114370823,0.055506739765405655,0.11636267602443695,0.24401934444904327,0.5,0.5,1.0,1.0
3,2630,25000,0.2969537079334259,0.3475034236907959,4.537413929028844e-07,1.0,4.537413929028844e-07,0.0023097279481589794,0.009057719260454178,0.024620788171887398,0.055835481733083725,0.11588150262832642,0.24512837827205658,0.5,0.5,1.0,1.0
3,2640,25000,0.2968234121799469,0.34745484590530396,5.806518856843468e-07,1.0,5.806518856843468e-07,0.0023068957962095737,0.009143891744315624,0.02469990774989128,0.05527866259217262,0.1163351833820343,0.24370606243610382,0.5,0.5,1.0,1.0
3,2650,25000,0.2968243360519409,0.347455233335495,5.16049112775363e-07,1.0,5.16049112775363e-07,0.0023271036334335804,0.009202047251164913,0.024480126798152924,0.055865608155727386,0.11543326079845428,0.24319449067115784,0.5,0.5,1.0,1.0
3,2660,25000,0.29692521691322327,0.34744882583618164,4.207328174743452e-07,1.0,4.207328174743452e-07,0.0023116120137274265,0.009139799512922764,0.024660225957632065,0.055382322520017624,0.11650017648935318,0.2452547401189804,0.5,0.5,1.0,1.0
3,2670,25000,0.2970307767391205,0.3474816381931305,4.120813343888585e-07,1.0,4.120813343888585e-07,0.0023078010417521,0.009260302409529686,0.024693429470062256,0.055727966129779816,0.11646828055381775,0.2442511022090912,0.5,0.5,1.0,1.0
3,2680,25000,0.2969908118247986,0.3475404679775238,6.638277341153298e-07,1.0,6.638277341153298e-07,0.002300794003531337,0.00904804840683937,0.024589182808995247,0.05566459894180298,0.1161980926990509,0.24506384134292603,0.5,0.5,1.0,1.0
3,2690,25000,0.29690971970558167,0.3474433124065399,5.025877953812596e-07,1.0,5.025877953812596e-07,0.002339389408007264,0.009109346196055412,0.024602405726909637,0.05536400154232979,0.11621251702308655,0.24445495009422302,0.5,0.5,1.0,1.0
3,2700,25000,0.2969578504562378,0.34743639826774597,4.5156392047829286e-07,1.0,4.5156392047829286e-07,0.0023038520012050867,0.009090606123209,0.024621156975626945,0.05567382276058197,0.11654192209243774,0.24420928955078125,0.5,0.5,1.0,1.0
3,2710,25000,0.2969503104686737,0.3474377691745758,7.338921932387166e-07,1.0,7.338921932387166e-07,0.002303672954440117,0.009116464294493198,0.02470823936164379,0.05590460076928139,0.11560936272144318,0.24399933218955994,0.5,0.5,1.0,1.0
3,2720,25000,0.2969571053981781,0.3475208878517151,7.402055643979111e-07,1.0,7.402055643979111e-07,0.0023341472260653973,0.00916527770459652,0.024721553549170494,0.055529844015836716,0.11584821343421936,0.24385669827461243,0.5,0.5,1.0,1.0
3,2730,25000,0.29704591631889343,0.34749674797058105,6.08295522397384e-07,1.0,6.08295522397384e-07,0.0023407223634421825,0.00921944435685873,0.024696577340364456,0.05547404661774635,0.1161746233701706,0.2458987832069397,0.5,0.5,1.0,1.0
3,2740,25000,0.29706406593322754,0.34748032689094543,5.133467197993014e-07,1.0,5.133467197993014e-07,0.0023208074271678925,0.00911824032664299,0.024616748094558716,0.055560946464538574,0.11661314964294434,0.2456262856721878,0.5,0.5,1.0,1.0
3,2750,25000,0.296878457069397,0.34745684266090393,5.734569867854589e-07,1.0,5.734569867854589e-07,0.0023079223465174437,0.009166979230940342,0.024659747257828712,0.05571110174059868,0.11663267761468887,0.24391721189022064,0.5,0.5,1.0,1.0
3,2760,25000,0.29677993059158325,0.347433477640152,6.236221565814049e-07,1.0,6.236221565814049e-07,0.00229901191778481,0.009160405024886131,0.024578914046287537,0.055503588169813156,0.11603086441755295,0.24401253461837769,0.5,0.5,1.0,1.0
3,2770,25000,0.2969729006290436,0.34752118587493896,5.910375762141484e-07,1.0,5.910375762141484e-07,0.0023031809832900763,0.009108979254961014,0.024599378928542137,0.05580257996916771,0.11600220948457718,0.243509441614151,0.5,0.5,1.0,1.0
3,2780,25000,0.2969547212123871,0.34744763374328613,7.747979111627501e-07,1.0,7.747979111627501e-07,0.002320067724213004,0.009208966977894306,0.02462906390428543,0.05579523369669914,0.11579125374555588,0.24423381686210632,0.5,0.5,1.0,1.0
3,2790,25000,0.2968941330909729,0.34743601083755493,7.430657547047304e-07,1.0,7.430657547047304e-07,0.002348695183172822,0.009107246994972229,0.02477615885436535,0.05569612607359886,0.11617004871368408,0.24366874992847443,0.5,0.5,1.0,1.0
3,2800,25000,0.2967672049999237,0.3474937975406647,5.566726599681715e-07,1.0,5.566726599681715e-07,0.002323705470189452,0.009184595197439194,0.024447722360491753,0.055576544255018234,0.1158086359500885,0.2440354973077774,0.5,0.5,1.0,1.0
3,2810,25000,0.2968975901603699,0.34735605120658875,5.956979975962895e-07,1.0,5.956979975962895e-07,0.0023025984410196543,0.009191947989165783,0.024696432054042816,0.05588823929429054,0.11593016237020493,0.24404162168502808,0.5,0.5,1.0,1.0
3,2820,25000,0.29691988229751587,0.34750276803970337,7.016870995357749e-07,1.0,7.016870995357749e-07,0.002309617353603244,0.009162652306258678,0.024713462218642235,0.05568644404411316,0.11612636595964432,0.24380066990852356,0.5,0.5,1.0,1.0
3,2830,25000,0.29705560207366943,0.3474361002445221,5.124526865074586e-07,1.0,5.124526865074586e-07,0.0023258670698851347,0.009109136648476124,0.024864867329597473,0.05568598583340645,0.11643104255199432,0.24465370178222656,0.5,0.5,1.0,1.0
3,2840,25000,0.2970755994319916,0.34751763939857483,4.565445976822957e-07,1.0,4.565445976822957e-07,0.0023261220194399357,0.009182970970869064,0.024711688980460167,0.05598575249314308,0.1162506639957428,0.24476951360702515,0.5,0.5,1.0,1.0
3,2850,25000,0.2969244420528412,0.34751537442207336,5.817838655275409e-07,1.0,5.817838655275409e-07,0.0023411738220602274,0.00915384478867054,0.024613138288259506,0.05546122416853905,0.1162637323141098,0.2437736839056015,0.5,0.5,1.0,1.0
3,2860,25000,0.2968902587890625,0.34740516543388367,4.288044408440328e-07,1.0,4.288044408440328e-07,0.0023222428280860186,0.009155473671853542,0.024754587560892105,0.05610917881131172,0.11607185751199722,0.24482715129852295,0.5,0.5,1.0,1.0
3,2870,25000,0.29686206579208374,0.3473972976207733,4.386673424505716e-07,1.0,4.386673424505716e-07,0.0023042119573801756,0.0090422248467803,0.024765407666563988,0.055619899183511734,0.11632908880710602,0.24386753141880035,0.5,0.5,1.0,1.0
3,2880,25000,0.296909898519516,0.34746503829956055,6.194754291755089e-07,1.0,6.194754291755089e-07,0.002315815072506666,0.00921550765633583,0.024602580815553665,0.05606522038578987,0.11570917814970016,0.24491646885871887,0.5,0.5,1.0,1.0
3,2890,25000,0.2969132363796234,0.34742969274520874,5.831645921716699e-07,1.0,5.831645921716699e-07,0.0023321795742958784,0.009109082631766796,0.024659425020217896,0.055398959666490555,0.1157037615776062,0.24531131982803345,0.5,0.5,1.0,1.0
3,2900,25000,0.29688888788223267,0.34752514958381653,4.316503350310086e-07,1.0,4.316503350310086e-07,0.0023195280227810144,0.009209340438246727,0.02455778978765011,0.05554979667067528,0.11635912209749222,0.24416010081768036,0.5,0.5,1.0,1.0
3,2910,25000,0.29708540439605713,0.3475169241428375,5.76415231989813e-07,1.0,5.76415231989813e-07,0.00232284190133214,0.009147070348262787,0.024714268743991852,0.05597541481256485,0.116183802485466,0.24460259079933167,0.5,0.5,1.0,1.0
3,2920,25000,0.2969718873500824,0.34750673174858093,4.447068135959853e-07,1.0,4.447068135959853e-07,0.0023047253489494324,0.009071233682334423,0.024588756263256073,0.05566771700978279,0.11634833365678787,0.24364720284938812,0.5,0.5,1.0,1.0
3,2930,25000,0.29688453674316406,0.34754177927970886,4.581415851134807e-07,1.0,4.581415851134807e-07,0.002304661553353071,0.009167703799903393,0.024424152448773384,0.05533387511968613,0.11590396612882614,0.24389426410198212,0.5,0.5,1.0,1.0
3,2940,25000,0.2970219552516937,0.34758108854293823,5.812703989249712e-07,1.0,5.812703989249712e-07,0.0023155449889600277,0.009129594080150127,0.024604201316833496,0.05546977370977402,0.11633988469839096,0.24292676150798798,0.5,0.5,1.0,1.0
3,2950,25000,0.2970423996448517,0.3475959002971649,6.110784056545526e-07,1.0,6.110784056545526e-07,0.0023189231287688017,0.009197777137160301,0.024630378931760788,0.0555194653570652,0.11662596464157104,0.24435871839523315,0.5,0.5,1.0,1.0
3,2960,25000,0.2969687879085541,0.3475267291069031,4.515122782322578e-07,1.0,4.515122782322578e-07,0.002325514331459999,0.00919104553759098,0.024522773921489716,0.05500341206789017,0.11598476767539978,0.24429719150066376,0.5,0.5,1.0,1.0
3,2970,25000,0.2970988154411316,0.34755846858024597,6.887361791996227e-07,1.0,6.887361791996227e-07,0.0023064843844622374,0.009203111752867699,0.024587057530879974,0.05581865459680557,0.1162942573428154,0.24427667260169983,0.5,0.5,1.0,1.0
3,2980,25000,0.2969481647014618,0.34752050042152405,4.691597155215277e-07,1.0,4.691597155215277e-07,0.0023116038646548986,0.009040109813213348,0.02461153268814087,0.055655233561992645,0.11630523204803467,0.24415762722492218,0.5,0.5,1.0,1.0
3,2990,25000,0.29690128564834595,0.3475000858306885,6.761295594515104e-07,1.0,6.761295594515104e-07,0.002292800461873412,0.009164445102214813,0.024764355272054672,0.055830664932727814,0.11609223484992981,0.2442076951265335,0.5,0.5,1.0,1.0
3,3000,25000,0.29690927267074585,0.34747299551963806,4.849002834816929e-07,1.0,4.849002834816929e-07,0.0023069351445883512,0.009076162241399288,0.024682417511940002,0.0555608831346035,0.1165757104754448,0.24311624467372894,0.5,0.5,1.0,1.0
3,3010,25000,0.2970576882362366,0.34755685925483704,6.528825906571001e-07,1.0,6.528825906571001e-07,0.0022827498614788055,0.00915541872382164,0.024507267400622368,0.055627595633268356,0.11590209603309631,0.24430987238883972,0.5,0.5,1.0,1.0
3,3020,25000,0.29690346121788025,0.3473622798919678,5.611236133518105e-07,1.0,5.611236133518105e-07,0.0023213871754705906,0.009213024750351906,0.024668846279382706,0.05602071434259415,0.11695519089698792,0.2447628527879715,0.5,0.5,1.0,1.0
3,3030,25000,0.29686468839645386,0.347491592168808,5.258628448245872e-07,1.0,5.258628448245872e-07,0.0023130839690566063,0.009177668951451778,0.02459738962352276,0.05574778467416763,0.11649589985609055,0.24309074878692627,0.5,0.5,1.0,1.0
3,3040,25000,0.29690688848495483,0.34756362438201904,5.895508934372629e-07,1.0,5.895508934372629e-07,0.0023133724462240934,0.009148722514510155,0.024610528722405434,0.055580466985702515,0.11605492234230042,0.24286732077598572,0.5,0.5,1.0,1.0
3,3050,25000,0.2970731854438782,0.34750205278396606,6.17540479197487e-07,1.0,6.17540479197487e-07,0.002304131630808115,0.009191407822072506,0.024723662063479424,0.05559678003191948,0.11676350235939026,0.24435608088970184,0.5,0.5,1.0,1.0
3,3060,25000,0.29701733589172363,0.347549706697464,3.694674433063483e-07,1.0,3.694674433063483e-07,0.002318120561540127,0.009201900102198124,0.02436821535229683,0.05587388575077057,0.11693643778562546,0.24372439086437225,0.5,0.5,1.0,1.0
3,3070,25000,0.2968534231185913,0.34747248888015747,6.465899105023709e-07,1.0,6.465899105023709e-07,0.0023185033351182938,0.009125187993049622,0.024584606289863586,0.05553344264626503,0.11580704152584076,0.2442060112953186,0.5,0.5,1.0,1.0
3,3080,25000,0.29698488116264343,0.3475513756275177,4.6111887286315323e-07,1.0,4.6111887286315323e-07,0.0023303069174289703,0.009221324697136879,0.02476232312619686,0.05551614984869957,0.11627647280693054,0.24399541318416595,0.5,0.5,1.0,1.0
3,3090,25000,0.29703718423843384,0.34748438000679016,6.078834076106432e-07,1.0,6.078834076106432e-07,0.002325619338080287,0.009135594591498375,0.024634206667542458,0.05587993562221527,0.11665885150432587,0.2446127086877823,0.5,0.5,1.0,1.0
3,3100,25000,0.29700967669487,0.34748929738998413,5.806491003568226e-07,1.0,5.806491003568226e-07,0.0023123719729483128,0.009193607605993748,0.024646099656820297,0.05585544556379318,0.11583779752254486,0.24481531977653503,0.5,0.5,1.0,1.0
3,3110,25000,0.2970728576183319,0.3475896716117859,5.054172333984752e-07,1.0,5.054172333984752e-07,0.0023210039362311363,0.00909671001136303,0.024724533781409264,0.055708546191453934,0.11587651073932648,0.24463066458702087,0.5,0.5,1.0,1.0
3,3120,25000,0.29697662591934204,0.3475661873817444,3.80590023496552e-07,1.0,3.80590023496552e-07,0.0023247781209647655,0.009166119620203972,0.02454969473183155,0.05563211068511009,0.1156969666481018,0.243947833776474,0.5,0.5,1.0,1.0
3,3130,25000,0.2968785762786865,0.34742656350135803,6.437765023292741e-07,1.0,6.437765023292741e-07,0.0023081698454916477,0.009170903824269772,0.024635199457406998,0.055742911994457245,0.11613775789737701,0.2436910718679428,0.5,0.5,1.0,1.0
3,3140,25000,0.29694950580596924,0.34742236137390137,3.825949477231916e-07,1.0,3.825949477231916e-07,0.002341833198443055,0.009285038337111473,0.024661965668201447,0.05573970824480057,0.11709967255592346,0.24466709792613983,0.5,0.5,1.0,1.0
3,3150,25000,0.29698818922042847,0.3474782109260559,7.307136229428579e-07,1.0,7.307136229428579e-07,0.0023373838048428297,0.009094043634831905,0.024494187906384468,0.05603548884391785,0.1162489578127861,0.24508465826511383,0.5,0.5,1.0,1.0
3,3160,25000,0.2968619167804718,0.34761157631874084,5.890931902285956e-07,1.0,5.890931902285956e-07,0.0023387307301163673,0.009105022065341473,0.024685734882950783,0.05528310313820839,0.11585799604654312,0.24393385648727417,0.5,0.5,1.0,1.0
3,3170,25000,0.2969565987586975,0.34755831956863403,4.787955276697176e-07,1.0,4.787955276697176e-07,0.0022641695104539394,0.00915688369423151,0.024763276800513268,0.05533760413527489,0.11623148620128632,0.24515485763549805,0.5,0.5,1.0,1.0
3,3180,25000,0.2969498038291931,0.34753021597862244,6.310843900791951e-07,1.0,6.310843900791951e-07,0.0023474472109228373,0.009148254059255123,0.024743618443608284,0.05541245639324188,0.1159142553806305,0.24442724883556366,0.5,0.5,1.0,1.0
3,3190,25000,0.2970215678215027,0.34757575392723083,4.537126869763597e-07,1.0,4.537126869763597e-07,0.002287287963554263,0.00909475889056921,0.02453232742846012,0.055829007178545,0.1160462498664856,0.24535974860191345,0.5,0.5,1.0,1.0
3,3200,25000,0.2970884442329407,0.3474542200565338,6.073088343327981e-07,1.0,6.073088343327981e-07,0.0023105593863874674,0.009229369461536407,0.02471277303993702,0.0558590330183506,0.11699853837490082,0.24436478316783905,0.5,0.5,1.0,1.0
3,3210,25000,0.29702696204185486,0.3474757671356201,4.85341274725215e-07,1.0,4.85341274725215e-07,0.0023075351491570473,0.00907031912356615,0.02462667226791382,0.055799972265958786,0.11601315438747406,0.24517099559307098,0.5,0.5,1.0,1.0
3,3220,25000,0.2970758080482483,0.34758827090263367,5.648541332448076e-07,1.0,5.648541332448076e-07,0.002325825858861208,0.009177127853035927,0.02460244670510292,0.05547512322664261,0.11601117253303528,0.24505223333835602,0.5,0.5,1.0,1.0
3,3230,25000,0.29701370000839233,0.34756720066070557,4.698627833477076e-07,1.0,4.698627833477076e-07,0.0023138364776968956,0.009228894487023354,0.024539764970541,0.05529831722378731,0.11603172868490219,0.24406997859477997,0.5,0.5,1.0,1.0
3,3240,25000,0.29698410630226135,0.3474752902984619,6.720202918586438e-07,1.0,6.720202918586438e-07,0.0023172658402472734,0.009148755110800266,0.02460348606109619,0.055628325790166855,0.11671633273363113,0.24368825554847717,0.5,0.5,1.0,1.0
3,3250,25000,0.29695308208465576,0.34752157330513,5.716757414120366e-07,1.0,5.716757414120366e-07,0.002324501285329461,0.009093044325709343,0.024541089311242104,0.055557508021593094,0.11637890338897705,0.24479058384895325,0.5,0.5,1.0,1.0
3,3260,25000,0.2972145080566406,0.3475465476512909,6.771130642846401e-07,1.0,6.771130642846401e-07,0.0022995416074991226,0.00917987059801817,0.024666529148817062,0.05594152584671974,0.11625216901302338,0.24536629021167755,0.5,0.5,1.0,1.0
3,3270,25000,0.29701852798461914,0.34756943583488464,7.512401793974277e-07,1.0,7.512401793974277e-07,0.0023332976270467043,0.009098039008677006,0.024549050256609917,0.05559702217578888,0.11602941155433655,0.24471163749694824,0.5,0.5,1.0,1.0
3,3280,25000,0.2969828248023987,0.3475179076194763,6.638003924308578e-07,1.0,6.638003924308578e-07,0.00232130428776145,0.009082416072487831,0.024717476218938828,0.055398378521203995,0.11646293103694916,0.24418847262859344,0.5,0.5,1.0,1.0
3,3290,25000,0.29686498641967773,0.3475056290626526,5.781554364148178e-07,1.0,5.781554364148178e-07,0.0022978440392762423,0.009142054244875908,0.024656442925333977,0.055505912750959396,0.11635338515043259,0.24361728131771088,0.5,0.5,1.0,1.0
3,3300,25000,0.2969529330730438,0.34744441509246826,6.779393970646197e-07,1.0,6.779393970646197e-07,0.002321406500414014,0.009043442085385323,0.024604618549346924,0.05546317994594574,0.11661495268344879,0.2440507709980011,0.5,0.5,1.0,1.0
3,3310,25000,0.2968699634075165,0.3476082384586334,4.978326728632965e-07,1.0,4.978326728632965e-07,0.002357496414333582,0.009098154492676258,0.024625735357403755,0.055514853447675705,0.11594486236572266,0.24366207420825958,0.5,0.5,1.0,1.0
3,3320,25000,0.29702040553092957,0.34754082560539246,7.020415750957909e-07,1.0,7.020415750957909e-07,0.0023280628956854343,0.009151222184300423,0.024595173075795174,0.055729176849126816,0.11574593186378479,0.2430402934551239,0.5,0.5,1.0,1.0
3,3330,25000,0.296998530626297,0.34744685888290405,6.79948527704255e-07,1.0,6.79948527704255e-07,0.002302879001945257,0.00916809681802988,0.024533173069357872,0.05580136179924011,0.11699236929416656,0.24373891949653625,0.5,0.5,1.0,1.0
3,3340,25000,0.29698386788368225,0.3475077748298645,5.241984695203428e-07,1.0,5.241984695203428e-07,0.002310620155185461,0.00913739763200283,0.024600261822342873,0.055553507059812546,0.11662089824676514,0.24433009326457977,0.5,0.5,1.0,1.0
3,3350,25000,0.29705187678337097,0.34756508469581604,3.9642407045903383e-07,1.0,3.9642407045903383e-07,0.002317150356248021,0.009135661646723747,0.024560844525694847,0.055470794439315796,0.11620810627937317,0.2440054565668106,0.5,0.5,1.0,1.0
3,3360,25000,0.2968926727771759,0.34754082560539246,6.112912842581864e-07,1.0,6.112912842581864e-07,0.00230982294306159,0.009121086448431015,0.024637296795845032,0.05539166182279587,0.11595836281776428,0.24459414184093475,0.5,0.5,1.0,1.0
3,3370,25000,0.29691025614738464,0.3475808799266815,5.535068225981377e-07,1.0,5.535068225981377e-07,0.0023318103048950434,0.009154804050922394,0.024671997874975204,0.055504899471998215,0.11588515341281891,0.24342839419841766,0.5,0.5,1.0,1.0
3,3380,25000,0.2970649302005768,0.34760430455207825,4.199200134280545e-07,1.0,4.199200134280545e-07,0.0023338631726801395,0.009168985299766064,0.024480661377310753,0.05571568384766579,0.11676280200481415,0.24482250213623047,0.5,0.5,1.0,1.0
3,3390,25000,0.29701492190361023,0.34764063358306885,5.889893941457558e-07,1.0,5.889893941457558e-07,0.0023170155473053455,0.009191235527396202,0.024733342230319977,0.05537833273410797,0.11576790362596512,0.2444048523902893,0.5,0.5,1.0,1.0
3,3400,25000,0.2968893349170685,0.3475743532180786,5.522514925360156e-07,1.0,5.522514925360156e-07,0.0023328126408159733,0.009189056232571602,0.02466551400721073,0.05548962205648422,0.11595751345157623,0.243918776512146,0.5,0.5,1.0,1.0
3,3410,25000,0.2970823049545288,0.34756171703338623,6.011530899741047e-07,1.0,6.011530899741047e-07,0.0023179049603641033,0.009134314954280853,0.024602646008133888,0.05553845688700676,0.11687739193439484,0.24503745138645172,0.5,0.5,1.0,1.0
3,3420,25000,0.2968428134918213,0.34743058681488037,4.912792519462528e-07,1.0,4.912792519462528e-07,0.002315900754183531,0.009103845804929733,0.024722786620259285,0.055961742997169495,0.11623775959014893,0.24408991634845734,0.5,0.5,1.0,1.0
3,3430,25000,0.29700422286987305,0.34745103120803833,5.544137593460619e-07,1.0,5.544137593460619e-07,0.0023134760558605194,0.009123135358095169,0.02467481419444084,0.05563081428408623,0.11625032126903534,0.24530361592769623,0.5,0.5,1.0,1.0
3,3440,25000,0.2970081567764282,0.34748899936676025,5.859644716110779e-07,1.0,5.859644716110779e-07,0.0023116632364690304,0.009084705263376236,0.02452324889600277,0.055646155029535294,0.11613345146179199,0.24573346972465515,0.5,0.5,1.0,1.0
3,3450,25000,0.2971012592315674,0.3476018011569977,6.263057343858236e-07,1.0,6.263057343858236e-07,0.0022958070039749146,0.009138301014900208,0.024655835703015327,0.055754467844963074,0.11614476144313812,0.24439193308353424,0.5,0.5,1.0,1.0
3,3460,25000,0.297138512134552,0.3477036952972412,4.85622649648576e-07,1.0,4.85622649648576e-07,0.002327051479369402,0.009131270460784435,0.024548666551709175,0.055594004690647125,0.11625433713197708,0.24438592791557312,0.5,0.5,1.0,1.0
3,3470,25000,0.29702720046043396,0.34767407178878784,5.062510126663256e-07,1.0,5.062510126663256e-07,0.0023334950674325228,0.00910923071205616,0.024473264813423157,0.05585113540291786,0.11621277034282684,0.2444140911102295,0.5,0.5,1.0,1.0
3,3480,25000,0.2970888018608093,0.3475762605667114,7.72693169892591e-07,1.0,7.72693169892591e-07,0.0022922754287719727,0.009117270819842815,0.024722833186388016,0.05568195879459381,0.11640715599060059,0.24439023435115814,0.5,0.5,1.0,1.0
3,3490,25000,0.2969544231891632,0.34760379791259766,5.368298729990784e-07,1.0,5.368298729990784e-07,0.002322168555110693,0.009105329401791096,0.02448679320514202,0.055350542068481445,0.11589937657117844,0.24413201212882996,0.5,0.5,1.0,1.0
3,3500,25000,0.296941339969635,0.3475360870361328,7.206025429695728e-07,1.0,7.206025429695728e-07,0.002333155134692788,0.009184692054986954,0.024639196693897247,0.055837828665971756,0.1161326915025711,0.2431720495223999,0.5,0.5,1.0,1.0
3,3510,25000,0.29699984192848206,0.34749725461006165,6.453434480135911e-07,1.0,6.453434480135911e-07,0.0023048827424645424,0.009172515012323856,0.02443576604127884,0.055840518325567245,0.1162944883108139,0.24392645061016083,0.5,0.5,1.0,1.0
3,3520,25000,0.29694080352783203,0.34756314754486084,7.262572694344271e-07,1.0,7.262572694344271e-07,0.002320920117199421,0.009123641066253185,0.024603813886642456,0.05561340972781181,0.11606379598379135,0.24494130909442902,0.5,0.5,1.0,1.0
3,3530,25000,0.29701587557792664,0.34752970933914185,7.881267833909078e-07,1.0,7.881267833909078e-07,0.0023123472929000854,0.009144706651568413,0.024693205952644348,0.05587327852845192,0.11580762267112732,0.24565589427947998,0.5,0.5,1.0,1.0
3,3540,25000,0.2970612943172455,0.347583144903183,5.607337243418442e-07,1.0,5.607337243418442e-07,0.0023048494476825,0.009104356169700623,0.024723894894123077,0.05568645894527435,0.11618226766586304,0.24473193287849426,0.5,0.5,1.0,1.0
3,3550,25000,0.2969789505004883,0.3476070165634155,4.9441797500549e-07,1.0,4.9441797500549e-07,0.002280681859701872,0.009055773727595806,0.024565473198890686,0.05579623579978943,0.11533869802951813,0.24527676403522491,0.5,0.5,1.0,1.0
3,3560,25000,0.2968882918357849,0.34755775332450867,4.4928299303137464e-07,1.0,4.4928299303137464e-07,0.0023181403521448374,0.009127834811806679,0.024595163762569427,0.05547946318984032,0.11626645922660828,0.24404078722000122,0.5,0.5,1.0,1.0
3,3570,25000,0.29699110984802246,0.3475482761859894,5.305329295879346e-07,1.0,5.305329295879346e-07,0.0023085379507392645,0.009149272926151752,0.024549871683120728,0.055632445961236954,0.11642835289239883,0.24422216415405273,0.5,0.5,1.0,1.0
3,3580,25000,0.2969132363796234,0.34758979082107544,5.428530016615696e-07,1.0,5.428530016615696e-07,0.0023062790278345346,0.009144660085439682,0.024565432220697403,0.05568302050232887,0.1161809042096138,0.24513313174247742,0.5,0.5,1.0,1.0
3,3590,25000,0.2969510555267334,0.34745359420776367,6.768648859178938e-07,1.0,6.768648859178938e-07,0.002290772506967187,0.009122012183070183,0.02461078204214573,0.056049637496471405,0.11634857952594757,0.24376723170280457,0.5,0.5,1.0,1.0
3,3600,25000,0.2970699071884155,0.34759700298309326,5.095420192446909e-07,1.0,5.095420192446909e-07,0.0023521275725215673,0.00914598535746336,0.024642404168844223,0.055685944855213165,0.11591747403144836,0.24471481144428253,0.5,0.5,1.0,1.0
3,3610,25000,0.29702192544937134,0.34752601385116577,7.316206733776198e-07,1.0,7.316206733776198e-07,0.002307357732206583,0.009207799099385738,0.02449408732354641,0.05574321746826172,0.11623404175043106,0.24444812536239624,0.5,0.5,1.0,1.0
3,3620,25000,0.29712462425231934,0.34761470556259155,5.348588842934987e-07,1.0,5.348588842934987e-07,0.0023239627480506897,0.009141759015619755,0.02456299401819706,0.055747780948877335,0.11549206078052521,0.24536429345607758,0.5,0.5,1.0,1.0
3,3630,25000,0.2969422936439514,0.3475218713283539,4.652309542052535e-07,1.0,4.652309542052535e-07,0.0023136462550610304,0.009156623855233192,0.02477555349469185,0.05540734529495239,0.11648368090391159,0.24428649246692657,0.5,0.5,1.0,1.0
3,3640,25000,0.29695460200309753,0.3475225269794464,6.115912469795148e-07,1.0,6.115912469795148e-07,0.002304449677467346,0.009151658043265343,0.024606578052043915,0.05568765848875046,0.11622835695743561,0.24397024512290955,0.5,0.5,1.0,1.0
3,3650,25000,0.2970402240753174,0.347544401884079,6.428208507713862e-07,1.0,6.428208507713862e-07,0.002333172596991062,0.009186286479234695,0.02447361871600151,0.0554974339902401,0.11637161672115326,0.2450745701789856,0.5,0.5,1.0,1.0
3,3660,25000,0.2969570457935333,0.34753888845443726,4.365743393464072e-07,1.0,4.365743393464072e-07,0.0023173659574240446,0.009216319769620895,0.02465013973414898,0.05552985146641731,0.11630848050117493,0.24357540905475616,0.5,0.5,1.0,1.0
3,3670,25000,0.2971104383468628,0.34766820073127747,4.621554410277895e-07,1.0,4.621554410277895e-07,0.0023351891431957483,0.009174860082566738,0.024785591289401054,0.05564926564693451,0.11575884371995926,0.24555836617946625,0.5,0.5,1.0,1.0
3,3680,25000,0.29693007469177246,0.3476228415966034,5.849836384186347e-07,1.0,5.849836384186347e-07,0.0023215452674776316,0.009161386638879776,0.0246270839124918,0.05584387853741646,0.1166008859872818,0.24386951327323914,0.5,0.5,1.0,1.0
3,3690,25000,0.2969946265220642,0.34759804606437683,6.048763339094876e-07,1.0,6.048763339094876e-07,0.0023081249091774225,0.009098782204091549,0.024624817073345184,0.05597349628806114,0.11630025506019592,0.2437341809272766,0.5,0.5,1.0,1.0
3,3700,25000,0.29697123169898987,0.3476185202598572,7.627814966326696e-07,1.0,7.627814966326696e-07,0.0023034040350466967,0.009116636589169502,0.024572433903813362,0.05541948601603508,0.11587443947792053,0.2448338121175766,0.5,0.5,1.0,1.0
3,3710,25000,0.29703977704048157,0.34765732288360596,6.838329227321083e-07,1.0,6.838329227321083e-07,0.0023378466721624136,0.009130874648690224,0.024583254009485245,0.055545203387737274,0.11600620299577713,0.2431439608335495,0.5,0.5,1.0,1.0
3,3720,25000,0.29709696769714355,0.34764963388442993,4.965893936059729e-07,1.0,4.965893936059729e-07,0.0023605884052813053,0.00918962899595499,0.02450740523636341,0.05538754537701607,0.11677032709121704,0.24480657279491425,0.5,0.5,1.0,1.0
3,3730,25000,0.2969871163368225,0.34759944677352905,6.100821110521792e-07,1.0,6.100821110521792e-07,0.002328876405954361,0.00914859864860773,0.024701176211237907,0.05562689155340195,0.11623386293649673,0.24458616971969604,0.5,0.5,1.0,1.0
3,3740,25000,0.296734482049942,0.3475301265716553,4.898927272733999e-07,1.0,4.898927272733999e-07,0.0023210933431982994,0.009047119878232479,0.024621888995170593,0.055716924369335175,0.11595666408538818,0.24242836236953735,0.5,0.5,1.0,1.0
3,3750,25000,0.2969871461391449,0.3475847840309143,5.29934482074168e-07,1.0,5.29934482074168e-07,0.0023074871860444546,0.009202382527291775,0.02451055869460106,0.055666953325271606,0.11618565022945404,0.24411597847938538,0.5,0.5,1.0,1.0
3,3760,25000,0.2970401346683502,0.3475251793861389,3.7006830666541646e-07,1.0,3.7006830666541646e-07,0.0023067942820489407,0.00915570743381977,0.02455834485590458,0.05594725161790848,0.1166098415851593,0.24386683106422424,0.5,0.5,1.0,1.0
3,3770,25000,0.29711562395095825,0.3476080596446991,5.775515319328406e-07,1.0,5.775515319328406e-07,0.0023406033869832754,0.009101243689656258,0.02447184920310974,0.05594698712229729,0.11673112213611603,0.2449457049369812,0.5,0.5,1.0,1.0
3,3780,25000,0.29686617851257324,0.3475530743598938,5.812601102661574e-07,1.0,5.812601102661574e-07,0.0023288412485271692,0.009203474968671799,0.02472207322716713,0.05563836544752121,0.11587786674499512,0.2443033903837204,0.5,0.5,1.0,1.0
3,3790,25000,0.29702165722846985,0.3476857542991638,4.915984845865751e-07,1.0,4.915984845865751e-07,0.0023513957858085632,0.009138845838606358,0.024590009823441505,0.05533519759774208,0.11581304669380188,0.24443215131759644,0.5,0.5,1.0,1.0
3,3800,25000,0.2969200611114502,0.3476162552833557,5.494766242009064e-07,1.0,5.494766242009064e-07,0.0023182088043540716,0.009152492508292198,0.02464316599071026,0.05561522766947746,0.11601240932941437,0.24253274500370026,0.5,0.5,1.0,1.0
3,3810,25000,0.29700928926467896,0.34764301776885986,5.359357260203979e-07,1.0,5.359357260203979e-07,0.002325337380170822,0.009135065600275993,0.024667154997587204,0.05543141812086105,0.11631366610527039,0.24411380290985107,0.5,0.5,1.0,1.0
3,3820,25000,0.2969585359096527,0.34757113456726074,5.14380872118636e-07,1.0,5.14380872118636e-07,0.0023045185953378677,0.00919346883893013,0.024867486208677292,0.05542823299765587,0.11692042648792267,0.2431228756904602,0.5,0.5,1.0,1.0
3,3830,25000,0.2970750331878662,0.34764939546585083,5.125221491653065e-07,1.0,5.125221491653065e-07,0.002333065727725625,0.009206468239426613,0.024642933160066605,0.055755864828825,0.11670176684856415,0.24356788396835327,0.5,0.5,1.0,1.0
3,3840,25000,0.2971443235874176,0.34769102931022644,4.661300181396655e-07,1.0,4.661300181396655e-07,0.00232539395801723,0.0091443145647645,0.024620067328214645,0.055687736719846725,0.11642900854349136,0.2449093461036682,0.5,0.5,1.0,1.0
3,3850,25000,0.29695504903793335,0.347663551568985,4.84090833197115e-07,1.0,4.84090833197115e-07,0.002349989954382181,0.009114084765315056,0.02462453581392765,0.05596553534269333,0.1160041093826294,0.24426554143428802,0.5,0.5,1.0,1.0
3,3860,25000,0.2969788908958435,0.3476264476776123,4.364439405435405e-07,1.0,4.364439405435405e-07,0.0023165594320744276,0.009144678711891174,0.02458777464926243,0.05519247427582741,0.11626428365707397,0.24495036900043488,0.5,0.5,1.0,1.0
3,3870,25000,0.2970889210700989,0.3476589620113373,6.016686597831722e-07,1.0,6.016686597831722e-07,0.0023130448535084724,0.009168288670480251,0.02448597177863121,0.0555308535695076,0.11591732501983643,0.24458079040050507,0.5,0.5,1.0,1.0
3,3880,25000,0.29703423380851746,0.34763845801353455,5.637090225718566e-07,1.0,5.637090225718566e-07,0.002323597203940153,0.009091266430914402,0.02478780969977379,0.05584673210978508,0.11596538871526718,0.24442364275455475,0.5,0.5,1.0,1.0
3,3890,25000,0.29693061113357544,0.34757494926452637,6.138569688118878e-07,1.0,6.138569688118878e-07,0.0022740676067769527,0.009214992634952068,0.02465466968715191,0.055493880063295364,0.11605548858642578,0.24398383498191833,0.5,0.5,1.0,1.0
3,3900,25000,0.29702532291412354,0.34761327505111694,3.5633280504043796e-07,1.0,3.5633280504043796e-07,0.0023150350898504257,0.009141634218394756,0.024417297914624214,0.055529285222291946,0.11624448001384735,0.24514706432819366,0.5,0.5,1.0,1.0
3,3910,25000,0.29708239436149597,0.3476274907588959,5.104055844640243e-07,1.0,5.104055844640243e-07,0.002319376217201352,0.009140257723629475,0.024567736312747,0.05566403642296791,0.11633700877428055,0.24451684951782227,0.5,0.5,1.0,1.0
3,3920,25000,0.29699450731277466,0.34770193696022034,6.489048018920585e-07,1.0,6.489048018920585e-07,0.002318102167919278,0.00912760104984045,0.024582011625170708,0.05573716014623642,0.11539828777313232,0.24416154623031616,0.5,0.5,1.0,1.0
3,3930,25000,0.29704606533050537,0.3476026654243469,5.507583864527987e-07,1.0,5.507583864527987e-07,0.0023028359282761812,0.0090920589864254,0.024660130962729454,0.05580664798617363,0.11627599596977234,0.24461962282657623,0.5,0.5,1.0,1.0
3,3940,25000,0.29698145389556885,0.34763506054878235,6.698026027152082e-07,1.0,6.698026027152082e-07,0.002337096491828561,0.009204543195664883,0.024501465260982513,0.05588255450129509,0.11584442853927612,0.24495449662208557,0.5,0.5,1.0,1.0
3,3950,25000,0.2971619665622711,0.34776732325553894,6.439344701902883e-07,1.0,6.439344701902883e-07,0.002315414836630225,0.009148524142801762,0.024276815354824066,0.05544867366552353,0.11622008681297302,0.2440890520811081,0.5,0.5,1.0,1.0
3,3960,25000,0.29708132147789,0.3477030396461487,4.6424065658356994e-07,1.0,4.6424065658356994e-07,0.0023339518811553717,0.009061689488589764,0.0245368555188179,0.05533384904265404,0.1160893589258194,0.24367845058441162,0.5,0.5,1.0,1.0
3,3970,25000,0.2970159947872162,0.3476523756980896,4.691458173056162e-07,1.0,4.691458173056162e-07,0.002312937518581748,0.009134054183959961,0.024560654535889626,0.05553920939564705,0.11660054326057434,0.24374327063560486,0.5,0.5,1.0,1.0
3,3980,25000,0.2969972789287567,0.3476484715938568,6.489538577625353e-07,1.0,6.489538577625353e-07,0.0023553601931780577,0.009153417311608791,0.02463906817138195,0.05562027171254158,0.11531083285808563,0.24471643567085266,0.5,0.5,1.0,1.0
3,3990,25000,0.2971000373363495,0.34759044647216797,4.428029001246614e-07,1.0,4.428029001246614e-07,0.0023173829540610313,0.00914614088833332,0.024577341973781586,0.05581175908446312,0.11684264242649078,0.2441079318523407,0.5,0.5,1.0,1.0
3,4000,25000,0.29701152443885803,0.34763669967651367,5.783002166026563e-07,1.0,5.783002166026563e-07,0.002303812885656953,0.009137331508100033,0.024546366184949875,0.0556187704205513,0.11578616499900818,0.24496880173683167,0.5,0.5,1.0,1.0
3,4010,25000,0.29710087180137634,0.34761926531791687,8.472803756376379e-07,1.0,8.472803756376379e-07,0.002305115107446909,0.009166589006781578,0.024691786617040634,0.05574098974466324,0.11710774898529053,0.24328604340553284,0.5,0.5,1.0,1.0
3,4020,25000,0.2970869243144989,0.34762534499168396,6.943370749468158e-07,1.0,6.943370749468158e-07,0.0023286074865609407,0.009131593629717827,0.024773547425866127,0.05559951812028885,0.11640019714832306,0.2447444498538971,0.5,0.5,1.0,1.0
3,4030,25000,0.29695844650268555,0.34763360023498535,4.442638896762219e-07,1.0,4.442638896762219e-07,0.002329381415620446,0.009115448221564293,0.024706361815333366,0.055706530809402466,0.11597678065299988,0.24413400888442993,0.5,0.5,1.0,1.0
3,4040,25000,0.2970461845397949,0.34763869643211365,4.971829525857174e-07,1.0,4.971829525857174e-07,0.002315411577001214,0.009162725880742073,0.02440619468688965,0.05546988546848297,0.11555606871843338,0.2447255551815033,0.5,0.5,1.0,1.0
3,4050,25000,0.29711273312568665,0.3475955128669739,4.473864123610838e-07,1.0,4.473864123610838e-07,0.0023149503394961357,0.00918553676456213,0.024518730118870735,0.05567852407693863,0.11620257049798965,0.2445862740278244,0.5,0.5,1.0,1.0
3,4060,25000,0.29700884222984314,0.34758201241493225,4.178870085524977e-07,1.0,4.178870085524977e-07,0.002310054609552026,0.009160013869404793,0.02476048655807972,0.05569896474480629,0.11653567850589752,0.24365295469760895,0.5,0.5,1.0,1.0
3,4070,25000,0.29685384035110474,0.347699910402298,7.250131375258206e-07,1.0,7.250131375258206e-07,0.0023423931561410427,0.00912538357079029,0.024556336924433708,0.05521351099014282,0.11576859652996063,0.24345414340496063,0.5,0.5,1.0,1.0
3,4080,25000,0.2971094250679016,0.3476009964942932,5.556345854529354e-07,1.0,5.556345854529354e-07,0.0023364105727523565,0.00915026105940342,0.024686716496944427,0.056215301156044006,0.11636840552091599,0.24381637573242188,0.5,0.5,1.0,1.0
3,4090,25000,0.2969541549682617,0.34771066904067993,4.685561236783542e-07,1.0,4.685561236783542e-07,0.002327481983229518,0.009158101864159107,0.02443832904100418,0.05549381300806999,0.11602756381034851,0.24357084929943085,0.5,0.5,1.0,1.0
3,4100,25000,0.2971656620502472,0.3476150929927826,4.245642060141108e-07,1.0,4.245642060141108e-07,0.0023208095226436853,0.009246106259524822,0.02464001625776291,0.05578700453042984,0.11596508324146271,0.24598149955272675,0.5,0.5,1.0,1.0
3,4110,25000,0.2969512343406677,0.34773486852645874,3.503621712752647e-07,1.0,3.503621712752647e-07,0.0023356848396360874,0.009203807450830936,0.02457817643880844,0.05544736236333847,0.11505965888500214,0.24403123557567596,0.5,0.5,1.0,1.0
3,4120,25000,0.29706817865371704,0.34755194187164307,6.672844392596744e-07,1.0,6.672844392596744e-07,0.00231734337285161,0.009098648093640804,0.024623753502964973,0.05550700053572655,0.11645717173814774,0.24633289873600006,0.5,0.5,1.0,1.0
3,4130,25000,0.29723384976387024,0.3475935757160187,6.801654990340467e-07,1.0,6.801654990340467e-07,0.0022984466049820185,0.009232668206095695,0.02448396384716034,0.05605786666274071,0.11636397242546082,0.24516844749450684,0.5,0.5,1.0,1.0
3,4140,25000,0.29711323976516724,0.347573846578598,4.7557017524013645e-07,1.0,4.7557017524013645e-07,0.0023168078623712063,0.009213953278958797,0.02471288852393627,0.055758681148290634,0.11668942868709564,0.24564975500106812,0.5,0.5,1.0,1.0
3,4150,25000,0.29702645540237427,0.34757086634635925,9.176158073387342e-07,1.0,9.176158073387342e-07,0.0023453696630895138,0.009158194996416569,0.02469945326447487,0.05542091652750969,0.11631417274475098,0.24434548616409302,0.5,0.5,1.0,1.0
3,4160,25000,0.2970775067806244,0.34765613079071045,6.488288590844604e-07,1.0,6.488288590844604e-07,0.002318865153938532,0.009154809638857841,0.024503855034708977,0.0556037463247776,0.11661136150360107,0.24386145174503326,0.5,0.5,1.0,1.0
3,4170,25000,0.2970960736274719,0.34765174984931946,7.164254043345863e-07,1.0,7.164254043345863e-07,0.0023331267293542624,0.009147393517196178,0.024706415832042694,0.055662382394075394,0.11608986556529999,0.24446605145931244,0.5,0.5,1.0,1.0
3,4180,25000,0.29698464274406433,0.34764063358306885,8.600723617746553e-07,1.0,8.600723617746553e-07,0.0022982594091445208,0.009206520393490791,0.02457774616777897,0.05531524121761322,0.1166340559720993,0.24349363148212433,0.5,0.5,1.0,1.0
3,4190,25000,0.2969776391983032,0.347615122795105,4.516765272910561e-07,1.0,4.516765272910561e-07,0.0023387372493743896,0.00912518985569477,0.024614926427602768,0.055876340717077255,0.11582823097705841,0.24393416941165924,0.5,0.5,1.0,1.0
3,4200,25000,0.2971418797969818,0.34769994020462036,5.658530426444486e-07,1.0,5.658530426444486e-07,0.0023541185073554516,0.00915808416903019,0.02463454008102417,0.05574674904346466,0.11591444909572601,0.24457798898220062,0.5,0.5,1.0,1.0
3,4210,25000,0.29700198769569397,0.34762465953826904,7.166873956521158e-07,1.0,7.166873956521158e-07,0.002341256942600012,0.009130922146141529,0.024636730551719666,0.055558644235134125,0.11653982102870941,0.2449462115764618,0.5,0.5,1.0,1.0
3,4220,25000,0.29703235626220703,0.3476217985153198,4.875341801380273e-07,1.0,4.875341801380273e-07,0.002293929224833846,0.0091368043795228,0.024678772315382957,0.05569710209965706,0.11661402881145477,0.24418236315250397,0.5,0.5,1.0,1.0
3,4230,25000,0.29695332050323486,0.34762436151504517,5.980559194540547e-07,1.0,5.980559194540547e-07,0.0023089703172445297,0.009124355390667915,0.024575768038630486,0.05534083768725395,0.11646191775798798,0.24445722997188568,0.5,0.5,1.0,1.0
3,4240,25000,0.29712367057800293,0.34758085012435913,7.630594041074801e-07,1.0,7.630594041074801e-07,0.002324005588889122,0.00920352153480053,0.02470681071281433,0.0557171069085598,0.11680661141872406,0.2449216991662979,0.5,0.5,1.0,1.0
3,4250,25000,0.29696598649024963,0.34764382243156433,6.104123713157605e-07,1.0,6.104123713157605e-07,0.0023167459294199944,0.00912648905068636,0.024623192846775055,0.05586943402886391,0.11581195890903473,0.24296069145202637,0.5,0.5,1.0,1.0
3,4260,25000,0.2970092296600342,0.34763267636299133,5.358590442483546e-07,1.0,5.358590442483546e-07,0.002320730360224843,0.009168801829218864,0.024737786501646042,0.05580494925379753,0.11667691916227341,0.24398815631866455,0.5,0.5,1.0,1.0
3,4270,25000,0.2971652150154114,0.3477327227592468,6.828261120972456e-07,1.0,6.828261120972456e-07,0.0022950004786252975,0.009145512245595455,0.024669982492923737,0.05577296391129494,0.11593297123908997,0.2444358915090561,0.5,0.5,1.0,1.0
3,4280,25000,0.29700955748558044,0.3476181924343109,5.711508492822759e-07,1.0,5.711508492822759e-07,0.0023301017936319113,0.009141196496784687,0.024702290073037148,0.05549163371324539,0.11623243987560272,0.24443203210830688,0.5,0.5,1.0,1.0
3,4290,25000,0.29716235399246216,0.34767845273017883,5.88302839332755e-07,1.0,5.88302839332755e-07,0.0023186425678431988,0.009096265770494938,0.024663101881742477,0.05551453307271004,0.11675889790058136,0.2452232837677002,0.5,0.5,1.0,1.0
3,4300,25000,0.2970249354839325,0.3476431965827942,5.227538508734142e-07,1.0,5.227538508734142e-07,0.0023108674213290215,0.009218266233801842,0.024543629959225655,0.05571627616882324,0.11590196192264557,0.2446184903383255,0.5,0.5,1.0,1.0
3,4310,25000,0.2970311641693115,0.3476887345314026,5.202871875553683e-07,1.0,5.202871875553683e-07,0.00230990769341588,0.009238087572157383,0.02450791746377945,0.05555909499526024,0.1162465512752533,0.2438948005437851,0.5,0.5,1.0,1.0
3,4320,25000,0.29696783423423767,0.3477226495742798,3.892591848853044e-07,1.0,3.892591848853044e-07,0.0023052438627928495,0.009155272506177425,0.024687428027391434,0.055462200194597244,0.11651789397001266,0.24336828291416168,0.5,0.5,1.0,1.0
3,4330,25000,0.2969818711280823,0.34767141938209534,6.215778967089136e-07,1.0,6.215778967089136e-07,0.002312313998118043,0.009197508916258812,0.02453611046075821,0.05546559765934944,0.11626049131155014,0.2435695379972458,0.5,0.5,1.0,1.0
3,4340,25000,0.29706066846847534,0.34767958521842957,4.861727234128921e-07,1.0,4.861727234128921e-07,0.0023222840391099453,0.009095463901758194,0.024624893441796303,0.05535442754626274,0.11678095161914825,0.2441040724515915,0.5,0.5,1.0,1.0
3,4350,25000,0.2970278263092041,0.3477102220058441,4.121173731164163e-07,1.0,4.121173731164163e-07,0.0023077763617038727,0.009109645150601864,0.024543214589357376,0.055930666625499725,0.11622995138168335,0.2430436611175537,0.5,0.5,1.0,1.0
3,4360,25000,0.2971098721027374,0.347607284784317,4.59675135289217e-07,1.0,4.59675135289217e-07,0.00229980843141675,0.009256131015717983,0.024623578414320946,0.055824216455221176,0.11679713428020477,0.24446874856948853,0.5,0.5,1.0,1.0
3,4370,25000,0.2972048819065094,0.3476612865924835,7.07445224179537e-07,1.0,7.07445224179537e-07,0.002334630349650979,0.009154130704700947,0.024752268567681313,0.0560639426112175,0.11665220558643341,0.24440538883209229,0.5,0.5,1.0,1.0
3,4380,25000,0.2970465421676636,0.34764400124549866,5.352257517188264e-07,1.0,5.352257517188264e-07,0.002328920643776655,0.009174351580440998,0.02464861236512661,0.05550488084554672,0.11613793671131134,0.24485528469085693,0.5,0.5,1.0,1.0
3,4390,25000,0.297029048204422,0.3477339744567871,3.668598083095276e-07,1.0,3.668598083095276e-07,0.0023220235016196966,0.009157209657132626,0.02445552684366703,0.05559045076370239,0.11624692380428314,0.2441297173500061,0.5,0.5,1.0,1.0
3,4400,25000,0.29687827825546265,0.3476555645465851,6.735297688464925e-07,1.0,6.735297688464925e-07,0.0023118406534194946,0.009088938124477863,0.02457376942038536,0.05561240389943123,0.1164415031671524,0.24362793564796448,0.5,0.5,1.0,1.0
3,4410,25000,0.29696550965309143,0.34760409593582153,5.823828246320772e-07,1.0,5.823828246320772e-07,0.002316845813766122,0.009208873845636845,0.02450511045753956,0.05564872920513153,0.11618679761886597,0.24393975734710693,0.5,0.5,1.0,1.0
3,4420,25000,0.2971266210079193,0.3477044105529785,3.7886104564677225e-07,1.0,3.7886104564677225e-07,0.002326027024537325,0.009182880632579327,0.024613428860902786,0.05560173839330673,0.11623719334602356,0.2445203810930252,0.5,0.5,1.0,1.0
3,4430,25000,0.29709121584892273,0.3477572798728943,6.565317676177074e-07,1.0,6.565317676177074e-07,0.0023147459141910076,0.009182527661323547,0.02457420714199543,0.05566104128956795,0.11659739166498184,0.24300295114517212,0.5,0.5,1.0,1.0
3,4440,25000,0.29716169834136963,0.34763482213020325,5.410475978351315e-07,1.0,5.410475978351315e-07,0.0023263858165591955,0.009182273410260677,0.024765731766819954,0.05613373592495918,0.11601287126541138,0.2449353039264679,0.5,0.5,1.0,1.0
3,4450,25000,0.29721593856811523,0.3477005958557129,6.163172656670213e-07,1.0,6.163172656670213e-07,0.002298979787155986,0.009109830483794212,0.02467256411910057,0.05576189607381821,0.11639007925987244,0.24475568532943726,0.5,0.5,1.0,1.0
3,4460,25000,0.2970839738845825,0.3477221131324768,4.3256557091808645e-07,1.0,4.3256557091808645e-07,0.0023287867661565542,0.009131439961493015,0.024715524166822433,0.05591343715786934,0.115735724568367,0.2437261939048767,0.5,0.5,1.0,1.0
3,4470,25000,0.2969956398010254,0.3476589620113373,6.799834295634355e-07,1.0,6.799834295634355e-07,0.0023221063893288374,0.009204008616507053,0.0245866309851408,0.05549204722046852,0.11615875363349915,0.24413500726222992,0.5,0.5,1.0,1.0
3,4480,25000,0.29700222611427307,0.34764352440834045,5.309248649609799e-07,1.0,5.309248649609799e-07,0.002325150417163968,0.00917926337569952,0.024567920714616776,0.05556200444698334,0.11564761400222778,0.24415108561515808,0.5,0.5,1.0,1.0
3,4490,25000,0.297087699174881,0.3476531505584717,5.56626730485732e-07,1.0,5.56626730485732e-07,0.0023097419179975986,0.009116529487073421,0.024735722690820694,0.055771440267562866,0.11654004454612732,0.24392908811569214,0.5,0.5,1.0,1.0
3,4500,25000,0.2971367835998535,0.3476966917514801,5.392229809331184e-07,1.0,5.392229809331184e-07,0.002326200483366847,0.009130505844950676,0.024781107902526855,0.05576776713132858,0.11618542671203613,0.24467183649539948,0.5,0.5,1.0,1.0
3,4510,25000,0.2971054017543793,0.34771624207496643,5.757917165283288e-07,1.0,5.757917165283288e-07,0.002286571078002453,0.009127069264650345,0.024787653237581253,0.05580016225576401,0.1163087859749794,0.2438163012266159,0.5,0.5,1.0,1.0
3,4520,25000,0.29723110795021057,0.3477117419242859,4.818310230803036e-07,1.0,4.818310230803036e-07,0.002319043967872858,0.009149330668151379,0.024577690288424492,0.055814534425735474,0.1167326420545578,0.24530063569545746,0.5,0.5,1.0,1.0
3,4530,25000,0.29695916175842285,0.3476480543613434,4.790986736225022e-07,1.0,4.790986736225022e-07,0.0023090962786227465,0.009228757582604885,0.024658327922225,0.05568338558077812,0.11615696549415588,0.2449781447649002,0.5,0.5,1.0,1.0
3,4540,25000,0.29702234268188477,0.3476557433605194,5.288688385007845e-07,1.0,5.288688385007845e-07,0.002307083224877715,0.009138809517025948,0.024453522637486458,0.05565686896443367,0.1162334531545639,0.2443104386329651,0.5,0.5,1.0,1.0
3,4550,25000,0.2970395088195801,0.34760451316833496,6.345285896713904e-07,1.0,6.345285896713904e-07,0.0022992203012108803,0.009207230061292648,0.024383535608649254,0.05590154975652695,0.11631874740123749,0.24447299540042877,0.5,0.5,1.0,1.0
3,4560,25000,0.2970389723777771,0.3476755917072296,6.321194518932316e-07,1.0,6.321194518932316e-07,0.0023429449647665024,0.009181272238492966,0.024749165400862694,0.05561577528715134,0.11566263437271118,0.24437503516674042,0.5,0.5,1.0,1.0
3,4570,25000,0.29711610078811646,0.3476593792438507,6.795942795179144e-07,1.0,6.795942795179144e-07,0.002311724005267024,0.00911501981317997,0.024464216083288193,0.05599750950932503,0.11650856584310532,0.24410101771354675,0.5,0.5,1.0,1.0
3,4580,25000,0.2970573306083679,0.3477266728878021,5.252068717709335e-07,1.0,5.252068717709335e-07,0.0023134229704737663,0.00909540243446827,0.02465459518134594,0.05565449222922325,0.11576627194881439,0.24485082924365997,0.5,0.5,1.0,1.0
3,4590,25000,0.29688891768455505,0.3476921319961548,6.579012961083208e-07,1.0,6.579012961083208e-07,0.0022944347001612186,0.009110013023018837,0.02448064647614956,0.0555097833275795,0.1157054603099823,0.24350306391716003,0.5,0.5,1.0,1.0
3,4600,25000,0.29712432622909546,0.34772151708602905,4.4218580796950846e-07,1.0,4.4218580796950846e-07,0.0023225275799632072,0.009139233268797398,0.024453671649098396,0.05566244572401047,0.11599166691303253,0.24519361555576324,0.5,0.5,1.0,1.0
3,4610,25000,0.2971176505088806,0.3476923108100891,7.615433332830435e-07,1.0,7.615433332830435e-07,0.0023091156035661697,0.009110186249017715,0.024693511426448822,0.055555522441864014,0.11695663630962372,0.2441157102584839,0.5,0.5,1.0,1.0
3,4620,25000,0.2970202565193176,0.3476194739341736,7.395454986180994e-07,1.0,7.395454986180994e-07,0.0023173524532467127,0.009166574105620384,0.024637587368488312,0.055763036012649536,0.11661715805530548,0.24362315237522125,0.5,0.5,1.0,1.0
3,4630,25000,0.29708683490753174,0.34770289063453674,5.353492724680109e-07,1.0,5.353492724680109e-07,0.0022984473034739494,0.00916858110576868,0.02466067112982273,0.05549048259854317,0.11594770848751068,0.24373066425323486,0.5,0.5,1.0,1.0
3,4640,25000,0.29703956842422485,0.3477416932582855,5.129260216563125e-07,1.0,5.129260216563125e-07,0.0023156378883868456,0.009159083478152752,0.0246634092181921,0.05571631342172623,0.11598540842533112,0.24422310292720795,0.5,0.5,1.0,1.0
3,4650,25000,0.29708293080329895,0.34771937131881714,8.22043205062073e-07,1.0,8.22043205062073e-07,0.0023305565118789673,0.009164461866021156,0.024567395448684692,0.05579270422458649,0.11596736311912537,0.2438977211713791,0.5,0.5,1.0,1.0
3,4660,25000,0.2969802916049957,0.34772032499313354,5.423732432063844e-07,1.0,5.423732432063844e-07,0.00232672574929893,0.009090940468013287,0.024479376152157784,0.05560416728258133,0.11551298201084137,0.24425379931926727,0.5,0.5,1.0,1.0
3,4670,25000,0.29696837067604065,0.347662091255188,5.816574457639945e-07,1.0,5.816574457639945e-07,0.0023272493854165077,0.00912095420062542,0.02467982843518257,0.05544225126504898,0.11613837629556656,0.24431489408016205,0.5,0.5,1.0,1.0
3,4680,25000,0.29691341519355774,0.34761813282966614,4.626774341431883e-07,1.0,4.626774341431883e-07,0.0023228824138641357,0.009133759886026382,0.024685952812433243,0.05584251508116722,0.11645843088626862,0.24271725118160248,0.5,0.5,1.0,1.0
3,4690,25000,0.2970622777938843,0.34766146540641785,7.505059329560027e-07,1.0,7.505059329560027e-07,0.002293815603479743,0.009153746999800205,0.02450847625732422,0.055776406079530716,0.11676468700170517,0.242906853556633,0.5,0.5,1.0,1.0
3,4700,25000,0.29714298248291016,0.3477155268192291,4.873241437053366e-07,1.0,4.873241437053366e-07,0.0023415933828800917,0.009191855788230896,0.0245879627764225,0.055576447397470474,0.11675694584846497,0.24328063428401947,0.5,0.5,1.0,1.0
3,4710,25000,0.29702863097190857,0.34773921966552734,5.525112669602095e-07,1.0,5.525112669602095e-07,0.0023140606936067343,0.00909658893942833,0.024530893191695213,0.05539616942405701,0.11627891659736633,0.24456971883773804,0.5,0.5,1.0,1.0
3,4720,25000,0.29718485474586487,0.3476099669933319,5.230035071690509e-07,1.0,5.230035071690509e-07,0.0023278885055333376,0.009232137352228165,0.024461256340146065,0.05607926845550537,0.11641943454742432,0.24408261477947235,0.5,0.5,1.0,1.0
3,4730,25000,0.2969866096973419,0.34763675928115845,5.114000032335753e-07,1.0,5.114000032335753e-07,0.002314287004992366,0.009151170030236244,0.024665089324116707,0.05573846399784088,0.11603392660617828,0.24436606466770172,0.5,0.5,1.0,1.0
3,4740,25000,0.29710108041763306,0.34770435094833374,4.023798680918844e-07,1.0,4.023798680918844e-07,0.0023234132677316666,0.009199235588312149,0.024474339559674263,0.055915869772434235,0.11618466675281525,0.24360041320323944,0.5,0.5,1.0,1.0
3,4750,25000,0.29724305868148804,0.3477628529071808,7.061042879286106e-07,1.0,7.061042879286106e-07,0.0023253392428159714,0.00915092695504427,0.024672890082001686,0.05575372278690338,0.11625824123620987,0.24412761628627777,0.5,0.5,1.0,1.0
3,4760,25000,0.29706212878227234,0.347693532705307,4.634187575902615e-07,1.0,4.634187575902615e-07,0.002312180120497942,0.009198593907058239,0.024500731378793716,0.05553175136446953,0.11665596067905426,0.24408011138439178,0.5,0.5,1.0,1.0
3,4770,25000,0.29709288477897644,0.3477017879486084,6.300983272922167e-07,1.0,6.300983272922167e-07,0.0023137943353503942,0.009119025431573391,0.024551257491111755,0.05585302412509918,0.11637286841869354,0.24470175802707672,0.5,0.5,1.0,1.0
3,4780,25000,0.2970874011516571,0.34765490889549255,3.7415804854390444e-07,1.0,3.7415804854390444e-07,0.0023365537635982037,0.009195356629788876,0.024479303508996964,0.05568797141313553,0.11620986461639404,0.2450203150510788,0.5,0.5,1.0,1.0
3,4790,25000,0.29710909724235535,0.34763818979263306,5.520060426533746e-07,1.0,5.520060426533746e-07,0.0023160534910857677,0.009119758382439613,0.02451096475124359,0.05569649487733841,0.11621370911598206,0.2445835918188095,0.5,0.5,1.0,1.0
3,4800,25000,0.29718416929244995,0.34771817922592163,6.165876129671233e-07,1.0,6.165876129671233e-07,0.0023059439845383167,0.009135019965469837,0.024726375937461853,0.05584228038787842,0.11581893265247345,0.24470697343349457,0.5,0.5,1.0,1.0
3,4810,25000,0.29694920778274536,0.3477402925491333,5.554796871365397e-07,1.0,5.554796871365397e-07,0.0023066611029207706,0.009177684783935547,0.02429463341832161,0.055608510971069336,0.11542428284883499,0.24497291445732117,0.5,0.5,1.0,1.0
3,4820,25000,0.2970411777496338,0.34764066338539124,5.928755513195938e-07,1.0,5.928755513195938e-07,0.002330210991203785,0.009102153591811657,0.024446900933980942,0.05569294095039368,0.11581835150718689,0.24421197175979614,0.5,0.5,1.0,1.0
3,4830,25000,0.2970302402973175,0.34768345952033997,6.077776220081432e-07,1.0,6.077776220081432e-07,0.00234282948076725,0.009099917486310005,0.02459956891834736,0.05570366606116295,0.11677998304367065,0.24496334791183472,0.5,0.5,1.0,1.0
3,4840,25000,0.2970826029777527,0.34769323468208313,5.04020647440484e-07,1.0,5.04020647440484e-07,0.002332019619643688,0.009166895411908627,0.024683210998773575,0.05573301389813423,0.11681108176708221,0.24539370834827423,0.5,0.5,1.0,1.0
3,4850,25000,0.29721561074256897,0.34765714406967163,5.823198421239795e-07,1.0,5.823198421239795e-07,0.00232301140204072,0.009129319339990616,0.02453526109457016,0.05551519989967346,0.1165800616145134,0.24549956619739532,0.5,0.5,1.0,1.0
3,4860,25000,0.29710063338279724,0.34764933586120605,5.618726959255582e-07,1.0,5.618726959255582e-07,0.002324746921658516,0.009175592102110386,0.024438463151454926,0.05559218302369118,0.11683498322963715,0.24403922259807587,0.5,0.5,1.0,1.0
3,4870,25000,0.2969669699668884,0.3476542532444,6.276958401940647e-07,1.0,6.276958401940647e-07,0.0023401551879942417,0.009142881259322166,0.024659134447574615,0.05555598437786102,0.1161702424287796,0.24360206723213196,0.5,0.5,1.0,1.0
3,4880,25000,0.29702597856521606,0.3476076126098633,7.104877113306429e-07,1.0,7.104877113306429e-07,0.002337655983865261,0.009216883219778538,0.024593431502580643,0.05564482882618904,0.11657485365867615,0.24508136510849,0.5,0.5,1.0,1.0
3,4890,25000,0.2971206605434418,0.34768933057785034,5.472468842526723e-07,1.0,5.472468842526723e-07,0.0023321066983044147,0.00908011943101883,0.024609209969639778,0.05547402426600456,0.11692622303962708,0.24419644474983215,0.5,0.5,1.0,1.0
3,4900,25000,0.29711952805519104,0.34764787554740906,4.212780595480581e-07,1.0,4.212780595480581e-07,0.002321615582332015,0.009090938605368137,0.02464589662849903,0.056149329990148544,0.11653970927000046,0.24402698874473572,0.5,0.5,1.0,1.0
3,4910,25000,0.2970646619796753,0.34763795137405396,5.734885348829266e-07,1.0,5.734885348829266e-07,0.0023133130744099617,0.009137189015746117,0.024556895717978477,0.055752988904714584,0.11596009135246277,0.24565723538398743,0.5,0.5,1.0,1.0
3,4920,25000,0.29696905612945557,0.34765487909317017,7.529905587944086e-07,1.0,7.529905587944086e-07,0.002322545275092125,0.009162899106740952,0.02465358003973961,0.05578814819455147,0.1154792457818985,0.24424387514591217,0.5,0.5,1.0,1.0
3,4930,25000,0.29720208048820496,0.34758907556533813,5.620445904241933e-07,1.0,5.620445904241933e-07,0.002333521144464612,0.009139283560216427,0.024712802842259407,0.05583225563168526,0.11715486645698547,0.24472954869270325,0.5,0.5,1.0,1.0
3,4940,25000,0.29701682925224304,0.3476242423057556,5.67657082228834e-07,1.0,5.67657082228834e-07,0.0023525715805590153,0.009220830164849758,0.024518117308616638,0.05559299886226654,0.11666563898324966,0.24391718208789825,0.5,0.5,1.0,1.0
3,4950,25000,0.2969876825809479,0.347615122795105,6.676473844891007e-07,1.0,6.676473844891007e-07,0.0023038152139633894,0.009056665003299713,0.024578729644417763,0.05588121712207794,0.11655644327402115,0.2444119155406952,0.5,0.5,1.0,1.0
3,4960,25000,0.29698240756988525,0.3477133512496948,6.369152742990991e-07,1.0,6.369152742990991e-07,0.002333310665562749,0.009159635752439499,0.024638831615447998,0.055547695606946945,0.11601978540420532,0.2437593936920166,0.5,0.5,1.0,1.0
3,4970,25000,0.29690349102020264,0.347721666097641,4.632231878076709e-07,1.0,4.632231878076709e-07,0.0023072308395057917,0.009118007495999336,0.024699538946151733,0.055800359696149826,0.1155766099691391,0.24238744378089905,0.5,0.5,1.0,1.0
3,4980,25000,0.29709291458129883,0.3476901054382324,4.962881803294295e-07,1.0,4.962881803294295e-07,0.0023343204520642757,0.00907992571592331,0.024537764489650726,0.05562195926904678,0.11587905883789062,0.24524618685245514,0.5,0.5,1.0,1.0
3,4990,25000,0.29704171419143677,0.3477679491043091,5.444946964416886e-07,1.0,5.444946964416886e-07,0.0023028161376714706,0.0091864550486207,0.024872474372386932,0.055372919887304306,0.11597274243831635,0.2438810169696808,0.5,0.5,1.0,1.0
3,5000,25000,0.29711756110191345,0.34771040081977844,5.078925937596068e-07,1.0,5.078925937596068e-07,0.0023238970898091793,0.009130547754466534,0.024736635386943817,0.05564728006720543,0.11685284972190857,0.24440394341945648,0.5,0.5,1.0,1.0
3,5010,25000,0.29680418968200684,0.34764131903648376,5.786704946331156e-07,1.0,5.786704946331156e-07,0.0023214705288410187,0.009125984273850918,0.024571197107434273,0.055254701524972916,0.11626662313938141,0.24348410964012146,0.5,0.5,1.0,1.0
3,5020,25000,0.2970472276210785,0.3476034104824066,4.886212536803214e-07,1.0,4.886212536803214e-07,0.002305402420461178,0.009105698205530643,0.024697033688426018,0.05588917434215546,0.11574627459049225,0.2441730499267578,0.5,0.5,1.0,1.0
3,5030,25000,0.2970404028892517,0.3477308750152588,5.496046355801809e-07,1.0,5.496046355801809e-07,0.0023205738980323076,0.009167605079710484,0.024648748338222504,0.05552252009510994,0.11600863188505173,0.24382326006889343,0.5,0.5,1.0,1.0
3,5040,25000,0.29706788063049316,0.3477722704410553,5.30034981238714e-07,1.0,5.30034981238714e-07,0.0022915995214134455,0.009084699675440788,0.024508606642484665,0.05561787635087967,0.11665672808885574,0.24437622725963593,0.5,0.5,1.0,1.0
3,5050,25000,0.2971368134021759,0.34766554832458496,5.205978368394426e-07,1.0,5.205978368394426e-07,0.0022993183229118586,0.009148020297288895,0.02468990720808506,0.05547468364238739,0.11611051112413406,0.24440684914588928,0.5,0.5,1.0,1.0
3,5060,25000,0.2970544099807739,0.3477358818054199,5.034827950112231e-07,1.0,5.034827950112231e-07,0.002264244481921196,0.009120482951402664,0.02457287907600403,0.055748116225004196,0.1161326915025711,0.24497853219509125,0.5,0.5,1.0,1.0
3,5070,25000,0.297013521194458,0.3476949632167816,5.25985058175138e-07,1.0,5.25985058175138e-07,0.002324409317225218,0.009156009182333946,0.024359768256545067,0.055570006370544434,0.11575780808925629,0.24450673162937164,0.5,0.5,1.0,1.0
3,5080,25000,0.2970238924026489,0.34761762619018555,7.669552815059433e-07,1.0,7.669552815059433e-07,0.0023220449220389128,0.009158231317996979,0.024552475661039352,0.055661801248788834,0.11650094389915466,0.24404309689998627,0.5,0.5,1.0,1.0
3,5090,25000,0.29713594913482666,0.3476310670375824,5.741934501202195e-07,1.0,5.741934501202195e-07,0.0023167142644524574,0.009176626801490784,0.024696514010429382,0.055840909481048584,0.11634519696235657,0.2448706328868866,0.5,0.5,1.0,1.0
3,5100,25000,0.2970558702945709,0.3476525843143463,4.6716911583644105e-07,1.0,4.6716911583644105e-07,0.0023452320601791143,0.009155101142823696,0.024815361946821213,0.05549296364188194,0.11612240970134735,0.24417878687381744,0.5,0.5,1.0,1.0
3,5110,25000,0.29705551266670227,0.3476641774177551,5.500791644408309e-07,1.0,5.500791644408309e-07,0.0023067633155733347,0.00917874462902546,0.024640800431370735,0.05587298050522804,0.11637122929096222,0.24453197419643402,0.5,0.5,1.0,1.0
3,5120,25000,0.29720795154571533,0.34771469235420227,5.509594984687283e-07,1.0,5.509594984687283e-07,0.0023350813426077366,0.009165594354271889,0.024556225165724754,0.055913034826517105,0.11641301214694977,0.24474799633026123,0.5,0.5,1.0,1.0
3,5130,25000,0.29714661836624146,0.3476789891719818,5.518186299013905e-07,1.0,5.518186299013905e-07,0.002295586047694087,0.009141766466200352,0.024697355926036835,0.05580538138747215,0.11662374436855316,0.24432142078876495,0.5,0.5,1.0,1.0
3,5140,25000,0.29713135957717896,0.34778425097465515,7.516403002227889e-07,1.0,7.516403002227889e-07,0.002299227984622121,0.009131772443652153,0.024531014263629913,0.05541354790329933,0.1165178120136261,0.2432355284690857,0.5,0.5,1.0,1.0
3,5150,25000,0.2972477674484253,0.34778761863708496,7.140028515095764e-07,1.0,7.140028515095764e-07,0.0023095891810953617,0.009146349504590034,0.02475610002875328,0.05591151490807533,0.11639784276485443,0.2435922920703888,0.5,0.5002771019935608,1.0,1.0
3,5160,25000,0.2971380650997162,0.34772753715515137,4.7304433792305645e-07,1.0,4.7304433792305645e-07,0.0023244989570230246,0.009212050586938858,0.024629535153508186,0.055795181542634964,0.11638639867305756,0.2444039136171341,0.5,0.5,1.0,1.0
3,5170,25000,0.2970794141292572,0.347705602645874,5.642040719067154e-07,1.0,5.642040719067154e-07,0.002317951526492834,0.009139693342149258,0.02455696277320385,0.055549804121255875,0.11669521033763885,0.2440001666545868,0.5,0.5,1.0,1.0
3,5180,25000,0.2971055507659912,0.34769773483276367,4.5879815502303245e-07,1.0,4.5879815502303245e-07,0.0023194209206849337,0.009166941046714783,0.024821089580655098,0.05553125590085983,0.11571446061134338,0.2449471652507782,0.5,0.5,1.0,1.0
3,5190,25000,0.2972056269645691,0.34763386845588684,6.591138799194596e-07,1.0,6.591138799194596e-07,0.0022774639073759317,0.009098021313548088,0.02467203140258789,0.05581817775964737,0.11649444699287415,0.24539676308631897,0.5,0.5,1.0,1.0
3,5200,25000,0.2971068024635315,0.3476724326610565,6.06888249876647e-07,1.0,6.06888249876647e-07,0.0023133275099098682,0.00909828208386898,0.024538181722164154,0.05555436387658119,0.11660359799861908,0.2448807656764984,0.5,0.5,1.0,1.0
3,5210,25000,0.2972797751426697,0.3477783501148224,4.4688945877169317e-07,1.0,4.4688945877169317e-07,0.0023119731340557337,0.009112176485359669,0.02460036426782608,0.05580425262451172,0.11651611328125,0.2442595511674881,0.5,0.5,1.0,1.0
3,5220,25000,0.29708850383758545,0.3477560579776764,4.757981173497683e-07,1.0,4.757981173497683e-07,0.002358176978304982,0.009189937263727188,0.024519816040992737,0.055819712579250336,0.11630711704492569,0.24395652115345,0.5,0.5,1.0,1.0
3,5230,25000,0.2970941960811615,0.3476893901824951,6.341603011605912e-07,1.0,6.341603011605912e-07,0.0023216239642351866,0.00918589811772108,0.024778708815574646,0.05550311878323555,0.11652251332998276,0.24458518624305725,0.5,0.5,1.0,1.0
3,5240,25000,0.29715046286582947,0.3476945757865906,6.333328883556533e-07,1.0,6.333328883556533e-07,0.002351796953007579,0.009168079122900963,0.024754008278250694,0.05566255375742912,0.11586803197860718,0.24490681290626526,0.5,0.5,1.0,1.0
3,5250,25000,0.29701006412506104,0.3477441668510437,5.568735446104256e-07,1.0,5.568735446104256e-07,0.002282240893691778,0.009129010140895844,0.024659503251314163,0.05568653345108032,0.1161646842956543,0.2434658706188202,0.5,0.5,1.0,1.0
3,5260,25000,0.29702550172805786,0.3477157652378082,5.357799750527192e-07,1.0,5.357799750527192e-07,0.0023237671703100204,0.009171287529170513,0.02476426213979721,0.055365752428770065,0.11540936678647995,0.2442816197872162,0.5,0.5,1.0,1.0
3,5270,25000,0.29703354835510254,0.34768038988113403,5.048935918239295e-07,1.0,5.048935918239295e-07,0.0023076331708580256,0.00918797217309475,0.02472725696861744,0.05581434443593025,0.1157408282160759,0.24416717886924744,0.5,0.5,1.0,1.0
3,5280,25000,0.2971794903278351,0.34774747490882874,4.668996496093314e-07,1.0,4.668996496093314e-07,0.0023099451791495085,0.009184319525957108,0.0246307160705328,0.055842190980911255,0.11655016243457794,0.2437126189470291,0.5,0.5,1.0,1.0
3,5290,25000,0.29714837670326233,0.34775784611701965,6.406874035747023e-07,1.0,6.406874035747023e-07,0.0023206565529108047,0.009097208268940449,0.0246210265904665,0.05560779199004173,0.11592897772789001,0.2450595200061798,0.5,0.5,1.0,1.0
3,5300,25000,0.29704374074935913,0.3477286398410797,5.214219527260866e-07,1.0,5.214219527260866e-07,0.0022997669875621796,0.009143765084445477,0.02459922805428505,0.05578980967402458,0.11600013822317123,0.24433475732803345,0.5,0.5,1.0,1.0
3,5310,25000,0.29710492491722107,0.347702294588089,6.734110797879111e-07,1.0,6.734110797879111e-07,0.0023220337461680174,0.00909392349421978,0.02443830668926239,0.05592424422502518,0.11682833731174469,0.2442476600408554,0.5,0.5,1.0,1.0
3,5320,25000,0.29699763655662537,0.34766685962677,4.559753108424047e-07,1.0,4.559753108424047e-07,0.0023061016108840704,0.009188368916511536,0.024628665298223495,0.05590056627988815,0.11638611555099487,0.24424320459365845,0.5,0.5,1.0,1.0
3,5330,25000,0.29718276858329773,0.34770911931991577,5.673429654962092e-07,1.0,5.673429654962092e-07,0.0023308992385864258,0.009147761389613152,0.024578848853707314,0.05564332380890846,0.11679303646087646,0.2441370189189911,0.5,0.5,1.0,1.0
3,5340,25000,0.2969883978366852,0.34778329730033875,4.878878598901792e-07,1.0,4.878878598901792e-07,0.0023147345054894686,0.009189511649310589,0.024657154455780983,0.05551667883992195,0.11617980152368546,0.24293257296085358,0.5,0.5,1.0,1.0
3,5350,25000,0.2970709800720215,0.3477047085762024,4.410836140777974e-07,1.0,4.410836140777974e-07,0.0023311793338507414,0.009118324145674706,0.02447981759905815,0.05554646626114845,0.11625847965478897,0.24438366293907166,0.5,0.5,1.0,1.0
3,5360,25000,0.2971792221069336,0.34770911931991577,6.312419031928584e-07,1.0,6.312419031928584e-07,0.0023061418905854225,0.009220573119819164,0.02459394745528698,0.055911533534526825,0.11599579453468323,0.24543461203575134,0.5,0.5,1.0,1.0
3,5370,25000,0.2970995306968689,0.34770697355270386,6.949442195036681e-07,1.0,6.949442195036681e-07,0.0023378601763397455,0.009196264669299126,0.02464992180466652,0.05562704801559448,0.11658728122711182,0.24504151940345764,0.5,0.5,1.0,1.0
3,5380,25000,0.29709067940711975,0.34767940640449524,8.638082249490253e-07,1.0,8.638082249490253e-07,0.0023313998244702816,0.00909439567476511,0.02474476769566536,0.05522274225950241,0.1159718781709671,0.24464569985866547,0.5,0.5,1.0,1.0
3,5390,25000,0.2969898283481598,0.3476332426071167,4.7602048880435177e-07,1.0,4.7602048880435177e-07,0.0022790073417127132,0.009128468111157417,0.024443181231617928,0.055831801146268845,0.11663384735584259,0.24429303407669067,0.5,0.5,1.0,1.0
3,5400,25000,0.2970196008682251,0.34760743379592896,5.452758387036738e-07,1.0,5.452758387036738e-07,0.0023174190428107977,0.009151156060397625,0.02462744526565075,0.05579359829425812,0.11658909916877747,0.24376296997070312,0.5,0.5,1.0,1.0
3,5410,25000,0.29714319109916687,0.3476739227771759,4.774287276632094e-07,1.0,4.774287276632094e-07,0.002329452196136117,0.009215141646564007,0.024524550884962082,0.055783774703741074,0.116281658411026,0.24446377158164978,0.5,0.5,1.0,1.0
3,5420,25000,0.2970440983772278,0.34766650199890137,4.637901156456792e-07,1.0,4.637901156456792e-07,0.0023443482350558043,0.009132696315646172,0.02465769834816456,0.055718012154102325,0.11671067029237747,0.24398955702781677,0.5,0.5,1.0,1.0
3,5430,25000,0.2969958782196045,0.3477526307106018,4.7343164055746456e-07,1.0,4.7343164055746456e-07,0.0023137698881328106,0.009118141606450081,0.024558914825320244,0.05579628050327301,0.11530052870512009,0.24411486089229584,0.5,0.5,1.0,1.0
3,5440,25000,0.29709240794181824,0.34769585728645325,5.502322437678231e-07,1.0,5.502322437678231e-07,0.0022917429450899363,0.009143142960965633,0.02481078915297985,0.05560695752501488,0.1160767450928688,0.24393975734710693,0.5,0.5,1.0,1.0
3,5450,25000,0.29724177718162537,0.3477648198604584,5.021963715989841e-07,1.0,5.021963715989841e-07,0.0023570347111672163,0.009111643768846989,0.024711186066269875,0.05575187876820564,0.11639390140771866,0.24433627724647522,0.5,0.5,1.0,1.0
3,5460,25000,0.2971569299697876,0.3477657735347748,6.246085035854776e-07,1.0,6.246085035854776e-07,0.002318484475836158,0.009090795181691647,0.024583004415035248,0.05549044907093048,0.11711183190345764,0.24394121766090393,0.5,0.5,1.0,1.0
3,5470,25000,0.29697126150131226,0.3476845920085907,6.661522320428048e-07,1.0,6.661522320428048e-07,0.0023121049162000418,0.009015808813273907,0.024618851020932198,0.05587001517415047,0.11619523912668228,0.24406109750270844,0.5,0.5,1.0,1.0
3,5480,25000,0.29715439677238464,0.3475970923900604,5.165923653294158e-07,1.0,5.165923653294158e-07,0.0023478001821786165,0.009154638275504112,0.024482429027557373,0.05567802116274834,0.11684414744377136,0.24510863423347473,0.5,0.5,1.0,1.0
3,5490,25000,0.2971263527870178,0.3477230668067932,8.970714020506421e-07,1.0,8.970714020506421e-07,0.002291853539645672,0.009177563712000847,0.024632565677165985,0.05584094300866127,0.11620278656482697,0.244950532913208,0.5,0.5,1.0,1.0
3,5500,25000,0.29713135957717896,0.3477497696876526,5.023177891416708e-07,1.0,5.023177891416708e-07,0.002324817469343543,0.009114502929151058,0.024720948189496994,0.05535348132252693,0.11641727387905121,0.24393276870250702,0.5,0.5,1.0,1.0
3,5510,25000,0.2971017062664032,0.34767740964889526,7.020996122264478e-07,1.0,7.020996122264478e-07,0.002300593303516507,0.009136910550296307,0.0247697401791811,0.05568242445588112,0.11624569445848465,0.24444817006587982,0.5,0.5,1.0,1.0
3,5520,25000,0.2970871925354004,0.34765714406967163,4.569453437852644e-07,1.0,4.569453437852644e-07,0.002318402286618948,0.009170115925371647,0.024433627724647522,0.05576832592487335,0.11635106801986694,0.24503380060195923,0.5,0.5,1.0,1.0
3,5530,25000,0.2972535789012909,0.3477587401866913,6.199645667948062e-07,1.0,6.199645667948062e-07,0.0022972922306507826,0.00907118245959282,0.024423904716968536,0.05579075962305069,0.11665908992290497,0.24429015815258026,0.5,0.5,1.0,1.0
3,5540,25000,0.29712045192718506,0.3477141261100769,5.45632701687282e-07,1.0,5.45632701687282e-07,0.0023143873549997807,0.009121566079556942,0.024742770940065384,0.05595264956355095,0.11602146178483963,0.244918093085289,0.5,0.5,1.0,1.0
3,5550,25000,0.2970181405544281,0.3476793169975281,5.827314453199506e-07,1.0,5.827314453199506e-07,0.002322726882994175,0.00914918351918459,0.024758528918027878,0.05564448609948158,0.11625732481479645,0.24434980750083923,0.5,0.5,1.0,1.0
3,5560,25000,0.29703739285469055,0.3476211726665497,5.501926239048771e-07,1.0,5.501926239048771e-07,0.0023228959180414677,0.009146137163043022,0.02455412968993187,0.055809326469898224,0.11710329353809357,0.2438049018383026,0.5,0.5,1.0,1.0
3,5570,25000,0.2970966696739197,0.34766384959220886,5.087853196528158e-07,1.0,5.087853196528158e-07,0.002324321772903204,0.009069729596376419,0.024551430717110634,0.05557655543088913,0.11636833846569061,0.24465008080005646,0.5,0.5,1.0,1.0
3,5580,25000,0.29715800285339355,0.34772610664367676,7.400891490760841e-07,1.0,7.400891490760841e-07,0.002314958954229951,0.009213908575475216,0.024565888568758965,0.05572214722633362,0.11639028787612915,0.24399231374263763,0.5,0.5,1.0,1.0
3,5590,25000,0.29712769389152527,0.34776628017425537,5.62124739644787e-07,1.0,5.62124739644787e-07,0.0022998356726020575,0.00907354149967432,0.024654602631926537,0.05566085875034332,0.11596085131168365,0.24473562836647034,0.5,0.5,1.0,1.0
3,5600,25000,0.29705774784088135,0.34774041175842285,8.070882131505641e-07,1.0,8.070882131505641e-07,0.0023127251770347357,0.009117932990193367,0.024571141228079796,0.0555928610265255,0.11592614650726318,0.24407793581485748,0.5,0.5,1.0,1.0
3,5610,25000,0.2969696521759033,0.3476397395133972,4.2046596604450315e-07,1.0,4.2046596604450315e-07,0.0023258537985384464,0.00912859570235014,0.024544116109609604,0.05583107843995094,0.11618855595588684,0.2449500858783722,0.5,0.5,1.0,1.0
3,5620,25000,0.2971344590187073,0.34777581691741943,4.61008710317401e-07,1.0,4.61008710317401e-07,0.0023141580168157816,0.009174677543342113,0.024567505344748497,0.05547551065683365,0.11632250249385834,0.244435653090477,0.5,0.5,1.0,1.0
3,5630,25000,0.29711756110191345,0.3477638065814972,5.221311880632129e-07,1.0,5.221311880632129e-07,0.002330223796889186,0.009100834839046001,0.02456459403038025,0.055845052003860474,0.11608268320560455,0.24448619782924652,0.5,0.5,1.0,1.0
3,5640,25000,0.29712069034576416,0.34773197770118713,5.737062451771635e-07,1.0,5.737062451771635e-07,0.002295917132869363,0.009160317480564117,0.024513930082321167,0.05572843551635742,0.11667976528406143,0.2441759705543518,0.5,0.5,1.0,1.0
3,5650,25000,0.29709362983703613,0.347732275724411,5.302964609654737e-07,1.0,5.302964609654737e-07,0.002310621552169323,0.009102321229875088,0.024675456807017326,0.055520132184028625,0.11570316553115845,0.24416573345661163,0.5,0.5,1.0,1.0
3,5660,25000,0.2971873879432678,0.347766250371933,4.3668728721968364e-07,1.0,4.3668728721968364e-07,0.0023250847589224577,0.009129947051405907,0.024629313498735428,0.055601730942726135,0.11695180833339691,0.2437794804573059,0.5,0.5,1.0,1.0
3,5670,25000,0.2972034215927124,0.3477270007133484,5.12190752033348e-07,1.0,5.12190752033348e-07,0.002310926327481866,0.00912870280444622,0.024584127590060234,0.05573367327451706,0.1164700984954834,0.2444806545972824,0.5,0.5,1.0,1.0
3,5680,25000,0.2971954941749573,0.3476695716381073,4.91028004034888e-07,1.0,4.91028004034888e-07,0.0023163026198744774,0.009171787649393082,0.02465408854186535,0.055932752788066864,0.11647810786962509,0.24560546875,0.5,0.5,1.0,1.0
3,5690,25000,0.2972068190574646,0.34776726365089417,5.904281010771228e-07,1.0,5.904281010771228e-07,0.0023121165577322245,0.009069617837667465,0.02460327558219433,0.05565989390015602,0.11644483357667923,0.24375034868717194,0.5,0.5,1.0,1.0
3,5700,25000,0.29708898067474365,0.34767648577690125,5.195414587433334e-07,1.0,5.195414587433334e-07,0.0023271243553608656,0.009120035916566849,0.024764107540249825,0.05586528033018112,0.1160268783569336,0.2450806349515915,0.5,0.5,1.0,1.0
3,5710,25000,0.2970316410064697,0.34763970971107483,5.880290245841024e-07,1.0,5.880290245841024e-07,0.0022979804780334234,0.009059781208634377,0.024576766416430473,0.05596667155623436,0.11650523543357849,0.24483069777488708,0.5,0.5,1.0,1.0
3,5720,25000,0.2972852289676666,0.34768956899642944,7.806570465618279e-07,1.0,7.806570465618279e-07,0.0023263294715434313,0.00924493558704853,0.024744786322116852,0.05578063800930977,0.11645331978797913,0.24408291280269623,0.5,0.5,1.0,1.0
3,5730,25000,0.2971900999546051,0.34771728515625,4.645853834972513e-07,1.0,4.645853834972513e-07,0.0023352906573563814,0.009139148518443108,0.024712856858968735,0.055945903062820435,0.11588466912508011,0.24363552033901215,0.5,0.5,1.0,1.0
3,5740,25000,0.2970937490463257,0.3476714491844177,5.180132234272605e-07,1.0,5.180132234272605e-07,0.002318046987056732,0.00913719367235899,0.02461053989827633,0.05590005964040756,0.11661854386329651,0.2442295104265213,0.5,0.5,1.0,1.0
3,5750,25000,0.2970932424068451,0.34773772954940796,5.130468139213917e-07,1.0,5.130468139213917e-07,0.0022971229627728462,0.009189385920763016,0.024441350251436234,0.05580669641494751,0.11584357917308807,0.24413850903511047,0.5,0.5,1.0,1.0
3,5760,25000,0.29702526330947876,0.34764307737350464,5.470275823427073e-07,1.0,5.470275823427073e-07,0.0023287127260118723,0.009138203226029873,0.0246229637414217,0.05582258477807045,0.1168624758720398,0.2446269690990448,0.5,0.5,1.0,1.0
3,5770,25000,0.29704952239990234,0.34775570034980774,5.148885406924819e-07,1.0,5.148885406924819e-07,0.0023068473674356937,0.009231612086296082,0.02455480955541134,0.05542152747511864,0.11592453718185425,0.24530433118343353,0.5,0.5,1.0,1.0
3,5780,25000,0.29713594913482666,0.34771424531936646,5.290827971293766e-07,1.0,5.290827971293766e-07,0.0023400476202368736,0.00917901936918497,0.024589333683252335,0.0560293011367321,0.11653377115726471,0.24306169152259827,0.5,0.5,1.0,1.0
3,5790,25000,0.29699334502220154,0.3477425277233124,5.940717642261006e-07,1.0,5.940717642261006e-07,0.0023160367272794247,0.009166276082396507,0.024574585258960724,0.055292125791311264,0.115778848528862,0.24374724924564362,0.5,0.5,1.0,1.0
3,5800,25000,0.2971446216106415,0.34771859645843506,4.614149986537086e-07,1.0,4.614149986537086e-07,0.002313322387635708,0.009182007052004337,0.024421336129307747,0.05585133656859398,0.11612226068973541,0.24361799657344818,0.5,0.5,1.0,1.0
3,5810,25000,0.2970786392688751,0.34768223762512207,4.1720230115060986e-07,1.0,4.1720230115060986e-07,0.0023250312078744173,0.009125535376369953,0.02440929412841797,0.055941738188266754,0.11607261002063751,0.24497033655643463,0.5,0.5,1.0,1.0
3,5820,25000,0.29721665382385254,0.34774529933929443,6.029636665516591e-07,1.0,6.029636665516591e-07,0.0023297076113522053,0.009127414785325527,0.024585431441664696,0.055546537041664124,0.11642640084028244,0.24479107558727264,0.5,0.5,1.0,1.0
3,5830,25000,0.2970540523529053,0.34767764806747437,5.788696739728039e-07,1.0,5.788696739728039e-07,0.0022976542823016644,0.0091160349547863,0.024549616500735283,0.05597463995218277,0.11632594466209412,0.2448539286851883,0.5,0.5,1.0,1.0
3,5840,25000,0.2971944510936737,0.3477751612663269,5.695220579582383e-07,1.0,5.695220579582383e-07,0.002312109339982271,0.009085853584110737,0.024669665843248367,0.05581708252429962,0.11575402319431305,0.2437870055437088,0.5,0.5,1.0,1.0
3,5850,25000,0.2972394526004791,0.3477300703525543,6.895108981552767e-07,1.0,6.895108981552767e-07,0.0023184954188764095,0.009179137647151947,0.024600746110081673,0.055561888962984085,0.1163516640663147,0.2457633912563324,0.5,0.5,1.0,1.0
3,5860,25000,0.2970643937587738,0.3476403057575226,4.90669037844782e-07,1.0,4.90669037844782e-07,0.0023183065932244062,0.009173511527478695,0.024789372459053993,0.05580915883183479,0.11623489856719971,0.2447417974472046,0.5,0.5,1.0,1.0
3,5870,25000,0.2971537411212921,0.3476821482181549,8.241427735811158e-07,1.0,8.241427735811158e-07,0.0023788802791386843,0.009158414788544178,0.024598488584160805,0.055697664618492126,0.1163645088672638,0.24458692967891693,0.5,0.5,1.0,1.0
3,5880,25000,0.2970144748687744,0.3477528393268585,6.187875101204554e-07,1.0,6.187875101204554e-07,0.002298013074323535,0.00907715130597353,0.024710461497306824,0.05578916519880295,0.11587914079427719,0.24453814327716827,0.5,0.5,1.0,1.0
3,5890,25000,0.29706957936286926,0.3477545976638794,6.330452038127987e-07,1.0,6.330452038127987e-07,0.002332930685952306,0.009118987247347832,0.02455950900912285,0.05590110272169113,0.11636590212583542,0.24382759630680084,0.5,0.5,1.0,1.0
3,5900,25000,0.29698437452316284,0.34775489568710327,5.492483978741802e-07,1.0,5.492483978741802e-07,0.002301622647792101,0.009229711256921291,0.024350272491574287,0.05546445772051811,0.11585111916065216,0.24410554766654968,0.5,0.5,1.0,1.0
3,5910,25000,0.29707813262939453,0.3477307856082916,6.136173738013895e-07,1.0,6.136173738013895e-07,0.0023112252820283175,0.00913149118423462,0.024672577157616615,0.05541015788912773,0.11617578566074371,0.2451760470867157,0.5,0.5,1.0,1.0
3,5920,25000,0.29728224873542786,0.34774890542030334,5.46707553894521e-07,1.0,5.46707553894521e-07,0.002332746284082532,0.009143355302512646,0.02467854507267475,0.055764250457286835,0.11588528752326965,0.24559956789016724,0.5,0.5,1.0,1.0
3,5930,25000,0.29716798663139343,0.3476490080356598,6.178338480822276e-07,1.0,6.178338480822276e-07,0.0023143538273870945,0.009071897715330124,0.02465423382818699,0.055735379457473755,0.11651071161031723,0.24544784426689148,0.5,0.5,1.0,1.0
3,5940,25000,0.29720816016197205,0.34769096970558167,4.6567157596655306e-07,1.0,4.6567157596655306e-07,0.0023424832616001368,0.00913296639919281,0.0245988629758358,0.055577218532562256,0.11626841127872467,0.24483734369277954,0.5,0.5,1.0,1.0
3,5950,25000,0.2971811890602112,0.3476608991622925,5.259229283183231e-07,1.0,5.259229283183231e-07,0.002306660171598196,0.009132936596870422,0.02482268214225769,0.05598239228129387,0.11618240177631378,0.24527639150619507,0.5,0.5,1.0,1.0
3,5960,25000,0.29701969027519226,0.347680002450943,4.761687648624502e-07,1.0,4.761687648624502e-07,0.002319607650861144,0.009137837216258049,0.024656401947140694,0.05574316158890724,0.11668550968170166,0.2441776990890503,0.5,0.5,1.0,1.0
3,5970,25000,0.2969776391983032,0.3476691246032715,5.234820150690211e-07,1.0,5.234820150690211e-07,0.002277299063280225,0.009171291254460812,0.024459250271320343,0.05548795312643051,0.11644327640533447,0.24407105147838593,0.5,0.5,1.0,1.0
3,5980,25000,0.29715627431869507,0.34776586294174194,7.964595738485514e-07,1.0,7.964595738485514e-07,0.0022823368199169636,0.009126687422394753,0.02473549358546734,0.056008171290159225,0.11561127007007599,0.24464598298072815,0.5,0.5,1.0,1.0
3,5990,25000,0.2970108985900879,0.34764426946640015,5.20191747455101e-07,1.0,5.20191747455101e-07,0.0023373111616820097,0.009186054579913616,0.02455073967576027,0.055418431758880615,0.11690904200077057,0.2440842092037201,0.5,0.5,1.0,1.0
3,6000,25000,0.29715394973754883,0.34762802720069885,5.365395168155374e-07,1.0,5.365395168155374e-07,0.002309478586539626,0.009120218455791473,0.024777043610811234,0.05571597442030907,0.1162625253200531,0.24548403918743134,0.5,0.5,1.0,1.0
3,6010,25000,0.29716381430625916,0.3477255403995514,4.95931033128727e-07,1.0,4.95931033128727e-07,0.0023234135005623102,0.009216993115842342,0.02454284578561783,0.055443376302719116,0.1166318953037262,0.2442406415939331,0.5,0.5,1.0,1.0
3,6020,25000,0.2971048355102539,0.34772825241088867,9.006848245007859e-07,1.0,9.006848245007859e-07,0.002319359453395009,0.009127887897193432,0.024770120158791542,0.05611996725201607,0.11600171029567719,0.24333345890045166,0.5,0.5,1.0,1.0
3,6030,25000,0.29700344800949097,0.34773412346839905,8.504570701006742e-07,1.0,8.504570701006742e-07,0.0023329404648393393,0.009180807508528233,0.024570699781179428,0.0556173175573349,0.11614374816417694,0.24388475716114044,0.5,0.5,1.0,1.0
3,6040,25000,0.29710033535957336,0.347709059715271,6.779366117370955e-07,1.0,6.779366117370955e-07,0.002335962140932679,0.009084914810955524,0.024721885100007057,0.055681098252534866,0.11599983274936676,0.24500629305839539,0.5,0.5,1.0,1.0
3,6050,25000,0.29713672399520874,0.34777286648750305,8.647872959954839e-07,1.0,8.647872959954839e-07,0.002328050322830677,0.009111065417528152,0.02451474592089653,0.055461205542087555,0.11662489175796509,0.24366138875484467,0.5,0.5,1.0,1.0
3,6060,25000,0.29715031385421753,0.347727507352829,5.873350232832308e-07,1.0,5.873350232832308e-07,0.0023238114081323147,0.009111876599490643,0.024666106328368187,0.05571131780743599,0.11661846935749054,0.2444884479045868,0.5,0.5,1.0,1.0
3,6070,25000,0.29706472158432007,0.3476993441581726,5.767932407252374e-07,1.0,5.767932407252374e-07,0.002338360995054245,0.009110058657824993,0.024742554873228073,0.05552604794502258,0.11601535975933075,0.2435525804758072,0.5,0.5,1.0,1.0
3,6080,25000,0.29720497131347656,0.34770554304122925,5.104483875584265e-07,1.0,5.104483875584265e-07,0.002338303718715906,0.009163792245090008,0.02457091584801674,0.05572359636425972,0.1162659227848053,0.24480028450489044,0.5,0.5,1.0,1.0
3,6090,25000,0.2969887852668762,0.34767213463783264,4.440405803052272e-07,1.0,4.440405803052272e-07,0.0023270819801837206,0.009131385944783688,0.02445240132510662,0.055669933557510376,0.11557283997535706,0.24386392533779144,0.5,0.5,1.0,1.0
3,6100,25000,0.2970099449157715,0.34764564037323,6.105652232690773e-07,1.0,6.105652232690773e-07,0.002311886288225651,0.009212767705321312,0.024611694738268852,0.05580558627843857,0.1160544753074646,0.2428177297115326,0.5,0.5,1.0,1.0
3,6110,25000,0.29708030819892883,0.3476877212524414,4.5129627324058674e-07,1.0,4.5129627324058674e-07,0.002300202613696456,0.009148244746029377,0.024533485993742943,0.055773332715034485,0.1164894551038742,0.2440594732761383,0.5,0.5,1.0,1.0
3,6120,25000,0.2971022427082062,0.34770262241363525,4.567720282011578e-07,1.0,4.567720282011578e-07,0.0022736755199730396,0.009165685623884201,0.024626240134239197,0.055733054876327515,0.11613988876342773,0.24396498501300812,0.5,0.5,1.0,1.0
3,6130,25000,0.29704394936561584,0.347721129655838,6.019573106641474e-07,1.0,6.019573106641474e-07,0.0023201322183012962,0.009162534028291702,0.024343909695744514,0.05579245835542679,0.11607682704925537,0.24358537793159485,0.5,0.5,1.0,1.0
3,6140,25000,0.2971545457839966,0.34771114587783813,4.4744976435140416e-07,1.0,4.4744976435140416e-07,0.0023347800597548485,0.0091173704713583,0.024525711312890053,0.05540842190384865,0.1166144385933876,0.24488751590251923,0.5,0.5,1.0,1.0
3,6150,25000,0.2970254123210907,0.3477291464805603,5.250256549516052e-07,1.0,5.250256549516052e-07,0.002311170566827059,0.009131940081715584,0.02454976737499237,0.05584639683365822,0.11643000692129135,0.2437012791633606,0.5,0.5,1.0,1.0
3,6160,25000,0.2968847453594208,0.34764063358306885,7.51215168293129e-07,1.0,7.51215168293129e-07,0.0023144911974668503,0.009177308529615402,0.02469669282436371,0.05572209507226944,0.11591111123561859,0.24449783563613892,0.5,0.5,1.0,1.0
3,6170,25000,0.29709115624427795,0.3476414382457733,4.667685971071478e-07,1.0,4.667685971071478e-07,0.0023306815419346094,0.009172036312520504,0.024547014385461807,0.056002482771873474,0.11688284575939178,0.24381905794143677,0.5,0.5,1.0,1.0
3,6180,25000,0.2969958186149597,0.34781530499458313,7.697062187617121e-07,1.0,7.697062187617121e-07,0.0023287918884307146,0.009166913107037544,0.024683987721800804,0.055353328585624695,0.11545009166002274,0.2446904331445694,0.5,0.5,1.0,1.0
3,6190,25000,0.29692932963371277,0.3476403057575226,4.434261597907607e-07,1.0,4.434261597907607e-07,0.0022984312381595373,0.009202986024320126,0.024644527584314346,0.05562823638319969,0.11591647565364838,0.2436520904302597,0.5,0.5,1.0,1.0
3,6200,25000,0.2970377802848816,0.3477405905723572,5.729585268454684e-07,1.0,5.729585268454684e-07,0.0022919191978871822,0.009213137440383434,0.024551447480916977,0.05566786602139473,0.11565801501274109,0.24438641965389252,0.5,0.5,1.0,1.0
3,6210,25000,0.2971125841140747,0.3476915657520294,5.356172891879396e-07,1.0,5.356172891879396e-07,0.002341588493436575,0.009170067496597767,0.02454412914812565,0.05573904141783714,0.11640577018260956,0.2442990094423294,0.5,0.5,1.0,1.0
3,6220,25000,0.296979695558548,0.3476821184158325,6.019707825544174e-07,1.0,6.019707825544174e-07,0.0022984598763287067,0.009199053049087524,0.024487489834427834,0.055470798164606094,0.11633837968111038,0.2446233481168747,0.5,0.5,1.0,1.0
3,6230,25000,0.2969904839992523,0.347665011882782,5.856274469806522e-07,1.0,5.856274469806522e-07,0.0023265352938324213,0.00913863442838192,0.0245372224599123,0.05596305429935455,0.11575689911842346,0.24390889704227448,0.5,0.5,1.0,1.0
3,6240,25000,0.29720211029052734,0.3477214276790619,5.738338018090872e-07,1.0,5.738338018090872e-07,0.00234236684627831,0.00908229686319828,0.024569468572735786,0.055767375975847244,0.11674124747514725,0.24445198476314545,0.5,0.5,1.0,1.0
3,6250,25000,0.29713332653045654,0.3477773666381836,6.063305022507848e-07,1.0,6.063305022507848e-07,0.002342095598578453,0.009163232520222664,0.02463025413453579,0.05560111254453659,0.11628854274749756,0.2443840503692627,0.5,0.5,1.0,1.0
3,6260,25000,0.29704686999320984,0.34776532649993896,5.18838362495444e-07,1.0,5.18838362495444e-07,0.0022955310996621847,0.00915098562836647,0.02445651963353157,0.05542038753628731,0.11622956395149231,0.2425539642572403,0.5,0.5,1.0,1.0
3,6270,25000,0.2972343862056732,0.3476928174495697,5.268252039059007e-07,1.0,5.268252039059007e-07,0.002306865993887186,0.00912621058523655,0.02459905296564102,0.05549342930316925,0.11671170592308044,0.24529285728931427,0.5,0.5,1.0,1.0
3,6280,25000,0.29710397124290466,0.3477638363838196,5.254279358268832e-07,1.0,5.254279358268832e-07,0.002293370198458433,0.009108916856348515,0.024669254198670387,0.0555550679564476,0.11628451943397522,0.24432332813739777,0.5,0.5,1.0,1.0
3,6290,25000,0.29704365134239197,0.3477347195148468,4.74444448173017e-07,1.0,4.74444448173017e-07,0.002315945690497756,0.009160921908915043,0.024526527151465416,0.055331870913505554,0.11614133417606354,0.2446979582309723,0.5,0.5,1.0,1.0
3,6300,25000,0.29709553718566895,0.34768563508987427,4.929372607875848e-07,1.0,4.929372607875848e-07,0.002312564058229327,0.009161698631942272,0.024777164682745934,0.055715881288051605,0.11617074906826019,0.24426105618476868,0.5,0.5,1.0,1.0
3,6310,25000,0.29709893465042114,0.347641259431839,5.917330554439104e-07,1.0,5.917330554439104e-07,0.00231338432058692,0.009130310267210007,0.024388696998357773,0.05605276674032211,0.11685442924499512,0.24432547390460968,0.5,0.5,1.0,1.0
3,6320,25000,0.2970835566520691,0.3477228283882141,5.433190040093905e-07,1.0,5.433190040093905e-07,0.00231318362057209,0.009109179489314556,0.02464786171913147,0.05570061504840851,0.1163024976849556,0.24377377331256866,0.5,0.5,1.0,1.0
3,6330,25000,0.29715970158576965,0.34782421588897705,6.597415449505206e-07,1.0,6.597415449505206e-07,0.002328782109543681,0.009172352962195873,0.024648776277899742,0.0556703619658947,0.11611515283584595,0.2442251592874527,0.5,0.5,1.0,1.0
3,6340,25000,0.296957790851593,0.3476872444152832,5.116175429975556e-07,1.0,5.116175429975556e-07,0.0022997474297881126,0.009165775962173939,0.024565326049923897,0.0555579774081707,0.11625552177429199,0.24382640421390533,0.5,0.5,1.0,1.0
3,6350,25000,0.2970905601978302,0.34759995341300964,4.59602233604528e-07,1.0,4.59602233604528e-07,0.0022877552546560764,0.009174511767923832,0.024681631475687027,0.0554937869310379,0.11681987345218658,0.24510477483272552,0.5,0.5,1.0,1.0
3,6360,25000,0.297006756067276,0.3477083146572113,6.448817089221848e-07,1.0,6.448817089221848e-07,0.0023286747746169567,0.009175222367048264,0.024702198803424835,0.055801089853048325,0.11589418351650238,0.24423974752426147,0.5,0.5,1.0,1.0
3,6370,25000,0.2969699501991272,0.34774550795555115,6.892535679980938e-07,1.0,6.892535679980938e-07,0.0023143086582422256,0.009097893722355366,0.024467583745718002,0.05577762424945831,0.11628017574548721,0.24327774345874786,0.5,0.5,1.0,1.0
3,6380,25000,0.2971443831920624,0.34765490889549255,6.324669925561466e-07,1.0,6.324669925561466e-07,0.002325614681467414,0.009197070263326168,0.024752197787165642,0.0558062382042408,0.11647158861160278,0.24424873292446136,0.5,0.5,1.0,1.0
3,6390,25000,0.2971268892288208,0.3476443290710449,5.730351517740928e-07,1.0,5.730351517740928e-07,0.002318902174010873,0.009152603335678577,0.02457042783498764,0.05579840764403343,0.11654238402843475,0.24467743933200836,0.5,0.5,1.0,1.0
3,6400,25000,0.29698875546455383,0.34767112135887146,5.736714570048207e-07,1.0,5.736714570048207e-07,0.0023374343290925026,0.009143952280282974,0.02457452565431595,0.05579916760325432,0.11594891548156738,0.2448795884847641,0.5,0.5,1.0,1.0
3,6410,25000,0.2970443665981293,0.3476352095603943,7.063831048981228e-07,1.0,7.063831048981228e-07,0.0023318880703300238,0.009103377349674702,0.024693872779607773,0.05587553232908249,0.11594097316265106,0.2452198714017868,0.5,0.5,1.0,1.0
3,6420,25000,0.2971113920211792,0.34771859645843506,5.153881375008496e-07,1.0,5.153881375008496e-07,0.0023008862044662237,0.009079105220735073,0.024531319737434387,0.055730193853378296,0.11668910086154938,0.24417707324028015,0.5,0.5,1.0,1.0
3,6430,25000,0.2972392141819,0.3476819097995758,4.968654820913798e-07,1.0,4.968654820913798e-07,0.002303699031472206,0.009115423075854778,0.024817392230033875,0.05579928308725357,0.11671406030654907,0.24379310011863708,0.5,0.5,1.0,1.0
3,6440,25000,0.2969493567943573,0.34770727157592773,8.021871167329664e-07,1.0,8.021871167329664e-07,0.00233163102529943,0.009179772809147835,0.02482122741639614,0.05568476766347885,0.11635959148406982,0.24381044507026672,0.5,0.5,1.0,1.0
3,6450,25000,0.29710689187049866,0.3476317524909973,6.796399816266785e-07,1.0,6.796399816266785e-07,0.002314756391569972,0.009236644022166729,0.02466042898595333,0.05565698817372322,0.1168038547039032,0.24417468905448914,0.5,0.5,1.0,1.0
3,6460,25000,0.2971603274345398,0.34762200713157654,6.067119784347597e-07,1.0,6.067119784347597e-07,0.002299051033332944,0.009193101897835732,0.02464727684855461,0.056232307106256485,0.11682306975126266,0.2449730932712555,0.5,0.5,1.0,1.0
3,6470,25000,0.2971835732460022,0.34772011637687683,4.353557017111598e-07,1.0,4.353557017111598e-07,0.0023205154575407505,0.009177999570965767,0.024907106533646584,0.05564820021390915,0.11644239723682404,0.24456153810024261,0.5,0.5,1.0,1.0
3,6480,25000,0.2971404790878296,0.3476722836494446,7.030530468910001e-07,1.0,7.030530468910001e-07,0.0023304156493395567,0.00914557185024023,0.024749239906668663,0.05546176806092262,0.1167680025100708,0.24510428309440613,0.5,0.5,1.0,1.0
3,6490,25000,0.2971481382846832,0.34771934151649475,4.253648455687653e-07,1.0,4.253648455687653e-07,0.0023198192939162254,0.00923110917210579,0.024679211899638176,0.05574697256088257,0.11669608950614929,0.2438945323228836,0.5,0.5,1.0,1.0
3,6500,25000,0.2971072793006897,0.34775853157043457,6.249333068808482e-07,1.0,6.249333068808482e-07,0.0023096702061593533,0.009126738645136356,0.024446429684758186,0.05585126206278801,0.11643427610397339,0.2439775913953781,0.5,0.5,1.0,1.0
3,6510,25000,0.29706063866615295,0.34770897030830383,5.498396831171704e-07,1.0,5.498396831171704e-07,0.002322401851415634,0.009127028286457062,0.02474175952374935,0.055667392909526825,0.11594510078430176,0.24366119503974915,0.5,0.5,1.0,1.0
3,6520,25000,0.29711073637008667,0.34771284461021423,5.518925831893284e-07,1.0,5.518925831893284e-07,0.002318713115528226,0.009110871702432632,0.024647289887070656,0.05568188801407814,0.11635488271713257,0.24351151287555695,0.5,0.5,1.0,1.0
3,6530,25000,0.2970994710922241,0.3477137088775635,5.677575245499611e-07,1.0,5.677575245499611e-07,0.0023028033319860697,0.009148958139121532,0.024817202240228653,0.05552550032734871,0.11620275676250458,0.24444788694381714,0.5,0.5,1.0,1.0
3,6540,25000,0.29704946279525757,0.3477209210395813,6.69750420456694e-07,1.0,6.69750420456694e-07,0.0023090208414942026,0.00913742184638977,0.02460966631770134,0.05598049238324165,0.11673299968242645,0.24359992146492004,0.5,0.5,1.0,1.0
3,6550,25000,0.2972123324871063,0.3477228283882141,5.360039949664497e-07,1.0,5.360039949664497e-07,0.00232390477322042,0.009134650230407715,0.024528715759515762,0.0558851882815361,0.11641404032707214,0.24505630135536194,0.5,0.5,1.0,1.0
3,6560,25000,0.2971102297306061,0.34772783517837524,4.701213640601054e-07,1.0,4.701213640601054e-07,0.002362903207540512,0.00907578319311142,0.024740049615502357,0.05572740361094475,0.1161579042673111,0.24456654489040375,0.5,0.5,1.0,1.0
3,6570,25000,0.2971547544002533,0.34769782423973083,6.577673161700659e-07,1.0,6.577673161700659e-07,0.00230520311743021,0.009215417318046093,0.02469480410218239,0.055776793509721756,0.11585049331188202,0.2439483255147934,0.5,0.5,1.0,1.0
3,6580,25000,0.29709187150001526,0.34777307510375977,5.530730504688108e-07,1.0,5.530730504688108e-07,0.0023361078929156065,0.009038345888257027,0.02459387481212616,0.055722665041685104,0.11602883040904999,0.2440747171640396,0.5,0.5,1.0,1.0
3,6590,25000,0.29710713028907776,0.3476940989494324,4.3091884549539827e-07,1.0,4.3091884549539827e-07,0.002301422879099846,0.009253847412765026,0.024589242413640022,0.05587136372923851,0.11676595360040665,0.24427874386310577,0.5,0.5,1.0,1.0
3,6600,25000,0.29703912138938904,0.34775465726852417,6.100388532104262e-07,1.0,6.100388532104262e-07,0.0022877303417772055,0.0090835215523839,0.02454356476664543,0.05565266311168671,0.1167028546333313,0.24426794052124023,0.5,0.5,1.0,1.0
3,6610,25000,0.29722151160240173,0.3477590084075928,8.472167678519327e-07,1.0,8.472167678519327e-07,0.0023432010784745216,0.009151600301265717,0.024624807760119438,0.05584914982318878,0.1166161447763443,0.2453492432832718,0.5,0.5,1.0,1.0
3,6620,25000,0.29710161685943604,0.3477511703968048,6.602219855267322e-07,1.0,6.602219855267322e-07,0.0023248677607625723,0.009198352694511414,0.02448437549173832,0.055707428604364395,0.11655646562576294,0.24380385875701904,0.5,0.5,1.0,1.0
3,6630,25000,0.2970951199531555,0.34772276878356934,5.578531272476539e-07,1.0,5.578531272476539e-07,0.002347249072045088,0.009145323187112808,0.024684347212314606,0.05562936142086983,0.11638256907463074,0.24289673566818237,0.5,0.5,1.0,1.0
3,6640,25000,0.297062486410141,0.3477402925491333,4.294901998491696e-07,1.0,4.294901998491696e-07,0.0022923913784325123,0.009099080227315426,0.024655912071466446,0.055799923837184906,0.11607910692691803,0.24430620670318604,0.5,0.5,1.0,1.0
3,6650,25000,0.2972009479999542,0.34775233268737793,4.6178047341527417e-07,1.0,4.6178047341527417e-07,0.002289244206622243,0.009104750119149685,0.024536894634366035,0.05576532706618309,0.11638623476028442,0.24464170634746552,0.5,0.5,1.0,1.0
3,6660,25000,0.2971757650375366,0.3477620780467987,5.80828611873585e-07,1.0,5.80828611873585e-07,0.002294260775670409,0.009127559140324593,0.02463182806968689,0.05616560950875282,0.116610586643219,0.24398475885391235,0.5,0.5,1.0,1.0
3,6670,25000,0.2970508933067322,0.3477524518966675,5.229098292147683e-07,1.0,5.229098292147683e-07,0.0023304359056055546,0.00912200752645731,0.024665609002113342,0.05544430390000343,0.11564832180738449,0.2452792525291443,0.5,0.5,1.0,1.0
3,6680,25000,0.29710543155670166,0.3477185070514679,6.643106189585524e-07,1.0,6.643106189585524e-07,0.0023246612399816513,0.009187360294163227,0.024585865437984467,0.05558376386761665,0.11603516340255737,0.24452990293502808,0.5,0.5,1.0,1.0
3,6690,25000,0.29703396558761597,0.347674697637558,4.99400641729153e-07,1.0,4.99400641729153e-07,0.0023094641510397196,0.008993702009320259,0.02461392432451248,0.05576758086681366,0.11613591015338898,0.2448602169752121,0.5,0.5,1.0,1.0
3,6700,25000,0.2971717119216919,0.34764307737350464,4.985345753993897e-07,1.0,4.985345753993897e-07,0.0023186805192381144,0.009164659306406975,0.024847008287906647,0.05573199689388275,0.1161198765039444,0.2444547712802887,0.5,0.5,1.0,1.0
3,6710,25000,0.29721587896347046,0.347714900970459,6.566967272192414e-07,1.0,6.566967272192414e-07,0.0023696813732385635,0.009148816578090191,0.024568041786551476,0.05579378828406334,0.11640559136867523,0.24454514682292938,0.5,0.5,1.0,1.0
3,6720,25000,0.2971186637878418,0.34770211577415466,4.642897977191751e-07,1.0,4.642897977191751e-07,0.0023319011088460684,0.009152163751423359,0.024740131571888924,0.055770471692085266,0.11574827134609222,0.2448309361934662,0.5,0.5,1.0,1.0
3,6730,25000,0.2970140278339386,0.3477131128311157,5.380848620006873e-07,1.0,5.380848620006873e-07,0.002330460585653782,0.009150204248726368,0.02455492690205574,0.056022096425294876,0.11605747044086456,0.24459652602672577,0.5,0.5,1.0,1.0
3,6740,25000,0.29706019163131714,0.3476746082305908,4.260210744178039e-07,1.0,4.260210744178039e-07,0.00232041347771883,0.009193499572575092,0.02459755539894104,0.05587064474821091,0.11645521968603134,0.24345842003822327,0.5,0.5,1.0,1.0
3,6750,25000,0.2971802055835724,0.34775999188423157,5.809470167150721e-07,1.0,5.809470167150721e-07,0.002355643082410097,0.009097574278712273,0.02443784847855568,0.055926334112882614,0.1165827065706253,0.2448306679725647,0.5,0.5,1.0,1.0
3,6760,25000,0.29724183678627014,0.3477671444416046,4.5598824272019556e-07,1.0,4.5598824272019556e-07,0.0023137021344155073,0.00917191244661808,0.024500669911503792,0.055875640362501144,0.11587043106555939,0.24539107084274292,0.5,0.5,1.0,1.0
3,6770,25000,0.29706957936286926,0.34769681096076965,5.716203759220662e-07,1.0,5.716203759220662e-07,0.0023230542428791523,0.00912105105817318,0.024655543267726898,0.05588088929653168,0.11631472408771515,0.24422398209571838,0.5,0.5,1.0,1.0
3,6780,25000,0.29707780480384827,0.34776562452316284,5.477185709423793e-07,1.0,5.477185709423793e-07,0.002333840122446418,0.00912437867373228,0.024617718532681465,0.05536045879125595,0.11661744117736816,0.24361726641654968,0.5,0.5,1.0,1.0
3,6790,25000,0.2971794307231903,0.3478149473667145,4.852481083617022e-07,1.0,4.852481083617022e-07,0.0022892472334206104,0.009076341055333614,0.024688422679901123,0.05581848323345184,0.11601953208446503,0.24451693892478943,0.5,0.5,1.0,1.0
3,6800,25000,0.29709354043006897,0.3477778434753418,6.37573236872413e-07,1.0,6.37573236872413e-07,0.0023308624513447285,0.009185022674500942,0.02478659152984619,0.055865515023469925,0.11557409167289734,0.24408680200576782,0.5,0.5,1.0,1.0
3,6810,25000,0.2972133159637451,0.3477959930896759,6.642814582846768e-07,1.0,6.642814582846768e-07,0.0022896071895956993,0.009121951647102833,0.02467762678861618,0.055653806775808334,0.11613208055496216,0.2442336529493332,0.5,0.5,1.0,1.0
3,6820,25000,0.297161340713501,0.34778642654418945,6.625872970289493e-07,1.0,6.625872970289493e-07,0.002323922934010625,0.009157872758805752,0.02462838590145111,0.055682986974716187,0.11636368185281754,0.24520862102508545,0.5,0.5,1.0,1.0
3,6830,25000,0.29707014560699463,0.3476993441581726,5.847645070389262e-07,1.0,5.847645070389262e-07,0.0023033146280795336,0.009196426719427109,0.024537304416298866,0.05615406855940819,0.11586932837963104,0.2440938651561737,0.5,0.5,1.0,1.0
3,6840,25000,0.29720017313957214,0.34763744473457336,6.019424176884058e-07,1.0,6.019424176884058e-07,0.0022849561646580696,0.00913764163851738,0.024732215330004692,0.055876921862363815,0.11663192510604858,0.2447327971458435,0.5,0.5,1.0,1.0
3,6850,25000,0.29699572920799255,0.34773269295692444,4.3422735984677274e-07,1.0,4.3422735984677274e-07,0.0023383116349577904,0.009216888807713985,0.024688031524419785,0.05549883469939232,0.11607784032821655,0.24365390837192535,0.5,0.5,1.0,1.0
3,6860,25000,0.2970992624759674,0.3477620482444763,4.563284790037869e-07,1.0,4.563284790037869e-07,0.0023110108450055122,0.009142458438873291,0.024633264169096947,0.05557965487241745,0.1163230687379837,0.24430005252361298,0.5,0.5,1.0,1.0
3,6870,25000,0.29718053340911865,0.347663551568985,7.284417051778291e-07,1.0,7.284417051778291e-07,0.002330652205273509,0.009173997677862644,0.024730222299695015,0.055813100188970566,0.11712920665740967,0.2441345453262329,0.5,0.5,1.0,1.0
3,6880,25000,0.2971491515636444,0.34769871830940247,4.6177672174962936e-07,1.0,4.6177672174962936e-07,0.002326891990378499,0.00913990382105112,0.024715064093470573,0.05570331588387489,0.11677103489637375,0.24323472380638123,0.5,0.5,1.0,1.0
3,6890,25000,0.2970227003097534,0.34763839840888977,5.73418560634309e-07,1.0,5.73418560634309e-07,0.0023276926949620247,0.009176201187074184,0.024693520739674568,0.055865101516246796,0.11657305061817169,0.24310964345932007,0.5,0.5,1.0,1.0
3,6900,25000,0.2970593273639679,0.3477148115634918,4.883452788817522e-07,1.0,4.883452788817522e-07,0.0022980188950896263,0.009160169400274754,0.024656299501657486,0.05518331751227379,0.1163027435541153,0.24474100768566132,0.5,0.5,1.0,1.0
3,6910,25000,0.2969536781311035,0.3475845158100128,4.68818996068876e-07,1.0,4.68818996068876e-07,0.0023193578235805035,0.009157129563391209,0.024675747379660606,0.055804722011089325,0.1164558082818985,0.244284987449646,0.5,0.5,1.0,1.0
3,6920,25000,0.2970849871635437,0.3476887047290802,4.633426442524069e-07,1.0,4.633426442524069e-07,0.002328731818124652,0.009186471812427044,0.024768194183707237,0.05598229542374611,0.11622829735279083,0.2435733675956726,0.5,0.5,1.0,1.0
3,6930,25000,0.29707634449005127,0.34775251150131226,6.306431146185787e-07,1.0,6.306431146185787e-07,0.0022919345647096634,0.009172292426228523,0.024661604315042496,0.055584412068128586,0.11619094014167786,0.2433716207742691,0.5,0.5,1.0,1.0
3,6940,25000,0.2968970537185669,0.3476899564266205,4.827171551369247e-07,1.0,4.827171551369247e-07,0.002321261912584305,0.009148877114057541,0.024842901155352592,0.05567037686705589,0.11526660621166229,0.24515344202518463,0.5,0.5,1.0,1.0
3,6950,25000,0.29708412289619446,0.34767478704452515,6.700776111756568e-07,1.0,6.700776111756568e-07,0.0023224572651088238,0.009124750271439552,0.024705229327082634,0.055689096450805664,0.11667756736278534,0.24429851770401,0.5,0.5,1.0,1.0
3,6960,25000,0.29722723364830017,0.34771716594696045,4.4557185674420907e-07,1.0,4.4557185674420907e-07,0.0023014203179627657,0.009148819372057915,0.0247439406812191,0.055644046515226364,0.11661438643932343,0.24492618441581726,0.5,0.5,1.0,1.0
3,6970,25000,0.29703447222709656,0.34767529368400574,5.992129104015476e-07,1.0,5.992129104015476e-07,0.0022893347777426243,0.009124992415308952,0.024669820442795753,0.05563661456108093,0.11684678494930267,0.2432938516139984,0.5,0.5,1.0,1.0
3,6980,25000,0.29716113209724426,0.3477630019187927,4.74876713951744e-07,1.0,4.74876713951744e-07,0.0022980442736297846,0.009183641523122787,0.024618061259388924,0.0557410828769207,0.1159459799528122,0.24534103274345398,0.5,0.5,1.0,1.0
3,6990,25000,0.2970784902572632,0.3477357029914856,7.205170504676062e-07,1.0,7.205170504676062e-07,0.0023061607498675585,0.00919692125171423,0.024518966674804688,0.05554433912038803,0.11595513671636581,0.2446233183145523,0.5,0.5,1.0,1.0
3,7000,25000,0.2971510887145996,0.347703754901886,6.630230018345173e-07,1.0,6.630230018345173e-07,0.002325176727026701,0.009189115837216377,0.024584617465734482,0.055622562766075134,0.11632287502288818,0.24366876482963562,0.5,0.5,1.0,1.0
