step,epoch,n_refreshed,mean,std,min,max,q00,q10,q20,q30,q40,q50,q60,q70,q80,q90,q100
8,0,,0.6149429678916931,0.20216478407382965,0.5,1.0,0.5,0.5,0.5,0.5,0.5,0.5,0.5,0.5199999809265137,1.0,1.0,1.0
8,10,25000,0.2759172022342682,0.3964806795120239,9.99999905104687e-09,1.0,9.99999905104687e-09,1.6895722154686155e-08,4.245543721026479e-07,7.3467053880449384e-06,9.842429426498711e-05,0.0014522969722747803,0.031023364514112473,0.5,0.6299999952316284,1.0,1.0
8,20,25000,0.2758629024028778,0.3964783847332001,9.99999905104687e-09,1.0,9.99999905104687e-09,1.6797233826082447e-08,4.2582408354974177e-07,7.187064056779491e-06,9.665381367085502e-05,0.0014730908442288637,0.03103996254503727,0.5,0.6299999952316284,1.0,1.0
8,30,25000,0.2759849429130554,0.3965262472629547,9.99999905104687e-09,1.0,9.99999905104687e-09,1.7060429513549025e-08,4.294793711778766e-07,7.272900347743416e-06,9.759687236510217e-05,0.0014452522154897451,0.030968138948082924,0.5,0.6299999952316284,1.0,1.0
8,40,25000,0.2760051190853119,0.3965705633163452,9.99999905104687e-09,1.0,9.99999905104687e-09,1.6573059369306975e-08,4.332245566729398e-07,7.25621976016555e-06,9.671805310063064e-05,0.00144854374229908,0.030918842181563377,0.5,0.6299999952316284,1.0,1.0
8,50,25000,0.2759901285171509,0.3966314196586609,9.99999905104687e-09,1.0,9.99999905104687e-09,1.67861813338277e-08,4.2683720380409795e-07,7.161153007473331e-06,9.761234832694754e-05,0.0014366823015734553,0.030998077243566513,0.5,0.6299999952316284,1.0,1.0
8,60,25000,0.27611419558525085,0.39665672183036804,9.99999905104687e-09,1.0,9.99999905104687e-09,1.6709755357169342e-08,4.2236817421326123e-07,7.181130058597773e-06,9.710896847536787e-05,0.0014438885264098644,0.031130224466323853,0.5,0.6299999952316284,1.0,1.0
8,70,25000,0.2760666310787201,0.39666447043418884,9.99999905104687e-09,1.0,9.99999905104687e-09,1.6941925196078955e-08,4.2668733613027143e-07,7.2650409492780454e-06,9.847572073340416e-05,0.0014453781768679619,0.03131149336695671,0.5,0.6299999952316284,1.0,1.0
8,80,25000,0.2761150598526001,0.3966203033924103,9.99999905104687e-09,1.0,9.99999905104687e-09,1.6820305148712578e-08,4.2523811316641513e-07,7.306902716663899e-06,9.843207953963429e-05,0.0014664542395621538,0.0312348660081625,0.5,0.6299999952316284,1.0,1.0
8,90,25000,0.27606001496315,0.3966476321220398,9.99999905104687e-09,1.0,9.99999905104687e-09,1.6857237383760548e-08,4.395730002215714e-07,7.2626899054739624e-06,9.687565034255385e-05,0.00145976641215384,0.03111964277923107,0.5,0.6299999952316284,1.0,1.0
8,100,25000,0.2760207951068878,0.3966536819934845,9.99999905104687e-09,1.0,9.99999905104687e-09,1.66487534869475e-08,4.3101044866489246e-07,7.2230609475809615e-06,9.66596053331159e-05,0.0014420913066715002,0.03121892735362053,0.5,0.6299999952316284,1.0,1.0
8,110,25000,0.27611199021339417,0.39664918184280396,9.99999905104687e-09,1.0,9.99999905104687e-09,1.681049077717489e-08,4.2942997424688656e-07,7.2628376983630005e-06,9.793153003556654e-05,0.0014599286951124668,0.03127261996269226,0.5,0.6299999952316284,1.0,1.0
8,120,25000,0.27608633041381836,0.3966868817806244,9.99999905104687e-09,1.0,9.99999905104687e-09,1.6979669226202532e-08,4.304819469780341e-07,7.298750006157206e-06,9.899912402033806e-05,0.001440740656107664,0.03074316680431366,0.5,0.6299999952316284,1.0,1.0
8,130,25000,0.2761683166027069,0.39668840169906616,9.99999905104687e-09,1.0,9.99999905104687e-09,1.6740250075031327e-08,4.264146014065773e-07,7.138860837585526e-06,9.828197653405368e-05,0.0014399511273950338,0.031176436692476273,0.5,0.6305683851242065,1.0,1.0
8,140,25000,0.27619296312332153,0.39669159054756165,9.99999905104687e-09,1.0,9.99999905104687e-09,1.684712813698752e-08,4.3089153223263565e-07,7.204881512734573e-06,9.772251360118389e-05,0.0014812166336923838,0.03177405521273613,0.5,0.6332030892372131,1.0,1.0
8,150,25000,0.2761456370353699,0.39671722054481506,9.99999905104687e-09,1.0,9.99999905104687e-09,1.6765051569223033e-08,4.3394513227212883e-07,7.173789981607115e-06,9.790179319679737e-05,0.0014386479742825031,0.031237391754984856,0.5,0.6324463486671448,1.0,1.0
8,160,25000,0.27615246176719666,0.3966946303844452,9.99999905104687e-09,1.0,9.99999905104687e-09,1.6853011430839615e-08,4.29290537340421e-07,7.229435141198337e-06,9.723557013785467e-05,0.0014528381871059537,0.031428467482328415,0.5,0.6299999952316284,1.0,1.0
8,170,25000,0.276181697845459,0.3966982960700989,9.99999905104687e-09,1.0,9.99999905104687e-09,1.6941253733193662e-08,4.3617978917609435e-07,7.303753136511659e-06,9.829843475017697e-05,0.001472738804295659,0.03161700442433357,0.5,0.6299999952316284,1.0,1.0
8,180,25000,0.2761077284812927,0.3967432677745819,9.99999905104687e-09,1.0,9.99999905104687e-09,1.6817381265354925e-08,4.2543555878182815e-07,7.092829946486745e-06,9.644596866564825e-05,0.001454921904951334,0.030899247154593468,0.5,0.6299999952316284,1.0,1.0
8,190,25000,0.276134192943573,0.3967346251010895,9.99999905104687e-09,1.0,9.99999905104687e-09,1.6953070058889352e-08,4.20616714791322e-07,7.153915248636622e-06,9.980691538657993e-05,0.0014444482512772083,0.031188737601041794,0.5,0.630731999874115,1.0,1.0
8,200,25000,0.2761736214160919,0.3967328667640686,9.99999905104687e-09,1.0,9.99999905104687e-09,1.694200157942305e-08,4.3501540858414955e-07,7.219418876047712e-06,9.963151387637481e-05,0.0014573875814676285,0.030746793374419212,0.5,0.6299999952316284,1.0,1.0
8,210,25000,0.2761729657649994,0.3967609703540802,9.99999905104687e-09,1.0,9.99999905104687e-09,1.6806753322384793e-08,4.236698600834643e-07,7.228652066260111e-06,9.679199865786359e-05,0.0014522073324769735,0.03141051158308983,0.5,0.6365829706192017,1.0,1.0
8,220,25000,0.27614012360572815,0.39676520228385925,9.99999905104687e-09,1.0,9.99999905104687e-09,1.691388717972586e-08,4.208450832265953e-07,7.2874663601396605e-06,9.727880387799814e-05,0.0014431298477575183,0.031106796115636826,0.5,0.6299999952316284,1.0,1.0
8,230,25000,0.2762097716331482,0.3967471718788147,9.99999905104687e-09,1.0,9.99999905104687e-09,1.68942815292894e-08,4.288415311748395e-07,7.230285518744495e-06,9.804609726415947e-05,0.0014475907664746046,0.031205682083964348,0.5,0.6299999952316284,1.0,1.0
8,240,25000,0.2761937081813812,0.3967946469783783,9.99999905104687e-09,1.0,9.99999905104687e-09,1.6915617351287437e-08,4.2727535287667706e-07,7.188465588114923e-06,9.722090180730447e-05,0.0014634487451985478,0.03141011297702789,0.5,0.630364716053009,1.0,1.0
8,250,25000,0.27616292238235474,0.39680686593055725,9.99999905104687e-09,1.0,9.99999905104687e-09,1.6791377177582945e-08,4.277003711194993e-07,7.225993613246828e-06,9.836788376560435e-05,0.0014443672262132168,0.031249480322003365,0.5,0.6299999952316284,1.0,1.0
8,260,25000,0.276202917098999,0.3968488574028015,9.99999905104687e-09,1.0,9.99999905104687e-09,1.6732855101508903e-08,4.2791626242433267e-07,7.032782832538942e-06,9.691750165075064e-05,0.001455468824133277,0.031009241938591003,0.5,0.6347137093544006,1.0,1.0
8,270,25000,0.27641066908836365,0.3969278037548065,9.99999905104687e-09,1.0,9.99999905104687e-09,1.670143845444727e-08,4.353906888354686e-07,7.144875780795701e-06,9.689526632428169e-05,0.0014172198716551065,0.03165554627776146,0.5,0.6399999856948853,1.0,1.0
8,280,25000,0.27632400393486023,0.39696604013442993,9.99999905104687e-09,1.0,9.99999905104687e-09,1.669747540233857e-08,4.33695134915979e-07,7.19772378943162e-06,9.837161633186042e-05,0.0014688969822600484,0.031137986108660698,0.5,0.6399999856948853,1.0,1.0
8,290,25000,0.27639040350914,0.39699751138687134,9.99999905104687e-09,1.0,9.99999905104687e-09,1.6784323264573686e-08,4.271929583410383e-07,7.184250989666907e-06,9.72239431575872e-05,0.0014750207774341106,0.03165382891893387,0.5,0.6399999856948853,1.0,1.0
8,300,25000,0.2764415740966797,0.39705199003219604,9.99999905104687e-09,1.0,9.99999905104687e-09,1.6823921811237597e-08,4.2744147776829777e-07,7.207507223938592e-06,9.924278856487945e-05,0.0014469265006482601,0.03120935522019863,0.5,0.6399999856948853,1.0,1.0
8,310,25000,0.27648279070854187,0.3971008360385895,9.99999905104687e-09,1.0,9.99999905104687e-09,1.6963834781336118e-08,4.3416690687081427e-07,7.2633984018466435e-06,9.706262790132314e-05,0.001444594468921423,0.03127311170101166,0.5,0.6399999856948853,1.0,1.0
8,320,25000,0.2765015661716461,0.39715397357940674,9.99999905104687e-09,1.0,9.99999905104687e-09,1.698538731886856e-08,4.2356933249720896e-07,7.274208201124566e-06,9.7241485491395e-05,0.001431870274245739,0.031012430787086487,0.5,0.6399999856948853,1.0,1.0
8,330,25000,0.2765621542930603,0.3972288966178894,9.99999905104687e-09,1.0,9.99999905104687e-09,1.6736693808638847e-08,4.1910809045475617e-07,7.215542154881405e-06,9.681609662948176e-05,0.0014420445077121258,0.03136499971151352,0.5,0.6399999856948853,1.0,1.0
8,340,25000,0.27652615308761597,0.39720210433006287,9.99999905104687e-09,1.0,9.99999905104687e-09,1.698014528983549e-08,4.32602519140346e-07,7.224301953101531e-06,9.891740046441555e-05,0.0014330116100609303,0.03147608041763306,0.5,0.6399999856948853,1.0,1.0
8,350,25000,0.27651524543762207,0.3971657454967499,9.99999905104687e-09,1.0,9.99999905104687e-09,1.6784744261144624e-08,4.325530085225182e-07,7.2854400059441105e-06,9.7822499810718e-05,0.0014520414406433702,0.031022019684314728,0.5,0.6399999856948853,1.0,1.0
8,360,25000,0.27658116817474365,0.39721444249153137,9.99999905104687e-09,1.0,9.99999905104687e-09,1.6965710614158525e-08,4.282211136796832e-07,7.189009465946583e-06,9.857192344497889e-05,0.0014336061431095004,0.03132444992661476,0.5,0.6399999856948853,1.0,1.0
8,370,25000,0.2766192853450775,0.3972719609737396,9.99999905104687e-09,1.0,9.99999905104687e-09,1.671719829232643e-08,4.2277736156393075e-07,7.1639824454905465e-06,9.705658885650337e-05,0.0014687315560877323,0.030794212594628334,0.5,0.6399999856948853,1.0,1.0
8,380,25000,0.2766135334968567,0.3972639739513397,9.99999905104687e-09,1.0,9.99999905104687e-09,1.70129315080203e-08,4.287972217298375e-07,7.172399818955455e-06,9.752526239026338e-05,0.0014429769944399595,0.031234245747327805,0.5,0.6399999856948853,1.0,1.0
8,390,25000,0.2766077220439911,0.39722609519958496,9.99999905104687e-09,1.0,9.99999905104687e-09,1.6949773140595426e-08,4.2552642298687715e-07,7.2393745540466625e-06,0.00010091151489177719,0.0014603238087147474,0.031242551282048225,0.5,0.6399999856948853,1.0,1.0
8,400,25000,0.2766038179397583,0.39726078510284424,9.99999905104687e-09,1.0,9.99999905104687e-09,1.6945383762845267e-08,4.318325466101669e-07,7.2997868301172275e-06,9.771368058864027e-05,0.001462679821997881,0.03123178519308567,0.5,0.6399999856948853,1.0,1.0
8,410,25000,0.276611328125,0.3972679376602173,9.99999905104687e-09,1.0,9.99999905104687e-09,1.672632166105359e-08,4.32203933087294e-07,7.154339073167648e-06,9.783016867004335e-05,0.0014390252763405442,0.031562887132167816,0.5,0.6418631076812744,1.0,1.0
8,420,25000,0.27650487422943115,0.39729762077331543,9.99999905104687e-09,1.0,9.99999905104687e-09,1.6905875810380167e-08,4.3215666778451123e-07,7.321691555262078e-06,9.854754171101376e-05,0.0014649138320237398,0.030585480853915215,0.5,0.6399999856948853,1.0,1.0
8,430,25000,0.276607871055603,0.3972637355327606,9.99999905104687e-09,1.0,9.99999905104687e-09,1.678519900849551e-08,4.2486271922825836e-07,7.174404800025513e-06,9.624359518056735e-05,0.001427964773029089,0.030955296009778976,0.5,0.6399999856948853,1.0,1.0
8,440,25000,0.2766210734844208,0.3972660303115845,9.99999905104687e-09,1.0,9.99999905104687e-09,1.6977255157257787e-08,4.2784125753314584e-07,7.22406548447907e-06,9.940268500940874e-05,0.001477993675507605,0.031178895384073257,0.5,0.6399999856948853,1.0,1.0
8,450,25000,0.27664119005203247,0.39729854464530945,9.99999905104687e-09,1.0,9.99999905104687e-09,1.6780154155071614e-08,4.2933368149533635e-07,7.270288733707275e-06,9.8582444479689e-05,0.001427528914064169,0.031371746212244034,0.5,0.6469054818153381,1.0,1.0
8,460,25000,0.27664753794670105,0.3973045349121094,9.99999905104687e-09,1.0,9.99999905104687e-09,1.6877971020790028e-08,4.350458482349495e-07,7.152928901632549e-06,9.737248183228076e-05,0.0014341229107230902,0.031257811933755875,0.5,0.6459746956825256,1.0,1.0
8,470,25000,0.2766744792461395,0.39730125665664673,9.99999905104687e-09,1.0,9.99999905104687e-09,1.689721784714493e-08,4.2360650809314393e-07,7.2420061769662425e-06,9.811786003410816e-05,0.0014625161420553923,0.031139884144067764,0.5,0.6404092907905579,1.0,1.0
8,480,25000,0.27666860818862915,0.3973369598388672,9.99999905104687e-09,1.0,9.99999905104687e-09,1.689233464219342e-08,4.274805576187646e-07,7.290252597158542e-06,9.77526797214523e-05,0.0014324502553790808,0.03143501281738281,0.5,0.6428843140602112,1.0,1.0
8,490,25000,0.276688814163208,0.3973229229450226,9.99999905104687e-09,1.0,9.99999905104687e-09,1.6929817547861603e-08,4.2476156636439555e-07,7.273364644788671e-06,9.693829633761197e-05,0.0014416779158636928,0.031078865751624107,0.5,0.6493481397628784,1.0,1.0
8,500,25000,0.27667713165283203,0.3973328173160553,9.99999905104687e-09,1.0,9.99999905104687e-09,1.6861212870367126e-08,4.3014563289034413e-07,7.220282441267045e-06,9.637559560360387e-05,0.0014552739448845387,0.031155001372098923,0.5,0.6445346474647522,1.0,1.0
8,510,25000,0.27674099802970886,0.39732638001441956,9.99999905104687e-09,1.0,9.99999905104687e-09,1.681141448273138e-08,4.266157134225068e-07,7.215519872261211e-06,9.612538997316733e-05,0.001430823584087193,0.03133666142821312,0.5,0.6499999761581421,1.0,1.0
8,520,25000,0.27668681740760803,0.39736634492874146,9.99999905104687e-09,1.0,9.99999905104687e-09,1.6766493970976626e-08,4.269385840416362e-07,7.263456609507557e-06,9.791630873223767e-05,0.0014542709104716778,0.030937446281313896,0.5,0.6493276953697205,1.0,1.0
8,530,25000,0.27674344182014465,0.3973712623119354,9.99999905104687e-09,1.0,9.99999905104687e-09,1.690509598972767e-08,4.267362783139106e-07,7.349723091465421e-06,9.827837493503466e-05,0.0014465278945863247,0.03163812682032585,0.5,0.6484965085983276,1.0,1.0
8,540,25000,0.2767115533351898,0.39734363555908203,9.99999905104687e-09,1.0,9.99999905104687e-09,1.6844728278897492e-08,4.3790527115561417e-07,7.362334599747555e-06,9.755827340995893e-05,0.0014812981244176626,0.03180919215083122,0.5,0.6499999761581421,1.0,1.0
8,550,25000,0.27676519751548767,0.3973841965198517,9.99999905104687e-09,1.0,9.99999905104687e-09,1.690497697381943e-08,4.2358885821158765e-07,7.186815309978556e-06,9.728033910505474e-05,0.0014354565646499395,0.031146297231316566,0.5,0.6499999761581421,1.0,1.0
8,560,25000,0.2767353951931,0.39736324548721313,9.99999905104687e-09,1.0,9.99999905104687e-09,1.6897166332796587e-08,4.313654073939688e-07,7.3146306931448635e-06,9.771881741471589e-05,0.0014500664547085762,0.031677767634391785,0.5,0.6499999761581421,1.0,1.0
8,570,25000,0.27671173214912415,0.39736053347587585,9.99999905104687e-09,1.0,9.99999905104687e-09,1.6831588567356448e-08,4.173952845576423e-07,7.241726962092798e-06,9.863988816505298e-05,0.0014662665780633688,0.03131754696369171,0.5,0.6499999761581421,1.0,1.0
8,580,25000,0.2767459452152252,0.3973744511604309,9.99999905104687e-09,1.0,9.99999905104687e-09,1.6896871457561247e-08,4.323379130255489e-07,7.294886927411426e-06,9.785060683498159e-05,0.0014494974166154861,0.030840719118714333,0.5,0.6499999761581421,1.0,1.0
8,590,25000,0.27670061588287354,0.3973759412765503,9.99999905104687e-09,1.0,9.99999905104687e-09,1.7090373560790795e-08,4.251664620369411e-07,7.153202204790432e-06,9.957565634977072e-05,0.001434097532182932,0.031178031116724014,0.5,0.6499999761581421,1.0,1.0
8,600,25000,0.27677735686302185,0.39740270376205444,9.99999905104687e-09,1.0,9.99999905104687e-09,1.7025241660917345e-08,4.1912855408554606e-07,7.1518707045470364e-06,9.857576515059918e-05,0.0014483379200100899,0.031538162380456924,0.5,0.6499999761581421,1.0,1.0
8,610,25000,0.2767367660999298,0.39739421010017395,9.99999905104687e-09,1.0,9.99999905104687e-09,1.669359228628764e-08,4.3398171101216576e-07,7.277523309312528e-06,9.831993520492688e-05,0.0014388877898454666,0.031178830191493034,0.5,0.6499999761581421,1.0,1.0
8,620,25000,0.2767694592475891,0.39741596579551697,9.99999905104687e-09,1.0,9.99999905104687e-09,1.698909635194923e-08,4.329448870521446e-07,7.304681730602169e-06,9.750408207764849e-05,0.0014473466435447335,0.031195253133773804,0.5,0.6499999761581421,1.0,1.0
8,630,25000,0.2768040597438812,0.39745864272117615,9.99999905104687e-09,1.0,9.99999905104687e-09,1.67017102370437e-08,4.272143598882394e-07,7.2877869570220355e-06,9.85604856396094e-05,0.0014374821912497282,0.031384631991386414,0.5,0.6499999761581421,1.0,1.0
8,640,25000,0.2768478989601135,0.3974055349826813,9.99999905104687e-09,1.0,9.99999905104687e-09,1.6868094476762963e-08,4.3309466946084285e-07,7.198951607279014e-06,9.804274304769933e-05,0.0014517558738589287,0.031743962317705154,0.5,0.6499999761581421,1.0,1.0
8,650,25000,0.2768048346042633,0.3974400758743286,9.99999905104687e-09,1.0,9.99999905104687e-09,1.680447780927352e-08,4.2824521528928017e-07,7.132118753361283e-06,9.888990462059155e-05,0.0014626065967604518,0.031485363841056824,0.5,0.6499999761581421,1.0,1.0
8,660,25000,0.27683594822883606,0.3974538743495941,9.99999905104687e-09,1.0,9.99999905104687e-09,1.691902085099173e-08,4.3134238580933015e-07,7.262387953232974e-06,9.842590952757746e-05,0.0014378651976585388,0.03123760223388672,0.5,0.6499999761581421,1.0,1.0
8,670,25000,0.27675676345825195,0.39743342995643616,9.99999905104687e-09,1.0,9.99999905104687e-09,1.6899985411100715e-08,4.339077293025184e-07,7.209964678622782e-06,9.649639105191454e-05,0.0014351850841194391,0.03128236532211304,0.5,0.6499999761581421,1.0,1.0
8,680,25000,0.2767794132232666,0.3974488377571106,9.99999905104687e-09,1.0,9.99999905104687e-09,1.6684730042015872e-08,4.262357151674223e-07,7.335498594329692e-06,9.752224286785349e-05,0.0014489346649497747,0.031048353761434555,0.5,0.6499999761581421,1.0,1.0
8,690,25000,0.2767976224422455,0.39746418595314026,9.99999905104687e-09,1.0,9.99999905104687e-09,1.693175555317339e-08,4.2897985963463725e-07,7.166907835198799e-06,9.771116310730577e-05,0.0014447745634242892,0.03149731457233429,0.5,0.6499999761581421,1.0,1.0
8,700,25000,0.27676084637641907,0.3974754810333252,9.99999905104687e-09,1.0,9.99999905104687e-09,1.6953212167436504e-08,4.271841760328243e-07,7.223266038636211e-06,9.816498641157523e-05,0.001450100215151906,0.031090661883354187,0.5,0.6499999761581421,1.0,1.0
8,710,25000,0.27683839201927185,0.39746907353401184,9.99999905104687e-09,1.0,9.99999905104687e-09,1.6880431275012597e-08,4.2993278270841984e-07,7.263802217494231e-06,9.807306196307763e-05,0.0014493949711322784,0.03096773475408554,0.5,0.6499999761581421,1.0,1.0
8,720,25000,0.2767373025417328,0.3974578380584717,9.99999905104687e-09,1.0,9.99999905104687e-09,1.673360650045197e-08,4.342428212567029e-07,7.289670520549407e-06,9.787937597138807e-05,0.0014501390978693962,0.03150060400366783,0.5,0.6499999761581421,1.0,1.0
8,730,25000,0.27685266733169556,0.3974568247795105,9.99999905104687e-09,1.0,9.99999905104687e-09,1.685740969037397e-08,4.291023572022823e-07,7.253466264955932e-06,9.838595724431798e-05,0.0014540960546582937,0.031387560069561005,0.5,0.6499999761581421,1.0,1.0
8,740,25000,0.27681541442871094,0.39745405316352844,9.99999905104687e-09,1.0,9.99999905104687e-09,1.6898241028684424e-08,4.3409124828031054e-07,7.211632691905834e-06,9.822640276979655e-05,0.0014525922015309334,0.031106140464544296,0.5,0.6499999761581421,1.0,1.0
8,750,25000,0.27678871154785156,0.3974922299385071,9.99999905104687e-09,1.0,9.99999905104687e-09,1.6849101669436095e-08,4.2598176719366165e-07,7.226762591017177e-06,9.833319199969992e-05,0.0014441288076341152,0.03099905699491501,0.5,0.6499999761581421,1.0,1.0
8,760,25000,0.2768031358718872,0.3974636495113373,9.99999905104687e-09,1.0,9.99999905104687e-09,1.695497253706435e-08,4.2572199276946776e-07,7.161998382798629e-06,9.857673285296187e-05,0.0014555002562701702,0.031186433508992195,0.5,0.6499999761581421,1.0,1.0
8,770,25000,0.27680259943008423,0.39748135209083557,9.99999905104687e-09,1.0,9.99999905104687e-09,1.6817580217320938e-08,4.323110829318466e-07,7.336309863603674e-06,9.800755651667714e-05,0.001460454543121159,0.03133692592382431,0.5,0.6499999761581421,1.0,1.0
8,780,25000,0.2768116593360901,0.3974699378013611,9.99999905104687e-09,1.0,9.99999905104687e-09,1.6834254878972388e-08,4.264237816187233e-07,7.224798082461348e-06,9.871254587778822e-05,0.0014468508306890726,0.031014589592814445,0.5,0.6499999761581421,1.0,1.0
8,790,25000,0.2768569886684418,0.39748501777648926,9.99999905104687e-09,1.0,9.99999905104687e-09,1.685291195485661e-08,4.271594491456199e-07,7.198567345767515e-06,9.663372475188226e-05,0.00144486827775836,0.031050389632582664,0.5,0.6499999761581421,1.0,1.0
8,800,25000,0.27680835127830505,0.39746811985969543,9.99999905104687e-09,1.0,9.99999905104687e-09,1.6774009736764128e-08,4.2480090201024723e-07,7.130101948860101e-06,9.845770546235144e-05,0.0014428109861910343,0.03120788186788559,0.5,0.6499999761581421,1.0,1.0
8,810,25000,0.2769318222999573,0.39748701453208923,9.99999905104687e-09,1.0,9.99999905104687e-09,1.6880520092854567e-08,4.285919601443311e-07,7.295469913515262e-06,9.780532855074853e-05,0.0014714333228766918,0.03169034793972969,0.5,0.6499999761581421,1.0,1.0
8,820,25000,0.27681800723075867,0.39749592542648315,9.99999905104687e-09,1.0,9.99999905104687e-09,1.6815167924733032e-08,4.271839770808583e-07,7.128938705136534e-06,9.681819938123226e-05,0.0014356095343828201,0.03153644874691963,0.5,0.6499999761581421,1.0,1.0
8,830,25000,0.2768791913986206,0.3974953591823578,9.99999905104687e-09,1.0,9.99999905104687e-09,1.6877113040436598e-08,4.2873409711319255e-07,7.199670562840765e-06,9.844463056651875e-05,0.0014719633618369699,0.03131032735109329,0.5,0.6499999761581421,1.0,1.0
8,840,25000,0.27675536274909973,0.3975074291229248,9.99999905104687e-09,1.0,9.99999905104687e-09,1.6873180186394166e-08,4.2796094135155727e-07,7.226624802569859e-06,9.764827700564638e-05,0.0014470356982201338,0.030948035418987274,0.5,0.6499999761581421,1.0,1.0
8,850,25000,0.27698105573654175,0.39750269055366516,9.99999905104687e-09,1.0,9.99999905104687e-09,1.670798077668678e-08,4.3054203047177e-07,7.2782222559908405e-06,9.80756085482426e-05,0.0014677667059004307,0.0318334735929966,0.5,0.6499999761581421,1.0,1.0
8,860,25000,0.2768454849720001,0.39751461148262024,9.99999905104687e-09,1.0,9.99999905104687e-09,1.7029337939789002e-08,4.300024727399432e-07,7.193356850621058e-06,9.908786159940064e-05,0.0014398619532585144,0.031024515628814697,0.5,0.6499999761581421,1.0,1.0
8,870,25000,0.27686527371406555,0.3975032866001129,9.99999905104687e-09,1.0,9.99999905104687e-09,1.6917482525968808e-08,4.266605913016974e-07,7.121613634808455e-06,9.76536757661961e-05,0.0014669755473732948,0.03157149255275726,0.5,0.6499999761581421,1.0,1.0
8,880,25000,0.2768375277519226,0.3974897861480713,9.99999905104687e-09,1.0,9.99999905104687e-09,1.686099793118956e-08,4.365208496892592e-07,7.271175491041504e-06,9.828732436290011e-05,0.0014587242621928453,0.031574398279190063,0.5,0.6499999761581421,1.0,1.0
8,890,25000,0.2768566906452179,0.3975240886211395,9.99999905104687e-09,1.0,9.99999905104687e-09,1.689046058572785e-08,4.3230951973782794e-07,7.180690317909466e-06,9.860201680567116e-05,0.0014553265646100044,0.031020618975162506,0.5,0.6499999761581421,1.0,1.0
8,900,25000,0.27689695358276367,0.39754268527030945,9.99999905104687e-09,1.0,9.99999905104687e-09,1.6741582342660877e-08,4.3046122755185934e-07,7.169840500864666e-06,9.724218398332596e-05,0.0014172063674777746,0.03157903254032135,0.5,0.6499999761581421,1.0,1.0
8,910,25000,0.2768130600452423,0.3975558280944824,9.99999905104687e-09,1.0,9.99999905104687e-09,1.6868849428419708e-08,4.3325655951775843e-07,7.198058938229224e-06,9.692518506199121e-05,0.0014252563705667853,0.03046644665300846,0.5,0.6499999761581421,1.0,1.0
8,920,25000,0.27689605951309204,0.39753952622413635,9.99999905104687e-09,1.0,9.99999905104687e-09,1.6881736897289557e-08,4.311924044486659e-07,7.213270237116376e-06,9.77147719822824e-05,0.0014451813185587525,0.031137138605117798,0.5,0.6499999761581421,1.0,1.0
8,930,25000,0.27686068415641785,0.3975040018558502,9.99999905104687e-09,1.0,9.99999905104687e-09,1.6784317935503168e-08,4.2333186911491794e-07,7.2386219471809454e-06,9.878475975710899e-05,0.0014480926329270005,0.03145285323262215,0.5,0.6499999761581421,1.0,1.0
8,940,25000,0.276879221200943,0.3974979817867279,9.99999905104687e-09,1.0,9.99999905104687e-09,1.6800891344814772e-08,4.2769667629727337e-07,7.126509444788098e-06,9.732870967127383e-05,0.0014480985701084137,0.03159381076693535,0.5,0.6499999761581421,1.0,1.0
8,950,25000,0.2769249379634857,0.39751410484313965,9.99999905104687e-09,1.0,9.99999905104687e-09,1.660364290501093e-08,4.2652331444514857e-07,7.242077117552981e-06,9.7083073342219e-05,0.001447572954930365,0.031045448035001755,0.5,0.6499999761581421,1.0,1.0
8,960,25000,0.2768981456756592,0.39754781126976013,9.99999905104687e-09,1.0,9.99999905104687e-09,1.675572924852986e-08,4.2924813214995083e-07,7.220630322990473e-06,9.857411350822076e-05,0.0014729821123182774,0.0312332846224308,0.5,0.6499999761581421,1.0,1.0
8,970,25000,0.27693355083465576,0.39752042293548584,9.99999905104687e-09,1.0,9.99999905104687e-09,1.6896729349014095e-08,4.2054338678099157e-07,7.164614544308279e-06,9.816919191507623e-05,0.0014572059735655785,0.03151571750640869,0.5,0.6499999761581421,1.0,1.0
8,980,25000,0.27687951922416687,0.3975357711315155,9.99999905104687e-09,1.0,9.99999905104687e-09,1.6911208433612046e-08,4.349711559825664e-07,7.187562914623413e-06,9.972192492568865e-05,0.0014791104476898909,0.0308979619294405,0.5,0.6499999761581421,1.0,1.0
8,990,25000,0.2769394814968109,0.39754775166511536,9.99999905104687e-09,1.0,9.99999905104687e-09,1.6799168278680554e-08,4.294084305911383e-07,7.2153306973632425e-06,9.854968084255233e-05,0.0014528089668601751,0.031245175749063492,0.5,0.6499999761581421,1.0,1.0
8,1000,25000,0.27690014243125916,0.3975626230239868,9.99999905104687e-09,1.0,9.99999905104687e-09,1.6903632271692004e-08,4.23758592660306e-07,7.165462193370331e-06,9.742678957991302e-05,0.0014469153247773647,0.031039591878652573,0.5,0.6499999761581421,1.0,1.0
8,1010,25000,0.2768811583518982,0.39755475521087646,9.99999905104687e-09,1.0,9.99999905104687e-09,1.6784719392148872e-08,4.247613389907201e-07,7.1281269811152015e-06,9.903422323986888e-05,0.0014298863243311644,0.031089022755622864,0.5,0.6499999761581421,1.0,1.0
8,1020,25000,0.27695587277412415,0.39757126569747925,9.99999905104687e-09,1.0,9.99999905104687e-09,1.6797571333881933e-08,4.3002086158594466e-07,7.208774604805512e-06,9.68902968452312e-05,0.0014419318176805973,0.0312152449041605,0.5,0.6499999761581421,1.0,1.0
8,1030,25000,0.27690520882606506,0.39756354689598083,9.99999905104687e-09,1.0,9.99999905104687e-09,1.68295937186258e-08,4.2415720713506744e-07,7.279757937794784e-06,9.793596836971119e-05,0.0014682735782116652,0.031535301357507706,0.5,0.6499999761581421,1.0,1.0
8,1040,25000,0.2768702208995819,0.3975427746772766,9.99999905104687e-09,1.0,9.99999905104687e-09,1.689292261630726e-08,4.344122430666175e-07,7.178191481216345e-06,9.851995127974078e-05,0.0014564978191629052,0.03123726323246956,0.5,0.6499999761581421,1.0,1.0
8,1050,25000,0.2769346833229065,0.3975290358066559,9.99999905104687e-09,1.0,9.99999905104687e-09,1.6815127068525726e-08,4.266696578270057e-07,7.2368275141343474e-06,9.77531453827396e-05,0.0014869527658447623,0.031230509281158447,0.5,0.6499999761581421,1.0,1.0
8,1060,25000,0.27694472670555115,0.3975452780723572,9.99999905104687e-09,1.0,9.99999905104687e-09,1.6988192186317974e-08,4.326282407873805e-07,7.18705859981128e-06,9.784603025764227e-05,0.0014623666647821665,0.031420692801475525,0.5,0.6499999761581421,1.0,1.0
8,1070,25000,0.27691927552223206,0.3975178301334381,9.99999905104687e-09,1.0,9.99999905104687e-09,1.6953118020524016e-08,4.299083400383097e-07,7.1358012974087615e-06,9.743278496898711e-05,0.0014547874452546239,0.031533945351839066,0.5,0.6499999761581421,1.0,1.0
8,1080,25000,0.27683618664741516,0.3975256383419037,9.99999905104687e-09,1.0,9.99999905104687e-09,1.6960406412636075e-08,4.2405616795804235e-07,7.189053121692268e-06,9.858734847512096e-05,0.0014547714963555336,0.031163571402430534,0.5,0.6499999761581421,1.0,1.0
8,1090,25000,0.27688172459602356,0.3975506126880646,9.99999905104687e-09,1.0,9.99999905104687e-09,1.6831059213018307e-08,4.2874617633970047e-07,7.1745325840311125e-06,9.749379387358204e-05,0.0014537068782374263,0.03128603845834732,0.5,0.6499999761581421,1.0,1.0
8,1100,25000,0.27691400051116943,0.3975510597229004,9.99999905104687e-09,1.0,9.99999905104687e-09,1.6813167746931867e-08,4.333312233484321e-07,7.131523034331622e-06,9.836359095061198e-05,0.0014485029969364405,0.031286660581827164,0.5,0.6499999761581421,1.0,1.0
8,1110,25000,0.2768098711967468,0.3975507915019989,9.99999905104687e-09,1.0,9.99999905104687e-09,1.6971572591728545e-08,4.2126464450120693e-07,7.195105354185216e-06,9.717723150970414e-05,0.0014633496757596731,0.03102327696979046,0.5,0.6499999761581421,1.0,1.0
8,1120,25000,0.27687937021255493,0.39754363894462585,9.99999905104687e-09,1.0,9.99999905104687e-09,1.697863893923568e-08,4.261513879555423e-07,7.321541488636285e-06,9.882833546726033e-05,0.0014605484902858734,0.03137406334280968,0.5,0.6499999761581421,1.0,1.0
8,1130,25000,0.2769397497177124,0.3975350856781006,9.99999905104687e-09,1.0,9.99999905104687e-09,1.696362161851539e-08,4.3199938204452337e-07,7.3383494054724e-06,9.714379120850936e-05,0.0014641156885772943,0.03116418607532978,0.5,0.6499999761581421,1.0,1.0
8,1140,25000,0.27681705355644226,0.39753735065460205,9.99999905104687e-09,1.0,9.99999905104687e-09,1.6913103806359686e-08,4.2810805211956904e-07,7.209115210571326e-06,9.666715777711943e-05,0.0014409865252673626,0.030931156128644943,0.5,0.6499999761581421,1.0,1.0
8,1150,25000,0.27687352895736694,0.397530734539032,9.99999905104687e-09,1.0,9.99999905104687e-09,1.6680745673625097e-08,4.281287715457438e-07,7.078480393829523e-06,9.792823402676731e-05,0.0014310311526060104,0.03089633211493492,0.5,0.6499999761581421,1.0,1.0
8,1160,25000,0.2768869698047638,0.39754152297973633,9.99999905104687e-09,1.0,9.99999905104687e-09,1.6686076520500137e-08,4.2989924509129196e-07,7.318963071156759e-06,9.935143316397443e-05,0.001448033144697547,0.031018925830721855,0.5,0.6499999761581421,1.0,1.0
8,1170,25000,0.27691450715065,0.3975559175014496,9.99999905104687e-09,1.0,9.99999905104687e-09,1.6804001745640562e-08,4.2714594883364043e-07,7.236763849505223e-06,9.83313366305083e-05,0.0014527247985824943,0.031178351491689682,0.5,0.6499999761581421,1.0,1.0
8,1180,25000,0.27694618701934814,0.3975692093372345,9.99999905104687e-09,1.0,9.99999905104687e-09,1.6864825980178466e-08,4.340513157785608e-07,7.2331381488766056e-06,9.922533354256302e-05,0.0014378861524164677,0.030991926789283752,0.5,0.6499999761581421,1.0,1.0
8,1190,25000,0.276854544878006,0.39756953716278076,9.99999905104687e-09,1.0,9.99999905104687e-09,1.6885355336171415e-08,4.274299953976879e-07,7.192591056082165e-06,9.716671047499403e-05,0.0014480161480605602,0.030784644186496735,0.5,0.6499999761581421,1.0,1.0
8,1200,25000,0.2768390476703644,0.3975652754306793,9.99999905104687e-09,1.0,9.99999905104687e-09,1.677160632596042e-08,4.349417963567248e-07,7.216041467472678e-06,9.745074930833653e-05,0.0014411925803869963,0.03084937483072281,0.5,0.6499999761581421,1.0,1.0
8,1210,25000,0.27688097953796387,0.39756691455841064,9.99999905104687e-09,1.0,9.99999905104687e-09,1.6808819225389016e-08,4.2786101062119997e-07,7.269319667102536e-06,9.786704322323203e-05,0.0014598716516047716,0.030814316123723984,0.5,0.6499999761581421,1.0,1.0
8,1220,25000,0.27694088220596313,0.3975726366043091,9.99999905104687e-09,1.0,9.99999905104687e-09,1.688504092101084e-08,4.215527269479935e-07,7.1762106017558835e-06,9.799926192499697e-05,0.0014358441112563014,0.03140145540237427,0.5,0.6499999761581421,1.0,1.0
8,1230,25000,0.2768491804599762,0.39756688475608826,9.99999905104687e-09,1.0,9.99999905104687e-09,1.694501783333635e-08,4.3302597418914957e-07,7.244382231874624e-06,9.93855792330578e-05,0.0014626517659053206,0.03152820095419884,0.5,0.6499999761581421,1.0,1.0
8,1240,25000,0.27681005001068115,0.3975396752357483,9.99999905104687e-09,1.0,9.99999905104687e-09,1.6735805630219147e-08,4.2841821823458304e-07,7.125748197722714e-06,9.67879022937268e-05,0.0014485896099358797,0.03138754889369011,0.5,0.6499999761581421,1.0,1.0
8,1250,25000,0.276926726102829,0.39754730463027954,9.99999905104687e-09,1.0,9.99999905104687e-09,1.687459239008149e-08,4.2595411287038587e-07,7.201336757134413e-06,9.835478704189882e-05,0.0014485031133517623,0.031096069142222404,0.5,0.6499999761581421,1.0,1.0
8,1260,25000,0.2769029438495636,0.39755329489707947,9.99999905104687e-09,1.0,9.99999905104687e-09,1.677844529979211e-08,4.2134357158829516e-07,7.1703352659824304e-06,9.695735934656113e-05,0.0014524285215884447,0.03153363987803459,0.5,0.6499999761581421,1.0,1.0
8,1270,25000,0.27695250511169434,0.39754149317741394,9.99999905104687e-09,1.0,9.99999905104687e-09,1.7062520285549e-08,4.3354626200198254e-07,7.280583758983994e-06,9.759012755239382e-05,0.0014807326951995492,0.03135053813457489,0.5,0.6499999761581421,1.0,1.0
8,1280,25000,0.27691641449928284,0.3975445032119751,9.99999905104687e-09,1.0,9.99999905104687e-09,1.6983513262402994e-08,4.37045088119703e-07,7.149292741814861e-06,9.811622294364497e-05,0.0014275903813540936,0.03125420957803726,0.5,0.6499999761581421,1.0,1.0
8,1290,25000,0.27690988779067993,0.39755067229270935,9.99999905104687e-09,1.0,9.99999905104687e-09,1.68205360751017e-08,4.2892114038295404e-07,7.162482688727323e-06,9.73656788119115e-05,0.0014503770507872105,0.031253013759851456,0.5,0.6499999761581421,1.0,1.0
8,1300,25000,0.27694687247276306,0.3975672721862793,9.99999905104687e-09,1.0,9.99999905104687e-09,1.6672730751565723e-08,4.2177134673693217e-07,7.183899015217321e-06,9.807054448174313e-05,0.0014358664629980922,0.03126412630081177,0.5,0.6499999761581421,1.0,1.0
8,1310,25000,0.2769279479980469,0.39760616421699524,9.99999905104687e-09,1.0,9.99999905104687e-09,1.6907774735841485e-08,4.299979821098532e-07,7.203121640486643e-06,9.837157995207235e-05,0.0014528967440128326,0.03098730742931366,0.5,0.658534586429596,1.0,1.0
8,1320,25000,0.2769921123981476,0.39760324358940125,9.99999905104687e-09,1.0,9.99999905104687e-09,1.700928820014269e-08,4.31971159287059e-07,7.292107056855457e-06,9.695293556433171e-05,0.0014793886803090572,0.03117358312010765,0.5,0.6549463272094727,1.0,1.0
8,1330,25000,0.27689146995544434,0.39756444096565247,9.99999905104687e-09,1.0,9.99999905104687e-09,1.7010322039823222e-08,4.286597174996132e-07,7.210605872387532e-06,9.788614261196926e-05,0.0014434871263802052,0.03129592910408974,0.5,0.6499999761581421,1.0,1.0
8,1340,25000,0.27695775032043457,0.39757096767425537,9.99999905104687e-09,1.0,9.99999905104687e-09,1.7042635747088752e-08,4.3348950384825e-07,7.259558969963109e-06,9.862100705504417e-05,0.0014542511198669672,0.03140388801693916,0.5,0.6499999761581421,1.0,1.0
8,1350,25000,0.27700743079185486,0.39755338430404663,9.99999905104687e-09,1.0,9.99999905104687e-09,1.712039221501982e-08,4.2841449499064765e-07,7.2052612267725635e-06,9.797164966585115e-05,0.001462924643419683,0.03153073415160179,0.5,0.6552035808563232,1.0,1.0
8,1360,25000,0.27696532011032104,0.3975726366043091,9.99999905104687e-09,1.0,9.99999905104687e-09,1.7059843315792023e-08,4.2193511262667016e-07,7.165617716964334e-06,9.75351722445339e-05,0.0014675767160952091,0.031502753496170044,0.5,0.6499999761581421,1.0,1.0
8,1370,25000,0.27695387601852417,0.3975863754749298,9.99999905104687e-09,1.0,9.99999905104687e-09,1.6794789559071432e-08,4.265768893674249e-07,7.093619387887884e-06,9.895140829030424e-05,0.0014487227890640497,0.03154218941926956,0.5,0.6499999761581421,1.0,1.0
8,1380,25000,0.2769208252429962,0.39755895733833313,9.99999905104687e-09,1.0,9.99999905104687e-09,1.6961003268534114e-08,4.253894303474226e-07,7.181979071901878e-06,9.839672566158697e-05,0.0014616742264479399,0.03148800507187843,0.5,0.6499999761581421,1.0,1.0
8,1390,25000,0.2769246995449066,0.3975614309310913,9.99999905104687e-09,1.0,9.99999905104687e-09,1.6796816382225188e-08,4.309581527195405e-07,7.0872765718377195e-06,9.838480036705732e-05,0.0014542607823386788,0.03130637854337692,0.5,0.6499999761581421,1.0,1.0
8,1400,25000,0.27688658237457275,0.39757195115089417,9.99999905104687e-09,1.0,9.99999905104687e-09,1.6863282326085027e-08,4.3070053834526334e-07,7.182152785389917e-06,9.847944602370262e-05,0.0014598857378587127,0.030881594866514206,0.5,0.6499999761581421,1.0,1.0
8,1410,25000,0.2769154906272888,0.3975754678249359,9.99999905104687e-09,1.0,9.99999905104687e-09,1.6807316427502883e-08,4.301503508941096e-07,7.243515483423835e-06,9.766522998688743e-05,0.0014486582949757576,0.031071390956640244,0.5,0.6499999761581421,1.0,1.0
8,1420,25000,0.2769399583339691,0.3975769877433777,9.99999905104687e-09,1.0,9.99999905104687e-09,1.6975720384948545e-08,4.290874926482502e-07,7.248788733704714e-06,9.747363947099075e-05,0.00145948794670403,0.03115415945649147,0.5,0.6499999761581421,1.0,1.0
8,1430,25000,0.2769707143306732,0.3975788354873657,9.99999905104687e-09,1.0,9.99999905104687e-09,1.692155926491523e-08,4.233249057961075e-07,7.212265245470917e-06,9.663336095400155e-05,0.001448881346732378,0.03091241605579853,0.5,0.6499999761581421,1.0,1.0
8,1440,25000,0.2769513428211212,0.39761149883270264,9.99999905104687e-09,1.0,9.99999905104687e-09,1.7117185890924702e-08,4.343527848504891e-07,7.188394192780834e-06,9.785161819308996e-05,0.001456181751564145,0.031047772616147995,0.5,0.6499999761581421,1.0,1.0
8,1450,25000,0.276976078748703,0.3975830674171448,9.99999905104687e-09,1.0,9.99999905104687e-09,1.6735281604951524e-08,4.252094072398904e-07,7.240049853862729e-06,9.832602518144995e-05,0.0014558869879692793,0.03137370944023132,0.5,0.6499999761581421,1.0,1.0
8,1460,25000,0.2769054174423218,0.39757809042930603,9.99999905104687e-09,1.0,9.99999905104687e-09,1.687826234331169e-08,4.2344893813606177e-07,7.114539130270714e-06,9.776902152225375e-05,0.0014541663695126772,0.03131253644824028,0.5,0.6499999761581421,1.0,1.0
8,1470,25000,0.2769148051738739,0.3976249396800995,9.99999905104687e-09,1.0,9.99999905104687e-09,1.698859364296368e-08,4.28413130748595e-07,7.257352081069257e-06,9.646173566579819e-05,0.0014360884670168161,0.030900517478585243,0.5,0.6500120759010315,1.0,1.0
8,1480,25000,0.2769244909286499,0.39761266112327576,9.99999905104687e-09,1.0,9.99999905104687e-09,1.6975905126059843e-08,4.3066100374744565e-07,7.253035164467292e-06,0.0001008524268399924,0.0014556579990312457,0.031049052253365517,0.5,0.6536605954170227,1.0,1.0
8,1490,25000,0.2769313156604767,0.39761030673980713,9.99999905104687e-09,1.0,9.99999905104687e-09,1.6982893313866043e-08,4.217567663999944e-07,7.2853158599173184e-06,9.728669101605192e-05,0.0014532268978655338,0.031010475009679794,0.5,0.6517625451087952,1.0,1.0
8,1500,25000,0.2769452631473541,0.3976091742515564,9.99999905104687e-09,1.0,9.99999905104687e-09,1.6752956355503557e-08,4.225761642828729e-07,7.233015821839217e-06,9.691277227830142e-05,0.0014715800061821938,0.031545352190732956,0.5,0.6499999761581421,1.0,1.0
8,1510,25000,0.2769731283187866,0.3976028561592102,9.99999905104687e-09,1.0,9.99999905104687e-09,1.6690286486209516e-08,4.260054424776172e-07,7.175563951022923e-06,9.695353219285607e-05,0.0014547131722792983,0.031609177589416504,0.5,0.6502461433410645,1.0,1.0
8,1520,25000,0.27697640657424927,0.3976091742515564,9.99999905104687e-09,1.0,9.99999905104687e-09,1.6931995361346708e-08,4.230173544783611e-07,7.246749646583339e-06,9.624958329368383e-05,0.0014670814853161573,0.0314522385597229,0.5,0.6499999761581421,1.0,1.0
8,1530,25000,0.2769817113876343,0.39761796593666077,9.99999905104687e-09,1.0,9.99999905104687e-09,1.679811134636111e-08,4.246904836691101e-07,7.104541964508826e-06,9.777340164873749e-05,0.0014573695370927453,0.031199809163808823,0.5,0.6521540880203247,1.0,1.0
8,1540,25000,0.2769036889076233,0.39759254455566406,9.99999905104687e-09,1.0,9.99999905104687e-09,1.700813356819708e-08,4.242686770794535e-07,7.262356120918412e-06,9.764573769643903e-05,0.0014854732435196638,0.031252164393663406,0.5,0.6499999761581421,1.0,1.0
8,1550,25000,0.27690404653549194,0.3975759744644165,9.99999905104687e-09,1.0,9.99999905104687e-09,1.698035845265622e-08,4.2650691511880723e-07,7.195759280875791e-06,9.835166565608233e-05,0.0014533837093040347,0.03129326179623604,0.5,0.6499999761581421,1.0,1.0
8,1560,25000,0.27698540687561035,0.3975891172885895,9.99999905104687e-09,1.0,9.99999905104687e-09,1.6806275482394994e-08,4.2502472297201166e-07,7.228213235066505e-06,9.853795199887827e-05,0.001447462011128664,0.03110780380666256,0.5,0.6499999761581421,1.0,1.0
8,1570,25000,0.2769712507724762,0.39761191606521606,9.99999905104687e-09,1.0,9.99999905104687e-09,1.6929805113363727e-08,4.296354916277778e-07,7.293219823623076e-06,9.75291695795022e-05,0.0014558935072273016,0.0312994010746479,0.5,0.6499999761581421,1.0,1.0
8,1580,25000,0.27698326110839844,0.39762580394744873,9.99999905104687e-09,1.0,9.99999905104687e-09,1.684064621088055e-08,4.233268953157676e-07,7.2838820415199734e-06,9.867794869933277e-05,0.0014443189138546586,0.03073333576321602,0.5,0.6499999761581421,1.0,1.0
8,1590,25000,0.276957243680954,0.39759084582328796,9.99999905104687e-09,1.0,9.99999905104687e-09,1.677169159108871e-08,4.2664200350372994e-07,7.255049240484368e-06,9.882335143629462e-05,0.001451101852580905,0.03092169016599655,0.5,0.6499999761581421,1.0,1.0
8,1600,25000,0.27699804306030273,0.39759716391563416,9.99999905104687e-09,1.0,9.99999905104687e-09,1.6922623302662032e-08,4.2450272985661286e-07,7.160504537750967e-06,9.865239553619176e-05,0.0014704467030242085,0.03155650943517685,0.5,0.6520777344703674,1.0,1.0
8,1610,25000,0.2769993245601654,0.3975977599620819,9.99999905104687e-09,1.0,9.99999905104687e-09,1.6978239258946815e-08,4.340313921602501e-07,7.332243512792047e-06,9.841554128797725e-05,0.0014502283884212375,0.031128188595175743,0.5,0.6499999761581421,1.0,1.0
8,1620,25000,0.27687790989875793,0.39762669801712036,9.99999905104687e-09,1.0,9.99999905104687e-09,1.6954755821529943e-08,4.31621771213031e-07,7.2167804319178686e-06,9.639794734539464e-05,0.0014219253789633512,0.031421832740306854,0.5,0.6499999761581421,1.0,1.0
8,1630,25000,0.2769673764705658,0.39758434891700745,9.99999905104687e-09,1.0,9.99999905104687e-09,1.701192964276288e-08,4.3071287336715613e-07,7.251817805808969e-06,9.799950203159824e-05,0.0014403818640857935,0.03145356476306915,0.5,0.6499999761581421,1.0,1.0
8,1640,25000,0.27699947357177734,0.39759260416030884,9.99999905104687e-09,1.0,9.99999905104687e-09,1.6754585274725287e-08,4.236898405451939e-07,7.154168997658417e-06,9.704687545308843e-05,0.0014532413333654404,0.03180336207151413,0.5,0.6502364277839661,1.0,1.0
8,1650,25000,0.27695128321647644,0.39762675762176514,9.99999905104687e-09,1.0,9.99999905104687e-09,1.6831322113830538e-08,4.290483559543645e-07,7.2054617703543045e-06,9.649609273765236e-05,0.0014495591167360544,0.03130131959915161,0.5,0.6548198461532593,1.0,1.0
8,1660,25000,0.27696892619132996,0.39758923649787903,9.99999905104687e-09,1.0,9.99999905104687e-09,1.7017184106293826e-08,4.3004123995160626e-07,7.2610032475495245e-06,9.712694009067491e-05,0.0014384292298927903,0.031541306525468826,0.5,0.6535677313804626,1.0,1.0
8,1670,25000,0.2769996225833893,0.3975816071033478,9.99999905104687e-09,1.0,9.99999905104687e-09,1.683377881533943e-08,4.2268837319170416e-07,7.13013196218526e-06,0.00010016521264333278,0.0014764557126909494,0.03164050355553627,0.5,0.650163471698761,1.0,1.0
8,1680,25000,0.2769649028778076,0.3975580632686615,9.99999905104687e-09,1.0,9.99999905104687e-09,1.7050911793603518e-08,4.228415377838246e-07,7.223705324577168e-06,9.65305880527012e-05,0.001436941558495164,0.03124918043613434,0.5,0.6499999761581421,1.0,1.0
8,1690,25000,0.2769235372543335,0.3976132273674011,9.99999905104687e-09,1.0,9.99999905104687e-09,1.674340843749178e-08,4.2957364598805725e-07,7.207334874692606e-06,9.643390512792394e-05,0.0014642614405602217,0.03131479769945145,0.5,0.6499999761581421,1.0,1.0
8,1700,25000,0.27692174911499023,0.3975830674171448,9.99999905104687e-09,1.0,9.99999905104687e-09,1.663153881281687e-08,4.3334443944331724e-07,7.284588718903251e-06,9.90709158941172e-05,0.001472025876864791,0.031411703675985336,0.5,0.6499999761581421,1.0,1.0
8,1710,25000,0.2769337296485901,0.39760759472846985,9.99999905104687e-09,1.0,9.99999905104687e-09,1.6950329140286158e-08,4.3271515437481867e-07,7.248728707054397e-06,9.74182112258859e-05,0.0014321571215987206,0.03091956116259098,0.5,0.6499999761581421,1.0,1.0
8,1720,25000,0.2769162952899933,0.3975940942764282,9.99999905104687e-09,1.0,9.99999905104687e-09,1.6869414309894637e-08,4.295255280339916e-07,7.286637810466345e-06,9.725669224280864e-05,0.001438958803191781,0.030680092051625252,0.5,0.6499999761581421,1.0,1.0
8,1730,25000,0.2769089937210083,0.39760544896125793,9.99999905104687e-09,1.0,9.99999905104687e-09,1.7143621633408657e-08,4.3314241793268593e-07,7.218560313049238e-06,9.858871635515243e-05,0.0014549025800079107,0.030697258189320564,0.5,0.6499999761581421,1.0,1.0
8,1740,25000,0.2769547700881958,0.3975711762905121,9.99999905104687e-09,1.0,9.99999905104687e-09,1.699068796767733e-08,4.275393052921572e-07,7.187674782471731e-06,9.83192803687416e-05,0.0014719597529619932,0.031324323266744614,0.5,0.6499999761581421,1.0,1.0
8,1750,25000,0.27692195773124695,0.39760497212409973,9.99999905104687e-09,1.0,9.99999905104687e-09,1.692731110836121e-08,4.2844814629461325e-07,7.249898317240877e-06,9.866397886071354e-05,0.0014338347828015685,0.031065991148352623,0.5,0.6500555276870728,1.0,1.0
8,1760,25000,0.27694275975227356,0.3976324498653412,9.99999905104687e-09,1.0,9.99999905104687e-09,1.675069150053332e-08,4.258067463069892e-07,7.305080544028897e-06,9.771592885954306e-05,0.001455891877412796,0.030564285814762115,0.5,0.6499999761581421,1.0,1.0
8,1770,25000,0.2768799066543579,0.3975958228111267,9.99999905104687e-09,1.0,9.99999905104687e-09,1.6780354883394466e-08,4.224731071644783e-07,7.225853096315404e-06,9.834578668233007e-05,0.0014315780717879534,0.031246833503246307,0.5,0.6499999761581421,1.0,1.0
8,1780,25000,0.27692660689353943,0.3975788354873657,9.99999905104687e-09,1.0,9.99999905104687e-09,1.678507999258727e-08,4.256836803051556e-07,7.279429155460093e-06,9.924964979290962e-05,0.0014660782180726528,0.03107096068561077,0.5,0.6499999761581421,1.0,1.0
8,1790,25000,0.2768864631652832,0.3976002633571625,9.99999905104687e-09,1.0,9.99999905104687e-09,1.707202379463979e-08,4.239994950694381e-07,7.231102244986687e-06,0.00010006377851823345,0.0014340903144329786,0.0309505183249712,0.5,0.6499999761581421,1.0,1.0
8,1800,25000,0.27693986892700195,0.3975948691368103,9.99999905104687e-09,1.0,9.99999905104687e-09,1.6678136205428018e-08,4.2839579350584245e-07,7.195445050456328e-06,9.748750017024577e-05,0.0014435224002227187,0.03140624985098839,0.5,0.6499999761581421,1.0,1.0
8,1810,25000,0.2769370675086975,0.3976229131221771,9.99999905104687e-09,1.0,9.99999905104687e-09,1.6999178953369665e-08,4.321902054016391e-07,7.203013865364483e-06,9.849671187112108e-05,0.001454866025596857,0.03145992383360863,0.5,0.656802237033844,1.0,1.0
8,1820,25000,0.27695977687835693,0.39762094616889954,9.99999905104687e-09,1.0,9.99999905104687e-09,1.694487217207552e-08,4.2858434312620375e-07,7.215528057713527e-06,9.914983820635825e-05,0.0014358676271513104,0.03115813247859478,0.5,0.6534325480461121,1.0,1.0
8,1830,25000,0.2769598662853241,0.3976208567619324,9.99999905104687e-09,1.0,9.99999905104687e-09,1.6850545847546528e-08,4.301673754980584e-07,7.248245310620405e-06,9.894076356431469e-05,0.00145688746124506,0.03143184259533882,0.5,0.6599999666213989,1.0,1.0
8,1840,25000,0.27696308493614197,0.39759528636932373,9.99999905104687e-09,1.0,9.99999905104687e-09,1.6814245995533383e-08,4.282848067305167e-07,7.181766704889014e-06,9.853204392129555e-05,0.0014550962951034307,0.03145485371351242,0.5,0.6499999761581421,1.0,1.0
8,1850,25000,0.2769031226634979,0.3976113796234131,9.99999905104687e-09,1.0,9.99999905104687e-09,1.6893729082312348e-08,4.281674534922786e-07,7.306902261916548e-06,9.594186849426478e-05,0.0014496095245704055,0.031040795147418976,0.5,0.652898907661438,1.0,1.0
8,1860,25000,0.2769438624382019,0.397611528635025,9.99999905104687e-09,1.0,9.99999905104687e-09,1.6900578714285075e-08,4.238321480443119e-07,7.17008879291825e-06,9.838619007496163e-05,0.0014464653795585036,0.0315730981528759,0.5,0.6529460549354553,1.0,1.0
8,1870,25000,0.2769557535648346,0.39758285880088806,9.99999905104687e-09,1.0,9.99999905104687e-09,1.6777660150069096e-08,4.271246893949865e-07,7.3247001637355424e-06,9.818667604122311e-05,0.0014642442110925913,0.03121262788772583,0.5,0.6499999761581421,1.0,1.0
8,1880,25000,0.27690407633781433,0.39764344692230225,9.99999905104687e-09,1.0,9.99999905104687e-09,1.70337877136717e-08,4.314009629524662e-07,7.361344160017325e-06,9.896601841319352e-05,0.0014521307311952114,0.031136270612478256,0.5,0.6526714563369751,1.0,1.0
8,1890,25000,0.2769547998905182,0.39764901995658875,9.99999905104687e-09,1.0,9.99999905104687e-09,1.7029337939789002e-08,4.3131572624588443e-07,7.230353276099777e-06,9.81274206424132e-05,0.0014497810043394566,0.030689550563693047,0.5,0.6585020422935486,1.0,1.0
8,1900,25000,0.27697131037712097,0.3976093530654907,9.99999905104687e-09,1.0,9.99999905104687e-09,1.6869126540086654e-08,4.2485095264055417e-07,7.198501862148987e-06,9.744579438120127e-05,0.001463992171920836,0.031185446307063103,0.5,0.6555861234664917,1.0,1.0
8,1910,25000,0.2770414650440216,0.39764404296875,9.99999905104687e-09,1.0,9.99999905104687e-09,1.6877526931580178e-08,4.224278029596462e-07,7.218403425213182e-06,9.810281335376203e-05,0.0014707173686474562,0.030742822214961052,0.5,0.6599999666213989,1.0,1.0
8,1920,25000,0.27697959542274475,0.3976236581802368,9.99999905104687e-09,1.0,9.99999905104687e-09,1.6825286053290256e-08,4.255160206412256e-07,7.207910584838828e-06,9.760098328115419e-05,0.001454503508284688,0.030933640897274017,0.5,0.6499999761581421,1.0,1.0
8,1930,25000,0.2770475447177887,0.3976283669471741,9.99999905104687e-09,1.0,9.99999905104687e-09,1.677886629636305e-08,4.266668156560627e-07,7.234667009470286e-06,9.641302312957123e-05,0.0014514450449496508,0.03130628913640976,0.5,0.6599999666213989,1.0,1.0
8,1940,25000,0.27697765827178955,0.3976501524448395,9.99999905104687e-09,1.0,9.99999905104687e-09,1.6977173444843174e-08,4.2334610839134257e-07,7.167339845182141e-06,9.815641533350572e-05,0.0014515602961182594,0.031255125999450684,0.5,0.6590554714202881,1.0,1.0
8,1950,25000,0.276923269033432,0.39758631587028503,9.99999905104687e-09,1.0,9.99999905104687e-09,1.6764934329671632e-08,4.294726352327416e-07,7.281749276444316e-06,9.779462561709806e-05,0.00143872806802392,0.03133516386151314,0.5,0.6499999761581421,1.0,1.0
8,1960,25000,0.2769779562950134,0.39757928252220154,9.99999905104687e-09,1.0,9.99999905104687e-09,1.6883904052633625e-08,4.278436733784474e-07,7.246681889228057e-06,9.821220010053366e-05,0.0014516733353957534,0.03161179646849632,0.5,0.6593788862228394,1.0,1.0
8,1970,25000,0.27696797251701355,0.39757516980171204,9.99999905104687e-09,1.0,9.99999905104687e-09,1.6801957158918412e-08,4.3198681964895513e-07,7.247536359500373e-06,9.84060243354179e-05,0.0014645059127360582,0.03129139915108681,0.5,0.6499999761581421,1.0,1.0
8,1980,25000,0.27699580788612366,0.39764299988746643,9.99999905104687e-09,1.0,9.99999905104687e-09,1.671606675301973e-08,4.3185221443309274e-07,7.157200343499426e-06,9.785588918020949e-05,0.0014512897469103336,0.03137468546628952,0.5,0.6599999666213989,1.0,1.0
8,1990,25000,0.276931494474411,0.39764344692230225,9.99999905104687e-09,1.0,9.99999905104687e-09,1.6884611042655706e-08,4.294978737107158e-07,7.2231009653478395e-06,9.943456097971648e-05,0.0014642648166045547,0.03122573532164097,0.5,0.6564492583274841,1.0,1.0
8,2000,25000,0.27701547741889954,0.39759567379951477,9.99999905104687e-09,1.0,9.99999905104687e-09,1.6785007161956855e-08,4.306223502226203e-07,7.4084309744648635e-06,9.809123002924025e-05,0.0014815739123150706,0.03156808018684387,0.5,0.6499999761581421,1.0,1.0
8,2010,25000,0.2770187258720398,0.397655189037323,9.99999905104687e-09,1.0,9.99999905104687e-09,1.660956705507033e-08,4.300325997519394e-07,7.241447747219354e-06,9.791555203264579e-05,0.0014471616595983505,0.03136585280299187,0.5,0.6563236713409424,1.0,1.0
8,2020,25000,0.2769978642463684,0.3976217806339264,9.99999905104687e-09,1.0,9.99999905104687e-09,1.6824543536131387e-08,4.3200188315495325e-07,7.205965630419087e-06,9.931275417329744e-05,0.0014622289454564452,0.031402651220560074,0.5,0.6599999666213989,1.0,1.0
8,2030,25000,0.27696314454078674,0.397627055644989,9.99999905104687e-09,1.0,9.99999905104687e-09,1.6876027686407724e-08,4.2912446929221915e-07,7.11272605258273e-06,9.6878495241981e-05,0.0014504468999803066,0.031085973605513573,0.5,0.6570448279380798,1.0,1.0
8,2040,25000,0.27697235345840454,0.3976109027862549,9.99999905104687e-09,1.0,9.99999905104687e-09,1.6788888501650945e-08,4.2560213842079975e-07,7.116073902579956e-06,9.76662922766991e-05,0.0014657839201390743,0.031178228557109833,0.5,0.65171879529953,1.0,1.0
8,2050,25000,0.2769724130630493,0.39762991666793823,9.99999905104687e-09,1.0,9.99999905104687e-09,1.685183725896877e-08,4.2764955310303776e-07,7.191007625806378e-06,9.742607653606683e-05,0.0014440740924328566,0.031183481216430664,0.5,0.6599999666213989,1.0,1.0
8,2060,25000,0.2769389748573303,0.397632896900177,9.99999905104687e-09,1.0,9.99999905104687e-09,1.6772204958215298e-08,4.205016352898383e-07,7.259198810061207e-06,9.841644350672141e-05,0.0014556699898093939,0.03103526681661606,0.5,0.656420111656189,1.0,1.0
8,2070,25000,0.27698642015457153,0.39760202169418335,9.99999905104687e-09,1.0,9.99999905104687e-09,1.6853578088671384e-08,4.307787548896158e-07,7.187852588685928e-06,9.648978448240086e-05,0.0014589829370379448,0.03139101713895798,0.5,0.6512495875358582,1.0,1.0
8,2080,25000,0.27695250511169434,0.39760908484458923,9.99999905104687e-09,1.0,9.99999905104687e-09,1.70052310011215e-08,4.2761664076351735e-07,7.327074399654521e-06,9.886037150863558e-05,0.0014454289339482784,0.03146769478917122,0.5,0.654146671295166,1.0,1.0
8,2090,25000,0.27695703506469727,0.39759716391563416,9.99999905104687e-09,1.0,9.99999905104687e-09,1.6635963717703817e-08,4.2462875171622727e-07,7.123539489839459e-06,9.729382873047143e-05,0.001453698961995542,0.031208781525492668,0.5,0.6499999761581421,1.0,1.0
8,2100,25000,0.27695608139038086,0.39760491251945496,9.99999905104687e-09,1.0,9.99999905104687e-09,1.682642469802431e-08,4.267505175903352e-07,7.319730684685055e-06,9.790368494577706e-05,0.001462594955228269,0.03141402080655098,0.5,0.6501642465591431,1.0,1.0
8,2110,25000,0.2769731879234314,0.397611141204834,9.99999905104687e-09,1.0,9.99999905104687e-09,1.69003229189002e-08,4.30737031820172e-07,7.236617420858238e-06,9.738846711115912e-05,0.0014530278276652098,0.03131083771586418,0.5,0.6499999761581421,1.0,1.0
8,2120,25000,0.2769412100315094,0.39759859442710876,9.99999905104687e-09,1.0,9.99999905104687e-09,1.677897998320077e-08,4.1997435573648545e-07,7.2039460974338e-06,9.845972817856818e-05,0.0014226370258256793,0.03144340217113495,0.5,0.6499999761581421,1.0,1.0
8,2130,25000,0.27700573205947876,0.39761075377464294,9.99999905104687e-09,1.0,9.99999905104687e-09,1.6732974117417143e-08,4.2156770518886333e-07,7.127995104383444e-06,9.653295273892581e-05,0.0014357345644384623,0.031176259741187096,0.5,0.6499999761581421,1.0,1.0
8,2140,25000,0.2769829034805298,0.39762723445892334,9.99999905104687e-09,1.0,9.99999905104687e-09,1.6720704820727406e-08,4.264035737833183e-07,7.12274504621746e-06,9.796316589927301e-05,0.0014418198261409998,0.03111451491713524,0.5,0.6599999666213989,1.0,1.0
8,2150,25000,0.2769300937652588,0.3976304531097412,9.99999905104687e-09,1.0,9.99999905104687e-09,1.6730442808920998e-08,4.259152603935945e-07,7.102864856278757e-06,9.87339299172163e-05,0.0014410123694688082,0.0311056450009346,0.5,0.6499999761581421,1.0,1.0
8,2160,25000,0.2769301235675812,0.39760127663612366,9.99999905104687e-09,1.0,9.99999905104687e-09,1.6745763886660825e-08,4.331959644332528e-07,7.3005639933398925e-06,9.637918265070766e-05,0.0014345671515911818,0.03148746117949486,0.5,0.6499999761581421,1.0,1.0
8,2170,25000,0.27696388959884644,0.39759474992752075,9.99999905104687e-09,1.0,9.99999905104687e-09,1.6829142523988594e-08,4.311125678668759e-07,7.181700766523136e-06,9.75582588580437e-05,0.0014594937674701214,0.030763965100049973,0.5,0.6499999761581421,1.0,1.0
8,2180,25000,0.2769738435745239,0.397601455450058,9.99999905104687e-09,1.0,9.99999905104687e-09,1.7018939146851153e-08,4.257239822891279e-07,7.322397323150653e-06,9.812669304665178e-05,0.0014522967394441366,0.03154385834932327,0.5,0.6574429869651794,1.0,1.0
8,2190,25000,0.2769313156604767,0.397635281085968,9.99999905104687e-09,1.0,9.99999905104687e-09,1.6912641953581442e-08,4.253046199664823e-07,7.162351721490268e-06,9.962824697140604e-05,0.001464435481466353,0.03141592815518379,0.5,0.650515615940094,1.0,1.0
8,2200,25000,0.27695605158805847,0.3976384103298187,9.99999905104687e-09,1.0,9.99999905104687e-09,1.6689934767555314e-08,4.275126457287115e-07,7.20768593964749e-06,9.789674368221313e-05,0.0014390810392796993,0.030809268355369568,0.5,0.6535282135009766,1.0,1.0
8,2210,25000,0.27694302797317505,0.39764854311943054,9.99999905104687e-09,1.0,9.99999905104687e-09,1.6720875350983988e-08,4.300569003135024e-07,7.323159479710739e-06,9.949563536792994e-05,0.0014538706745952368,0.03077169880270958,0.5,0.6599999666213989,1.0,1.0
8,2220,25000,0.27698808908462524,0.3976149260997772,9.99999905104687e-09,1.0,9.99999905104687e-09,1.6915478795453964e-08,4.2507258513069246e-07,7.206932878034422e-06,9.791510819923133e-05,0.0014501370023936033,0.031004808843135834,0.5,0.6499999761581421,1.0,1.0
8,2230,25000,0.27692610025405884,0.3975842297077179,9.99999905104687e-09,1.0,9.99999905104687e-09,1.694931484053086e-08,4.2695123170233273e-07,7.149896191549487e-06,9.716707427287474e-05,0.0014371850993484259,0.03115466609597206,0.5,0.6499999761581421,1.0,1.0
8,2240,25000,0.2769858241081238,0.39760297536849976,9.99999905104687e-09,1.0,9.99999905104687e-09,1.6778697542463306e-08,4.237177222421451e-07,7.160008863138501e-06,9.75681614363566e-05,0.0014544699806720018,0.03131226450204849,0.5,0.6499999761581421,1.0,1.0
8,2250,25000,0.27695363759994507,0.3976428210735321,9.99999905104687e-09,1.0,9.99999905104687e-09,1.6904724731148235e-08,4.2647982922972005e-07,7.121224371076096e-06,9.821917774388567e-05,0.0014244441408663988,0.03129012882709503,0.5,0.6584139466285706,1.0,1.0
8,2260,25000,0.27704471349716187,0.3976139724254608,9.99999905104687e-09,1.0,9.99999905104687e-09,1.7042310673787142e-08,4.2071911821039976e-07,7.19651279723621e-06,9.808244794839993e-05,0.0014345282688736916,0.031623415648937225,0.5,0.6538554430007935,1.0,1.0
8,2270,25000,0.27697548270225525,0.39762821793556213,9.99999905104687e-09,1.0,9.99999905104687e-09,1.6752874643088944e-08,4.324760709550901e-07,7.227798050735146e-06,9.754454367794096e-05,0.0014511167537420988,0.03121446818113327,0.5,0.6559399366378784,1.0,1.0
8,2280,25000,0.2770424783229828,0.3976256549358368,9.99999905104687e-09,1.0,9.99999905104687e-09,1.6877210740062765e-08,4.2811399225684e-07,7.310775345104048e-06,9.920587035594508e-05,0.0014652321115136147,0.03137688711285591,0.5,0.6599999666213989,1.0,1.0
8,2290,25000,0.2769717574119568,0.39763063192367554,9.99999905104687e-09,1.0,9.99999905104687e-09,1.693797280211129e-08,4.2772356323439453e-07,7.3002634053409565e-06,9.851820504991338e-05,0.0014621238224208355,0.03127889707684517,0.5,0.6504970788955688,1.0,1.0
8,2300,25000,0.2769293785095215,0.39761534333229065,9.99999905104687e-09,1.0,9.99999905104687e-09,1.6649954304170933e-08,4.267837994120782e-07,7.262763574544806e-06,9.709636651678011e-05,0.0014439357910305262,0.03094267100095749,0.5,0.6499999761581421,1.0,1.0
8,2310,25000,0.27699828147888184,0.39760202169418335,9.99999905104687e-09,1.0,9.99999905104687e-09,1.6773679334392e-08,4.3197235299885506e-07,7.345443009398878e-06,9.873101225821301e-05,0.0014672870747745037,0.03152885660529137,0.5,0.6529668569564819,1.0,1.0
8,2320,25000,0.27692604064941406,0.3976210057735443,9.99999905104687e-09,1.0,9.99999905104687e-09,1.6801562807700066e-08,4.332350442837196e-07,7.319049927900778e-06,9.856164251687005e-05,0.0014615919208154082,0.03098236955702305,0.5,0.6562949419021606,1.0,1.0
8,2330,25000,0.27697238326072693,0.3976111114025116,9.99999905104687e-09,1.0,9.99999905104687e-09,1.6910028932670684e-08,4.220559048917494e-07,7.192258181021316e-06,9.866504842648283e-05,0.001475560711696744,0.031447820365428925,0.5,0.6540706753730774,1.0,1.0
8,2340,25000,0.2769865095615387,0.39763644337654114,9.99999905104687e-09,1.0,9.99999905104687e-09,1.6814144743193538e-08,4.2382714582345216e-07,7.290886060218327e-06,9.744262206368148e-05,0.0014437834033742547,0.031077934429049492,0.5,0.6499999761581421,1.0,1.0
8,2350,25000,0.2770126760005951,0.3976292610168457,9.99999905104687e-09,1.0,9.99999905104687e-09,1.6759329923843325e-08,4.2632399299691315e-07,7.3095961852231994e-06,9.662824595579877e-05,0.0014475120697170496,0.03108048066496849,0.5,0.6505308747291565,1.0,1.0
8,2360,25000,0.27700772881507874,0.39765268564224243,9.99999905104687e-09,1.0,9.99999905104687e-09,1.6764550636594322e-08,4.3331155552550626e-07,7.278563316504005e-06,9.582791244611144e-05,0.0014509318862110376,0.03140366077423096,0.5,0.6599999666213989,1.0,1.0
8,2370,25000,0.2770175039768219,0.39763569831848145,9.99999905104687e-09,1.0,9.99999905104687e-09,1.6983625172883876e-08,4.2755726781251724e-07,7.228909908008063e-06,9.699859947431833e-05,0.0014616330154240131,0.03143835440278053,0.5,0.6571073532104492,1.0,1.0
8,2380,25000,0.2769870460033417,0.3976505696773529,9.99999905104687e-09,1.0,9.99999905104687e-09,1.673449645522851e-08,4.2671717892517336e-07,7.215870482468745e-06,9.714790212456137e-05,0.0014598219422623515,0.031128279864788055,0.5,0.6599999666213989,1.0,1.0
8,2390,25000,0.27697643637657166,0.3976374864578247,9.99999905104687e-09,1.0,9.99999905104687e-09,1.677130612165456e-08,4.2543706513242796e-07,7.322994406422367e-06,9.860397403826937e-05,0.001443615648895502,0.031029842793941498,0.5,0.6599999666213989,1.0,1.0
8,2400,25000,0.2769569754600525,0.3976061940193176,9.99999905104687e-09,1.0,9.99999905104687e-09,1.6751485532040533e-08,4.267294571036473e-07,7.2853958954510745e-06,9.68520762398839e-05,0.001451434101909399,0.03141983225941658,0.5,0.6554328799247742,1.0,1.0
8,2410,25000,0.2769908607006073,0.39762648940086365,9.99999905104687e-09,1.0,9.99999905104687e-09,1.7015027609090794e-08,4.338020573868562e-07,7.200619620562065e-06,9.810146002564579e-05,0.0014670955715700984,0.031129058450460434,0.5,0.6510692238807678,1.0,1.0
8,2420,25000,0.2769724428653717,0.39760592579841614,9.99999905104687e-09,1.0,9.99999905104687e-09,1.69435097063797e-08,4.234323967011733e-07,7.2709203777776565e-06,9.775776561582461e-05,0.0014532387722283602,0.031680475920438766,0.5,0.6499999761581421,1.0,1.0
8,2430,25000,0.27692851424217224,0.3976142406463623,9.99999905104687e-09,1.0,9.99999905104687e-09,1.691750206589404e-08,4.3068615696029156e-07,7.051770353427855e-06,9.655880421632901e-05,0.001423741108737886,0.031202873215079308,0.5,0.6499999761581421,1.0,1.0
8,2440,25000,0.27695292234420776,0.39762023091316223,9.99999905104687e-09,1.0,9.99999905104687e-09,1.695363849307796e-08,4.352598921286699e-07,7.207197540992638e-06,9.807267633732408e-05,0.0014591554645448923,0.0312009509652853,0.5,0.6499999761581421,1.0,1.0
8,2450,25000,0.2769390344619751,0.3976345658302307,9.99999905104687e-09,1.0,9.99999905104687e-09,1.682832007077195e-08,4.187984075088025e-07,7.211398951767478e-06,9.831719944486395e-05,0.00143589754588902,0.031312040984630585,0.5,0.6504311561584473,1.0,1.0
8,2460,25000,0.2769312560558319,0.3976070284843445,9.99999905104687e-09,1.0,9.99999905104687e-09,1.6903209498764227e-08,4.310164740672917e-07,7.248128895298578e-06,9.798657265491784e-05,0.001436811638996005,0.031290244311094284,0.5,0.6530384421348572,1.0,1.0
8,2470,25000,0.27701443433761597,0.3975978195667267,9.99999905104687e-09,1.0,9.99999905104687e-09,1.6790671963917703e-08,4.2434660940671165e-07,7.224458386190236e-06,9.77334420895204e-05,0.0014575402019545436,0.031006624922156334,0.5,0.650416910648346,1.0,1.0
8,2480,25000,0.2770015299320221,0.39758381247520447,9.99999905104687e-09,1.0,9.99999905104687e-09,1.6849661221840506e-08,4.2669631739045144e-07,7.2643438215891365e-06,9.785016300156713e-05,0.001456073485314846,0.031128959730267525,0.5,0.6499999761581421,1.0,1.0
8,2490,25000,0.2769228219985962,0.3976110517978668,9.99999905104687e-09,1.0,9.99999905104687e-09,1.6739337027615875e-08,4.255361716332118e-07,7.154929335229099e-06,9.780606342246756e-05,0.0014458862133324146,0.03130972757935524,0.5,0.6599999666213989,1.0,1.0
8,2500,25000,0.27691492438316345,0.3976418375968933,9.99999905104687e-09,1.0,9.99999905104687e-09,1.6816409598163773e-08,4.260380706000433e-07,7.268001354532316e-06,9.669856081018224e-05,0.0014396898914128542,0.030805686488747597,0.5,0.6547816395759583,1.0,1.0
8,2510,25000,0.2769215703010559,0.3976399600505829,9.99999905104687e-09,1.0,9.99999905104687e-09,1.6825520532393057e-08,4.287664978619432e-07,7.214805009425618e-06,9.689520811662078e-05,0.0014395853504538536,0.031079519540071487,0.5,0.6499999761581421,1.0,1.0
8,2520,25000,0.27691054344177246,0.3975893557071686,9.99999905104687e-09,1.0,9.99999905104687e-09,1.6892045096028596e-08,4.356784018000326e-07,7.2138650466513354e-06,9.723452967591584e-05,0.0014491146430373192,0.031143222004175186,0.5,0.6510321497917175,1.0,1.0
8,2530,25000,0.2770209312438965,0.39759212732315063,9.99999905104687e-09,1.0,9.99999905104687e-09,1.7140745711685668e-08,4.3260942561573756e-07,7.336419912462588e-06,9.953950211638585e-05,0.0014764529187232256,0.031293440610170364,0.5,0.6499999761581421,1.0,1.0
8,2540,25000,0.2769750654697418,0.39761263132095337,9.99999905104687e-09,1.0,9.99999905104687e-09,1.6931627655480952e-08,4.2992587623302825e-07,7.167221610870911e-06,9.648997365729883e-05,0.0014527421444654465,0.031090857461094856,0.5,0.655635416507721,1.0,1.0
8,2550,25000,0.27703574299812317,0.39766252040863037,9.99999905104687e-09,1.0,9.99999905104687e-09,1.691623197075387e-08,4.301213891722e-07,7.178248324635206e-06,9.752043843036518e-05,0.0014477362856268883,0.031077483668923378,0.5,0.6599999666213989,1.0,1.0
8,2560,25000,0.2769654095172882,0.39760783314704895,9.99999905104687e-09,1.0,9.99999905104687e-09,1.7096036586394803e-08,4.2336009187238233e-07,7.176243343565147e-06,9.681811206974089e-05,0.0014525349251925945,0.03127158060669899,0.5,0.6504154801368713,1.0,1.0
8,2570,25000,0.2769501805305481,0.39759713411331177,9.99999905104687e-09,1.0,9.99999905104687e-09,1.6801484647999132e-08,4.222086715799378e-07,7.189825282694073e-06,9.638681513024494e-05,0.001471030293032527,0.031240643933415413,0.5,0.6499999761581421,1.0,1.0
8,2580,25000,0.2769528329372406,0.397583931684494,9.99999905104687e-09,1.0,9.99999905104687e-09,1.666695936819451e-08,4.2408086642353737e-07,7.14130510459654e-06,9.739170491229743e-05,0.0014518785756081343,0.031363725662231445,0.5,0.6499999761581421,1.0,1.0
8,2590,25000,0.2769821882247925,0.3976050019264221,9.99999905104687e-09,1.0,9.99999905104687e-09,1.6780260736481978e-08,4.2611674189174664e-07,7.397040462819859e-06,9.833342483034357e-05,0.0014629364013671875,0.0317266471683979,0.5,0.6529912352561951,1.0,1.0
8,2600,25000,0.2769702672958374,0.3976500332355499,9.99999905104687e-09,1.0,9.99999905104687e-09,1.6948590086940385e-08,4.273890397143987e-07,7.204109351732768e-06,9.641867654863745e-05,0.0014544164296239614,0.03150097653269768,0.5,0.6510061025619507,1.0,1.0
8,2610,25000,0.27695703506469727,0.39760592579841614,9.99999905104687e-09,1.0,9.99999905104687e-09,1.684814066038598e-08,4.224646943384869e-07,7.278209523065016e-06,9.687378769740462e-05,0.00144121702760458,0.031307026743888855,0.5,0.6507166624069214,1.0,1.0
8,2620,25000,0.27699869871139526,0.3976157307624817,9.99999905104687e-09,1.0,9.99999905104687e-09,1.694756868175773e-08,4.31424325597618e-07,7.2217790147988126e-06,9.820286504691467e-05,0.0014594001695513725,0.03114336170256138,0.5,0.6578042507171631,1.0,1.0
8,2630,25000,0.27697062492370605,0.397629976272583,9.99999905104687e-09,1.0,9.99999905104687e-09,1.6889476484038823e-08,4.2920419218717143e-07,7.2471807470719796e-06,9.896708797896281e-05,0.0014840514631941915,0.03147231042385101,0.5,0.6507065296173096,1.0,1.0
8,2640,25000,0.27699530124664307,0.3976303040981293,9.99999905104687e-09,1.0,9.99999905104687e-09,1.691738660269948e-08,4.2466604099899996e-07,7.284058938239468e-06,9.77910531219095e-05,0.0014685462228953838,0.03135460242629051,0.5,0.6599999666213989,1.0,1.0
8,2650,25000,0.27699559926986694,0.39762383699417114,9.99999905104687e-09,1.0,9.99999905104687e-09,1.6841724459482066e-08,4.26421649990516e-07,7.135320174711524e-06,9.791601041797549e-05,0.0014360242057591677,0.0311873909085989,0.5,0.651979923248291,1.0,1.0
8,2660,25000,0.2769526541233063,0.39761996269226074,9.99999905104687e-09,1.0,9.99999905104687e-09,1.7072251168315233e-08,4.337412349286751e-07,7.173049652919872e-06,9.81953926384449e-05,0.0014497812371701002,0.031569503247737885,0.5,0.6556857824325562,1.0,1.0
8,2670,25000,0.2769745886325836,0.39761659502983093,9.99999905104687e-09,1.0,9.99999905104687e-09,1.6813912040447576e-08,4.219093625579262e-07,7.062054464768153e-06,9.853229130385444e-05,0.0014448481379076838,0.031100686639547348,0.5,0.6499999761581421,1.0,1.0
8,2680,25000,0.2769426703453064,0.39759695529937744,9.99999905104687e-09,1.0,9.99999905104687e-09,1.6797482516039963e-08,4.27378296308234e-07,7.08530160409282e-06,9.73173591773957e-05,0.0014527797466143966,0.03137028217315674,0.5,0.6499999761581421,1.0,1.0
8,2690,25000,0.27697667479515076,0.39760684967041016,9.99999905104687e-09,1.0,9.99999905104687e-09,1.6798122004502147e-08,4.3462455323606264e-07,7.2450820880476385e-06,9.863730520009995e-05,0.0014679728774353862,0.0313892625272274,0.5,0.6546792984008789,1.0,1.0
8,2700,25000,0.2769685983657837,0.3976045846939087,9.99999905104687e-09,1.0,9.99999905104687e-09,1.678179550879122e-08,4.2976415670636925e-07,7.19513309377362e-06,9.717410284793004e-05,0.0014543456491082907,0.031131599098443985,0.5,0.6533137559890747,1.0,1.0
8,2710,25000,0.27703338861465454,0.3976193964481354,9.99999905104687e-09,1.0,9.99999905104687e-09,1.6866332330778278e-08,4.2969705305040407e-07,7.161629127949709e-06,9.870414214674383e-05,0.0014477137010544538,0.031171759590506554,0.5,0.6583840847015381,1.0,1.0
8,2720,25000,0.2769554853439331,0.3976384401321411,9.99999905104687e-09,1.0,9.99999905104687e-09,1.715756603459795e-08,4.2844635572691914e-07,7.2342477324127685e-06,9.786123700905591e-05,0.001443853136152029,0.03137870132923126,0.5,0.6565871238708496,1.0,1.0
8,2730,25000,0.2770029306411743,0.397627592086792,9.99999905104687e-09,1.0,9.99999905104687e-09,1.6991290152645888e-08,4.312010730700422e-07,7.328133506234735e-06,9.8788870673161e-05,0.001473120180889964,0.0314331129193306,0.5,0.6599999666213989,1.0,1.0
8,2740,25000,0.27695363759994507,0.39763253927230835,9.99999905104687e-09,1.0,9.99999905104687e-09,1.683859807144472e-08,4.2127635424549226e-07,7.191714303189656e-06,9.674945613369346e-05,0.0014728959649801254,0.030868390575051308,0.5,0.6584751009941101,1.0,1.0
8,2750,25000,0.27695736289024353,0.39759695529937744,9.99999905104687e-09,1.0,9.99999905104687e-09,1.6709131855918713e-08,4.280834104974929e-07,7.320621079998091e-06,9.764324204297736e-05,0.0014552553184330463,0.031082775443792343,0.5,0.6499999761581421,1.0,1.0
8,2760,25000,0.27696874737739563,0.3976215422153473,9.99999905104687e-09,1.0,9.99999905104687e-09,1.675531891009996e-08,4.260163848357479e-07,7.22510185369174e-06,9.872361260931939e-05,0.0014320584014058113,0.03068925440311432,0.5,0.6499999761581421,1.0,1.0
8,2770,25000,0.27703821659088135,0.39762672781944275,9.99999905104687e-09,1.0,9.99999905104687e-09,1.698853324683114e-08,4.364189862826606e-07,7.100222774170106e-06,9.90693224593997e-05,0.0014522192068397999,0.031159067526459694,0.5,0.6599999666213989,1.0,1.0
8,2780,25000,0.27695804834365845,0.39763501286506653,9.99999905104687e-09,1.0,9.99999905104687e-09,1.6822156112539233e-08,4.2836484226427274e-07,7.277281838469207e-06,9.714309999253601e-05,0.001459483988583088,0.031095614656805992,0.5,0.650196373462677,1.0,1.0
8,2790,25000,0.27698540687561035,0.39762237668037415,9.99999905104687e-09,1.0,9.99999905104687e-09,1.6803877400661804e-08,4.309918892886344e-07,7.287359039764851e-06,9.750245953910053e-05,0.0014688731171190739,0.031143823638558388,0.5,0.6547778844833374,1.0,1.0
8,2800,25000,0.27700483798980713,0.3976050019264221,9.99999905104687e-09,1.0,9.99999905104687e-09,1.670466964753814e-08,4.34658716130798e-07,7.246082532219589e-06,9.896268602460623e-05,0.0014522721758112311,0.03155633434653282,0.5,0.6549177765846252,1.0,1.0
8,2810,25000,0.2769352197647095,0.39762431383132935,9.99999905104687e-09,1.0,9.99999905104687e-09,1.6919111445190538e-08,4.279909546767158e-07,7.223562079161638e-06,9.942426549969241e-05,0.0014508592430502176,0.03081517107784748,0.5,0.6542942523956299,1.0,1.0
8,2820,25000,0.27694323658943176,0.3976420760154724,9.99999905104687e-09,1.0,9.99999905104687e-09,1.6668016300513955e-08,4.2714754044936853e-07,7.259413905558176e-06,9.663419768912718e-05,0.0014401422813534737,0.03131399303674698,0.5,0.6599999666213989,1.0,1.0
8,2830,25000,0.2770023047924042,0.3976598083972931,9.99999905104687e-09,1.0,9.99999905104687e-09,1.682770189859184e-08,4.2329475036240183e-07,7.264433861564612e-06,9.735229832585901e-05,0.0014442272949963808,0.031398870050907135,0.5,0.6562237739562988,1.0,1.0
8,2840,25000,0.2769521474838257,0.39765259623527527,9.99999905104687e-09,1.0,9.99999905104687e-09,1.68487321872135e-08,4.247053198014328e-07,7.2922575782286e-06,9.825635061133653e-05,0.0014396703336387873,0.03131230175495148,0.5,0.6584795713424683,1.0,1.0
8,2850,25000,0.27699071168899536,0.39762574434280396,9.99999905104687e-09,1.0,9.99999905104687e-09,1.708701269365065e-08,4.2032829128402227e-07,7.267575711011887e-06,9.736918582348153e-05,0.0014442452229559422,0.03183445334434509,0.5,0.6531421542167664,1.0,1.0
8,2860,25000,0.27700403332710266,0.3976123034954071,9.99999905104687e-09,1.0,9.99999905104687e-09,1.6903415556157597e-08,4.236678137203853e-07,7.3206783781643026e-06,9.806054004002362e-05,0.0014618334826081991,0.03151111677289009,0.5,0.6599999666213989,1.0,1.0
8,2870,25000,0.2769784927368164,0.39763307571411133,9.99999905104687e-09,1.0,9.99999905104687e-09,1.6946458458733105e-08,4.26901920036471e-07,7.284510047611548e-06,9.893134119920433e-05,0.001444847323000431,0.0312209390103817,0.5,0.653333842754364,1.0,1.0
8,2880,25000,0.27697381377220154,0.3976522386074066,9.99999905104687e-09,1.0,9.99999905104687e-09,1.679941874499491e-08,4.2507537045821664e-07,7.2928014560602605e-06,9.766209404915571e-05,0.0014640855370089412,0.030999168753623962,0.5,0.6529021263122559,1.0,1.0
8,2890,25000,0.2769905924797058,0.3976671099662781,9.99999905104687e-09,1.0,9.99999905104687e-09,1.6722655260537067e-08,4.2455340576452727e-07,7.365306828432949e-06,9.854866948444396e-05,0.0014594492968171835,0.030924955382943153,0.5,0.6599999666213989,1.0,1.0
8,2900,25000,0.2770145833492279,0.39763474464416504,9.99999905104687e-09,1.0,9.99999905104687e-09,1.681422290289447e-08,4.222970346745569e-07,7.325323622353608e-06,9.70852270256728e-05,0.001451831660233438,0.03154487907886505,0.5,0.6574420928955078,1.0,1.0
8,2910,25000,0.27699464559555054,0.39764297008514404,9.99999905104687e-09,1.0,9.99999905104687e-09,1.6926296808605912e-08,4.2782059495038993e-07,7.308546173590003e-06,9.816998499445617e-05,0.001444139750674367,0.03087465465068817,0.5,0.6598966121673584,1.0,1.0
8,2920,25000,0.27697986364364624,0.3976242244243622,9.99999905104687e-09,1.0,9.99999905104687e-09,1.684846928640127e-08,4.23372483737694e-07,7.217041911644628e-06,9.731917089084163e-05,0.00144570367410779,0.031019270420074463,0.5,0.6499999761581421,1.0,1.0
8,2930,25000,0.27693405747413635,0.39760223031044006,9.99999905104687e-09,1.0,9.99999905104687e-09,1.7040255428923956e-08,4.28869498136919e-07,7.310484761546832e-06,9.820114792091772e-05,0.0014379932545125484,0.0309087373316288,0.5,0.6527265310287476,1.0,1.0
8,2940,25000,0.27696654200553894,0.3975955545902252,9.99999905104687e-09,1.0,9.99999905104687e-09,1.673949512337458e-08,4.246946616603964e-07,7.261293831106741e-06,9.82584897428751e-05,0.0014625394251197577,0.031311459839344025,0.5,0.6499999761581421,1.0,1.0
8,2950,25000,0.2770254611968994,0.39761897921562195,9.99999905104687e-09,1.0,9.99999905104687e-09,1.6831062765731986e-08,4.285353156774363e-07,7.244705102493754e-06,9.862785373115912e-05,0.001448455499485135,0.03184206038713455,0.5,0.6499999761581421,1.0,1.0
8,2960,25000,0.27695173025131226,0.39762160181999207,9.99999905104687e-09,1.0,9.99999905104687e-09,1.686466788441976e-08,4.34669743754057e-07,7.365480996668339e-06,9.794051584322006e-05,0.0014475381467491388,0.03122565895318985,0.5,0.659268856048584,1.0,1.0
8,2970,25000,0.2769954800605774,0.39761412143707275,9.99999905104687e-09,1.0,9.99999905104687e-09,1.690018258670989e-08,4.22799104171645e-07,7.351167823799187e-06,9.808724280446768e-05,0.001439675921574235,0.03142581880092621,0.5,0.6568772196769714,1.0,1.0
8,2980,25000,0.27699384093284607,0.3976556658744812,9.99999905104687e-09,1.0,9.99999905104687e-09,1.678658989590076e-08,4.266133544206241e-07,7.13555937181809e-06,9.801414853427559e-05,0.001466803252696991,0.03166810795664787,0.5,0.6599999666213989,1.0,1.0
8,2990,25000,0.2769848704338074,0.39765647053718567,9.99999905104687e-09,1.0,9.99999905104687e-09,1.6800324686983004e-08,4.211722739455581e-07,7.14276166036143e-06,9.761348337633535e-05,0.00145818293094635,0.031044229865074158,0.5,0.6510441899299622,1.0,1.0
8,3000,25000,0.276993066072464,0.39763596653938293,9.99999905104687e-09,1.0,9.99999905104687e-09,1.66769407172751e-08,4.229314640724624e-07,7.059432391542941e-06,9.816203237278387e-05,0.0014482741244137287,0.03111540526151657,0.5,0.6499999761581421,1.0,1.0
8,3010,25000,0.27693140506744385,0.39761632680892944,9.99999905104687e-09,1.0,9.99999905104687e-09,1.699066487503842e-08,4.31399826084089e-07,7.287845164682949e-06,9.877888805931434e-05,0.0014475863426923752,0.031053753569722176,0.5,0.6499999761581421,1.0,1.0
8,3020,25000,0.2769326865673065,0.3976040780544281,9.99999905104687e-09,1.0,9.99999905104687e-09,1.6905110200582385e-08,4.276039931028208e-07,7.266728971444536e-06,9.817571117309853e-05,0.0014561640564352274,0.03159262239933014,0.5,0.6499999761581421,1.0,1.0
8,3030,25000,0.276939332485199,0.39763695001602173,9.99999905104687e-09,1.0,9.99999905104687e-09,1.6757324416971642e-08,4.277197831470403e-07,7.286971595021896e-06,9.619862248655409e-05,0.001429604017175734,0.030804846435785294,0.5,0.6499999761581421,1.0,1.0
8,3040,25000,0.2770315110683441,0.397624135017395,9.99999905104687e-09,1.0,9.99999905104687e-09,1.6906410493788826e-08,4.277337097846612e-07,7.312016350624617e-06,9.685981785878539e-05,0.0014657212886959314,0.03201381862163544,0.5,0.6547665596008301,1.0,1.0
8,3050,25000,0.2769678235054016,0.39768606424331665,9.99999905104687e-09,1.0,9.99999905104687e-09,1.6831068094802504e-08,4.24797121922893e-07,7.205960628198227e-06,9.65803992585279e-05,0.0014375908067449927,0.031183822080492973,0.5,0.6599999666213989,1.0,1.0
8,3060,25000,0.2769887149333954,0.39764460921287537,9.99999905104687e-09,1.0,9.99999905104687e-09,1.6874693642421335e-08,4.286426360522455e-07,7.157202162488829e-06,9.764719288796186e-05,0.0014614181127399206,0.03151663765311241,0.5,0.6599999666213989,1.0,1.0
8,3070,25000,0.2769644260406494,0.39766016602516174,9.99999905104687e-09,1.0,9.99999905104687e-09,1.6801557478629547e-08,4.2364104047010187e-07,7.182750323408982e-06,9.833653894020244e-05,0.0014489104505628347,0.031510889530181885,0.5,0.6550343632698059,1.0,1.0
8,3080,25000,0.277033269405365,0.39763540029525757,9.99999905104687e-09,1.0,9.99999905104687e-09,1.687097750391331e-08,4.2889180917882186e-07,7.270058176800376e-06,9.960614261217415e-05,0.0014347373507916927,0.03132491558790207,0.5,0.6599999666213989,1.0,1.0
8,3090,25000,0.2769734263420105,0.39764928817749023,9.99999905104687e-09,1.0,9.99999905104687e-09,1.680338357346045e-08,4.28512976213824e-07,7.223694865388097e-06,9.840613347478211e-05,0.0014270172687247396,0.030961180105805397,0.5,0.6575024724006653,1.0,1.0
8,3100,25000,0.2770126760005951,0.397636741399765,9.99999905104687e-09,1.0,9.99999905104687e-09,1.6904758481928184e-08,4.2575666725497285e-07,7.2879388426372316e-06,9.718558430904523e-05,0.0014723545173183084,0.03150051087141037,0.5,0.6599999666213989,1.0,1.0
8,3110,25000,0.2769376039505005,0.3976304233074188,9.99999905104687e-09,1.0,9.99999905104687e-09,1.6964019522447416e-08,4.317200819059508e-07,7.2067191467795055e-06,9.710307494970039e-05,0.0014574595261365175,0.031020797789096832,0.5,0.6546993255615234,1.0,1.0
8,3120,25000,0.27697673439979553,0.3976005017757416,9.99999905104687e-09,1.0,9.99999905104687e-09,1.6763715748879804e-08,4.2301047642467893e-07,7.098436981323175e-06,9.721887181513011e-05,0.0014541475102305412,0.03131196275353432,0.5,0.6506800651550293,1.0,1.0
8,3130,25000,0.2769800126552582,0.3976322114467621,9.99999905104687e-09,1.0,9.99999905104687e-09,1.6767469190881457e-08,4.273453839687136e-07,7.261790415213909e-06,9.891693480312824e-05,0.0014554096851497889,0.031153477728366852,0.5,0.659839928150177,1.0,1.0
8,3140,25000,0.2770083248615265,0.3976364731788635,9.99999905104687e-09,1.0,9.99999905104687e-09,1.692102813422025e-08,4.367714723230165e-07,7.174759048211854e-06,9.795137884793803e-05,0.001436804886907339,0.03130585327744484,0.5,0.6560531854629517,1.0,1.0
8,3150,25000,0.27703139185905457,0.39765599370002747,9.99999905104687e-09,1.0,9.99999905104687e-09,1.6789870826983133e-08,4.229108014897065e-07,7.204756002465729e-06,9.776275692274794e-05,0.0014520075637847185,0.03125089406967163,0.5,0.6599999666213989,1.0,1.0
8,3160,25000,0.2769934833049774,0.3976931571960449,9.99999905104687e-09,1.0,9.99999905104687e-09,1.6770620447914553e-08,4.2605290673236595e-07,7.243338131956989e-06,9.880975994747132e-05,0.0014259971212595701,0.03099028207361698,0.5,0.6599999666213989,1.0,1.0
8,3170,25000,0.27695566415786743,0.39762312173843384,9.99999905104687e-09,1.0,9.99999905104687e-09,1.6775057787299374e-08,4.249638152487023e-07,7.357070444413694e-06,9.896962728817016e-05,0.0014574797824025154,0.03119785524904728,0.5,0.6499999761581421,1.0,1.0
8,3180,25000,0.27695798873901367,0.39762648940086365,9.99999905104687e-09,1.0,9.99999905104687e-09,1.693477003072985e-08,4.24661948272842e-07,7.2529524004494306e-06,9.857357508735731e-05,0.0014477046206593513,0.031495507806539536,0.5,0.6516203284263611,1.0,1.0
8,3190,25000,0.27688270807266235,0.3975997567176819,9.99999905104687e-09,1.0,9.99999905104687e-09,1.703025809263181e-08,4.3330470589353354e-07,7.2089064815372694e-06,9.736483480082825e-05,0.0014357519103214145,0.031027616932988167,0.5,0.6504074931144714,1.0,1.0
8,3200,25000,0.2769244909286499,0.3976467251777649,9.99999905104687e-09,1.0,9.99999905104687e-09,1.686493256158883e-08,4.292037090181111e-07,7.215551704575773e-06,9.850827336777002e-05,0.0014116307720541954,0.030995380133390427,0.5,0.6499999761581421,1.0,1.0
8,3210,25000,0.2769591808319092,0.39762717485427856,9.99999905104687e-09,1.0,9.99999905104687e-09,1.685249628735619e-08,4.2925685761474597e-07,7.2056700446410105e-06,9.621762001188472e-05,0.001450217911042273,0.031154092401266098,0.5,0.6537010669708252,1.0,1.0
8,3220,25000,0.27698028087615967,0.39765992760658264,9.99999905104687e-09,1.0,9.99999905104687e-09,1.6869410757180958e-08,4.301225828839961e-07,7.3482474363117944e-06,9.873432281892747e-05,0.0014612614177167416,0.031156092882156372,0.5,0.6599999666213989,1.0,1.0
8,3230,25000,0.27692490816116333,0.397653192281723,9.99999905104687e-09,1.0,9.99999905104687e-09,1.6862632179481807e-08,4.193337588276336e-07,7.166104751377134e-06,9.713352483231574e-05,0.0014391624135896564,0.03111783042550087,0.5,0.6566683650016785,1.0,1.0
8,3240,25000,0.27696093916893005,0.39763158559799194,9.99999905104687e-09,1.0,9.99999905104687e-09,1.7041969613273977e-08,4.2352689888502937e-07,7.239981187012745e-06,9.75903749349527e-05,0.0014516143128275871,0.031168628484010696,0.5,0.6538902521133423,1.0,1.0
8,3250,25000,0.27701446413993835,0.3976266086101532,9.99999905104687e-09,1.0,9.99999905104687e-09,1.6761546817178896e-08,4.2825388391065644e-07,7.229463335534092e-06,9.783787390915677e-05,0.0014411885058507323,0.03152408078312874,0.5,0.6599999666213989,1.0,1.0
8,3260,25000,0.2770192325115204,0.3976610004901886,9.99999905104687e-09,1.0,9.99999905104687e-09,1.6782436773610243e-08,4.3290310713928193e-07,7.2640032158233225e-06,9.699438669485971e-05,0.0014653084799647331,0.03110373578965664,0.5,0.6599999666213989,1.0,1.0
8,3270,25000,0.27698519825935364,0.39764389395713806,9.99999905104687e-09,1.0,9.99999905104687e-09,1.6937935498617662e-08,4.269555233804567e-07,7.2206416916742455e-06,9.925322228809819e-05,0.0014371697325259447,0.031568337231874466,0.5,0.6599999666213989,1.0,1.0
8,3280,25000,0.277022123336792,0.39765551686286926,9.99999905104687e-09,1.0,9.99999905104687e-09,1.7102038896155136e-08,4.335581991199433e-07,7.1899166869116016e-06,9.88258543657139e-05,0.0014497830998152494,0.03153897449374199,0.5,0.6599999666213989,1.0,1.0
8,3290,25000,0.2770066559314728,0.39766424894332886,9.99999905104687e-09,1.0,9.99999905104687e-09,1.6992432350093623e-08,4.2476344219721796e-07,7.260052825586172e-06,9.828657493926585e-05,0.001471499097533524,0.030652809888124466,0.5,0.6599999666213989,1.0,1.0
8,3300,25000,0.2770001292228699,0.3976467251777649,9.99999905104687e-09,1.0,9.99999905104687e-09,1.69512102132785e-08,4.3099069557683833e-07,7.192021257651504e-06,9.787437738850713e-05,0.001460612053051591,0.031225139275193214,0.5,0.6599999666213989,1.0,1.0
8,3310,25000,0.27701061964035034,0.39764535427093506,9.99999905104687e-09,1.0,9.99999905104687e-09,1.690112227947793e-08,4.296617532872915e-07,7.192012617451837e-06,9.711002348922193e-05,0.0014446575660258532,0.03170029819011688,0.5,0.6572927236557007,1.0,1.0
8,3320,25000,0.27694422006607056,0.39761883020401,9.99999905104687e-09,1.0,9.99999905104687e-09,1.689526385462159e-08,4.298083240428241e-07,7.297176580323139e-06,9.726177086122334e-05,0.0014574048109352589,0.03147290274500847,0.5,0.6552123427391052,1.0,1.0
8,3330,25000,0.2770047187805176,0.3976322412490845,9.99999905104687e-09,1.0,9.99999905104687e-09,1.683265260510325e-08,4.278938376955921e-07,7.257279776240466e-06,9.706325363367796e-05,0.0014400819782167673,0.031169386580586433,0.5,0.6553561091423035,1.0,1.0
8,3340,25000,0.27700892090797424,0.39763373136520386,9.99999905104687e-09,1.0,9.99999905104687e-09,1.6847231165684207e-08,4.2365763874840923e-07,7.1626045610173605e-06,9.569508983986452e-05,0.0014461614191532135,0.03186538442969322,0.5,0.6599999666213989,1.0,1.0
8,3350,25000,0.2768929600715637,0.3976666033267975,9.99999905104687e-09,1.0,9.99999905104687e-09,1.672676219754976e-08,4.2841560343731544e-07,7.19236777513288e-06,9.890836372505873e-05,0.0014601069269701838,0.03113858588039875,0.5,0.6539298892021179,1.0,1.0
8,3360,25000,0.2769467234611511,0.3976173996925354,9.99999905104687e-09,1.0,9.99999905104687e-09,1.6766049881766776e-08,4.2475295458643814e-07,7.3070527832896914e-06,9.816844976739958e-05,0.001451097778044641,0.0309496708214283,0.5,0.6499999761581421,1.0,1.0
8,3370,25000,0.27699756622314453,0.3976333439350128,9.99999905104687e-09,1.0,9.99999905104687e-09,1.671064708830272e-08,4.318924879953556e-07,7.223789452837082e-06,9.765267896000296e-05,0.0014707677764818072,0.031225094571709633,0.5,0.6551209688186646,1.0,1.0
8,3380,25000,0.2770010530948639,0.397652804851532,9.99999905104687e-09,1.0,9.99999905104687e-09,1.6980539641053838e-08,4.247850995398039e-07,7.157249001465971e-06,9.649891580920666e-05,0.001462446991354227,0.031221862882375717,0.5,0.6599999666213989,1.0,1.0
8,3390,25000,0.27700212597846985,0.39764493703842163,9.99999905104687e-09,1.0,9.99999905104687e-09,1.6844206029986708e-08,4.296303472983709e-07,7.264642135851318e-06,9.812482312554494e-05,0.0014530069893226027,0.03160230442881584,0.5,0.6599999666213989,1.0,1.0
8,3400,25000,0.27692079544067383,0.3976094722747803,9.99999905104687e-09,1.0,9.99999905104687e-09,1.6814796666153597e-08,4.279511358618038e-07,7.276438282133313e-06,9.77906965999864e-05,0.0014422587119042873,0.03100319765508175,0.5,0.6499999761581421,1.0,1.0
8,3410,25000,0.2769222855567932,0.3975733816623688,9.99999905104687e-09,1.0,9.99999905104687e-09,1.6974098571154173e-08,4.2954007994921994e-07,7.261064183694543e-06,9.834165393840522e-05,0.0014420530060306191,0.03141448274254799,0.5,0.6499999761581421,1.0,1.0
8,3420,25000,0.27699199318885803,0.3975749611854553,9.99999905104687e-09,1.0,9.99999905104687e-09,1.7002291130552294e-08,4.2849393366850563e-07,7.181648470577784e-06,9.814109944272786e-05,0.001459207502193749,0.030959855765104294,0.5,0.6499999761581421,1.0,1.0
8,3430,25000,0.2768934667110443,0.39761853218078613,9.99999905104687e-09,1.0,9.99999905104687e-09,1.6754656328998863e-08,4.267529334356368e-07,7.178082796599483e-06,9.681701340014115e-05,0.0014201202429831028,0.03103036992251873,0.5,0.6584097146987915,1.0,1.0
8,3440,25000,0.2768644094467163,0.3975774049758911,9.99999905104687e-09,1.0,9.99999905104687e-09,1.6814539094411884e-08,4.269394366929191e-07,7.192717930593062e-06,9.790481271920726e-05,0.0014376194449141622,0.031392842531204224,0.5,0.6499999761581421,1.0,1.0
8,3450,25000,0.27698343992233276,0.3976243734359741,9.99999905104687e-09,1.0,9.99999905104687e-09,1.689591577758165e-08,4.313114629894699e-07,7.264050509547815e-06,9.817365207709372e-05,0.0014657804276794195,0.03135526925325394,0.5,0.6515758037567139,1.0,1.0
8,3460,25000,0.27694937586784363,0.3976127803325653,9.99999905104687e-09,1.0,9.99999905104687e-09,1.694957951769993e-08,4.2789062604242645e-07,7.087074664013926e-06,9.882928861770779e-05,0.0014424133114516735,0.03112218528985977,0.5,0.6552520990371704,1.0,1.0
8,3470,25000,0.2768941819667816,0.39759117364883423,9.99999905104687e-09,1.0,9.99999905104687e-09,1.6940914449037336e-08,4.2916681763927045e-07,7.1904978540260345e-06,9.756401414051652e-05,0.001447199028916657,0.03088114783167839,0.5,0.6499999761581421,1.0,1.0
8,3480,25000,0.27698707580566406,0.39758777618408203,9.99999905104687e-09,1.0,9.99999905104687e-09,1.683498673799022e-08,4.3036149577346805e-07,7.216664926090743e-06,9.747839794727042e-05,0.0014430509181693196,0.031453121453523636,0.5,0.6499999761581421,1.0,1.0
8,3490,25000,0.2769146263599396,0.39761674404144287,9.99999905104687e-09,1.0,9.99999905104687e-09,1.7042356859064967e-08,4.3203627342336404e-07,7.245937922562007e-06,9.812763164518401e-05,0.0014474010095000267,0.030589308589696884,0.5,0.650198757648468,1.0,1.0
8,3500,25000,0.27692171931266785,0.3975975215435028,9.99999905104687e-09,1.0,9.99999905104687e-09,1.6768549215839812e-08,4.254927148394927e-07,7.121805083443178e-06,9.749725722940639e-05,0.001425082329660654,0.0309375561773777,0.5,0.6499999761581421,1.0,1.0
8,3510,25000,0.27694422006607056,0.3976082503795624,9.99999905104687e-09,1.0,9.99999905104687e-09,1.6906414046502505e-08,4.304581295855314e-07,7.254082902363734e-06,9.870809299172834e-05,0.0014505533035844564,0.031177528202533722,0.5,0.6499999761581421,1.0,1.0
8,3520,25000,0.2769967317581177,0.39761751890182495,9.99999905104687e-09,1.0,9.99999905104687e-09,1.70586655912075e-08,4.269139708412695e-07,7.252814157254761e-06,9.59413155214861e-05,0.0014534317888319492,0.03148583695292473,0.5,0.6593143343925476,1.0,1.0
8,3530,25000,0.2769775092601776,0.39761883020401,9.99999905104687e-09,1.0,9.99999905104687e-09,1.6978569661318943e-08,4.2641983100111247e-07,7.253890544234309e-06,9.800462430575863e-05,0.001453763572499156,0.03154584392905235,0.5,0.6515318155288696,1.0,1.0
8,3540,25000,0.2770235240459442,0.3976324498653412,9.99999905104687e-09,1.0,9.99999905104687e-09,1.6743772590643857e-08,4.2189404325654323e-07,7.15386795491213e-06,9.797846723813564e-05,0.001435561222024262,0.03146752342581749,0.5,0.6548078060150146,1.0,1.0
8,3550,25000,0.277010977268219,0.3976301848888397,9.99999905104687e-09,1.0,9.99999905104687e-09,1.6710101746753026e-08,4.2770375330292154e-07,7.178941814345308e-06,9.90710686892271e-05,0.001447825226932764,0.03094460628926754,0.5,0.6599999666213989,1.0,1.0
8,3560,25000,0.2769518196582794,0.3976328372955322,9.99999905104687e-09,1.0,9.99999905104687e-09,1.6743314290579292e-08,4.2803748101505334e-07,7.245022970892023e-06,9.772182238521054e-05,0.0014431469608098269,0.031174633651971817,0.5,0.6599999666213989,1.0,1.0
8,3570,25000,0.27700191736221313,0.3976428508758545,9.99999905104687e-09,1.0,9.99999905104687e-09,1.6730485441485143e-08,4.229456749271776e-07,7.262861345225247e-06,9.766467701410875e-05,0.0014355953317135572,0.03141346573829651,0.5,0.6599999666213989,1.0,1.0
8,3580,25000,0.2769922912120819,0.3976389765739441,9.99999905104687e-09,1.0,9.99999905104687e-09,1.6804493796485076e-08,4.288837942567625e-07,7.185630693129497e-06,9.89248146652244e-05,0.0014607792254537344,0.031155085191130638,0.5,0.6513238549232483,1.0,1.0
8,3590,25000,0.27702799439430237,0.39763492345809937,9.99999905104687e-09,1.0,9.99999905104687e-09,1.6828607840579934e-08,4.267093913767894e-07,7.173293397499947e-06,9.847616456681862e-05,0.0014506775187328458,0.031478676944971085,0.5,0.6538706421852112,1.0,1.0
8,3600,25000,0.27700233459472656,0.3976267874240875,9.99999905104687e-09,1.0,9.99999905104687e-09,1.7109297090200926e-08,4.3207873545725306e-07,7.244782864290755e-06,9.840322309173644e-05,0.001434129080735147,0.03151712939143181,0.5,0.6599999666213989,1.0,1.0
8,3610,25000,0.27705639600753784,0.39764347672462463,9.99999905104687e-09,1.0,9.99999905104687e-09,1.6876137820531767e-08,4.257271655205841e-07,7.171183369791834e-06,9.67013111221604e-05,0.0014444295084103942,0.03158025071024895,0.5,0.6593843698501587,1.0,1.0
8,3620,25000,0.27700644731521606,0.39761778712272644,9.99999905104687e-09,1.0,9.99999905104687e-09,1.6874066588457026e-08,4.333023184699414e-07,7.257437573571224e-06,9.911971574183553e-05,0.0014485655119642615,0.03148386999964714,0.5,0.6573810577392578,1.0,1.0
8,3630,25000,0.277035653591156,0.3976474702358246,9.99999905104687e-09,1.0,9.99999905104687e-09,1.6837939043057304e-08,4.317912498663645e-07,7.243136224133195e-06,9.915230475598946e-05,0.0014601422008126974,0.03130485489964485,0.5,0.6594188809394836,1.0,1.0
8,3640,25000,0.27695170044898987,0.3976218104362488,9.99999905104687e-09,1.0,9.99999905104687e-09,1.6752787601603814e-08,4.31435552172843e-07,7.201821517810458e-06,9.9425800726749e-05,0.0014566292520612478,0.03138872608542442,0.5,0.6599999666213989,1.0,1.0
8,3650,25000,0.2769649028778076,0.3976326882839203,9.99999905104687e-09,1.0,9.99999905104687e-09,1.6808368030751808e-08,4.3080083855784324e-07,7.120283044059761e-06,9.632377623347566e-05,0.0014551113126799464,0.031338419765233994,0.5,0.6599999666213989,1.0,1.0
8,3660,25000,0.2769682705402374,0.39762672781944275,9.99999905104687e-09,1.0,9.99999905104687e-09,1.6769339694633345e-08,4.20525850586273e-07,7.2241587076860014e-06,9.902870806399733e-05,0.0014457114739343524,0.03097068890929222,0.5,0.654154360294342,1.0,1.0
8,3670,25000,0.2769567370414734,0.39761754870414734,9.99999905104687e-09,1.0,9.99999905104687e-09,1.6764985844019975e-08,4.229904675412399e-07,7.199246738309739e-06,9.755561040947214e-05,0.0014867332065477967,0.03142518550157547,0.5,0.6555148959159851,1.0,1.0
8,3680,25000,0.27698495984077454,0.39763787388801575,9.99999905104687e-09,1.0,9.99999905104687e-09,1.693379125811134e-08,4.3257671222818317e-07,7.2517791522841435e-06,9.931677777785808e-05,0.0014542710268869996,0.03145647794008255,0.5,0.6599999666213989,1.0,1.0
8,3690,25000,0.276998370885849,0.3976638913154602,9.99999905104687e-09,1.0,9.99999905104687e-09,1.6854196260851495e-08,4.3397861304583785e-07,7.2132756940845866e-06,9.732109174365178e-05,0.0014354537706822157,0.03138459846377373,0.5,0.6599999666213989,1.0,1.0
8,3700,25000,0.27697885036468506,0.39765438437461853,9.99999905104687e-09,1.0,9.99999905104687e-09,1.6847174322265346e-08,4.3055788978563214e-07,7.21478045306867e-06,9.765711001819e-05,0.0014565368182957172,0.03080076165497303,0.5,0.6599999666213989,1.0,1.0
8,3710,25000,0.2770049571990967,0.3976196050643921,9.99999905104687e-09,1.0,9.99999905104687e-09,1.6839646121979968e-08,4.273593390280439e-07,7.287538210221101e-06,9.803466673474759e-05,0.0014701182954013348,0.031130092218518257,0.5,0.6499999761581421,1.0,1.0
8,3720,25000,0.27702629566192627,0.3976060450077057,9.99999905104687e-09,1.0,9.99999905104687e-09,1.6702076166552615e-08,4.27857116847008e-07,7.177648058132036e-06,9.782842244021595e-05,0.001451076939702034,0.03129828721284866,0.5,0.6560400724411011,1.0,1.0
8,3730,25000,0.2769695520401001,0.39761900901794434,9.99999905104687e-09,1.0,9.99999905104687e-09,1.6769016397688574e-08,4.2460911231501086e-07,7.147365522541804e-06,9.883744496619329e-05,0.0014536280650645494,0.031085018068552017,0.5,0.6499999761581421,1.0,1.0
8,3740,25000,0.27694058418273926,0.3976159393787384,9.99999905104687e-09,1.0,9.99999905104687e-09,1.6897091725809332e-08,4.2876848738160334e-07,7.194325462478446e-06,0.000100963436125312,0.001470667775720358,0.03132455423474312,0.5,0.6599999666213989,1.0,1.0
8,3750,25000,0.2769116759300232,0.3975999653339386,9.99999905104687e-09,1.0,9.99999905104687e-09,1.687719652920805e-08,4.3017948314627574e-07,7.111244030966191e-06,9.68315071077086e-05,0.001452758675441146,0.031402621418237686,0.5,0.6499999761581421,1.0,1.0
8,3760,25000,0.276978075504303,0.39761295914649963,9.99999905104687e-09,1.0,9.99999905104687e-09,1.6763614496539958e-08,4.285814725335513e-07,7.133707185857929e-06,9.952328400686383e-05,0.001447571674361825,0.031075457111001015,0.5,0.6499999761581421,1.0,1.0
8,3770,25000,0.277031809091568,0.39763274788856506,9.99999905104687e-09,1.0,9.99999905104687e-09,1.6763010535214562e-08,4.241810245275701e-07,7.183447451097891e-06,9.727605356601998e-05,0.0014645198825746775,0.031784385442733765,0.5,0.6562582850456238,1.0,1.0
8,3780,25000,0.2769305109977722,0.39764925837516785,9.99999905104687e-09,1.0,9.99999905104687e-09,1.7004364138983874e-08,4.2522231069597183e-07,7.242878837132594e-06,9.892867819871753e-05,0.001461806008592248,0.031204136088490486,0.5,0.6582358479499817,1.0,1.0
8,3790,25000,0.27698469161987305,0.39763596653938293,9.99999905104687e-09,1.0,9.99999905104687e-09,1.6800136393158027e-08,4.315062938076153e-07,7.3045089266088326e-06,9.827441681409255e-05,0.0014590757200494409,0.030575983226299286,0.5,0.6507594585418701,1.0,1.0
8,3800,25000,0.27694451808929443,0.3976953625679016,9.99999905104687e-09,1.0,9.99999905104687e-09,1.688519546405587e-08,4.3134630800523155e-07,7.263961379067041e-06,9.683547250460833e-05,0.0014418819919228554,0.03125229850411415,0.5,0.6599999666213989,1.0,1.0
8,3810,25000,0.27692097425460815,0.3976398706436157,9.99999905104687e-09,1.0,9.99999905104687e-09,1.6691823034875597e-08,4.259669594830484e-07,7.080877367116045e-06,9.831918578129262e-05,0.0014457817887887359,0.030644342303276062,0.5,0.6529659032821655,1.0,1.0
8,3820,25000,0.27697914838790894,0.39764803647994995,9.99999905104687e-09,1.0,9.99999905104687e-09,1.6744600372931018e-08,4.348254947217356e-07,7.384222499240423e-06,9.822557331062853e-05,0.0014443905092775822,0.03142109140753746,0.5,0.6570490598678589,1.0,1.0
8,3830,25000,0.2770233154296875,0.39767512679100037,9.99999905104687e-09,1.0,9.99999905104687e-09,1.6850988160399538e-08,4.317345769777603e-07,7.195990292530041e-06,9.656564361648634e-05,0.0014639608561992645,0.030854683369398117,0.5,0.6599999666213989,1.0,1.0
8,3840,25000,0.2770327627658844,0.3976699411869049,9.99999905104687e-09,1.0,9.99999905104687e-09,1.6821921633436432e-08,4.221161304940324e-07,7.173692210926674e-06,9.748981392476708e-05,0.001453357981517911,0.031439583748579025,0.5,0.6599999666213989,1.0,1.0
8,3850,25000,0.27701395750045776,0.39766746759414673,9.99999905104687e-09,1.0,9.99999905104687e-09,1.6756965592890083e-08,4.309676455704903e-07,7.216665380838094e-06,9.918129944708198e-05,0.0014513758942484856,0.031750328838825226,0.5,0.6599999666213989,1.0,1.0
8,3860,25000,0.2770468592643738,0.3976411819458008,9.99999905104687e-09,1.0,9.99999905104687e-09,1.672151661580301e-08,4.336989718467521e-07,7.221221949293977e-06,9.653880260884762e-05,0.0014633841346949339,0.03179638832807541,0.5,0.6599999666213989,1.0,1.0
8,3870,25000,0.27695462107658386,0.39763474464416504,9.99999905104687e-09,1.0,9.99999905104687e-09,1.6792387924624563e-08,4.326600446802331e-07,7.250006092363037e-06,9.798545943340287e-05,0.001444975147023797,0.0312730073928833,0.5,0.6548664569854736,1.0,1.0
8,3880,25000,0.2769937515258789,0.3976324498653412,9.99999905104687e-09,1.0,9.99999905104687e-09,1.6773340050235674e-08,4.254919758750475e-07,7.180988177424297e-06,9.657294140197337e-05,0.0014454997144639492,0.031326502561569214,0.5,0.6538289189338684,1.0,1.0
8,3890,25000,0.2770218253135681,0.3976397216320038,9.99999905104687e-09,1.0,9.99999905104687e-09,1.6765214994052258e-08,4.2667539901231066e-07,7.205500878626481e-06,9.566739754518494e-05,0.0014348221011459827,0.03182496130466461,0.5,0.6599999666213989,1.0,1.0
8,3900,25000,0.27696019411087036,0.3976554572582245,9.99999905104687e-09,1.0,9.99999905104687e-09,1.6735659968958316e-08,4.3532386939659773e-07,7.263493444042979e-06,9.902973397402093e-05,0.0014586907345801592,0.03115169331431389,0.5,0.6599999666213989,1.0,1.0
8,3910,25000,0.27693426609039307,0.3976253271102905,9.99999905104687e-09,1.0,9.99999905104687e-09,1.6822715664943644e-08,4.281613996681699e-07,7.247928351716837e-06,9.702795796329156e-05,0.0014506642473861575,0.03122071363031864,0.5,0.6499999761581421,1.0,1.0
8,3920,25000,0.27694761753082275,0.39766114950180054,9.99999905104687e-09,1.0,9.99999905104687e-09,1.6681138248486604e-08,4.2557383039820706e-07,7.252607247210108e-06,9.676178160589188e-05,0.0014440459199249744,0.031096279621124268,0.5,0.6599999666213989,1.0,1.0
8,3930,25000,0.2769727408885956,0.3976307809352875,9.99999905104687e-09,1.0,9.99999905104687e-09,1.6821408266309845e-08,4.207257973121159e-07,7.181285127444426e-06,9.862473234534264e-05,0.0014586145989596844,0.03120281733572483,0.5,0.653628408908844,1.0,1.0
8,3940,25000,0.2769506275653839,0.3976164162158966,9.99999905104687e-09,1.0,9.99999905104687e-09,1.6825971727030264e-08,4.3040347463829676e-07,7.315117727557663e-06,9.827423491515219e-05,0.0014410094590857625,0.031185152009129524,0.5,0.651991605758667,1.0,1.0
8,3950,25000,0.2769894003868103,0.39761754870414734,9.99999905104687e-09,1.0,9.99999905104687e-09,1.700552942907052e-08,4.284680983346334e-07,7.351390195253771e-06,9.734267950989306e-05,0.0014242068864405155,0.03131253644824028,0.5,0.6499999761581421,1.0,1.0
8,3960,25000,0.27699580788612366,0.39760908484458923,9.99999905104687e-09,1.0,9.99999905104687e-09,1.6997674379126693e-08,4.305751417632564e-07,7.220241968752816e-06,9.918725118041039e-05,0.001472703879699111,0.03182481229305267,0.5,0.6502750515937805,1.0,1.0
8,3970,25000,0.2770040035247803,0.39763951301574707,9.99999905104687e-09,1.0,9.99999905104687e-09,1.692944451292533e-08,4.265760651378514e-07,7.235808880068362e-06,9.815028170123696e-05,0.0014417856000363827,0.03150004521012306,0.5,0.6599999666213989,1.0,1.0
8,3980,25000,0.2770192325115204,0.39765995740890503,9.99999905104687e-09,1.0,9.99999905104687e-09,1.7043607414279904e-08,4.250675544881233e-07,7.238808393594809e-06,9.745763236423954e-05,0.001473420881666243,0.03145136311650276,0.5,0.6587784886360168,1.0,1.0
8,3990,25000,0.2769886255264282,0.39763739705085754,9.99999905104687e-09,1.0,9.99999905104687e-09,1.6558479032369178e-08,4.2335449279562454e-07,7.232548796309857e-06,9.753757331054658e-05,0.0014476769138127565,0.031529709696769714,0.5,0.6501723527908325,1.0,1.0
8,4000,25000,0.27696624398231506,0.39760202169418335,9.99999905104687e-09,1.0,9.99999905104687e-09,1.6983209505383456e-08,4.2712062509053794e-07,7.202647338999668e-06,9.832858631853014e-05,0.001470929360948503,0.03162490949034691,0.5,0.6503435969352722,1.0,1.0
8,4010,25000,0.27697136998176575,0.3976389169692993,9.99999905104687e-09,1.0,9.99999905104687e-09,1.6893201504331046e-08,4.2531402755230374e-07,7.178540727181826e-06,9.825050074141473e-05,0.0014398607891052961,0.03136603906750679,0.5,0.6563673615455627,1.0,1.0
8,4020,25000,0.27699553966522217,0.3976489007472992,9.99999905104687e-09,1.0,9.99999905104687e-09,1.678720984443771e-08,4.232375374613184e-07,7.259297490236349e-06,9.752158803166822e-05,0.0014523717109113932,0.030920613557100296,0.5,0.6599999666213989,1.0,1.0
8,4030,25000,0.2769814431667328,0.39763569831848145,9.99999905104687e-09,1.0,9.99999905104687e-09,1.6847145900555915e-08,4.303948912820488e-07,7.193626970547484e-06,9.811927884584293e-05,0.0014546031598001719,0.03151234984397888,0.5,0.6599999666213989,1.0,1.0
8,4040,25000,0.276917040348053,0.39764338731765747,9.99999905104687e-09,1.0,9.99999905104687e-09,1.6718363582413076e-08,4.2071340544680425e-07,7.235290468088351e-06,9.852922084974125e-05,0.0014352424768730998,0.031133508309721947,0.5,0.6594309210777283,1.0,1.0
8,4050,25000,0.2769409120082855,0.3975962996482849,9.99999905104687e-09,1.0,9.99999905104687e-09,1.7017153908227556e-08,4.300707132642856e-07,7.175320206442848e-06,9.720036905491725e-05,0.0014422941021621227,0.031232189387083054,0.5,0.6499999761581421,1.0,1.0
8,4060,25000,0.2768973708152771,0.3976447582244873,9.99999905104687e-09,1.0,9.99999905104687e-09,1.696664497785605e-08,4.2843132064263045e-07,7.193632427515695e-06,9.768801101017743e-05,0.001469071488827467,0.030598891898989677,0.5,0.6511080861091614,1.0,1.0
8,4070,25000,0.27696096897125244,0.3976251184940338,9.99999905104687e-09,1.0,9.99999905104687e-09,1.7044255784526285e-08,4.2248944964740076e-07,7.1699541877023876e-06,9.755320206750184e-05,0.0014510139590129256,0.03114006482064724,0.5,0.6499999761581421,1.0,1.0
8,4080,25000,0.2770174443721771,0.3976286053657532,9.99999905104687e-09,1.0,9.99999905104687e-09,1.702256291480353e-08,4.237022892539244e-07,7.1951758400246035e-06,9.817891987040639e-05,0.0014691180549561977,0.03153683990240097,0.5,0.6540547013282776,1.0,1.0
8,4090,25000,0.27700456976890564,0.3976364731788635,9.99999905104687e-09,1.0,9.99999905104687e-09,1.688199624538811e-08,4.3376388703109114e-07,7.240975264721783e-06,9.87472158158198e-05,0.0014515151269733906,0.03138227015733719,0.5,0.6599999666213989,1.0,1.0
8,4100,25000,0.276944100856781,0.39764440059661865,9.99999905104687e-09,1.0,9.99999905104687e-09,1.671210725362471e-08,4.243100875100936e-07,7.087667654559482e-06,9.789976320462301e-05,0.0014267251826822758,0.031229734420776367,0.5,0.6519549489021301,1.0,1.0
8,4110,25000,0.2769419252872467,0.3976379632949829,9.99999905104687e-09,1.0,9.99999905104687e-09,1.6897049093245187e-08,4.2325092408646015e-07,7.270316473295679e-06,9.787891758605838e-05,0.0014402992092072964,0.030939053744077682,0.5,0.6515271663665771,1.0,1.0
8,4120,25000,0.27699360251426697,0.3976690471172333,9.99999905104687e-09,1.0,9.99999905104687e-09,1.6929844193214194e-08,4.2972368419214035e-07,7.211583579191938e-06,9.699029033072293e-05,0.0014535861555486917,0.031090913340449333,0.5,0.6595576405525208,1.0,1.0
8,4130,25000,0.27699294686317444,0.39762330055236816,9.99999905104687e-09,1.0,9.99999905104687e-09,1.6822275128447473e-08,4.284596002435137e-07,7.195279522420606e-06,9.872840746538714e-05,0.001450918149203062,0.031073855236172676,0.5,0.651002824306488,1.0,1.0
8,4140,25000,0.27694347500801086,0.3976213335990906,9.99999905104687e-09,1.0,9.99999905104687e-09,1.6950870929122175e-08,4.2630585994629655e-07,7.290859684871975e-06,9.934820991475135e-05,0.0014425507979467511,0.031196068972349167,0.5,0.6517648696899414,1.0,1.0
8,4150,25000,0.276996374130249,0.39764973521232605,9.99999905104687e-09,1.0,9.99999905104687e-09,1.6834858840297784e-08,4.2967161562046385e-07,7.206269401649479e-06,9.744489216245711e-05,0.0014649761142209172,0.031145881861448288,0.5,0.6599999666213989,1.0,1.0
8,4160,25000,0.27693283557891846,0.3976554572582245,9.99999905104687e-09,1.0,9.99999905104687e-09,1.6912599321017296e-08,4.267165536475659e-07,7.182478384493152e-06,9.783392306417227e-05,0.0014343785587698221,0.030849887058138847,0.5,0.6509355902671814,1.0,1.0
8,4170,25000,0.2770962715148926,0.3976278007030487,9.99999905104687e-09,1.0,9.99999905104687e-09,1.672412430764325e-08,4.253790280017711e-07,7.29763860363164e-06,9.885559120448306e-05,0.0014561605639755726,0.03169606626033783,0.5,0.6599999666213989,1.0,1.0
8,4180,25000,0.2770521938800812,0.397676944732666,9.99999905104687e-09,1.0,9.99999905104687e-09,1.6931002377873483e-08,4.3251557713119837e-07,7.192850716819521e-06,9.811155905481428e-05,0.0014562117867171764,0.031427185982465744,0.5,0.6599999666213989,1.0,1.0
8,4190,25000,0.27692756056785583,0.3976346254348755,9.99999905104687e-09,1.0,9.99999905104687e-09,1.6919059930842195e-08,4.3220558154644095e-07,7.2102120611816645e-06,9.670784493209794e-05,0.001445949892513454,0.03095223754644394,0.5,0.6599999666213989,1.0,1.0
8,4200,25000,0.2769909203052521,0.39762231707572937,9.99999905104687e-09,1.0,9.99999905104687e-09,1.690820994326714e-08,4.2681850231929275e-07,7.233169071696466e-06,9.800986299524084e-05,0.0014528019819408655,0.031410783529281616,0.5,0.6532224416732788,1.0,1.0
8,4210,25000,0.27699804306030273,0.39765217900276184,9.99999905104687e-09,1.0,9.99999905104687e-09,1.690284001654163e-08,4.29605393037491e-07,7.168624051701045e-06,9.760205284692347e-05,0.0014515705406665802,0.031141411513090134,0.5,0.6599999666213989,1.0,1.0
8,4220,25000,0.2769933044910431,0.39763006567955017,9.99999905104687e-09,1.0,9.99999905104687e-09,1.6935358004843692e-08,4.2742948380691814e-07,7.206133432191564e-06,9.688796126283705e-05,0.0014401387888938189,0.031368713825941086,0.5,0.6599999666213989,1.0,1.0
8,4230,25000,0.2770603895187378,0.39763152599334717,9.99999905104687e-09,1.0,9.99999905104687e-09,1.6674480463052532e-08,4.215293358811323e-07,7.242673291329993e-06,9.760107786860317e-05,0.0014626297634094954,0.03150429576635361,0.5,0.6539814472198486,1.0,1.0
8,4240,25000,0.2769775986671448,0.3976220488548279,9.99999905104687e-09,1.0,9.99999905104687e-09,1.695296347747899e-08,4.299163833820785e-07,7.318736606976017e-06,9.725895506562665e-05,0.0014495148789137602,0.03130227327346802,0.5,0.6502086520195007,1.0,1.0
8,4250,25000,0.27697986364364624,0.39763525128364563,9.99999905104687e-09,1.0,9.99999905104687e-09,1.6828092697096508e-08,4.250423444318585e-07,7.221031864901306e-06,9.798545215744525e-05,0.0014494641218334436,0.03139396756887436,0.5,0.6514689922332764,1.0,1.0
8,4260,25000,0.27696529030799866,0.39762240648269653,9.99999905104687e-09,1.0,9.99999905104687e-09,1.681331163183586e-08,4.300973728277313e-07,7.169730906753102e-06,9.788203897187486e-05,0.001434048288501799,0.031112603843212128,0.5,0.6599999666213989,1.0,1.0
8,4270,25000,0.27696484327316284,0.39764371514320374,9.99999905104687e-09,1.0,9.99999905104687e-09,1.6773453737073396e-08,4.3015666051360313e-07,7.275073585333303e-06,9.756607323652133e-05,0.0014509076718240976,0.030755121260881424,0.5,0.6518176794052124,1.0,1.0
8,4280,25000,0.2769923806190491,0.3976019322872162,9.99999905104687e-09,1.0,9.99999905104687e-09,1.6815462799968373e-08,4.3425887952253106e-07,7.2382331381959375e-06,9.731809404911473e-05,0.001463205204345286,0.03163352981209755,0.5,0.6499999761581421,1.0,1.0
8,4290,25000,0.27701178193092346,0.3976579010486603,9.99999905104687e-09,1.0,9.99999905104687e-09,1.6811506853287028e-08,4.313604904382373e-07,7.19307581675821e-06,9.802078420761973e-05,0.0014477233635261655,0.030985161662101746,0.5,0.6599999666213989,1.0,1.0
8,4300,25000,0.2769436836242676,0.3976302146911621,9.99999905104687e-09,1.0,9.99999905104687e-09,1.7058940926517607e-08,4.2990362203454424e-07,7.238232228701236e-06,9.664142999099568e-05,0.0014552492648363113,0.031587328761816025,0.5,0.6506010890007019,1.0,1.0
8,4310,25000,0.27695655822753906,0.39762336015701294,9.99999905104687e-09,1.0,9.99999905104687e-09,1.6867231167339014e-08,4.296238671486208e-07,7.12530982127646e-06,9.909398795571178e-05,0.001455784309655428,0.03146836534142494,0.5,0.6521050930023193,1.0,1.0
8,4320,25000,0.27689141035079956,0.39761367440223694,9.99999905104687e-09,1.0,9.99999905104687e-09,1.686093931141386e-08,4.2595706872816663e-07,7.204881967481924e-06,9.723494440549985e-05,0.0014592541847378016,0.03152110427618027,0.5,0.6499999761581421,1.0,1.0
8,4330,25000,0.2769036889076233,0.39761412143707275,9.99999905104687e-09,1.0,9.99999905104687e-09,1.6622013987444006e-08,4.276541858416749e-07,7.12809560354799e-06,9.657623741077259e-05,0.001430602977052331,0.030772686004638672,0.5,0.6499999761581421,1.0,1.0
8,4340,25000,0.2769854664802551,0.39763450622558594,9.99999905104687e-09,1.0,9.99999905104687e-09,1.6753958220760978e-08,4.2954326318067615e-07,7.3865498961822595e-06,9.649009734857827e-05,0.0014376933686435223,0.03089943341910839,0.5,0.6528717279434204,1.0,1.0
8,4350,25000,0.2769753932952881,0.3976474404335022,9.99999905104687e-09,1.0,9.99999905104687e-09,1.6835764782285878e-08,4.268107716143277e-07,7.178064151958097e-06,9.596483141649514e-05,0.0014563763979822397,0.03142401948571205,0.5,0.6567824482917786,1.0,1.0
8,4360,25000,0.27689802646636963,0.3976088762283325,9.99999905104687e-09,1.0,9.99999905104687e-09,1.6876171571311716e-08,4.3411648675828474e-07,7.255778200487839e-06,9.893431706586853e-05,0.0014469493180513382,0.030830103904008865,0.5,0.6499999761581421,1.0,1.0
8,4370,25000,0.2769635319709778,0.3976120054721832,9.99999905104687e-09,1.0,9.99999905104687e-09,1.700793106351739e-08,4.2748166606543236e-07,7.348420695052482e-06,9.836653043748811e-05,0.0014525994192808867,0.031061766669154167,0.5,0.6499999761581421,1.0,1.0
8,4380,25000,0.27697861194610596,0.3976067006587982,9.99999905104687e-09,1.0,9.99999905104687e-09,1.6782227163503194e-08,4.326183216107893e-07,7.180824013630627e-06,9.938902803696692e-05,0.001484983367845416,0.030839378014206886,0.5,0.6499999761581421,1.0,1.0
8,4390,25000,0.27699199318885803,0.39762088656425476,9.99999905104687e-09,1.0,9.99999905104687e-09,1.6923118906220225e-08,4.268734414836217e-07,7.232560164993629e-06,9.733971091918647e-05,0.0014508683234453201,0.03164762258529663,0.5,0.651804506778717,1.0,1.0
8,4400,25000,0.2768789827823639,0.39758896827697754,9.99999905104687e-09,1.0,9.99999905104687e-09,1.6949357473095006e-08,4.259107697635045e-07,7.267573437275132e-06,9.734131890581921e-05,0.0014384407550096512,0.031135376542806625,0.5,0.6499999761581421,1.0,1.0
8,4410,25000,0.2769666910171509,0.39762282371520996,9.99999905104687e-09,1.0,9.99999905104687e-09,1.7015103992434888e-08,4.248401239692612e-07,7.207834187283879e-06,9.80021504801698e-05,0.0014479013625532389,0.031154949218034744,0.5,0.6522188782691956,1.0,1.0
8,4420,25000,0.2770378291606903,0.3976144790649414,9.99999905104687e-09,1.0,9.99999905104687e-09,1.685794437378263e-08,4.252877943144995e-07,7.230239134514704e-06,9.729199518915266e-05,0.0014346634270623326,0.03151377663016319,0.5,0.656688928604126,1.0,1.0
8,4430,25000,0.2769927978515625,0.3976362943649292,9.99999905104687e-09,1.0,9.99999905104687e-09,1.6898146881771936e-08,4.3145081463080714e-07,7.130134690669365e-06,9.896547999233007e-05,0.001459244405850768,0.03132842853665352,0.5,0.6599999666213989,1.0,1.0
8,4440,25000,0.27702462673187256,0.3976248800754547,9.99999905104687e-09,1.0,9.99999905104687e-09,1.6874814434686414e-08,4.2975631231456646e-07,7.260589882207569e-06,9.807629976421595e-05,0.0014646458439528942,0.031143736094236374,0.5,0.6534653902053833,1.0,1.0
8,4450,25000,0.2770099341869354,0.3976483643054962,9.99999905104687e-09,1.0,9.99999905104687e-09,1.6808472835805333e-08,4.304656613385305e-07,7.309145985345822e-06,9.84971338766627e-05,0.0014318844769150019,0.03126215934753418,0.5,0.6556621193885803,1.0,1.0
8,4460,25000,0.27701663970947266,0.3976312577724457,9.99999905104687e-09,1.0,9.99999905104687e-09,1.694626128312393e-08,4.2223481955261377e-07,7.26618736734963e-06,9.745363058755174e-05,0.0014780968194827437,0.0314721055328846,0.5,0.6541181802749634,1.0,1.0
8,4470,25000,0.2770102918148041,0.3976193964481354,9.99999905104687e-09,1.0,9.99999905104687e-09,1.676488103896645e-08,4.2393060084577883e-07,7.2819552769942675e-06,9.784269786905497e-05,0.001464578788727522,0.0317717120051384,0.5,0.6586117744445801,1.0,1.0
8,4480,25000,0.27693161368370056,0.39763742685317993,9.99999905104687e-09,1.0,9.99999905104687e-09,1.6688534998365867e-08,4.226533576456859e-07,7.1094023041951004e-06,9.782630513655022e-05,0.0014419271610677242,0.03137551248073578,0.5,0.6554684042930603,1.0,1.0
8,4490,25000,0.27700796723365784,0.3976118266582489,9.99999905104687e-09,1.0,9.99999905104687e-09,1.696992590893842e-08,4.2932347810165084e-07,7.2344441832683515e-06,9.784427675185725e-05,0.001469450886361301,0.031470224261283875,0.5,0.6504877805709839,1.0,1.0
8,4500,25000,0.276991069316864,0.39761489629745483,9.99999905104687e-09,1.0,9.99999905104687e-09,1.7052249390303587e-08,4.2893836393886886e-07,7.253026979014976e-06,9.895591210806742e-05,0.0014389685820788145,0.03206430748105049,0.5,0.6599999666213989,1.0,1.0
8,4510,25000,0.27692097425460815,0.39762255549430847,9.99999905104687e-09,1.0,9.99999905104687e-09,1.7014096798106948e-08,4.365015229268465e-07,7.308512977033388e-06,9.802234853850678e-05,0.0014613443054258823,0.031131498515605927,0.5,0.6581954956054688,1.0,1.0
8,4520,25000,0.27697858214378357,0.3976263999938965,9.99999905104687e-09,1.0,9.99999905104687e-09,1.677459771087797e-08,4.286214334570104e-07,7.211623142211465e-06,9.920940647134557e-05,0.0014730971306562424,0.03152813762426376,0.5,0.6538112163543701,1.0,1.0
8,4530,25000,0.27687349915504456,0.3976505696773529,9.99999905104687e-09,1.0,9.99999905104687e-09,1.6947257819310835e-08,4.300830767078878e-07,7.355348316195887e-06,9.760638204170391e-05,0.0014321516500785947,0.030869707465171814,0.5,0.6499999761581421,1.0,1.0
8,4540,25000,0.27698248624801636,0.3975873589515686,9.99999905104687e-09,1.0,9.99999905104687e-09,1.6780976608288256e-08,4.269831777037325e-07,7.240644663397688e-06,9.816425881581381e-05,0.0014725644141435623,0.030966700986027718,0.5,0.6499999761581421,1.0,1.0
8,4550,25000,0.27704527974128723,0.39767351746559143,9.99999905104687e-09,1.0,9.99999905104687e-09,1.674664140693949e-08,4.2922403054035385e-07,7.178112355177291e-06,9.947372745955363e-05,0.001457699341699481,0.031117910519242287,0.5,0.6599999666213989,1.0,1.0
8,4560,25000,0.2769692540168762,0.3976347744464874,9.99999905104687e-09,1.0,9.99999905104687e-09,1.6789162060604212e-08,4.265026802841021e-07,7.226386969705345e-06,9.677585330791771e-05,0.001473842654377222,0.031548384577035904,0.5,0.6599999666213989,1.0,1.0
8,4570,25000,0.27692440152168274,0.39763325452804565,9.99999905104687e-09,1.0,9.99999905104687e-09,1.6995649332329776e-08,4.278410585811798e-07,7.28519353287993e-06,9.852102812146768e-05,0.0014625571202486753,0.03128599002957344,0.5,0.6514042019844055,1.0,1.0
8,4580,25000,0.2770155370235443,0.39761725068092346,9.99999905104687e-09,1.0,9.99999905104687e-09,1.6953100256955622e-08,4.227528904721112e-07,7.227341484394856e-06,9.820982813835144e-05,0.0014701979234814644,0.0313880629837513,0.5,0.6508231163024902,1.0,1.0
8,4590,25000,0.2770234942436218,0.39762765169143677,9.99999905104687e-09,1.0,9.99999905104687e-09,1.6839946326285826e-08,4.261079311618232e-07,7.2254883889399935e-06,9.807788592297584e-05,0.0014631992671638727,0.03158955276012421,0.5,0.6535849571228027,1.0,1.0
8,4600,25000,0.2770329415798187,0.39764633774757385,9.99999905104687e-09,1.0,9.99999905104687e-09,1.6698814775395476e-08,4.2560728275020665e-07,7.233929864014499e-06,9.744593990035355e-05,0.001434174133464694,0.03151263669133186,0.5,0.6599999666213989,1.0,1.0
8,4610,25000,0.2769642472267151,0.397653728723526,9.99999905104687e-09,1.0,9.99999905104687e-09,1.684698780479721e-08,4.3234840063632873e-07,7.277095392055344e-06,9.860461432253942e-05,0.0014739655889570713,0.03140433877706528,0.5,0.6599999666213989,1.0,1.0
8,4620,25000,0.2770005464553833,0.3976656496524811,9.99999905104687e-09,1.0,9.99999905104687e-09,1.6804378333290515e-08,4.2891824136859213e-07,7.123403520381544e-06,9.488984505878761e-05,0.0014310118276625872,0.031076179817318916,0.5,0.6599999666213989,1.0,1.0
8,4630,25000,0.2769787311553955,0.3975849151611328,9.99999905104687e-09,1.0,9.99999905104687e-09,1.6853283213436043e-08,4.242571947088436e-07,7.2111934059648775e-06,9.705263801151887e-05,0.0014587943442165852,0.031622860580682755,0.5,0.6499999761581421,1.0,1.0
8,4640,25000,0.276952862739563,0.39761701226234436,9.99999905104687e-09,1.0,9.99999905104687e-09,1.707672936390736e-08,4.2925589127662533e-07,7.270059086295078e-06,9.708146535558626e-05,0.0014379718340933323,0.031606707721948624,0.5,0.6567787528038025,1.0,1.0
8,4650,25000,0.2769896984100342,0.39761313796043396,9.99999905104687e-09,1.0,9.99999905104687e-09,1.696149354302179e-08,4.2841412550842506e-07,7.248171641549561e-06,9.865177707979456e-05,0.0014509480679407716,0.03150113299489021,0.5,0.6516765356063843,1.0,1.0
8,4660,25000,0.27695149183273315,0.39760467410087585,9.99999905104687e-09,1.0,9.99999905104687e-09,1.7175464606111746e-08,4.270946192264091e-07,7.43396049074363e-06,9.858063276624307e-05,0.0014271780382841825,0.03125421330332756,0.5,0.650263249874115,1.0,1.0
8,4670,25000,0.2769860029220581,0.39763888716697693,9.99999905104687e-09,1.0,9.99999905104687e-09,1.687177864084788e-08,4.2625538299034815e-07,7.145709787437227e-06,9.781584230950102e-05,0.0014678577426820993,0.0313187837600708,0.5,0.6529569029808044,1.0,1.0
8,4680,25000,0.2769923806190491,0.3976295292377472,9.99999905104687e-09,1.0,9.99999905104687e-09,1.6806668057256502e-08,4.3229240986875084e-07,7.185512004070915e-06,9.845061867963523e-05,0.0014726492809131742,0.03127223998308182,0.5,0.6599999666213989,1.0,1.0
8,4690,25000,0.27693992853164673,0.3976430892944336,9.99999905104687e-09,1.0,9.99999905104687e-09,1.6851878115176078e-08,4.2822640011763724e-07,7.194384579634061e-06,9.709849837236106e-05,0.001439683954231441,0.0314331017434597,0.5,0.6599999666213989,1.0,1.0
8,4700,25000,0.27692079544067383,0.3976495563983917,9.99999905104687e-09,1.0,9.99999905104687e-09,1.669954485805647e-08,4.3298621221765643e-07,7.280225418071495e-06,9.799372492125258e-05,0.0014653580728918314,0.03100181370973587,0.5,0.6499999761581421,1.0,1.0
8,4710,25000,0.2770281434059143,0.39761883020401,9.99999905104687e-09,1.0,9.99999905104687e-09,1.6883053177707552e-08,4.352787641437317e-07,7.124102921807207e-06,9.713290637591854e-05,0.0014729847898706794,0.03131837025284767,0.5,0.6573917865753174,1.0,1.0
8,4720,25000,0.2769591808319092,0.39763373136520386,9.99999905104687e-09,1.0,9.99999905104687e-09,1.676690075669285e-08,4.298779003875097e-07,7.236024430312682e-06,9.719647641759366e-05,0.0014618105487897992,0.031299564987421036,0.5,0.6552641987800598,1.0,1.0
8,4730,25000,0.27698662877082825,0.3976242244243622,9.99999905104687e-09,1.0,9.99999905104687e-09,1.680596284359126e-08,4.2677277178881923e-07,7.247335361171281e-06,9.802115528145805e-05,0.0014444566331803799,0.031107578426599503,0.5,0.6500541567802429,1.0,1.0
8,4740,25000,0.2769472002983093,0.39762866497039795,9.99999905104687e-09,1.0,9.99999905104687e-09,1.6811105396641324e-08,4.219992035814357e-07,7.19388663128484e-06,9.815375960897654e-05,0.0014257114380598068,0.03092905506491661,0.5,0.6530473232269287,1.0,1.0
8,4750,25000,0.2770060896873474,0.39762789011001587,9.99999905104687e-09,1.0,9.99999905104687e-09,1.679589622938238e-08,4.2126308130718826e-07,7.245196229632711e-06,9.84749713097699e-05,0.0014467290602624416,0.03169506788253784,0.5,0.6519452929496765,1.0,1.0
8,4760,25000,0.2769480347633362,0.39762234687805176,9.99999905104687e-09,1.0,9.99999905104687e-09,1.7000365559738384e-08,4.227290730796085e-07,7.347066912188893e-06,9.965924982680008e-05,0.0014576574321836233,0.03126223757863045,0.5,0.6540650725364685,1.0,1.0
8,4770,25000,0.27705398201942444,0.397635817527771,9.99999905104687e-09,1.0,9.99999905104687e-09,1.6586204409918537e-08,4.2109348896701704e-07,7.246710538311163e-06,9.808973118197173e-05,0.001450147246941924,0.0312538705766201,0.5,0.6599999666213989,1.0,1.0
8,4780,25000,0.27696266770362854,0.3976162374019623,9.99999905104687e-09,1.0,9.99999905104687e-09,1.7061521973005256e-08,4.2149619616793643e-07,7.1747090260032564e-06,9.789469186216593e-05,0.0014725057408213615,0.03141682595014572,0.5,0.6545524001121521,1.0,1.0
8,4790,25000,0.2770480215549469,0.39762938022613525,9.99999905104687e-09,1.0,9.99999905104687e-09,1.6777850220250912e-08,4.3504280711204046e-07,7.225873559946194e-06,9.914728434523568e-05,0.0014718464808538556,0.03149842470884323,0.5,0.6592215299606323,1.0,1.0
8,4800,25000,0.27698540687561035,0.39764371514320374,9.99999905104687e-09,1.0,9.99999905104687e-09,1.6769075017464274e-08,4.236260338075226e-07,7.297185220522806e-06,9.855708049144596e-05,0.0014663373585790396,0.03116218000650406,0.5,0.6599999666213989,1.0,1.0
8,4810,25000,0.2769753932952881,0.397641658782959,9.99999905104687e-09,1.0,9.99999905104687e-09,1.687319439724888e-08,4.3129077198500454e-07,7.22930326446658e-06,9.786424925550818e-05,0.0014561386778950691,0.03151785954833031,0.5,0.6596506237983704,1.0,1.0
8,4820,25000,0.2770026922225952,0.3976297080516815,9.99999905104687e-09,1.0,9.99999905104687e-09,1.6892522936018395e-08,4.251209304584336e-07,7.240879767778097e-06,9.701586532173678e-05,0.0014733810676261783,0.0310446098446846,0.5,0.6566699743270874,1.0,1.0
8,4830,25000,0.27694272994995117,0.39761418104171753,9.99999905104687e-09,1.0,9.99999905104687e-09,1.6865813634581173e-08,4.2514687947914354e-07,7.234989425342064e-06,9.873966337181628e-05,0.001458256272599101,0.030839992687106133,0.5,0.6499999761581421,1.0,1.0
8,4840,25000,0.27699384093284607,0.39761579036712646,9.99999905104687e-09,1.0,9.99999905104687e-09,1.6842971461983325e-08,4.2361392615930527e-07,7.234522399812704e-06,9.72751367953606e-05,0.0014335563173517585,0.03135184198617935,0.5,0.656200647354126,1.0,1.0
8,4850,25000,0.27701535820961,0.39764055609703064,9.99999905104687e-09,1.0,9.99999905104687e-09,1.6935791435912506e-08,4.288562536203244e-07,7.249489954119781e-06,9.823591244639829e-05,0.001445055240765214,0.031200816854834557,0.5,0.6599999666213989,1.0,1.0
8,4860,25000,0.2769947946071625,0.3976540267467499,9.99999905104687e-09,1.0,9.99999905104687e-09,1.6986112072459036e-08,4.2969872993126046e-07,7.197072591225151e-06,9.685229451861233e-05,0.0014218916185200214,0.03087739273905754,0.5,0.6559318900108337,1.0,1.0
8,4870,25000,0.27697932720184326,0.3976304829120636,9.99999905104687e-09,1.0,9.99999905104687e-09,1.6726710683201418e-08,4.268227371539979e-07,7.212442142190412e-06,9.846490866038948e-05,0.0014568637125194073,0.030972624197602272,0.5,0.6505970358848572,1.0,1.0
8,4880,25000,0.276968389749527,0.3976808190345764,9.99999905104687e-09,1.0,9.99999905104687e-09,1.6895389975957187e-08,4.263654602709721e-07,7.225737135740928e-06,9.83359495876357e-05,0.0014629041543230414,0.03103475645184517,0.5,0.6599999666213989,1.0,1.0
8,4890,25000,0.2770023047924042,0.39766812324523926,9.99999905104687e-09,1.0,9.99999905104687e-09,1.6711238615130242e-08,4.254966654571035e-07,7.228763024613727e-06,9.872938244370744e-05,0.0014419346116483212,0.031485266983509064,0.5,0.6586492657661438,1.0,1.0
8,4900,25000,0.27696478366851807,0.39764687418937683,9.99999905104687e-09,1.0,9.99999905104687e-09,1.6941564595640557e-08,4.3223090528954344e-07,7.133357030397747e-06,9.714166662888601e-05,0.0014349715784192085,0.030998054891824722,0.5,0.6599999666213989,1.0,1.0
8,4910,25000,0.27701881527900696,0.39764994382858276,9.99999905104687e-09,1.0,9.99999905104687e-09,1.699297058621596e-08,4.2893501017715607e-07,7.240937520691659e-06,9.63746351771988e-05,0.0014654308324679732,0.031421199440956116,0.5,0.6512276530265808,1.0,1.0
8,4920,25000,0.2769990563392639,0.3976532816886902,9.99999905104687e-09,1.0,9.99999905104687e-09,1.6689963189264745e-08,4.250813958606159e-07,7.190944415924605e-06,9.79676260612905e-05,0.0014564277371391654,0.0312625914812088,0.5,0.6599999666213989,1.0,1.0
8,4930,25000,0.2770489454269409,0.39765802025794983,9.99999905104687e-09,1.0,9.99999905104687e-09,1.6973846328482978e-08,4.280959728930611e-07,7.241190814966103e-06,9.721775859361514e-05,0.0014592777006328106,0.031177343800663948,0.5,0.6599999666213989,1.0,1.0
8,4940,25000,0.27698758244514465,0.3976205885410309,9.99999905104687e-09,1.0,9.99999905104687e-09,1.6990735929311995e-08,4.268634938853211e-07,7.360925337707158e-06,9.76638839347288e-05,0.0014438056387007236,0.0309758260846138,0.5,0.6542273163795471,1.0,1.0
8,4950,25000,0.27696117758750916,0.3976263999938965,9.99999905104687e-09,1.0,9.99999905104687e-09,1.683830141985254e-08,4.348670756826323e-07,7.178771738836076e-06,9.712415339890867e-05,0.0014441597741097212,0.03131622076034546,0.5,0.6542173624038696,1.0,1.0
8,4960,25000,0.27700066566467285,0.39763393998146057,9.99999905104687e-09,1.0,9.99999905104687e-09,1.6937184099674596e-08,4.2619254259079753e-07,7.2682969403103925e-06,9.822804713621736e-05,0.0014253976987674832,0.03138505667448044,0.5,0.6555564999580383,1.0,1.0
8,4970,25000,0.27698078751564026,0.39761078357696533,9.99999905104687e-09,1.0,9.99999905104687e-09,1.6755336673668353e-08,4.314626380619302e-07,7.230861228890717e-06,9.685037366580218e-05,0.0014499679673463106,0.031439270824193954,0.5,0.6499999761581421,1.0,1.0
8,4980,25000,0.27704471349716187,0.3976363241672516,9.99999905104687e-09,1.0,9.99999905104687e-09,1.668431792722913e-08,4.2788587961695157e-07,7.173828180384589e-06,9.617938485462219e-05,0.0014429946895688772,0.03119315579533577,0.5,0.6518504619598389,1.0,1.0
8,4990,25000,0.27700620889663696,0.3976805806159973,9.99999905104687e-09,1.0,9.99999905104687e-09,1.685228134817862e-08,4.277325160728651e-07,7.121177077351604e-06,9.822116408031434e-05,0.0014421101659536362,0.031275760382413864,0.5,0.6585577130317688,1.0,1.0
8,5000,25000,0.2770078480243683,0.39763396978378296,9.99999905104687e-09,1.0,9.99999905104687e-09,1.6879603492725437e-08,4.2810637523871264e-07,7.258213827299187e-06,9.834834781941026e-05,0.0014596650144085288,0.031201530247926712,0.5,0.6599999666213989,1.0,1.0
8,5010,25000,0.27698925137519836,0.3976767659187317,9.99999905104687e-09,1.0,9.99999905104687e-09,1.688139761313323e-08,4.2248942122569133e-07,7.17322336640791e-06,9.750438766786829e-05,0.0014296646695584059,0.03109741397202015,0.5,0.6599999666213989,1.0,1.0
8,5020,25000,0.27699363231658936,0.39762115478515625,9.99999905104687e-09,1.0,9.99999905104687e-09,1.6905165267644406e-08,4.2448516524018487e-07,7.175881819421193e-06,9.851851791609079e-05,0.001429591327905655,0.03149370849132538,0.5,0.6499999761581421,1.0,1.0
8,5030,25000,0.2769862413406372,0.39763593673706055,9.99999905104687e-09,1.0,9.99999905104687e-09,1.6715503647901642e-08,4.276408844816615e-07,7.1051163104129955e-06,9.884669998427853e-05,0.0014577896799892187,0.031494028866291046,0.5,0.6599999666213989,1.0,1.0
8,5040,25000,0.27696940302848816,0.39766502380371094,9.99999905104687e-09,1.0,9.99999905104687e-09,1.6805927316454472e-08,4.25047460339556e-07,7.190400992840296e-06,9.602863428881392e-05,0.0014236458810046315,0.0313013456761837,0.5,0.6599999666213989,1.0,1.0
8,5050,25000,0.27695178985595703,0.39761897921562195,9.99999905104687e-09,1.0,9.99999905104687e-09,1.6772812472254373e-08,4.258413071056566e-07,7.235677003336605e-06,9.68826498137787e-05,0.001468102214857936,0.031179627403616905,0.5,0.6547582745552063,1.0,1.0
8,5060,25000,0.27697300910949707,0.39762675762176514,9.99999905104687e-09,1.0,9.99999905104687e-09,1.6873764607794328e-08,4.3458294385345653e-07,7.229353741422528e-06,9.824742301134393e-05,0.0014778610784560442,0.0313294380903244,0.5,0.6544976234436035,1.0,1.0
8,5070,25000,0.2769679129123688,0.3976640999317169,9.99999905104687e-09,1.0,9.99999905104687e-09,1.690331785653143e-08,4.2415058487677015e-07,7.286191248567775e-06,9.882943413686007e-05,0.0014418233186006546,0.031167762354016304,0.5,0.6543605327606201,1.0,1.0
8,5080,25000,0.27702149748802185,0.3976074159145355,9.99999905104687e-09,1.0,9.99999905104687e-09,1.6924801116147137e-08,4.264508106643916e-07,7.187433311628411e-06,9.71823901636526e-05,0.0014639073051512241,0.03136580064892769,0.5,0.6499999761581421,1.0,1.0
8,5090,25000,0.27695897221565247,0.39761605858802795,9.99999905104687e-09,1.0,9.99999905104687e-09,1.673849325811716e-08,4.233121160268638e-07,7.2508100856794044e-06,9.818427497521043e-05,0.0014444568660110235,0.03149048238992691,0.5,0.6532794237136841,1.0,1.0
8,5100,25000,0.27700483798980713,0.39762383699417114,9.99999905104687e-09,1.0,9.99999905104687e-09,1.6969854854664845e-08,4.2343253880972043e-07,7.149725661292905e-06,9.953816334018484e-05,0.0014720348408445716,0.03182384744286537,0.5,0.6599999666213989,1.0,1.0
8,5110,25000,0.2769620418548584,0.39760714769363403,9.99999905104687e-09,1.0,9.99999905104687e-09,1.685942230267301e-08,4.3181472619835404e-07,7.2505176831327844e-06,9.901561861624941e-05,0.001454134937375784,0.031244756653904915,0.5,0.6499999761581421,1.0,1.0
8,5120,25000,0.2770017683506012,0.3976914882659912,9.99999905104687e-09,1.0,9.99999905104687e-09,1.6832375493436302e-08,4.3381615455473366e-07,7.290085250133416e-06,9.79016549536027e-05,0.0014449211303144693,0.03125014901161194,0.5,0.6599999666213989,1.0,1.0
8,5130,25000,0.27700191736221313,0.3976267874240875,9.99999905104687e-09,1.0,9.99999905104687e-09,1.6891656073880768e-08,4.3110586034345033e-07,7.163227110140724e-06,9.642652730690315e-05,0.0014389089774340391,0.030894305557012558,0.5,0.6568776369094849,1.0,1.0
8,5140,25000,0.27694204449653625,0.3975982666015625,9.99999905104687e-09,1.0,9.99999905104687e-09,1.6838207272940053e-08,4.293774793495686e-07,7.145389190554852e-06,9.824232256505638e-05,0.0014750291593372822,0.03096340037882328,0.5,0.6509741544723511,1.0,1.0
8,5150,25000,0.2770301103591919,0.39765194058418274,9.99999905104687e-09,1.0,9.99999905104687e-09,1.70302349999929e-08,4.3472505240060855e-07,7.233740234369179e-06,9.712044993648306e-05,0.0014778933255001903,0.03166727349162102,0.5,0.6599999666213989,1.0,1.0
8,5160,25000,0.27699920535087585,0.3976494073867798,9.99999905104687e-09,1.0,9.99999905104687e-09,1.6951107184581815e-08,4.360744014775264e-07,7.306447059818311e-06,9.836219396675006e-05,0.0014555725501850247,0.031216014176607132,0.5,0.6553342342376709,1.0,1.0
8,5170,25000,0.27696704864501953,0.39763060212135315,9.99999905104687e-09,1.0,9.99999905104687e-09,1.6813444858598814e-08,4.234734660713002e-07,7.149936209316365e-06,9.75538496277295e-05,0.0014449791051447392,0.03108985535800457,0.5,0.6499999761581421,1.0,1.0
8,5180,25000,0.2769662141799927,0.39765095710754395,9.99999905104687e-09,1.0,9.99999905104687e-09,1.680347239130242e-08,4.315209025662625e-07,7.163304871937726e-06,9.800508996704593e-05,0.0014610829530283809,0.0307870302349329,0.5,0.6563177108764648,1.0,1.0
8,5190,25000,0.276968777179718,0.39763572812080383,9.99999905104687e-09,1.0,9.99999905104687e-09,1.6732283114606616e-08,4.225809959734761e-07,7.129656296456233e-06,9.836573008215055e-05,0.0014695783611387014,0.031356289982795715,0.5,0.6499999761581421,1.0,1.0
8,5200,25000,0.2769307792186737,0.3976316452026367,9.99999905104687e-09,1.0,9.99999905104687e-09,1.7015732822756036e-08,4.2222816887260706e-07,7.226336947496748e-06,9.711109305499122e-05,0.0014682943001389503,0.031448252499103546,0.5,0.6523218154907227,1.0,1.0
8,5210,25000,0.2769731283187866,0.39760664105415344,9.99999905104687e-09,1.0,9.99999905104687e-09,1.6844392547454845e-08,4.334722802923352e-07,7.189517418737523e-06,9.822912397794425e-05,0.0014565393794327974,0.03137890622019768,0.5,0.6499999761581421,1.0,1.0
8,5220,25000,0.27702441811561584,0.3976423442363739,9.99999905104687e-09,1.0,9.99999905104687e-09,1.703906349348472e-08,4.2512098730185244e-07,7.2552920755697414e-06,9.903856698656455e-05,0.0014739478938281536,0.03146854788064957,0.5,0.6599999666213989,1.0,1.0
8,5230,25000,0.27695751190185547,0.3976171314716339,9.99999905104687e-09,1.0,9.99999905104687e-09,1.6951549497434826e-08,4.209211681427405e-07,7.293265298358165e-06,9.7192547400482e-05,0.0014469434972852468,0.031060686334967613,0.5,0.6499999761581421,1.0,1.0
8,5240,25000,0.2770093083381653,0.3976222574710846,9.99999905104687e-09,1.0,9.99999905104687e-09,1.697416962542775e-08,4.303272476136044e-07,7.174508937168866e-06,9.750897879712284e-05,0.0014298534952104092,0.03092278353869915,0.5,0.6499999761581421,1.0,1.0
8,5250,25000,0.2770116329193115,0.3976171612739563,9.99999905104687e-09,1.0,9.99999905104687e-09,1.6870931318635485e-08,4.2737562466754753e-07,7.196914793894393e-06,9.993986168410629e-05,0.0014690915122628212,0.031478554010391235,0.5,0.6499999761581421,1.0,1.0
8,5260,25000,0.2770109474658966,0.39763274788856506,9.99999905104687e-09,1.0,9.99999905104687e-09,1.6819631909470445e-08,4.204852928069158e-07,7.206120244518388e-06,9.830553608480841e-05,0.001453787088394165,0.03115302510559559,0.5,0.6499999761581421,1.0,1.0
8,5270,25000,0.27702048420906067,0.3976125717163086,9.99999905104687e-09,1.0,9.99999905104687e-09,1.6899122101676767e-08,4.290617141577968e-07,7.235827979457099e-06,9.68847016338259e-05,0.0014583999291062355,0.03146626800298691,0.5,0.6599999666213989,1.0,1.0
8,5280,25000,0.27696868777275085,0.3976348340511322,9.99999905104687e-09,1.0,9.99999905104687e-09,1.687218897927778e-08,4.298942428704322e-07,7.371598712779814e-06,9.705344564281404e-05,0.0014666827628389,0.031298160552978516,0.5,0.6599999666213989,1.0,1.0
8,5290,25000,0.27695173025131226,0.3976439833641052,9.99999905104687e-09,1.0,9.99999905104687e-09,1.6826213311560423e-08,4.2851078774219786e-07,7.2381881182082e-06,9.7751195426099e-05,0.0014428249560296535,0.030986804515123367,0.5,0.6591874957084656,1.0,1.0
8,5300,25000,0.2769926190376282,0.39763975143432617,9.99999905104687e-09,1.0,9.99999905104687e-09,1.6878274777809565e-08,4.261163155661052e-07,7.145741165004438e-06,9.773539932211861e-05,0.001447135815396905,0.03111868165433407,0.5,0.6500576734542847,1.0,1.0
8,5310,25000,0.2770193815231323,0.39761996269226074,9.99999905104687e-09,1.0,9.99999905104687e-09,1.680709260654112e-08,4.328819329657563e-07,7.222490239655599e-06,9.959485032595694e-05,0.0014582069125026464,0.031410906463861465,0.5,0.6564620137214661,1.0,1.0
8,5320,25000,0.27694106101989746,0.39764320850372314,9.99999905104687e-09,1.0,9.99999905104687e-09,1.687565820418513e-08,4.3683107264769205e-07,7.167690910137026e-06,9.806007437873632e-05,0.0014448456931859255,0.031230784952640533,0.5,0.6530249714851379,1.0,1.0
8,5330,25000,0.27699369192123413,0.39765360951423645,9.99999905104687e-09,1.0,9.99999905104687e-09,1.6778262335037653e-08,4.25597534103872e-07,7.169913260440808e-06,9.677294292487204e-05,0.0014349641278386116,0.030748458579182625,0.5,0.6599999666213989,1.0,1.0
8,5340,25000,0.2769550383090973,0.39758509397506714,9.99999905104687e-09,1.0,9.99999905104687e-09,1.6709007510939955e-08,4.2922505372189335e-07,7.275922598637408e-06,9.945799683919176e-05,0.001451045274734497,0.031076643615961075,0.5,0.6499999761581421,1.0,1.0
8,5350,25000,0.2769787609577179,0.3976384997367859,9.99999905104687e-09,1.0,9.99999905104687e-09,1.6973785932350438e-08,4.3210295075368776e-07,7.237860245368211e-06,9.864530875347555e-05,0.0014629574725404382,0.031362418085336685,0.5,0.6599999666213989,1.0,1.0
8,5360,25000,0.27694475650787354,0.3976077735424042,9.99999905104687e-09,1.0,9.99999905104687e-09,1.6901520183409957e-08,4.3123424120494747e-07,7.31265890863142e-06,9.719605441205204e-05,0.0014507611049339175,0.03130938485264778,0.5,0.6513534188270569,1.0,1.0
8,5370,25000,0.2769636809825897,0.3975907564163208,9.99999905104687e-09,1.0,9.99999905104687e-09,1.683833517063249e-08,4.29749547947722e-07,7.101477422111202e-06,9.734481864143163e-05,0.0014571171486750245,0.03143710270524025,0.5,0.6526889204978943,1.0,1.0
8,5380,25000,0.27703091502189636,0.3976207673549652,9.99999905104687e-09,1.0,9.99999905104687e-09,1.6877541142434893e-08,4.320761775034043e-07,7.261471637320938e-06,9.938041330315173e-05,0.0014578262344002724,0.031642746180295944,0.5,0.6599999666213989,1.0,1.0
8,5390,25000,0.27701032161712646,0.3976130187511444,9.99999905104687e-09,1.0,9.99999905104687e-09,1.6915189249289142e-08,4.286095531824685e-07,7.252469004015438e-06,9.895422408590093e-05,0.0014540099073201418,0.030956564471125603,0.5,0.6499999761581421,1.0,1.0
8,5400,25000,0.2768610715866089,0.3976239562034607,9.99999905104687e-09,1.0,9.99999905104687e-09,1.6882935938156152e-08,4.3225622903264593e-07,7.250192538776901e-06,9.795207006391138e-05,0.0014460686361417174,0.030655594542622566,0.5,0.6499999761581421,1.0,1.0
8,5410,25000,0.2769615054130554,0.3975907564163208,9.99999905104687e-09,1.0,9.99999905104687e-09,1.6831190663424422e-08,4.2946754774675355e-07,7.125353477022145e-06,9.705616685096174e-05,0.0014688147930428386,0.03136312961578369,0.5,0.6535589694976807,1.0,1.0
8,5420,25000,0.27690842747688293,0.39760297536849976,9.99999905104687e-09,1.0,9.99999905104687e-09,1.6758589183041295e-08,4.260176353909628e-07,7.217152415250894e-06,9.975658758776262e-05,0.0014451778260990977,0.03137880191206932,0.5,0.6542199850082397,1.0,1.0
8,5430,25000,0.2769146263599396,0.3976050913333893,9.99999905104687e-09,1.0,9.99999905104687e-09,1.6852268913680746e-08,4.291025561542483e-07,7.2814182203728706e-06,9.806687012314796e-05,0.001455926219932735,0.03123880736529827,0.5,0.6547237634658813,1.0,1.0
8,5440,25000,0.27703964710235596,0.3976140022277832,9.99999905104687e-09,1.0,9.99999905104687e-09,1.6988426665420775e-08,4.319149979892245e-07,7.4517524808470625e-06,9.794349898584187e-05,0.0014455944765359163,0.03173605352640152,0.5,0.6577737927436829,1.0,1.0
8,5450,25000,0.2769758105278015,0.3976527452468872,9.99999905104687e-09,1.0,9.99999905104687e-09,1.676589178600807e-08,4.271386444543168e-07,7.2282600740436465e-06,9.792236960493028e-05,0.0014411727897822857,0.030555129051208496,0.5,0.6570294499397278,1.0,1.0
8,5460,25000,0.276987224817276,0.39762935042381287,9.99999905104687e-09,1.0,9.99999905104687e-09,1.6982982131708013e-08,4.293389679332904e-07,7.127194294298533e-06,9.756679355632514e-05,0.0014552893117070198,0.031334005296230316,0.5,0.6599999666213989,1.0,1.0
8,5470,25000,0.2769571542739868,0.39762866497039795,9.99999905104687e-09,1.0,9.99999905104687e-09,1.6944955660846972e-08,4.222693519295717e-07,7.305037343030563e-06,9.656456677475944e-05,0.0014597511617466807,0.03119683638215065,0.5,0.6540923714637756,1.0,1.0
8,5480,25000,0.27693068981170654,0.39762410521507263,9.99999905104687e-09,1.0,9.99999905104687e-09,1.669720006702846e-08,4.2306649561396625e-07,7.240320883283857e-06,9.752713231137022e-05,0.0014404563698917627,0.031124170869588852,0.5,0.6562084555625916,1.0,1.0
8,5490,25000,0.27700570225715637,0.3976387679576874,9.99999905104687e-09,1.0,9.99999905104687e-09,1.682192696250695e-08,4.2764281715790275e-07,7.191749773483025e-06,9.789326577447355e-05,0.001459695864468813,0.031078293919563293,0.5,0.6579143404960632,1.0,1.0
8,5500,25000,0.2769434452056885,0.39766252040863037,9.99999905104687e-09,1.0,9.99999905104687e-09,1.6765383747952e-08,4.2466837157917325e-07,7.233231826830888e-06,9.781868720892817e-05,0.0014358321204781532,0.031125767156481743,0.5,0.6599999666213989,1.0,1.0
8,5510,25000,0.27699926495552063,0.3976510167121887,9.99999905104687e-09,1.0,9.99999905104687e-09,1.6757812915102477e-08,4.3512608272067155e-07,7.242563697218429e-06,9.820283594308421e-05,0.001442404231056571,0.03146792948246002,0.5,0.6599999666213989,1.0,1.0
8,5520,25000,0.27698156237602234,0.397635281085968,9.99999905104687e-09,1.0,9.99999905104687e-09,1.6803056723802e-08,4.2339723904660787e-07,7.268084118550178e-06,9.815522935241461e-05,0.0014571752399206161,0.031393807381391525,0.5,0.6500781178474426,1.0,1.0
8,5530,25000,0.276953786611557,0.3976415693759918,9.99999905104687e-09,1.0,9.99999905104687e-09,1.704954399883718e-08,4.2460172267055896e-07,7.2963703132700175e-06,9.786375449039042e-05,0.0014352444559335709,0.03104008175432682,0.5,0.6546651721000671,1.0,1.0
8,5540,25000,0.27700018882751465,0.39764365553855896,9.99999905104687e-09,1.0,9.99999905104687e-09,1.6792533585885394e-08,4.3093919543935044e-07,7.311026820389088e-06,9.718061482999474e-05,0.0014508231543004513,0.031361356377601624,0.5,0.6541669964790344,1.0,1.0
8,5550,25000,0.2769789695739746,0.3976497948169708,9.99999905104687e-09,1.0,9.99999905104687e-09,1.6831208426992816e-08,4.259649131199694e-07,7.257499419210944e-06,9.726503776619211e-05,0.0014537086244672537,0.03114102967083454,0.5,0.6566036343574524,1.0,1.0
8,5560,25000,0.2769743502140045,0.3976390063762665,9.99999905104687e-09,1.0,9.99999905104687e-09,1.690207085403017e-08,4.288838226784719e-07,7.229940820252523e-06,9.684692486189306e-05,0.0014424542896449566,0.03101925179362297,0.5,0.6599999666213989,1.0,1.0
8,5570,25000,0.2769874930381775,0.3976314663887024,9.99999905104687e-09,1.0,9.99999905104687e-09,1.6844690975403864e-08,4.240953614953469e-07,7.12787505108281e-06,9.744296403368935e-05,0.001456720638088882,0.031211871653795242,0.5,0.6544684767723083,1.0,1.0
8,5580,25000,0.27701032161712646,0.3976171314716339,9.99999905104687e-09,1.0,9.99999905104687e-09,1.6875132402560666e-08,4.302767422359466e-07,7.160756013036007e-06,9.793277422431856e-05,0.0014780580531805754,0.031235452741384506,0.5,0.6599999666213989,1.0,1.0
8,5590,25000,0.2769935131072998,0.3976615369319916,9.99999905104687e-09,1.0,9.99999905104687e-09,1.6998404461787686e-08,4.273989873126993e-07,7.276617907336913e-06,9.845529712038115e-05,0.001461266539990902,0.03106418251991272,0.5,0.6503083109855652,1.0,1.0
8,5600,25000,0.276946097612381,0.39764657616615295,9.99999905104687e-09,1.0,9.99999905104687e-09,1.6914267320089493e-08,4.303610694478266e-07,7.177963652793551e-06,9.764893911778927e-05,0.0014156061224639416,0.03119896724820137,0.5,0.6528714895248413,1.0,1.0
8,5610,25000,0.2769888639450073,0.39760538935661316,9.99999905104687e-09,1.0,9.99999905104687e-09,1.7037171673450757e-08,4.261373476310837e-07,7.253867806866765e-06,9.92377899819985e-05,0.0014632933307439089,0.031437549740076065,0.5,0.6499999761581421,1.0,1.0
8,5620,25000,0.2769392430782318,0.3976360857486725,9.99999905104687e-09,1.0,9.99999905104687e-09,1.702614760290544e-08,4.265400832537125e-07,7.2286961767531466e-06,9.942352335201576e-05,0.0014224699698388577,0.03129006177186966,0.5,0.657867968082428,1.0,1.0
8,5630,25000,0.27691543102264404,0.3976384103298187,9.99999905104687e-09,1.0,9.99999905104687e-09,1.6898214383331833e-08,4.2376197484372824e-07,7.244953394547338e-06,9.924639743985608e-05,0.0014426016714423895,0.031019968912005424,0.5,0.6520631909370422,1.0,1.0
8,5640,25000,0.2769911587238312,0.3976494073867798,9.99999905104687e-09,1.0,9.99999905104687e-09,1.6844889927369877e-08,4.281832843844313e-07,7.144531082303729e-06,9.71738263615407e-05,0.0014450675807893276,0.031002331525087357,0.5,0.6545342206954956,1.0,1.0
8,5650,25000,0.2769591212272644,0.39763104915618896,9.99999905104687e-09,1.0,9.99999905104687e-09,1.6763891608206904e-08,4.312964563268906e-07,7.2920488491945434e-06,9.711342136142775e-05,0.0014470574678853154,0.03115900605916977,0.5,0.6527589559555054,1.0,1.0
8,5660,25000,0.27701225876808167,0.39765751361846924,9.99999905104687e-09,1.0,9.99999905104687e-09,1.6945127967460394e-08,4.2488309759391996e-07,7.176614417403471e-06,9.81474804575555e-05,0.0014558446127921343,0.030877243727445602,0.5,0.6599999666213989,1.0,1.0
8,5670,25000,0.2769915759563446,0.39763617515563965,9.99999905104687e-09,1.0,9.99999905104687e-09,1.69783422876435e-08,4.2690012946877687e-07,7.216206995508401e-06,9.675812179921195e-05,0.001447645714506507,0.03140538930892944,0.5,0.6592420935630798,1.0,1.0
8,5680,25000,0.2769632935523987,0.3976328670978546,9.99999905104687e-09,1.0,9.99999905104687e-09,1.678934502535867e-08,4.302534648559231e-07,7.325384103751276e-06,9.914155816659331e-05,0.0014540293486788869,0.031129557639360428,0.5,0.6529581546783447,1.0,1.0
8,5690,25000,0.27697670459747314,0.3976544737815857,9.99999905104687e-09,1.0,9.99999905104687e-09,1.679153882605533e-08,4.326903422224859e-07,7.1870772444526665e-06,9.806870366446674e-05,0.0014536469243466854,0.031377315521240234,0.5,0.6583802103996277,1.0,1.0
8,5700,25000,0.2769857347011566,0.39764004945755005,9.99999905104687e-09,1.0,9.99999905104687e-09,1.695524254330394e-08,4.320341702168662e-07,7.212862783489982e-06,9.635708556743339e-05,0.0014636616688221693,0.031132997944951057,0.5,0.6539886593818665,1.0,1.0
8,5710,25000,0.2769659757614136,0.3976539075374603,9.99999905104687e-09,1.0,9.99999905104687e-09,1.6844756700606922e-08,4.2731676330731716e-07,7.192118118837243e-06,9.932748071150854e-05,0.0014566003810614347,0.031186364591121674,0.5,0.6599999666213989,1.0,1.0
8,5720,25000,0.2770293056964874,0.39765775203704834,9.99999905104687e-09,1.0,9.99999905104687e-09,1.6993521256836175e-08,4.370533872588567e-07,7.350146915996447e-06,0.00010058242332888767,0.0014815398026257753,0.031408220529556274,0.5,0.6599999666213989,1.0,1.0
8,5730,25000,0.27700725197792053,0.3976076543331146,9.99999905104687e-09,1.0,9.99999905104687e-09,1.6834240668117673e-08,4.334973482400528e-07,7.163744157878682e-06,9.756213694345206e-05,0.0014255810528993607,0.03145616501569748,0.5,0.6502581834793091,1.0,1.0
8,5740,25000,0.2770049273967743,0.3976573050022125,9.99999905104687e-09,1.0,9.99999905104687e-09,1.6996533958035798e-08,4.3093274371130974e-07,7.2287807597604115e-06,9.834840602707118e-05,0.001467689173296094,0.031013503670692444,0.5,0.6599999666213989,1.0,1.0
8,5750,25000,0.2770208716392517,0.3976331949234009,9.99999905104687e-09,1.0,9.99999905104687e-09,1.6983065620479465e-08,4.292246558179613e-07,7.203942914202344e-06,9.827423491515219e-05,0.0014878995716571808,0.03187016770243645,0.5,0.6577932238578796,1.0,1.0
8,5760,25000,0.27699634432792664,0.3976656496524811,9.99999905104687e-09,1.0,9.99999905104687e-09,1.6848975548100498e-08,4.2628968799363065e-07,7.359230949077755e-06,9.733458136906847e-05,0.0014510995242744684,0.030908003449440002,0.5,0.6599999666213989,1.0,1.0
8,5770,25000,0.27699482440948486,0.397656112909317,9.99999905104687e-09,1.0,9.99999905104687e-09,1.7040820310398885e-08,4.226631631354394e-07,7.15444775778451e-06,9.76886076387018e-05,0.0014577936381101608,0.030792366713285446,0.5,0.6598600149154663,1.0,1.0
8,5780,25000,0.27698004245758057,0.39763203263282776,9.99999905104687e-09,1.0,9.99999905104687e-09,1.6988188633604295e-08,4.294821565054008e-07,7.200968866527546e-06,9.856624092208222e-05,0.001451744232326746,0.03145521879196167,0.5,0.6568580865859985,1.0,1.0
8,5790,25000,0.27696698904037476,0.3975999355316162,9.99999905104687e-09,1.0,9.99999905104687e-09,1.6680216319286956e-08,4.2478473005758133e-07,7.234497843455756e-06,9.861100988928229e-05,0.0014624606119468808,0.03124399296939373,0.5,0.6595948338508606,1.0,1.0
8,5800,25000,0.27699047327041626,0.39764082431793213,9.99999905104687e-09,1.0,9.99999905104687e-09,1.6990764351021426e-08,4.3053435661022377e-07,7.258256118802819e-06,9.928183135343716e-05,0.0014615480322390795,0.031020544469356537,0.5,0.6599999666213989,1.0,1.0
8,5810,25000,0.2769901156425476,0.39764323830604553,9.99999905104687e-09,1.0,9.99999905104687e-09,1.6978033201553444e-08,4.3028887830587337e-07,7.245468168548541e-06,9.809860057430342e-05,0.001476201694458723,0.031405095010995865,0.5,0.6599999666213989,1.0,1.0
8,5820,25000,0.2769726812839508,0.3976612985134125,9.99999905104687e-09,1.0,9.99999905104687e-09,1.6942925284979538e-08,4.358945489002508e-07,7.169620857894188e-06,9.688213322078809e-05,0.0014562841970473528,0.03099757432937622,0.5,0.6599999666213989,1.0,1.0
8,5830,25000,0.27695146203041077,0.3976776599884033,9.99999905104687e-09,1.0,9.99999905104687e-09,1.678289152096113e-08,4.2598568938956305e-07,7.29901876184158e-06,9.950185631169006e-05,0.0014481735415756702,0.030849212780594826,0.5,0.6545938849449158,1.0,1.0
8,5840,25000,0.2770204544067383,0.397639662027359,9.99999905104687e-09,1.0,9.99999905104687e-09,1.694075990599231e-08,4.2279381773369096e-07,7.304823611775646e-06,9.714526822790504e-05,0.0014348997501656413,0.031746648252010345,0.5,0.6502962708473206,1.0,1.0
8,5850,25000,0.2769891321659088,0.3976472020149231,9.99999905104687e-09,1.0,9.99999905104687e-09,1.677761751750495e-08,4.296950066873251e-07,7.2267739597009495e-06,9.911424422170967e-05,0.0014520767144858837,0.031169578433036804,0.5,0.6564919352531433,1.0,1.0
8,5860,25000,0.27698633074760437,0.39762771129608154,9.99999905104687e-09,1.0,9.99999905104687e-09,1.680614403198888e-08,4.288681054731569e-07,7.282770184247056e-06,9.655200847191736e-05,0.0014514409704133868,0.031440962105989456,0.5,0.6544097065925598,1.0,1.0
8,5870,25000,0.2769436836242676,0.397654265165329,9.99999905104687e-09,1.0,9.99999905104687e-09,1.6838763272630786e-08,4.298071019093186e-07,7.228943104564678e-06,9.742198017193004e-05,0.0014251966495066881,0.03102756105363369,0.5,0.6545168161392212,1.0,1.0
8,5880,25000,0.2770349681377411,0.3976224958896637,9.99999905104687e-09,1.0,9.99999905104687e-09,1.6749019948747446e-08,4.2030987401631137e-07,7.329791515076067e-06,9.692683670436963e-05,0.0014534264337271452,0.03116346336901188,0.5,0.6585015654563904,1.0,1.0
8,5890,25000,0.27698683738708496,0.397647500038147,9.99999905104687e-09,1.0,9.99999905104687e-09,1.6996517970824243e-08,4.2665595856306027e-07,7.273134087881772e-06,9.789254545466974e-05,0.001455361838452518,0.03151911869645119,0.5,0.6599999666213989,1.0,1.0
8,5900,25000,0.27699461579322815,0.39762791991233826,9.99999905104687e-09,1.0,9.99999905104687e-09,1.6934347257802074e-08,4.308194263558107e-07,7.435474344674731e-06,9.879706340143457e-05,0.0014650585362687707,0.03147248923778534,0.5,0.6499999761581421,1.0,1.0
8,5910,25000,0.27694347500801086,0.3976629078388214,9.99999905104687e-09,1.0,9.99999905104687e-09,1.6904463606692843e-08,4.2113921949749056e-07,7.255026503116824e-06,9.682619565865025e-05,0.0014317063614726067,0.031018119305372238,0.5,0.6577123403549194,1.0,1.0
8,5920,25000,0.2769816517829895,0.3976648449897766,9.99999905104687e-09,1.0,9.99999905104687e-09,1.6817255144019327e-08,4.342319925854099e-07,7.159670985856792e-06,9.690438309917226e-05,0.0014289531391113997,0.03100588172674179,0.5,0.6599999666213989,1.0,1.0
8,5930,25000,0.2770262658596039,0.3976387679576874,9.99999905104687e-09,1.0,9.99999905104687e-09,1.697274143452887e-08,4.2810290779016213e-07,7.30943247617688e-06,9.861808939604089e-05,0.0014558167895302176,0.030961278825998306,0.5,0.6499999761581421,1.0,1.0
8,5940,25000,0.27698150277137756,0.3976401388645172,9.99999905104687e-09,1.0,9.99999905104687e-09,1.6908870748011395e-08,4.3086322421004297e-07,7.224433829833288e-06,9.790973126655445e-05,0.0014514266513288021,0.03153425082564354,0.5,0.6561842560768127,1.0,1.0
8,5950,25000,0.27698075771331787,0.39764365553855896,9.99999905104687e-09,1.0,9.99999905104687e-09,1.6877564235073805e-08,4.2630071561688965e-07,7.27328188077081e-06,9.924376354319975e-05,0.0014441600069403648,0.031261373311281204,0.5,0.6582539081573486,1.0,1.0
8,5960,25000,0.2770759165287018,0.3976362347602844,9.99999905104687e-09,1.0,9.99999905104687e-09,1.685237727144795e-08,4.228096486258437e-07,7.073107099131448e-06,9.822542779147625e-05,0.0014583105221390724,0.03135041147470474,0.5,0.6599999666213989,1.0,1.0
8,5970,25000,0.2770087718963623,0.3976174592971802,9.99999905104687e-09,1.0,9.99999905104687e-09,1.691629591960009e-08,4.263776247626083e-07,7.227916739793727e-06,9.792886703507975e-05,0.0014727290254086256,0.03176133707165718,0.5,0.6560548543930054,1.0,1.0
8,5980,25000,0.2769923806190491,0.39766958355903625,9.99999905104687e-09,1.0,9.99999905104687e-09,1.6960340687433018e-08,4.2397363131385646e-07,7.203382210718701e-06,9.772694465937093e-05,0.0014369103591889143,0.03089495748281479,0.5,0.6599999666213989,1.0,1.0
8,5990,25000,0.2769804000854492,0.39763790369033813,9.99999905104687e-09,1.0,9.99999905104687e-09,1.693450890627446e-08,4.256331465057883e-07,7.169680884544505e-06,9.623105870559812e-05,0.0014446815475821495,0.03137117624282837,0.5,0.6500952243804932,1.0,1.0
8,6000,25000,0.2769913673400879,0.39765486121177673,9.99999905104687e-09,1.0,9.99999905104687e-09,1.6860406404362038e-08,4.30998397860094e-07,7.29269868315896e-06,9.648235572967678e-05,0.0014633815735578537,0.031130488961935043,0.5,0.6590241193771362,1.0,1.0
8,6010,25000,0.27700498700141907,0.3976512551307678,9.99999905104687e-09,1.0,9.99999905104687e-09,1.6906911426417537e-08,4.272751823464205e-07,7.20544903742848e-06,9.82310957624577e-05,0.001453627017326653,0.03091074340045452,0.5,0.6586101055145264,1.0,1.0
8,6020,25000,0.2769986689090729,0.39763593673706055,9.99999905104687e-09,1.0,9.99999905104687e-09,1.6910652433921314e-08,4.296194049402402e-07,7.243971140269423e-06,9.740373934619129e-05,0.0014318902976810932,0.031311869621276855,0.5,0.6599999666213989,1.0,1.0
8,6030,25000,0.27695751190185547,0.3976421058177948,9.99999905104687e-09,1.0,9.99999905104687e-09,1.6799704738446053e-08,4.250412359851907e-07,7.241872935992433e-06,9.694103937363252e-05,0.0014444049447774887,0.03139273077249527,0.5,0.6582575440406799,1.0,1.0
8,6040,25000,0.27698400616645813,0.3976086378097534,9.99999905104687e-09,1.0,9.99999905104687e-09,1.6856953166666244e-08,4.29308101956849e-07,7.2983007157745305e-06,9.863390005193651e-05,0.001468295813538134,0.031866464763879776,0.5,0.6533929705619812,1.0,1.0
8,6050,25000,0.2770163118839264,0.3976547122001648,9.99999905104687e-09,1.0,9.99999905104687e-09,1.6890178144990386e-08,4.3126161131112895e-07,7.221347459562821e-06,9.730744204716757e-05,0.0014387741684913635,0.031079458072781563,0.5,0.6554141044616699,1.0,1.0
8,6060,25000,0.2769777178764343,0.3976174592971802,9.99999905104687e-09,1.0,9.99999905104687e-09,1.6983417339133666e-08,4.2448729686839215e-07,7.3153032644768246e-06,9.885670442599803e-05,0.001447436516173184,0.031169848516583443,0.5,0.6502072215080261,1.0,1.0
8,6070,25000,0.27699095010757446,0.3976205289363861,9.99999905104687e-09,1.0,9.99999905104687e-09,1.704696472870637e-08,4.2567344848976063e-07,7.249953341670334e-06,9.835347736952826e-05,0.0014190338551998138,0.031480368226766586,0.5,0.6539062857627869,1.0,1.0
8,6080,25000,0.27700743079185486,0.3976421058177948,9.99999905104687e-09,1.0,9.99999905104687e-09,1.6853832107699418e-08,4.227955514579662e-07,7.3030432758969255e-06,9.780694381333888e-05,0.0014720973558723927,0.03126085549592972,0.5,0.6568504571914673,1.0,1.0
8,6090,25000,0.2770138680934906,0.3976319134235382,9.99999905104687e-09,1.0,9.99999905104687e-09,1.690110096319586e-08,4.311863222028478e-07,7.168961928982753e-06,9.886844054562971e-05,0.0014607906341552734,0.03159576281905174,0.5,0.6551477313041687,1.0,1.0
8,6100,25000,0.27698737382888794,0.3976544737815857,9.99999905104687e-09,1.0,9.99999905104687e-09,1.700049345743082e-08,4.261476647116069e-07,7.15030773790204e-06,9.780633263289928e-05,0.001458598650060594,0.031207600608468056,0.5,0.6599999666213989,1.0,1.0
8,6110,25000,0.27697062492370605,0.39762720465660095,9.99999905104687e-09,1.0,9.99999905104687e-09,1.6850728812300986e-08,4.2068057837241213e-07,7.178973191912519e-06,9.774385398486629e-05,0.0014430120354518294,0.03115265443921089,0.5,0.6586355566978455,1.0,1.0
8,6120,25000,0.27696847915649414,0.3976329565048218,9.99999905104687e-09,1.0,9.99999905104687e-09,1.6768192168115092e-08,4.224675933528488e-07,7.155670573411044e-06,9.82900892267935e-05,0.0014453640906140208,0.03131724148988724,0.5,0.6560251712799072,1.0,1.0
8,6130,25000,0.2768787443637848,0.3976353704929352,9.99999905104687e-09,1.0,9.99999905104687e-09,1.680418293403818e-08,4.317759021432721e-07,7.191309123300016e-06,9.769638563739136e-05,0.0014569137711077929,0.030704664066433907,0.5,0.6543383598327637,1.0,1.0
8,6140,25000,0.2769901156425476,0.3975958526134491,9.99999905104687e-09,1.0,9.99999905104687e-09,1.6830764337782966e-08,4.38799702351389e-07,7.322299552470213e-06,9.790100739337504e-05,0.0014502694830298424,0.03131621330976486,0.5,0.6499999761581421,1.0,1.0
8,6150,25000,0.2769647538661957,0.3976578414440155,9.99999905104687e-09,1.0,9.99999905104687e-09,1.6965715943229043e-08,4.221157325901004e-07,7.342083790717879e-06,9.81007469817996e-05,0.0014428067952394485,0.030867671594023705,0.5,0.6599999666213989,1.0,1.0
8,6160,25000,0.2770262360572815,0.39766305685043335,9.99999905104687e-09,1.0,9.99999905104687e-09,1.6968320082355604e-08,4.2367702235424076e-07,7.268140507221688e-06,9.832762589212507e-05,0.0014550820924341679,0.03077027201652527,0.5,0.6599999666213989,1.0,1.0
8,6170,25000,0.2769353985786438,0.3976604640483856,9.99999905104687e-09,1.0,9.99999905104687e-09,1.6917054423970512e-08,4.274187688224629e-07,7.101452865754254e-06,9.800971020013094e-05,0.0014624445466324687,0.030936654657125473,0.5,0.6599999666213989,1.0,1.0
8,6180,25000,0.2769085466861725,0.39761102199554443,9.99999905104687e-09,1.0,9.99999905104687e-09,1.686084516450137e-08,4.294226982892724e-07,7.13400504537276e-06,9.620267519494519e-05,0.0014609453501179814,0.03138219565153122,0.5,0.6499999761581421,1.0,1.0
8,6190,25000,0.2770041525363922,0.3976460099220276,9.99999905104687e-09,1.0,9.99999905104687e-09,1.7000685303969476e-08,4.28173621003225e-07,7.211360298242653e-06,9.716796193970367e-05,0.0014430874725803733,0.031125087291002274,0.5,0.6591788530349731,1.0,1.0
8,6200,25000,0.2770005762577057,0.39765581488609314,9.99999905104687e-09,1.0,9.99999905104687e-09,1.6972970584561153e-08,4.321211974911421e-07,7.31928184904973e-06,9.780861728359014e-05,0.0014417215716093779,0.031062716618180275,0.5,0.6599999666213989,1.0,1.0
8,6210,25000,0.2769818603992462,0.39765745401382446,9.99999905104687e-09,1.0,9.99999905104687e-09,1.6773006095149867e-08,4.3728462628678244e-07,7.162844212871278e-06,9.803419379750267e-05,0.0014295275323092937,0.03125058114528656,0.5,0.6571104526519775,1.0,1.0
8,6220,25000,0.2769871652126312,0.3976459503173828,9.99999905104687e-09,1.0,9.99999905104687e-09,1.6903165089843242e-08,4.26797981845084e-07,7.191445092757931e-06,9.801294072531164e-05,0.0014328120741993189,0.03170618414878845,0.5,0.6575229167938232,1.0,1.0
8,6230,25000,0.276970773935318,0.39764800667762756,9.99999905104687e-09,1.0,9.99999905104687e-09,1.67998646105616e-08,4.28545860131635e-07,7.139829449442914e-06,9.560651960782707e-05,0.001438019098713994,0.03091919980943203,0.5,0.6599999666213989,1.0,1.0
8,6240,25000,0.27699020504951477,0.39766302704811096,9.99999905104687e-09,1.0,9.99999905104687e-09,1.670173688239629e-08,4.2605776684467855e-07,7.158139396779006e-06,9.831900388235226e-05,0.0014577778056263924,0.03119722194969654,0.5,0.6599999666213989,1.0,1.0
8,6250,25000,0.2769368886947632,0.3976408541202545,9.99999905104687e-09,1.0,9.99999905104687e-09,1.6761523724539984e-08,4.215346791625052e-07,7.230589289974887e-06,9.82164783636108e-05,0.0014428356662392616,0.031246036291122437,0.5,0.6573928594589233,1.0,1.0
8,6260,25000,0.27698931097984314,0.39764395356178284,9.99999905104687e-09,1.0,9.99999905104687e-09,1.6839869942941732e-08,4.3246936343166453e-07,7.224432010843884e-06,9.725242125568911e-05,0.001458210521377623,0.03111795336008072,0.5,0.6599999666213989,1.0,1.0
8,6270,25000,0.27693313360214233,0.39763861894607544,9.99999905104687e-09,1.0,9.99999905104687e-09,1.706367136478093e-08,4.310934684781387e-07,7.225715762615437e-06,9.797012899070978e-05,0.001451076241210103,0.03109980747103691,0.5,0.6503897905349731,1.0,1.0
8,6280,25000,0.27699413895606995,0.39763760566711426,9.99999905104687e-09,1.0,9.99999905104687e-09,1.689787154646183e-08,4.296466045161651e-07,7.185367394413333e-06,9.824938024394214e-05,0.0014499113894999027,0.031561173498630524,0.5,0.6599999666213989,1.0,1.0
8,6290,25000,0.27697131037712097,0.3976456820964813,9.99999905104687e-09,1.0,9.99999905104687e-09,1.695458884398704e-08,4.34005102079027e-07,7.136462954804301e-06,9.715568012325093e-05,0.0014630735386162996,0.031129946932196617,0.5,0.6599999666213989,1.0,1.0
8,6300,25000,0.2770027220249176,0.3976391851902008,9.99999905104687e-09,1.0,9.99999905104687e-09,1.682918693290958e-08,4.236153756664862e-07,7.35930507289595e-06,9.944225166691467e-05,0.0014407639391720295,0.031546954065561295,0.5,0.6599999666213989,1.0,1.0
8,6310,25000,0.27699539065361023,0.3976338505744934,9.99999905104687e-09,1.0,9.99999905104687e-09,1.684923844891273e-08,4.205895152153971e-07,7.1232484515348915e-06,9.818963735597208e-05,0.0014558942057192326,0.03109593130648136,0.5,0.6512105464935303,1.0,1.0
8,6320,25000,0.2769950032234192,0.39765021204948425,9.99999905104687e-09,1.0,9.99999905104687e-09,1.6904746047430308e-08,4.3047853637290245e-07,7.167379408201668e-06,9.74695140030235e-05,0.0014394279569387436,0.03141875937581062,0.5,0.6531932950019836,1.0,1.0
8,6330,25000,0.27703386545181274,0.3976012170314789,9.99999905104687e-09,1.0,9.99999905104687e-09,1.686745498830078e-08,4.290702122489165e-07,7.299609023903031e-06,9.840470738708973e-05,0.0014480676036328077,0.03141956403851509,0.5,0.6544688940048218,1.0,1.0
8,6340,25000,0.27690982818603516,0.3976428508758545,9.99999905104687e-09,1.0,9.99999905104687e-09,1.6934162516690776e-08,4.300519265143521e-07,7.123315299395472e-06,9.919139120029286e-05,0.0014610374346375465,0.03106306679546833,0.5,0.6599999666213989,1.0,1.0
8,6350,25000,0.2769996225833893,0.397625207901001,9.99999905104687e-09,1.0,9.99999905104687e-09,1.6844531103288318e-08,4.309267183089105e-07,7.121072030713549e-06,9.85942388069816e-05,0.0014529394684359431,0.03152138367295265,0.5,0.6599999666213989,1.0,1.0
8,6360,25000,0.27695178985595703,0.39762797951698303,9.99999905104687e-09,1.0,9.99999905104687e-09,1.6682680126223204e-08,4.2756252582876186e-07,7.165137049014447e-06,9.727766882861033e-05,0.0014328296529129148,0.031159337610006332,0.5,0.6573495268821716,1.0,1.0
8,6370,25000,0.27704235911369324,0.3976402282714844,9.99999905104687e-09,1.0,9.99999905104687e-09,1.694602680402113e-08,4.295448832181137e-07,7.218659902719082e-06,9.76135052042082e-05,0.0014588461490347981,0.031835827976465225,0.5,0.6534671783447266,1.0,1.0
8,6380,25000,0.2770215570926666,0.39766302704811096,9.99999905104687e-09,1.0,9.99999905104687e-09,1.683714678790693e-08,4.2300703739783785e-07,7.145853487600107e-06,9.706740092951804e-05,0.001443476416170597,0.03112814761698246,0.5,0.6599999666213989,1.0,1.0
8,6390,25000,0.2769280970096588,0.3976430594921112,9.99999905104687e-09,1.0,9.99999905104687e-09,1.7026456688995495e-08,4.3418089035185403e-07,7.173938683990855e-06,9.808964387048036e-05,0.0014464659616351128,0.030887039378285408,0.5,0.6561593413352966,1.0,1.0
8,6400,25000,0.27700570225715637,0.39765259623527527,9.99999905104687e-09,1.0,9.99999905104687e-09,1.6717024209356168e-08,4.272315550224448e-07,7.226931757031707e-06,9.701126691652462e-05,0.0014746696688234806,0.031081274151802063,0.5,0.6555672883987427,1.0,1.0
8,6410,25000,0.276977002620697,0.3976532816886902,9.99999905104687e-09,1.0,9.99999905104687e-09,1.6834048821579017e-08,4.268818543096131e-07,7.259337508003227e-06,9.832326759351417e-05,0.0014345644740387797,0.031308259814977646,0.5,0.6599999666213989,1.0,1.0
8,6420,25000,0.2769194543361664,0.3976316750049591,9.99999905104687e-09,1.0,9.99999905104687e-09,1.690915318874886e-08,4.290191668587795e-07,7.230024039017735e-06,9.767909068614244e-05,0.0014615757390856743,0.030992675572633743,0.5,0.6504877209663391,1.0,1.0
8,6430,25000,0.27700480818748474,0.39765262603759766,9.99999905104687e-09,1.0,9.99999905104687e-09,1.679367578333313e-08,4.2612776951500564e-07,7.290487246791599e-06,9.73217174760066e-05,0.001424029003828764,0.03127032145857811,0.5,0.6550633311271667,1.0,1.0
8,6440,25000,0.27695009112358093,0.3976486027240753,9.99999905104687e-09,1.0,9.99999905104687e-09,1.6827753412940183e-08,4.269957685210102e-07,7.1228159868041985e-06,9.746840078150854e-05,0.0014352942816913128,0.031099336221814156,0.5,0.6599999666213989,1.0,1.0
8,6450,25000,0.2769412100315094,0.3976312577724457,9.99999905104687e-09,1.0,9.99999905104687e-09,1.7157335108208827e-08,4.265357915755885e-07,7.2632224146218505e-06,9.806742309592664e-05,0.001465467270463705,0.0314013808965683,0.5,0.655773937702179,1.0,1.0
8,6460,25000,0.2769857943058014,0.3976280093193054,9.99999905104687e-09,1.0,9.99999905104687e-09,1.6897400811899388e-08,4.2658246002247324e-07,7.3028249971685e-06,9.836915705818683e-05,0.0014510061591863632,0.031029745936393738,0.5,0.6552559733390808,1.0,1.0
8,6470,25000,0.2770043909549713,0.39760997891426086,9.99999905104687e-09,1.0,9.99999905104687e-09,1.689339157451286e-08,4.235646144934435e-07,7.116477263480192e-06,9.77207746473141e-05,0.0014441314851865172,0.03163529559969902,0.5,0.6501873135566711,1.0,1.0
8,6480,25000,0.2770220637321472,0.39765456318855286,9.99999905104687e-09,1.0,9.99999905104687e-09,1.6927119261822554e-08,4.3135619876011333e-07,7.15779742677114e-06,9.857275290414691e-05,0.001448803348466754,0.030937351286411285,0.5,0.6599999666213989,1.0,1.0
8,6490,25000,0.27700528502464294,0.39763277769088745,9.99999905104687e-09,1.0,9.99999905104687e-09,1.7046190237124392e-08,4.3381857040003524e-07,7.144650226109661e-06,9.809983021114022e-05,0.0014583064476028085,0.03118693269789219,0.5,0.6577720046043396,1.0,1.0
8,6500,25000,0.2770322263240814,0.3976449966430664,9.99999905104687e-09,1.0,9.99999905104687e-09,1.6859946327940634e-08,4.2995935700673726e-07,7.341624950640835e-06,9.672887972556055e-05,0.0014485425781458616,0.03151820972561836,0.5,0.6599999666213989,1.0,1.0
8,6510,25000,0.2769964337348938,0.3975980281829834,9.99999905104687e-09,1.0,9.99999905104687e-09,1.7003955576910812e-08,4.240874318384158e-07,7.287849257409107e-06,9.994837455451488e-05,0.00147594278678298,0.03195815160870552,0.5,0.6551045775413513,1.0,1.0
8,6520,25000,0.2770022749900818,0.39766958355903625,9.99999905104687e-09,1.0,9.99999905104687e-09,1.7075823421919267e-08,4.3212762079747336e-07,7.174082384153735e-06,9.739749657455832e-05,0.0014468977460637689,0.031042588874697685,0.5,0.6579775810241699,1.0,1.0
8,6530,25000,0.2770158648490906,0.39763912558555603,9.99999905104687e-09,1.0,9.99999905104687e-09,1.683015682374389e-08,4.341600288171321e-07,7.215454388642684e-06,9.81353732640855e-05,0.0014762438368052244,0.031054284423589706,0.5,0.6567800641059875,1.0,1.0
8,6540,25000,0.27697062492370605,0.3976338505744934,9.99999905104687e-09,1.0,9.99999905104687e-09,1.6808872516094198e-08,4.2393259036543895e-07,7.21968490324798e-06,9.913012763718143e-05,0.0014443618711084127,0.03092285618185997,0.5,0.653186023235321,1.0,1.0
8,6550,25000,0.2770502269268036,0.3976441025733948,9.99999905104687e-09,1.0,9.99999905104687e-09,1.6876699149293017e-08,4.2895433693956875e-07,7.228531103464775e-06,9.846993634710088e-05,0.0014698756858706474,0.03110451251268387,0.5,0.6586629152297974,1.0,1.0
8,6560,25000,0.27692165970802307,0.3976312279701233,9.99999905104687e-09,1.0,9.99999905104687e-09,1.7002822261247275e-08,4.337065320214606e-07,7.157073014241178e-06,9.907595813274384e-05,0.0014887815341353416,0.03140376880764961,0.5,0.6574177145957947,1.0,1.0
8,6570,25000,0.27700895071029663,0.39764314889907837,9.99999905104687e-09,1.0,9.99999905104687e-09,1.6830211890805913e-08,4.266030941835197e-07,7.319708856812213e-06,9.880009019980207e-05,0.0014484123094007373,0.031480930745601654,0.5,0.6599999666213989,1.0,1.0
8,6580,25000,0.2770063877105713,0.39764440059661865,9.99999905104687e-09,1.0,9.99999905104687e-09,1.6856795070907538e-08,4.309935377477814e-07,7.236616966110887e-06,9.66548832366243e-05,0.0014525634469464421,0.03119061142206192,0.5,0.6581354141235352,1.0,1.0
8,6590,25000,0.27700376510620117,0.397626131772995,9.99999905104687e-09,1.0,9.99999905104687e-09,1.694119866613164e-08,4.288857837764226e-07,7.265871772688115e-06,9.783898713067174e-05,0.001435094978660345,0.03155762702226639,0.5,0.6574400663375854,1.0,1.0
8,6600,25000,0.27699702978134155,0.3976428210735321,9.99999905104687e-09,1.0,9.99999905104687e-09,1.6962154347766045e-08,4.2703098301899445e-07,7.192435077740811e-06,9.712142491480336e-05,0.00145265506580472,0.03136104717850685,0.5,0.6599999666213989,1.0,1.0
8,6610,25000,0.2769450843334198,0.3976483941078186,9.99999905104687e-09,1.0,9.99999905104687e-09,1.693939388758281e-08,4.265199891051452e-07,7.2404600359732285e-06,9.865222091320902e-05,0.001445953268557787,0.03153245151042938,0.5,0.6599999666213989,1.0,1.0
8,6620,25000,0.2769690752029419,0.3976445496082306,9.99999905104687e-09,1.0,9.99999905104687e-09,1.6973134009390378e-08,4.310925589834369e-07,7.164482212829171e-06,9.685134864412248e-05,0.0014618183486163616,0.031203366816043854,0.5,0.6593198180198669,1.0,1.0
8,6630,25000,0.2769441604614258,0.39762255549430847,9.99999905104687e-09,1.0,9.99999905104687e-09,1.6841372740827865e-08,4.283990051590081e-07,7.22373215467087e-06,9.741885151015595e-05,0.0014406120171770453,0.031381022185087204,0.5,0.6499999761581421,1.0,1.0
8,6640,25000,0.2770078182220459,0.39763858914375305,9.99999905104687e-09,1.0,9.99999905104687e-09,1.6826200877062547e-08,4.2516953158155957e-07,7.229972652567085e-06,9.675719775259495e-05,0.001439919462427497,0.03126061335206032,0.5,0.6599999666213989,1.0,1.0
8,6650,25000,0.2769380509853363,0.39761367440223694,9.99999905104687e-09,1.0,9.99999905104687e-09,1.6775002720237353e-08,4.336630752277415e-07,7.248000656545628e-06,9.91290362435393e-05,0.0014560867566615343,0.03161171078681946,0.5,0.6499999761581421,1.0,1.0
8,6660,25000,0.2769923806190491,0.3976571261882782,9.99999905104687e-09,1.0,9.99999905104687e-09,1.6949808667732214e-08,4.349330708919297e-07,7.3721789703995455e-06,9.92496352409944e-05,0.001436182064935565,0.03140425309538841,0.5,0.6599999666213989,1.0,1.0
8,6670,25000,0.2769453227519989,0.3976411819458008,9.99999905104687e-09,1.0,9.99999905104687e-09,1.6930496116174254e-08,4.271989269000187e-07,7.312213710974902e-06,9.841699647950009e-05,0.0014507254818454385,0.030919525772333145,0.5,0.6599999666213989,1.0,1.0
8,6680,25000,0.2769775986671448,0.39762088656425476,9.99999905104687e-09,1.0,9.99999905104687e-09,1.6723161522236296e-08,4.293623305784422e-07,7.213317076093517e-06,9.87877428997308e-05,0.001453677541576326,0.03123941831290722,0.5,0.6499999761581421,1.0,1.0
8,6690,25000,0.2769868075847626,0.39766421914100647,9.99999905104687e-09,1.0,9.99999905104687e-09,1.6896144927613932e-08,4.345400270722166e-07,7.161381290643476e-06,9.761166438693181e-05,0.0014542394783347845,0.03108253702521324,0.5,0.6547132134437561,1.0,1.0
8,6700,25000,0.2770245671272278,0.39763113856315613,9.99999905104687e-09,1.0,9.99999905104687e-09,1.671009286496883e-08,4.217299363062921e-07,7.100086804712191e-06,9.762527042767033e-05,0.0014531551860272884,0.03113100677728653,0.5,0.6557608842849731,1.0,1.0
8,6710,25000,0.27696001529693604,0.397655725479126,9.99999905104687e-09,1.0,9.99999905104687e-09,1.6860509433058724e-08,4.306652670038602e-07,7.156651918194257e-06,9.794006473384798e-05,0.0014355103485286236,0.030998138710856438,0.5,0.6599999666213989,1.0,1.0
8,6720,25000,0.2770107686519623,0.3976176977157593,9.99999905104687e-09,1.0,9.99999905104687e-09,1.6849510231509157e-08,4.300984812743991e-07,7.2811462814570405e-06,9.817218960961327e-05,0.0014457011129707098,0.031197484582662582,0.5,0.6503027677536011,1.0,1.0
8,6730,25000,0.27698153257369995,0.39762988686561584,9.99999905104687e-09,1.0,9.99999905104687e-09,1.6905465471950265e-08,4.219516256398492e-07,7.0799428613099735e-06,9.803129069041461e-05,0.0014355597086250782,0.031175484880805016,0.5,0.6543490886688232,1.0,1.0
8,6740,25000,0.27699050307273865,0.39765942096710205,9.99999905104687e-09,1.0,9.99999905104687e-09,1.6955638670879125e-08,4.251241136898898e-07,7.132724022085313e-06,9.829762711888179e-05,0.001452673110179603,0.03090568631887436,0.5,0.654662549495697,1.0,1.0
8,6750,25000,0.2770032584667206,0.39762961864471436,9.99999905104687e-09,1.0,9.99999905104687e-09,1.6794436064060392e-08,4.2826567892007006e-07,7.233172709675273e-06,9.841361315920949e-05,0.00145624834112823,0.03145218268036842,0.5,0.6528984308242798,1.0,1.0
8,6760,25000,0.2769274413585663,0.3976321220397949,9.99999905104687e-09,1.0,9.99999905104687e-09,1.7026151155619118e-08,4.2014653445221484e-07,7.120290320017375e-06,9.859797864919528e-05,0.0014485674910247326,0.031101064756512642,0.5,0.6499999761581421,1.0,1.0
8,6770,25000,0.27697160840034485,0.39765670895576477,9.99999905104687e-09,1.0,9.99999905104687e-09,1.675371841258766e-08,4.2262479382770834e-07,7.154755166993709e-06,9.821422281675041e-05,0.0014333841390907764,0.031177017837762833,0.5,0.6599999666213989,1.0,1.0
8,6780,25000,0.277008056640625,0.39762476086616516,9.99999905104687e-09,1.0,9.99999905104687e-09,1.6838702876498246e-08,4.2444617065484636e-07,7.142083177313907e-06,9.70091059571132e-05,0.0014499938115477562,0.03169038146734238,0.5,0.6548512578010559,1.0,1.0
8,6790,25000,0.27692246437072754,0.3976282477378845,9.99999905104687e-09,1.0,9.99999905104687e-09,1.6841642747067453e-08,4.3253012904642674e-07,7.261081918841228e-06,9.636620961828157e-05,0.0014555309899151325,0.03081507235765457,0.5,0.6508252620697021,1.0,1.0
8,6800,25000,0.2769322991371155,0.39764514565467834,9.99999905104687e-09,1.0,9.99999905104687e-09,1.6666751534444302e-08,4.301573994780483e-07,7.243603249662556e-06,9.776036313269287e-05,0.0014401484513655305,0.030920345336198807,0.5,0.6547394394874573,1.0,1.0
8,6810,25000,0.27697157859802246,0.39763984084129333,9.99999905104687e-09,1.0,9.99999905104687e-09,1.680152017513592e-08,4.32297042607388e-07,7.240555532916915e-06,9.817436512093991e-05,0.0014696621801704168,0.03123294748365879,0.5,0.656189501285553,1.0,1.0
8,6820,25000,0.27700990438461304,0.39762887358665466,9.99999905104687e-09,1.0,9.99999905104687e-09,1.6840457917055573e-08,4.3041066533078265e-07,7.180510237958515e-06,9.69811953837052e-05,0.0014446144923567772,0.03173171356320381,0.5,0.6542567610740662,1.0,1.0
8,6830,25000,0.2769899070262909,0.3976360857486725,9.99999905104687e-09,1.0,9.99999905104687e-09,1.6891689824660716e-08,4.2684010281845985e-07,7.291674592124764e-06,9.709731239126995e-05,0.0014616302214562893,0.031139804050326347,0.5,0.6534708142280579,1.0,1.0
8,6840,25000,0.2769440710544586,0.3976176083087921,9.99999905104687e-09,1.0,9.99999905104687e-09,1.6899830868055687e-08,4.377510549602448e-07,7.305309281946393e-06,9.81058256002143e-05,0.001431974465958774,0.031039351597428322,0.5,0.6500374674797058,1.0,1.0
8,6850,25000,0.2770023047924042,0.39765357971191406,9.99999905104687e-09,1.0,9.99999905104687e-09,1.688392181620202e-08,4.2118745113839395e-07,7.25718427929678e-06,9.694996697362512e-05,0.0014476203359663486,0.031413719058036804,0.5,0.6599999666213989,1.0,1.0
8,6860,25000,0.2769649624824524,0.3976312279701233,9.99999905104687e-09,1.0,9.99999905104687e-09,1.6901116950407413e-08,4.341877684055362e-07,7.202180313470308e-06,9.633117588236928e-05,0.0014494273345917463,0.03138415515422821,0.5,0.6584077477455139,1.0,1.0
8,6870,25000,0.27697837352752686,0.3976292610168457,9.99999905104687e-09,1.0,9.99999905104687e-09,1.6911659628249254e-08,4.3054208731518884e-07,7.281620582944015e-06,9.770637552719563e-05,0.0014568530023097992,0.030864089727401733,0.5,0.6514090299606323,1.0,1.0
8,6880,25000,0.2769817113876343,0.39762550592422485,9.99999905104687e-09,1.0,9.99999905104687e-09,1.684517414446418e-08,4.2212298012600513e-07,7.248052042996278e-06,9.84188009169884e-05,0.0014700113097205758,0.03138171136379242,0.5,0.6535988450050354,1.0,1.0
8,6890,25000,0.2769917845726013,0.3976447284221649,9.99999905104687e-09,1.0,9.99999905104687e-09,1.695147844316125e-08,4.292275548323232e-07,7.315619313885691e-06,9.711964230518788e-05,0.001474756863899529,0.031076868996024132,0.5,0.6566548347473145,1.0,1.0
8,6900,25000,0.27696913480758667,0.3976499140262604,9.99999905104687e-09,1.0,9.99999905104687e-09,1.6909780242713168e-08,4.2491618046369695e-07,7.266645297931973e-06,9.720688103698194e-05,0.001448620343580842,0.030724570155143738,0.5,0.6573213338851929,1.0,1.0
8,6910,25000,0.2769888639450073,0.3976260721683502,9.99999905104687e-09,1.0,9.99999905104687e-09,1.691167028639029e-08,4.278988114947424e-07,7.309206921490841e-06,9.835858509177342e-05,0.0014403893146663904,0.0312038604170084,0.5,0.6500771641731262,1.0,1.0
8,6920,25000,0.2770121097564697,0.39764708280563354,9.99999905104687e-09,1.0,9.99999905104687e-09,1.6825936199893476e-08,4.3021239548579615e-07,7.38509834263823e-06,9.892910020425916e-05,0.001457050209864974,0.03152065351605415,0.5,0.6599999666213989,1.0,1.0
8,6930,25000,0.2770063281059265,0.3976597487926483,9.99999905104687e-09,1.0,9.99999905104687e-09,1.6768739286021628e-08,4.2591139504111197e-07,7.022946647339268e-06,9.824365406529978e-05,0.0014194170944392681,0.031377654522657394,0.5,0.6566604971885681,1.0,1.0
8,6940,25000,0.2769428789615631,0.3976525366306305,9.99999905104687e-09,1.0,9.99999905104687e-09,1.6785547174436033e-08,4.279312406652025e-07,7.317401468753815e-06,9.823215077631176e-05,0.0014680649619549513,0.0312824621796608,0.5,0.6599999666213989,1.0,1.0
8,6950,25000,0.27698206901550293,0.39764896035194397,9.99999905104687e-09,1.0,9.99999905104687e-09,1.6774128752672368e-08,4.282080396933452e-07,7.339274361584103e-06,9.683622920420021e-05,0.0014635620173066854,0.031141294166445732,0.5,0.6599999666213989,1.0,1.0
8,6960,25000,0.2769668996334076,0.397622287273407,9.99999905104687e-09,1.0,9.99999905104687e-09,1.6671201308327e-08,4.177437631369685e-07,7.319005817407742e-06,9.661552758188918e-05,0.0014346616808325052,0.03158949688076973,0.5,0.6591246724128723,1.0,1.0
8,6970,25000,0.27697741985321045,0.3976653516292572,9.99999905104687e-09,1.0,9.99999905104687e-09,1.684325567907763e-08,4.243185287577944e-07,7.2465804805688094e-06,9.666964615462348e-05,0.0014584774617105722,0.03085140697658062,0.5,0.6590754389762878,1.0,1.0
8,6980,25000,0.27702003717422485,0.3976097106933594,9.99999905104687e-09,1.0,9.99999905104687e-09,1.6911428701860132e-08,4.232780952406756e-07,7.193321835075039e-06,9.795824735192582e-05,0.001473089912906289,0.031593553721904755,0.5,0.651164174079895,1.0,1.0
8,6990,25000,0.27695372700691223,0.3976624011993408,9.99999905104687e-09,1.0,9.99999905104687e-09,1.6736287022922625e-08,4.220104870000796e-07,7.1948552431422286e-06,9.914112888509408e-05,0.0014598432462662458,0.031014667823910713,0.5,0.6599999666213989,1.0,1.0
8,7000,25000,0.27702316641807556,0.3976379632949829,9.99999905104687e-09,1.0,9.99999905104687e-09,1.691270412607082e-08,4.29458992812215e-07,7.325413207581732e-06,9.947998478310183e-05,0.001450805924832821,0.03138696774840355,0.5,0.6599999666213989,1.0,1.0
