step,epoch,n_refreshed,mean,std,min,max,q00,q10,q20,q30,q40,q50,q60,q70,q80,q90,q100
9,0,,0.2250346541404724,0.4142068326473236,9.99999905104687e-09,1.0,9.99999905104687e-09,9.99999905104687e-09,9.99999905104687e-09,9.99999905104687e-09,9.99999905104687e-09,9.99999905104687e-09,9.99999905104687e-09,9.99999905104687e-09,1.0,1.0,1.0
9,10,25000,0.2095239907503128,0.40029892325401306,9.99999905104687e-09,1.0,9.99999905104687e-09,9.99999905104687e-09,9.99999905104687e-09,9.99999905104687e-09,9.99999905104687e-09,9.99999905104687e-09,9.99999905104687e-09,9.99999905104687e-09,1.0,1.0,1.0
9,20,25000,0.20953987538814545,0.4002976715564728,9.99999905104687e-09,1.0,9.99999905104687e-09,9.99999905104687e-09,9.99999905104687e-09,9.99999905104687e-09,9.99999905104687e-09,9.99999905104687e-09,9.99999905104687e-09,9.99999905104687e-09,1.0,1.0,1.0
9,30,25000,0.20952439308166504,0.40030965209007263,9.99999905104687e-09,1.0,9.99999905104687e-09,9.99999905104687e-09,9.99999905104687e-09,9.99999905104687e-09,9.99999905104687e-09,9.99999905104687e-09,9.99999905104687e-09,9.99999905104687e-09,1.0,1.0,1.0
9,40,25000,0.20955106616020203,0.4003303050994873,9.99999905104687e-09,1.0,9.99999905104687e-09,9.99999905104687e-09,9.99999905104687e-09,9.99999905104687e-09,9.99999905104687e-09,9.99999905104687e-09,9.99999905104687e-09,9.99999905104687e-09,1.0,1.0,1.0
9,50,25000,0.2095344066619873,0.4003019332885742,9.99999905104687e-09,1.0,9.99999905104687e-09,9.99999905104687e-09,9.99999905104687e-09,9.99999905104687e-09,9.99999905104687e-09,9.99999905104687e-09,9.99999905104687e-09,9.99999905104687e-09,1.0,1.0,1.0
9,60,25000,0.20951493084430695,0.40029945969581604,9.99999905104687e-09,1.0,9.99999905104687e-09,9.99999905104687e-09,9.99999905104687e-09,9.99999905104687e-09,9.99999905104687e-09,9.99999905104687e-09,9.99999905104687e-09,9.99999905104687e-09,1.0,1.0,1.0
9,70,25000,0.2095005363225937,0.4003095030784607,9.99999905104687e-09,1.0,9.99999905104687e-09,9.99999905104687e-09,9.99999905104687e-09,9.99999905104687e-09,9.99999905104687e-09,9.99999905104687e-09,9.99999905104687e-09,9.99999905104687e-09,1.0,1.0,1.0
9,80,25000,0.20951174199581146,0.4003043472766876,9.99999905104687e-09,1.0,9.99999905104687e-09,9.99999905104687e-09,9.99999905104687e-09,9.99999905104687e-09,9.99999905104687e-09,9.99999905104687e-09,9.99999905104687e-09,9.99999905104687e-09,1.0,1.0,1.0
9,90,25000,0.20950491726398468,0.40031397342681885,9.99999905104687e-09,1.0,9.99999905104687e-09,9.99999905104687e-09,9.99999905104687e-09,9.99999905104687e-09,9.99999905104687e-09,9.99999905104687e-09,9.99999905104687e-09,9.99999905104687e-09,1.0,1.0,1.0
9,100,25000,0.2095794677734375,0.40033257007598877,9.99999905104687e-09,1.0,9.99999905104687e-09,9.99999905104687e-09,9.99999905104687e-09,9.99999905104687e-09,9.99999905104687e-09,9.99999905104687e-09,9.99999905104687e-09,9.99999905104687e-09,1.0,1.0,1.0
9,110,25000,0.20958425104618073,0.40035301446914673,9.99999905104687e-09,1.0,9.99999905104687e-09,9.99999905104687e-09,9.99999905104687e-09,9.99999905104687e-09,9.99999905104687e-09,9.99999905104687e-09,9.99999905104687e-09,9.99999905104687e-09,1.0,1.0,1.0
9,120,25000,0.20956239104270935,0.4003562033176422,9.99999905104687e-09,1.0,9.99999905104687e-09,9.99999905104687e-09,9.99999905104687e-09,9.99999905104687e-09,9.99999905104687e-09,9.99999905104687e-09,9.99999905104687e-09,9.99999905104687e-09,1.0,1.0,1.0
9,130,25000,0.20963920652866364,0.40035003423690796,9.99999905104687e-09,1.0,9.99999905104687e-09,9.99999905104687e-09,9.99999905104687e-09,9.99999905104687e-09,9.99999905104687e-09,9.99999905104687e-09,9.99999905104687e-09,9.99999905104687e-09,1.0,1.0,1.0
9,140,25000,0.2095770686864853,0.4003547132015228,9.99999905104687e-09,1.0,9.99999905104687e-09,9.99999905104687e-09,9.99999905104687e-09,9.99999905104687e-09,9.99999905104687e-09,9.99999905104687e-09,9.99999905104687e-09,9.99999905104687e-09,1.0,1.0,1.0
9,150,25000,0.2096615880727768,0.40038836002349854,9.99999905104687e-09,1.0,9.99999905104687e-09,9.99999905104687e-09,9.99999905104687e-09,9.99999905104687e-09,9.99999905104687e-09,9.99999905104687e-09,9.99999905104687e-09,9.99999905104687e-09,1.0,1.0,1.0
9,160,25000,0.20965039730072021,0.4004461467266083,9.99999905104687e-09,1.0,9.99999905104687e-09,9.99999905104687e-09,9.99999905104687e-09,9.99999905104687e-09,9.99999905104687e-09,9.99999905104687e-09,9.99999905104687e-09,9.99999905104687e-09,1.0,1.0,1.0
9,170,25000,0.20970921218395233,0.40045884251594543,9.99999905104687e-09,1.0,9.99999905104687e-09,9.99999905104687e-09,9.99999905104687e-09,9.99999905104687e-09,9.99999905104687e-09,9.99999905104687e-09,9.99999905104687e-09,9.99999905104687e-09,1.0,1.0,1.0
9,180,25000,0.20969052612781525,0.4005107879638672,9.99999905104687e-09,1.0,9.99999905104687e-09,9.99999905104687e-09,9.99999905104687e-09,9.99999905104687e-09,9.99999905104687e-09,9.99999905104687e-09,9.99999905104687e-09,9.99999905104687e-09,1.0,1.0,1.0
9,190,25000,0.20967747271060944,0.4005172550678253,9.99999905104687e-09,1.0,9.99999905104687e-09,9.99999905104687e-09,9.99999905104687e-09,9.99999905104687e-09,9.99999905104687e-09,9.99999905104687e-09,9.99999905104687e-09,9.99999905104687e-09,1.0,1.0,1.0
9,200,25000,0.20969651639461517,0.4005539119243622,9.99999905104687e-09,1.0,9.99999905104687e-09,9.99999905104687e-09,9.99999905104687e-09,9.99999905104687e-09,9.99999905104687e-09,9.99999905104687e-09,9.99999905104687e-09,9.99999905104687e-09,1.0,1.0,1.0
9,210,25000,0.20978108048439026,0.4005504250526428,9.99999905104687e-09,1.0,9.99999905104687e-09,9.99999905104687e-09,9.99999905104687e-09,9.99999905104687e-09,9.99999905104687e-09,9.99999905104687e-09,9.99999905104687e-09,9.99999905104687e-09,1.0,1.0,1.0
9,220,25000,0.20975452661514282,0.40055009722709656,9.99999905104687e-09,1.0,9.99999905104687e-09,9.99999905104687e-09,9.99999905104687e-09,9.99999905104687e-09,9.99999905104687e-09,9.99999905104687e-09,9.99999905104687e-09,9.99999905104687e-09,1.0,1.0,1.0
9,230,25000,0.2097708135843277,0.4005863070487976,9.99999905104687e-09,1.0,9.99999905104687e-09,9.99999905104687e-09,9.99999905104687e-09,9.99999905104687e-09,9.99999905104687e-09,9.99999905104687e-09,9.99999905104687e-09,9.99999905104687e-09,1.0,1.0,1.0
9,240,25000,0.20981372892856598,0.4006117880344391,9.99999905104687e-09,1.0,9.99999905104687e-09,9.99999905104687e-09,9.99999905104687e-09,9.99999905104687e-09,9.99999905104687e-09,9.99999905104687e-09,9.99999905104687e-09,9.99999905104687e-09,1.0,1.0,1.0
9,250,25000,0.20982468128204346,0.4006343483924866,9.99999905104687e-09,1.0,9.99999905104687e-09,9.99999905104687e-09,9.99999905104687e-09,9.99999905104687e-09,9.99999905104687e-09,9.99999905104687e-09,9.99999905104687e-09,9.99999905104687e-09,1.0,1.0,1.0
9,260,25000,0.20979253947734833,0.40059423446655273,9.99999905104687e-09,1.0,9.99999905104687e-09,9.99999905104687e-09,9.99999905104687e-09,9.99999905104687e-09,9.99999905104687e-09,9.99999905104687e-09,9.99999905104687e-09,9.99999905104687e-09,1.0,1.0,1.0
9,270,25000,0.20982612669467926,0.40062108635902405,9.99999905104687e-09,1.0,9.99999905104687e-09,9.99999905104687e-09,9.99999905104687e-09,9.99999905104687e-09,9.99999905104687e-09,9.99999905104687e-09,9.99999905104687e-09,9.99999905104687e-09,1.0,1.0,1.0
9,280,25000,0.20983414351940155,0.4006369411945343,9.99999905104687e-09,1.0,9.99999905104687e-09,9.99999905104687e-09,9.99999905104687e-09,9.99999905104687e-09,9.99999905104687e-09,9.99999905104687e-09,9.99999905104687e-09,9.99999905104687e-09,1.0,1.0,1.0
9,290,25000,0.20980733633041382,0.4006604850292206,9.99999905104687e-09,1.0,9.99999905104687e-09,9.99999905104687e-09,9.99999905104687e-09,9.99999905104687e-09,9.99999905104687e-09,9.99999905104687e-09,9.99999905104687e-09,9.99999905104687e-09,1.0,1.0,1.0
9,300,25000,0.20984186232089996,0.40065082907676697,9.99999905104687e-09,1.0,9.99999905104687e-09,9.99999905104687e-09,9.99999905104687e-09,9.99999905104687e-09,9.99999905104687e-09,9.99999905104687e-09,9.99999905104687e-09,9.99999905104687e-09,1.0,1.0,1.0
9,310,25000,0.20984585583209991,0.40067699551582336,9.99999905104687e-09,1.0,9.99999905104687e-09,9.99999905104687e-09,9.99999905104687e-09,9.99999905104687e-09,9.99999905104687e-09,9.99999905104687e-09,9.99999905104687e-09,9.99999905104687e-09,1.0,1.0,1.0
9,320,25000,0.20986706018447876,0.40066277980804443,9.99999905104687e-09,1.0,9.99999905104687e-09,9.99999905104687e-09,9.99999905104687e-09,9.99999905104687e-09,9.99999905104687e-09,9.99999905104687e-09,9.99999905104687e-09,9.99999905104687e-09,1.0,1.0,1.0
9,330,25000,0.20978520810604095,0.4006809890270233,9.99999905104687e-09,1.0,9.99999905104687e-09,9.99999905104687e-09,9.99999905104687e-09,9.99999905104687e-09,9.99999905104687e-09,9.99999905104687e-09,9.99999905104687e-09,9.99999905104687e-09,1.0,1.0,1.0
9,340,25000,0.2098425328731537,0.40068331360816956,9.99999905104687e-09,1.0,9.99999905104687e-09,9.99999905104687e-09,9.99999905104687e-09,9.99999905104687e-09,9.99999905104687e-09,9.99999905104687e-09,9.99999905104687e-09,9.99999905104687e-09,1.0,1.0,1.0
9,350,25000,0.20982906222343445,0.40066561102867126,9.99999905104687e-09,1.0,9.99999905104687e-09,9.99999905104687e-09,9.99999905104687e-09,9.99999905104687e-09,9.99999905104687e-09,9.99999905104687e-09,9.99999905104687e-09,9.99999905104687e-09,1.0,1.0,1.0
9,360,25000,0.20982588827610016,0.40065997838974,9.99999905104687e-09,1.0,9.99999905104687e-09,9.99999905104687e-09,9.99999905104687e-09,9.99999905104687e-09,9.99999905104687e-09,9.99999905104687e-09,9.99999905104687e-09,9.99999905104687e-09,1.0,1.0,1.0
9,370,25000,0.2098209410905838,0.4006803035736084,9.99999905104687e-09,1.0,9.99999905104687e-09,9.99999905104687e-09,9.99999905104687e-09,9.99999905104687e-09,9.99999905104687e-09,9.99999905104687e-09,9.99999905104687e-09,9.99999905104687e-09,1.0,1.0,1.0
9,380,25000,0.20985105633735657,0.4006887376308441,9.99999905104687e-09,1.0,9.99999905104687e-09,9.99999905104687e-09,9.99999905104687e-09,9.99999905104687e-09,9.99999905104687e-09,9.99999905104687e-09,9.99999905104687e-09,9.99999905104687e-09,1.0,1.0,1.0
9,390,25000,0.2099170684814453,0.4006948173046112,9.99999905104687e-09,1.0,9.99999905104687e-09,9.99999905104687e-09,9.99999905104687e-09,9.99999905104687e-09,9.99999905104687e-09,9.99999905104687e-09,9.99999905104687e-09,9.99999905104687e-09,1.0,1.0,1.0
9,400,25000,0.2098592072725296,0.40068623423576355,9.99999905104687e-09,1.0,9.99999905104687e-09,9.99999905104687e-09,9.99999905104687e-09,9.99999905104687e-09,9.99999905104687e-09,9.99999905104687e-09,9.99999905104687e-09,9.99999905104687e-09,1.0,1.0,1.0
9,410,25000,0.20980587601661682,0.4006694257259369,9.99999905104687e-09,1.0,9.99999905104687e-09,9.99999905104687e-09,9.99999905104687e-09,9.99999905104687e-09,9.99999905104687e-09,9.99999905104687e-09,9.99999905104687e-09,9.99999905104687e-09,1.0,1.0,1.0
9,420,25000,0.20985718071460724,0.40066707134246826,9.99999905104687e-09,1.0,9.99999905104687e-09,9.99999905104687e-09,9.99999905104687e-09,9.99999905104687e-09,9.99999905104687e-09,9.99999905104687e-09,9.99999905104687e-09,9.99999905104687e-09,1.0,1.0,1.0
9,430,25000,0.2098289281129837,0.40067368745803833,9.99999905104687e-09,1.0,9.99999905104687e-09,9.99999905104687e-09,9.99999905104687e-09,9.99999905104687e-09,9.99999905104687e-09,9.99999905104687e-09,9.99999905104687e-09,9.99999905104687e-09,1.0,1.0,1.0
9,440,25000,0.2098742574453354,0.40068086981773376,9.99999905104687e-09,1.0,9.99999905104687e-09,9.99999905104687e-09,9.99999905104687e-09,9.99999905104687e-09,9.99999905104687e-09,9.99999905104687e-09,9.99999905104687e-09,9.99999905104687e-09,1.0,1.0,1.0
9,450,25000,0.20988760888576508,0.40067771077156067,9.99999905104687e-09,1.0,9.99999905104687e-09,9.99999905104687e-09,9.99999905104687e-09,9.99999905104687e-09,9.99999905104687e-09,9.99999905104687e-09,9.99999905104687e-09,9.99999905104687e-09,1.0,1.0,1.0
9,460,25000,0.20988959074020386,0.40071913599967957,9.99999905104687e-09,1.0,9.99999905104687e-09,9.99999905104687e-09,9.99999905104687e-09,9.99999905104687e-09,9.99999905104687e-09,9.99999905104687e-09,9.99999905104687e-09,9.99999905104687e-09,1.0,1.0,1.0
9,470,25000,0.2097785472869873,0.4006885588169098,9.99999905104687e-09,1.0,9.99999905104687e-09,9.99999905104687e-09,9.99999905104687e-09,9.99999905104687e-09,9.99999905104687e-09,9.99999905104687e-09,9.99999905104687e-09,9.99999905104687e-09,1.0,1.0,1.0
9,480,25000,0.20985040068626404,0.40069857239723206,9.99999905104687e-09,1.0,9.99999905104687e-09,9.99999905104687e-09,9.99999905104687e-09,9.99999905104687e-09,9.99999905104687e-09,9.99999905104687e-09,9.99999905104687e-09,9.99999905104687e-09,1.0,1.0,1.0
9,490,25000,0.20985400676727295,0.4006972014904022,9.99999905104687e-09,1.0,9.99999905104687e-09,9.99999905104687e-09,9.99999905104687e-09,9.99999905104687e-09,9.99999905104687e-09,9.99999905104687e-09,9.99999905104687e-09,9.99999905104687e-09,1.0,1.0,1.0
9,500,25000,0.20983733236789703,0.40073487162590027,9.99999905104687e-09,1.0,9.99999905104687e-09,9.99999905104687e-09,9.99999905104687e-09,9.99999905104687e-09,9.99999905104687e-09,9.99999905104687e-09,9.99999905104687e-09,9.99999905104687e-09,1.0,1.0,1.0
9,510,25000,0.20984159409999847,0.40071243047714233,9.99999905104687e-09,1.0,9.99999905104687e-09,9.99999905104687e-09,9.99999905104687e-09,9.99999905104687e-09,9.99999905104687e-09,9.99999905104687e-09,9.99999905104687e-09,9.99999905104687e-09,1.0,1.0,1.0
9,520,25000,0.20987731218338013,0.4007047712802887,9.99999905104687e-09,1.0,9.99999905104687e-09,9.99999905104687e-09,9.99999905104687e-09,9.99999905104687e-09,9.99999905104687e-09,9.99999905104687e-09,9.99999905104687e-09,9.99999905104687e-09,1.0,1.0,1.0
9,530,25000,0.20992372930049896,0.40072253346443176,9.99999905104687e-09,1.0,9.99999905104687e-09,9.99999905104687e-09,9.99999905104687e-09,9.99999905104687e-09,9.99999905104687e-09,9.99999905104687e-09,9.99999905104687e-09,9.99999905104687e-09,1.0,1.0,1.0
9,540,25000,0.20989574491977692,0.4007064998149872,9.99999905104687e-09,1.0,9.99999905104687e-09,9.99999905104687e-09,9.99999905104687e-09,9.99999905104687e-09,9.99999905104687e-09,9.99999905104687e-09,9.99999905104687e-09,9.99999905104687e-09,1.0,1.0,1.0
9,550,25000,0.20987680554389954,0.40071508288383484,9.99999905104687e-09,1.0,9.99999905104687e-09,9.99999905104687e-09,9.99999905104687e-09,9.99999905104687e-09,9.99999905104687e-09,9.99999905104687e-09,9.99999905104687e-09,9.99999905104687e-09,1.0,1.0,1.0
9,560,25000,0.209870383143425,0.4006938338279724,9.99999905104687e-09,1.0,9.99999905104687e-09,9.99999905104687e-09,9.99999905104687e-09,9.99999905104687e-09,9.99999905104687e-09,9.99999905104687e-09,9.99999905104687e-09,9.99999905104687e-09,1.0,1.0,1.0
9,570,25000,0.20990706980228424,0.40069830417633057,9.99999905104687e-09,1.0,9.99999905104687e-09,9.99999905104687e-09,9.99999905104687e-09,9.99999905104687e-09,9.99999905104687e-09,9.99999905104687e-09,9.99999905104687e-09,9.99999905104687e-09,1.0,1.0,1.0
9,580,25000,0.20983760058879852,0.4007463753223419,9.99999905104687e-09,1.0,9.99999905104687e-09,9.99999905104687e-09,9.99999905104687e-09,9.99999905104687e-09,9.99999905104687e-09,9.99999905104687e-09,9.99999905104687e-09,9.99999905104687e-09,1.0,1.0,1.0
9,590,25000,0.2098882496356964,0.4007055163383484,9.99999905104687e-09,1.0,9.99999905104687e-09,9.99999905104687e-09,9.99999905104687e-09,9.99999905104687e-09,9.99999905104687e-09,9.99999905104687e-09,9.99999905104687e-09,9.99999905104687e-09,1.0,1.0,1.0
9,600,25000,0.20985932648181915,0.4007495939731598,9.99999905104687e-09,1.0,9.99999905104687e-09,9.99999905104687e-09,9.99999905104687e-09,9.99999905104687e-09,9.99999905104687e-09,9.99999905104687e-09,9.99999905104687e-09,9.99999905104687e-09,1.0,1.0,1.0
9,610,25000,0.20988039672374725,0.4007348120212555,9.99999905104687e-09,1.0,9.99999905104687e-09,9.99999905104687e-09,9.99999905104687e-09,9.99999905104687e-09,9.99999905104687e-09,9.99999905104687e-09,9.99999905104687e-09,9.99999905104687e-09,1.0,1.0,1.0
9,620,25000,0.20990493893623352,0.40076935291290283,9.99999905104687e-09,1.0,9.99999905104687e-09,9.99999905104687e-09,9.99999905104687e-09,9.99999905104687e-09,9.99999905104687e-09,9.99999905104687e-09,9.99999905104687e-09,9.99999905104687e-09,1.0,1.0,1.0
9,630,25000,0.2099369317293167,0.40074560046195984,9.99999905104687e-09,1.0,9.99999905104687e-09,9.99999905104687e-09,9.99999905104687e-09,9.99999905104687e-09,9.99999905104687e-09,9.99999905104687e-09,9.99999905104687e-09,9.99999905104687e-09,1.0,1.0,1.0
9,640,25000,0.20983387529850006,0.4007345139980316,9.99999905104687e-09,1.0,9.99999905104687e-09,9.99999905104687e-09,9.99999905104687e-09,9.99999905104687e-09,9.99999905104687e-09,9.99999905104687e-09,9.99999905104687e-09,9.99999905104687e-09,1.0,1.0,1.0
9,650,25000,0.20989453792572021,0.4007314443588257,9.99999905104687e-09,1.0,9.99999905104687e-09,9.99999905104687e-09,9.99999905104687e-09,9.99999905104687e-09,9.99999905104687e-09,9.99999905104687e-09,9.99999905104687e-09,9.99999905104687e-09,1.0,1.0,1.0
9,660,25000,0.20997945964336395,0.40075260400772095,9.99999905104687e-09,1.0,9.99999905104687e-09,9.99999905104687e-09,9.99999905104687e-09,9.99999905104687e-09,9.99999905104687e-09,9.99999905104687e-09,9.99999905104687e-09,9.99999905104687e-09,1.0,1.0,1.0
9,670,25000,0.20985759794712067,0.400728315114975,9.99999905104687e-09,1.0,9.99999905104687e-09,9.99999905104687e-09,9.99999905104687e-09,9.99999905104687e-09,9.99999905104687e-09,9.99999905104687e-09,9.99999905104687e-09,9.99999905104687e-09,1.0,1.0,1.0
9,680,25000,0.20988759398460388,0.40073397755622864,9.99999905104687e-09,1.0,9.99999905104687e-09,9.99999905104687e-09,9.99999905104687e-09,9.99999905104687e-09,9.99999905104687e-09,9.99999905104687e-09,9.99999905104687e-09,9.99999905104687e-09,1.0,1.0,1.0
9,690,25000,0.20992426574230194,0.40076324343681335,9.99999905104687e-09,1.0,9.99999905104687e-09,9.99999905104687e-09,9.99999905104687e-09,9.99999905104687e-09,9.99999905104687e-09,9.99999905104687e-09,9.99999905104687e-09,9.99999905104687e-09,1.0,1.0,1.0
9,700,25000,0.20990198850631714,0.4007374942302704,9.99999905104687e-09,1.0,9.99999905104687e-09,9.99999905104687e-09,9.99999905104687e-09,9.99999905104687e-09,9.99999905104687e-09,9.99999905104687e-09,9.99999905104687e-09,9.99999905104687e-09,1.0,1.0,1.0
9,710,25000,0.20991720259189606,0.400784969329834,9.99999905104687e-09,1.0,9.99999905104687e-09,9.99999905104687e-09,9.99999905104687e-09,9.99999905104687e-09,9.99999905104687e-09,9.99999905104687e-09,9.99999905104687e-09,9.99999905104687e-09,1.0,1.0,1.0
9,720,25000,0.20989640057086945,0.40078458189964294,9.99999905104687e-09,1.0,9.99999905104687e-09,9.99999905104687e-09,9.99999905104687e-09,9.99999905104687e-09,9.99999905104687e-09,9.99999905104687e-09,9.99999905104687e-09,9.99999905104687e-09,1.0,1.0,1.0
9,730,25000,0.20985838770866394,0.4007391035556793,9.99999905104687e-09,1.0,9.99999905104687e-09,9.99999905104687e-09,9.99999905104687e-09,9.99999905104687e-09,9.99999905104687e-09,9.99999905104687e-09,9.99999905104687e-09,9.99999905104687e-09,1.0,1.0,1.0
9,740,25000,0.20990200340747833,0.4007289409637451,9.99999905104687e-09,1.0,9.99999905104687e-09,9.99999905104687e-09,9.99999905104687e-09,9.99999905104687e-09,9.99999905104687e-09,9.99999905104687e-09,9.99999905104687e-09,9.99999905104687e-09,1.0,1.0,1.0
9,750,25000,0.20991826057434082,0.40077534317970276,9.99999905104687e-09,1.0,9.99999905104687e-09,9.99999905104687e-09,9.99999905104687e-09,9.99999905104687e-09,9.99999905104687e-09,9.99999905104687e-09,9.99999905104687e-09,9.99999905104687e-09,1.0,1.0,1.0
9,760,25000,0.20988279581069946,0.40076518058776855,9.99999905104687e-09,1.0,9.99999905104687e-09,9.99999905104687e-09,9.99999905104687e-09,9.99999905104687e-09,9.99999905104687e-09,9.99999905104687e-09,9.99999905104687e-09,9.99999905104687e-09,1.0,1.0,1.0
9,770,25000,0.20996813476085663,0.4007425308227539,9.99999905104687e-09,1.0,9.99999905104687e-09,9.99999905104687e-09,9.99999905104687e-09,9.99999905104687e-09,9.99999905104687e-09,9.99999905104687e-09,9.99999905104687e-09,9.99999905104687e-09,1.0,1.0,1.0
9,780,25000,0.2099122703075409,0.40077826380729675,9.99999905104687e-09,1.0,9.99999905104687e-09,9.99999905104687e-09,9.99999905104687e-09,9.99999905104687e-09,9.99999905104687e-09,9.99999905104687e-09,9.99999905104687e-09,9.99999905104687e-09,1.0,1.0,1.0
9,790,25000,0.20989546179771423,0.4006918966770172,9.99999905104687e-09,1.0,9.99999905104687e-09,9.99999905104687e-09,9.99999905104687e-09,9.99999905104687e-09,9.99999905104687e-09,9.99999905104687e-09,9.99999905104687e-09,9.99999905104687e-09,1.0,1.0,1.0
9,800,25000,0.20994654297828674,0.40075573325157166,9.99999905104687e-09,1.0,9.99999905104687e-09,9.99999905104687e-09,9.99999905104687e-09,9.99999905104687e-09,9.99999905104687e-09,9.99999905104687e-09,9.99999905104687e-09,9.99999905104687e-09,1.0,1.0,1.0
9,810,25000,0.20991520583629608,0.40077054500579834,9.99999905104687e-09,1.0,9.99999905104687e-09,9.99999905104687e-09,9.99999905104687e-09,9.99999905104687e-09,9.99999905104687e-09,9.99999905104687e-09,9.99999905104687e-09,9.99999905104687e-09,1.0,1.0,1.0
9,820,25000,0.2099558711051941,0.40079066157341003,9.99999905104687e-09,1.0,9.99999905104687e-09,9.99999905104687e-09,9.99999905104687e-09,9.99999905104687e-09,9.99999905104687e-09,9.99999905104687e-09,9.99999905104687e-09,9.99999905104687e-09,1.0,1.0,1.0
9,830,25000,0.20993119478225708,0.40079590678215027,9.99999905104687e-09,1.0,9.99999905104687e-09,9.99999905104687e-09,9.99999905104687e-09,9.99999905104687e-09,9.99999905104687e-09,9.99999905104687e-09,9.99999905104687e-09,9.99999905104687e-09,1.0,1.0,1.0
9,840,25000,0.20992986857891083,0.40076789259910583,9.99999905104687e-09,1.0,9.99999905104687e-09,9.99999905104687e-09,9.99999905104687e-09,9.99999905104687e-09,9.99999905104687e-09,9.99999905104687e-09,9.99999905104687e-09,9.99999905104687e-09,1.0,1.0,1.0
9,850,25000,0.20994333922863007,0.40077266097068787,9.99999905104687e-09,1.0,9.99999905104687e-09,9.99999905104687e-09,9.99999905104687e-09,9.99999905104687e-09,9.99999905104687e-09,9.99999905104687e-09,9.99999905104687e-09,9.99999905104687e-09,1.0,1.0,1.0
9,860,25000,0.2099289447069168,0.4007737934589386,9.99999905104687e-09,1.0,9.99999905104687e-09,9.99999905104687e-09,9.99999905104687e-09,9.99999905104687e-09,9.99999905104687e-09,9.99999905104687e-09,9.99999905104687e-09,9.99999905104687e-09,1.0,1.0,1.0
9,870,25000,0.2099609375,0.4007512331008911,9.99999905104687e-09,1.0,9.99999905104687e-09,9.99999905104687e-09,9.99999905104687e-09,9.99999905104687e-09,9.99999905104687e-09,9.99999905104687e-09,9.99999905104687e-09,9.99999905104687e-09,1.0,1.0,1.0
9,880,25000,0.20998252928256989,0.40077218413352966,9.99999905104687e-09,1.0,9.99999905104687e-09,9.99999905104687e-09,9.99999905104687e-09,9.99999905104687e-09,9.99999905104687e-09,9.99999905104687e-09,9.99999905104687e-09,9.99999905104687e-09,1.0,1.0,1.0
9,890,25000,0.2099674791097641,0.4007693827152252,9.99999905104687e-09,1.0,9.99999905104687e-09,9.99999905104687e-09,9.99999905104687e-09,9.99999905104687e-09,9.99999905104687e-09,9.99999905104687e-09,9.99999905104687e-09,9.99999905104687e-09,1.0,1.0,1.0
9,900,25000,0.2099120020866394,0.4007844924926758,9.99999905104687e-09,1.0,9.99999905104687e-09,9.99999905104687e-09,9.99999905104687e-09,9.99999905104687e-09,9.99999905104687e-09,9.99999905104687e-09,9.99999905104687e-09,9.99999905104687e-09,1.0,1.0,1.0
9,910,25000,0.20994721353054047,0.4007766544818878,9.99999905104687e-09,1.0,9.99999905104687e-09,9.99999905104687e-09,9.99999905104687e-09,9.99999905104687e-09,9.99999905104687e-09,9.99999905104687e-09,9.99999905104687e-09,9.99999905104687e-09,1.0,1.0,1.0
9,920,25000,0.20997360348701477,0.4007851183414459,9.99999905104687e-09,1.0,9.99999905104687e-09,9.99999905104687e-09,9.99999905104687e-09,9.99999905104687e-09,9.99999905104687e-09,9.99999905104687e-09,9.99999905104687e-09,9.99999905104687e-09,1.0,1.0,1.0
9,930,25000,0.20996053516864777,0.4007851779460907,9.99999905104687e-09,1.0,9.99999905104687e-09,9.99999905104687e-09,9.99999905104687e-09,9.99999905104687e-09,9.99999905104687e-09,9.99999905104687e-09,9.99999905104687e-09,9.99999905104687e-09,1.0,1.0,1.0
9,940,25000,0.20995187759399414,0.4007713198661804,9.99999905104687e-09,1.0,9.99999905104687e-09,9.99999905104687e-09,9.99999905104687e-09,9.99999905104687e-09,9.99999905104687e-09,9.99999905104687e-09,9.99999905104687e-09,9.99999905104687e-09,1.0,1.0,1.0
9,950,25000,0.20997746288776398,0.40076515078544617,9.99999905104687e-09,1.0,9.99999905104687e-09,9.99999905104687e-09,9.99999905104687e-09,9.99999905104687e-09,9.99999905104687e-09,9.99999905104687e-09,9.99999905104687e-09,9.99999905104687e-09,1.0,1.0,1.0
9,960,25000,0.20995399355888367,0.40079066157341003,9.99999905104687e-09,1.0,9.99999905104687e-09,9.99999905104687e-09,9.99999905104687e-09,9.99999905104687e-09,9.99999905104687e-09,9.99999905104687e-09,9.99999905104687e-09,9.99999905104687e-09,1.0,1.0,1.0
9,970,25000,0.20998653769493103,0.4007684290409088,9.99999905104687e-09,1.0,9.99999905104687e-09,9.99999905104687e-09,9.99999905104687e-09,9.99999905104687e-09,9.99999905104687e-09,9.99999905104687e-09,9.99999905104687e-09,9.99999905104687e-09,1.0,1.0,1.0
9,980,25000,0.20995093882083893,0.400802880525589,9.99999905104687e-09,1.0,9.99999905104687e-09,9.99999905104687e-09,9.99999905104687e-09,9.99999905104687e-09,9.99999905104687e-09,9.99999905104687e-09,9.99999905104687e-09,9.99999905104687e-09,1.0,1.0,1.0
9,990,25000,0.20994508266448975,0.40079984068870544,9.99999905104687e-09,1.0,9.99999905104687e-09,9.99999905104687e-09,9.99999905104687e-09,9.99999905104687e-09,9.99999905104687e-09,9.99999905104687e-09,9.99999905104687e-09,9.99999905104687e-09,1.0,1.0,1.0
9,1000,25000,0.20992733538150787,0.40079909563064575,9.99999905104687e-09,1.0,9.99999905104687e-09,9.99999905104687e-09,9.99999905104687e-09,9.99999905104687e-09,9.99999905104687e-09,9.99999905104687e-09,9.99999905104687e-09,9.99999905104687e-09,1.0,1.0,1.0
9,1010,25000,0.20997388660907745,0.4007856249809265,9.99999905104687e-09,1.0,9.99999905104687e-09,9.99999905104687e-09,9.99999905104687e-09,9.99999905104687e-09,9.99999905104687e-09,9.99999905104687e-09,9.99999905104687e-09,9.99999905104687e-09,1.0,1.0,1.0
9,1020,25000,0.20991507172584534,0.4008142352104187,9.99999905104687e-09,1.0,9.99999905104687e-09,9.99999905104687e-09,9.99999905104687e-09,9.99999905104687e-09,9.99999905104687e-09,9.99999905104687e-09,9.99999905104687e-09,9.99999905104687e-09,1.0,1.0,1.0
9,1030,25000,0.20993906259536743,0.4007869064807892,9.99999905104687e-09,1.0,9.99999905104687e-09,9.99999905104687e-09,9.99999905104687e-09,9.99999905104687e-09,9.99999905104687e-09,9.99999905104687e-09,9.99999905104687e-09,9.99999905104687e-09,1.0,1.0,1.0
9,1040,25000,0.2100009173154831,0.4008012115955353,9.99999905104687e-09,1.0,9.99999905104687e-09,9.99999905104687e-09,9.99999905104687e-09,9.99999905104687e-09,9.99999905104687e-09,9.99999905104687e-09,9.99999905104687e-09,9.99999905104687e-09,1.0,1.0,1.0
9,1050,25000,0.2099161297082901,0.40077728033065796,9.99999905104687e-09,1.0,9.99999905104687e-09,9.99999905104687e-09,9.99999905104687e-09,9.99999905104687e-09,9.99999905104687e-09,9.99999905104687e-09,9.99999905104687e-09,9.99999905104687e-09,1.0,1.0,1.0
9,1060,25000,0.20993280410766602,0.40078574419021606,9.99999905104687e-09,1.0,9.99999905104687e-09,9.99999905104687e-09,9.99999905104687e-09,9.99999905104687e-09,9.99999905104687e-09,9.99999905104687e-09,9.99999905104687e-09,9.99999905104687e-09,1.0,1.0,1.0
9,1070,25000,0.20994986593723297,0.40077295899391174,9.99999905104687e-09,1.0,9.99999905104687e-09,9.99999905104687e-09,9.99999905104687e-09,9.99999905104687e-09,9.99999905104687e-09,9.99999905104687e-09,9.99999905104687e-09,9.99999905104687e-09,1.0,1.0,1.0
9,1080,25000,0.2098938673734665,0.40078964829444885,9.99999905104687e-09,1.0,9.99999905104687e-09,9.99999905104687e-09,9.99999905104687e-09,9.99999905104687e-09,9.99999905104687e-09,9.99999905104687e-09,9.99999905104687e-09,9.99999905104687e-09,1.0,1.0,1.0
9,1090,25000,0.20993053913116455,0.40081119537353516,9.99999905104687e-09,1.0,9.99999905104687e-09,9.99999905104687e-09,9.99999905104687e-09,9.99999905104687e-09,9.99999905104687e-09,9.99999905104687e-09,9.99999905104687e-09,9.99999905104687e-09,1.0,1.0,1.0
9,1100,25000,0.21002334356307983,0.40079864859580994,9.99999905104687e-09,1.0,9.99999905104687e-09,9.99999905104687e-09,9.99999905104687e-09,9.99999905104687e-09,9.99999905104687e-09,9.99999905104687e-09,9.99999905104687e-09,9.99999905104687e-09,1.0,1.0,1.0
9,1110,25000,0.20993614196777344,0.4007933735847473,9.99999905104687e-09,1.0,9.99999905104687e-09,9.99999905104687e-09,9.99999905104687e-09,9.99999905104687e-09,9.99999905104687e-09,9.99999905104687e-09,9.99999905104687e-09,9.99999905104687e-09,1.0,1.0,1.0
9,1120,25000,0.20995000004768372,0.4008018374443054,9.99999905104687e-09,1.0,9.99999905104687e-09,9.99999905104687e-09,9.99999905104687e-09,9.99999905104687e-09,9.99999905104687e-09,9.99999905104687e-09,9.99999905104687e-09,9.99999905104687e-09,1.0,1.0,1.0
9,1130,25000,0.2099253386259079,0.40080416202545166,9.99999905104687e-09,1.0,9.99999905104687e-09,9.99999905104687e-09,9.99999905104687e-09,9.99999905104687e-09,9.99999905104687e-09,9.99999905104687e-09,9.99999905104687e-09,9.99999905104687e-09,1.0,1.0,1.0
9,1140,25000,0.20993240177631378,0.4007951617240906,9.99999905104687e-09,1.0,9.99999905104687e-09,9.99999905104687e-09,9.99999905104687e-09,9.99999905104687e-09,9.99999905104687e-09,9.99999905104687e-09,9.99999905104687e-09,9.99999905104687e-09,1.0,1.0,1.0
9,1150,25000,0.20996281504631042,0.40079689025878906,9.99999905104687e-09,1.0,9.99999905104687e-09,9.99999905104687e-09,9.99999905104687e-09,9.99999905104687e-09,9.99999905104687e-09,9.99999905104687e-09,9.99999905104687e-09,9.99999905104687e-09,1.0,1.0,1.0
9,1160,25000,0.2099374681711197,0.4007906913757324,9.99999905104687e-09,1.0,9.99999905104687e-09,9.99999905104687e-09,9.99999905104687e-09,9.99999905104687e-09,9.99999905104687e-09,9.99999905104687e-09,9.99999905104687e-09,9.99999905104687e-09,1.0,1.0,1.0
9,1170,25000,0.20994959771633148,0.40080153942108154,9.99999905104687e-09,1.0,9.99999905104687e-09,9.99999905104687e-09,9.99999905104687e-09,9.99999905104687e-09,9.99999905104687e-09,9.99999905104687e-09,9.99999905104687e-09,9.99999905104687e-09,1.0,1.0,1.0
9,1180,25000,0.20996038615703583,0.4008214473724365,9.99999905104687e-09,1.0,9.99999905104687e-09,9.99999905104687e-09,9.99999905104687e-09,9.99999905104687e-09,9.99999905104687e-09,9.99999905104687e-09,9.99999905104687e-09,9.99999905104687e-09,1.0,1.0,1.0
9,1190,25000,0.20999465882778168,0.4008157253265381,9.99999905104687e-09,1.0,9.99999905104687e-09,9.99999905104687e-09,9.99999905104687e-09,9.99999905104687e-09,9.99999905104687e-09,9.99999905104687e-09,9.99999905104687e-09,9.99999905104687e-09,1.0,1.0,1.0
9,1200,25000,0.21000106632709503,0.4008335769176483,9.99999905104687e-09,1.0,9.99999905104687e-09,9.99999905104687e-09,9.99999905104687e-09,9.99999905104687e-09,9.99999905104687e-09,9.99999905104687e-09,9.99999905104687e-09,9.99999905104687e-09,1.0,1.0,1.0
9,1210,25000,0.20998413860797882,0.400813490152359,9.99999905104687e-09,1.0,9.99999905104687e-09,9.99999905104687e-09,9.99999905104687e-09,9.99999905104687e-09,9.99999905104687e-09,9.99999905104687e-09,9.99999905104687e-09,9.99999905104687e-09,1.0,1.0,1.0
9,1220,25000,0.20991478860378265,0.40080469846725464,9.99999905104687e-09,1.0,9.99999905104687e-09,9.99999905104687e-09,9.99999905104687e-09,9.99999905104687e-09,9.99999905104687e-09,9.99999905104687e-09,9.99999905104687e-09,9.99999905104687e-09,1.0,1.0,1.0
9,1230,25000,0.20992693305015564,0.40077584981918335,9.99999905104687e-09,1.0,9.99999905104687e-09,9.99999905104687e-09,9.99999905104687e-09,9.99999905104687e-09,9.99999905104687e-09,9.99999905104687e-09,9.99999905104687e-09,9.99999905104687e-09,1.0,1.0,1.0
9,1240,25000,0.20995880663394928,0.4008200168609619,9.99999905104687e-09,1.0,9.99999905104687e-09,9.99999905104687e-09,9.99999905104687e-09,9.99999905104687e-09,9.99999905104687e-09,9.99999905104687e-09,9.99999905104687e-09,9.99999905104687e-09,1.0,1.0,1.0
9,1250,25000,0.20997388660907745,0.40079307556152344,9.99999905104687e-09,1.0,9.99999905104687e-09,9.99999905104687e-09,9.99999905104687e-09,9.99999905104687e-09,9.99999905104687e-09,9.99999905104687e-09,9.99999905104687e-09,9.99999905104687e-09,1.0,1.0,1.0
9,1260,25000,0.21002012491226196,0.40081343054771423,9.99999905104687e-09,1.0,9.99999905104687e-09,9.99999905104687e-09,9.99999905104687e-09,9.99999905104687e-09,9.99999905104687e-09,9.99999905104687e-09,9.99999905104687e-09,9.99999905104687e-09,1.0,1.0,1.0
9,1270,25000,0.21000239253044128,0.4008479714393616,9.99999905104687e-09,1.0,9.99999905104687e-09,9.99999905104687e-09,9.99999905104687e-09,9.99999905104687e-09,9.99999905104687e-09,9.99999905104687e-09,9.99999905104687e-09,9.99999905104687e-09,1.0,1.0,1.0
9,1280,25000,0.20993572473526,0.40083009004592896,9.99999905104687e-09,1.0,9.99999905104687e-09,9.99999905104687e-09,9.99999905104687e-09,9.99999905104687e-09,9.99999905104687e-09,9.99999905104687e-09,9.99999905104687e-09,9.99999905104687e-09,1.0,1.0,1.0
9,1290,25000,0.2099553346633911,0.4008118212223053,9.99999905104687e-09,1.0,9.99999905104687e-09,9.99999905104687e-09,9.99999905104687e-09,9.99999905104687e-09,9.99999905104687e-09,9.99999905104687e-09,9.99999905104687e-09,9.99999905104687e-09,1.0,1.0,1.0
9,1300,25000,0.20994798839092255,0.4008317291736603,9.99999905104687e-09,1.0,9.99999905104687e-09,9.99999905104687e-09,9.99999905104687e-09,9.99999905104687e-09,9.99999905104687e-09,9.99999905104687e-09,9.99999905104687e-09,9.99999905104687e-09,1.0,1.0,1.0
9,1310,25000,0.21000973880290985,0.4008547365665436,9.99999905104687e-09,1.0,9.99999905104687e-09,9.99999905104687e-09,9.99999905104687e-09,9.99999905104687e-09,9.99999905104687e-09,9.99999905104687e-09,9.99999905104687e-09,9.99999905104687e-09,1.0,1.0,1.0
9,1320,25000,0.20999333262443542,0.4008466303348541,9.99999905104687e-09,1.0,9.99999905104687e-09,9.99999905104687e-09,9.99999905104687e-09,9.99999905104687e-09,9.99999905104687e-09,9.99999905104687e-09,9.99999905104687e-09,9.99999905104687e-09,1.0,1.0,1.0
9,1330,25000,0.21000252664089203,0.4008517265319824,9.99999905104687e-09,1.0,9.99999905104687e-09,9.99999905104687e-09,9.99999905104687e-09,9.99999905104687e-09,9.99999905104687e-09,9.99999905104687e-09,9.99999905104687e-09,9.99999905104687e-09,1.0,1.0,1.0
9,1340,25000,0.21000520884990692,0.40082716941833496,9.99999905104687e-09,1.0,9.99999905104687e-09,9.99999905104687e-09,9.99999905104687e-09,9.99999905104687e-09,9.99999905104687e-09,9.99999905104687e-09,9.99999905104687e-09,9.99999905104687e-09,1.0,1.0,1.0
9,1350,25000,0.21001534163951874,0.4008583426475525,9.99999905104687e-09,1.0,9.99999905104687e-09,9.99999905104687e-09,9.99999905104687e-09,9.99999905104687e-09,9.99999905104687e-09,9.99999905104687e-09,9.99999905104687e-09,9.99999905104687e-09,1.0,1.0,1.0
9,1360,25000,0.21004065871238708,0.40082037448883057,9.99999905104687e-09,1.0,9.99999905104687e-09,9.99999905104687e-09,9.99999905104687e-09,9.99999905104687e-09,9.99999905104687e-09,9.99999905104687e-09,9.99999905104687e-09,9.99999905104687e-09,1.0,1.0,1.0
9,1370,25000,0.21001215279102325,0.4008706212043762,9.99999905104687e-09,1.0,9.99999905104687e-09,9.99999905104687e-09,9.99999905104687e-09,9.99999905104687e-09,9.99999905104687e-09,9.99999905104687e-09,9.99999905104687e-09,9.99999905104687e-09,1.0,1.0,1.0
9,1380,25000,0.2100285291671753,0.4008612632751465,9.99999905104687e-09,1.0,9.99999905104687e-09,9.99999905104687e-09,9.99999905104687e-09,9.99999905104687e-09,9.99999905104687e-09,9.99999905104687e-09,9.99999905104687e-09,9.99999905104687e-09,1.0,1.0,1.0
9,1390,25000,0.21001680195331573,0.4008375108242035,9.99999905104687e-09,1.0,9.99999905104687e-09,9.99999905104687e-09,9.99999905104687e-09,9.99999905104687e-09,9.99999905104687e-09,9.99999905104687e-09,9.99999905104687e-09,9.99999905104687e-09,1.0,1.0,1.0
9,1400,25000,0.21000680327415466,0.4008816182613373,9.99999905104687e-09,1.0,9.99999905104687e-09,9.99999905104687e-09,9.99999905104687e-09,9.99999905104687e-09,9.99999905104687e-09,9.99999905104687e-09,9.99999905104687e-09,9.99999905104687e-09,1.0,1.0,1.0
9,1410,25000,0.2100747972726822,0.4008605480194092,9.99999905104687e-09,1.0,9.99999905104687e-09,9.99999905104687e-09,9.99999905104687e-09,9.99999905104687e-09,9.99999905104687e-09,9.99999905104687e-09,9.99999905104687e-09,9.99999905104687e-09,1.0,1.0,1.0
9,1420,25000,0.21003814041614532,0.40088096261024475,9.99999905104687e-09,1.0,9.99999905104687e-09,9.99999905104687e-09,9.99999905104687e-09,9.99999905104687e-09,9.99999905104687e-09,9.99999905104687e-09,9.99999905104687e-09,9.99999905104687e-09,1.0,1.0,1.0
9,1430,25000,0.20998306572437286,0.4008341133594513,9.99999905104687e-09,1.0,9.99999905104687e-09,9.99999905104687e-09,9.99999905104687e-09,9.99999905104687e-09,9.99999905104687e-09,9.99999905104687e-09,9.99999905104687e-09,9.99999905104687e-09,1.0,1.0,1.0
9,1440,25000,0.21001480519771576,0.4008779525756836,9.99999905104687e-09,1.0,9.99999905104687e-09,9.99999905104687e-09,9.99999905104687e-09,9.99999905104687e-09,9.99999905104687e-09,9.99999905104687e-09,9.99999905104687e-09,9.99999905104687e-09,1.0,1.0,1.0
9,1450,25000,0.2099265307188034,0.4008646607398987,9.99999905104687e-09,1.0,9.99999905104687e-09,9.99999905104687e-09,9.99999905104687e-09,9.99999905104687e-09,9.99999905104687e-09,9.99999905104687e-09,9.99999905104687e-09,9.99999905104687e-09,1.0,1.0,1.0
9,1460,25000,0.2099965363740921,0.4008641541004181,9.99999905104687e-09,1.0,9.99999905104687e-09,9.99999905104687e-09,9.99999905104687e-09,9.99999905104687e-09,9.99999905104687e-09,9.99999905104687e-09,9.99999905104687e-09,9.99999905104687e-09,1.0,1.0,1.0
9,1470,25000,0.20998600125312805,0.40085092186927795,9.99999905104687e-09,1.0,9.99999905104687e-09,9.99999905104687e-09,9.99999905104687e-09,9.99999905104687e-09,9.99999905104687e-09,9.99999905104687e-09,9.99999905104687e-09,9.99999905104687e-09,1.0,1.0,1.0
9,1480,25000,0.21000133454799652,0.40087008476257324,9.99999905104687e-09,1.0,9.99999905104687e-09,9.99999905104687e-09,9.99999905104687e-09,9.99999905104687e-09,9.99999905104687e-09,9.99999905104687e-09,9.99999905104687e-09,9.99999905104687e-09,1.0,1.0,1.0
9,1490,25000,0.21004720032215118,0.40086930990219116,9.99999905104687e-09,1.0,9.99999905104687e-09,9.99999905104687e-09,9.99999905104687e-09,9.99999905104687e-09,9.99999905104687e-09,9.99999905104687e-09,9.99999905104687e-09,9.99999905104687e-09,1.0,1.0,1.0
9,1500,25000,0.2100072056055069,0.40088242292404175,9.99999905104687e-09,1.0,9.99999905104687e-09,9.99999905104687e-09,9.99999905104687e-09,9.99999905104687e-09,9.99999905104687e-09,9.99999905104687e-09,9.99999905104687e-09,9.99999905104687e-09,1.0,1.0,1.0
9,1510,25000,0.21001866459846497,0.4008653461933136,9.99999905104687e-09,1.0,9.99999905104687e-09,9.99999905104687e-09,9.99999905104687e-09,9.99999905104687e-09,9.99999905104687e-09,9.99999905104687e-09,9.99999905104687e-09,9.99999905104687e-09,1.0,1.0,1.0
9,1520,25000,0.21000559628009796,0.4008600413799286,9.99999905104687e-09,1.0,9.99999905104687e-09,9.99999905104687e-09,9.99999905104687e-09,9.99999905104687e-09,9.99999905104687e-09,9.99999905104687e-09,9.99999905104687e-09,9.99999905104687e-09,1.0,1.0,1.0
9,1530,25000,0.21004894375801086,0.4008644223213196,9.99999905104687e-09,1.0,9.99999905104687e-09,9.99999905104687e-09,9.99999905104687e-09,9.99999905104687e-09,9.99999905104687e-09,9.99999905104687e-09,9.99999905104687e-09,9.99999905104687e-09,1.0,1.0,1.0
9,1540,25000,0.21003493666648865,0.4008696377277374,9.99999905104687e-09,1.0,9.99999905104687e-09,9.99999905104687e-09,9.99999905104687e-09,9.99999905104687e-09,9.99999905104687e-09,9.99999905104687e-09,9.99999905104687e-09,9.99999905104687e-09,1.0,1.0,1.0
9,1550,25000,0.21005520224571228,0.4008548855781555,9.99999905104687e-09,1.0,9.99999905104687e-09,9.99999905104687e-09,9.99999905104687e-09,9.99999905104687e-09,9.99999905104687e-09,9.99999905104687e-09,9.99999905104687e-09,9.99999905104687e-09,1.0,1.0,1.0
9,1560,25000,0.20999091863632202,0.40085527300834656,9.99999905104687e-09,1.0,9.99999905104687e-09,9.99999905104687e-09,9.99999905104687e-09,9.99999905104687e-09,9.99999905104687e-09,9.99999905104687e-09,9.99999905104687e-09,9.99999905104687e-09,1.0,1.0,1.0
9,1570,25000,0.21002081036567688,0.4008196294307709,9.99999905104687e-09,1.0,9.99999905104687e-09,9.99999905104687e-09,9.99999905104687e-09,9.99999905104687e-09,9.99999905104687e-09,9.99999905104687e-09,9.99999905104687e-09,9.99999905104687e-09,1.0,1.0,1.0
9,1580,25000,0.20999786257743835,0.4008669853210449,9.99999905104687e-09,1.0,9.99999905104687e-09,9.99999905104687e-09,9.99999905104687e-09,9.99999905104687e-09,9.99999905104687e-09,9.99999905104687e-09,9.99999905104687e-09,9.99999905104687e-09,1.0,1.0,1.0
9,1590,25000,0.21001121401786804,0.4008229672908783,9.99999905104687e-09,1.0,9.99999905104687e-09,9.99999905104687e-09,9.99999905104687e-09,9.99999905104687e-09,9.99999905104687e-09,9.99999905104687e-09,9.99999905104687e-09,9.99999905104687e-09,1.0,1.0,1.0
9,1600,25000,0.21003693342208862,0.40086647868156433,9.99999905104687e-09,1.0,9.99999905104687e-09,9.99999905104687e-09,9.99999905104687e-09,9.99999905104687e-09,9.99999905104687e-09,9.99999905104687e-09,9.99999905104687e-09,9.99999905104687e-09,1.0,1.0,1.0
9,1610,25000,0.2099902629852295,0.40085369348526,9.99999905104687e-09,1.0,9.99999905104687e-09,9.99999905104687e-09,9.99999905104687e-09,9.99999905104687e-09,9.99999905104687e-09,9.99999905104687e-09,9.99999905104687e-09,9.99999905104687e-09,1.0,1.0,1.0
9,1620,25000,0.2100238800048828,0.40086397528648376,9.99999905104687e-09,1.0,9.99999905104687e-09,9.99999905104687e-09,9.99999905104687e-09,9.99999905104687e-09,9.99999905104687e-09,9.99999905104687e-09,9.99999905104687e-09,9.99999905104687e-09,1.0,1.0,1.0
9,1630,25000,0.20994199812412262,0.400859534740448,9.99999905104687e-09,1.0,9.99999905104687e-09,9.99999905104687e-09,9.99999905104687e-09,9.99999905104687e-09,9.99999905104687e-09,9.99999905104687e-09,9.99999905104687e-09,9.99999905104687e-09,1.0,1.0,1.0
9,1640,25000,0.20999613404273987,0.4008636474609375,9.99999905104687e-09,1.0,9.99999905104687e-09,9.99999905104687e-09,9.99999905104687e-09,9.99999905104687e-09,9.99999905104687e-09,9.99999905104687e-09,9.99999905104687e-09,9.99999905104687e-09,1.0,1.0,1.0
9,1650,25000,0.210016667842865,0.4008678197860718,9.99999905104687e-09,1.0,9.99999905104687e-09,9.99999905104687e-09,9.99999905104687e-09,9.99999905104687e-09,9.99999905104687e-09,9.99999905104687e-09,9.99999905104687e-09,9.99999905104687e-09,1.0,1.0,1.0
9,1660,25000,0.21004000306129456,0.40086063742637634,9.99999905104687e-09,1.0,9.99999905104687e-09,9.99999905104687e-09,9.99999905104687e-09,9.99999905104687e-09,9.99999905104687e-09,9.99999905104687e-09,9.99999905104687e-09,9.99999905104687e-09,1.0,1.0,1.0
9,1670,25000,0.21000854671001434,0.40087392926216125,9.99999905104687e-09,1.0,9.99999905104687e-09,9.99999905104687e-09,9.99999905104687e-09,9.99999905104687e-09,9.99999905104687e-09,9.99999905104687e-09,9.99999905104687e-09,9.99999905104687e-09,1.0,1.0,1.0
9,1680,25000,0.2099858671426773,0.40087464451789856,9.99999905104687e-09,1.0,9.99999905104687e-09,9.99999905104687e-09,9.99999905104687e-09,9.99999905104687e-09,9.99999905104687e-09,9.99999905104687e-09,9.99999905104687e-09,9.99999905104687e-09,1.0,1.0,1.0
9,1690,25000,0.21003428101539612,0.40088215470314026,9.99999905104687e-09,1.0,9.99999905104687e-09,9.99999905104687e-09,9.99999905104687e-09,9.99999905104687e-09,9.99999905104687e-09,9.99999905104687e-09,9.99999905104687e-09,9.99999905104687e-09,1.0,1.0,1.0
9,1700,25000,0.2100452035665512,0.4008995592594147,9.99999905104687e-09,1.0,9.99999905104687e-09,9.99999905104687e-09,9.99999905104687e-09,9.99999905104687e-09,9.99999905104687e-09,9.99999905104687e-09,9.99999905104687e-09,9.99999905104687e-09,1.0,1.0,1.0
9,1710,25000,0.21001467108726501,0.40090277791023254,9.99999905104687e-09,1.0,9.99999905104687e-09,9.99999905104687e-09,9.99999905104687e-09,9.99999905104687e-09,9.99999905104687e-09,9.99999905104687e-09,9.99999905104687e-09,9.99999905104687e-09,1.0,1.0,1.0
9,1720,25000,0.21001093089580536,0.40088847279548645,9.99999905104687e-09,1.0,9.99999905104687e-09,9.99999905104687e-09,9.99999905104687e-09,9.99999905104687e-09,9.99999905104687e-09,9.99999905104687e-09,9.99999905104687e-09,9.99999905104687e-09,1.0,1.0,1.0
9,1730,25000,0.20998521149158478,0.40087664127349854,9.99999905104687e-09,1.0,9.99999905104687e-09,9.99999905104687e-09,9.99999905104687e-09,9.99999905104687e-09,9.99999905104687e-09,9.99999905104687e-09,9.99999905104687e-09,9.99999905104687e-09,1.0,1.0,1.0
9,1740,25000,0.21006491780281067,0.4008711576461792,9.99999905104687e-09,1.0,9.99999905104687e-09,9.99999905104687e-09,9.99999905104687e-09,9.99999905104687e-09,9.99999905104687e-09,9.99999905104687e-09,9.99999905104687e-09,9.99999905104687e-09,1.0,1.0,1.0
9,1750,25000,0.21007932722568512,0.40088382363319397,9.99999905104687e-09,1.0,9.99999905104687e-09,9.99999905104687e-09,9.99999905104687e-09,9.99999905104687e-09,9.99999905104687e-09,9.99999905104687e-09,9.99999905104687e-09,9.99999905104687e-09,1.0,1.0,1.0
9,1760,25000,0.2100730687379837,0.40089866518974304,9.99999905104687e-09,1.0,9.99999905104687e-09,9.99999905104687e-09,9.99999905104687e-09,9.99999905104687e-09,9.99999905104687e-09,9.99999905104687e-09,9.99999905104687e-09,9.99999905104687e-09,1.0,1.0,1.0
9,1770,25000,0.21003520488739014,0.400907963514328,9.99999905104687e-09,1.0,9.99999905104687e-09,9.99999905104687e-09,9.99999905104687e-09,9.99999905104687e-09,9.99999905104687e-09,9.99999905104687e-09,9.99999905104687e-09,9.99999905104687e-09,1.0,1.0,1.0
9,1780,25000,0.2100220024585724,0.40086472034454346,9.99999905104687e-09,1.0,9.99999905104687e-09,9.99999905104687e-09,9.99999905104687e-09,9.99999905104687e-09,9.99999905104687e-09,9.99999905104687e-09,9.99999905104687e-09,9.99999905104687e-09,1.0,1.0,1.0
9,1790,25000,0.2100582718849182,0.4008956253528595,9.99999905104687e-09,1.0,9.99999905104687e-09,9.99999905104687e-09,9.99999905104687e-09,9.99999905104687e-09,9.99999905104687e-09,9.99999905104687e-09,9.99999905104687e-09,9.99999905104687e-09,1.0,1.0,1.0
9,1800,25000,0.2100810706615448,0.40089091658592224,9.99999905104687e-09,1.0,9.99999905104687e-09,9.99999905104687e-09,9.99999905104687e-09,9.99999905104687e-09,9.99999905104687e-09,9.99999905104687e-09,9.99999905104687e-09,9.99999905104687e-09,1.0,1.0,1.0
9,1810,25000,0.21000880002975464,0.4008873403072357,9.99999905104687e-09,1.0,9.99999905104687e-09,9.99999905104687e-09,9.99999905104687e-09,9.99999905104687e-09,9.99999905104687e-09,9.99999905104687e-09,9.99999905104687e-09,9.99999905104687e-09,1.0,1.0,1.0
9,1820,25000,0.2099810689687729,0.4008806347846985,9.99999905104687e-09,1.0,9.99999905104687e-09,9.99999905104687e-09,9.99999905104687e-09,9.99999905104687e-09,9.99999905104687e-09,9.99999905104687e-09,9.99999905104687e-09,9.99999905104687e-09,1.0,1.0,1.0
9,1830,25000,0.21004267036914825,0.4009210765361786,9.99999905104687e-09,1.0,9.99999905104687e-09,9.99999905104687e-09,9.99999905104687e-09,9.99999905104687e-09,9.99999905104687e-09,9.99999905104687e-09,9.99999905104687e-09,9.99999905104687e-09,1.0,1.0,1.0
9,1840,25000,0.21006827056407928,0.4008643925189972,9.99999905104687e-09,1.0,9.99999905104687e-09,9.99999905104687e-09,9.99999905104687e-09,9.99999905104687e-09,9.99999905104687e-09,9.99999905104687e-09,9.99999905104687e-09,9.99999905104687e-09,1.0,1.0,1.0
9,1850,25000,0.21004347503185272,0.40092912316322327,9.99999905104687e-09,1.0,9.99999905104687e-09,9.99999905104687e-09,9.99999905104687e-09,9.99999905104687e-09,9.99999905104687e-09,9.99999905104687e-09,9.99999905104687e-09,9.99999905104687e-09,1.0,1.0,1.0
9,1860,25000,0.21002374589443207,0.40091776847839355,9.99999905104687e-09,1.0,9.99999905104687e-09,9.99999905104687e-09,9.99999905104687e-09,9.99999905104687e-09,9.99999905104687e-09,9.99999905104687e-09,9.99999905104687e-09,9.99999905104687e-09,1.0,1.0,1.0
9,1870,25000,0.210031196475029,0.4008644223213196,9.99999905104687e-09,1.0,9.99999905104687e-09,9.99999905104687e-09,9.99999905104687e-09,9.99999905104687e-09,9.99999905104687e-09,9.99999905104687e-09,9.99999905104687e-09,9.99999905104687e-09,1.0,1.0,1.0
9,1880,25000,0.21008853614330292,0.4009332060813904,9.99999905104687e-09,1.0,9.99999905104687e-09,9.99999905104687e-09,9.99999905104687e-09,9.99999905104687e-09,9.99999905104687e-09,9.99999905104687e-09,9.99999905104687e-09,9.99999905104687e-09,1.0,1.0,1.0
9,1890,25000,0.21007345616817474,0.40090787410736084,9.99999905104687e-09,1.0,9.99999905104687e-09,9.99999905104687e-09,9.99999905104687e-09,9.99999905104687e-09,9.99999905104687e-09,9.99999905104687e-09,9.99999905104687e-09,9.99999905104687e-09,1.0,1.0,1.0
9,1900,25000,0.21003906428813934,0.4009116291999817,9.99999905104687e-09,1.0,9.99999905104687e-09,9.99999905104687e-09,9.99999905104687e-09,9.99999905104687e-09,9.99999905104687e-09,9.99999905104687e-09,9.99999905104687e-09,9.99999905104687e-09,1.0,1.0,1.0
9,1910,25000,0.21002918481826782,0.4009374976158142,9.99999905104687e-09,1.0,9.99999905104687e-09,9.99999905104687e-09,9.99999905104687e-09,9.99999905104687e-09,9.99999905104687e-09,9.99999905104687e-09,9.99999905104687e-09,9.99999905104687e-09,1.0,1.0,1.0
9,1920,25000,0.21002799272537231,0.40091004967689514,9.99999905104687e-09,1.0,9.99999905104687e-09,9.99999905104687e-09,9.99999905104687e-09,9.99999905104687e-09,9.99999905104687e-09,9.99999905104687e-09,9.99999905104687e-09,9.99999905104687e-09,1.0,1.0,1.0
9,1930,25000,0.21007466316223145,0.40091758966445923,9.99999905104687e-09,1.0,9.99999905104687e-09,9.99999905104687e-09,9.99999905104687e-09,9.99999905104687e-09,9.99999905104687e-09,9.99999905104687e-09,9.99999905104687e-09,9.99999905104687e-09,1.0,1.0,1.0
9,1940,25000,0.21007226407527924,0.40090683102607727,9.99999905104687e-09,1.0,9.99999905104687e-09,9.99999905104687e-09,9.99999905104687e-09,9.99999905104687e-09,9.99999905104687e-09,9.99999905104687e-09,9.99999905104687e-09,9.99999905104687e-09,1.0,1.0,1.0
9,1950,25000,0.2100692093372345,0.40093275904655457,9.99999905104687e-09,1.0,9.99999905104687e-09,9.99999905104687e-09,9.99999905104687e-09,9.99999905104687e-09,9.99999905104687e-09,9.99999905104687e-09,9.99999905104687e-09,9.99999905104687e-09,1.0,1.0,1.0
9,1960,25000,0.21006932854652405,0.40092718601226807,9.99999905104687e-09,1.0,9.99999905104687e-09,9.99999905104687e-09,9.99999905104687e-09,9.99999905104687e-09,9.99999905104687e-09,9.99999905104687e-09,9.99999905104687e-09,9.99999905104687e-09,1.0,1.0,1.0
9,1970,25000,0.21004466712474823,0.40091606974601746,9.99999905104687e-09,1.0,9.99999905104687e-09,9.99999905104687e-09,9.99999905104687e-09,9.99999905104687e-09,9.99999905104687e-09,9.99999905104687e-09,9.99999905104687e-09,9.99999905104687e-09,1.0,1.0,1.0
9,1980,25000,0.21007466316223145,0.4009339213371277,9.99999905104687e-09,1.0,9.99999905104687e-09,9.99999905104687e-09,9.99999905104687e-09,9.99999905104687e-09,9.99999905104687e-09,9.99999905104687e-09,9.99999905104687e-09,9.99999905104687e-09,1.0,1.0,1.0
9,1990,25000,0.21005654335021973,0.4009137451648712,9.99999905104687e-09,1.0,9.99999905104687e-09,9.99999905104687e-09,9.99999905104687e-09,9.99999905104687e-09,9.99999905104687e-09,9.99999905104687e-09,9.99999905104687e-09,9.99999905104687e-09,1.0,1.0,1.0
9,2000,25000,0.2100585252046585,0.40093281865119934,9.99999905104687e-09,1.0,9.99999905104687e-09,9.99999905104687e-09,9.99999905104687e-09,9.99999905104687e-09,9.99999905104687e-09,9.99999905104687e-09,9.99999905104687e-09,9.99999905104687e-09,1.0,1.0,1.0
9,2010,25000,0.21004612743854523,0.40089964866638184,9.99999905104687e-09,1.0,9.99999905104687e-09,9.99999905104687e-09,9.99999905104687e-09,9.99999905104687e-09,9.99999905104687e-09,9.99999905104687e-09,9.99999905104687e-09,9.99999905104687e-09,1.0,1.0,1.0
9,2020,25000,0.21008773148059845,0.4009305536746979,9.99999905104687e-09,1.0,9.99999905104687e-09,9.99999905104687e-09,9.99999905104687e-09,9.99999905104687e-09,9.99999905104687e-09,9.99999905104687e-09,9.99999905104687e-09,9.99999905104687e-09,1.0,1.0,1.0
9,2030,25000,0.21008773148059845,0.40091127157211304,9.99999905104687e-09,1.0,9.99999905104687e-09,9.99999905104687e-09,9.99999905104687e-09,9.99999905104687e-09,9.99999905104687e-09,9.99999905104687e-09,9.99999905104687e-09,9.99999905104687e-09,1.0,1.0,1.0
9,2040,25000,0.210057333111763,0.40093743801116943,9.99999905104687e-09,1.0,9.99999905104687e-09,9.99999905104687e-09,9.99999905104687e-09,9.99999905104687e-09,9.99999905104687e-09,9.99999905104687e-09,9.99999905104687e-09,9.99999905104687e-09,1.0,1.0,1.0
9,2050,25000,0.21001215279102325,0.40091952681541443,9.99999905104687e-09,1.0,9.99999905104687e-09,9.99999905104687e-09,9.99999905104687e-09,9.99999905104687e-09,9.99999905104687e-09,9.99999905104687e-09,9.99999905104687e-09,9.99999905104687e-09,1.0,1.0,1.0
9,2060,25000,0.20998786389827728,0.4009183347225189,9.99999905104687e-09,1.0,9.99999905104687e-09,9.99999905104687e-09,9.99999905104687e-09,9.99999905104687e-09,9.99999905104687e-09,9.99999905104687e-09,9.99999905104687e-09,9.99999905104687e-09,1.0,1.0,1.0
9,2070,25000,0.21011146903038025,0.40093812346458435,9.99999905104687e-09,1.0,9.99999905104687e-09,9.99999905104687e-09,9.99999905104687e-09,9.99999905104687e-09,9.99999905104687e-09,9.99999905104687e-09,9.99999905104687e-09,9.99999905104687e-09,1.0,1.0,1.0
9,2080,25000,0.2100875973701477,0.4009551405906677,9.99999905104687e-09,1.0,9.99999905104687e-09,9.99999905104687e-09,9.99999905104687e-09,9.99999905104687e-09,9.99999905104687e-09,9.99999905104687e-09,9.99999905104687e-09,9.99999905104687e-09,1.0,1.0,1.0
9,2090,25000,0.21008573472499847,0.4009247422218323,9.99999905104687e-09,1.0,9.99999905104687e-09,9.99999905104687e-09,9.99999905104687e-09,9.99999905104687e-09,9.99999905104687e-09,9.99999905104687e-09,9.99999905104687e-09,9.99999905104687e-09,1.0,1.0,1.0
9,2100,25000,0.2100958675146103,0.4009245038032532,9.99999905104687e-09,1.0,9.99999905104687e-09,9.99999905104687e-09,9.99999905104687e-09,9.99999905104687e-09,9.99999905104687e-09,9.99999905104687e-09,9.99999905104687e-09,9.99999905104687e-09,1.0,1.0,1.0
9,2110,25000,0.21006134152412415,0.4009639024734497,9.99999905104687e-09,1.0,9.99999905104687e-09,9.99999905104687e-09,9.99999905104687e-09,9.99999905104687e-09,9.99999905104687e-09,9.99999905104687e-09,9.99999905104687e-09,9.99999905104687e-09,1.0,1.0,1.0
9,2120,25000,0.21009719371795654,0.40093550086021423,9.99999905104687e-09,1.0,9.99999905104687e-09,9.99999905104687e-09,9.99999905104687e-09,9.99999905104687e-09,9.99999905104687e-09,9.99999905104687e-09,9.99999905104687e-09,9.99999905104687e-09,1.0,1.0,1.0
9,2130,25000,0.2100362777709961,0.4009368419647217,9.99999905104687e-09,1.0,9.99999905104687e-09,9.99999905104687e-09,9.99999905104687e-09,9.99999905104687e-09,9.99999905104687e-09,9.99999905104687e-09,9.99999905104687e-09,9.99999905104687e-09,1.0,1.0,1.0
9,2140,25000,0.21008068323135376,0.40091344714164734,9.99999905104687e-09,1.0,9.99999905104687e-09,9.99999905104687e-09,9.99999905104687e-09,9.99999905104687e-09,9.99999905104687e-09,9.99999905104687e-09,9.99999905104687e-09,9.99999905104687e-09,1.0,1.0,1.0
9,2150,25000,0.2101074755191803,0.4009230136871338,9.99999905104687e-09,1.0,9.99999905104687e-09,9.99999905104687e-09,9.99999905104687e-09,9.99999905104687e-09,9.99999905104687e-09,9.99999905104687e-09,9.99999905104687e-09,9.99999905104687e-09,1.0,1.0,1.0
9,2160,25000,0.2100730687379837,0.4009391665458679,9.99999905104687e-09,1.0,9.99999905104687e-09,9.99999905104687e-09,9.99999905104687e-09,9.99999905104687e-09,9.99999905104687e-09,9.99999905104687e-09,9.99999905104687e-09,9.99999905104687e-09,1.0,1.0,1.0
9,2170,25000,0.21011145412921906,0.4009433686733246,9.99999905104687e-09,1.0,9.99999905104687e-09,9.99999905104687e-09,9.99999905104687e-09,9.99999905104687e-09,9.99999905104687e-09,9.99999905104687e-09,9.99999905104687e-09,9.99999905104687e-09,1.0,1.0,1.0
9,2180,25000,0.21007145941257477,0.4009229838848114,9.99999905104687e-09,1.0,9.99999905104687e-09,9.99999905104687e-09,9.99999905104687e-09,9.99999905104687e-09,9.99999905104687e-09,9.99999905104687e-09,9.99999905104687e-09,9.99999905104687e-09,1.0,1.0,1.0
9,2190,25000,0.2100875973701477,0.4009324610233307,9.99999905104687e-09,1.0,9.99999905104687e-09,9.99999905104687e-09,9.99999905104687e-09,9.99999905104687e-09,9.99999905104687e-09,9.99999905104687e-09,9.99999905104687e-09,9.99999905104687e-09,1.0,1.0,1.0
9,2200,25000,0.21003025770187378,0.4009368419647217,9.99999905104687e-09,1.0,9.99999905104687e-09,9.99999905104687e-09,9.99999905104687e-09,9.99999905104687e-09,9.99999905104687e-09,9.99999905104687e-09,9.99999905104687e-09,9.99999905104687e-09,1.0,1.0,1.0
9,2210,25000,0.21005788445472717,0.40095284581184387,9.99999905104687e-09,1.0,9.99999905104687e-09,9.99999905104687e-09,9.99999905104687e-09,9.99999905104687e-09,9.99999905104687e-09,9.99999905104687e-09,9.99999905104687e-09,9.99999905104687e-09,1.0,1.0,1.0
9,2220,25000,0.21004986763000488,0.4009329378604889,9.99999905104687e-09,1.0,9.99999905104687e-09,9.99999905104687e-09,9.99999905104687e-09,9.99999905104687e-09,9.99999905104687e-09,9.99999905104687e-09,9.99999905104687e-09,9.99999905104687e-09,1.0,1.0,1.0
9,2230,25000,0.21010266244411469,0.4009457230567932,9.99999905104687e-09,1.0,9.99999905104687e-09,9.99999905104687e-09,9.99999905104687e-09,9.99999905104687e-09,9.99999905104687e-09,9.99999905104687e-09,9.99999905104687e-09,9.99999905104687e-09,1.0,1.0,1.0
9,2240,25000,0.21006226539611816,0.4009213149547577,9.99999905104687e-09,1.0,9.99999905104687e-09,9.99999905104687e-09,9.99999905104687e-09,9.99999905104687e-09,9.99999905104687e-09,9.99999905104687e-09,9.99999905104687e-09,9.99999905104687e-09,1.0,1.0,1.0
9,2250,25000,0.21009106934070587,0.4009377956390381,9.99999905104687e-09,1.0,9.99999905104687e-09,9.99999905104687e-09,9.99999905104687e-09,9.99999905104687e-09,9.99999905104687e-09,9.99999905104687e-09,9.99999905104687e-09,9.99999905104687e-09,1.0,1.0,1.0
9,2260,25000,0.2100772112607956,0.40093088150024414,9.99999905104687e-09,1.0,9.99999905104687e-09,9.99999905104687e-09,9.99999905104687e-09,9.99999905104687e-09,9.99999905104687e-09,9.99999905104687e-09,9.99999905104687e-09,9.99999905104687e-09,1.0,1.0,1.0
9,2270,25000,0.21009626984596252,0.4009394943714142,9.99999905104687e-09,1.0,9.99999905104687e-09,9.99999905104687e-09,9.99999905104687e-09,9.99999905104687e-09,9.99999905104687e-09,9.99999905104687e-09,9.99999905104687e-09,9.99999905104687e-09,1.0,1.0,1.0
9,2280,25000,0.21012918651103973,0.40095990896224976,9.99999905104687e-09,1.0,9.99999905104687e-09,9.99999905104687e-09,9.99999905104687e-09,9.99999905104687e-09,9.99999905104687e-09,9.99999905104687e-09,9.99999905104687e-09,9.99999905104687e-09,1.0,1.0,1.0
9,2290,25000,0.21005186438560486,0.400961697101593,9.99999905104687e-09,1.0,9.99999905104687e-09,9.99999905104687e-09,9.99999905104687e-09,9.99999905104687e-09,9.99999905104687e-09,9.99999905104687e-09,9.99999905104687e-09,9.99999905104687e-09,1.0,1.0,1.0
9,2300,25000,0.2100958675146103,0.4009273648262024,9.99999905104687e-09,1.0,9.99999905104687e-09,9.99999905104687e-09,9.99999905104687e-09,9.99999905104687e-09,9.99999905104687e-09,9.99999905104687e-09,9.99999905104687e-09,9.99999905104687e-09,1.0,1.0,1.0
9,2310,25000,0.21011680364608765,0.40096315741539,9.99999905104687e-09,1.0,9.99999905104687e-09,9.99999905104687e-09,9.99999905104687e-09,9.99999905104687e-09,9.99999905104687e-09,9.99999905104687e-09,9.99999905104687e-09,9.99999905104687e-09,1.0,1.0,1.0
9,2320,25000,0.2100350558757782,0.40098434686660767,9.99999905104687e-09,1.0,9.99999905104687e-09,9.99999905104687e-09,9.99999905104687e-09,9.99999905104687e-09,9.99999905104687e-09,9.99999905104687e-09,9.99999905104687e-09,9.99999905104687e-09,1.0,1.0,1.0
9,2330,25000,0.2101086527109146,0.40093740820884705,9.99999905104687e-09,1.0,9.99999905104687e-09,9.99999905104687e-09,9.99999905104687e-09,9.99999905104687e-09,9.99999905104687e-09,9.99999905104687e-09,9.99999905104687e-09,9.99999905104687e-09,1.0,1.0,1.0
9,2340,25000,0.2100796103477478,0.40094149112701416,9.99999905104687e-09,1.0,9.99999905104687e-09,9.99999905104687e-09,9.99999905104687e-09,9.99999905104687e-09,9.99999905104687e-09,9.99999905104687e-09,9.99999905104687e-09,9.99999905104687e-09,1.0,1.0,1.0
9,2350,25000,0.2101300060749054,0.40092870593070984,9.99999905104687e-09,1.0,9.99999905104687e-09,9.99999905104687e-09,9.99999905104687e-09,9.99999905104687e-09,9.99999905104687e-09,9.99999905104687e-09,9.99999905104687e-09,9.99999905104687e-09,1.0,1.0,1.0
9,2360,25000,0.2101220041513443,0.40094882249832153,9.99999905104687e-09,1.0,9.99999905104687e-09,9.99999905104687e-09,9.99999905104687e-09,9.99999905104687e-09,9.99999905104687e-09,9.99999905104687e-09,9.99999905104687e-09,9.99999905104687e-09,1.0,1.0,1.0
9,2370,25000,0.21008718013763428,0.4009539783000946,9.99999905104687e-09,1.0,9.99999905104687e-09,9.99999905104687e-09,9.99999905104687e-09,9.99999905104687e-09,9.99999905104687e-09,9.99999905104687e-09,9.99999905104687e-09,9.99999905104687e-09,1.0,1.0,1.0
9,2380,25000,0.21007013320922852,0.4009611904621124,9.99999905104687e-09,1.0,9.99999905104687e-09,9.99999905104687e-09,9.99999905104687e-09,9.99999905104687e-09,9.99999905104687e-09,9.99999905104687e-09,9.99999905104687e-09,9.99999905104687e-09,1.0,1.0,1.0
9,2390,25000,0.2100493311882019,0.40093931555747986,9.99999905104687e-09,1.0,9.99999905104687e-09,9.99999905104687e-09,9.99999905104687e-09,9.99999905104687e-09,9.99999905104687e-09,9.99999905104687e-09,9.99999905104687e-09,9.99999905104687e-09,1.0,1.0,1.0
9,2400,25000,0.21005479991436005,0.4009529948234558,9.99999905104687e-09,1.0,9.99999905104687e-09,9.99999905104687e-09,9.99999905104687e-09,9.99999905104687e-09,9.99999905104687e-09,9.99999905104687e-09,9.99999905104687e-09,9.99999905104687e-09,1.0,1.0,1.0
9,2410,25000,0.210045725107193,0.4009559452533722,9.99999905104687e-09,1.0,9.99999905104687e-09,9.99999905104687e-09,9.99999905104687e-09,9.99999905104687e-09,9.99999905104687e-09,9.99999905104687e-09,9.99999905104687e-09,9.99999905104687e-09,1.0,1.0,1.0
9,2420,25000,0.21013613045215607,0.4009527564048767,9.99999905104687e-09,1.0,9.99999905104687e-09,9.99999905104687e-09,9.99999905104687e-09,9.99999905104687e-09,9.99999905104687e-09,9.99999905104687e-09,9.99999905104687e-09,9.99999905104687e-09,1.0,1.0,1.0
9,2430,25000,0.21006719768047333,0.4009305238723755,9.99999905104687e-09,1.0,9.99999905104687e-09,9.99999905104687e-09,9.99999905104687e-09,9.99999905104687e-09,9.99999905104687e-09,9.99999905104687e-09,9.99999905104687e-09,9.99999905104687e-09,1.0,1.0,1.0
9,2440,25000,0.2100546658039093,0.4009481966495514,9.99999905104687e-09,1.0,9.99999905104687e-09,9.99999905104687e-09,9.99999905104687e-09,9.99999905104687e-09,9.99999905104687e-09,9.99999905104687e-09,9.99999905104687e-09,9.99999905104687e-09,1.0,1.0,1.0
9,2450,25000,0.21005241572856903,0.40094196796417236,9.99999905104687e-09,1.0,9.99999905104687e-09,9.99999905104687e-09,9.99999905104687e-09,9.99999905104687e-09,9.99999905104687e-09,9.99999905104687e-09,9.99999905104687e-09,9.99999905104687e-09,1.0,1.0,1.0
9,2460,25000,0.2100992053747177,0.4009595513343811,9.99999905104687e-09,1.0,9.99999905104687e-09,9.99999905104687e-09,9.99999905104687e-09,9.99999905104687e-09,9.99999905104687e-09,9.99999905104687e-09,9.99999905104687e-09,9.99999905104687e-09,1.0,1.0,1.0
9,2470,25000,0.21009507775306702,0.40094316005706787,9.99999905104687e-09,1.0,9.99999905104687e-09,9.99999905104687e-09,9.99999905104687e-09,9.99999905104687e-09,9.99999905104687e-09,9.99999905104687e-09,9.99999905104687e-09,9.99999905104687e-09,1.0,1.0,1.0
9,2480,25000,0.21002906560897827,0.40092653036117554,9.99999905104687e-09,1.0,9.99999905104687e-09,9.99999905104687e-09,9.99999905104687e-09,9.99999905104687e-09,9.99999905104687e-09,9.99999905104687e-09,9.99999905104687e-09,9.99999905104687e-09,1.0,1.0,1.0
9,2490,25000,0.21004106104373932,0.4009605944156647,9.99999905104687e-09,1.0,9.99999905104687e-09,9.99999905104687e-09,9.99999905104687e-09,9.99999905104687e-09,9.99999905104687e-09,9.99999905104687e-09,9.99999905104687e-09,9.99999905104687e-09,1.0,1.0,1.0
9,2500,25000,0.21006013453006744,0.4009265899658203,9.99999905104687e-09,1.0,9.99999905104687e-09,9.99999905104687e-09,9.99999905104687e-09,9.99999905104687e-09,9.99999905104687e-09,9.99999905104687e-09,9.99999905104687e-09,9.99999905104687e-09,1.0,1.0,1.0
9,2510,25000,0.2101164013147354,0.4009232223033905,9.99999905104687e-09,1.0,9.99999905104687e-09,9.99999905104687e-09,9.99999905104687e-09,9.99999905104687e-09,9.99999905104687e-09,9.99999905104687e-09,9.99999905104687e-09,9.99999905104687e-09,1.0,1.0,1.0
9,2520,25000,0.2100866585969925,0.4009585976600647,9.99999905104687e-09,1.0,9.99999905104687e-09,9.99999905104687e-09,9.99999905104687e-09,9.99999905104687e-09,9.99999905104687e-09,9.99999905104687e-09,9.99999905104687e-09,9.99999905104687e-09,1.0,1.0,1.0
9,2530,25000,0.21013426780700684,0.40094518661499023,9.99999905104687e-09,1.0,9.99999905104687e-09,9.99999905104687e-09,9.99999905104687e-09,9.99999905104687e-09,9.99999905104687e-09,9.99999905104687e-09,9.99999905104687e-09,9.99999905104687e-09,1.0,1.0,1.0
9,2540,25000,0.210067480802536,0.4009428918361664,9.99999905104687e-09,1.0,9.99999905104687e-09,9.99999905104687e-09,9.99999905104687e-09,9.99999905104687e-09,9.99999905104687e-09,9.99999905104687e-09,9.99999905104687e-09,9.99999905104687e-09,1.0,1.0,1.0
9,2550,25000,0.21005813777446747,0.4009762704372406,9.99999905104687e-09,1.0,9.99999905104687e-09,9.99999905104687e-09,9.99999905104687e-09,9.99999905104687e-09,9.99999905104687e-09,9.99999905104687e-09,9.99999905104687e-09,9.99999905104687e-09,1.0,1.0,1.0
9,2560,25000,0.21007706224918365,0.4009479582309723,9.99999905104687e-09,1.0,9.99999905104687e-09,9.99999905104687e-09,9.99999905104687e-09,9.99999905104687e-09,9.99999905104687e-09,9.99999905104687e-09,9.99999905104687e-09,9.99999905104687e-09,1.0,1.0,1.0
9,2570,25000,0.21012386679649353,0.4009494185447693,9.99999905104687e-09,1.0,9.99999905104687e-09,9.99999905104687e-09,9.99999905104687e-09,9.99999905104687e-09,9.99999905104687e-09,9.99999905104687e-09,9.99999905104687e-09,9.99999905104687e-09,1.0,1.0,1.0
9,2580,25000,0.21011359989643097,0.4009645879268646,9.99999905104687e-09,1.0,9.99999905104687e-09,9.99999905104687e-09,9.99999905104687e-09,9.99999905104687e-09,9.99999905104687e-09,9.99999905104687e-09,9.99999905104687e-09,9.99999905104687e-09,1.0,1.0,1.0
9,2590,25000,0.2101050764322281,0.40094780921936035,9.99999905104687e-09,1.0,9.99999905104687e-09,9.99999905104687e-09,9.99999905104687e-09,9.99999905104687e-09,9.99999905104687e-09,9.99999905104687e-09,9.99999905104687e-09,9.99999905104687e-09,1.0,1.0,1.0
9,2600,25000,0.21006587147712708,0.40096279978752136,9.99999905104687e-09,1.0,9.99999905104687e-09,9.99999905104687e-09,9.99999905104687e-09,9.99999905104687e-09,9.99999905104687e-09,9.99999905104687e-09,9.99999905104687e-09,9.99999905104687e-09,1.0,1.0,1.0
9,2610,25000,0.2100306749343872,0.4009328782558441,9.99999905104687e-09,1.0,9.99999905104687e-09,9.99999905104687e-09,9.99999905104687e-09,9.99999905104687e-09,9.99999905104687e-09,9.99999905104687e-09,9.99999905104687e-09,9.99999905104687e-09,1.0,1.0,1.0
9,2620,25000,0.2101326584815979,0.400949090719223,9.99999905104687e-09,1.0,9.99999905104687e-09,9.99999905104687e-09,9.99999905104687e-09,9.99999905104687e-09,9.99999905104687e-09,9.99999905104687e-09,9.99999905104687e-09,9.99999905104687e-09,1.0,1.0,1.0
9,2630,25000,0.2101457267999649,0.4009367525577545,9.99999905104687e-09,1.0,9.99999905104687e-09,9.99999905104687e-09,9.99999905104687e-09,9.99999905104687e-09,9.99999905104687e-09,9.99999905104687e-09,9.99999905104687e-09,9.99999905104687e-09,1.0,1.0,1.0
9,2640,25000,0.2100795954465866,0.4009300172328949,9.99999905104687e-09,1.0,9.99999905104687e-09,9.99999905104687e-09,9.99999905104687e-09,9.99999905104687e-09,9.99999905104687e-09,9.99999905104687e-09,9.99999905104687e-09,9.99999905104687e-09,1.0,1.0,1.0
9,2650,25000,0.210098534822464,0.400944322347641,9.99999905104687e-09,1.0,9.99999905104687e-09,9.99999905104687e-09,9.99999905104687e-09,9.99999905104687e-09,9.99999905104687e-09,9.99999905104687e-09,9.99999905104687e-09,9.99999905104687e-09,1.0,1.0,1.0
9,2660,25000,0.2100808024406433,0.40094858407974243,9.99999905104687e-09,1.0,9.99999905104687e-09,9.99999905104687e-09,9.99999905104687e-09,9.99999905104687e-09,9.99999905104687e-09,9.99999905104687e-09,9.99999905104687e-09,9.99999905104687e-09,1.0,1.0,1.0
9,2670,25000,0.21009187400341034,0.40096646547317505,9.99999905104687e-09,1.0,9.99999905104687e-09,9.99999905104687e-09,9.99999905104687e-09,9.99999905104687e-09,9.99999905104687e-09,9.99999905104687e-09,9.99999905104687e-09,9.99999905104687e-09,1.0,1.0,1.0
9,2680,25000,0.2100193351507187,0.4009304642677307,9.99999905104687e-09,1.0,9.99999905104687e-09,9.99999905104687e-09,9.99999905104687e-09,9.99999905104687e-09,9.99999905104687e-09,9.99999905104687e-09,9.99999905104687e-09,9.99999905104687e-09,1.0,1.0,1.0
9,2690,25000,0.21007826924324036,0.40095558762550354,9.99999905104687e-09,1.0,9.99999905104687e-09,9.99999905104687e-09,9.99999905104687e-09,9.99999905104687e-09,9.99999905104687e-09,9.99999905104687e-09,9.99999905104687e-09,9.99999905104687e-09,1.0,1.0,1.0
9,2700,25000,0.2101142704486847,0.4009213447570801,9.99999905104687e-09,1.0,9.99999905104687e-09,9.99999905104687e-09,9.99999905104687e-09,9.99999905104687e-09,9.99999905104687e-09,9.99999905104687e-09,9.99999905104687e-09,9.99999905104687e-09,1.0,1.0,1.0
9,2710,25000,0.2100469470024109,0.400939404964447,9.99999905104687e-09,1.0,9.99999905104687e-09,9.99999905104687e-09,9.99999905104687e-09,9.99999905104687e-09,9.99999905104687e-09,9.99999905104687e-09,9.99999905104687e-09,9.99999905104687e-09,1.0,1.0,1.0
9,2720,25000,0.21006107330322266,0.4009726345539093,9.99999905104687e-09,1.0,9.99999905104687e-09,9.99999905104687e-09,9.99999905104687e-09,9.99999905104687e-09,9.99999905104687e-09,9.99999905104687e-09,9.99999905104687e-09,9.99999905104687e-09,1.0,1.0,1.0
9,2730,25000,0.2101474553346634,0.4009493589401245,9.99999905104687e-09,1.0,9.99999905104687e-09,9.99999905104687e-09,9.99999905104687e-09,9.99999905104687e-09,9.99999905104687e-09,9.99999905104687e-09,9.99999905104687e-09,9.99999905104687e-09,1.0,1.0,1.0
9,2740,25000,0.21010281145572662,0.4009706676006317,9.99999905104687e-09,1.0,9.99999905104687e-09,9.99999905104687e-09,9.99999905104687e-09,9.99999905104687e-09,9.99999905104687e-09,9.99999905104687e-09,9.99999905104687e-09,9.99999905104687e-09,1.0,1.0,1.0
9,2750,25000,0.2100958675146103,0.40092653036117554,9.99999905104687e-09,1.0,9.99999905104687e-09,9.99999905104687e-09,9.99999905104687e-09,9.99999905104687e-09,9.99999905104687e-09,9.99999905104687e-09,9.99999905104687e-09,9.99999905104687e-09,1.0,1.0,1.0
9,2760,25000,0.21012786030769348,0.4009515643119812,9.99999905104687e-09,1.0,9.99999905104687e-09,9.99999905104687e-09,9.99999905104687e-09,9.99999905104687e-09,9.99999905104687e-09,9.99999905104687e-09,9.99999905104687e-09,9.99999905104687e-09,1.0,1.0,1.0
9,2770,25000,0.21009200811386108,0.4009537696838379,9.99999905104687e-09,1.0,9.99999905104687e-09,9.99999905104687e-09,9.99999905104687e-09,9.99999905104687e-09,9.99999905104687e-09,9.99999905104687e-09,9.99999905104687e-09,9.99999905104687e-09,1.0,1.0,1.0
9,2780,25000,0.21008560061454773,0.4009764492511749,9.99999905104687e-09,1.0,9.99999905104687e-09,9.99999905104687e-09,9.99999905104687e-09,9.99999905104687e-09,9.99999905104687e-09,9.99999905104687e-09,9.99999905104687e-09,9.99999905104687e-09,1.0,1.0,1.0
9,2790,25000,0.2101440131664276,0.4009479582309723,9.99999905104687e-09,1.0,9.99999905104687e-09,9.99999905104687e-09,9.99999905104687e-09,9.99999905104687e-09,9.99999905104687e-09,9.99999905104687e-09,9.99999905104687e-09,9.99999905104687e-09,1.0,1.0,1.0
9,2800,25000,0.21009479463100433,0.40091270208358765,9.99999905104687e-09,1.0,9.99999905104687e-09,9.99999905104687e-09,9.99999905104687e-09,9.99999905104687e-09,9.99999905104687e-09,9.99999905104687e-09,9.99999905104687e-09,9.99999905104687e-09,1.0,1.0,1.0
9,2810,25000,0.2100846767425537,0.4009723365306854,9.99999905104687e-09,1.0,9.99999905104687e-09,9.99999905104687e-09,9.99999905104687e-09,9.99999905104687e-09,9.99999905104687e-09,9.99999905104687e-09,9.99999905104687e-09,9.99999905104687e-09,1.0,1.0,1.0
9,2820,25000,0.21006251871585846,0.4009253978729248,9.99999905104687e-09,1.0,9.99999905104687e-09,9.99999905104687e-09,9.99999905104687e-09,9.99999905104687e-09,9.99999905104687e-09,9.99999905104687e-09,9.99999905104687e-09,9.99999905104687e-09,1.0,1.0,1.0
9,2830,25000,0.21012040972709656,0.4009668529033661,9.99999905104687e-09,1.0,9.99999905104687e-09,9.99999905104687e-09,9.99999905104687e-09,9.99999905104687e-09,9.99999905104687e-09,9.99999905104687e-09,9.99999905104687e-09,9.99999905104687e-09,1.0,1.0,1.0
9,2840,25000,0.21006812155246735,0.400974839925766,9.99999905104687e-09,1.0,9.99999905104687e-09,9.99999905104687e-09,9.99999905104687e-09,9.99999905104687e-09,9.99999905104687e-09,9.99999905104687e-09,9.99999905104687e-09,9.99999905104687e-09,1.0,1.0,1.0
9,2850,25000,0.21010373532772064,0.4009550213813782,9.99999905104687e-09,1.0,9.99999905104687e-09,9.99999905104687e-09,9.99999905104687e-09,9.99999905104687e-09,9.99999905104687e-09,9.99999905104687e-09,9.99999905104687e-09,9.99999905104687e-09,1.0,1.0,1.0
9,2860,25000,0.21011173725128174,0.4009600281715393,9.99999905104687e-09,1.0,9.99999905104687e-09,9.99999905104687e-09,9.99999905104687e-09,9.99999905104687e-09,9.99999905104687e-09,9.99999905104687e-09,9.99999905104687e-09,9.99999905104687e-09,1.0,1.0,1.0
9,2870,25000,0.21006080508232117,0.4009421169757843,9.99999905104687e-09,1.0,9.99999905104687e-09,9.99999905104687e-09,9.99999905104687e-09,9.99999905104687e-09,9.99999905104687e-09,9.99999905104687e-09,9.99999905104687e-09,9.99999905104687e-09,1.0,1.0,1.0
9,2880,25000,0.2101249396800995,0.4009568393230438,9.99999905104687e-09,1.0,9.99999905104687e-09,9.99999905104687e-09,9.99999905104687e-09,9.99999905104687e-09,9.99999905104687e-09,9.99999905104687e-09,9.99999905104687e-09,9.99999905104687e-09,1.0,1.0,1.0
9,2890,25000,0.2100970596075058,0.40097421407699585,9.99999905104687e-09,1.0,9.99999905104687e-09,9.99999905104687e-09,9.99999905104687e-09,9.99999905104687e-09,9.99999905104687e-09,9.99999905104687e-09,9.99999905104687e-09,9.99999905104687e-09,1.0,1.0,1.0
9,2900,25000,0.21002814173698425,0.40093767642974854,9.99999905104687e-09,1.0,9.99999905104687e-09,9.99999905104687e-09,9.99999905104687e-09,9.99999905104687e-09,9.99999905104687e-09,9.99999905104687e-09,9.99999905104687e-09,9.99999905104687e-09,1.0,1.0,1.0
9,2910,25000,0.21015280485153198,0.4009663462638855,9.99999905104687e-09,1.0,9.99999905104687e-09,9.99999905104687e-09,9.99999905104687e-09,9.99999905104687e-09,9.99999905104687e-09,9.99999905104687e-09,9.99999905104687e-09,9.99999905104687e-09,1.0,1.0,1.0
9,2920,25000,0.21013493835926056,0.40095555782318115,9.99999905104687e-09,1.0,9.99999905104687e-09,9.99999905104687e-09,9.99999905104687e-09,9.99999905104687e-09,9.99999905104687e-09,9.99999905104687e-09,9.99999905104687e-09,9.99999905104687e-09,1.0,1.0,1.0
9,2930,25000,0.21006719768047333,0.4009733200073242,9.99999905104687e-09,1.0,9.99999905104687e-09,9.99999905104687e-09,9.99999905104687e-09,9.99999905104687e-09,9.99999905104687e-09,9.99999905104687e-09,9.99999905104687e-09,9.99999905104687e-09,1.0,1.0,1.0
9,2940,25000,0.2101273387670517,0.40097659826278687,9.99999905104687e-09,1.0,9.99999905104687e-09,9.99999905104687e-09,9.99999905104687e-09,9.99999905104687e-09,9.99999905104687e-09,9.99999905104687e-09,9.99999905104687e-09,9.99999905104687e-09,1.0,1.0,1.0
9,2950,25000,0.21014879643917084,0.4009474515914917,9.99999905104687e-09,1.0,9.99999905104687e-09,9.99999905104687e-09,9.99999905104687e-09,9.99999905104687e-09,9.99999905104687e-09,9.99999905104687e-09,9.99999905104687e-09,9.99999905104687e-09,1.0,1.0,1.0
9,2960,25000,0.21011479198932648,0.4009667634963989,9.99999905104687e-09,1.0,9.99999905104687e-09,9.99999905104687e-09,9.99999905104687e-09,9.99999905104687e-09,9.99999905104687e-09,9.99999905104687e-09,9.99999905104687e-09,9.99999905104687e-09,1.0,1.0,1.0
9,2970,25000,0.21005159616470337,0.4009574055671692,9.99999905104687e-09,1.0,9.99999905104687e-09,9.99999905104687e-09,9.99999905104687e-09,9.99999905104687e-09,9.99999905104687e-09,9.99999905104687e-09,9.99999905104687e-09,9.99999905104687e-09,1.0,1.0,1.0
9,2980,25000,0.21010054647922516,0.40094858407974243,9.99999905104687e-09,1.0,9.99999905104687e-09,9.99999905104687e-09,9.99999905104687e-09,9.99999905104687e-09,9.99999905104687e-09,9.99999905104687e-09,9.99999905104687e-09,9.99999905104687e-09,1.0,1.0,1.0
9,2990,25000,0.21011093258857727,0.4009386897087097,9.99999905104687e-09,1.0,9.99999905104687e-09,9.99999905104687e-09,9.99999905104687e-09,9.99999905104687e-09,9.99999905104687e-09,9.99999905104687e-09,9.99999905104687e-09,9.99999905104687e-09,1.0,1.0,1.0
9,3000,25000,0.21009771525859833,0.400969922542572,9.99999905104687e-09,1.0,9.99999905104687e-09,9.99999905104687e-09,9.99999905104687e-09,9.99999905104687e-09,9.99999905104687e-09,9.99999905104687e-09,9.99999905104687e-09,9.99999905104687e-09,1.0,1.0,1.0
9,3010,25000,0.21001507341861725,0.4009629189968109,9.99999905104687e-09,1.0,9.99999905104687e-09,9.99999905104687e-09,9.99999905104687e-09,9.99999905104687e-09,9.99999905104687e-09,9.99999905104687e-09,9.99999905104687e-09,9.99999905104687e-09,1.0,1.0,1.0
9,3020,25000,0.21009987592697144,0.4009462296962738,9.99999905104687e-09,1.0,9.99999905104687e-09,9.99999905104687e-09,9.99999905104687e-09,9.99999905104687e-09,9.99999905104687e-09,9.99999905104687e-09,9.99999905104687e-09,9.99999905104687e-09,1.0,1.0,1.0
9,3030,25000,0.21007467806339264,0.40096598863601685,9.99999905104687e-09,1.0,9.99999905104687e-09,9.99999905104687e-09,9.99999905104687e-09,9.99999905104687e-09,9.99999905104687e-09,9.99999905104687e-09,9.99999905104687e-09,9.99999905104687e-09,1.0,1.0,1.0
9,3040,25000,0.2101154625415802,0.4009765684604645,9.99999905104687e-09,1.0,9.99999905104687e-09,9.99999905104687e-09,9.99999905104687e-09,9.99999905104687e-09,9.99999905104687e-09,9.99999905104687e-09,9.99999905104687e-09,9.99999905104687e-09,1.0,1.0,1.0
9,3050,25000,0.21005572378635406,0.40095254778862,9.99999905104687e-09,1.0,9.99999905104687e-09,9.99999905104687e-09,9.99999905104687e-09,9.99999905104687e-09,9.99999905104687e-09,9.99999905104687e-09,9.99999905104687e-09,9.99999905104687e-09,1.0,1.0,1.0
9,3060,25000,0.2101006805896759,0.4009535312652588,9.99999905104687e-09,1.0,9.99999905104687e-09,9.99999905104687e-09,9.99999905104687e-09,9.99999905104687e-09,9.99999905104687e-09,9.99999905104687e-09,9.99999905104687e-09,9.99999905104687e-09,1.0,1.0,1.0
9,3070,25000,0.21012040972709656,0.4009734094142914,9.99999905104687e-09,1.0,9.99999905104687e-09,9.99999905104687e-09,9.99999905104687e-09,9.99999905104687e-09,9.99999905104687e-09,9.99999905104687e-09,9.99999905104687e-09,9.99999905104687e-09,1.0,1.0,1.0
9,3080,25000,0.21007174253463745,0.4009944200515747,9.99999905104687e-09,1.0,9.99999905104687e-09,9.99999905104687e-09,9.99999905104687e-09,9.99999905104687e-09,9.99999905104687e-09,9.99999905104687e-09,9.99999905104687e-09,9.99999905104687e-09,1.0,1.0,1.0
9,3090,25000,0.2100757509469986,0.40095454454421997,9.99999905104687e-09,1.0,9.99999905104687e-09,9.99999905104687e-09,9.99999905104687e-09,9.99999905104687e-09,9.99999905104687e-09,9.99999905104687e-09,9.99999905104687e-09,9.99999905104687e-09,1.0,1.0,1.0
9,3100,25000,0.21012572944164276,0.4009762704372406,9.99999905104687e-09,1.0,9.99999905104687e-09,9.99999905104687e-09,9.99999905104687e-09,9.99999905104687e-09,9.99999905104687e-09,9.99999905104687e-09,9.99999905104687e-09,9.99999905104687e-09,1.0,1.0,1.0
9,3110,25000,0.21010452508926392,0.4009777307510376,9.99999905104687e-09,1.0,9.99999905104687e-09,9.99999905104687e-09,9.99999905104687e-09,9.99999905104687e-09,9.99999905104687e-09,9.99999905104687e-09,9.99999905104687e-09,9.99999905104687e-09,1.0,1.0,1.0
9,3120,25000,0.21010653674602509,0.40097150206565857,9.99999905104687e-09,1.0,9.99999905104687e-09,9.99999905104687e-09,9.99999905104687e-09,9.99999905104687e-09,9.99999905104687e-09,9.99999905104687e-09,9.99999905104687e-09,9.99999905104687e-09,1.0,1.0,1.0
9,3130,25000,0.21010547876358032,0.4009595215320587,9.99999905104687e-09,1.0,9.99999905104687e-09,9.99999905104687e-09,9.99999905104687e-09,9.99999905104687e-09,9.99999905104687e-09,9.99999905104687e-09,9.99999905104687e-09,9.99999905104687e-09,1.0,1.0,1.0
9,3140,25000,0.21011081337928772,0.40096232295036316,9.99999905104687e-09,1.0,9.99999905104687e-09,9.99999905104687e-09,9.99999905104687e-09,9.99999905104687e-09,9.99999905104687e-09,9.99999905104687e-09,9.99999905104687e-09,9.99999905104687e-09,1.0,1.0,1.0
9,3150,25000,0.21006932854652405,0.4009663462638855,9.99999905104687e-09,1.0,9.99999905104687e-09,9.99999905104687e-09,9.99999905104687e-09,9.99999905104687e-09,9.99999905104687e-09,9.99999905104687e-09,9.99999905104687e-09,9.99999905104687e-09,1.0,1.0,1.0
9,3160,25000,0.21008241176605225,0.400966078042984,9.99999905104687e-09,1.0,9.99999905104687e-09,9.99999905104687e-09,9.99999905104687e-09,9.99999905104687e-09,9.99999905104687e-09,9.99999905104687e-09,9.99999905104687e-09,9.99999905104687e-09,1.0,1.0,1.0
9,3170,25000,0.21012786030769348,0.4009523093700409,9.99999905104687e-09,1.0,9.99999905104687e-09,9.99999905104687e-09,9.99999905104687e-09,9.99999905104687e-09,9.99999905104687e-09,9.99999905104687e-09,9.99999905104687e-09,9.99999905104687e-09,1.0,1.0,1.0
9,3180,25000,0.21006959676742554,0.4009602963924408,9.99999905104687e-09,1.0,9.99999905104687e-09,9.99999905104687e-09,9.99999905104687e-09,9.99999905104687e-09,9.99999905104687e-09,9.99999905104687e-09,9.99999905104687e-09,9.99999905104687e-09,1.0,1.0,1.0
9,3190,25000,0.21004706621170044,0.4009753465652466,9.99999905104687e-09,1.0,9.99999905104687e-09,9.99999905104687e-09,9.99999905104687e-09,9.99999905104687e-09,9.99999905104687e-09,9.99999905104687e-09,9.99999905104687e-09,9.99999905104687e-09,1.0,1.0,1.0
9,3200,25000,0.21012747287750244,0.4009646475315094,9.99999905104687e-09,1.0,9.99999905104687e-09,9.99999905104687e-09,9.99999905104687e-09,9.99999905104687e-09,9.99999905104687e-09,9.99999905104687e-09,9.99999905104687e-09,9.99999905104687e-09,1.0,1.0,1.0
9,3210,25000,0.21011894941329956,0.40098732709884644,9.99999905104687e-09,1.0,9.99999905104687e-09,9.99999905104687e-09,9.99999905104687e-09,9.99999905104687e-09,9.99999905104687e-09,9.99999905104687e-09,9.99999905104687e-09,9.99999905104687e-09,1.0,1.0,1.0
9,3220,25000,0.21013812720775604,0.4009705185890198,9.99999905104687e-09,1.0,9.99999905104687e-09,9.99999905104687e-09,9.99999905104687e-09,9.99999905104687e-09,9.99999905104687e-09,9.99999905104687e-09,9.99999905104687e-09,9.99999905104687e-09,1.0,1.0,1.0
9,3230,25000,0.21011239290237427,0.4009825587272644,9.99999905104687e-09,1.0,9.99999905104687e-09,9.99999905104687e-09,9.99999905104687e-09,9.99999905104687e-09,9.99999905104687e-09,9.99999905104687e-09,9.99999905104687e-09,9.99999905104687e-09,1.0,1.0,1.0
9,3240,25000,0.21011801064014435,0.4009544551372528,9.99999905104687e-09,1.0,9.99999905104687e-09,9.99999905104687e-09,9.99999905104687e-09,9.99999905104687e-09,9.99999905104687e-09,9.99999905104687e-09,9.99999905104687e-09,9.99999905104687e-09,1.0,1.0,1.0
9,3250,25000,0.21020092070102692,0.4009688198566437,9.99999905104687e-09,1.0,9.99999905104687e-09,9.99999905104687e-09,9.99999905104687e-09,9.99999905104687e-09,9.99999905104687e-09,9.99999905104687e-09,9.99999905104687e-09,9.99999905104687e-09,1.0,1.0,1.0
9,3260,25000,0.21006840467453003,0.4009746015071869,9.99999905104687e-09,1.0,9.99999905104687e-09,9.99999905104687e-09,9.99999905104687e-09,9.99999905104687e-09,9.99999905104687e-09,9.99999905104687e-09,9.99999905104687e-09,9.99999905104687e-09,1.0,1.0,1.0
9,3270,25000,0.2101062685251236,0.40096431970596313,9.99999905104687e-09,1.0,9.99999905104687e-09,9.99999905104687e-09,9.99999905104687e-09,9.99999905104687e-09,9.99999905104687e-09,9.99999905104687e-09,9.99999905104687e-09,9.99999905104687e-09,1.0,1.0,1.0
9,3280,25000,0.21011559665203094,0.40095487236976624,9.99999905104687e-09,1.0,9.99999905104687e-09,9.99999905104687e-09,9.99999905104687e-09,9.99999905104687e-09,9.99999905104687e-09,9.99999905104687e-09,9.99999905104687e-09,9.99999905104687e-09,1.0,1.0,1.0
9,3290,25000,0.2101101279258728,0.4009725749492645,9.99999905104687e-09,1.0,9.99999905104687e-09,9.99999905104687e-09,9.99999905104687e-09,9.99999905104687e-09,9.99999905104687e-09,9.99999905104687e-09,9.99999905104687e-09,9.99999905104687e-09,1.0,1.0,1.0
9,3300,25000,0.21007999777793884,0.40097182989120483,9.99999905104687e-09,1.0,9.99999905104687e-09,9.99999905104687e-09,9.99999905104687e-09,9.99999905104687e-09,9.99999905104687e-09,9.99999905104687e-09,9.99999905104687e-09,9.99999905104687e-09,1.0,1.0,1.0
9,3310,25000,0.21014679968357086,0.4009730815887451,9.99999905104687e-09,1.0,9.99999905104687e-09,9.99999905104687e-09,9.99999905104687e-09,9.99999905104687e-09,9.99999905104687e-09,9.99999905104687e-09,9.99999905104687e-09,9.99999905104687e-09,1.0,1.0,1.0
9,3320,25000,0.21010614931583405,0.40096646547317505,9.99999905104687e-09,1.0,9.99999905104687e-09,9.99999905104687e-09,9.99999905104687e-09,9.99999905104687e-09,9.99999905104687e-09,9.99999905104687e-09,9.99999905104687e-09,9.99999905104687e-09,1.0,1.0,1.0
9,3330,25000,0.21008746325969696,0.40098536014556885,9.99999905104687e-09,1.0,9.99999905104687e-09,9.99999905104687e-09,9.99999905104687e-09,9.99999905104687e-09,9.99999905104687e-09,9.99999905104687e-09,9.99999905104687e-09,9.99999905104687e-09,1.0,1.0,1.0
9,3340,25000,0.21010452508926392,0.40098023414611816,9.99999905104687e-09,1.0,9.99999905104687e-09,9.99999905104687e-09,9.99999905104687e-09,9.99999905104687e-09,9.99999905104687e-09,9.99999905104687e-09,9.99999905104687e-09,9.99999905104687e-09,1.0,1.0,1.0
9,3350,25000,0.21009880304336548,0.4009259343147278,9.99999905104687e-09,1.0,9.99999905104687e-09,9.99999905104687e-09,9.99999905104687e-09,9.99999905104687e-09,9.99999905104687e-09,9.99999905104687e-09,9.99999905104687e-09,9.99999905104687e-09,1.0,1.0,1.0
9,3360,25000,0.21010001003742218,0.4009566009044647,9.99999905104687e-09,1.0,9.99999905104687e-09,9.99999905104687e-09,9.99999905104687e-09,9.99999905104687e-09,9.99999905104687e-09,9.99999905104687e-09,9.99999905104687e-09,9.99999905104687e-09,1.0,1.0,1.0
9,3370,25000,0.210097074508667,0.4009648859500885,9.99999905104687e-09,1.0,9.99999905104687e-09,9.99999905104687e-09,9.99999905104687e-09,9.99999905104687e-09,9.99999905104687e-09,9.99999905104687e-09,9.99999905104687e-09,9.99999905104687e-09,1.0,1.0,1.0
9,3380,25000,0.2101496160030365,0.4009813666343689,9.99999905104687e-09,1.0,9.99999905104687e-09,9.99999905104687e-09,9.99999905104687e-09,9.99999905104687e-09,9.99999905104687e-09,9.99999905104687e-09,9.99999905104687e-09,9.99999905104687e-09,1.0,1.0,1.0
9,3390,25000,0.21013745665550232,0.400961697101593,9.99999905104687e-09,1.0,9.99999905104687e-09,9.99999905104687e-09,9.99999905104687e-09,9.99999905104687e-09,9.99999905104687e-09,9.99999905104687e-09,9.99999905104687e-09,9.99999905104687e-09,1.0,1.0,1.0
9,3400,25000,0.21009747684001923,0.4009585380554199,9.99999905104687e-09,1.0,9.99999905104687e-09,9.99999905104687e-09,9.99999905104687e-09,9.99999905104687e-09,9.99999905104687e-09,9.99999905104687e-09,9.99999905104687e-09,9.99999905104687e-09,1.0,1.0,1.0
9,3410,25000,0.21008026599884033,0.4009639024734497,9.99999905104687e-09,1.0,9.99999905104687e-09,9.99999905104687e-09,9.99999905104687e-09,9.99999905104687e-09,9.99999905104687e-09,9.99999905104687e-09,9.99999905104687e-09,9.99999905104687e-09,1.0,1.0,1.0
9,3420,25000,0.21006307005882263,0.40097811818122864,9.99999905104687e-09,1.0,9.99999905104687e-09,9.99999905104687e-09,9.99999905104687e-09,9.99999905104687e-09,9.99999905104687e-09,9.99999905104687e-09,9.99999905104687e-09,9.99999905104687e-09,1.0,1.0,1.0
9,3430,25000,0.21004733443260193,0.4009803831577301,9.99999905104687e-09,1.0,9.99999905104687e-09,9.99999905104687e-09,9.99999905104687e-09,9.99999905104687e-09,9.99999905104687e-09,9.99999905104687e-09,9.99999905104687e-09,9.99999905104687e-09,1.0,1.0,1.0
9,3440,25000,0.21014827489852905,0.400951623916626,9.99999905104687e-09,1.0,9.99999905104687e-09,9.99999905104687e-09,9.99999905104687e-09,9.99999905104687e-09,9.99999905104687e-09,9.99999905104687e-09,9.99999905104687e-09,9.99999905104687e-09,1.0,1.0,1.0
9,3450,25000,0.2101561427116394,0.4009656310081482,9.99999905104687e-09,1.0,9.99999905104687e-09,9.99999905104687e-09,9.99999905104687e-09,9.99999905104687e-09,9.99999905104687e-09,9.99999905104687e-09,9.99999905104687e-09,9.99999905104687e-09,1.0,1.0,1.0
9,3460,25000,0.21018026769161224,0.4009576439857483,9.99999905104687e-09,1.0,9.99999905104687e-09,9.99999905104687e-09,9.99999905104687e-09,9.99999905104687e-09,9.99999905104687e-09,9.99999905104687e-09,9.99999905104687e-09,9.99999905104687e-09,1.0,1.0,1.0
9,3470,25000,0.21012267470359802,0.40097948908805847,9.99999905104687e-09,1.0,9.99999905104687e-09,9.99999905104687e-09,9.99999905104687e-09,9.99999905104687e-09,9.99999905104687e-09,9.99999905104687e-09,9.99999905104687e-09,9.99999905104687e-09,1.0,1.0,1.0
9,3480,25000,0.21009735763072968,0.40096724033355713,9.99999905104687e-09,1.0,9.99999905104687e-09,9.99999905104687e-09,9.99999905104687e-09,9.99999905104687e-09,9.99999905104687e-09,9.99999905104687e-09,9.99999905104687e-09,9.99999905104687e-09,1.0,1.0,1.0
9,3490,25000,0.2100946605205536,0.40096205472946167,9.99999905104687e-09,1.0,9.99999905104687e-09,9.99999905104687e-09,9.99999905104687e-09,9.99999905104687e-09,9.99999905104687e-09,9.99999905104687e-09,9.99999905104687e-09,9.99999905104687e-09,1.0,1.0,1.0
9,3500,25000,0.21011853218078613,0.4009805917739868,9.99999905104687e-09,1.0,9.99999905104687e-09,9.99999905104687e-09,9.99999905104687e-09,9.99999905104687e-09,9.99999905104687e-09,9.99999905104687e-09,9.99999905104687e-09,9.99999905104687e-09,1.0,1.0,1.0
9,3510,25000,0.21008653938770294,0.4009630084037781,9.99999905104687e-09,1.0,9.99999905104687e-09,9.99999905104687e-09,9.99999905104687e-09,9.99999905104687e-09,9.99999905104687e-09,9.99999905104687e-09,9.99999905104687e-09,9.99999905104687e-09,1.0,1.0,1.0
9,3520,25000,0.21011653542518616,0.4009672999382019,9.99999905104687e-09,1.0,9.99999905104687e-09,9.99999905104687e-09,9.99999905104687e-09,9.99999905104687e-09,9.99999905104687e-09,9.99999905104687e-09,9.99999905104687e-09,9.99999905104687e-09,1.0,1.0,1.0
9,3530,25000,0.21008306741714478,0.40096980333328247,9.99999905104687e-09,1.0,9.99999905104687e-09,9.99999905104687e-09,9.99999905104687e-09,9.99999905104687e-09,9.99999905104687e-09,9.99999905104687e-09,9.99999905104687e-09,9.99999905104687e-09,1.0,1.0,1.0
9,3540,25000,0.21011267602443695,0.4009777009487152,9.99999905104687e-09,1.0,9.99999905104687e-09,9.99999905104687e-09,9.99999905104687e-09,9.99999905104687e-09,9.99999905104687e-09,9.99999905104687e-09,9.99999905104687e-09,9.99999905104687e-09,1.0,1.0,1.0
9,3550,25000,0.2100386619567871,0.40095633268356323,9.99999905104687e-09,1.0,9.99999905104687e-09,9.99999905104687e-09,9.99999905104687e-09,9.99999905104687e-09,9.99999905104687e-09,9.99999905104687e-09,9.99999905104687e-09,9.99999905104687e-09,1.0,1.0,1.0
9,3560,25000,0.21009252965450287,0.40094566345214844,9.99999905104687e-09,1.0,9.99999905104687e-09,9.99999905104687e-09,9.99999905104687e-09,9.99999905104687e-09,9.99999905104687e-09,9.99999905104687e-09,9.99999905104687e-09,9.99999905104687e-09,1.0,1.0,1.0
9,3570,25000,0.21006906032562256,0.40095752477645874,9.99999905104687e-09,1.0,9.99999905104687e-09,9.99999905104687e-09,9.99999905104687e-09,9.99999905104687e-09,9.99999905104687e-09,9.99999905104687e-09,9.99999905104687e-09,9.99999905104687e-09,1.0,1.0,1.0
9,3580,25000,0.21010559797286987,0.4009492099285126,9.99999905104687e-09,1.0,9.99999905104687e-09,9.99999905104687e-09,9.99999905104687e-09,9.99999905104687e-09,9.99999905104687e-09,9.99999905104687e-09,9.99999905104687e-09,9.99999905104687e-09,1.0,1.0,1.0
9,3590,25000,0.21010413765907288,0.4009552299976349,9.99999905104687e-09,1.0,9.99999905104687e-09,9.99999905104687e-09,9.99999905104687e-09,9.99999905104687e-09,9.99999905104687e-09,9.99999905104687e-09,9.99999905104687e-09,9.99999905104687e-09,1.0,1.0,1.0
9,3600,25000,0.2100919932126999,0.40098661184310913,9.99999905104687e-09,1.0,9.99999905104687e-09,9.99999905104687e-09,9.99999905104687e-09,9.99999905104687e-09,9.99999905104687e-09,9.99999905104687e-09,9.99999905104687e-09,9.99999905104687e-09,1.0,1.0,1.0
9,3610,25000,0.2100914716720581,0.4009474217891693,9.99999905104687e-09,1.0,9.99999905104687e-09,9.99999905104687e-09,9.99999905104687e-09,9.99999905104687e-09,9.99999905104687e-09,9.99999905104687e-09,9.99999905104687e-09,9.99999905104687e-09,1.0,1.0,1.0
9,3620,25000,0.2101142555475235,0.40096864104270935,9.99999905104687e-09,1.0,9.99999905104687e-09,9.99999905104687e-09,9.99999905104687e-09,9.99999905104687e-09,9.99999905104687e-09,9.99999905104687e-09,9.99999905104687e-09,9.99999905104687e-09,1.0,1.0,1.0
9,3630,25000,0.21014827489852905,0.40094029903411865,9.99999905104687e-09,1.0,9.99999905104687e-09,9.99999905104687e-09,9.99999905104687e-09,9.99999905104687e-09,9.99999905104687e-09,9.99999905104687e-09,9.99999905104687e-09,9.99999905104687e-09,1.0,1.0,1.0
9,3640,25000,0.2101208120584488,0.4009680151939392,9.99999905104687e-09,1.0,9.99999905104687e-09,9.99999905104687e-09,9.99999905104687e-09,9.99999905104687e-09,9.99999905104687e-09,9.99999905104687e-09,9.99999905104687e-09,9.99999905104687e-09,1.0,1.0,1.0
9,3650,25000,0.21012254059314728,0.400966078042984,9.99999905104687e-09,1.0,9.99999905104687e-09,9.99999905104687e-09,9.99999905104687e-09,9.99999905104687e-09,9.99999905104687e-09,9.99999905104687e-09,9.99999905104687e-09,9.99999905104687e-09,1.0,1.0,1.0
9,3660,25000,0.2100413292646408,0.4009634554386139,9.99999905104687e-09,1.0,9.99999905104687e-09,9.99999905104687e-09,9.99999905104687e-09,9.99999905104687e-09,9.99999905104687e-09,9.99999905104687e-09,9.99999905104687e-09,9.99999905104687e-09,1.0,1.0,1.0
9,3670,25000,0.21014200150966644,0.40096479654312134,9.99999905104687e-09,1.0,9.99999905104687e-09,9.99999905104687e-09,9.99999905104687e-09,9.99999905104687e-09,9.99999905104687e-09,9.99999905104687e-09,9.99999905104687e-09,9.99999905104687e-09,1.0,1.0,1.0
9,3680,25000,0.2101445496082306,0.4009881317615509,9.99999905104687e-09,1.0,9.99999905104687e-09,9.99999905104687e-09,9.99999905104687e-09,9.99999905104687e-09,9.99999905104687e-09,9.99999905104687e-09,9.99999905104687e-09,9.99999905104687e-09,1.0,1.0,1.0
9,3690,25000,0.210137739777565,0.40095457434654236,9.99999905104687e-09,1.0,9.99999905104687e-09,9.99999905104687e-09,9.99999905104687e-09,9.99999905104687e-09,9.99999905104687e-09,9.99999905104687e-09,9.99999905104687e-09,9.99999905104687e-09,1.0,1.0,1.0
9,3700,25000,0.2101006656885147,0.4009786546230316,9.99999905104687e-09,1.0,9.99999905104687e-09,9.99999905104687e-09,9.99999905104687e-09,9.99999905104687e-09,9.99999905104687e-09,9.99999905104687e-09,9.99999905104687e-09,9.99999905104687e-09,1.0,1.0,1.0
9,3710,25000,0.2100294828414917,0.4009664058685303,9.99999905104687e-09,1.0,9.99999905104687e-09,9.99999905104687e-09,9.99999905104687e-09,9.99999905104687e-09,9.99999905104687e-09,9.99999905104687e-09,9.99999905104687e-09,9.99999905104687e-09,1.0,1.0,1.0
9,3720,25000,0.21009893715381622,0.40096184611320496,9.99999905104687e-09,1.0,9.99999905104687e-09,9.99999905104687e-09,9.99999905104687e-09,9.99999905104687e-09,9.99999905104687e-09,9.99999905104687e-09,9.99999905104687e-09,9.99999905104687e-09,1.0,1.0,1.0
9,3730,25000,0.2100508064031601,0.4009629487991333,9.99999905104687e-09,1.0,9.99999905104687e-09,9.99999905104687e-09,9.99999905104687e-09,9.99999905104687e-09,9.99999905104687e-09,9.99999905104687e-09,9.99999905104687e-09,9.99999905104687e-09,1.0,1.0,1.0
9,3740,25000,0.21004508435726166,0.400966614484787,9.99999905104687e-09,1.0,9.99999905104687e-09,9.99999905104687e-09,9.99999905104687e-09,9.99999905104687e-09,9.99999905104687e-09,9.99999905104687e-09,9.99999905104687e-09,9.99999905104687e-09,1.0,1.0,1.0
9,3750,25000,0.21012814342975616,0.40095090866088867,9.99999905104687e-09,1.0,9.99999905104687e-09,9.99999905104687e-09,9.99999905104687e-09,9.99999905104687e-09,9.99999905104687e-09,9.99999905104687e-09,9.99999905104687e-09,9.99999905104687e-09,1.0,1.0,1.0
9,3760,25000,0.21007655560970306,0.4009804129600525,9.99999905104687e-09,1.0,9.99999905104687e-09,9.99999905104687e-09,9.99999905104687e-09,9.99999905104687e-09,9.99999905104687e-09,9.99999905104687e-09,9.99999905104687e-09,9.99999905104687e-09,1.0,1.0,1.0
9,3770,25000,0.21013668179512024,0.4009644091129303,9.99999905104687e-09,1.0,9.99999905104687e-09,9.99999905104687e-09,9.99999905104687e-09,9.99999905104687e-09,9.99999905104687e-09,9.99999905104687e-09,9.99999905104687e-09,9.99999905104687e-09,1.0,1.0,1.0
9,3780,25000,0.210044264793396,0.4009636342525482,9.99999905104687e-09,1.0,9.99999905104687e-09,9.99999905104687e-09,9.99999905104687e-09,9.99999905104687e-09,9.99999905104687e-09,9.99999905104687e-09,9.99999905104687e-09,9.99999905104687e-09,1.0,1.0,1.0
9,3790,25000,0.2100602686405182,0.4009930193424225,9.99999905104687e-09,1.0,9.99999905104687e-09,9.99999905104687e-09,9.99999905104687e-09,9.99999905104687e-09,9.99999905104687e-09,9.99999905104687e-09,9.99999905104687e-09,9.99999905104687e-09,1.0,1.0,1.0
9,3800,25000,0.2101127803325653,0.4009720981121063,9.99999905104687e-09,1.0,9.99999905104687e-09,9.99999905104687e-09,9.99999905104687e-09,9.99999905104687e-09,9.99999905104687e-09,9.99999905104687e-09,9.99999905104687e-09,9.99999905104687e-09,1.0,1.0,1.0
9,3810,25000,0.21009080111980438,0.4009595215320587,9.99999905104687e-09,1.0,9.99999905104687e-09,9.99999905104687e-09,9.99999905104687e-09,9.99999905104687e-09,9.99999905104687e-09,9.99999905104687e-09,9.99999905104687e-09,9.99999905104687e-09,1.0,1.0,1.0
9,3820,25000,0.21012453734874725,0.4009668827056885,9.99999905104687e-09,1.0,9.99999905104687e-09,9.99999905104687e-09,9.99999905104687e-09,9.99999905104687e-09,9.99999905104687e-09,9.99999905104687e-09,9.99999905104687e-09,9.99999905104687e-09,1.0,1.0,1.0
9,3830,25000,0.2101103961467743,0.4009578227996826,9.99999905104687e-09,1.0,9.99999905104687e-09,9.99999905104687e-09,9.99999905104687e-09,9.99999905104687e-09,9.99999905104687e-09,9.99999905104687e-09,9.99999905104687e-09,9.99999905104687e-09,1.0,1.0,1.0
9,3840,25000,0.21011947095394135,0.40096694231033325,9.99999905104687e-09,1.0,9.99999905104687e-09,9.99999905104687e-09,9.99999905104687e-09,9.99999905104687e-09,9.99999905104687e-09,9.99999905104687e-09,9.99999905104687e-09,9.99999905104687e-09,1.0,1.0,1.0
9,3850,25000,0.21006560325622559,0.40098920464515686,9.99999905104687e-09,1.0,9.99999905104687e-09,9.99999905104687e-09,9.99999905104687e-09,9.99999905104687e-09,9.99999905104687e-09,9.99999905104687e-09,9.99999905104687e-09,9.99999905104687e-09,1.0,1.0,1.0
9,3860,25000,0.21012906730175018,0.40095317363739014,9.99999905104687e-09,1.0,9.99999905104687e-09,9.99999905104687e-09,9.99999905104687e-09,9.99999905104687e-09,9.99999905104687e-09,9.99999905104687e-09,9.99999905104687e-09,9.99999905104687e-09,1.0,1.0,1.0
9,3870,25000,0.21019934117794037,0.4009718894958496,9.99999905104687e-09,1.0,9.99999905104687e-09,9.99999905104687e-09,9.99999905104687e-09,9.99999905104687e-09,9.99999905104687e-09,9.99999905104687e-09,9.99999905104687e-09,9.99999905104687e-09,1.0,1.0,1.0
9,3880,25000,0.21013613045215607,0.40096279978752136,9.99999905104687e-09,1.0,9.99999905104687e-09,9.99999905104687e-09,9.99999905104687e-09,9.99999905104687e-09,9.99999905104687e-09,9.99999905104687e-09,9.99999905104687e-09,9.99999905104687e-09,1.0,1.0,1.0
9,3890,25000,0.21011854708194733,0.40097931027412415,9.99999905104687e-09,1.0,9.99999905104687e-09,9.99999905104687e-09,9.99999905104687e-09,9.99999905104687e-09,9.99999905104687e-09,9.99999905104687e-09,9.99999905104687e-09,9.99999905104687e-09,1.0,1.0,1.0
9,3900,25000,0.21008066833019257,0.40097668766975403,9.99999905104687e-09,1.0,9.99999905104687e-09,9.99999905104687e-09,9.99999905104687e-09,9.99999905104687e-09,9.99999905104687e-09,9.99999905104687e-09,9.99999905104687e-09,9.99999905104687e-09,1.0,1.0,1.0
9,3910,25000,0.21009786427021027,0.4009648859500885,9.99999905104687e-09,1.0,9.99999905104687e-09,9.99999905104687e-09,9.99999905104687e-09,9.99999905104687e-09,9.99999905104687e-09,9.99999905104687e-09,9.99999905104687e-09,9.99999905104687e-09,1.0,1.0,1.0
9,3920,25000,0.21008241176605225,0.4009714424610138,9.99999905104687e-09,1.0,9.99999905104687e-09,9.99999905104687e-09,9.99999905104687e-09,9.99999905104687e-09,9.99999905104687e-09,9.99999905104687e-09,9.99999905104687e-09,9.99999905104687e-09,1.0,1.0,1.0
9,3930,25000,0.21006427705287933,0.4009793996810913,9.99999905104687e-09,1.0,9.99999905104687e-09,9.99999905104687e-09,9.99999905104687e-09,9.99999905104687e-09,9.99999905104687e-09,9.99999905104687e-09,9.99999905104687e-09,9.99999905104687e-09,1.0,1.0,1.0
9,3940,25000,0.2100931853055954,0.4009760618209839,9.99999905104687e-09,1.0,9.99999905104687e-09,9.99999905104687e-09,9.99999905104687e-09,9.99999905104687e-09,9.99999905104687e-09,9.99999905104687e-09,9.99999905104687e-09,9.99999905104687e-09,1.0,1.0,1.0
9,3950,25000,0.21005654335021973,0.40096333622932434,9.99999905104687e-09,1.0,9.99999905104687e-09,9.99999905104687e-09,9.99999905104687e-09,9.99999905104687e-09,9.99999905104687e-09,9.99999905104687e-09,9.99999905104687e-09,9.99999905104687e-09,1.0,1.0,1.0
9,3960,25000,0.21012786030769348,0.4009658396244049,9.99999905104687e-09,1.0,9.99999905104687e-09,9.99999905104687e-09,9.99999905104687e-09,9.99999905104687e-09,9.99999905104687e-09,9.99999905104687e-09,9.99999905104687e-09,9.99999905104687e-09,1.0,1.0,1.0
9,3970,25000,0.21006600558757782,0.4009673595428467,9.99999905104687e-09,1.0,9.99999905104687e-09,9.99999905104687e-09,9.99999905104687e-09,9.99999905104687e-09,9.99999905104687e-09,9.99999905104687e-09,9.99999905104687e-09,9.99999905104687e-09,1.0,1.0,1.0
9,3980,25000,0.21013586223125458,0.40097203850746155,9.99999905104687e-09,1.0,9.99999905104687e-09,9.99999905104687e-09,9.99999905104687e-09,9.99999905104687e-09,9.99999905104687e-09,9.99999905104687e-09,9.99999905104687e-09,9.99999905104687e-09,1.0,1.0,1.0
9,3990,25000,0.2101237177848816,0.4009600281715393,9.99999905104687e-09,1.0,9.99999905104687e-09,9.99999905104687e-09,9.99999905104687e-09,9.99999905104687e-09,9.99999905104687e-09,9.99999905104687e-09,9.99999905104687e-09,9.99999905104687e-09,1.0,1.0,1.0
9,4000,25000,0.21008174121379852,0.4009751081466675,9.99999905104687e-09,1.0,9.99999905104687e-09,9.99999905104687e-09,9.99999905104687e-09,9.99999905104687e-09,9.99999905104687e-09,9.99999905104687e-09,9.99999905104687e-09,9.99999905104687e-09,1.0,1.0,1.0
9,4010,25000,0.21010813117027283,0.4009830951690674,9.99999905104687e-09,1.0,9.99999905104687e-09,9.99999905104687e-09,9.99999905104687e-09,9.99999905104687e-09,9.99999905104687e-09,9.99999905104687e-09,9.99999905104687e-09,9.99999905104687e-09,1.0,1.0,1.0
9,4020,25000,0.21009786427021027,0.40096402168273926,9.99999905104687e-09,1.0,9.99999905104687e-09,9.99999905104687e-09,9.99999905104687e-09,9.99999905104687e-09,9.99999905104687e-09,9.99999905104687e-09,9.99999905104687e-09,9.99999905104687e-09,1.0,1.0,1.0
9,4030,25000,0.21011732518672943,0.40097326040267944,9.99999905104687e-09,1.0,9.99999905104687e-09,9.99999905104687e-09,9.99999905104687e-09,9.99999905104687e-09,9.99999905104687e-09,9.99999905104687e-09,9.99999905104687e-09,9.99999905104687e-09,1.0,1.0,1.0
9,4040,25000,0.21013027429580688,0.4009664058685303,9.99999905104687e-09,1.0,9.99999905104687e-09,9.99999905104687e-09,9.99999905104687e-09,9.99999905104687e-09,9.99999905104687e-09,9.99999905104687e-09,9.99999905104687e-09,9.99999905104687e-09,1.0,1.0,1.0
9,4050,25000,0.21010614931583405,0.40098750591278076,9.99999905104687e-09,1.0,9.99999905104687e-09,9.99999905104687e-09,9.99999905104687e-09,9.99999905104687e-09,9.99999905104687e-09,9.99999905104687e-09,9.99999905104687e-09,9.99999905104687e-09,1.0,1.0,1.0
9,4060,25000,0.21009652316570282,0.4009760022163391,9.99999905104687e-09,1.0,9.99999905104687e-09,9.99999905104687e-09,9.99999905104687e-09,9.99999905104687e-09,9.99999905104687e-09,9.99999905104687e-09,9.99999905104687e-09,9.99999905104687e-09,1.0,1.0,1.0
9,4070,25000,0.21014238893985748,0.40097886323928833,9.99999905104687e-09,1.0,9.99999905104687e-09,9.99999905104687e-09,9.99999905104687e-09,9.99999905104687e-09,9.99999905104687e-09,9.99999905104687e-09,9.99999905104687e-09,9.99999905104687e-09,1.0,1.0,1.0
9,4080,25000,0.21004880964756012,0.40096256136894226,9.99999905104687e-09,1.0,9.99999905104687e-09,9.99999905104687e-09,9.99999905104687e-09,9.99999905104687e-09,9.99999905104687e-09,9.99999905104687e-09,9.99999905104687e-09,9.99999905104687e-09,1.0,1.0,1.0
9,4090,25000,0.21010546386241913,0.40096133947372437,9.99999905104687e-09,1.0,9.99999905104687e-09,9.99999905104687e-09,9.99999905104687e-09,9.99999905104687e-09,9.99999905104687e-09,9.99999905104687e-09,9.99999905104687e-09,9.99999905104687e-09,1.0,1.0,1.0
9,4100,25000,0.21008893847465515,0.4009765684604645,9.99999905104687e-09,1.0,9.99999905104687e-09,9.99999905104687e-09,9.99999905104687e-09,9.99999905104687e-09,9.99999905104687e-09,9.99999905104687e-09,9.99999905104687e-09,9.99999905104687e-09,1.0,1.0,1.0
9,4110,25000,0.21010613441467285,0.40098869800567627,9.99999905104687e-09,1.0,9.99999905104687e-09,9.99999905104687e-09,9.99999905104687e-09,9.99999905104687e-09,9.99999905104687e-09,9.99999905104687e-09,9.99999905104687e-09,9.99999905104687e-09,1.0,1.0,1.0
9,4120,25000,0.21005360782146454,0.40097132325172424,9.99999905104687e-09,1.0,9.99999905104687e-09,9.99999905104687e-09,9.99999905104687e-09,9.99999905104687e-09,9.99999905104687e-09,9.99999905104687e-09,9.99999905104687e-09,9.99999905104687e-09,1.0,1.0,1.0
9,4130,25000,0.21011628210544586,0.40097469091415405,9.99999905104687e-09,1.0,9.99999905104687e-09,9.99999905104687e-09,9.99999905104687e-09,9.99999905104687e-09,9.99999905104687e-09,9.99999905104687e-09,9.99999905104687e-09,9.99999905104687e-09,1.0,1.0,1.0
9,4140,25000,0.21007439494132996,0.4009725749492645,9.99999905104687e-09,1.0,9.99999905104687e-09,9.99999905104687e-09,9.99999905104687e-09,9.99999905104687e-09,9.99999905104687e-09,9.99999905104687e-09,9.99999905104687e-09,9.99999905104687e-09,1.0,1.0,1.0
9,4150,25000,0.21007493138313293,0.4009602963924408,9.99999905104687e-09,1.0,9.99999905104687e-09,9.99999905104687e-09,9.99999905104687e-09,9.99999905104687e-09,9.99999905104687e-09,9.99999905104687e-09,9.99999905104687e-09,9.99999905104687e-09,1.0,1.0,1.0
9,4160,25000,0.2100822627544403,0.4009625017642975,9.99999905104687e-09,1.0,9.99999905104687e-09,9.99999905104687e-09,9.99999905104687e-09,9.99999905104687e-09,9.99999905104687e-09,9.99999905104687e-09,9.99999905104687e-09,9.99999905104687e-09,1.0,1.0,1.0
9,4170,25000,0.21014133095741272,0.4009738862514496,9.99999905104687e-09,1.0,9.99999905104687e-09,9.99999905104687e-09,9.99999905104687e-09,9.99999905104687e-09,9.99999905104687e-09,9.99999905104687e-09,9.99999905104687e-09,9.99999905104687e-09,1.0,1.0,1.0
9,4180,25000,0.2101614624261856,0.4009650945663452,9.99999905104687e-09,1.0,9.99999905104687e-09,9.99999905104687e-09,9.99999905104687e-09,9.99999905104687e-09,9.99999905104687e-09,9.99999905104687e-09,9.99999905104687e-09,9.99999905104687e-09,1.0,1.0,1.0
9,4190,25000,0.2100849151611328,0.4009586274623871,9.99999905104687e-09,1.0,9.99999905104687e-09,9.99999905104687e-09,9.99999905104687e-09,9.99999905104687e-09,9.99999905104687e-09,9.99999905104687e-09,9.99999905104687e-09,9.99999905104687e-09,1.0,1.0,1.0
9,4200,25000,0.21008454263210297,0.4009626805782318,9.99999905104687e-09,1.0,9.99999905104687e-09,9.99999905104687e-09,9.99999905104687e-09,9.99999905104687e-09,9.99999905104687e-09,9.99999905104687e-09,9.99999905104687e-09,9.99999905104687e-09,1.0,1.0,1.0
9,4210,25000,0.21013279259204865,0.40096545219421387,9.99999905104687e-09,1.0,9.99999905104687e-09,9.99999905104687e-09,9.99999905104687e-09,9.99999905104687e-09,9.99999905104687e-09,9.99999905104687e-09,9.99999905104687e-09,9.99999905104687e-09,1.0,1.0,1.0
9,4220,25000,0.21011881530284882,0.40097424387931824,9.99999905104687e-09,1.0,9.99999905104687e-09,9.99999905104687e-09,9.99999905104687e-09,9.99999905104687e-09,9.99999905104687e-09,9.99999905104687e-09,9.99999905104687e-09,9.99999905104687e-09,1.0,1.0,1.0
9,4230,25000,0.21011945605278015,0.4009416699409485,9.99999905104687e-09,1.0,9.99999905104687e-09,9.99999905104687e-09,9.99999905104687e-09,9.99999905104687e-09,9.99999905104687e-09,9.99999905104687e-09,9.99999905104687e-09,9.99999905104687e-09,1.0,1.0,1.0
9,4240,25000,0.21013948321342468,0.4009712338447571,9.99999905104687e-09,1.0,9.99999905104687e-09,9.99999905104687e-09,9.99999905104687e-09,9.99999905104687e-09,9.99999905104687e-09,9.99999905104687e-09,9.99999905104687e-09,9.99999905104687e-09,1.0,1.0,1.0
9,4250,25000,0.21012666821479797,0.40097078680992126,9.99999905104687e-09,1.0,9.99999905104687e-09,9.99999905104687e-09,9.99999905104687e-09,9.99999905104687e-09,9.99999905104687e-09,9.99999905104687e-09,9.99999905104687e-09,9.99999905104687e-09,1.0,1.0,1.0
9,4260,25000,0.2101650834083557,0.4009746015071869,9.99999905104687e-09,1.0,9.99999905104687e-09,9.99999905104687e-09,9.99999905104687e-09,9.99999905104687e-09,9.99999905104687e-09,9.99999905104687e-09,9.99999905104687e-09,9.99999905104687e-09,1.0,1.0,1.0
9,4270,25000,0.21013134717941284,0.4009665548801422,9.99999905104687e-09,1.0,9.99999905104687e-09,9.99999905104687e-09,9.99999905104687e-09,9.99999905104687e-09,9.99999905104687e-09,9.99999905104687e-09,9.99999905104687e-09,9.99999905104687e-09,1.0,1.0,1.0
9,4280,25000,0.21010413765907288,0.4009624421596527,9.99999905104687e-09,1.0,9.99999905104687e-09,9.99999905104687e-09,9.99999905104687e-09,9.99999905104687e-09,9.99999905104687e-09,9.99999905104687e-09,9.99999905104687e-09,9.99999905104687e-09,1.0,1.0,1.0
9,4290,25000,0.21009959280490875,0.40095171332359314,9.99999905104687e-09,1.0,9.99999905104687e-09,9.99999905104687e-09,9.99999905104687e-09,9.99999905104687e-09,9.99999905104687e-09,9.99999905104687e-09,9.99999905104687e-09,9.99999905104687e-09,1.0,1.0,1.0
9,4300,25000,0.21016013622283936,0.40097081661224365,9.99999905104687e-09,1.0,9.99999905104687e-09,9.99999905104687e-09,9.99999905104687e-09,9.99999905104687e-09,9.99999905104687e-09,9.99999905104687e-09,9.99999905104687e-09,9.99999905104687e-09,1.0,1.0,1.0
9,4310,25000,0.21010707318782806,0.4009716808795929,9.99999905104687e-09,1.0,9.99999905104687e-09,9.99999905104687e-09,9.99999905104687e-09,9.99999905104687e-09,9.99999905104687e-09,9.99999905104687e-09,9.99999905104687e-09,9.99999905104687e-09,1.0,1.0,1.0
9,4320,25000,0.21010051667690277,0.40097764134407043,9.99999905104687e-09,1.0,9.99999905104687e-09,9.99999905104687e-09,9.99999905104687e-09,9.99999905104687e-09,9.99999905104687e-09,9.99999905104687e-09,9.99999905104687e-09,9.99999905104687e-09,1.0,1.0,1.0
9,4330,25000,0.2101166546344757,0.4009850323200226,9.99999905104687e-09,1.0,9.99999905104687e-09,9.99999905104687e-09,9.99999905104687e-09,9.99999905104687e-09,9.99999905104687e-09,9.99999905104687e-09,9.99999905104687e-09,9.99999905104687e-09,1.0,1.0,1.0
9,4340,25000,0.21004948019981384,0.4009782671928406,9.99999905104687e-09,1.0,9.99999905104687e-09,9.99999905104687e-09,9.99999905104687e-09,9.99999905104687e-09,9.99999905104687e-09,9.99999905104687e-09,9.99999905104687e-09,9.99999905104687e-09,1.0,1.0,1.0
9,4350,25000,0.21012121438980103,0.400987833738327,9.99999905104687e-09,1.0,9.99999905104687e-09,9.99999905104687e-09,9.99999905104687e-09,9.99999905104687e-09,9.99999905104687e-09,9.99999905104687e-09,9.99999905104687e-09,9.99999905104687e-09,1.0,1.0,1.0
9,4360,25000,0.2100905328989029,0.400985449552536,9.99999905104687e-09,1.0,9.99999905104687e-09,9.99999905104687e-09,9.99999905104687e-09,9.99999905104687e-09,9.99999905104687e-09,9.99999905104687e-09,9.99999905104687e-09,9.99999905104687e-09,1.0,1.0,1.0
9,4370,25000,0.2101091891527176,0.4009687304496765,9.99999905104687e-09,1.0,9.99999905104687e-09,9.99999905104687e-09,9.99999905104687e-09,9.99999905104687e-09,9.99999905104687e-09,9.99999905104687e-09,9.99999905104687e-09,9.99999905104687e-09,1.0,1.0,1.0
9,4380,25000,0.21016265451908112,0.40098050236701965,9.99999905104687e-09,1.0,9.99999905104687e-09,9.99999905104687e-09,9.99999905104687e-09,9.99999905104687e-09,9.99999905104687e-09,9.99999905104687e-09,9.99999905104687e-09,9.99999905104687e-09,1.0,1.0,1.0
9,4390,25000,0.21010039746761322,0.40095850825309753,9.99999905104687e-09,1.0,9.99999905104687e-09,9.99999905104687e-09,9.99999905104687e-09,9.99999905104687e-09,9.99999905104687e-09,9.99999905104687e-09,9.99999905104687e-09,9.99999905104687e-09,1.0,1.0,1.0
9,4400,25000,0.2100929319858551,0.4009822905063629,9.99999905104687e-09,1.0,9.99999905104687e-09,9.99999905104687e-09,9.99999905104687e-09,9.99999905104687e-09,9.99999905104687e-09,9.99999905104687e-09,9.99999905104687e-09,9.99999905104687e-09,1.0,1.0,1.0
9,4410,25000,0.21011680364608765,0.4009643793106079,9.99999905104687e-09,1.0,9.99999905104687e-09,9.99999905104687e-09,9.99999905104687e-09,9.99999905104687e-09,9.99999905104687e-09,9.99999905104687e-09,9.99999905104687e-09,9.99999905104687e-09,1.0,1.0,1.0
9,4420,25000,0.21010053157806396,0.40097612142562866,9.99999905104687e-09,1.0,9.99999905104687e-09,9.99999905104687e-09,9.99999905104687e-09,9.99999905104687e-09,9.99999905104687e-09,9.99999905104687e-09,9.99999905104687e-09,9.99999905104687e-09,1.0,1.0,1.0
9,4430,25000,0.2100878655910492,0.40098264813423157,9.99999905104687e-09,1.0,9.99999905104687e-09,9.99999905104687e-09,9.99999905104687e-09,9.99999905104687e-09,9.99999905104687e-09,9.99999905104687e-09,9.99999905104687e-09,9.99999905104687e-09,1.0,1.0,1.0
9,4440,25000,0.210111603140831,0.40098685026168823,9.99999905104687e-09,1.0,9.99999905104687e-09,9.99999905104687e-09,9.99999905104687e-09,9.99999905104687e-09,9.99999905104687e-09,9.99999905104687e-09,9.99999905104687e-09,9.99999905104687e-09,1.0,1.0,1.0
9,4450,25000,0.21015386283397675,0.400945782661438,9.99999905104687e-09,1.0,9.99999905104687e-09,9.99999905104687e-09,9.99999905104687e-09,9.99999905104687e-09,9.99999905104687e-09,9.99999905104687e-09,9.99999905104687e-09,9.99999905104687e-09,1.0,1.0,1.0
9,4460,25000,0.2101382613182068,0.4009578227996826,9.99999905104687e-09,1.0,9.99999905104687e-09,9.99999905104687e-09,9.99999905104687e-09,9.99999905104687e-09,9.99999905104687e-09,9.99999905104687e-09,9.99999905104687e-09,9.99999905104687e-09,1.0,1.0,1.0
9,4470,25000,0.21011628210544586,0.4009682238101959,9.99999905104687e-09,1.0,9.99999905104687e-09,9.99999905104687e-09,9.99999905104687e-09,9.99999905104687e-09,9.99999905104687e-09,9.99999905104687e-09,9.99999905104687e-09,9.99999905104687e-09,1.0,1.0,1.0
9,4480,25000,0.21012935042381287,0.40095317363739014,9.99999905104687e-09,1.0,9.99999905104687e-09,9.99999905104687e-09,9.99999905104687e-09,9.99999905104687e-09,9.99999905104687e-09,9.99999905104687e-09,9.99999905104687e-09,9.99999905104687e-09,1.0,1.0,1.0
9,4490,25000,0.21011918783187866,0.40097248554229736,9.99999905104687e-09,1.0,9.99999905104687e-09,9.99999905104687e-09,9.99999905104687e-09,9.99999905104687e-09,9.99999905104687e-09,9.99999905104687e-09,9.99999905104687e-09,9.99999905104687e-09,1.0,1.0,1.0
9,4500,25000,0.210086390376091,0.4009915590286255,9.99999905104687e-09,1.0,9.99999905104687e-09,9.99999905104687e-09,9.99999905104687e-09,9.99999905104687e-09,9.99999905104687e-09,9.99999905104687e-09,9.99999905104687e-09,9.99999905104687e-09,1.0,1.0,1.0
9,4510,25000,0.21012760698795319,0.4009655714035034,9.99999905104687e-09,1.0,9.99999905104687e-09,9.99999905104687e-09,9.99999905104687e-09,9.99999905104687e-09,9.99999905104687e-09,9.99999905104687e-09,9.99999905104687e-09,9.99999905104687e-09,1.0,1.0,1.0
9,4520,25000,0.21015813946723938,0.400985985994339,9.99999905104687e-09,1.0,9.99999905104687e-09,9.99999905104687e-09,9.99999905104687e-09,9.99999905104687e-09,9.99999905104687e-09,9.99999905104687e-09,9.99999905104687e-09,9.99999905104687e-09,1.0,1.0,1.0
9,4530,25000,0.2101035863161087,0.40096813440322876,9.99999905104687e-09,1.0,9.99999905104687e-09,9.99999905104687e-09,9.99999905104687e-09,9.99999905104687e-09,9.99999905104687e-09,9.99999905104687e-09,9.99999905104687e-09,9.99999905104687e-09,1.0,1.0,1.0
9,4540,25000,0.21010784804821014,0.40095001459121704,9.99999905104687e-09,1.0,9.99999905104687e-09,9.99999905104687e-09,9.99999905104687e-09,9.99999905104687e-09,9.99999905104687e-09,9.99999905104687e-09,9.99999905104687e-09,9.99999905104687e-09,1.0,1.0,1.0
9,4550,25000,0.210142120718956,0.4009707570075989,9.99999905104687e-09,1.0,9.99999905104687e-09,9.99999905104687e-09,9.99999905104687e-09,9.99999905104687e-09,9.99999905104687e-09,9.99999905104687e-09,9.99999905104687e-09,9.99999905104687e-09,1.0,1.0,1.0
9,4560,25000,0.21009252965450287,0.40097248554229736,9.99999905104687e-09,1.0,9.99999905104687e-09,9.99999905104687e-09,9.99999905104687e-09,9.99999905104687e-09,9.99999905104687e-09,9.99999905104687e-09,9.99999905104687e-09,9.99999905104687e-09,1.0,1.0,1.0
9,4570,25000,0.21007001399993896,0.40099257230758667,9.99999905104687e-09,1.0,9.99999905104687e-09,9.99999905104687e-09,9.99999905104687e-09,9.99999905104687e-09,9.99999905104687e-09,9.99999905104687e-09,9.99999905104687e-09,9.99999905104687e-09,1.0,1.0,1.0
9,4580,25000,0.21009387075901031,0.40097421407699585,9.99999905104687e-09,1.0,9.99999905104687e-09,9.99999905104687e-09,9.99999905104687e-09,9.99999905104687e-09,9.99999905104687e-09,9.99999905104687e-09,9.99999905104687e-09,9.99999905104687e-09,1.0,1.0,1.0
9,4590,25000,0.21014052629470825,0.4009702503681183,9.99999905104687e-09,1.0,9.99999905104687e-09,9.99999905104687e-09,9.99999905104687e-09,9.99999905104687e-09,9.99999905104687e-09,9.99999905104687e-09,9.99999905104687e-09,9.99999905104687e-09,1.0,1.0,1.0
9,4600,25000,0.21012628078460693,0.40098240971565247,9.99999905104687e-09,1.0,9.99999905104687e-09,9.99999905104687e-09,9.99999905104687e-09,9.99999905104687e-09,9.99999905104687e-09,9.99999905104687e-09,9.99999905104687e-09,9.99999905104687e-09,1.0,1.0,1.0
9,4610,25000,0.21008212864398956,0.4009903371334076,9.99999905104687e-09,1.0,9.99999905104687e-09,9.99999905104687e-09,9.99999905104687e-09,9.99999905104687e-09,9.99999905104687e-09,9.99999905104687e-09,9.99999905104687e-09,9.99999905104687e-09,1.0,1.0,1.0
9,4620,25000,0.21009841561317444,0.4009627103805542,9.99999905104687e-09,1.0,9.99999905104687e-09,9.99999905104687e-09,9.99999905104687e-09,9.99999905104687e-09,9.99999905104687e-09,9.99999905104687e-09,9.99999905104687e-09,9.99999905104687e-09,1.0,1.0,1.0
9,4630,25000,0.21009598672389984,0.4009719491004944,9.99999905104687e-09,1.0,9.99999905104687e-09,9.99999905104687e-09,9.99999905104687e-09,9.99999905104687e-09,9.99999905104687e-09,9.99999905104687e-09,9.99999905104687e-09,9.99999905104687e-09,1.0,1.0,1.0
9,4640,25000,0.21013014018535614,0.4009697139263153,9.99999905104687e-09,1.0,9.99999905104687e-09,9.99999905104687e-09,9.99999905104687e-09,9.99999905104687e-09,9.99999905104687e-09,9.99999905104687e-09,9.99999905104687e-09,9.99999905104687e-09,1.0,1.0,1.0
9,4650,25000,0.21012720465660095,0.4009898006916046,9.99999905104687e-09,1.0,9.99999905104687e-09,9.99999905104687e-09,9.99999905104687e-09,9.99999905104687e-09,9.99999905104687e-09,9.99999905104687e-09,9.99999905104687e-09,9.99999905104687e-09,1.0,1.0,1.0
9,4660,25000,0.2101605385541916,0.4009934961795807,9.99999905104687e-09,1.0,9.99999905104687e-09,9.99999905104687e-09,9.99999905104687e-09,9.99999905104687e-09,9.99999905104687e-09,9.99999905104687e-09,9.99999905104687e-09,9.99999905104687e-09,1.0,1.0,1.0
9,4670,25000,0.21009373664855957,0.40094614028930664,9.99999905104687e-09,1.0,9.99999905104687e-09,9.99999905104687e-09,9.99999905104687e-09,9.99999905104687e-09,9.99999905104687e-09,9.99999905104687e-09,9.99999905104687e-09,9.99999905104687e-09,1.0,1.0,1.0
9,4680,25000,0.21013398468494415,0.40097755193710327,9.99999905104687e-09,1.0,9.99999905104687e-09,9.99999905104687e-09,9.99999905104687e-09,9.99999905104687e-09,9.99999905104687e-09,9.99999905104687e-09,9.99999905104687e-09,9.99999905104687e-09,1.0,1.0,1.0
9,4690,25000,0.21012160181999207,0.4009876251220703,9.99999905104687e-09,1.0,9.99999905104687e-09,9.99999905104687e-09,9.99999905104687e-09,9.99999905104687e-09,9.99999905104687e-09,9.99999905104687e-09,9.99999905104687e-09,9.99999905104687e-09,1.0,1.0,1.0
9,4700,25000,0.21009600162506104,0.4009855389595032,9.99999905104687e-09,1.0,9.99999905104687e-09,9.99999905104687e-09,9.99999905104687e-09,9.99999905104687e-09,9.99999905104687e-09,9.99999905104687e-09,9.99999905104687e-09,9.99999905104687e-09,1.0,1.0,1.0
9,4710,25000,0.21012412011623383,0.4009679853916168,9.99999905104687e-09,1.0,9.99999905104687e-09,9.99999905104687e-09,9.99999905104687e-09,9.99999905104687e-09,9.99999905104687e-09,9.99999905104687e-09,9.99999905104687e-09,9.99999905104687e-09,1.0,1.0,1.0
9,4720,25000,0.21011866629123688,0.40095436573028564,9.99999905104687e-09,1.0,9.99999905104687e-09,9.99999905104687e-09,9.99999905104687e-09,9.99999905104687e-09,9.99999905104687e-09,9.99999905104687e-09,9.99999905104687e-09,9.99999905104687e-09,1.0,1.0,1.0
9,4730,25000,0.2100932002067566,0.4009740650653839,9.99999905104687e-09,1.0,9.99999905104687e-09,9.99999905104687e-09,9.99999905104687e-09,9.99999905104687e-09,9.99999905104687e-09,9.99999905104687e-09,9.99999905104687e-09,9.99999905104687e-09,1.0,1.0,1.0
9,4740,25000,0.21012626588344574,0.4009625315666199,9.99999905104687e-09,1.0,9.99999905104687e-09,9.99999905104687e-09,9.99999905104687e-09,9.99999905104687e-09,9.99999905104687e-09,9.99999905104687e-09,9.99999905104687e-09,9.99999905104687e-09,1.0,1.0,1.0
9,4750,25000,0.21016426384449005,0.4009746313095093,9.99999905104687e-09,1.0,9.99999905104687e-09,9.99999905104687e-09,9.99999905104687e-09,9.99999905104687e-09,9.99999905104687e-09,9.99999905104687e-09,9.99999905104687e-09,9.99999905104687e-09,1.0,1.0,1.0
9,4760,25000,0.21011653542518616,0.400981068611145,9.99999905104687e-09,1.0,9.99999905104687e-09,9.99999905104687e-09,9.99999905104687e-09,9.99999905104687e-09,9.99999905104687e-09,9.99999905104687e-09,9.99999905104687e-09,9.99999905104687e-09,1.0,1.0,1.0
9,4770,25000,0.21008773148059845,0.4009779989719391,9.99999905104687e-09,1.0,9.99999905104687e-09,9.99999905104687e-09,9.99999905104687e-09,9.99999905104687e-09,9.99999905104687e-09,9.99999905104687e-09,9.99999905104687e-09,9.99999905104687e-09,1.0,1.0,1.0
9,4780,25000,0.21011985838413239,0.4009663462638855,9.99999905104687e-09,1.0,9.99999905104687e-09,9.99999905104687e-09,9.99999905104687e-09,9.99999905104687e-09,9.99999905104687e-09,9.99999905104687e-09,9.99999905104687e-09,9.99999905104687e-09,1.0,1.0,1.0
9,4790,25000,0.2100679874420166,0.40098249912261963,9.99999905104687e-09,1.0,9.99999905104687e-09,9.99999905104687e-09,9.99999905104687e-09,9.99999905104687e-09,9.99999905104687e-09,9.99999905104687e-09,9.99999905104687e-09,9.99999905104687e-09,1.0,1.0,1.0
9,4800,25000,0.2101415991783142,0.4009767770767212,9.99999905104687e-09,1.0,9.99999905104687e-09,9.99999905104687e-09,9.99999905104687e-09,9.99999905104687e-09,9.99999905104687e-09,9.99999905104687e-09,9.99999905104687e-09,9.99999905104687e-09,1.0,1.0,1.0
9,4810,25000,0.21010012924671173,0.40096014738082886,9.99999905104687e-09,1.0,9.99999905104687e-09,9.99999905104687e-09,9.99999905104687e-09,9.99999905104687e-09,9.99999905104687e-09,9.99999905104687e-09,9.99999905104687e-09,9.99999905104687e-09,1.0,1.0,1.0
9,4820,25000,0.21012933552265167,0.40097472071647644,9.99999905104687e-09,1.0,9.99999905104687e-09,9.99999905104687e-09,9.99999905104687e-09,9.99999905104687e-09,9.99999905104687e-09,9.99999905104687e-09,9.99999905104687e-09,9.99999905104687e-09,1.0,1.0,1.0
9,4830,25000,0.21015334129333496,0.40097692608833313,9.99999905104687e-09,1.0,9.99999905104687e-09,9.99999905104687e-09,9.99999905104687e-09,9.99999905104687e-09,9.99999905104687e-09,9.99999905104687e-09,9.99999905104687e-09,9.99999905104687e-09,1.0,1.0,1.0
9,4840,25000,0.21010133624076843,0.4009797275066376,9.99999905104687e-09,1.0,9.99999905104687e-09,9.99999905104687e-09,9.99999905104687e-09,9.99999905104687e-09,9.99999905104687e-09,9.99999905104687e-09,9.99999905104687e-09,9.99999905104687e-09,1.0,1.0,1.0
9,4850,25000,0.2101326584815979,0.400974839925766,9.99999905104687e-09,1.0,9.99999905104687e-09,9.99999905104687e-09,9.99999905104687e-09,9.99999905104687e-09,9.99999905104687e-09,9.99999905104687e-09,9.99999905104687e-09,9.99999905104687e-09,1.0,1.0,1.0
9,4860,25000,0.21011187136173248,0.400977224111557,9.99999905104687e-09,1.0,9.99999905104687e-09,9.99999905104687e-09,9.99999905104687e-09,9.99999905104687e-09,9.99999905104687e-09,9.99999905104687e-09,9.99999905104687e-09,9.99999905104687e-09,1.0,1.0,1.0
9,4870,25000,0.2101103961467743,0.4009774625301361,9.99999905104687e-09,1.0,9.99999905104687e-09,9.99999905104687e-09,9.99999905104687e-09,9.99999905104687e-09,9.99999905104687e-09,9.99999905104687e-09,9.99999905104687e-09,9.99999905104687e-09,1.0,1.0,1.0
9,4880,25000,0.21006493270397186,0.40096336603164673,9.99999905104687e-09,1.0,9.99999905104687e-09,9.99999905104687e-09,9.99999905104687e-09,9.99999905104687e-09,9.99999905104687e-09,9.99999905104687e-09,9.99999905104687e-09,9.99999905104687e-09,1.0,1.0,1.0
9,4890,25000,0.2100938856601715,0.40098151564598083,9.99999905104687e-09,1.0,9.99999905104687e-09,9.99999905104687e-09,9.99999905104687e-09,9.99999905104687e-09,9.99999905104687e-09,9.99999905104687e-09,9.99999905104687e-09,9.99999905104687e-09,1.0,1.0,1.0
9,4900,25000,0.21013426780700684,0.40098899602890015,9.99999905104687e-09,1.0,9.99999905104687e-09,9.99999905104687e-09,9.99999905104687e-09,9.99999905104687e-09,9.99999905104687e-09,9.99999905104687e-09,9.99999905104687e-09,9.99999905104687e-09,1.0,1.0,1.0
9,4910,25000,0.21008212864398956,0.4009781777858734,9.99999905104687e-09,1.0,9.99999905104687e-09,9.99999905104687e-09,9.99999905104687e-09,9.99999905104687e-09,9.99999905104687e-09,9.99999905104687e-09,9.99999905104687e-09,9.99999905104687e-09,1.0,1.0,1.0
9,4920,25000,0.21010853350162506,0.4009994566440582,9.99999905104687e-09,1.0,9.99999905104687e-09,9.99999905104687e-09,9.99999905104687e-09,9.99999905104687e-09,9.99999905104687e-09,9.99999905104687e-09,9.99999905104687e-09,9.99999905104687e-09,1.0,1.0,1.0
9,4930,25000,0.21006882190704346,0.40097352862358093,9.99999905104687e-09,1.0,9.99999905104687e-09,9.99999905104687e-09,9.99999905104687e-09,9.99999905104687e-09,9.99999905104687e-09,9.99999905104687e-09,9.99999905104687e-09,9.99999905104687e-09,1.0,1.0,1.0
9,4940,25000,0.2101350575685501,0.40094923973083496,9.99999905104687e-09,1.0,9.99999905104687e-09,9.99999905104687e-09,9.99999905104687e-09,9.99999905104687e-09,9.99999905104687e-09,9.99999905104687e-09,9.99999905104687e-09,9.99999905104687e-09,1.0,1.0,1.0
9,4950,25000,0.2101181447505951,0.40098729729652405,9.99999905104687e-09,1.0,9.99999905104687e-09,9.99999905104687e-09,9.99999905104687e-09,9.99999905104687e-09,9.99999905104687e-09,9.99999905104687e-09,9.99999905104687e-09,9.99999905104687e-09,1.0,1.0,1.0
9,4960,25000,0.2100810706615448,0.4009696841239929,9.99999905104687e-09,1.0,9.99999905104687e-09,9.99999905104687e-09,9.99999905104687e-09,9.99999905104687e-09,9.99999905104687e-09,9.99999905104687e-09,9.99999905104687e-09,9.99999905104687e-09,1.0,1.0,1.0
9,4970,25000,0.21010679006576538,0.4009642004966736,9.99999905104687e-09,1.0,9.99999905104687e-09,9.99999905104687e-09,9.99999905104687e-09,9.99999905104687e-09,9.99999905104687e-09,9.99999905104687e-09,9.99999905104687e-09,9.99999905104687e-09,1.0,1.0,1.0
9,4980,25000,0.21012093126773834,0.40097925066947937,9.99999905104687e-09,1.0,9.99999905104687e-09,9.99999905104687e-09,9.99999905104687e-09,9.99999905104687e-09,9.99999905104687e-09,9.99999905104687e-09,9.99999905104687e-09,9.99999905104687e-09,1.0,1.0,1.0
9,4990,25000,0.21018067002296448,0.40097755193710327,9.99999905104687e-09,1.0,9.99999905104687e-09,9.99999905104687e-09,9.99999905104687e-09,9.99999905104687e-09,9.99999905104687e-09,9.99999905104687e-09,9.99999905104687e-09,9.99999905104687e-09,1.0,1.0,1.0
9,5000,25000,0.21009761095046997,0.4009532034397125,9.99999905104687e-09,1.0,9.99999905104687e-09,9.99999905104687e-09,9.99999905104687e-09,9.99999905104687e-09,9.99999905104687e-09,9.99999905104687e-09,9.99999905104687e-09,9.99999905104687e-09,1.0,1.0,1.0
9,5010,25000,0.21015572547912598,0.4009535014629364,9.99999905104687e-09,1.0,9.99999905104687e-09,9.99999905104687e-09,9.99999905104687e-09,9.99999905104687e-09,9.99999905104687e-09,9.99999905104687e-09,9.99999905104687e-09,9.99999905104687e-09,1.0,1.0,1.0
9,5020,25000,0.21009866893291473,0.40098023414611816,9.99999905104687e-09,1.0,9.99999905104687e-09,9.99999905104687e-09,9.99999905104687e-09,9.99999905104687e-09,9.99999905104687e-09,9.99999905104687e-09,9.99999905104687e-09,9.99999905104687e-09,1.0,1.0,1.0
9,5030,25000,0.21006213128566742,0.4009859561920166,9.99999905104687e-09,1.0,9.99999905104687e-09,9.99999905104687e-09,9.99999905104687e-09,9.99999905104687e-09,9.99999905104687e-09,9.99999905104687e-09,9.99999905104687e-09,9.99999905104687e-09,1.0,1.0,1.0
9,5040,25000,0.21008853614330292,0.4009755849838257,9.99999905104687e-09,1.0,9.99999905104687e-09,9.99999905104687e-09,9.99999905104687e-09,9.99999905104687e-09,9.99999905104687e-09,9.99999905104687e-09,9.99999905104687e-09,9.99999905104687e-09,1.0,1.0,1.0
9,5050,25000,0.21012918651103973,0.40096989274024963,9.99999905104687e-09,1.0,9.99999905104687e-09,9.99999905104687e-09,9.99999905104687e-09,9.99999905104687e-09,9.99999905104687e-09,9.99999905104687e-09,9.99999905104687e-09,9.99999905104687e-09,1.0,1.0,1.0
9,5060,25000,0.21013134717941284,0.40097805857658386,9.99999905104687e-09,1.0,9.99999905104687e-09,9.99999905104687e-09,9.99999905104687e-09,9.99999905104687e-09,9.99999905104687e-09,9.99999905104687e-09,9.99999905104687e-09,9.99999905104687e-09,1.0,1.0,1.0
9,5070,25000,0.21012639999389648,0.40097030997276306,9.99999905104687e-09,1.0,9.99999905104687e-09,9.99999905104687e-09,9.99999905104687e-09,9.99999905104687e-09,9.99999905104687e-09,9.99999905104687e-09,9.99999905104687e-09,9.99999905104687e-09,1.0,1.0,1.0
9,5080,25000,0.21004758775234222,0.40096545219421387,9.99999905104687e-09,1.0,9.99999905104687e-09,9.99999905104687e-09,9.99999905104687e-09,9.99999905104687e-09,9.99999905104687e-09,9.99999905104687e-09,9.99999905104687e-09,9.99999905104687e-09,1.0,1.0,1.0
9,5090,25000,0.2101760059595108,0.40098485350608826,9.99999905104687e-09,1.0,9.99999905104687e-09,9.99999905104687e-09,9.99999905104687e-09,9.99999905104687e-09,9.99999905104687e-09,9.99999905104687e-09,9.99999905104687e-09,9.99999905104687e-09,1.0,1.0,1.0
9,5100,25000,0.21009613573551178,0.4009925127029419,9.99999905104687e-09,1.0,9.99999905104687e-09,9.99999905104687e-09,9.99999905104687e-09,9.99999905104687e-09,9.99999905104687e-09,9.99999905104687e-09,9.99999905104687e-09,9.99999905104687e-09,1.0,1.0,1.0
9,5110,25000,0.21010415256023407,0.4009893834590912,9.99999905104687e-09,1.0,9.99999905104687e-09,9.99999905104687e-09,9.99999905104687e-09,9.99999905104687e-09,9.99999905104687e-09,9.99999905104687e-09,9.99999905104687e-09,9.99999905104687e-09,1.0,1.0,1.0
9,5120,25000,0.2101362645626068,0.40099582076072693,9.99999905104687e-09,1.0,9.99999905104687e-09,9.99999905104687e-09,9.99999905104687e-09,9.99999905104687e-09,9.99999905104687e-09,9.99999905104687e-09,9.99999905104687e-09,9.99999905104687e-09,1.0,1.0,1.0
9,5130,25000,0.21011187136173248,0.40097934007644653,9.99999905104687e-09,1.0,9.99999905104687e-09,9.99999905104687e-09,9.99999905104687e-09,9.99999905104687e-09,9.99999905104687e-09,9.99999905104687e-09,9.99999905104687e-09,9.99999905104687e-09,1.0,1.0,1.0
9,5140,25000,0.21010106801986694,0.4009907841682434,9.99999905104687e-09,1.0,9.99999905104687e-09,9.99999905104687e-09,9.99999905104687e-09,9.99999905104687e-09,9.99999905104687e-09,9.99999905104687e-09,9.99999905104687e-09,9.99999905104687e-09,1.0,1.0,1.0
9,5150,25000,0.21014533936977386,0.4009699821472168,9.99999905104687e-09,1.0,9.99999905104687e-09,9.99999905104687e-09,9.99999905104687e-09,9.99999905104687e-09,9.99999905104687e-09,9.99999905104687e-09,9.99999905104687e-09,9.99999905104687e-09,1.0,1.0,1.0
9,5160,25000,0.21014052629470825,0.40097638964653015,9.99999905104687e-09,1.0,9.99999905104687e-09,9.99999905104687e-09,9.99999905104687e-09,9.99999905104687e-09,9.99999905104687e-09,9.99999905104687e-09,9.99999905104687e-09,9.99999905104687e-09,1.0,1.0,1.0
9,5170,25000,0.21012826263904572,0.4009835422039032,9.99999905104687e-09,1.0,9.99999905104687e-09,9.99999905104687e-09,9.99999905104687e-09,9.99999905104687e-09,9.99999905104687e-09,9.99999905104687e-09,9.99999905104687e-09,9.99999905104687e-09,1.0,1.0,1.0
9,5180,25000,0.21007132530212402,0.4009750485420227,9.99999905104687e-09,1.0,9.99999905104687e-09,9.99999905104687e-09,9.99999905104687e-09,9.99999905104687e-09,9.99999905104687e-09,9.99999905104687e-09,9.99999905104687e-09,9.99999905104687e-09,1.0,1.0,1.0
9,5190,25000,0.2100730538368225,0.40098628401756287,9.99999905104687e-09,1.0,9.99999905104687e-09,9.99999905104687e-09,9.99999905104687e-09,9.99999905104687e-09,9.99999905104687e-09,9.99999905104687e-09,9.99999905104687e-09,9.99999905104687e-09,1.0,1.0,1.0
9,5200,25000,0.21005000174045563,0.400984525680542,9.99999905104687e-09,1.0,9.99999905104687e-09,9.99999905104687e-09,9.99999905104687e-09,9.99999905104687e-09,9.99999905104687e-09,9.99999905104687e-09,9.99999905104687e-09,9.99999905104687e-09,1.0,1.0,1.0
9,5210,25000,0.21009761095046997,0.40096375346183777,9.99999905104687e-09,1.0,9.99999905104687e-09,9.99999905104687e-09,9.99999905104687e-09,9.99999905104687e-09,9.99999905104687e-09,9.99999905104687e-09,9.99999905104687e-09,9.99999905104687e-09,1.0,1.0,1.0
9,5220,25000,0.21009452641010284,0.40098872780799866,9.99999905104687e-09,1.0,9.99999905104687e-09,9.99999905104687e-09,9.99999905104687e-09,9.99999905104687e-09,9.99999905104687e-09,9.99999905104687e-09,9.99999905104687e-09,9.99999905104687e-09,1.0,1.0,1.0
9,5230,25000,0.21007974445819855,0.40098148584365845,9.99999905104687e-09,1.0,9.99999905104687e-09,9.99999905104687e-09,9.99999905104687e-09,9.99999905104687e-09,9.99999905104687e-09,9.99999905104687e-09,9.99999905104687e-09,9.99999905104687e-09,1.0,1.0,1.0
9,5240,25000,0.21012747287750244,0.40097367763519287,9.99999905104687e-09,1.0,9.99999905104687e-09,9.99999905104687e-09,9.99999905104687e-09,9.99999905104687e-09,9.99999905104687e-09,9.99999905104687e-09,9.99999905104687e-09,9.99999905104687e-09,1.0,1.0,1.0
9,5250,25000,0.21015480160713196,0.40097111463546753,9.99999905104687e-09,1.0,9.99999905104687e-09,9.99999905104687e-09,9.99999905104687e-09,9.99999905104687e-09,9.99999905104687e-09,9.99999905104687e-09,9.99999905104687e-09,9.99999905104687e-09,1.0,1.0,1.0
9,5260,25000,0.21010467410087585,0.4009592533111572,9.99999905104687e-09,1.0,9.99999905104687e-09,9.99999905104687e-09,9.99999905104687e-09,9.99999905104687e-09,9.99999905104687e-09,9.99999905104687e-09,9.99999905104687e-09,9.99999905104687e-09,1.0,1.0,1.0
9,5270,25000,0.2101062685251236,0.4009840786457062,9.99999905104687e-09,1.0,9.99999905104687e-09,9.99999905104687e-09,9.99999905104687e-09,9.99999905104687e-09,9.99999905104687e-09,9.99999905104687e-09,9.99999905104687e-09,9.99999905104687e-09,1.0,1.0,1.0
9,5280,25000,0.21012239158153534,0.40098837018013,9.99999905104687e-09,1.0,9.99999905104687e-09,9.99999905104687e-09,9.99999905104687e-09,9.99999905104687e-09,9.99999905104687e-09,9.99999905104687e-09,9.99999905104687e-09,9.99999905104687e-09,1.0,1.0,1.0
9,5290,25000,0.2101089507341385,0.40098506212234497,9.99999905104687e-09,1.0,9.99999905104687e-09,9.99999905104687e-09,9.99999905104687e-09,9.99999905104687e-09,9.99999905104687e-09,9.99999905104687e-09,9.99999905104687e-09,9.99999905104687e-09,1.0,1.0,1.0
9,5300,25000,0.2101098746061325,0.4009941518306732,9.99999905104687e-09,1.0,9.99999905104687e-09,9.99999905104687e-09,9.99999905104687e-09,9.99999905104687e-09,9.99999905104687e-09,9.99999905104687e-09,9.99999905104687e-09,9.99999905104687e-09,1.0,1.0,1.0
9,5310,25000,0.2100917249917984,0.40098053216934204,9.99999905104687e-09,1.0,9.99999905104687e-09,9.99999905104687e-09,9.99999905104687e-09,9.99999905104687e-09,9.99999905104687e-09,9.99999905104687e-09,9.99999905104687e-09,9.99999905104687e-09,1.0,1.0,1.0
9,5320,25000,0.21004027128219604,0.40098100900650024,9.99999905104687e-09,1.0,9.99999905104687e-09,9.99999905104687e-09,9.99999905104687e-09,9.99999905104687e-09,9.99999905104687e-09,9.99999905104687e-09,9.99999905104687e-09,9.99999905104687e-09,1.0,1.0,1.0
9,5330,25000,0.21014894545078278,0.40098506212234497,9.99999905104687e-09,1.0,9.99999905104687e-09,9.99999905104687e-09,9.99999905104687e-09,9.99999905104687e-09,9.99999905104687e-09,9.99999905104687e-09,9.99999905104687e-09,9.99999905104687e-09,1.0,1.0,1.0
9,5340,25000,0.21008960902690887,0.40098732709884644,9.99999905104687e-09,1.0,9.99999905104687e-09,9.99999905104687e-09,9.99999905104687e-09,9.99999905104687e-09,9.99999905104687e-09,9.99999905104687e-09,9.99999905104687e-09,9.99999905104687e-09,1.0,1.0,1.0
9,5350,25000,0.21016627550125122,0.4009637236595154,9.99999905104687e-09,1.0,9.99999905104687e-09,9.99999905104687e-09,9.99999905104687e-09,9.99999905104687e-09,9.99999905104687e-09,9.99999905104687e-09,9.99999905104687e-09,9.99999905104687e-09,1.0,1.0,1.0
9,5360,25000,0.21011920273303986,0.4009700119495392,9.99999905104687e-09,1.0,9.99999905104687e-09,9.99999905104687e-09,9.99999905104687e-09,9.99999905104687e-09,9.99999905104687e-09,9.99999905104687e-09,9.99999905104687e-09,9.99999905104687e-09,1.0,1.0,1.0
9,5370,25000,0.2101578712463379,0.4009835720062256,9.99999905104687e-09,1.0,9.99999905104687e-09,9.99999905104687e-09,9.99999905104687e-09,9.99999905104687e-09,9.99999905104687e-09,9.99999905104687e-09,9.99999905104687e-09,9.99999905104687e-09,1.0,1.0,1.0
9,5380,25000,0.21012572944164276,0.40097272396087646,9.99999905104687e-09,1.0,9.99999905104687e-09,9.99999905104687e-09,9.99999905104687e-09,9.99999905104687e-09,9.99999905104687e-09,9.99999905104687e-09,9.99999905104687e-09,9.99999905104687e-09,1.0,1.0,1.0
9,5390,25000,0.21008053421974182,0.4009718596935272,9.99999905104687e-09,1.0,9.99999905104687e-09,9.99999905104687e-09,9.99999905104687e-09,9.99999905104687e-09,9.99999905104687e-09,9.99999905104687e-09,9.99999905104687e-09,9.99999905104687e-09,1.0,1.0,1.0
9,5400,25000,0.21009348332881927,0.40095457434654236,9.99999905104687e-09,1.0,9.99999905104687e-09,9.99999905104687e-09,9.99999905104687e-09,9.99999905104687e-09,9.99999905104687e-09,9.99999905104687e-09,9.99999905104687e-09,9.99999905104687e-09,1.0,1.0,1.0
9,5410,25000,0.21013960242271423,0.4009627103805542,9.99999905104687e-09,1.0,9.99999905104687e-09,9.99999905104687e-09,9.99999905104687e-09,9.99999905104687e-09,9.99999905104687e-09,9.99999905104687e-09,9.99999905104687e-09,9.99999905104687e-09,1.0,1.0,1.0
9,5420,25000,0.21006251871585846,0.40095916390419006,9.99999905104687e-09,1.0,9.99999905104687e-09,9.99999905104687e-09,9.99999905104687e-09,9.99999905104687e-09,9.99999905104687e-09,9.99999905104687e-09,9.99999905104687e-09,9.99999905104687e-09,1.0,1.0,1.0
9,5430,25000,0.21015067398548126,0.4009581208229065,9.99999905104687e-09,1.0,9.99999905104687e-09,9.99999905104687e-09,9.99999905104687e-09,9.99999905104687e-09,9.99999905104687e-09,9.99999905104687e-09,9.99999905104687e-09,9.99999905104687e-09,1.0,1.0,1.0
9,5440,25000,0.2101181447505951,0.4009677469730377,9.99999905104687e-09,1.0,9.99999905104687e-09,9.99999905104687e-09,9.99999905104687e-09,9.99999905104687e-09,9.99999905104687e-09,9.99999905104687e-09,9.99999905104687e-09,9.99999905104687e-09,1.0,1.0,1.0
9,5450,25000,0.2101101279258728,0.4009702503681183,9.99999905104687e-09,1.0,9.99999905104687e-09,9.99999905104687e-09,9.99999905104687e-09,9.99999905104687e-09,9.99999905104687e-09,9.99999905104687e-09,9.99999905104687e-09,9.99999905104687e-09,1.0,1.0,1.0
9,5460,25000,0.21012051403522491,0.4009850025177002,9.99999905104687e-09,1.0,9.99999905104687e-09,9.99999905104687e-09,9.99999905104687e-09,9.99999905104687e-09,9.99999905104687e-09,9.99999905104687e-09,9.99999905104687e-09,9.99999905104687e-09,1.0,1.0,1.0
9,5470,25000,0.21008040010929108,0.4009832441806793,9.99999905104687e-09,1.0,9.99999905104687e-09,9.99999905104687e-09,9.99999905104687e-09,9.99999905104687e-09,9.99999905104687e-09,9.99999905104687e-09,9.99999905104687e-09,9.99999905104687e-09,1.0,1.0,1.0
9,5480,25000,0.2100827991962433,0.4009687900543213,9.99999905104687e-09,1.0,9.99999905104687e-09,9.99999905104687e-09,9.99999905104687e-09,9.99999905104687e-09,9.99999905104687e-09,9.99999905104687e-09,9.99999905104687e-09,9.99999905104687e-09,1.0,1.0,1.0
9,5490,25000,0.2101285457611084,0.40098974108695984,9.99999905104687e-09,1.0,9.99999905104687e-09,9.99999905104687e-09,9.99999905104687e-09,9.99999905104687e-09,9.99999905104687e-09,9.99999905104687e-09,9.99999905104687e-09,9.99999905104687e-09,1.0,1.0,1.0
9,5500,25000,0.21013346314430237,0.4009730815887451,9.99999905104687e-09,1.0,9.99999905104687e-09,9.99999905104687e-09,9.99999905104687e-09,9.99999905104687e-09,9.99999905104687e-09,9.99999905104687e-09,9.99999905104687e-09,9.99999905104687e-09,1.0,1.0,1.0
9,5510,25000,0.21012160181999207,0.4009729325771332,9.99999905104687e-09,1.0,9.99999905104687e-09,9.99999905104687e-09,9.99999905104687e-09,9.99999905104687e-09,9.99999905104687e-09,9.99999905104687e-09,9.99999905104687e-09,9.99999905104687e-09,1.0,1.0,1.0
9,5520,25000,0.21009813249111176,0.4009828567504883,9.99999905104687e-09,1.0,9.99999905104687e-09,9.99999905104687e-09,9.99999905104687e-09,9.99999905104687e-09,9.99999905104687e-09,9.99999905104687e-09,9.99999905104687e-09,9.99999905104687e-09,1.0,1.0,1.0
9,5530,25000,0.21007972955703735,0.40097200870513916,9.99999905104687e-09,1.0,9.99999905104687e-09,9.99999905104687e-09,9.99999905104687e-09,9.99999905104687e-09,9.99999905104687e-09,9.99999905104687e-09,9.99999905104687e-09,9.99999905104687e-09,1.0,1.0,1.0
9,5540,25000,0.2101033329963684,0.40097689628601074,9.99999905104687e-09,1.0,9.99999905104687e-09,9.99999905104687e-09,9.99999905104687e-09,9.99999905104687e-09,9.99999905104687e-09,9.99999905104687e-09,9.99999905104687e-09,9.99999905104687e-09,1.0,1.0,1.0
9,5550,25000,0.21014414727687836,0.40098607540130615,9.99999905104687e-09,1.0,9.99999905104687e-09,9.99999905104687e-09,9.99999905104687e-09,9.99999905104687e-09,9.99999905104687e-09,9.99999905104687e-09,9.99999905104687e-09,9.99999905104687e-09,1.0,1.0,1.0
9,5560,25000,0.21013839542865753,0.4009712338447571,9.99999905104687e-09,1.0,9.99999905104687e-09,9.99999905104687e-09,9.99999905104687e-09,9.99999905104687e-09,9.99999905104687e-09,9.99999905104687e-09,9.99999905104687e-09,9.99999905104687e-09,1.0,1.0,1.0
9,5570,25000,0.21012265980243683,0.40098023414611816,9.99999905104687e-09,1.0,9.99999905104687e-09,9.99999905104687e-09,9.99999905104687e-09,9.99999905104687e-09,9.99999905104687e-09,9.99999905104687e-09,9.99999905104687e-09,9.99999905104687e-09,1.0,1.0,1.0
9,5580,25000,0.21012839674949646,0.4009871780872345,9.99999905104687e-09,1.0,9.99999905104687e-09,9.99999905104687e-09,9.99999905104687e-09,9.99999905104687e-09,9.99999905104687e-09,9.99999905104687e-09,9.99999905104687e-09,9.99999905104687e-09,1.0,1.0,1.0
9,5590,25000,0.21010667085647583,0.40097683668136597,9.99999905104687e-09,1.0,9.99999905104687e-09,9.99999905104687e-09,9.99999905104687e-09,9.99999905104687e-09,9.99999905104687e-09,9.99999905104687e-09,9.99999905104687e-09,9.99999905104687e-09,1.0,1.0,1.0
9,5600,25000,0.21010838449001312,0.4009663760662079,9.99999905104687e-09,1.0,9.99999905104687e-09,9.99999905104687e-09,9.99999905104687e-09,9.99999905104687e-09,9.99999905104687e-09,9.99999905104687e-09,9.99999905104687e-09,9.99999905104687e-09,1.0,1.0,1.0
9,5610,25000,0.2101552039384842,0.40097472071647644,9.99999905104687e-09,1.0,9.99999905104687e-09,9.99999905104687e-09,9.99999905104687e-09,9.99999905104687e-09,9.99999905104687e-09,9.99999905104687e-09,9.99999905104687e-09,9.99999905104687e-09,1.0,1.0,1.0
9,5620,25000,0.21010692417621613,0.40096551179885864,9.99999905104687e-09,1.0,9.99999905104687e-09,9.99999905104687e-09,9.99999905104687e-09,9.99999905104687e-09,9.99999905104687e-09,9.99999905104687e-09,9.99999905104687e-09,9.99999905104687e-09,1.0,1.0,1.0
9,5630,25000,0.2101355940103531,0.40098318457603455,9.99999905104687e-09,1.0,9.99999905104687e-09,9.99999905104687e-09,9.99999905104687e-09,9.99999905104687e-09,9.99999905104687e-09,9.99999905104687e-09,9.99999905104687e-09,9.99999905104687e-09,1.0,1.0,1.0
9,5640,25000,0.2100881189107895,0.4009830355644226,9.99999905104687e-09,1.0,9.99999905104687e-09,9.99999905104687e-09,9.99999905104687e-09,9.99999905104687e-09,9.99999905104687e-09,9.99999905104687e-09,9.99999905104687e-09,9.99999905104687e-09,1.0,1.0,1.0
9,5650,25000,0.21010932326316833,0.400981605052948,9.99999905104687e-09,1.0,9.99999905104687e-09,9.99999905104687e-09,9.99999905104687e-09,9.99999905104687e-09,9.99999905104687e-09,9.99999905104687e-09,9.99999905104687e-09,9.99999905104687e-09,1.0,1.0,1.0
9,5660,25000,0.21017172932624817,0.4009765386581421,9.99999905104687e-09,1.0,9.99999905104687e-09,9.99999905104687e-09,9.99999905104687e-09,9.99999905104687e-09,9.99999905104687e-09,9.99999905104687e-09,9.99999905104687e-09,9.99999905104687e-09,1.0,1.0,1.0
9,5670,25000,0.21007774770259857,0.40099993348121643,9.99999905104687e-09,1.0,9.99999905104687e-09,9.99999905104687e-09,9.99999905104687e-09,9.99999905104687e-09,9.99999905104687e-09,9.99999905104687e-09,9.99999905104687e-09,9.99999905104687e-09,1.0,1.0,1.0
9,5680,25000,0.21010053157806396,0.40097540616989136,9.99999905104687e-09,1.0,9.99999905104687e-09,9.99999905104687e-09,9.99999905104687e-09,9.99999905104687e-09,9.99999905104687e-09,9.99999905104687e-09,9.99999905104687e-09,9.99999905104687e-09,1.0,1.0,1.0
9,5690,25000,0.2101498693227768,0.40097498893737793,9.99999905104687e-09,1.0,9.99999905104687e-09,9.99999905104687e-09,9.99999905104687e-09,9.99999905104687e-09,9.99999905104687e-09,9.99999905104687e-09,9.99999905104687e-09,9.99999905104687e-09,1.0,1.0,1.0
9,5700,25000,0.21012988686561584,0.40095704793930054,9.99999905104687e-09,1.0,9.99999905104687e-09,9.99999905104687e-09,9.99999905104687e-09,9.99999905104687e-09,9.99999905104687e-09,9.99999905104687e-09,9.99999905104687e-09,9.99999905104687e-09,1.0,1.0,1.0
9,5710,25000,0.2101258784532547,0.4009797275066376,9.99999905104687e-09,1.0,9.99999905104687e-09,9.99999905104687e-09,9.99999905104687e-09,9.99999905104687e-09,9.99999905104687e-09,9.99999905104687e-09,9.99999905104687e-09,9.99999905104687e-09,1.0,1.0,1.0
9,5720,25000,0.2100914865732193,0.4010063409805298,9.99999905104687e-09,1.0,9.99999905104687e-09,9.99999905104687e-09,9.99999905104687e-09,9.99999905104687e-09,9.99999905104687e-09,9.99999905104687e-09,9.99999905104687e-09,9.99999905104687e-09,1.0,1.0,1.0
9,5730,25000,0.2101415991783142,0.40096595883369446,9.99999905104687e-09,1.0,9.99999905104687e-09,9.99999905104687e-09,9.99999905104687e-09,9.99999905104687e-09,9.99999905104687e-09,9.99999905104687e-09,9.99999905104687e-09,9.99999905104687e-09,1.0,1.0,1.0
9,5740,25000,0.21014761924743652,0.40099427103996277,9.99999905104687e-09,1.0,9.99999905104687e-09,9.99999905104687e-09,9.99999905104687e-09,9.99999905104687e-09,9.99999905104687e-09,9.99999905104687e-09,9.99999905104687e-09,9.99999905104687e-09,1.0,1.0,1.0
9,5750,25000,0.21012252569198608,0.4009721875190735,9.99999905104687e-09,1.0,9.99999905104687e-09,9.99999905104687e-09,9.99999905104687e-09,9.99999905104687e-09,9.99999905104687e-09,9.99999905104687e-09,9.99999905104687e-09,9.99999905104687e-09,1.0,1.0,1.0
9,5760,25000,0.21006999909877777,0.40098851919174194,9.99999905104687e-09,1.0,9.99999905104687e-09,9.99999905104687e-09,9.99999905104687e-09,9.99999905104687e-09,9.99999905104687e-09,9.99999905104687e-09,9.99999905104687e-09,9.99999905104687e-09,1.0,1.0,1.0
9,5770,25000,0.210127055644989,0.4009552299976349,9.99999905104687e-09,1.0,9.99999905104687e-09,9.99999905104687e-09,9.99999905104687e-09,9.99999905104687e-09,9.99999905104687e-09,9.99999905104687e-09,9.99999905104687e-09,9.99999905104687e-09,1.0,1.0,1.0
9,5780,25000,0.21007920801639557,0.4009840190410614,9.99999905104687e-09,1.0,9.99999905104687e-09,9.99999905104687e-09,9.99999905104687e-09,9.99999905104687e-09,9.99999905104687e-09,9.99999905104687e-09,9.99999905104687e-09,9.99999905104687e-09,1.0,1.0,1.0
9,5790,25000,0.210165336728096,0.4009692668914795,9.99999905104687e-09,1.0,9.99999905104687e-09,9.99999905104687e-09,9.99999905104687e-09,9.99999905104687e-09,9.99999905104687e-09,9.99999905104687e-09,9.99999905104687e-09,9.99999905104687e-09,1.0,1.0,1.0
9,5800,25000,0.21013279259204865,0.4009851813316345,9.99999905104687e-09,1.0,9.99999905104687e-09,9.99999905104687e-09,9.99999905104687e-09,9.99999905104687e-09,9.99999905104687e-09,9.99999905104687e-09,9.99999905104687e-09,9.99999905104687e-09,1.0,1.0,1.0
9,5810,25000,0.21016760170459747,0.40098151564598083,9.99999905104687e-09,1.0,9.99999905104687e-09,9.99999905104687e-09,9.99999905104687e-09,9.99999905104687e-09,9.99999905104687e-09,9.99999905104687e-09,9.99999905104687e-09,9.99999905104687e-09,1.0,1.0,1.0
9,5820,25000,0.2101353406906128,0.4009813070297241,9.99999905104687e-09,1.0,9.99999905104687e-09,9.99999905104687e-09,9.99999905104687e-09,9.99999905104687e-09,9.99999905104687e-09,9.99999905104687e-09,9.99999905104687e-09,9.99999905104687e-09,1.0,1.0,1.0
9,5830,25000,0.21009387075901031,0.40099623799324036,9.99999905104687e-09,1.0,9.99999905104687e-09,9.99999905104687e-09,9.99999905104687e-09,9.99999905104687e-09,9.99999905104687e-09,9.99999905104687e-09,9.99999905104687e-09,9.99999905104687e-09,1.0,1.0,1.0
9,5840,25000,0.21016079187393188,0.40097174048423767,9.99999905104687e-09,1.0,9.99999905104687e-09,9.99999905104687e-09,9.99999905104687e-09,9.99999905104687e-09,9.99999905104687e-09,9.99999905104687e-09,9.99999905104687e-09,9.99999905104687e-09,1.0,1.0,1.0
9,5850,25000,0.2100822627544403,0.40099582076072693,9.99999905104687e-09,1.0,9.99999905104687e-09,9.99999905104687e-09,9.99999905104687e-09,9.99999905104687e-09,9.99999905104687e-09,9.99999905104687e-09,9.99999905104687e-09,9.99999905104687e-09,1.0,1.0,1.0
9,5860,25000,0.21010534465312958,0.4010050892829895,9.99999905104687e-09,1.0,9.99999905104687e-09,9.99999905104687e-09,9.99999905104687e-09,9.99999905104687e-09,9.99999905104687e-09,9.99999905104687e-09,9.99999905104687e-09,9.99999905104687e-09,1.0,1.0,1.0
9,5870,25000,0.210084930062294,0.4009772539138794,9.99999905104687e-09,1.0,9.99999905104687e-09,9.99999905104687e-09,9.99999905104687e-09,9.99999905104687e-09,9.99999905104687e-09,9.99999905104687e-09,9.99999905104687e-09,9.99999905104687e-09,1.0,1.0,1.0
9,5880,25000,0.21011239290237427,0.40096789598464966,9.99999905104687e-09,1.0,9.99999905104687e-09,9.99999905104687e-09,9.99999905104687e-09,9.99999905104687e-09,9.99999905104687e-09,9.99999905104687e-09,9.99999905104687e-09,9.99999905104687e-09,1.0,1.0,1.0
9,5890,25000,0.21017053723335266,0.4009797275066376,9.99999905104687e-09,1.0,9.99999905104687e-09,9.99999905104687e-09,9.99999905104687e-09,9.99999905104687e-09,9.99999905104687e-09,9.99999905104687e-09,9.99999905104687e-09,9.99999905104687e-09,1.0,1.0,1.0
9,5900,25000,0.21008585393428802,0.40100207924842834,9.99999905104687e-09,1.0,9.99999905104687e-09,9.99999905104687e-09,9.99999905104687e-09,9.99999905104687e-09,9.99999905104687e-09,9.99999905104687e-09,9.99999905104687e-09,9.99999905104687e-09,1.0,1.0,1.0
9,5910,25000,0.21013160049915314,0.4009751081466675,9.99999905104687e-09,1.0,9.99999905104687e-09,9.99999905104687e-09,9.99999905104687e-09,9.99999905104687e-09,9.99999905104687e-09,9.99999905104687e-09,9.99999905104687e-09,9.99999905104687e-09,1.0,1.0,1.0
9,5920,25000,0.21010640263557434,0.4010024964809418,9.99999905104687e-09,1.0,9.99999905104687e-09,9.99999905104687e-09,9.99999905104687e-09,9.99999905104687e-09,9.99999905104687e-09,9.99999905104687e-09,9.99999905104687e-09,9.99999905104687e-09,1.0,1.0,1.0
9,5930,25000,0.2101057469844818,0.400966614484787,9.99999905104687e-09,1.0,9.99999905104687e-09,9.99999905104687e-09,9.99999905104687e-09,9.99999905104687e-09,9.99999905104687e-09,9.99999905104687e-09,9.99999905104687e-09,9.99999905104687e-09,1.0,1.0,1.0
9,5940,25000,0.21014893054962158,0.4009940028190613,9.99999905104687e-09,1.0,9.99999905104687e-09,9.99999905104687e-09,9.99999905104687e-09,9.99999905104687e-09,9.99999905104687e-09,9.99999905104687e-09,9.99999905104687e-09,9.99999905104687e-09,1.0,1.0,1.0
9,5950,25000,0.21007999777793884,0.4010124206542969,9.99999905104687e-09,1.0,9.99999905104687e-09,9.99999905104687e-09,9.99999905104687e-09,9.99999905104687e-09,9.99999905104687e-09,9.99999905104687e-09,9.99999905104687e-09,9.99999905104687e-09,1.0,1.0,1.0
9,5960,25000,0.21010199189186096,0.4009857475757599,9.99999905104687e-09,1.0,9.99999905104687e-09,9.99999905104687e-09,9.99999905104687e-09,9.99999905104687e-09,9.99999905104687e-09,9.99999905104687e-09,9.99999905104687e-09,9.99999905104687e-09,1.0,1.0,1.0
9,5970,25000,0.2101576030254364,0.40097421407699585,9.99999905104687e-09,1.0,9.99999905104687e-09,9.99999905104687e-09,9.99999905104687e-09,9.99999905104687e-09,9.99999905104687e-09,9.99999905104687e-09,9.99999905104687e-09,9.99999905104687e-09,1.0,1.0,1.0
9,5980,25000,0.21005946397781372,0.4010058343410492,9.99999905104687e-09,1.0,9.99999905104687e-09,9.99999905104687e-09,9.99999905104687e-09,9.99999905104687e-09,9.99999905104687e-09,9.99999905104687e-09,9.99999905104687e-09,9.99999905104687e-09,1.0,1.0,1.0
9,5990,25000,0.21010026335716248,0.40097835659980774,9.99999905104687e-09,1.0,9.99999905104687e-09,9.99999905104687e-09,9.99999905104687e-09,9.99999905104687e-09,9.99999905104687e-09,9.99999905104687e-09,9.99999905104687e-09,9.99999905104687e-09,1.0,1.0,1.0
9,6000,25000,0.2101062685251236,0.4009855091571808,9.99999905104687e-09,1.0,9.99999905104687e-09,9.99999905104687e-09,9.99999905104687e-09,9.99999905104687e-09,9.99999905104687e-09,9.99999905104687e-09,9.99999905104687e-09,9.99999905104687e-09,1.0,1.0,1.0
9,6010,25000,0.21009214222431183,0.40097787976264954,9.99999905104687e-09,1.0,9.99999905104687e-09,9.99999905104687e-09,9.99999905104687e-09,9.99999905104687e-09,9.99999905104687e-09,9.99999905104687e-09,9.99999905104687e-09,9.99999905104687e-09,1.0,1.0,1.0
9,6020,25000,0.21011093258857727,0.40099453926086426,9.99999905104687e-09,1.0,9.99999905104687e-09,9.99999905104687e-09,9.99999905104687e-09,9.99999905104687e-09,9.99999905104687e-09,9.99999905104687e-09,9.99999905104687e-09,9.99999905104687e-09,1.0,1.0,1.0
9,6030,25000,0.21009747684001923,0.40098750591278076,9.99999905104687e-09,1.0,9.99999905104687e-09,9.99999905104687e-09,9.99999905104687e-09,9.99999905104687e-09,9.99999905104687e-09,9.99999905104687e-09,9.99999905104687e-09,9.99999905104687e-09,1.0,1.0,1.0
9,6040,25000,0.21011146903038025,0.40097033977508545,9.99999905104687e-09,1.0,9.99999905104687e-09,9.99999905104687e-09,9.99999905104687e-09,9.99999905104687e-09,9.99999905104687e-09,9.99999905104687e-09,9.99999905104687e-09,9.99999905104687e-09,1.0,1.0,1.0
9,6050,25000,0.21012666821479797,0.40096887946128845,9.99999905104687e-09,1.0,9.99999905104687e-09,9.99999905104687e-09,9.99999905104687e-09,9.99999905104687e-09,9.99999905104687e-09,9.99999905104687e-09,9.99999905104687e-09,9.99999905104687e-09,1.0,1.0,1.0
9,6060,25000,0.21008852124214172,0.4009840786457062,9.99999905104687e-09,1.0,9.99999905104687e-09,9.99999905104687e-09,9.99999905104687e-09,9.99999905104687e-09,9.99999905104687e-09,9.99999905104687e-09,9.99999905104687e-09,9.99999905104687e-09,1.0,1.0,1.0
9,6070,25000,0.21012599766254425,0.40096616744995117,9.99999905104687e-09,1.0,9.99999905104687e-09,9.99999905104687e-09,9.99999905104687e-09,9.99999905104687e-09,9.99999905104687e-09,9.99999905104687e-09,9.99999905104687e-09,9.99999905104687e-09,1.0,1.0,1.0
9,6080,25000,0.2100958526134491,0.4009772539138794,9.99999905104687e-09,1.0,9.99999905104687e-09,9.99999905104687e-09,9.99999905104687e-09,9.99999905104687e-09,9.99999905104687e-09,9.99999905104687e-09,9.99999905104687e-09,9.99999905104687e-09,1.0,1.0,1.0
9,6090,25000,0.21015973389148712,0.40098118782043457,9.99999905104687e-09,1.0,9.99999905104687e-09,9.99999905104687e-09,9.99999905104687e-09,9.99999905104687e-09,9.99999905104687e-09,9.99999905104687e-09,9.99999905104687e-09,9.99999905104687e-09,1.0,1.0,1.0
9,6100,25000,0.21017226576805115,0.4009948968887329,9.99999905104687e-09,1.0,9.99999905104687e-09,9.99999905104687e-09,9.99999905104687e-09,9.99999905104687e-09,9.99999905104687e-09,9.99999905104687e-09,9.99999905104687e-09,9.99999905104687e-09,1.0,1.0,1.0
9,6110,25000,0.21015414595603943,0.4009808897972107,9.99999905104687e-09,1.0,9.99999905104687e-09,9.99999905104687e-09,9.99999905104687e-09,9.99999905104687e-09,9.99999905104687e-09,9.99999905104687e-09,9.99999905104687e-09,9.99999905104687e-09,1.0,1.0,1.0
9,6120,25000,0.21009893715381622,0.40100327134132385,9.99999905104687e-09,1.0,9.99999905104687e-09,9.99999905104687e-09,9.99999905104687e-09,9.99999905104687e-09,9.99999905104687e-09,9.99999905104687e-09,9.99999905104687e-09,9.99999905104687e-09,1.0,1.0,1.0
9,6130,25000,0.21016119420528412,0.40098655223846436,9.99999905104687e-09,1.0,9.99999905104687e-09,9.99999905104687e-09,9.99999905104687e-09,9.99999905104687e-09,9.99999905104687e-09,9.99999905104687e-09,9.99999905104687e-09,9.99999905104687e-09,1.0,1.0,1.0
9,6140,25000,0.21013493835926056,0.40101197361946106,9.99999905104687e-09,1.0,9.99999905104687e-09,9.99999905104687e-09,9.99999905104687e-09,9.99999905104687e-09,9.99999905104687e-09,9.99999905104687e-09,9.99999905104687e-09,9.99999905104687e-09,1.0,1.0,1.0
9,6150,25000,0.21012426912784576,0.40098100900650024,9.99999905104687e-09,1.0,9.99999905104687e-09,9.99999905104687e-09,9.99999905104687e-09,9.99999905104687e-09,9.99999905104687e-09,9.99999905104687e-09,9.99999905104687e-09,9.99999905104687e-09,1.0,1.0,1.0
9,6160,25000,0.21011638641357422,0.4009687900543213,9.99999905104687e-09,1.0,9.99999905104687e-09,9.99999905104687e-09,9.99999905104687e-09,9.99999905104687e-09,9.99999905104687e-09,9.99999905104687e-09,9.99999905104687e-09,9.99999905104687e-09,1.0,1.0,1.0
9,6170,25000,0.2101587951183319,0.4010067880153656,9.99999905104687e-09,1.0,9.99999905104687e-09,9.99999905104687e-09,9.99999905104687e-09,9.99999905104687e-09,9.99999905104687e-09,9.99999905104687e-09,9.99999905104687e-09,9.99999905104687e-09,1.0,1.0,1.0
9,6180,25000,0.21014852821826935,0.4009961783885956,9.99999905104687e-09,1.0,9.99999905104687e-09,9.99999905104687e-09,9.99999905104687e-09,9.99999905104687e-09,9.99999905104687e-09,9.99999905104687e-09,9.99999905104687e-09,9.99999905104687e-09,1.0,1.0,1.0
9,6190,25000,0.21017614006996155,0.40099045634269714,9.99999905104687e-09,1.0,9.99999905104687e-09,9.99999905104687e-09,9.99999905104687e-09,9.99999905104687e-09,9.99999905104687e-09,9.99999905104687e-09,9.99999905104687e-09,9.99999905104687e-09,1.0,1.0,1.0
9,6200,25000,0.2101745307445526,0.40098991990089417,9.99999905104687e-09,1.0,9.99999905104687e-09,9.99999905104687e-09,9.99999905104687e-09,9.99999905104687e-09,9.99999905104687e-09,9.99999905104687e-09,9.99999905104687e-09,9.99999905104687e-09,1.0,1.0,1.0
9,6210,25000,0.21005947887897491,0.400983601808548,9.99999905104687e-09,1.0,9.99999905104687e-09,9.99999905104687e-09,9.99999905104687e-09,9.99999905104687e-09,9.99999905104687e-09,9.99999905104687e-09,9.99999905104687e-09,9.99999905104687e-09,1.0,1.0,1.0
9,6220,25000,0.21016374230384827,0.4009888768196106,9.99999905104687e-09,1.0,9.99999905104687e-09,9.99999905104687e-09,9.99999905104687e-09,9.99999905104687e-09,9.99999905104687e-09,9.99999905104687e-09,9.99999905104687e-09,9.99999905104687e-09,1.0,1.0,1.0
9,6230,25000,0.21011333167552948,0.40100133419036865,9.99999905104687e-09,1.0,9.99999905104687e-09,9.99999905104687e-09,9.99999905104687e-09,9.99999905104687e-09,9.99999905104687e-09,9.99999905104687e-09,9.99999905104687e-09,9.99999905104687e-09,1.0,1.0,1.0
9,6240,25000,0.21007800102233887,0.40098661184310913,9.99999905104687e-09,1.0,9.99999905104687e-09,9.99999905104687e-09,9.99999905104687e-09,9.99999905104687e-09,9.99999905104687e-09,9.99999905104687e-09,9.99999905104687e-09,9.99999905104687e-09,1.0,1.0,1.0
9,6250,25000,0.21014255285263062,0.4009900987148285,9.99999905104687e-09,1.0,9.99999905104687e-09,9.99999905104687e-09,9.99999905104687e-09,9.99999905104687e-09,9.99999905104687e-09,9.99999905104687e-09,9.99999905104687e-09,9.99999905104687e-09,1.0,1.0,1.0
9,6260,25000,0.2100534588098526,0.4010091722011566,9.99999905104687e-09,1.0,9.99999905104687e-09,9.99999905104687e-09,9.99999905104687e-09,9.99999905104687e-09,9.99999905104687e-09,9.99999905104687e-09,9.99999905104687e-09,9.99999905104687e-09,1.0,1.0,1.0
9,6270,25000,0.21006788313388824,0.4010073244571686,9.99999905104687e-09,1.0,9.99999905104687e-09,9.99999905104687e-09,9.99999905104687e-09,9.99999905104687e-09,9.99999905104687e-09,9.99999905104687e-09,9.99999905104687e-09,9.99999905104687e-09,1.0,1.0,1.0
9,6280,25000,0.210099458694458,0.40098652243614197,9.99999905104687e-09,1.0,9.99999905104687e-09,9.99999905104687e-09,9.99999905104687e-09,9.99999905104687e-09,9.99999905104687e-09,9.99999905104687e-09,9.99999905104687e-09,9.99999905104687e-09,1.0,1.0,1.0
9,6290,25000,0.2100929319858551,0.4009708762168884,9.99999905104687e-09,1.0,9.99999905104687e-09,9.99999905104687e-09,9.99999905104687e-09,9.99999905104687e-09,9.99999905104687e-09,9.99999905104687e-09,9.99999905104687e-09,9.99999905104687e-09,1.0,1.0,1.0
9,6300,25000,0.21017946302890778,0.40100520849227905,9.99999905104687e-09,1.0,9.99999905104687e-09,9.99999905104687e-09,9.99999905104687e-09,9.99999905104687e-09,9.99999905104687e-09,9.99999905104687e-09,9.99999905104687e-09,9.99999905104687e-09,1.0,1.0,1.0
9,6310,25000,0.21011653542518616,0.4009847044944763,9.99999905104687e-09,1.0,9.99999905104687e-09,9.99999905104687e-09,9.99999905104687e-09,9.99999905104687e-09,9.99999905104687e-09,9.99999905104687e-09,9.99999905104687e-09,9.99999905104687e-09,1.0,1.0,1.0
9,6320,25000,0.21013465523719788,0.4009886085987091,9.99999905104687e-09,1.0,9.99999905104687e-09,9.99999905104687e-09,9.99999905104687e-09,9.99999905104687e-09,9.99999905104687e-09,9.99999905104687e-09,9.99999905104687e-09,9.99999905104687e-09,1.0,1.0,1.0
9,6330,25000,0.2101394683122635,0.40102139115333557,9.99999905104687e-09,1.0,9.99999905104687e-09,9.99999905104687e-09,9.99999905104687e-09,9.99999905104687e-09,9.99999905104687e-09,9.99999905104687e-09,9.99999905104687e-09,9.99999905104687e-09,1.0,1.0,1.0
9,6340,25000,0.21009133756160736,0.400995135307312,9.99999905104687e-09,1.0,9.99999905104687e-09,9.99999905104687e-09,9.99999905104687e-09,9.99999905104687e-09,9.99999905104687e-09,9.99999905104687e-09,9.99999905104687e-09,9.99999905104687e-09,1.0,1.0,1.0
9,6350,25000,0.21012452244758606,0.40100547671318054,9.99999905104687e-09,1.0,9.99999905104687e-09,9.99999905104687e-09,9.99999905104687e-09,9.99999905104687e-09,9.99999905104687e-09,9.99999905104687e-09,9.99999905104687e-09,9.99999905104687e-09,1.0,1.0,1.0
9,6360,25000,0.2101038694381714,0.4009905159473419,9.99999905104687e-09,1.0,9.99999905104687e-09,9.99999905104687e-09,9.99999905104687e-09,9.99999905104687e-09,9.99999905104687e-09,9.99999905104687e-09,9.99999905104687e-09,9.99999905104687e-09,1.0,1.0,1.0
9,6370,25000,0.2100917398929596,0.4009898900985718,9.99999905104687e-09,1.0,9.99999905104687e-09,9.99999905104687e-09,9.99999905104687e-09,9.99999905104687e-09,9.99999905104687e-09,9.99999905104687e-09,9.99999905104687e-09,9.99999905104687e-09,1.0,1.0,1.0
9,6380,25000,0.21008813381195068,0.4009929895401001,9.99999905104687e-09,1.0,9.99999905104687e-09,9.99999905104687e-09,9.99999905104687e-09,9.99999905104687e-09,9.99999905104687e-09,9.99999905104687e-09,9.99999905104687e-09,9.99999905104687e-09,1.0,1.0,1.0
9,6390,25000,0.21015213429927826,0.4009906053543091,9.99999905104687e-09,1.0,9.99999905104687e-09,9.99999905104687e-09,9.99999905104687e-09,9.99999905104687e-09,9.99999905104687e-09,9.99999905104687e-09,9.99999905104687e-09,9.99999905104687e-09,1.0,1.0,1.0
9,6400,25000,0.21011106669902802,0.4009886085987091,9.99999905104687e-09,1.0,9.99999905104687e-09,9.99999905104687e-09,9.99999905104687e-09,9.99999905104687e-09,9.99999905104687e-09,9.99999905104687e-09,9.99999905104687e-09,9.99999905104687e-09,1.0,1.0,1.0
9,6410,25000,0.21004585921764374,0.4009898602962494,9.99999905104687e-09,1.0,9.99999905104687e-09,9.99999905104687e-09,9.99999905104687e-09,9.99999905104687e-09,9.99999905104687e-09,9.99999905104687e-09,9.99999905104687e-09,9.99999905104687e-09,1.0,1.0,1.0
9,6420,25000,0.21012721955776215,0.40098294615745544,9.99999905104687e-09,1.0,9.99999905104687e-09,9.99999905104687e-09,9.99999905104687e-09,9.99999905104687e-09,9.99999905104687e-09,9.99999905104687e-09,9.99999905104687e-09,9.99999905104687e-09,1.0,1.0,1.0
9,6430,25000,0.21014466881752014,0.4009951651096344,9.99999905104687e-09,1.0,9.99999905104687e-09,9.99999905104687e-09,9.99999905104687e-09,9.99999905104687e-09,9.99999905104687e-09,9.99999905104687e-09,9.99999905104687e-09,9.99999905104687e-09,1.0,1.0,1.0
9,6440,25000,0.2101593315601349,0.4009827971458435,9.99999905104687e-09,1.0,9.99999905104687e-09,9.99999905104687e-09,9.99999905104687e-09,9.99999905104687e-09,9.99999905104687e-09,9.99999905104687e-09,9.99999905104687e-09,9.99999905104687e-09,1.0,1.0,1.0
9,6450,25000,0.21013346314430237,0.40099021792411804,9.99999905104687e-09,1.0,9.99999905104687e-09,9.99999905104687e-09,9.99999905104687e-09,9.99999905104687e-09,9.99999905104687e-09,9.99999905104687e-09,9.99999905104687e-09,9.99999905104687e-09,1.0,1.0,1.0
9,6460,25000,0.21016627550125122,0.4010078012943268,9.99999905104687e-09,1.0,9.99999905104687e-09,9.99999905104687e-09,9.99999905104687e-09,9.99999905104687e-09,9.99999905104687e-09,9.99999905104687e-09,9.99999905104687e-09,9.99999905104687e-09,1.0,1.0,1.0
9,6470,25000,0.21011026203632355,0.4009802043437958,9.99999905104687e-09,1.0,9.99999905104687e-09,9.99999905104687e-09,9.99999905104687e-09,9.99999905104687e-09,9.99999905104687e-09,9.99999905104687e-09,9.99999905104687e-09,9.99999905104687e-09,1.0,1.0,1.0
9,6480,25000,0.21013066172599792,0.4009771943092346,9.99999905104687e-09,1.0,9.99999905104687e-09,9.99999905104687e-09,9.99999905104687e-09,9.99999905104687e-09,9.99999905104687e-09,9.99999905104687e-09,9.99999905104687e-09,9.99999905104687e-09,1.0,1.0,1.0
9,6490,25000,0.21011732518672943,0.40101301670074463,9.99999905104687e-09,1.0,9.99999905104687e-09,9.99999905104687e-09,9.99999905104687e-09,9.99999905104687e-09,9.99999905104687e-09,9.99999905104687e-09,9.99999905104687e-09,9.99999905104687e-09,1.0,1.0,1.0
9,6500,25000,0.21007439494132996,0.40097689628601074,9.99999905104687e-09,1.0,9.99999905104687e-09,9.99999905104687e-09,9.99999905104687e-09,9.99999905104687e-09,9.99999905104687e-09,9.99999905104687e-09,9.99999905104687e-09,9.99999905104687e-09,1.0,1.0,1.0
9,6510,25000,0.21011918783187866,0.4009820520877838,9.99999905104687e-09,1.0,9.99999905104687e-09,9.99999905104687e-09,9.99999905104687e-09,9.99999905104687e-09,9.99999905104687e-09,9.99999905104687e-09,9.99999905104687e-09,9.99999905104687e-09,1.0,1.0,1.0
9,6520,25000,0.21013158559799194,0.4010014235973358,9.99999905104687e-09,1.0,9.99999905104687e-09,9.99999905104687e-09,9.99999905104687e-09,9.99999905104687e-09,9.99999905104687e-09,9.99999905104687e-09,9.99999905104687e-09,9.99999905104687e-09,1.0,1.0,1.0
9,6530,25000,0.21012426912784576,0.40098604559898376,9.99999905104687e-09,1.0,9.99999905104687e-09,9.99999905104687e-09,9.99999905104687e-09,9.99999905104687e-09,9.99999905104687e-09,9.99999905104687e-09,9.99999905104687e-09,9.99999905104687e-09,1.0,1.0,1.0
9,6540,25000,0.21017268300056458,0.4009796380996704,9.99999905104687e-09,1.0,9.99999905104687e-09,9.99999905104687e-09,9.99999905104687e-09,9.99999905104687e-09,9.99999905104687e-09,9.99999905104687e-09,9.99999905104687e-09,9.99999905104687e-09,1.0,1.0,1.0
9,6550,25000,0.21015508472919464,0.4009981155395508,9.99999905104687e-09,1.0,9.99999905104687e-09,9.99999905104687e-09,9.99999905104687e-09,9.99999905104687e-09,9.99999905104687e-09,9.99999905104687e-09,9.99999905104687e-09,9.99999905104687e-09,1.0,1.0,1.0
9,6560,25000,0.21008093655109406,0.40100571513175964,9.99999905104687e-09,1.0,9.99999905104687e-09,9.99999905104687e-09,9.99999905104687e-09,9.99999905104687e-09,9.99999905104687e-09,9.99999905104687e-09,9.99999905104687e-09,9.99999905104687e-09,1.0,1.0,1.0
9,6570,25000,0.21012359857559204,0.4009886085987091,9.99999905104687e-09,1.0,9.99999905104687e-09,9.99999905104687e-09,9.99999905104687e-09,9.99999905104687e-09,9.99999905104687e-09,9.99999905104687e-09,9.99999905104687e-09,9.99999905104687e-09,1.0,1.0,1.0
9,6580,25000,0.2101442664861679,0.4009830951690674,9.99999905104687e-09,1.0,9.99999905104687e-09,9.99999905104687e-09,9.99999905104687e-09,9.99999905104687e-09,9.99999905104687e-09,9.99999905104687e-09,9.99999905104687e-09,9.99999905104687e-09,1.0,1.0,1.0
9,6590,25000,0.21011826395988464,0.4009813070297241,9.99999905104687e-09,1.0,9.99999905104687e-09,9.99999905104687e-09,9.99999905104687e-09,9.99999905104687e-09,9.99999905104687e-09,9.99999905104687e-09,9.99999905104687e-09,9.99999905104687e-09,1.0,1.0,1.0
9,6600,25000,0.210111603140831,0.4010099172592163,9.99999905104687e-09,1.0,9.99999905104687e-09,9.99999905104687e-09,9.99999905104687e-09,9.99999905104687e-09,9.99999905104687e-09,9.99999905104687e-09,9.99999905104687e-09,9.99999905104687e-09,1.0,1.0,1.0
9,6610,25000,0.2101101279258728,0.4010083079338074,9.99999905104687e-09,1.0,9.99999905104687e-09,9.99999905104687e-09,9.99999905104687e-09,9.99999905104687e-09,9.99999905104687e-09,9.99999905104687e-09,9.99999905104687e-09,9.99999905104687e-09,1.0,1.0,1.0
9,6620,25000,0.21011893451213837,0.40101078152656555,9.99999905104687e-09,1.0,9.99999905104687e-09,9.99999905104687e-09,9.99999905104687e-09,9.99999905104687e-09,9.99999905104687e-09,9.99999905104687e-09,9.99999905104687e-09,9.99999905104687e-09,1.0,1.0,1.0
9,6630,25000,0.21017172932624817,0.40100347995758057,9.99999905104687e-09,1.0,9.99999905104687e-09,9.99999905104687e-09,9.99999905104687e-09,9.99999905104687e-09,9.99999905104687e-09,9.99999905104687e-09,9.99999905104687e-09,9.99999905104687e-09,1.0,1.0,1.0
9,6640,25000,0.210112527012825,0.40099024772644043,9.99999905104687e-09,1.0,9.99999905104687e-09,9.99999905104687e-09,9.99999905104687e-09,9.99999905104687e-09,9.99999905104687e-09,9.99999905104687e-09,9.99999905104687e-09,9.99999905104687e-09,1.0,1.0,1.0
9,6650,25000,0.2101552039384842,0.4009874761104584,9.99999905104687e-09,1.0,9.99999905104687e-09,9.99999905104687e-09,9.99999905104687e-09,9.99999905104687e-09,9.99999905104687e-09,9.99999905104687e-09,9.99999905104687e-09,9.99999905104687e-09,1.0,1.0,1.0
9,6660,25000,0.2101355940103531,0.40100136399269104,9.99999905104687e-09,1.0,9.99999905104687e-09,9.99999905104687e-09,9.99999905104687e-09,9.99999905104687e-09,9.99999905104687e-09,9.99999905104687e-09,9.99999905104687e-09,9.99999905104687e-09,1.0,1.0,1.0
9,6670,25000,0.21015065908432007,0.4009741246700287,9.99999905104687e-09,1.0,9.99999905104687e-09,9.99999905104687e-09,9.99999905104687e-09,9.99999905104687e-09,9.99999905104687e-09,9.99999905104687e-09,9.99999905104687e-09,9.99999905104687e-09,1.0,1.0,1.0
9,6680,25000,0.21006694436073303,0.4009886085987091,9.99999905104687e-09,1.0,9.99999905104687e-09,9.99999905104687e-09,9.99999905104687e-09,9.99999905104687e-09,9.99999905104687e-09,9.99999905104687e-09,9.99999905104687e-09,9.99999905104687e-09,1.0,1.0,1.0
9,6690,25000,0.21015599370002747,0.40097013115882874,9.99999905104687e-09,1.0,9.99999905104687e-09,9.99999905104687e-09,9.99999905104687e-09,9.99999905104687e-09,9.99999905104687e-09,9.99999905104687e-09,9.99999905104687e-09,9.99999905104687e-09,1.0,1.0,1.0
9,6700,25000,0.21012240648269653,0.40100905299186707,9.99999905104687e-09,1.0,9.99999905104687e-09,9.99999905104687e-09,9.99999905104687e-09,9.99999905104687e-09,9.99999905104687e-09,9.99999905104687e-09,9.99999905104687e-09,9.99999905104687e-09,1.0,1.0,1.0
9,6710,25000,0.21011894941329956,0.40101397037506104,9.99999905104687e-09,1.0,9.99999905104687e-09,9.99999905104687e-09,9.99999905104687e-09,9.99999905104687e-09,9.99999905104687e-09,9.99999905104687e-09,9.99999905104687e-09,9.99999905104687e-09,1.0,1.0,1.0
9,6720,25000,0.21014226973056793,0.4009937644004822,9.99999905104687e-09,1.0,9.99999905104687e-09,9.99999905104687e-09,9.99999905104687e-09,9.99999905104687e-09,9.99999905104687e-09,9.99999905104687e-09,9.99999905104687e-09,9.99999905104687e-09,1.0,1.0,1.0
9,6730,25000,0.210127055644989,0.4009895622730255,9.99999905104687e-09,1.0,9.99999905104687e-09,9.99999905104687e-09,9.99999905104687e-09,9.99999905104687e-09,9.99999905104687e-09,9.99999905104687e-09,9.99999905104687e-09,9.99999905104687e-09,1.0,1.0,1.0
9,6740,25000,0.21014106273651123,0.4009937345981598,9.99999905104687e-09,1.0,9.99999905104687e-09,9.99999905104687e-09,9.99999905104687e-09,9.99999905104687e-09,9.99999905104687e-09,9.99999905104687e-09,9.99999905104687e-09,9.99999905104687e-09,1.0,1.0,1.0
9,6750,25000,0.21011611819267273,0.4009976387023926,9.99999905104687e-09,1.0,9.99999905104687e-09,9.99999905104687e-09,9.99999905104687e-09,9.99999905104687e-09,9.99999905104687e-09,9.99999905104687e-09,9.99999905104687e-09,9.99999905104687e-09,1.0,1.0,1.0
9,6760,25000,0.210111603140831,0.40100395679473877,9.99999905104687e-09,1.0,9.99999905104687e-09,9.99999905104687e-09,9.99999905104687e-09,9.99999905104687e-09,9.99999905104687e-09,9.99999905104687e-09,9.99999905104687e-09,9.99999905104687e-09,1.0,1.0,1.0
9,6770,25000,0.2101394683122635,0.4010036885738373,9.99999905104687e-09,1.0,9.99999905104687e-09,9.99999905104687e-09,9.99999905104687e-09,9.99999905104687e-09,9.99999905104687e-09,9.99999905104687e-09,9.99999905104687e-09,9.99999905104687e-09,1.0,1.0,1.0
9,6780,25000,0.2101033329963684,0.4009995758533478,9.99999905104687e-09,1.0,9.99999905104687e-09,9.99999905104687e-09,9.99999905104687e-09,9.99999905104687e-09,9.99999905104687e-09,9.99999905104687e-09,9.99999905104687e-09,9.99999905104687e-09,1.0,1.0,1.0
9,6790,25000,0.2101142555475235,0.40099602937698364,9.99999905104687e-09,1.0,9.99999905104687e-09,9.99999905104687e-09,9.99999905104687e-09,9.99999905104687e-09,9.99999905104687e-09,9.99999905104687e-09,9.99999905104687e-09,9.99999905104687e-09,1.0,1.0,1.0
9,6800,25000,0.21015585958957672,0.40100204944610596,9.99999905104687e-09,1.0,9.99999905104687e-09,9.99999905104687e-09,9.99999905104687e-09,9.99999905104687e-09,9.99999905104687e-09,9.99999905104687e-09,9.99999905104687e-09,9.99999905104687e-09,1.0,1.0,1.0
9,6810,25000,0.21011292934417725,0.4009723961353302,9.99999905104687e-09,1.0,9.99999905104687e-09,9.99999905104687e-09,9.99999905104687e-09,9.99999905104687e-09,9.99999905104687e-09,9.99999905104687e-09,9.99999905104687e-09,9.99999905104687e-09,1.0,1.0,1.0
9,6820,25000,0.2101626694202423,0.4009874165058136,9.99999905104687e-09,1.0,9.99999905104687e-09,9.99999905104687e-09,9.99999905104687e-09,9.99999905104687e-09,9.99999905104687e-09,9.99999905104687e-09,9.99999905104687e-09,9.99999905104687e-09,1.0,1.0,1.0
9,6830,25000,0.21017266809940338,0.40100201964378357,9.99999905104687e-09,1.0,9.99999905104687e-09,9.99999905104687e-09,9.99999905104687e-09,9.99999905104687e-09,9.99999905104687e-09,9.99999905104687e-09,9.99999905104687e-09,9.99999905104687e-09,1.0,1.0,1.0
9,6840,25000,0.2101142704486847,0.4010237753391266,9.99999905104687e-09,1.0,9.99999905104687e-09,9.99999905104687e-09,9.99999905104687e-09,9.99999905104687e-09,9.99999905104687e-09,9.99999905104687e-09,9.99999905104687e-09,9.99999905104687e-09,1.0,1.0,1.0
9,6850,25000,0.2101326733827591,0.4009949266910553,9.99999905104687e-09,1.0,9.99999905104687e-09,9.99999905104687e-09,9.99999905104687e-09,9.99999905104687e-09,9.99999905104687e-09,9.99999905104687e-09,9.99999905104687e-09,9.99999905104687e-09,1.0,1.0,1.0
9,6860,25000,0.21008652448654175,0.4009856581687927,9.99999905104687e-09,1.0,9.99999905104687e-09,9.99999905104687e-09,9.99999905104687e-09,9.99999905104687e-09,9.99999905104687e-09,9.99999905104687e-09,9.99999905104687e-09,9.99999905104687e-09,1.0,1.0,1.0
9,6870,25000,0.21012546122074127,0.40100353956222534,9.99999905104687e-09,1.0,9.99999905104687e-09,9.99999905104687e-09,9.99999905104687e-09,9.99999905104687e-09,9.99999905104687e-09,9.99999905104687e-09,9.99999905104687e-09,9.99999905104687e-09,1.0,1.0,1.0
9,6880,25000,0.2100878655910492,0.4010178744792938,9.99999905104687e-09,1.0,9.99999905104687e-09,9.99999905104687e-09,9.99999905104687e-09,9.99999905104687e-09,9.99999905104687e-09,9.99999905104687e-09,9.99999905104687e-09,9.99999905104687e-09,1.0,1.0,1.0
9,6890,25000,0.21009106934070587,0.400985985994339,9.99999905104687e-09,1.0,9.99999905104687e-09,9.99999905104687e-09,9.99999905104687e-09,9.99999905104687e-09,9.99999905104687e-09,9.99999905104687e-09,9.99999905104687e-09,9.99999905104687e-09,1.0,1.0,1.0
9,6900,25000,0.21010573208332062,0.4010007083415985,9.99999905104687e-09,1.0,9.99999905104687e-09,9.99999905104687e-09,9.99999905104687e-09,9.99999905104687e-09,9.99999905104687e-09,9.99999905104687e-09,9.99999905104687e-09,9.99999905104687e-09,1.0,1.0,1.0
9,6910,25000,0.21008387207984924,0.401012659072876,9.99999905104687e-09,1.0,9.99999905104687e-09,9.99999905104687e-09,9.99999905104687e-09,9.99999905104687e-09,9.99999905104687e-09,9.99999905104687e-09,9.99999905104687e-09,9.99999905104687e-09,1.0,1.0,1.0
9,6920,25000,0.21017134189605713,0.4009857475757599,9.99999905104687e-09,1.0,9.99999905104687e-09,9.99999905104687e-09,9.99999905104687e-09,9.99999905104687e-09,9.99999905104687e-09,9.99999905104687e-09,9.99999905104687e-09,9.99999905104687e-09,1.0,1.0,1.0
9,6930,25000,0.21016760170459747,0.400987833738327,9.99999905104687e-09,1.0,9.99999905104687e-09,9.99999905104687e-09,9.99999905104687e-09,9.99999905104687e-09,9.99999905104687e-09,9.99999905104687e-09,9.99999905104687e-09,9.99999905104687e-09,1.0,1.0,1.0
9,6940,25000,0.21005693078041077,0.4009849429130554,9.99999905104687e-09,1.0,9.99999905104687e-09,9.99999905104687e-09,9.99999905104687e-09,9.99999905104687e-09,9.99999905104687e-09,9.99999905104687e-09,9.99999905104687e-09,9.99999905104687e-09,1.0,1.0,1.0
9,6950,25000,0.21012599766254425,0.40099036693573,9.99999905104687e-09,1.0,9.99999905104687e-09,9.99999905104687e-09,9.99999905104687e-09,9.99999905104687e-09,9.99999905104687e-09,9.99999905104687e-09,9.99999905104687e-09,9.99999905104687e-09,1.0,1.0,1.0
9,6960,25000,0.21016532182693481,0.40098631381988525,9.99999905104687e-09,1.0,9.99999905104687e-09,9.99999905104687e-09,9.99999905104687e-09,9.99999905104687e-09,9.99999905104687e-09,9.99999905104687e-09,9.99999905104687e-09,9.99999905104687e-09,1.0,1.0,1.0
9,6970,25000,0.21013852953910828,0.400987833738327,9.99999905104687e-09,1.0,9.99999905104687e-09,9.99999905104687e-09,9.99999905104687e-09,9.99999905104687e-09,9.99999905104687e-09,9.99999905104687e-09,9.99999905104687e-09,9.99999905104687e-09,1.0,1.0,1.0
9,6980,25000,0.21017079055309296,0.401000052690506,9.99999905104687e-09,1.0,9.99999905104687e-09,9.99999905104687e-09,9.99999905104687e-09,9.99999905104687e-09,9.99999905104687e-09,9.99999905104687e-09,9.99999905104687e-09,9.99999905104687e-09,1.0,1.0,1.0
9,6990,25000,0.21015946567058563,0.4009820818901062,9.99999905104687e-09,1.0,9.99999905104687e-09,9.99999905104687e-09,9.99999905104687e-09,9.99999905104687e-09,9.99999905104687e-09,9.99999905104687e-09,9.99999905104687e-09,9.99999905104687e-09,1.0,1.0,1.0
9,7000,25000,0.21013467013835907,0.40097829699516296,9.99999905104687e-09,1.0,9.99999905104687e-09,9.99999905104687e-09,9.99999905104687e-09,9.99999905104687e-09,9.99999905104687e-09,9.99999905104687e-09,9.99999905104687e-09,9.99999905104687e-09,1.0,1.0,1.0
