step,epoch,n_refreshed,mean,std,min,max,q00,q10,q20,q30,q40,q50,q60,q70,q80,q90,q100
6,0,,0.5973226428031921,0.18915778398513794,0.5,1.0,0.5,0.5,0.5,0.5,0.5,0.5,0.5,0.5099999904632568,0.6299999952316284,1.0,1.0
6,10,25000,0.2654625177383423,0.3719113767147064,9.99999905104687e-09,1.0,9.99999905104687e-09,1.5327972505474463e-05,0.00015249902207870036,0.0008752893190830946,0.0042069051414728165,0.01856447011232376,0.08825897425413132,0.5,0.5,1.0,1.0
6,20,25000,0.2654235064983368,0.37193065881729126,9.99999905104687e-09,1.0,9.99999905104687e-09,1.5184371477516834e-05,0.00015228093252517283,0.0008720479672774673,0.00421238923445344,0.01849357597529888,0.08814159780740738,0.5,0.5,1.0,1.0
6,30,25000,0.26543179154396057,0.371925413608551,9.99999905104687e-09,1.0,9.99999905104687e-09,1.5331655959016643e-05,0.00015265494585037231,0.000865696114487946,0.004166566301137209,0.018563300371170044,0.08872868865728378,0.5,0.5,1.0,1.0
6,40,25000,0.26541101932525635,0.37191563844680786,9.99999905104687e-09,1.0,9.99999905104687e-09,1.5284220353350975e-05,0.00015168939717113972,0.0008682163315825164,0.004147983156144619,0.018331661820411682,0.088529072701931,0.5,0.5,1.0,1.0
6,50,25000,0.2654922306537628,0.371978759765625,9.99999905104687e-09,1.0,9.99999905104687e-09,1.5183658433670644e-05,0.00015146548685152084,0.0008816438494250178,0.004176597576588392,0.018611658364534378,0.08863905817270279,0.5,0.5,1.0,1.0
6,60,25000,0.2655324339866638,0.3720661997795105,9.99999905104687e-09,1.0,9.99999905104687e-09,1.530649205960799e-05,0.00015168520621955395,0.0008732404094189405,0.00413369107991457,0.018514879047870636,0.08860944211483002,0.5,0.5,1.0,1.0
6,70,25000,0.2655382454395294,0.37213826179504395,9.99999905104687e-09,1.0,9.99999905104687e-09,1.5265331967384554e-05,0.00015154638094827533,0.0008685750071890652,0.004173366818577051,0.018567226827144623,0.08819360285997391,0.5,0.5,1.0,1.0
6,80,25000,0.2654924988746643,0.3721155524253845,9.99999905104687e-09,1.0,9.99999905104687e-09,1.5358638847828843e-05,0.00015163882926572114,0.0008742124773561954,0.004157612100243568,0.018487609922885895,0.08799963444471359,0.5,0.5,1.0,1.0
6,90,25000,0.2656072974205017,0.3721441626548767,9.99999905104687e-09,1.0,9.99999905104687e-09,1.5330522728618234e-05,0.00015101370809134096,0.0008718259632587433,0.004178868606686592,0.018663011491298676,0.08848439902067184,0.5,0.5,1.0,1.0
6,100,25000,0.26558420062065125,0.37218233942985535,9.99999905104687e-09,1.0,9.99999905104687e-09,1.5327921573771164e-05,0.00015072555106598884,0.0008765975944697857,0.004187767393887043,0.018635816872119904,0.08791135251522064,0.5,0.5,1.0,1.0
6,110,25000,0.2656155824661255,0.3722376227378845,9.99999905104687e-09,1.0,9.99999905104687e-09,1.542927566333674e-05,0.00015064788749441504,0.0008674212149344385,0.0041750045493245125,0.018546296283602715,0.0891060009598732,0.5,0.5,1.0,1.0
6,120,25000,0.26562973856925964,0.37231209874153137,9.99999905104687e-09,1.0,9.99999905104687e-09,1.5260822692653164e-05,0.00015080241428222507,0.0008708233362995088,0.004179730545729399,0.018586337566375732,0.08790091425180435,0.5,0.5,1.0,1.0
6,130,25000,0.2657621204853058,0.3723410964012146,9.99999905104687e-09,1.0,9.99999905104687e-09,1.5306946806958877e-05,0.00015085078484844416,0.0008769110427238047,0.004158610478043556,0.01869218610227108,0.08842362463474274,0.5,0.5,1.0,1.0
6,140,25000,0.2656271159648895,0.37231045961380005,9.99999905104687e-09,1.0,9.99999905104687e-09,1.5156361769186333e-05,0.00015082559548318386,0.0008718374883756042,0.004188986495137215,0.018425198271870613,0.08834567666053772,0.5,0.5,1.0,1.0
6,150,25000,0.26571178436279297,0.3723745048046112,9.99999905104687e-09,1.0,9.99999905104687e-09,1.525450079498114e-05,0.0001527284475741908,0.0008714164141565561,0.0041449530981481075,0.018550965934991837,0.08872123807668686,0.5,0.5,1.0,1.0
6,160,25000,0.2657012641429901,0.3724595308303833,9.99999905104687e-09,1.0,9.99999905104687e-09,1.5125276149774436e-05,0.0001526078413007781,0.0008769334526732564,0.004180173855274916,0.018513347953557968,0.08803316205739975,0.5,0.5,1.0,1.0
6,170,25000,0.26573166251182556,0.37253567576408386,9.99999905104687e-09,1.0,9.99999905104687e-09,1.5377892850665376e-05,0.00015163548232521862,0.0008787160040810704,0.004177657421678305,0.01851763390004635,0.08825862407684326,0.5,0.5,1.0,1.0
6,180,25000,0.26583993434906006,0.37263023853302,9.99999905104687e-09,1.0,9.99999905104687e-09,1.5331672329921275e-05,0.00015139680181164294,0.0008708344539627433,0.00419256929308176,0.018605273216962814,0.0883493721485138,0.5,0.5,1.0,1.0
6,190,25000,0.2659641206264496,0.37270766496658325,9.99999905104687e-09,1.0,9.99999905104687e-09,1.511493610450998e-05,0.00015175486623775214,0.0008709988323971629,0.004194420296698809,0.018550962209701538,0.08840828388929367,0.5,0.5,1.0,1.0
6,200,25000,0.26607221364974976,0.372904509305954,9.99999905104687e-09,1.0,9.99999905104687e-09,1.5182047718553804e-05,0.00015080526645760983,0.0008704284555278718,0.00420561945065856,0.01854109764099121,0.08847378194332123,0.5,0.5,1.0,1.0
6,210,25000,0.26627621054649353,0.3730851709842682,9.99999905104687e-09,1.0,9.99999905104687e-09,1.5186066775640938e-05,0.00015082881145644933,0.0008733862196095288,0.004156524781137705,0.01855006441473961,0.08835745602846146,0.5,0.5,1.0,1.0
6,220,25000,0.26624181866645813,0.3733072876930237,9.99999905104687e-09,1.0,9.99999905104687e-09,1.530932422610931e-05,0.00015087159408722073,0.0008706580265425146,0.004186233971267939,0.01856416091322899,0.08768660575151443,0.5,0.5,1.0,1.0
6,230,25000,0.2664397954940796,0.3733631670475006,9.99999905104687e-09,1.0,9.99999905104687e-09,1.5244976566464175e-05,0.0001512704766355455,0.0008764253580011427,0.004185208585113287,0.018582670018076897,0.08823304623365402,0.5,0.5,1.0,1.0
6,240,25000,0.2665150463581085,0.37340179085731506,9.99999905104687e-09,1.0,9.99999905104687e-09,1.534424882265739e-05,0.00015226878167595714,0.0008745958912186325,0.004197764676064253,0.018547218292951584,0.08853135257959366,0.5,0.5,1.0,1.0
6,250,25000,0.2665194272994995,0.3735107481479645,9.99999905104687e-09,1.0,9.99999905104687e-09,1.5208250260911882e-05,0.00015119111048988998,0.0008711215923540294,0.004185749217867851,0.018483713269233704,0.08813909441232681,0.5,0.5,1.0,1.0
6,260,25000,0.26644471287727356,0.37344229221343994,9.99999905104687e-09,1.0,9.99999905104687e-09,1.542719292046968e-05,0.00015252821322064847,0.0008775289170444012,0.004184194374829531,0.01856805756688118,0.08837592601776123,0.5,0.5,1.0,1.0
6,270,25000,0.2664969265460968,0.37344372272491455,9.99999905104687e-09,1.0,9.99999905104687e-09,1.531215093564242e-05,0.0001498329802416265,0.0008711383561603725,0.0041495151817798615,0.018515225499868393,0.08874886482954025,0.5,0.5,1.0,1.0
6,280,25000,0.2664652466773987,0.3734307289123535,9.99999905104687e-09,1.0,9.99999905104687e-09,1.5359803001047112e-05,0.00015082747268024832,0.0008694520220160484,0.004187397193163633,0.01858319342136383,0.08819235861301422,0.5,0.5,1.0,1.0
6,290,25000,0.2664070129394531,0.3733607530593872,9.99999905104687e-09,1.0,9.99999905104687e-09,1.530139343230985e-05,0.00015200611960608512,0.0008722984348423779,0.004140680655837059,0.018625300377607346,0.08820135146379471,0.5,0.5,1.0,1.0
6,300,25000,0.2664021849632263,0.3733222186565399,9.99999905104687e-09,1.0,9.99999905104687e-09,1.5122624063224066e-05,0.00015086571511346847,0.00086942472262308,0.004147165454924107,0.01858215220272541,0.08909999579191208,0.5,0.5,1.0,1.0
6,310,25000,0.2663252055644989,0.37331509590148926,9.99999905104687e-09,1.0,9.99999905104687e-09,1.5098754374776036e-05,0.00015206122770905495,0.0008708446403034031,0.004166333004832268,0.0184502974152565,0.0888129398226738,0.5,0.5,1.0,1.0
6,320,25000,0.26634955406188965,0.37332114577293396,9.99999905104687e-09,1.0,9.99999905104687e-09,1.5412158973049372e-05,0.00015146590885706246,0.0008672368712723255,0.0041963583789765835,0.018434207886457443,0.08819621801376343,0.5,0.5,1.0,1.0
6,330,25000,0.266342431306839,0.3733302652835846,9.99999905104687e-09,1.0,9.99999905104687e-09,1.5095751223270781e-05,0.00015150639228522778,0.0008686590590514243,0.004132486414164305,0.01848587766289711,0.08793582022190094,0.5,0.5,1.0,1.0
6,340,25000,0.2663207948207855,0.3732941150665283,9.99999905104687e-09,1.0,9.99999905104687e-09,1.5270165022229776e-05,0.0001519742072559893,0.0008795217727310956,0.004187254700809717,0.01855362020432949,0.08838477730751038,0.5,0.5,1.0,1.0
6,350,25000,0.26636576652526855,0.37338995933532715,9.99999905104687e-09,1.0,9.99999905104687e-09,1.5277591955964454e-05,0.00015223292575683445,0.0008645318448543549,0.004170468542724848,0.018494103103876114,0.08823199570178986,0.5,0.5,1.0,1.0
6,360,25000,0.2664613425731659,0.3733663260936737,9.99999905104687e-09,1.0,9.99999905104687e-09,1.5463336239918135e-05,0.00015209913544822484,0.0008704308420419693,0.0041261394508183,0.018578168004751205,0.08874653279781342,0.5,0.5,1.0,1.0
6,370,25000,0.2663988471031189,0.37332963943481445,9.99999905104687e-09,1.0,9.99999905104687e-09,1.5215337953122798e-05,0.0001521390804555267,0.0008790610008873045,0.004179914016276598,0.01862885057926178,0.08846911042928696,0.5,0.5,1.0,1.0
6,380,25000,0.26644212007522583,0.37339216470718384,9.99999905104687e-09,1.0,9.99999905104687e-09,1.5205178897303995e-05,0.0001515633921371773,0.0008731510024517775,0.004186694975942373,0.018674202263355255,0.0884299948811531,0.5,0.5,1.0,1.0
6,390,25000,0.26646921038627625,0.37343472242355347,9.99999905104687e-09,1.0,9.99999905104687e-09,1.5196990716503933e-05,0.00015280219668056816,0.0008702888735570014,0.0041186013258993626,0.018608447164297104,0.08822814375162125,0.5,0.5,1.0,1.0
6,400,25000,0.2663498818874359,0.37341779470443726,9.99999905104687e-09,1.0,9.99999905104687e-09,1.538381002319511e-05,0.00015173532301560044,0.0008720767800696194,0.004157061688601971,0.018384627997875214,0.08804251253604889,0.5,0.5,1.0,1.0
6,410,25000,0.2664807438850403,0.3734085261821747,9.99999905104687e-09,1.0,9.99999905104687e-09,1.5228568372549489e-05,0.00014880528033245355,0.0008740036864764988,0.004152548965066671,0.01860645040869713,0.08901003003120422,0.5,0.5,1.0,1.0
6,420,25000,0.2664330303668976,0.3734179437160492,9.99999905104687e-09,1.0,9.99999905104687e-09,1.5109861124074087e-05,0.0001519513170933351,0.0008726215455681086,0.004179233685135841,0.018632281571626663,0.08894640952348709,0.5,0.5,1.0,1.0
6,430,25000,0.2664080560207367,0.37345123291015625,9.99999905104687e-09,1.0,9.99999905104687e-09,1.5336916476371698e-05,0.00015055677795317024,0.0008756050956435502,0.004174995701760054,0.018589582294225693,0.08823931962251663,0.5,0.5,1.0,1.0
6,440,25000,0.26641762256622314,0.3734116554260254,9.99999905104687e-09,1.0,9.99999905104687e-09,1.541862184240017e-05,0.00015214709856081754,0.0008779640193097293,0.004177873954176903,0.018551193177700043,0.08820352703332901,0.5,0.5,1.0,1.0
6,450,25000,0.2664540410041809,0.373491108417511,9.99999905104687e-09,1.0,9.99999905104687e-09,1.541330675536301e-05,0.0001512127637397498,0.0008765396778471768,0.004169139079749584,0.018671419471502304,0.0878569707274437,0.5,0.5,1.0,1.0
6,460,25000,0.26641198992729187,0.3734457492828369,9.99999905104687e-09,1.0,9.99999905104687e-09,1.5152136256801896e-05,0.00015235610771924257,0.0008703861385583878,0.0041336789727211,0.018468253314495087,0.08806129544973373,0.5,0.5,1.0,1.0
6,470,25000,0.2664931118488312,0.3735007047653198,9.99999905104687e-09,1.0,9.99999905104687e-09,1.5358964446932077e-05,0.00015161794726736844,0.0008618560968898237,0.004160089418292046,0.018541445955634117,0.08792603015899658,0.5,0.5,1.0,1.0
6,480,25000,0.2665244936943054,0.373537540435791,9.99999905104687e-09,1.0,9.99999905104687e-09,1.524964773125248e-05,0.00015148177044466138,0.0008695717551745474,0.0041623045690357685,0.018523983657360077,0.08850564807653427,0.5,0.5,1.0,1.0
6,490,25000,0.26644274592399597,0.373506635427475,9.99999905104687e-09,1.0,9.99999905104687e-09,1.5308705769712105e-05,0.00015200042980723083,0.0008750466513447464,0.004133219830691814,0.018612416461110115,0.08760148286819458,0.5,0.5,1.0,1.0
6,500,25000,0.26659291982650757,0.37353795766830444,9.99999905104687e-09,1.0,9.99999905104687e-09,1.5319954400183633e-05,0.0001517112978035584,0.000870005926117301,0.004158539231866598,0.018588662147521973,0.08843071758747101,0.5,0.5,1.0,1.0
6,510,25000,0.2664657235145569,0.37356239557266235,9.99999905104687e-09,1.0,9.99999905104687e-09,1.5206534953904338e-05,0.00015129504026845098,0.0008702954510226846,0.004114517942070961,0.018475186079740524,0.08782058209180832,0.5,0.5,1.0,1.0
6,520,25000,0.2664944529533386,0.3735937476158142,9.99999905104687e-09,1.0,9.99999905104687e-09,1.5268806237145327e-05,0.00015050223737489432,0.000866859860252589,0.0041483198292553425,0.01860838755965233,0.08813495934009552,0.5,0.5,1.0,1.0
6,530,25000,0.2665810286998749,0.37359586358070374,9.99999905104687e-09,1.0,9.99999905104687e-09,1.530390181869734e-05,0.00015110248932614923,0.0008681383915245533,0.004179462790489197,0.01854035258293152,0.08826033025979996,0.5,0.5,1.0,1.0
6,540,25000,0.26649510860443115,0.3736017644405365,9.99999905104687e-09,1.0,9.99999905104687e-09,1.5240691936924122e-05,0.00015332712791860104,0.000872716074809432,0.004148127976804972,0.01859859563410282,0.08829985558986664,0.5,0.5,1.0,1.0
6,550,25000,0.2665275037288666,0.37361568212509155,9.99999905104687e-09,1.0,9.99999905104687e-09,1.5372690540971234e-05,0.0001509352878201753,0.0008783118682913482,0.004162807483226061,0.018460214138031006,0.088168665766716,0.5,0.5,1.0,1.0
6,560,25000,0.26659077405929565,0.37356817722320557,9.99999905104687e-09,1.0,9.99999905104687e-09,1.5245070244418457e-05,0.00015141861513257027,0.0008657166617922485,0.004160587210208178,0.018407687544822693,0.08822377771139145,0.5,0.5,1.0,1.0
6,570,25000,0.26651325821876526,0.37355104088783264,9.99999905104687e-09,1.0,9.99999905104687e-09,1.5300605809898116e-05,0.00015069774235598743,0.0008760415948927402,0.004172512795776129,0.018648680299520493,0.08802869915962219,0.5,0.5,1.0,1.0
6,580,25000,0.2665378749370575,0.3735966384410858,9.99999905104687e-09,1.0,9.99999905104687e-09,1.5352612535934895e-05,0.0001519300858490169,0.0008689244277775288,0.004127819091081619,0.018370486795902252,0.08837581425905228,0.5,0.5,1.0,1.0
6,590,25000,0.2666265070438385,0.3735786974430084,9.99999905104687e-09,1.0,9.99999905104687e-09,1.528617758594919e-05,0.000154005698277615,0.0008729100809432566,0.004178748931735754,0.01866229437291622,0.0889449343085289,0.5,0.5,1.0,1.0
6,600,25000,0.26656216382980347,0.373592346906662,9.99999905104687e-09,1.0,9.99999905104687e-09,1.5296307537937537e-05,0.00015052314847707748,0.0008672816911712289,0.004178706556558609,0.01850205846130848,0.08835317194461823,0.5,0.5,1.0,1.0
6,610,25000,0.26654601097106934,0.3735860586166382,9.99999905104687e-09,1.0,9.99999905104687e-09,1.5357203665189445e-05,0.00015256251208484173,0.0008727226522751153,0.00416148453950882,0.01846488192677498,0.08776621520519257,0.5,0.5,1.0,1.0
6,620,25000,0.2666414976119995,0.37359556555747986,9.99999905104687e-09,1.0,9.99999905104687e-09,1.5156094377744012e-05,0.00015188746328931302,0.0008707264787517488,0.004171048291027546,0.018600590527057648,0.08826269954442978,0.5,0.5,1.0,1.0
6,630,25000,0.2665387690067291,0.37359774112701416,9.99999905104687e-09,1.0,9.99999905104687e-09,1.5163514035521075e-05,0.00015122252807486802,0.0008685769862495363,0.004145627375692129,0.01857820898294449,0.08851752430200577,0.5,0.5,1.0,1.0
6,640,25000,0.2665824592113495,0.3735601305961609,9.99999905104687e-09,1.0,9.99999905104687e-09,1.5208705008262768e-05,0.00015021984290797263,0.0008700545295141637,0.004149259999394417,0.018446804955601692,0.08874185383319855,0.5,0.5,1.0,1.0
6,650,25000,0.26656872034072876,0.3736179769039154,9.99999905104687e-09,1.0,9.99999905104687e-09,1.526444248156622e-05,0.0001503907988080755,0.0008694507414475083,0.004176664631813765,0.018562033772468567,0.08828745782375336,0.5,0.5,1.0,1.0
6,660,25000,0.26653194427490234,0.37360328435897827,9.99999905104687e-09,1.0,9.99999905104687e-09,1.5343613995355554e-05,0.00015260335931088775,0.0008761455537751317,0.004177779424935579,0.01850990578532219,0.08854049444198608,0.5,0.5,1.0,1.0
6,670,25000,0.26651978492736816,0.373604953289032,9.99999905104687e-09,1.0,9.99999905104687e-09,1.52910561155295e-05,0.00015179974434431642,0.0008624117472209036,0.004163368605077267,0.018505636602640152,0.08791838586330414,0.5,0.5,1.0,1.0
6,680,25000,0.26659631729125977,0.3736300766468048,9.99999905104687e-09,1.0,9.99999905104687e-09,1.5401545169879682e-05,0.00015167689707595855,0.0008734579896554351,0.00417095422744751,0.018605899065732956,0.08841348439455032,0.5,0.5,1.0,1.0
6,690,25000,0.2665143609046936,0.37361180782318115,9.99999905104687e-09,1.0,9.99999905104687e-09,1.5289282600861043e-05,0.00015155013534240425,0.0008696001023054123,0.0041399747133255005,0.018570277839899063,0.08791623264551163,0.5,0.5,1.0,1.0
6,700,25000,0.2665112018585205,0.37360066175460815,9.99999905104687e-09,1.0,9.99999905104687e-09,1.5245753274939489e-05,0.00015136443835217506,0.0008713882998563349,0.004159123636782169,0.018546855077147484,0.08822696655988693,0.5,0.5,1.0,1.0
6,710,25000,0.26658859848976135,0.3736170828342438,9.99999905104687e-09,1.0,9.99999905104687e-09,1.5230750250339042e-05,0.0001513849274488166,0.0008721054764464498,0.004165241494774818,0.018502768129110336,0.08823804557323456,0.5,0.5,1.0,1.0
6,720,25000,0.26656579971313477,0.37360674142837524,9.99999905104687e-09,1.0,9.99999905104687e-09,1.5392528439406306e-05,0.00015127773804124445,0.0008749575936235487,0.004180929157882929,0.0185764878988266,0.08833323419094086,0.5,0.5,1.0,1.0
6,730,25000,0.26658502221107483,0.37362760305404663,9.99999905104687e-09,1.0,9.99999905104687e-09,1.52970060298685e-05,0.00015115390124265105,0.0008751584682613611,0.0041502988897264,0.018484409898519516,0.08800160884857178,0.5,0.5,1.0,1.0
6,740,25000,0.2665528357028961,0.3736132085323334,9.99999905104687e-09,1.0,9.99999905104687e-09,1.5346045984188095e-05,0.00015165010700002313,0.0008695849101059139,0.004189071245491505,0.018544219434261322,0.08889846503734589,0.5,0.5,1.0,1.0
6,750,25000,0.2665005326271057,0.37361255288124084,9.99999905104687e-09,1.0,9.99999905104687e-09,1.5150629224081058e-05,0.00015140023606363684,0.0008711076225154102,0.004156175069510937,0.01846947893500328,0.08811470866203308,0.5,0.5,1.0,1.0
6,760,25000,0.2665857970714569,0.37363868951797485,9.99999905104687e-09,1.0,9.99999905104687e-09,1.53313776536379e-05,0.00015126328798942268,0.0008728659013286233,0.004182454664260149,0.018605824559926987,0.08810514211654663,0.5,0.5,1.0,1.0
6,770,25000,0.26663362979888916,0.3736061453819275,9.99999905104687e-09,1.0,9.99999905104687e-09,1.5327244909713045e-05,0.0001518472417956218,0.0008749543339945376,0.004223288036882877,0.018626974895596504,0.08839261531829834,0.5,0.5,1.0,1.0
6,780,25000,0.26654985547065735,0.37363478541374207,9.99999905104687e-09,1.0,9.99999905104687e-09,1.5474981410079636e-05,0.00015197585162241012,0.0008794927271082997,0.004141712561249733,0.01844807341694832,0.08855961263179779,0.5,0.5,1.0,1.0
6,790,25000,0.2666192054748535,0.3736312985420227,9.99999905104687e-09,1.0,9.99999905104687e-09,1.539111508463975e-05,0.00015094054106157273,0.0008748607360757887,0.004186835139989853,0.018539924174547195,0.08894338458776474,0.5,0.5,1.0,1.0
6,800,25000,0.26648691296577454,0.37360548973083496,9.99999905104687e-09,1.0,9.99999905104687e-09,1.538576907478273e-05,0.00014997505059000105,0.0008673156262375414,0.004159366246312857,0.018667131662368774,0.08808384090662003,0.5,0.5,1.0,1.0
6,810,25000,0.2665935754776001,0.3736230731010437,9.99999905104687e-09,1.0,9.99999905104687e-09,1.5451169019797817e-05,0.00015187555982265621,0.0008673565462231636,0.004158972296863794,0.018498573452234268,0.08858205378055573,0.5,0.5,1.0,1.0
6,820,25000,0.2665894627571106,0.3736102283000946,9.99999905104687e-09,1.0,9.99999905104687e-09,1.526412961538881e-05,0.00015149739920161664,0.000871208612807095,0.004169227555394173,0.0185997374355793,0.08851451426744461,0.5,0.5,1.0,1.0
6,830,25000,0.26657339930534363,0.373602956533432,9.99999905104687e-09,1.0,9.99999905104687e-09,1.521631838841131e-05,0.00015167596575338393,0.0008710377151146531,0.00416623055934906,0.018611177802085876,0.08850078284740448,0.5,0.5,1.0,1.0
6,840,25000,0.2665868103504181,0.3736262023448944,9.99999905104687e-09,1.0,9.99999905104687e-09,1.5430494386237115e-05,0.0001515368203399703,0.0008731263224035501,0.00419317651540041,0.01864355057477951,0.08893407136201859,0.5,0.5,1.0,1.0
6,850,25000,0.2665844261646271,0.3736270070075989,9.99999905104687e-09,1.0,9.99999905104687e-09,1.5366207662736997e-05,0.0001515317999292165,0.0008641917956992984,0.004198823589831591,0.01856587640941143,0.08819161355495453,0.5,0.5,1.0,1.0
6,860,25000,0.26668596267700195,0.3736463189125061,9.99999905104687e-09,1.0,9.99999905104687e-09,1.5228058146021795e-05,0.00015090637316461653,0.0008757593459449708,0.004209400620311499,0.0186518132686615,0.08874557912349701,0.5,0.5,1.0,1.0
6,870,25000,0.26659590005874634,0.3736327886581421,9.99999905104687e-09,1.0,9.99999905104687e-09,1.5187907592917327e-05,0.00015040799917187542,0.0008705868385732174,0.004190789069980383,0.01851288601756096,0.08814742416143417,0.5,0.5,1.0,1.0
6,880,25000,0.26657354831695557,0.3736635148525238,9.99999905104687e-09,1.0,9.99999905104687e-09,1.527174208604265e-05,0.00015033195086289197,0.0008726840023882687,0.004186081234365702,0.018445312976837158,0.08794450014829636,0.5,0.5,1.0,1.0
6,890,25000,0.2666013240814209,0.3736518621444702,9.99999905104687e-09,1.0,9.99999905104687e-09,1.5413634173455648e-05,0.00015072386304382235,0.0008735065930522978,0.0041679805144667625,0.018572870641946793,0.08777827769517899,0.5,0.5,1.0,1.0
6,900,25000,0.2666226923465729,0.3736521899700165,9.99999905104687e-09,1.0,9.99999905104687e-09,1.532741771370638e-05,0.00015162838099058717,0.0008673416450619698,0.0041448152624070644,0.018432926386594772,0.08836712688207626,0.5,0.5,1.0,1.0
6,910,25000,0.26663070917129517,0.3736371397972107,9.99999905104687e-09,1.0,9.99999905104687e-09,1.545291524962522e-05,0.00015098492440301925,0.0008698898600414395,0.004201938398182392,0.0185706689953804,0.0882672369480133,0.5,0.5,1.0,1.0
6,920,25000,0.266615092754364,0.37367507815361023,9.99999905104687e-09,1.0,9.99999905104687e-09,1.5163415810093284e-05,0.0001517070923000574,0.0008737955358810723,0.004153745248913765,0.01859653741121292,0.0883246436715126,0.5,0.5,1.0,1.0
6,930,25000,0.2665656507015228,0.3737034499645233,9.99999905104687e-09,1.0,9.99999905104687e-09,1.533639988338109e-05,0.0001511484879301861,0.0008707811357453465,0.004157799296081066,0.01839321106672287,0.08744987100362778,0.5,0.5,1.0,1.0
6,940,25000,0.26655226945877075,0.3736425042152405,9.99999905104687e-09,1.0,9.99999905104687e-09,1.5271616575773805e-05,0.00014981883578002453,0.0008697389275766909,0.004169360734522343,0.018625106662511826,0.08842433243989944,0.5,0.5,1.0,1.0
6,950,25000,0.2665782868862152,0.37363260984420776,9.99999905104687e-09,1.0,9.99999905104687e-09,1.5290141163859516e-05,0.00015065472689457238,0.0008670097449794412,0.004170618951320648,0.018521301448345184,0.08838548511266708,0.5,0.5,1.0,1.0
6,960,25000,0.2666109502315521,0.37360820174217224,9.99999905104687e-09,1.0,9.99999905104687e-09,1.5271703887265176e-05,0.00015392829664051533,0.0008730932604521513,0.0041590724140405655,0.018746424466371536,0.08896275609731674,0.5,0.5,1.0,1.0
6,970,25000,0.2665826678276062,0.3736887574195862,9.99999905104687e-09,1.0,9.99999905104687e-09,1.5221413377730642e-05,0.00015109078958630562,0.0008736728923395276,0.0041620973497629166,0.01855374686419964,0.0881844088435173,0.5,0.5,1.0,1.0
6,980,25000,0.26660341024398804,0.3736571967601776,9.99999905104687e-09,1.0,9.99999905104687e-09,1.5327213986893184e-05,0.00015080856974236667,0.0008756265742704272,0.004181673284620047,0.01856893114745617,0.08806159347295761,0.5,0.5,1.0,1.0
6,990,25000,0.2666062116622925,0.3736547827720642,9.99999905104687e-09,1.0,9.99999905104687e-09,1.5346056898124516e-05,0.00015127674851100892,0.0008702352643013,0.004197226371616125,0.018642690032720566,0.0884961262345314,0.5,0.5,1.0,1.0
6,1000,25000,0.26665863394737244,0.3736545443534851,9.99999905104687e-09,1.0,9.99999905104687e-09,1.526787855254952e-05,0.00014988257316872478,0.0008640529122203588,0.0041720252484083176,0.018506327643990517,0.08835448324680328,0.5,0.5,1.0,1.0
6,1010,25000,0.2665969133377075,0.3736380636692047,9.99999905104687e-09,1.0,9.99999905104687e-09,1.532934038550593e-05,0.00015055252879392356,0.0008786658872850239,0.004199855029582977,0.018574923276901245,0.08850684016942978,0.5,0.5,1.0,1.0
6,1020,25000,0.2666190564632416,0.3736538290977478,9.99999905104687e-09,1.0,9.99999905104687e-09,1.5150377294048667e-05,0.0001511495211161673,0.0008746141684241593,0.004161320626735687,0.01839442551136017,0.0886964201927185,0.5,0.5,1.0,1.0
6,1030,25000,0.26668527722358704,0.37365540862083435,9.99999905104687e-09,1.0,9.99999905104687e-09,1.5381761841126718e-05,0.00015124645142350346,0.0008705063373781741,0.004154006484895945,0.01856054738163948,0.08842802792787552,0.5,0.5,1.0,1.0
6,1040,25000,0.2666515111923218,0.37368571758270264,9.99999905104687e-09,1.0,9.99999905104687e-09,1.5191172678896692e-05,0.00015175476437434554,0.000866999092977494,0.004173903726041317,0.018666986376047134,0.08824536204338074,0.5,0.5,1.0,1.0
6,1050,25000,0.26668763160705566,0.37365877628326416,9.99999905104687e-09,1.0,9.99999905104687e-09,1.518072713224683e-05,0.00015223446825984865,0.0008679329766891897,0.004169584717601538,0.018562257289886475,0.08860752731561661,0.5,0.5,1.0,1.0
6,1060,25000,0.2666117250919342,0.37372103333473206,9.99999905104687e-09,1.0,9.99999905104687e-09,1.5246710063365754e-05,0.00015127180085983127,0.0008718534954823554,0.0041919974610209465,0.01851801387965679,0.08798280358314514,0.5,0.5,1.0,1.0
6,1070,25000,0.2665807902812958,0.3736571967601776,9.99999905104687e-09,1.0,9.99999905104687e-09,1.5256910046446137e-05,0.00015117594739422202,0.0008742690552026033,0.004172598011791706,0.01850944012403488,0.08862234652042389,0.5,0.5,1.0,1.0
6,1080,25000,0.26659098267555237,0.37368160486221313,9.99999905104687e-09,1.0,9.99999905104687e-09,1.5221087778627407e-05,0.00015120828174985945,0.0008682954357936978,0.004134553484618664,0.01858128048479557,0.08807441592216492,0.5,0.5,1.0,1.0
6,1090,25000,0.2665979862213135,0.37367013096809387,9.99999905104687e-09,1.0,9.99999905104687e-09,1.5416975656989962e-05,0.00015225903189275414,0.0008742911159060895,0.004175778944045305,0.018450018018484116,0.0885382667183876,0.5,0.5,1.0,1.0
6,1100,25000,0.26671716570854187,0.37368592619895935,9.99999905104687e-09,1.0,9.99999905104687e-09,1.5410267224069685e-05,0.00015141766925808042,0.0008670481620356441,0.004169928375631571,0.01855131797492504,0.08831296116113663,0.5,0.5,1.0,1.0
6,1110,25000,0.26661282777786255,0.3737087547779083,9.99999905104687e-09,1.0,9.99999905104687e-09,1.5278294085874222e-05,0.0001511969167040661,0.0008744971710257232,0.004155047237873077,0.018555831164121628,0.0882820338010788,0.5,0.5,1.0,1.0
6,1120,25000,0.2665877044200897,0.37365421652793884,9.99999905104687e-09,1.0,9.99999905104687e-09,1.5209419871098362e-05,0.00015208596596494317,0.0008766652317717671,0.004165261518210173,0.01858694478869438,0.08845952153205872,0.5,0.5,1.0,1.0
6,1130,25000,0.26668891310691833,0.37371698021888733,9.99999905104687e-09,1.0,9.99999905104687e-09,1.542129393783398e-05,0.0001519441866548732,0.00086671591270715,0.00417194003239274,0.01852879486978054,0.08805891126394272,0.5,0.5,1.0,1.0
6,1140,25000,0.2666622996330261,0.37363961338996887,9.99999905104687e-09,1.0,9.99999905104687e-09,1.5282123058568686e-05,0.00015200562484096736,0.0008767219842411578,0.004175866022706032,0.018630342558026314,0.08843545615673065,0.5,0.5,1.0,1.0
6,1150,25000,0.2665197253227234,0.3736432194709778,9.99999905104687e-09,1.0,9.99999905104687e-09,1.52919801621465e-05,0.0001516870834166184,0.0008657941943965852,0.004168890416622162,0.01841779053211212,0.08822032064199448,0.5,0.5,1.0,1.0
6,1160,25000,0.26659953594207764,0.37366044521331787,9.99999905104687e-09,1.0,9.99999905104687e-09,1.5459401765838265e-05,0.00015208488912321627,0.0008753229631111026,0.004193402361124754,0.01863096095621586,0.0878431499004364,0.5,0.5,1.0,1.0
6,1170,25000,0.26657214760780334,0.3736995458602905,9.99999905104687e-09,1.0,9.99999905104687e-09,1.535391857032664e-05,0.0001522065285826102,0.0008719521574676037,0.004137853160500526,0.018555352464318275,0.08793985843658447,0.5,0.5,1.0,1.0
6,1180,25000,0.2666166424751282,0.37365758419036865,9.99999905104687e-09,1.0,9.99999905104687e-09,1.5298306607292034e-05,0.00015093320689629763,0.0008636915008537471,0.004144774749875069,0.018581314012408257,0.08830475807189941,0.5,0.5,1.0,1.0
6,1190,25000,0.2666051685810089,0.3736504912376404,9.99999905104687e-09,1.0,9.99999905104687e-09,1.544014048704412e-05,0.00015164156502578408,0.0008770275162532926,0.004136860370635986,0.01852044090628624,0.08834663778543472,0.5,0.5,1.0,1.0
6,1200,25000,0.2666723430156708,0.37365517020225525,9.99999905104687e-09,1.0,9.99999905104687e-09,1.5179552065092139e-05,0.00014940409164410084,0.0008644811459816992,0.00418116245418787,0.01855459436774254,0.08901926875114441,0.5,0.5,1.0,1.0
6,1210,25000,0.2666940987110138,0.3737237751483917,9.99999905104687e-09,1.0,9.99999905104687e-09,1.5149976206885185e-05,0.000151338754221797,0.0008719601901248097,0.004193905275315046,0.018565591424703598,0.0891815572977066,0.5,0.5,1.0,1.0
6,1220,25000,0.26662248373031616,0.3736785352230072,9.99999905104687e-09,1.0,9.99999905104687e-09,1.526070809632074e-05,0.00015090267697814852,0.0008625766495242715,0.00416353065520525,0.018452605232596397,0.0883144810795784,0.5,0.5,1.0,1.0
6,1230,25000,0.26658526062965393,0.37369176745414734,9.99999905104687e-09,1.0,9.99999905104687e-09,1.5338262528530322e-05,0.00015212720609270036,0.0008655079873278737,0.004184728488326073,0.0185958631336689,0.0882069319486618,0.5,0.5,1.0,1.0
6,1240,25000,0.26659008860588074,0.37367838621139526,9.99999905104687e-09,1.0,9.99999905104687e-09,1.5293262549676e-05,0.00014965965237934142,0.0008736619492992759,0.004148801323026419,0.018549565225839615,0.08810420334339142,0.5,0.5,1.0,1.0
6,1250,25000,0.2667382061481476,0.3737448453903198,9.99999905104687e-09,1.0,9.99999905104687e-09,1.5342420738306828e-05,0.0001521258382126689,0.0008676297729834914,0.0041806441731750965,0.018524732440710068,0.0881742313504219,0.5,0.5,1.0,1.0
6,1260,25000,0.2665156424045563,0.37366679310798645,9.99999905104687e-09,1.0,9.99999905104687e-09,1.5255097423505504e-05,0.00015151234401855618,0.0008810205035842955,0.004140454810112715,0.018561281263828278,0.08826598525047302,0.5,0.5,1.0,1.0
6,1270,25000,0.2665185034275055,0.3736248314380646,9.99999905104687e-09,1.0,9.99999905104687e-09,1.527441418147646e-05,0.00015081505989655852,0.0008674658602103591,0.004197416361421347,0.018615195527672768,0.08803771436214447,0.5,0.5,1.0,1.0
6,1280,25000,0.266619473695755,0.3736448884010315,9.99999905104687e-09,1.0,9.99999905104687e-09,1.5287749192793854e-05,0.0001505393156548962,0.0008684456697665155,0.004171058535575867,0.018744101747870445,0.08889207988977432,0.5,0.5,1.0,1.0
6,1290,25000,0.2666194438934326,0.3737378716468811,9.99999905104687e-09,1.0,9.99999905104687e-09,1.5500647350563668e-05,0.00015161432384047657,0.0008697626180946827,0.004164843820035458,0.018519608303904533,0.08833251893520355,0.5,0.5,1.0,1.0
6,1300,25000,0.2665763199329376,0.37364843487739563,9.99999905104687e-09,1.0,9.99999905104687e-09,1.5472949598915875e-05,0.00015049501962494105,0.0008787397528067231,0.004205808509141207,0.01854429580271244,0.08835099637508392,0.5,0.5,1.0,1.0
6,1310,25000,0.26659834384918213,0.3736546039581299,9.99999905104687e-09,1.0,9.99999905104687e-09,1.5340456229751e-05,0.0001510466681793332,0.0008739877957850695,0.004208960570394993,0.0185724887996912,0.08861476927995682,0.5,0.5,1.0,1.0
6,1320,25000,0.26664265990257263,0.3737415075302124,9.99999905104687e-09,1.0,9.99999905104687e-09,1.5369012544397265e-05,0.0001513824099674821,0.0008700980106368661,0.004138249903917313,0.01854991912841797,0.08794482052326202,0.5,0.5,1.0,1.0
6,1330,25000,0.26661771535873413,0.37369731068611145,9.99999905104687e-09,1.0,9.99999905104687e-09,1.5323788829846308e-05,0.00015176284068729728,0.0008747322717681527,0.004182820674031973,0.018504571169614792,0.08842281252145767,0.5,0.5,1.0,1.0
6,1340,25000,0.2665812373161316,0.37368059158325195,9.99999905104687e-09,1.0,9.99999905104687e-09,1.5209806406346615e-05,0.00015232496662065387,0.0008766200626268983,0.004207570571452379,0.018680237233638763,0.08794917166233063,0.5,0.5,1.0,1.0
6,1350,25000,0.2665761709213257,0.3737167716026306,9.99999905104687e-09,1.0,9.99999905104687e-09,1.5327559594879858e-05,0.00015230443386826664,0.0008742394857108593,0.004180915653705597,0.01865505427122116,0.08749853819608688,0.5,0.5,1.0,1.0
6,1360,25000,0.2666434943675995,0.37369513511657715,9.99999905104687e-09,1.0,9.99999905104687e-09,1.5505469491472468e-05,0.00015020789578557014,0.0008704244974069297,0.004160301759839058,0.01859397254884243,0.0883052796125412,0.5,0.5,1.0,1.0
6,1370,25000,0.26665419340133667,0.37369194626808167,9.99999905104687e-09,1.0,9.99999905104687e-09,1.543784856039565e-05,0.0001520829100627452,0.0008716066367924213,0.004173870198428631,0.018655763939023018,0.088150754570961,0.5,0.5,1.0,1.0
6,1380,25000,0.2666287422180176,0.37373825907707214,9.99999905104687e-09,1.0,9.99999905104687e-09,1.5201833775790874e-05,0.0001497943012509495,0.0008776235627010465,0.004160013981163502,0.018441729247570038,0.08814683556556702,0.5,0.5,1.0,1.0
6,1390,25000,0.2666592299938202,0.3736986517906189,9.99999905104687e-09,1.0,9.99999905104687e-09,1.50485147969448e-05,0.00014965911395847797,0.0008723663631826639,0.00415419926866889,0.018622687086462975,0.08885705471038818,0.5,0.5,1.0,1.0
6,1400,25000,0.266689658164978,0.3737491965293884,9.99999905104687e-09,1.0,9.99999905104687e-09,1.5252047887770459e-05,0.00015121177420951426,0.0008719765464775264,0.004177645780146122,0.01852729171514511,0.0883721113204956,0.5,0.5,1.0,1.0
6,1410,25000,0.26663777232170105,0.3736937642097473,9.99999905104687e-09,1.0,9.99999905104687e-09,1.526852611277718e-05,0.00015249004354700446,0.0008743925136514008,0.004165066406130791,0.018554694950580597,0.08829627931118011,0.5,0.5,1.0,1.0
6,1420,25000,0.26656633615493774,0.37369513511657715,9.99999905104687e-09,1.0,9.99999905104687e-09,1.5342615370173007e-05,0.00015049913781695068,0.000872129516210407,0.00418626656755805,0.018597275018692017,0.08839450031518936,0.5,0.5,1.0,1.0
6,1430,25000,0.2666364908218384,0.37373417615890503,9.99999905104687e-09,1.0,9.99999905104687e-09,1.5251931472448632e-05,0.0001520335063105449,0.0008712034905329347,0.004132087342441082,0.018466200679540634,0.08749553561210632,0.5,0.5,1.0,1.0
6,1440,25000,0.26661112904548645,0.37373387813568115,9.99999905104687e-09,1.0,9.99999905104687e-09,1.5340141544584185e-05,0.00015065763727761805,0.0008693293784745038,0.004184002988040447,0.01851988583803177,0.08818390965461731,0.5,0.5,1.0,1.0
6,1450,25000,0.2665967643260956,0.3737122118473053,9.99999905104687e-09,1.0,9.99999905104687e-09,1.5304140106309205e-05,0.00015132165572140366,0.0008655584533698857,0.004155720118433237,0.018515249714255333,0.08783625066280365,0.5,0.5,1.0,1.0
6,1460,25000,0.26664239168167114,0.3737216591835022,9.99999905104687e-09,1.0,9.99999905104687e-09,1.5276726117008366e-05,0.00015274611359927803,0.0008654610719531775,0.0041662477888166904,0.01845329813659191,0.08844201266765594,0.5,0.5,1.0,1.0
6,1470,25000,0.26663389801979065,0.37373608350753784,9.99999905104687e-09,1.0,9.99999905104687e-09,1.5241386790876277e-05,0.0001516269112471491,0.0008706124499440193,0.004176904913038015,0.01860903762280941,0.08757062256336212,0.5,0.5,1.0,1.0
6,1480,25000,0.2666572332382202,0.37372857332229614,9.99999905104687e-09,1.0,9.99999905104687e-09,1.532620080979541e-05,0.00015145658107940108,0.0008783179800957441,0.004184420686215162,0.01844235137104988,0.08818170428276062,0.5,0.5,1.0,1.0
6,1490,25000,0.26672065258026123,0.37373825907707214,9.99999905104687e-09,1.0,9.99999905104687e-09,1.5384901416837238e-05,0.00015125407662708312,0.0008679917664267123,0.004137304145842791,0.018640220165252686,0.0880100354552269,0.5,0.5,1.0,1.0
6,1500,25000,0.2667403221130371,0.37373611330986023,9.99999905104687e-09,1.0,9.99999905104687e-09,1.526338564872276e-05,0.00015180026821326464,0.0008767377585172653,0.004149839747697115,0.018441734835505486,0.08816713839769363,0.5,0.5,1.0,1.0
6,1510,25000,0.26665574312210083,0.3736884295940399,9.99999905104687e-09,1.0,9.99999905104687e-09,1.5422281649080105e-05,0.0001509342691861093,0.0008828710415400565,0.004200480412691832,0.018473612144589424,0.08875108510255814,0.5,0.5,1.0,1.0
6,1520,25000,0.2666584551334381,0.37372109293937683,9.99999905104687e-09,1.0,9.99999905104687e-09,1.5240177162922919e-05,0.00015180703485384583,0.000875189492944628,0.004172838758677244,0.018578745424747467,0.08872227370738983,0.5,0.5,1.0,1.0
6,1530,25000,0.2665979266166687,0.37372153997421265,9.99999905104687e-09,1.0,9.99999905104687e-09,1.5276491467375308e-05,0.00015200156485661864,0.0008743484504520893,0.004205214325338602,0.018556181341409683,0.08843571692705154,0.5,0.5,1.0,1.0
6,1540,25000,0.2667406499385834,0.37372341752052307,9.99999905104687e-09,1.0,9.99999905104687e-09,1.540228731755633e-05,0.00015139649622142315,0.0008759619668126106,0.004152015782892704,0.018535016104578972,0.08870137482881546,0.5,0.5,1.0,1.0
6,1550,25000,0.26667430996894836,0.37372517585754395,9.99999905104687e-09,1.0,9.99999905104687e-09,1.5134432942431886e-05,0.0001509426801931113,0.0008769399137236178,0.004166506230831146,0.01873352751135826,0.0884283035993576,0.5,0.5,1.0,1.0
6,1560,25000,0.26671332120895386,0.37374037504196167,9.99999905104687e-09,1.0,9.99999905104687e-09,1.5101801182026975e-05,0.0001517691125627607,0.0008757943869568408,0.004175170324742794,0.018519271165132523,0.08825965970754623,0.5,0.5,1.0,1.0
6,1570,25000,0.2667009234428406,0.3737294673919678,9.99999905104687e-09,1.0,9.99999905104687e-09,1.5405716112582013e-05,0.00015262680244632065,0.0008697663433849812,0.0041650282219052315,0.018655169755220413,0.08845400810241699,0.5,0.5,1.0,1.0
6,1580,25000,0.2666644752025604,0.3737219572067261,9.99999905104687e-09,1.0,9.99999905104687e-09,1.5378589523606934e-05,0.00015149411046877503,0.0008765181410126388,0.004167166538536549,0.018429765477776527,0.08885829150676727,0.5,0.5,1.0,1.0
6,1590,25000,0.2665811777114868,0.37370434403419495,9.99999905104687e-09,1.0,9.99999905104687e-09,1.5334797353716567e-05,0.0001522134552942589,0.0008730284171178937,0.004152373876422644,0.018620114773511887,0.08825194835662842,0.5,0.5,1.0,1.0
6,1600,25000,0.26659733057022095,0.3737410604953766,9.99999905104687e-09,1.0,9.99999905104687e-09,1.5339799574576318e-05,0.0001506312401033938,0.0008639541338197887,0.004149354062974453,0.018676182255148888,0.0875818058848381,0.5,0.5,1.0,1.0
6,1610,25000,0.2667558789253235,0.3737320303916931,9.99999905104687e-09,1.0,9.99999905104687e-09,1.5065777006384451e-05,0.00015157276357058436,0.0008744528749957681,0.004144831094890833,0.018665406852960587,0.0880579873919487,0.5,0.5,1.0,1.0
6,1620,25000,0.2666380703449249,0.3737700581550598,9.99999905104687e-09,1.0,9.99999905104687e-09,1.5174498003034387e-05,0.0001523920800536871,0.0008720482001081109,0.004154393449425697,0.01847304031252861,0.08764722943305969,0.5,0.5,1.0,1.0
6,1630,25000,0.26667359471321106,0.37369653582572937,9.99999905104687e-09,1.0,9.99999905104687e-09,1.5156454537645914e-05,0.00015237554907798767,0.0008737967582419515,0.004193838685750961,0.01857256330549717,0.08872830867767334,0.5,0.5,1.0,1.0
6,1640,25000,0.2666945159435272,0.37376800179481506,9.99999905104687e-09,1.0,9.99999905104687e-09,1.528984466858674e-05,0.00015165581135079265,0.000878324150107801,0.004193403758108616,0.018590865656733513,0.08863309770822525,0.5,0.5,1.0,1.0
6,1650,25000,0.2667197585105896,0.3737245202064514,9.99999905104687e-09,1.0,9.99999905104687e-09,1.5385618098662235e-05,0.0001507366105215624,0.0008703159401193261,0.004192432388663292,0.018588868901133537,0.0879133939743042,0.5,0.5,1.0,1.0
6,1660,25000,0.2666752338409424,0.37372830510139465,9.99999905104687e-09,1.0,9.99999905104687e-09,1.5330795577028766e-05,0.00015062834427226335,0.0008723753853701055,0.004159882199019194,0.018563974648714066,0.08796923607587814,0.5,0.5,1.0,1.0
6,1670,25000,0.2666558623313904,0.3737328052520752,9.99999905104687e-09,1.0,9.99999905104687e-09,1.528790562588256e-05,0.00015253604215104133,0.0008746057283133268,0.004151554312556982,0.01853010803461075,0.08864333480596542,0.5,0.5,1.0,1.0
6,1680,25000,0.26655957102775574,0.37371453642845154,9.99999905104687e-09,1.0,9.99999905104687e-09,1.540602170280181e-05,0.00015157203597482294,0.0008674118435010314,0.004161285236477852,0.018459703773260117,0.08796810358762741,0.5,0.5,1.0,1.0
6,1690,25000,0.2666463255882263,0.3736967444419861,9.99999905104687e-09,1.0,9.99999905104687e-09,1.5287283531506546e-05,0.0001505838881712407,0.0008711462724022567,0.004193968139588833,0.018493223935365677,0.0879448726773262,0.5,0.5,1.0,1.0
6,1700,25000,0.26657360792160034,0.3737331032752991,9.99999905104687e-09,1.0,9.99999905104687e-09,1.541847268526908e-05,0.0001524981635157019,0.0008722865022718906,0.004162037279456854,0.01846277341246605,0.08787226676940918,0.5,0.5,1.0,1.0
6,1710,25000,0.26669740676879883,0.3737105429172516,9.99999905104687e-09,1.0,9.99999905104687e-09,1.5144058124860749e-05,0.0001510779547970742,0.0008711444097571075,0.004175367299467325,0.018535293638706207,0.08809249103069305,0.5,0.5,1.0,1.0
6,1720,25000,0.26662641763687134,0.3736948072910309,9.99999905104687e-09,1.0,9.99999905104687e-09,1.544627593830228e-05,0.0001516562042525038,0.0008628952200524509,0.004187911748886108,0.018470916897058487,0.088829904794693,0.5,0.5,1.0,1.0
6,1730,25000,0.26660674810409546,0.3736904263496399,9.99999905104687e-09,1.0,9.99999905104687e-09,1.5173774045251776e-05,0.00015131391410250217,0.0008753258152864873,0.004115131217986345,0.018587946891784668,0.08810615539550781,0.5,0.5,1.0,1.0
6,1740,25000,0.26662591099739075,0.3737136423587799,9.99999905104687e-09,1.0,9.99999905104687e-09,1.5424528100993484e-05,0.00015160981274675578,0.0008841591770760715,0.004176300019025803,0.018510421738028526,0.08852902054786682,0.5,0.5,1.0,1.0
6,1750,25000,0.2666679620742798,0.37369319796562195,9.99999905104687e-09,1.0,9.99999905104687e-09,1.5051630725793075e-05,0.00015086955681908876,0.0008719940669834614,0.004180638585239649,0.018628858029842377,0.0889744833111763,0.5,0.5,1.0,1.0
6,1760,25000,0.2666449546813965,0.37375882267951965,9.99999905104687e-09,1.0,9.99999905104687e-09,1.5107180843187962e-05,0.0001510203001089394,0.0008662021718919277,0.004179816227406263,0.01860983856022358,0.08780501037836075,0.5,0.5,1.0,1.0
6,1770,25000,0.2666967809200287,0.37369999289512634,9.99999905104687e-09,1.0,9.99999905104687e-09,1.545797749713529e-05,0.00015051076479721814,0.0008693672716617584,0.004167515784502029,0.01857387088239193,0.08842126280069351,0.5,0.5,1.0,1.0
6,1780,25000,0.26676902174949646,0.3737557530403137,9.99999905104687e-09,1.0,9.99999905104687e-09,1.5273724784492515e-05,0.0001503067760495469,0.000868587230797857,0.004162353929132223,0.018770260736346245,0.08820822834968567,0.5,0.5,1.0,1.0
6,1790,25000,0.266617089509964,0.3737626075744629,9.99999905104687e-09,1.0,9.99999905104687e-09,1.5175117368926294e-05,0.0001518561039119959,0.0008761680801399052,0.004159840755164623,0.0185011625289917,0.08788315951824188,0.5,0.5,1.0,1.0
6,1800,25000,0.26667794585227966,0.3737359344959259,9.99999905104687e-09,1.0,9.99999905104687e-09,1.5179707588686142e-05,0.00015033286763355136,0.000870145857334137,0.004123842343688011,0.018490608781576157,0.0879620909690857,0.5,0.5,1.0,1.0
6,1810,25000,0.2666361331939697,0.37373143434524536,9.99999905104687e-09,1.0,9.99999905104687e-09,1.5213138794933911e-05,0.00015014378004707396,0.0008684401982463896,0.004153745248913765,0.018608177080750465,0.08822641521692276,0.5,0.5,1.0,1.0
6,1820,25000,0.26670607924461365,0.37372714281082153,9.99999905104687e-09,1.0,9.99999905104687e-09,1.538448123028502e-05,0.00015141651965677738,0.0008677931036800146,0.004164924845099449,0.01856851577758789,0.08878709375858307,0.5,0.5,1.0,1.0
6,1830,25000,0.2666495740413666,0.3737201690673828,9.99999905104687e-09,1.0,9.99999905104687e-09,1.5345554857049137e-05,0.00014958535030018538,0.0008726207888685167,0.0041838702745735645,0.018461521714925766,0.08867581188678741,0.5,0.5,1.0,1.0
6,1840,25000,0.26665645837783813,0.37366968393325806,9.99999905104687e-09,1.0,9.99999905104687e-09,1.534899274702184e-05,0.00015023276500869542,0.0008772056316956878,0.004187356680631638,0.018600720912218094,0.08888378739356995,0.5,0.5,1.0,1.0
6,1850,25000,0.26656073331832886,0.3737359046936035,9.99999905104687e-09,1.0,9.99999905104687e-09,1.5469762729480863e-05,0.0001520244259154424,0.0008682158659212291,0.0041772122494876385,0.018537212163209915,0.08791345357894897,0.5,0.5,1.0,1.0
6,1860,25000,0.26668214797973633,0.3737068474292755,9.99999905104687e-09,1.0,9.99999905104687e-09,1.536413219582755e-05,0.00015167295350693166,0.0008761775097809732,0.004162314347922802,0.018659573048353195,0.08815466612577438,0.5,0.5,1.0,1.0
6,1870,25000,0.2666526436805725,0.37375277280807495,9.99999905104687e-09,1.0,9.99999905104687e-09,1.525284824310802e-05,0.00015150530089158565,0.0008660287130624056,0.0041454872116446495,0.018419817090034485,0.08784294873476028,0.5,0.5,1.0,1.0
6,1880,25000,0.26672983169555664,0.3737165927886963,9.99999905104687e-09,1.0,9.99999905104687e-09,1.5306115528801456e-05,0.00015176845772657543,0.000875959696713835,0.004176274873316288,0.018515631556510925,0.08863194286823273,0.5,0.5,1.0,1.0
6,1890,25000,0.2667273283004761,0.37371665239334106,9.99999905104687e-09,1.0,9.99999905104687e-09,1.5549814634141512e-05,0.0001522141828900203,0.0008689901442267001,0.004187623970210552,0.018538059666752815,0.08870250731706619,0.5,0.5,1.0,1.0
6,1900,25000,0.2666845917701721,0.3737230598926544,9.99999905104687e-09,1.0,9.99999905104687e-09,1.5141891708481126e-05,0.0001510182919446379,0.0008725832449272275,0.004165986552834511,0.018597010523080826,0.0882478728890419,0.5,0.5,1.0,1.0
6,1910,25000,0.26662930846214294,0.3737141788005829,9.99999905104687e-09,1.0,9.99999905104687e-09,1.5289355360437185e-05,0.00015172097482718527,0.0008738097967579961,0.004188509192317724,0.01851372979581356,0.08803414553403854,0.5,0.5,1.0,1.0
6,1920,25000,0.26677751541137695,0.3737371265888214,9.99999905104687e-09,1.0,9.99999905104687e-09,1.516997508588247e-05,0.0001520891673862934,0.0008663773769512773,0.00417112885043025,0.01862409897148609,0.08861510455608368,0.5,0.5,1.0,1.0
6,1930,25000,0.26661384105682373,0.3737635016441345,9.99999905104687e-09,1.0,9.99999905104687e-09,1.5334786439780146e-05,0.0001509278517914936,0.0008764539961703122,0.0041892798617482185,0.018484562635421753,0.08782236278057098,0.5,0.5,1.0,1.0
6,1940,25000,0.26660242676734924,0.3737052083015442,9.99999905104687e-09,1.0,9.99999905104687e-09,1.5353116395999677e-05,0.00015058931603562087,0.0008793343440629542,0.0041771638207137585,0.01839470863342285,0.0879453644156456,0.5,0.5,1.0,1.0
6,1950,25000,0.26667121052742004,0.3737121820449829,9.99999905104687e-09,1.0,9.99999905104687e-09,1.5425996025442146e-05,0.00015163524949457496,0.0008735537994652987,0.004181398544460535,0.01873070001602173,0.08814395219087601,0.5,0.5,1.0,1.0
6,1960,25000,0.2667138874530792,0.3737357258796692,9.99999905104687e-09,1.0,9.99999905104687e-09,1.5171896848187316e-05,0.00015117712609935552,0.0008702186169102788,0.004171024076640606,0.018468260765075684,0.08865375071763992,0.5,0.5,1.0,1.0
6,1970,25000,0.2667294442653656,0.3737433850765228,9.99999905104687e-09,1.0,9.99999905104687e-09,1.536400850454811e-05,0.00015339715173467994,0.0008778429473750293,0.004172892775386572,0.018616758286952972,0.08875966817140579,0.5,0.5,1.0,1.0
6,1980,25000,0.2666398286819458,0.3737247884273529,9.99999905104687e-09,1.0,9.99999905104687e-09,1.524641083960887e-05,0.0001515918120276183,0.0008695279830135405,0.004193973261862993,0.01873326301574707,0.08817747980356216,0.5,0.5,1.0,1.0
6,1990,25000,0.2665853500366211,0.3737153708934784,9.99999905104687e-09,1.0,9.99999905104687e-09,1.5327792425523512e-05,0.00015071302186697721,0.0008742903592064977,0.004153760615736246,0.018413372337818146,0.08740609884262085,0.5,0.5,1.0,1.0
6,2000,25000,0.26662564277648926,0.3737148642539978,9.99999905104687e-09,1.0,9.99999905104687e-09,1.5264049579855055e-05,0.00015273349708877504,0.0008759679039940238,0.004189920611679554,0.018412996083498,0.0884304791688919,0.5,0.5,1.0,1.0
6,2010,25000,0.266583114862442,0.37370797991752625,9.99999905104687e-09,1.0,9.99999905104687e-09,1.5277115380740725e-05,0.00015284327673725784,0.0008696035365574062,0.004181782715022564,0.01850000023841858,0.08854976296424866,0.5,0.5,1.0,1.0
6,2020,25000,0.26667892932891846,0.37372666597366333,9.99999905104687e-09,1.0,9.99999905104687e-09,1.533346039650496e-05,0.00015099794836714864,0.0008713710121810436,0.004175799433141947,0.018478289246559143,0.0882667824625969,0.5,0.5,1.0,1.0
6,2030,25000,0.2666909396648407,0.37368807196617126,9.99999905104687e-09,1.0,9.99999905104687e-09,1.52757693285821e-05,0.0001515612384537235,0.0008702233317308128,0.00419957097619772,0.01861097849905491,0.08889292925596237,0.5,0.5,1.0,1.0
6,2040,25000,0.2666897475719452,0.37371671199798584,9.99999905104687e-09,1.0,9.99999905104687e-09,1.519267516414402e-05,0.0001515988988103345,0.000878245453350246,0.004198511131107807,0.018664062023162842,0.0884888619184494,0.5,0.5,1.0,1.0
6,2050,25000,0.2666953504085541,0.3737196624279022,9.99999905104687e-09,1.0,9.99999905104687e-09,1.5243402231135406e-05,0.00015058828284963965,0.0008689118549227715,0.004129278939217329,0.01853444054722786,0.0886843353509903,0.5,0.5,1.0,1.0
6,2060,25000,0.26670148968696594,0.37372738122940063,9.99999905104687e-09,1.0,9.99999905104687e-09,1.5182755305431783e-05,0.0001516144402557984,0.0008740555495023727,0.004196737892925739,0.018509671092033386,0.08819078654050827,0.5,0.5,1.0,1.0
6,2070,25000,0.266634464263916,0.37374478578567505,9.99999905104687e-09,1.0,9.99999905104687e-09,1.526584310340695e-05,0.00015156938752625138,0.0008643698529340327,0.00421163160353899,0.018585948273539543,0.0887325182557106,0.5,0.5,1.0,1.0
6,2080,25000,0.2666875123977661,0.37371519207954407,9.99999905104687e-09,1.0,9.99999905104687e-09,1.5177134628174827e-05,0.00015120588068384677,0.0008729072287678719,0.004170402884483337,0.018621496856212616,0.08878783881664276,0.5,0.5,1.0,1.0
6,2090,25000,0.2666510343551636,0.37376511096954346,9.99999905104687e-09,1.0,9.99999905104687e-09,1.5146129044296686e-05,0.00015096097195055336,0.0008673735428601503,0.0041718874126672745,0.018528223037719727,0.08840124309062958,0.5,0.5,1.0,1.0
6,2100,25000,0.2667153477668762,0.37372079491615295,9.99999905104687e-09,1.0,9.99999905104687e-09,1.5106619684956968e-05,0.00015209555567707866,0.0008760158671066165,0.004181897267699242,0.018539324402809143,0.0886225774884224,0.5,0.5,1.0,1.0
6,2110,25000,0.2666418254375458,0.37373635172843933,9.99999905104687e-09,1.0,9.99999905104687e-09,1.5229436939989682e-05,0.0001521437952760607,0.0008706470835022628,0.0041611636988818645,0.018425820395350456,0.08843008428812027,0.5,0.5,1.0,1.0
6,2120,25000,0.26671671867370605,0.37375354766845703,9.99999905104687e-09,1.0,9.99999905104687e-09,1.5239396816468798e-05,0.0001509416033513844,0.0008671203395351768,0.00416344590485096,0.01854267530143261,0.08894096314907074,0.5,0.5,1.0,1.0
6,2130,25000,0.26668277382850647,0.37376663088798523,9.99999905104687e-09,1.0,9.99999905104687e-09,1.5332816474256106e-05,0.00015287312271539122,0.0008724813815206289,0.0041396282613277435,0.018668225035071373,0.08871185034513474,0.5,0.5,1.0,1.0
6,2140,25000,0.26669177412986755,0.3737280070781708,9.99999905104687e-09,1.0,9.99999905104687e-09,1.50633395605837e-05,0.00015177435125224292,0.0008694039424881339,0.004165776539593935,0.018629958853125572,0.08881332725286484,0.5,0.5,1.0,1.0
6,2150,25000,0.26665356755256653,0.37367552518844604,9.99999905104687e-09,1.0,9.99999905104687e-09,1.5297209756681696e-05,0.00015198500477708876,0.0008672607364133,0.004162944387644529,0.018696852028369904,0.08858074992895126,0.5,0.5,1.0,1.0
6,2160,25000,0.26668745279312134,0.37374261021614075,9.99999905104687e-09,1.0,9.99999905104687e-09,1.5277368220267817e-05,0.00015094575064722449,0.0008737423340789974,0.0041650026105344296,0.018512476235628128,0.08900301158428192,0.5,0.5,1.0,1.0
6,2170,25000,0.26670852303504944,0.3737293481826782,9.99999905104687e-09,1.0,9.99999905104687e-09,1.5417284885188565e-05,0.000153292014147155,0.0008702221675775945,0.004191117361187935,0.01853642612695694,0.08892641216516495,0.5,0.5,1.0,1.0
6,2180,25000,0.26673662662506104,0.3737334609031677,9.99999905104687e-09,1.0,9.99999905104687e-09,1.5409181287395768e-05,0.00015133169654291123,0.0008677061414346099,0.0041666957549750805,0.018604662269353867,0.08852218836545944,0.5,0.5,1.0,1.0
6,2190,25000,0.266666978597641,0.37374839186668396,9.99999905104687e-09,1.0,9.99999905104687e-09,1.5114678717509378e-05,0.00015140356845222414,0.0008712921408005059,0.004154508002102375,0.01858525350689888,0.0875130295753479,0.5,0.5,1.0,1.0
6,2200,25000,0.26658010482788086,0.373748242855072,9.99999905104687e-09,1.0,9.99999905104687e-09,1.510389665781986e-05,0.00015112241089809686,0.0008680253522470593,0.004148921463638544,0.018540002405643463,0.08803042024374008,0.5,0.5,1.0,1.0
6,2210,25000,0.2667137384414673,0.3737023174762726,9.99999905104687e-09,1.0,9.99999905104687e-09,1.5260842701536603e-05,0.00015106397040653974,0.00087428477127105,0.004189036320894957,0.01866103522479534,0.08839147537946701,0.5,0.5,1.0,1.0
6,2220,25000,0.26661816239356995,0.37372130155563354,9.99999905104687e-09,1.0,9.99999905104687e-09,1.5159173017309513e-05,0.0001522399834357202,0.000877107959240675,0.004168463870882988,0.0185917429625988,0.08743076771497726,0.5,0.5,1.0,1.0
6,2230,25000,0.2666926681995392,0.3737093210220337,9.99999905104687e-09,1.0,9.99999905104687e-09,1.5314424672396854e-05,0.00015201895439531654,0.0008804913959465921,0.004177820403128862,0.018718965351581573,0.08850611001253128,0.5,0.5,1.0,1.0
6,2240,25000,0.2666984796524048,0.37374183535575867,9.99999905104687e-09,1.0,9.99999905104687e-09,1.5243373127304949e-05,0.00015116743452381343,0.0008735331939533353,0.004138094838708639,0.018521498888731003,0.08854935318231583,0.5,0.5,1.0,1.0
6,2250,25000,0.26667314767837524,0.3737260401248932,9.99999905104687e-09,1.0,9.99999905104687e-09,1.5316867575165816e-05,0.00015281882951967418,0.0008745570667088032,0.004149651620537043,0.01849704049527645,0.08834125101566315,0.5,0.5,1.0,1.0
6,2260,25000,0.26671621203422546,0.3737407922744751,9.99999905104687e-09,1.0,9.99999905104687e-09,1.5174152395047713e-05,0.0001519374636700377,0.0008685136563144624,0.004174620844423771,0.01869606226682663,0.08830508589744568,0.5,0.5,1.0,1.0
6,2270,25000,0.26660969853401184,0.37372657656669617,9.99999905104687e-09,1.0,9.99999905104687e-09,1.5230111785058398e-05,0.00015370768960565329,0.0008765757665969431,0.00415639067068696,0.018623948097229004,0.08835290372371674,0.5,0.5,1.0,1.0
6,2280,25000,0.26676875352859497,0.37375742197036743,9.99999905104687e-09,1.0,9.99999905104687e-09,1.5467236153199337e-05,0.00015077023999765515,0.0008727745735086501,0.004188882652670145,0.01859477162361145,0.08860651403665543,0.5,0.5,1.0,1.0
6,2290,25000,0.26665037870407104,0.3737602233886719,9.99999905104687e-09,1.0,9.99999905104687e-09,1.5415767848026007e-05,0.00015085320046637207,0.0008660957682877779,0.004144594538956881,0.018600307404994965,0.08785870671272278,0.5,0.5,1.0,1.0
6,2300,25000,0.26661747694015503,0.373738557100296,9.99999905104687e-09,1.0,9.99999905104687e-09,1.5180638911260758e-05,0.00015163890202529728,0.000872960255946964,0.0041415998712182045,0.018495995551347733,0.08834552019834518,0.5,0.5,1.0,1.0
6,2310,25000,0.2666677236557007,0.37372684478759766,9.99999905104687e-09,1.0,9.99999905104687e-09,1.5423118384205736e-05,0.00015184309449978173,0.0008787132101133466,0.004154497757554054,0.018705666065216064,0.08865339308977127,0.5,0.5,1.0,1.0
6,2320,25000,0.2666609585285187,0.3737858235836029,9.99999905104687e-09,1.0,9.99999905104687e-09,1.545289887872059e-05,0.00015300493396352977,0.0008717418531887233,0.004154824186116457,0.01861630380153656,0.08855894207954407,0.5,0.5,1.0,1.0
6,2330,25000,0.26658934354782104,0.37372714281082153,9.99999905104687e-09,1.0,9.99999905104687e-09,1.523405808256939e-05,0.00015090717351995409,0.0008644795743748546,0.00420362176373601,0.018520154058933258,0.0884222611784935,0.5,0.5,1.0,1.0
6,2340,25000,0.26665830612182617,0.3737364709377289,9.99999905104687e-09,1.0,9.99999905104687e-09,1.5188493307505269e-05,0.0001516513293609023,0.0008704197825863957,0.004168597050011158,0.018592633306980133,0.08793718367815018,0.5,0.5,1.0,1.0
6,2350,25000,0.2667182385921478,0.3737480938434601,9.99999905104687e-09,1.0,9.99999905104687e-09,1.5147260455705691e-05,0.00015091919340193272,0.000869251205585897,0.004223785828799009,0.01851644366979599,0.08868169039487839,0.5,0.5,1.0,1.0
6,2360,25000,0.2667441666126251,0.3737131357192993,9.99999905104687e-09,1.0,9.99999905104687e-09,1.5350020476034842e-05,0.00015223718946799636,0.0008831371669657528,0.0041575306095182896,0.01867077127099037,0.08921131491661072,0.5,0.5,1.0,1.0
6,2370,25000,0.26666271686553955,0.37374159693717957,9.99999905104687e-09,1.0,9.99999905104687e-09,1.5284882465493865e-05,0.00015147482918109745,0.0008779321215115488,0.004198976326733828,0.01857033371925354,0.0886135920882225,0.5,0.5,1.0,1.0
6,2380,25000,0.26662540435791016,0.37371647357940674,9.99999905104687e-09,1.0,9.99999905104687e-09,1.5011264622444287e-05,0.00015213787264656276,0.0008701112237758934,0.004146063234657049,0.018610190600156784,0.08841873705387115,0.5,0.5,1.0,1.0
6,2390,25000,0.2666455805301666,0.3737465739250183,9.99999905104687e-09,1.0,9.99999905104687e-09,1.536845593363978e-05,0.00015249181888066232,0.0008686467190273106,0.004132409580051899,0.01861916109919548,0.08818218111991882,0.5,0.5,1.0,1.0
6,2400,25000,0.26669225096702576,0.3737536072731018,9.99999905104687e-09,1.0,9.99999905104687e-09,1.520860314485617e-05,0.00015057987184263766,0.0008683414780534804,0.004183853045105934,0.018577391281723976,0.08850216865539551,0.5,0.5,1.0,1.0
6,2410,25000,0.26664960384368896,0.3737465739250183,9.99999905104687e-09,1.0,9.99999905104687e-09,1.5405526937684044e-05,0.0001502047962276265,0.0008742748177610338,0.00412057526409626,0.018697522580623627,0.0884852409362793,0.5,0.5,1.0,1.0
6,2420,25000,0.2666909396648407,0.37372341752052307,9.99999905104687e-09,1.0,9.99999905104687e-09,1.5314501069951802e-05,0.00015248764248099178,0.0008719969191588461,0.0041623180732131,0.018576625734567642,0.08849437534809113,0.5,0.5,1.0,1.0
6,2430,25000,0.2666957676410675,0.37373536825180054,9.99999905104687e-09,1.0,9.99999905104687e-09,1.542207974125631e-05,0.00015148692182265222,0.0008681208710186183,0.004158024676144123,0.018626835197210312,0.08900737017393112,0.5,0.5,1.0,1.0
6,2440,25000,0.2666061818599701,0.3737085163593292,9.99999905104687e-09,1.0,9.99999905104687e-09,1.542039171908982e-05,0.00015123766206670552,0.000874348625075072,0.00416901707649231,0.0186472050845623,0.08851733803749084,0.5,0.5,1.0,1.0
6,2450,25000,0.2666674554347992,0.3737398386001587,9.99999905104687e-09,1.0,9.99999905104687e-09,1.5320858437917195e-05,0.00015234579041134566,0.0008771969005465508,0.004152744077146053,0.018470007926225662,0.08821724355220795,0.5,0.5,1.0,1.0
6,2460,25000,0.2666170597076416,0.3737069070339203,9.99999905104687e-09,1.0,9.99999905104687e-09,1.543076359666884e-05,0.00015204084047582,0.0008764325175434351,0.004179265815764666,0.018624786287546158,0.08805882930755615,0.5,0.5,1.0,1.0
6,2470,25000,0.266623318195343,0.37369292974472046,9.99999905104687e-09,1.0,9.99999905104687e-09,1.5253470337484032e-05,0.00015087996143847704,0.0008794090826995671,0.0041778916493058205,0.018557967618107796,0.08896758407354355,0.5,0.5,1.0,1.0
6,2480,25000,0.26665207743644714,0.3737340569496155,9.99999905104687e-09,1.0,9.99999905104687e-09,1.5358400560216978e-05,0.00015274800534825772,0.0008773051667958498,0.004178010392934084,0.018548432737588882,0.08842620998620987,0.5,0.5,1.0,1.0
6,2490,25000,0.26667648553848267,0.373688280582428,9.99999905104687e-09,1.0,9.99999905104687e-09,1.5297475329134613e-05,0.00015049957437440753,0.0008699010359123349,0.004169019404798746,0.018671436235308647,0.08907030522823334,0.5,0.5,1.0,1.0
6,2500,25000,0.26668667793273926,0.3737892210483551,9.99999905104687e-09,1.0,9.99999905104687e-09,1.5269819414243102e-05,0.0001534446346340701,0.0008735994342714548,0.0041443901136517525,0.018581245094537735,0.08845294266939163,0.5,0.5,1.0,1.0
6,2510,25000,0.2666686773300171,0.37370604276657104,9.99999905104687e-09,1.0,9.99999905104687e-09,1.5255110156431329e-05,0.00015236844774335623,0.0008760491036809981,0.004183296114206314,0.01853354647755623,0.08853116631507874,0.5,0.5,1.0,1.0
6,2520,25000,0.26662421226501465,0.3737587332725525,9.99999905104687e-09,1.0,9.99999905104687e-09,1.5266710761352442e-05,0.00015110023377928883,0.0008768401457928121,0.0042446027509868145,0.01859683357179165,0.08766306936740875,0.5,0.5,1.0,1.0
6,2530,25000,0.2666860818862915,0.37371617555618286,9.99999905104687e-09,1.0,9.99999905104687e-09,1.525516199762933e-05,0.00015078505384735763,0.0008737213793210685,0.004180212505161762,0.018503516912460327,0.0884777307510376,0.5,0.5,1.0,1.0
6,2540,25000,0.2666546404361725,0.37373021245002747,9.99999905104687e-09,1.0,9.99999905104687e-09,1.5189286386885215e-05,0.00015100369637366384,0.0008727710228413343,0.00416150875389576,0.01861562207341194,0.08829719573259354,0.5,0.5,1.0,1.0
6,2550,25000,0.26662614941596985,0.3737051486968994,9.99999905104687e-09,1.0,9.99999905104687e-09,1.5315445125452243e-05,0.0001511024311184883,0.0008703888161107898,0.0041594370268285275,0.01855342835187912,0.08819962292909622,0.5,0.5,1.0,1.0
6,2560,25000,0.2667017877101898,0.37375447154045105,9.99999905104687e-09,1.0,9.99999905104687e-09,1.5300758605008014e-05,0.00015173701103776693,0.0008701038896106184,0.004166983067989349,0.01850247196853161,0.08812118321657181,0.5,0.5,1.0,1.0
6,2570,25000,0.2666928470134735,0.3737315237522125,9.99999905104687e-09,1.0,9.99999905104687e-09,1.5500352674280293e-05,0.00015077978605404496,0.0008705152431502938,0.004147008527070284,0.018496302887797356,0.08847074210643768,0.5,0.5,1.0,1.0
6,2580,25000,0.26670166850090027,0.3737174868583679,9.99999905104687e-09,1.0,9.99999905104687e-09,1.5050225556478836e-05,0.00015165144577622414,0.0008746925159357488,0.004173402674496174,0.01861369051039219,0.08787959814071655,0.5,0.5,1.0,1.0
6,2590,25000,0.26670101284980774,0.37369245290756226,9.99999905104687e-09,1.0,9.99999905104687e-09,1.5202045688056387e-05,0.00015239922504406422,0.0008706070948392153,0.004150026012212038,0.01851513795554638,0.08881396800279617,0.5,0.5,1.0,1.0
6,2600,25000,0.2666569948196411,0.37372153997421265,9.99999905104687e-09,1.0,9.99999905104687e-09,1.5226225514197722e-05,0.0001496987824793905,0.0008809291175566614,0.004214813932776451,0.018603987991809845,0.0884876549243927,0.5,0.5,1.0,1.0
6,2610,25000,0.2667122781276703,0.37374940514564514,9.99999905104687e-09,1.0,9.99999905104687e-09,1.5279403669410385e-05,0.00015232540317811072,0.0008687921799719334,0.004164908081293106,0.018548937514424324,0.0886823907494545,0.5,0.5,1.0,1.0
6,2620,25000,0.26667195558547974,0.3737337589263916,9.99999905104687e-09,1.0,9.99999905104687e-09,1.5116735085030086e-05,0.00015168151003308594,0.0008776141912676394,0.004155358765274286,0.018573012202978134,0.088220976293087,0.5,0.5,1.0,1.0
6,2630,25000,0.2666575610637665,0.3737359344959259,9.99999905104687e-09,1.0,9.99999905104687e-09,1.526122650830075e-05,0.0001521470840089023,0.0008688180241733789,0.004166790284216404,0.018531903624534607,0.08868032693862915,0.5,0.5,1.0,1.0
6,2640,25000,0.26666149497032166,0.3737626075744629,9.99999905104687e-09,1.0,9.99999905104687e-09,1.5340307072619908e-05,0.000150933803524822,0.0008777466136962175,0.004189789295196533,0.01865021139383316,0.08836053311824799,0.5,0.5,1.0,1.0
6,2650,25000,0.26671069860458374,0.3737499415874481,9.99999905104687e-09,1.0,9.99999905104687e-09,1.537270327389706e-05,0.00015215249732136726,0.0008712034905329347,0.004162161145359278,0.01852405071258545,0.0881800577044487,0.5,0.5,1.0,1.0
6,2660,25000,0.26667994260787964,0.3737596273422241,9.99999905104687e-09,1.0,9.99999905104687e-09,1.5297928257496096e-05,0.00015129486564546824,0.0008718747412785888,0.004162232391536236,0.018610209226608276,0.0885872170329094,0.5,0.5,1.0,1.0
6,2670,25000,0.26668569445610046,0.37373989820480347,9.99999905104687e-09,1.0,9.99999905104687e-09,1.521863759990083e-05,0.00015198862820398062,0.0008666464709676802,0.004150452092289925,0.01851779595017433,0.08810995519161224,0.5,0.5,1.0,1.0
6,2680,25000,0.266668438911438,0.37372785806655884,9.99999905104687e-09,1.0,9.99999905104687e-09,1.5340112440753728e-05,0.00015110320236999542,0.0008703210041858256,0.004182268399745226,0.01858258619904518,0.08852377533912659,0.5,0.5,1.0,1.0
6,2690,25000,0.2666991949081421,0.3737389147281647,9.99999905104687e-09,1.0,9.99999905104687e-09,1.5501422240049578e-05,0.00015309290029108524,0.0008765478851273656,0.004178410395979881,0.018687834963202477,0.08818814903497696,0.5,0.5,1.0,1.0
6,2700,25000,0.2667613923549652,0.37378594279289246,9.99999905104687e-09,1.0,9.99999905104687e-09,1.5379553587990813e-05,0.00015184911899268627,0.0008690812392160296,0.004183095879852772,0.018587151542305946,0.08885671198368073,0.5,0.5,1.0,1.0
6,2710,25000,0.2666555345058441,0.3737294673919678,9.99999905104687e-09,1.0,9.99999905104687e-09,1.5268440620275214e-05,0.00014910980826243758,0.0008773519075475633,0.004195528104901314,0.01862800121307373,0.08829329162836075,0.5,0.5,1.0,1.0
6,2720,25000,0.2666204273700714,0.3737083375453949,9.99999905104687e-09,1.0,9.99999905104687e-09,1.5220804925775155e-05,0.00015177826571743935,0.0008707570377737284,0.004116240888834,0.018580663949251175,0.08869712054729462,0.5,0.5,1.0,1.0
6,2730,25000,0.2667313814163208,0.3737492263317108,9.99999905104687e-09,1.0,9.99999905104687e-09,1.535229239379987e-05,0.00015130243264138699,0.0008692791452631354,0.00413592578843236,0.018601855263113976,0.08833172917366028,0.5,0.5,1.0,1.0
6,2740,25000,0.2667217254638672,0.3737763464450836,9.99999905104687e-09,1.0,9.99999905104687e-09,1.5447772966581397e-05,0.00015179504407569766,0.000875696714501828,0.004193422384560108,0.01868271268904209,0.0883810892701149,0.5,0.5,1.0,1.0
6,2750,25000,0.26667582988739014,0.3737572431564331,9.99999905104687e-09,1.0,9.99999905104687e-09,1.544887163618114e-05,0.00015010032802820206,0.0008744742372073233,0.0041389185935258865,0.018512558192014694,0.08795780688524246,0.5,0.5,1.0,1.0
6,2760,25000,0.26668819785118103,0.3737691044807434,9.99999905104687e-09,1.0,9.99999905104687e-09,1.5208892364171334e-05,0.0001518625795142725,0.0008668042719364166,0.0041249822825193405,0.018579166382551193,0.08826806396245956,0.5,0.5,1.0,1.0
6,2770,25000,0.2667584717273712,0.3737916052341461,9.99999905104687e-09,1.0,9.99999905104687e-09,1.5171511222433764e-05,0.00015029551286716014,0.0008725975058041513,0.004162898752838373,0.01857071928679943,0.08837539702653885,0.5,0.5,1.0,1.0
6,2780,25000,0.2667025923728943,0.3737334609031677,9.99999905104687e-09,1.0,9.99999905104687e-09,1.5124849596759304e-05,0.00015034111856948584,0.0008660620078444481,0.00415003439411521,0.018609024584293365,0.08883275836706161,0.5,0.5,1.0,1.0
6,2790,25000,0.2666860818862915,0.37374886870384216,9.99999905104687e-09,1.0,9.99999905104687e-09,1.5237064872053452e-05,0.00015114036796148866,0.0008705528452992439,0.004167818930000067,0.01849936507642269,0.08816347271203995,0.5,0.5,1.0,1.0
6,2800,25000,0.2666241526603699,0.37372854351997375,9.99999905104687e-09,1.0,9.99999905104687e-09,1.5170700862654485e-05,0.00015172841085586697,0.0008728496031835675,0.0041533843614161015,0.018413832411170006,0.08835220336914062,0.5,0.5,1.0,1.0
6,2810,25000,0.26669880747795105,0.37373778223991394,9.99999905104687e-09,1.0,9.99999905104687e-09,1.5320587408496067e-05,0.00015188916586339474,0.0008719402248971164,0.004211396910250187,0.01855999231338501,0.08848616480827332,0.5,0.5,1.0,1.0
6,2820,25000,0.26665055751800537,0.3737424612045288,9.99999905104687e-09,1.0,9.99999905104687e-09,1.5343041013693437e-05,0.00015250364958774298,0.0008720296318642795,0.004177939146757126,0.018613643944263458,0.08864757418632507,0.5,0.5,1.0,1.0
6,2830,25000,0.2666561007499695,0.37376728653907776,9.99999905104687e-09,1.0,9.99999905104687e-09,1.531216548755765e-05,0.00015173702558968216,0.0008719738689251244,0.004165582358837128,0.01835925504565239,0.08831308037042618,0.5,0.5,1.0,1.0
6,2840,25000,0.2666715383529663,0.3737103044986725,9.99999905104687e-09,1.0,9.99999905104687e-09,1.533797876618337e-05,0.00015030938084237278,0.0008704671636223793,0.004183728247880936,0.01856781542301178,0.08832377195358276,0.5,0.5,1.0,1.0
6,2850,25000,0.2667597234249115,0.3737688660621643,9.99999905104687e-09,1.0,9.99999905104687e-09,1.533417344035115e-05,0.0001511820446467027,0.0008714800933375955,0.004207502119243145,0.01862546056509018,0.08878929913043976,0.5,0.5,1.0,1.0
6,2860,25000,0.26668858528137207,0.37373265624046326,9.99999905104687e-09,1.0,9.99999905104687e-09,1.5532303223153576e-05,0.00015194504521787167,0.000868113012984395,0.004143192432820797,0.018492531031370163,0.08838784694671631,0.5,0.5,1.0,1.0
6,2870,25000,0.26656538248062134,0.37373116612434387,9.99999905104687e-09,1.0,9.99999905104687e-09,1.541871824883856e-05,0.00015159470785874873,0.0008711838163435459,0.0041878060437738895,0.018569208681583405,0.08812625706195831,0.5,0.5,1.0,1.0
6,2880,25000,0.26668494939804077,0.3737174868583679,9.99999905104687e-09,1.0,9.99999905104687e-09,1.5315847122110426e-05,0.0001506285188952461,0.0008674383861944079,0.004131350666284561,0.01856064796447754,0.08848436921834946,0.5,0.5,1.0,1.0
6,2890,25000,0.26671937108039856,0.37375783920288086,9.99999905104687e-09,1.0,9.99999905104687e-09,1.5464032912859693e-05,0.00015215258463285863,0.0008650572272017598,0.004173957277089357,0.018634825944900513,0.08837813138961792,0.5,0.5,1.0,1.0
6,2900,25000,0.2666690945625305,0.37376388907432556,9.99999905104687e-09,1.0,9.99999905104687e-09,1.5326391803682782e-05,0.00015027562039904296,0.0008743638172745705,0.004161928780376911,0.01853364333510399,0.08814524114131927,0.5,0.5,1.0,1.0
6,2910,25000,0.2665451169013977,0.37374189496040344,9.99999905104687e-09,1.0,9.99999905104687e-09,1.528800385131035e-05,0.00015211863501463085,0.0008720190962776542,0.0041740951128304005,0.018576718866825104,0.0878257304430008,0.5,0.5,1.0,1.0
6,2920,25000,0.26664647459983826,0.37375202775001526,9.99999905104687e-09,1.0,9.99999905104687e-09,1.5215353414532728e-05,0.00015098117000889033,0.0008690205286256969,0.00415433943271637,0.01853044703602791,0.08830014616250992,0.5,0.5,1.0,1.0
6,2930,25000,0.2667178809642792,0.373733252286911,9.99999905104687e-09,1.0,9.99999905104687e-09,1.531969610368833e-05,0.000151694257510826,0.0008698654128238559,0.004173560533672571,0.018389467149972916,0.0882963091135025,0.5,0.5,1.0,1.0
6,2940,25000,0.2666471302509308,0.37376877665519714,9.99999905104687e-09,1.0,9.99999905104687e-09,1.5199830158962868e-05,0.0001511060690972954,0.0008646514033898711,0.004167316481471062,0.018480908125638962,0.08897218853235245,0.5,0.5,1.0,1.0
6,2950,25000,0.26664283871650696,0.37376800179481506,9.99999905104687e-09,1.0,9.99999905104687e-09,1.52507864186191e-05,0.00015203937073238194,0.0008734700386412442,0.004244774114340544,0.01866339147090912,0.08797375112771988,0.5,0.5,1.0,1.0
6,2960,25000,0.2666163444519043,0.37372255325317383,9.99999905104687e-09,1.0,9.99999905104687e-09,1.5230523786158301e-05,0.00015070037625264376,0.0008689066744409502,0.004177551716566086,0.01847393624484539,0.08840243518352509,0.5,0.5,1.0,1.0
6,2970,25000,0.2666681110858917,0.37376776337623596,9.99999905104687e-09,1.0,9.99999905104687e-09,1.5257128325174563e-05,0.00015079701552167535,0.0008710491820238531,0.004171458538621664,0.01853952556848526,0.08799539506435394,0.5,0.5,1.0,1.0
6,2980,25000,0.266757071018219,0.37371352314949036,9.99999905104687e-09,1.0,9.99999905104687e-09,1.5229187738441397e-05,0.00015330096357502043,0.0008768020197749138,0.004185990896075964,0.018623780459165573,0.08940750360488892,0.5,0.5,1.0,1.0
6,2990,25000,0.26661384105682373,0.37373605370521545,9.99999905104687e-09,1.0,9.99999905104687e-09,1.537391472083982e-05,0.0001508294080849737,0.0008646827773191035,0.004179812502115965,0.018466774374246597,0.08845119923353195,0.5,0.5,1.0,1.0
6,3000,25000,0.266679048538208,0.37372466921806335,9.99999905104687e-09,1.0,9.99999905104687e-09,1.5415695088449866e-05,0.00015267547860275954,0.000873460725415498,0.004176680464297533,0.018674548715353012,0.08862049132585526,0.5,0.5,1.0,1.0
6,3010,25000,0.266674667596817,0.3737802505493164,9.99999905104687e-09,1.0,9.99999905104687e-09,1.5246517250488978e-05,0.00015191308921203017,0.0008749226108193398,0.004171926062554121,0.01870158314704895,0.08885392546653748,0.5,0.5,1.0,1.0
6,3020,25000,0.2666706144809723,0.3737124800682068,9.99999905104687e-09,1.0,9.99999905104687e-09,1.5264977264450863e-05,0.00015134915884118527,0.0008735814481042325,0.004149596206843853,0.018560850992798805,0.08818898350000381,0.5,0.5,1.0,1.0
6,3030,25000,0.2666734755039215,0.3737786114215851,9.99999905104687e-09,1.0,9.99999905104687e-09,1.5302366591640748e-05,0.00015115467249415815,0.0008720277110114694,0.004180356860160828,0.018578285351395607,0.08831517398357391,0.5,0.5,1.0,1.0
6,3040,25000,0.2666005492210388,0.37376493215560913,9.99999905104687e-09,1.0,9.99999905104687e-09,1.5225738025037572e-05,0.00015143307973630726,0.0008714733994565904,0.00419735349714756,0.018646903336048126,0.08779668062925339,0.5,0.5,1.0,1.0
6,3050,25000,0.2666587829589844,0.3737511932849884,9.99999905104687e-09,1.0,9.99999905104687e-09,1.5370054825325496e-05,0.00015123127377592027,0.0008698003948666155,0.004179751500487328,0.018491657450795174,0.08865328133106232,0.5,0.5,1.0,1.0
6,3060,25000,0.2666890323162079,0.3737351596355438,9.99999905104687e-09,1.0,9.99999905104687e-09,1.5135016838030424e-05,0.00015103555051609874,0.0008690464310348034,0.0041889906860888,0.018539942800998688,0.08825595676898956,0.5,0.5,1.0,1.0
6,3070,25000,0.2666776180267334,0.37373194098472595,9.99999905104687e-09,1.0,9.99999905104687e-09,1.5319235899369232e-05,0.00015165873628575355,0.0008675773278810084,0.0041838111355900764,0.018407512456178665,0.08815063536167145,0.5,0.5,1.0,1.0
6,3080,25000,0.266649454832077,0.37372514605522156,9.99999905104687e-09,1.0,9.99999905104687e-09,1.5312700270442292e-05,0.0001506872067693621,0.0008711323025636375,0.004195068031549454,0.0186360701918602,0.08837469667196274,0.5,0.5,1.0,1.0
6,3090,25000,0.2666551470756531,0.37372922897338867,9.99999905104687e-09,1.0,9.99999905104687e-09,1.5464243915630504e-05,0.00015128667291719466,0.0008807932608760893,0.004163758363574743,0.01861736737191677,0.08876961469650269,0.5,0.5,1.0,1.0
6,3100,25000,0.26666170358657837,0.37375763058662415,9.99999905104687e-09,1.0,9.99999905104687e-09,1.5300487575586885e-05,0.0001516096672276035,0.0008746428065933287,0.004183256067335606,0.018536709249019623,0.08803406357765198,0.5,0.5,1.0,1.0
6,3110,25000,0.266699880361557,0.3737802505493164,9.99999905104687e-09,1.0,9.99999905104687e-09,1.512170820205938e-05,0.00014985645248088986,0.0008635388221591711,0.004150673747062683,0.018547654151916504,0.0885515883564949,0.5,0.5,1.0,1.0
6,3120,25000,0.26667237281799316,0.37373748421669006,9.99999905104687e-09,1.0,9.99999905104687e-09,1.5282075764844194e-05,0.00015106408682186157,0.000870590447448194,0.004164950456470251,0.018637988716363907,0.08814083784818649,0.5,0.5,1.0,1.0
6,3130,25000,0.2667485475540161,0.3737501800060272,9.99999905104687e-09,1.0,9.99999905104687e-09,1.5385894585051574e-05,0.00015292069292627275,0.0008729260298423469,0.004213122185319662,0.01860172674059868,0.08874287456274033,0.5,0.5,1.0,1.0
6,3140,25000,0.2667194604873657,0.373759925365448,9.99999905104687e-09,1.0,9.99999905104687e-09,1.529631481389515e-05,0.0001533343456685543,0.0008805841789580882,0.004165216349065304,0.018630798906087875,0.0885256826877594,0.5,0.5,1.0,1.0
6,3150,25000,0.2666599154472351,0.37375977635383606,9.99999905104687e-09,1.0,9.99999905104687e-09,1.523768423794536e-05,0.00015045198961161077,0.0008725710213184357,0.004180292133241892,0.0184947419911623,0.08813555538654327,0.5,0.5,1.0,1.0
6,3160,25000,0.26675283908843994,0.3737684190273285,9.99999905104687e-09,1.0,9.99999905104687e-09,1.5483148672501557e-05,0.00015054950199555606,0.0008691725670360029,0.0041854591108858585,0.01857895217835903,0.08892223984003067,0.5,0.5,1.0,1.0
6,3170,25000,0.266674667596817,0.3737254738807678,9.99999905104687e-09,1.0,9.99999905104687e-09,1.5513100152020343e-05,0.00015322782564908266,0.0008716442389413714,0.004192262887954712,0.018579281866550446,0.08850633352994919,0.5,0.5,1.0,1.0
6,3180,25000,0.26666414737701416,0.3737611770629883,9.99999905104687e-09,1.0,9.99999905104687e-09,1.5335330317611806e-05,0.00015157503366935998,0.0008681683684699237,0.004151750821620226,0.018352266401052475,0.08846066147089005,0.5,0.5,1.0,1.0
6,3190,25000,0.2666892111301422,0.37376901507377625,9.99999905104687e-09,1.0,9.99999905104687e-09,1.5342484402935952e-05,0.0001509478606749326,0.0008779423660598695,0.00419916957616806,0.018564090132713318,0.08825574815273285,0.5,0.5,1.0,1.0
6,3200,25000,0.2667122781276703,0.3737572729587555,9.99999905104687e-09,1.0,9.99999905104687e-09,1.5240040738717653e-05,0.00015106289356481284,0.0008729755063541234,0.004194488748908043,0.018503602594137192,0.08923319727182388,0.5,0.5,1.0,1.0
6,3210,25000,0.26667922735214233,0.37375953793525696,9.99999905104687e-09,1.0,9.99999905104687e-09,1.535055707790889e-05,0.00015254398749675602,0.0008724104845896363,0.004244019743055105,0.0186145156621933,0.08863181620836258,0.5,0.5,1.0,1.0
6,3220,25000,0.26668068766593933,0.373749703168869,9.99999905104687e-09,1.0,9.99999905104687e-09,1.518192220828496e-05,0.000150863837916404,0.0008698238525539637,0.004206878133118153,0.018530290573835373,0.08852354437112808,0.5,0.5,1.0,1.0
6,3230,25000,0.26663386821746826,0.37375497817993164,9.99999905104687e-09,1.0,9.99999905104687e-09,1.5217875443340745e-05,0.00015073262329678982,0.0008630665251985192,0.004171742592006922,0.01850554347038269,0.08841530978679657,0.5,0.5,1.0,1.0
6,3240,25000,0.2666841745376587,0.37371718883514404,9.99999905104687e-09,1.0,9.99999905104687e-09,1.5318835721700452e-05,0.0001523493992863223,0.0008684990461915731,0.004164352081716061,0.018512126058340073,0.08877691626548767,0.5,0.5,1.0,1.0
6,3250,25000,0.26671287417411804,0.37379977107048035,9.99999905104687e-09,1.0,9.99999905104687e-09,1.5219456145132426e-05,0.00015366256411653012,0.0008704826468601823,0.0041651674546301365,0.018593598157167435,0.08833036571741104,0.5,0.5,1.0,1.0
6,3260,25000,0.2666144371032715,0.3737233579158783,9.99999905104687e-09,1.0,9.99999905104687e-09,1.5174953659879975e-05,0.00015149611863307655,0.0008639679872430861,0.004158751107752323,0.018499620258808136,0.08842620998620987,0.5,0.5,1.0,1.0
6,3270,25000,0.2666429877281189,0.37376266717910767,9.99999905104687e-09,1.0,9.99999905104687e-09,1.5402905773953535e-05,0.00015192519640550017,0.0008709250832907856,0.004134935326874256,0.0186028890311718,0.08791829645633698,0.5,0.5,1.0,1.0
6,3280,25000,0.26673251390457153,0.37377575039863586,9.99999905104687e-09,1.0,9.99999905104687e-09,1.5312265531974845e-05,0.00015177905152086169,0.0008735322044230998,0.00418154476210475,0.018493197858333588,0.08794166892766953,0.5,0.5,1.0,1.0
6,3290,25000,0.2666425108909607,0.37370651960372925,9.99999905104687e-09,1.0,9.99999905104687e-09,1.502664599684067e-05,0.0001519864599686116,0.0008662166655994952,0.00419995142146945,0.0185344647616148,0.08885013312101364,0.5,0.5,1.0,1.0
6,3300,25000,0.26672741770744324,0.37379205226898193,9.99999905104687e-09,1.0,9.99999905104687e-09,1.5391995475511067e-05,0.00015072002133820206,0.0008668765076436102,0.0041741193272173405,0.01855933666229248,0.08807023614645004,0.5,0.5,1.0,1.0
6,3310,25000,0.26684704422950745,0.3737933039665222,9.99999905104687e-09,1.0,9.99999905104687e-09,1.5396451999549754e-05,0.0001507859560661018,0.0008759708143770695,0.004172450862824917,0.01867389678955078,0.08881334960460663,0.5,0.5,1.0,1.0
6,3320,25000,0.26679378747940063,0.37377989292144775,9.99999905104687e-09,1.0,9.99999905104687e-09,1.5368916137958877e-05,0.00015151356637943536,0.0008695407304912806,0.0041618747636675835,0.018537612631917,0.08856305480003357,0.5,0.5,1.0,1.0
6,3330,25000,0.2665849030017853,0.3737224340438843,9.99999905104687e-09,1.0,9.99999905104687e-09,1.5131068721530028e-05,0.00015054825053084642,0.0008797874907031655,0.004188275896012783,0.018674146384000778,0.08827493339776993,0.5,0.5,1.0,1.0
6,3340,25000,0.2666723430156708,0.37377363443374634,9.99999905104687e-09,1.0,9.99999905104687e-09,1.5332903785747476e-05,0.00015144103963393718,0.000871984870173037,0.004169668070971966,0.018552478402853012,0.0884724035859108,0.5,0.5,1.0,1.0
6,3350,25000,0.26668527722358704,0.3737717866897583,9.99999905104687e-09,1.0,9.99999905104687e-09,1.5277186321327463e-05,0.00015148312377277762,0.0008708231034688652,0.004160493146628141,0.018691103905439377,0.08804217725992203,0.5,0.5,1.0,1.0
6,3360,25000,0.26663416624069214,0.37374475598335266,9.99999905104687e-09,1.0,9.99999905104687e-09,1.5298714060918428e-05,0.00015142120537348092,0.0008669834351167083,0.004139121156185865,0.01852097362279892,0.08845990151166916,0.5,0.5,1.0,1.0
6,3370,25000,0.26663076877593994,0.3737547695636749,9.99999905104687e-09,1.0,9.99999905104687e-09,1.5046431144583039e-05,0.0001516281918156892,0.0008721579215489328,0.004174907226115465,0.018590958788990974,0.08803807199001312,0.5,0.5,1.0,1.0
6,3380,25000,0.26669642329216003,0.37374112010002136,9.99999905104687e-09,1.0,9.99999905104687e-09,1.5183067262114491e-05,0.00015178971807472408,0.000869206094648689,0.004166195634752512,0.018647339195013046,0.08908350765705109,0.5,0.5,1.0,1.0
6,3390,25000,0.2667079567909241,0.3737774193286896,9.99999905104687e-09,1.0,9.99999905104687e-09,1.507337401562836e-05,0.0001512525777798146,0.0008713441202417016,0.0041565075516700745,0.018608545884490013,0.08842068910598755,0.5,0.5,1.0,1.0
6,3400,25000,0.2666577398777008,0.37375056743621826,9.99999905104687e-09,1.0,9.99999905104687e-09,1.5306875866372138e-05,0.0001514894247520715,0.0008671346004121006,0.004167106468230486,0.01865357905626297,0.08836202323436737,0.5,0.5,1.0,1.0
6,3410,25000,0.26665547490119934,0.3738074004650116,9.99999905104687e-09,1.0,9.99999905104687e-09,1.5296287529054098e-05,0.0001520196965429932,0.0008767598192207515,0.004178439732640982,0.01844312995672226,0.08798576146364212,0.5,0.5,1.0,1.0
6,3420,25000,0.26672041416168213,0.373717337846756,9.99999905104687e-09,1.0,9.99999905104687e-09,1.5376774172182195e-05,0.00015090721717569977,0.000865379988681525,0.004181808326393366,0.018683021888136864,0.08865570276975632,0.5,0.5,1.0,1.0
6,3430,25000,0.2666860818862915,0.37377071380615234,9.99999905104687e-09,1.0,9.99999905104687e-09,1.5135217836359516e-05,0.00015067403728608042,0.0008779130293987691,0.0041815973818302155,0.018431993201375008,0.08826829493045807,0.5,0.5,1.0,1.0
6,3440,25000,0.2666374444961548,0.3737209737300873,9.99999905104687e-09,1.0,9.99999905104687e-09,1.5198470464383718e-05,0.00015161055489443243,0.0008701704791747034,0.004138215910643339,0.01847248151898384,0.08789107948541641,0.5,0.5,1.0,1.0
6,3450,25000,0.26673179864883423,0.37378230690956116,9.99999905104687e-09,1.0,9.99999905104687e-09,1.529315341031179e-05,0.00015103297482710332,0.0008696229779161513,0.004186222329735756,0.018504701554775238,0.08854543417692184,0.5,0.5,1.0,1.0
6,3460,25000,0.2666677236557007,0.37374478578567505,9.99999905104687e-09,1.0,9.99999905104687e-09,1.5292664102162234e-05,0.0001521663216408342,0.0008634836412966251,0.004147888161242008,0.01859099790453911,0.0886199101805687,0.5,0.5,1.0,1.0
6,3470,25000,0.2666603624820709,0.3737371265888214,9.99999905104687e-09,1.0,9.99999905104687e-09,1.5286148482118733e-05,0.00015162304043769836,0.0008747638785280287,0.0041763270273804665,0.018542852252721786,0.08829507231712341,0.5,0.5,1.0,1.0
6,3480,25000,0.2666241228580475,0.37374404072761536,9.99999905104687e-09,1.0,9.99999905104687e-09,1.530200825072825e-05,0.00015071967209223658,0.0008699281024746597,0.00416264683008194,0.018542364239692688,0.08851687610149384,0.5,0.5,1.0,1.0
6,3490,25000,0.2666687071323395,0.3737362325191498,9.99999905104687e-09,1.0,9.99999905104687e-09,1.5360241377493367e-05,0.0001506808039266616,0.0008785574464127421,0.004167011007666588,0.018530424684286118,0.08825290948152542,0.5,0.5,1.0,1.0
6,3500,25000,0.2666904926300049,0.37377744913101196,9.99999905104687e-09,1.0,9.99999905104687e-09,1.5188501492957585e-05,0.00015089740918483585,0.0008735315059311688,0.004137382376939058,0.018415875732898712,0.0886104479432106,0.5,0.5,1.0,1.0
6,3510,25000,0.26662924885749817,0.37374579906463623,9.99999905104687e-09,1.0,9.99999905104687e-09,1.5310073649743572e-05,0.00015006739704404026,0.0008631845703348517,0.0041409991681575775,0.018488481640815735,0.08842526376247406,0.5,0.5,1.0,1.0
6,3520,25000,0.2666470408439636,0.37377530336380005,9.99999905104687e-09,1.0,9.99999905104687e-09,1.529293876956217e-05,0.00015262456145137548,0.0008710494730621576,0.004167721141129732,0.01856120303273201,0.08786607533693314,0.5,0.5,1.0,1.0
6,3530,25000,0.2666357755661011,0.37378251552581787,9.99999905104687e-09,1.0,9.99999905104687e-09,1.5340367099270225e-05,0.00015238806372508407,0.0008816670160740614,0.0041865031234920025,0.01856374740600586,0.0881873220205307,0.5,0.5,1.0,1.0
6,3540,25000,0.2666177451610565,0.37376832962036133,9.99999905104687e-09,1.0,9.99999905104687e-09,1.5126253856578842e-05,0.00015215879830066115,0.0008681121980771422,0.004115684889256954,0.01842806115746498,0.08811648190021515,0.5,0.5,1.0,1.0
6,3550,25000,0.2667263448238373,0.3737921416759491,9.99999905104687e-09,1.0,9.99999905104687e-09,1.5316545614041388e-05,0.0001511168957222253,0.0008767397375777364,0.004187725484371185,0.018521107733249664,0.08767825365066528,0.5,0.5,1.0,1.0
6,3560,25000,0.26662683486938477,0.37379539012908936,9.99999905104687e-09,1.0,9.99999905104687e-09,1.528680877527222e-05,0.00015155902656260878,0.0008703968487679958,0.00415057921782136,0.018550004810094833,0.08848928660154343,0.5,0.5,1.0,1.0
6,3570,25000,0.2667081654071808,0.3737618923187256,9.99999905104687e-09,1.0,9.99999905104687e-09,1.5341460311901756e-05,0.00015267974231392145,0.0008671126561239362,0.004157876595854759,0.018545757979154587,0.0885055884718895,0.5,0.5,1.0,1.0
6,3580,25000,0.2666657269001007,0.37374916672706604,9.99999905104687e-09,1.0,9.99999905104687e-09,1.5258262465067673e-05,0.00015098672884050757,0.0008756427560001612,0.004182999022305012,0.0186358280479908,0.0883752852678299,0.5,0.5,1.0,1.0
6,3590,25000,0.266645222902298,0.37372010946273804,9.99999905104687e-09,1.0,9.99999905104687e-09,1.544993938296102e-05,0.0001518690405646339,0.0008754256996326149,0.004166535101830959,0.018573781475424767,0.0889466255903244,0.5,0.5,1.0,1.0
6,3600,25000,0.2667233347892761,0.3737488090991974,9.99999905104687e-09,1.0,9.99999905104687e-09,1.5390831322292797e-05,0.00015152167179621756,0.0008741329074837267,0.004213277250528336,0.01866845414042473,0.0887860357761383,0.5,0.5,1.0,1.0
6,3610,25000,0.2667500972747803,0.3737570643424988,9.99999905104687e-09,1.0,9.99999905104687e-09,1.5236359104164876e-05,0.00015190850535873324,0.0008748840191401541,0.0041599879041314125,0.018631188198924065,0.08848098665475845,0.5,0.5,1.0,1.0
6,3620,25000,0.2666271924972534,0.3737533688545227,9.99999905104687e-09,1.0,9.99999905104687e-09,1.5195704690995626e-05,0.00015202839858829975,0.0008709751418791711,0.004162044730037451,0.018567632883787155,0.08868779242038727,0.5,0.5,1.0,1.0
6,3630,25000,0.26668280363082886,0.37370672821998596,9.99999905104687e-09,1.0,9.99999905104687e-09,1.5337067452492192e-05,0.0001514618779765442,0.0008719335310161114,0.00415047025308013,0.01854506880044937,0.08867273479700089,0.5,0.5,1.0,1.0
6,3640,25000,0.26666852831840515,0.3737882673740387,9.99999905104687e-09,1.0,9.99999905104687e-09,1.5372574125649408e-05,0.00015192899445537478,0.000867269525770098,0.004145949613302946,0.018502308055758476,0.08865039795637131,0.5,0.5,1.0,1.0
6,3650,25000,0.2666541635990143,0.37373340129852295,9.99999905104687e-09,1.0,9.99999905104687e-09,1.528420216345694e-05,0.00015116734721232206,0.0008713541901670396,0.004161274526268244,0.018668243661522865,0.08868105709552765,0.5,0.5,1.0,1.0
6,3660,25000,0.266693115234375,0.3737545907497406,9.99999905104687e-09,1.0,9.99999905104687e-09,1.5180432455963455e-05,0.00015054194955155253,0.0008702000486664474,0.004190653096884489,0.018617741763591766,0.08871423453092575,0.5,0.5,1.0,1.0
6,3670,25000,0.26678749918937683,0.3737648129463196,9.99999905104687e-09,1.0,9.99999905104687e-09,1.528937355033122e-05,0.00015282825916074216,0.00087221700232476,0.004136267118155956,0.01853097230195999,0.08857216686010361,0.5,0.5,1.0,1.0
6,3680,25000,0.2666398286819458,0.3737056851387024,9.99999905104687e-09,1.0,9.99999905104687e-09,1.524174240330467e-05,0.00015116586291696876,0.0008717027958482504,0.004156796261668205,0.01852773316204548,0.08868363499641418,0.5,0.5,1.0,1.0
6,3690,25000,0.26664039492607117,0.37372103333473206,9.99999905104687e-09,1.0,9.99999905104687e-09,1.527963650005404e-05,0.0001524008548585698,0.0008701192564330995,0.004167396575212479,0.018641699105501175,0.08867213875055313,0.5,0.5,1.0,1.0
6,3700,25000,0.26671314239501953,0.37375354766845703,9.99999905104687e-09,1.0,9.99999905104687e-09,1.5407329556182958e-05,0.00014987766917329282,0.0008790576248429716,0.00418443325906992,0.018545540049672127,0.08789266645908356,0.5,0.5,1.0,1.0
6,3710,25000,0.26671963930130005,0.373738169670105,9.99999905104687e-09,1.0,9.99999905104687e-09,1.5196993444988038e-05,0.00015130553219933063,0.0008765368838794529,0.004186676349490881,0.01851147972047329,0.08824057132005692,0.5,0.5,1.0,1.0
6,3720,25000,0.2667642831802368,0.3737308382987976,9.99999905104687e-09,1.0,9.99999905104687e-09,1.5184668882284313e-05,0.00015153309504967183,0.0008707097149454057,0.0041741784662008286,0.018611369654536247,0.08840324729681015,0.5,0.5,1.0,1.0
6,3730,25000,0.2666665017604828,0.37377724051475525,9.99999905104687e-09,1.0,9.99999905104687e-09,1.5300822269637138e-05,0.00015145404904615134,0.0008723922655917704,0.004141303710639477,0.0185554139316082,0.08859080821275711,0.5,0.5,1.0,1.0
6,3740,25000,0.2666440010070801,0.3737437129020691,9.99999905104687e-09,1.0,9.99999905104687e-09,1.5354386050603352e-05,0.0001517214986961335,0.0008662770851515234,0.004177472088485956,0.01875915378332138,0.0876685082912445,0.5,0.5,1.0,1.0
6,3750,25000,0.2667091488838196,0.37374308705329895,9.99999905104687e-09,1.0,9.99999905104687e-09,1.538070682727266e-05,0.00015156112203840166,0.0008709275280125439,0.0041524432599544525,0.018486537039279938,0.08912926912307739,0.5,0.5,1.0,1.0
6,3760,25000,0.2666541039943695,0.37372952699661255,9.99999905104687e-09,1.0,9.99999905104687e-09,1.5255737707775552e-05,0.00015134824207052588,0.0008718192111700773,0.004166463389992714,0.01852789893746376,0.08862917870283127,0.5,0.5,1.0,1.0
6,3770,25000,0.2666112780570984,0.37378013134002686,9.99999905104687e-09,1.0,9.99999905104687e-09,1.5275385521817952e-05,0.0001522832753835246,0.000872765900567174,0.004178332630544901,0.018560994416475296,0.08785062283277512,0.5,0.5,1.0,1.0
6,3780,25000,0.2666687071323395,0.3737219572067261,9.99999905104687e-09,1.0,9.99999905104687e-09,1.523485298093874e-05,0.00015205482486635447,0.0008735644514672458,0.004198215901851654,0.01862448826432228,0.08875197917222977,0.5,0.5,1.0,1.0
6,3790,25000,0.2666274905204773,0.37378185987472534,9.99999905104687e-09,1.0,9.99999905104687e-09,1.5350764442700893e-05,0.00015037282719276845,0.000875186116900295,0.004170084372162819,0.01851470023393631,0.08804677426815033,0.5,0.5,1.0,1.0
6,3800,25000,0.26661932468414307,0.3737359344959259,9.99999905104687e-09,1.0,9.99999905104687e-09,1.5287763744709082e-05,0.00015040102880448103,0.0008703371859155595,0.0041336300782859325,0.018475284799933434,0.08807012438774109,0.5,0.5,1.0,1.0
6,3810,25000,0.2666514217853546,0.37370699644088745,9.99999905104687e-09,1.0,9.99999905104687e-09,1.5322008039220236e-05,0.00015158716996666044,0.0008808067068457603,0.004218666348606348,0.018641354516148567,0.08833552896976471,0.5,0.5,1.0,1.0
6,3820,25000,0.26675158739089966,0.37380990386009216,9.99999905104687e-09,1.0,9.99999905104687e-09,1.524911931483075e-05,0.00015093345427885652,0.0008714362629689276,0.004191186279058456,0.018507368862628937,0.08828021585941315,0.5,0.5,1.0,1.0
6,3830,25000,0.26661384105682373,0.3737281560897827,9.99999905104687e-09,1.0,9.99999905104687e-09,1.5182107745204121e-05,0.00015148108650464565,0.0008711025002412498,0.004165027756243944,0.01852927729487419,0.08813055604696274,0.5,0.5,1.0,1.0
6,3840,25000,0.26666459441185,0.3737400770187378,9.99999905104687e-09,1.0,9.99999905104687e-09,1.536801573820412e-05,0.0001535947376396507,0.0008744089864194393,0.004176309797912836,0.018615558743476868,0.0884348452091217,0.5,0.5,1.0,1.0
6,3850,25000,0.26667457818984985,0.37377431988716125,9.99999905104687e-09,1.0,9.99999905104687e-09,1.53487162606325e-05,0.00015128501399885863,0.0008736614254303277,0.004164048936218023,0.018549755215644836,0.08808056265115738,0.5,0.5,1.0,1.0
6,3860,25000,0.26672109961509705,0.3737029731273651,9.99999905104687e-09,1.0,9.99999905104687e-09,1.5188146790023893e-05,0.00015093784895725548,0.0008757216273806989,0.004148835316300392,0.018514759838581085,0.08937327563762665,0.5,0.5,1.0,1.0
6,3870,25000,0.26672032475471497,0.37376970052719116,9.99999905104687e-09,1.0,9.99999905104687e-09,1.5252041521307547e-05,0.0001512562157586217,0.0008793925517238677,0.00417568301782012,0.01855473965406418,0.08800362050533295,0.5,0.5,1.0,1.0
6,3880,25000,0.2666902244091034,0.373733252286911,9.99999905104687e-09,1.0,9.99999905104687e-09,1.5369752873084508e-05,0.00015181736671365798,0.0008731265552341938,0.0041530197486281395,0.018702365458011627,0.08873656392097473,0.5,0.5,1.0,1.0
6,3890,25000,0.2665424048900604,0.373731404542923,9.99999905104687e-09,1.0,9.99999905104687e-09,1.5368124877568334e-05,0.00015176954912021756,0.0008719500037841499,0.004168620798736811,0.018619079142808914,0.08810253441333771,0.5,0.5,1.0,1.0
6,3900,25000,0.266681969165802,0.3737698197364807,9.99999905104687e-09,1.0,9.99999905104687e-09,1.534366310806945e-05,0.00015110777167137712,0.0008647318463772535,0.004151290748268366,0.018619755282998085,0.08897015452384949,0.5,0.5,1.0,1.0
6,3910,25000,0.26665905117988586,0.3737538456916809,9.99999905104687e-09,1.0,9.99999905104687e-09,1.5184612493612804e-05,0.0001501691876910627,0.0008790799183771014,0.004155186470597982,0.01839902624487877,0.08816254884004593,0.5,0.5,1.0,1.0
6,3920,25000,0.26668453216552734,0.373767614364624,9.99999905104687e-09,1.0,9.99999905104687e-09,1.5409283150802366e-05,0.0001510579022578895,0.0008769496344029903,0.004162939265370369,0.018632665276527405,0.08851710706949234,0.5,0.5,1.0,1.0
6,3930,25000,0.26670026779174805,0.3737484812736511,9.99999905104687e-09,1.0,9.99999905104687e-09,1.518507724540541e-05,0.00015224942762870342,0.0008807271951809525,0.0041846963576972485,0.01862734742462635,0.08908229321241379,0.5,0.5,1.0,1.0
6,3940,25000,0.2666582763195038,0.3737882971763611,9.99999905104687e-09,1.0,9.99999905104687e-09,1.5268688002834097e-05,0.00015163110219873488,0.00087249546777457,0.004176699556410313,0.01851559616625309,0.08834793418645859,0.5,0.5,1.0,1.0
6,3950,25000,0.2666192054748535,0.37378498911857605,9.99999905104687e-09,1.0,9.99999905104687e-09,1.5145998986554332e-05,0.00015160742623265833,0.0008665206260047853,0.004151503089815378,0.018620170652866364,0.08776450157165527,0.5,0.5,1.0,1.0
6,3960,25000,0.26673755049705505,0.37379592657089233,9.99999905104687e-09,1.0,9.99999905104687e-09,1.519664510851726e-05,0.00015098434232641011,0.0008613133104518056,0.004163005854934454,0.018429342657327652,0.0889030396938324,0.5,0.5,1.0,1.0
6,3970,25000,0.2667256295681,0.3737889230251312,9.99999905104687e-09,1.0,9.99999905104687e-09,1.5383862773887813e-05,0.00015193242870736867,0.0008710192632861435,0.004186836536973715,0.01863068714737892,0.088263139128685,0.5,0.5,1.0,1.0
6,3980,25000,0.2667073905467987,0.3737736642360687,9.99999905104687e-09,1.0,9.99999905104687e-09,1.53111650433857e-05,0.00015073534450493753,0.000880491454154253,0.0041955746710300446,0.018650032579898834,0.08890870958566666,0.5,0.5,1.0,1.0
6,3990,25000,0.26668021082878113,0.3737568259239197,9.99999905104687e-09,1.0,9.99999905104687e-09,1.5470965081476606e-05,0.0001507613924331963,0.0008708518580533564,0.004210865590721369,0.01859273388981819,0.08835862576961517,0.5,0.5,1.0,1.0
6,4000,25000,0.2667131721973419,0.3737705945968628,9.99999905104687e-09,1.0,9.99999905104687e-09,1.521719605079852e-05,0.00015101525059435517,0.0008681939216330647,0.004183855373412371,0.018427874892950058,0.08924771100282669,0.5,0.5,1.0,1.0
6,4010,25000,0.2667527198791504,0.3737417757511139,9.99999905104687e-09,1.0,9.99999905104687e-09,1.5427673133672215e-05,0.00015216044266708195,0.0008747407118789852,0.004181941971182823,0.018724123015999794,0.08821428567171097,0.5,0.5,1.0,1.0
6,4020,25000,0.2666723430156708,0.3738158643245697,9.99999905104687e-09,1.0,9.99999905104687e-09,1.526397500128951e-05,0.0001518897042842582,0.0008802343509159982,0.004163305275142193,0.018545866012573242,0.08801951259374619,0.5,0.5,1.0,1.0
6,4030,25000,0.26664966344833374,0.37375470995903015,9.99999905104687e-09,1.0,9.99999905104687e-09,1.5389618056360632e-05,0.00015239132335409522,0.0008700579055584967,0.0041849748231470585,0.01868990994989872,0.08822663873434067,0.5,0.5,1.0,1.0
6,4040,25000,0.26662927865982056,0.3737289309501648,9.99999905104687e-09,1.0,9.99999905104687e-09,1.5342577171395533e-05,0.00015271393931470811,0.00087742815958336,0.004167962819337845,0.01868601143360138,0.08866894245147705,0.5,0.5,1.0,1.0
6,4050,25000,0.26665255427360535,0.3737489581108093,9.99999905104687e-09,1.0,9.99999905104687e-09,1.534015973447822e-05,0.00015191774582490325,0.0008875209605321288,0.0041589089669287205,0.018541820347309113,0.08824080973863602,0.5,0.5,1.0,1.0
6,4060,25000,0.2666928768157959,0.3737321197986603,9.99999905104687e-09,1.0,9.99999905104687e-09,1.515140957053518e-05,0.00015168555546551943,0.0008728969260118902,0.0041464404202997684,0.01848933845758438,0.08796277642250061,0.5,0.5,1.0,1.0
6,4070,25000,0.266747385263443,0.37377315759658813,9.99999905104687e-09,1.0,9.99999905104687e-09,1.5424127923324704e-05,0.00015148712554946542,0.0008751535206101835,0.004167519044131041,0.018586784601211548,0.08851049840450287,0.5,0.5,1.0,1.0
6,4080,25000,0.26659202575683594,0.3737662732601166,9.99999905104687e-09,1.0,9.99999905104687e-09,1.5364241335191764e-05,0.00015141030598897487,0.0008663944900035858,0.004155200906097889,0.018541580066084862,0.08817363530397415,0.5,0.5,1.0,1.0
6,4090,25000,0.2666322886943817,0.3737678527832031,9.99999905104687e-09,1.0,9.99999905104687e-09,1.5303579857572913e-05,0.0001513925672043115,0.0008707974338904023,0.004124539438635111,0.01857740245759487,0.08783086389303207,0.5,0.5,1.0,1.0
6,4100,25000,0.266765296459198,0.3737669289112091,9.99999905104687e-09,1.0,9.99999905104687e-09,1.5271651136572473e-05,0.00015237455954775214,0.0008801530348137021,0.0041945986449718475,0.018503330647945404,0.08871203660964966,0.5,0.5,1.0,1.0
6,4110,25000,0.26668986678123474,0.373765230178833,9.99999905104687e-09,1.0,9.99999905104687e-09,1.5420540876220912e-05,0.00015126325888559222,0.0008734128205105662,0.004168995656073093,0.018342874944210052,0.08809208869934082,0.5,0.5,1.0,1.0
6,4120,25000,0.2666515111923218,0.37381231784820557,9.99999905104687e-09,1.0,9.99999905104687e-09,1.535752926429268e-05,0.0001495506876381114,0.0008643439505249262,0.004157599061727524,0.01857195422053337,0.08767971396446228,0.5,0.5,1.0,1.0
6,4130,25000,0.2667231261730194,0.3737717270851135,9.99999905104687e-09,1.0,9.99999905104687e-09,1.5196156709862407e-05,0.0001505542459199205,0.0008775765309110284,0.004205076489597559,0.018585767596960068,0.08866692334413528,0.5,0.5,1.0,1.0
6,4140,25000,0.2666306495666504,0.37376686930656433,9.99999905104687e-09,1.0,9.99999905104687e-09,1.5284882465493865e-05,0.000151779517182149,0.0008703538333065808,0.004155739210546017,0.01843196339905262,0.08832138031721115,0.5,0.5,1.0,1.0
6,4150,25000,0.2666701376438141,0.3737890422344208,9.99999905104687e-09,1.0,9.99999905104687e-09,1.5386649465654045e-05,0.00015203874500002712,0.0008790074498392642,0.004172014072537422,0.01832510530948639,0.08818267285823822,0.5,0.5,1.0,1.0
6,4160,25000,0.2667383551597595,0.37376558780670166,9.99999905104687e-09,1.0,9.99999905104687e-09,1.5279132639989257e-05,0.00015044462634250522,0.0008756660972721875,0.004127757158130407,0.018716301769018173,0.08840281516313553,0.5,0.5,1.0,1.0
6,4170,25000,0.2666747272014618,0.3737233281135559,9.99999905104687e-09,1.0,9.99999905104687e-09,1.5243572306644637e-05,0.00015228365373332053,0.0008721501799300313,0.00419360026717186,0.01872829720377922,0.08871274441480637,0.5,0.5,1.0,1.0
6,4180,25000,0.2666930854320526,0.3737468123435974,9.99999905104687e-09,1.0,9.99999905104687e-09,1.5329531379393302e-05,0.00015243016241583973,0.0008767473045736551,0.0041752224788069725,0.01862408220767975,0.08855362236499786,0.5,0.5,1.0,1.0
6,4190,25000,0.2667180001735687,0.37372711300849915,9.99999905104687e-09,1.0,9.99999905104687e-09,1.5318169971578754e-05,0.00015125685604289174,0.0008741120109334588,0.004166095517575741,0.018718015402555466,0.08893831074237823,0.5,0.5,1.0,1.0
6,4200,25000,0.26674437522888184,0.37377408146858215,9.99999905104687e-09,1.0,9.99999905104687e-09,1.5410176274599507e-05,0.00015285091649275273,0.0008727930835448205,0.004164503887295723,0.018686896190047264,0.0880211740732193,0.5,0.5,1.0,1.0
6,4210,25000,0.2667178511619568,0.373774915933609,9.99999905104687e-09,1.0,9.99999905104687e-09,1.535126102680806e-05,0.00015100826567504555,0.0008764903177507222,0.0041606430895626545,0.0186484232544899,0.08856850117444992,0.5,0.5,1.0,1.0
6,4220,25000,0.26666805148124695,0.373745322227478,9.99999905104687e-09,1.0,9.99999905104687e-09,1.5159593203861732e-05,0.00015220967179629952,0.0008791619911789894,0.004198125563561916,0.018730681389570236,0.08865195512771606,0.5,0.5,1.0,1.0
6,4230,25000,0.2666420042514801,0.3737420439720154,9.99999905104687e-09,1.0,9.99999905104687e-09,1.513674396846909e-05,0.00015101410099305212,0.0008666497305966914,0.0041731540113687515,0.018612053245306015,0.08875983953475952,0.5,0.5,1.0,1.0
6,4240,25000,0.2666257917881012,0.3737384080886841,9.99999905104687e-09,1.0,9.99999905104687e-09,1.5199536392174195e-05,0.00015057371638249606,0.0008768191328272223,0.004201745614409447,0.018482768908143044,0.0884840339422226,0.5,0.5,1.0,1.0
6,4250,25000,0.26666757464408875,0.37373748421669006,9.99999905104687e-09,1.0,9.99999905104687e-09,1.5623532817699015e-05,0.00015104115300346166,0.0008686647051945329,0.004148904234170914,0.018527302891016006,0.08819505572319031,0.5,0.5,1.0,1.0
6,4260,25000,0.26662930846214294,0.37376993894577026,9.99999905104687e-09,1.0,9.99999905104687e-09,1.5295749108190648e-05,0.0001513162424089387,0.0008744008373469114,0.004147547297179699,0.018523842096328735,0.08799872547388077,0.5,0.5,1.0,1.0
6,4270,25000,0.266682505607605,0.37379905581474304,9.99999905104687e-09,1.0,9.99999905104687e-09,1.527961103420239e-05,0.00015096091374289244,0.0008717452292330563,0.004168094135820866,0.01849723607301712,0.08782345056533813,0.5,0.5,1.0,1.0
6,4280,25000,0.2666844129562378,0.37376877665519714,9.99999905104687e-09,1.0,9.99999905104687e-09,1.5312927644117735e-05,0.00015103674377314746,0.0008711497648619115,0.004169756546616554,0.018507592380046844,0.08829257637262344,0.5,0.5,1.0,1.0
6,4290,25000,0.2665981352329254,0.37370654940605164,9.99999905104687e-09,1.0,9.99999905104687e-09,1.5280989828170277e-05,0.0001518876088084653,0.0008747765677981079,0.004186052829027176,0.018639899790287018,0.0887056440114975,0.5,0.5,1.0,1.0
6,4300,25000,0.2667577862739563,0.37371721863746643,9.99999905104687e-09,1.0,9.99999905104687e-09,1.5202437680272851e-05,0.00015177542809396982,0.0008681913604959846,0.004189960192888975,0.01853112503886223,0.08921877294778824,0.5,0.5,1.0,1.0
6,4310,25000,0.266712486743927,0.37377506494522095,9.99999905104687e-09,1.0,9.99999905104687e-09,1.5367690139100887e-05,0.0001525324332760647,0.0008674082928337157,0.004175704438239336,0.018570084124803543,0.08843524008989334,0.5,0.5,1.0,1.0
6,4320,25000,0.2666986882686615,0.3737737834453583,9.99999905104687e-09,1.0,9.99999905104687e-09,1.537719253974501e-05,0.00015148197417147458,0.0008653689292259514,0.0041467067785561085,0.018604766577482224,0.08799164742231369,0.5,0.5,1.0,1.0
6,4330,25000,0.2666720449924469,0.37375807762145996,9.99999905104687e-09,1.0,9.99999905104687e-09,1.5522427929681726e-05,0.00015133745910134166,0.0008752326248213649,0.004195048473775387,0.018572628498077393,0.088141068816185,0.5,0.5,1.0,1.0
6,4340,25000,0.26671960949897766,0.3737705945968628,9.99999905104687e-09,1.0,9.99999905104687e-09,1.5217514373944141e-05,0.00015070771041791886,0.0008632229873910546,0.004168064799159765,0.01848241314291954,0.0879497155547142,0.5,0.5,1.0,1.0
6,4350,25000,0.26668107509613037,0.37372687458992004,9.99999905104687e-09,1.0,9.99999905104687e-09,1.5393845387734473e-05,0.0001514402247266844,0.0008710999973118305,0.004197794012725353,0.01850522682070732,0.0888763815164566,0.5,0.5,1.0,1.0
6,4360,25000,0.2666984498500824,0.37378841638565063,9.99999905104687e-09,1.0,9.99999905104687e-09,1.552671346871648e-05,0.00015181201160885394,0.0008693654090166092,0.004151748958975077,0.018657464534044266,0.08855033665895462,0.5,0.5,1.0,1.0
6,4370,25000,0.2667411267757416,0.3737713098526001,9.99999905104687e-09,1.0,9.99999905104687e-09,1.5223424270516261e-05,0.00015075074043124914,0.0008737281314097345,0.004158534575253725,0.01853165216743946,0.08838159590959549,0.5,0.5,1.0,1.0
6,4380,25000,0.266749769449234,0.3737846910953522,9.99999905104687e-09,1.0,9.99999905104687e-09,1.5238479136314709e-05,0.00015169763355515897,0.000872585573233664,0.004166818223893642,0.01861925795674324,0.08820148557424545,0.5,0.5,1.0,1.0
6,4390,25000,0.2666086256504059,0.37375548481941223,9.99999905104687e-09,1.0,9.99999905104687e-09,1.5383422578452155e-05,0.00015107486979104578,0.0008686245419085026,0.004191642161458731,0.018585439771413803,0.088102787733078,0.5,0.5,1.0,1.0
6,4400,25000,0.26669323444366455,0.37376490235328674,9.99999905104687e-09,1.0,9.99999905104687e-09,1.5195099877018947e-05,0.00015101127792149782,0.0008672841358929873,0.004148086532950401,0.018545782193541527,0.08833378553390503,0.5,0.5,1.0,1.0
6,4410,25000,0.26662343740463257,0.3737260401248932,9.99999905104687e-09,1.0,9.99999905104687e-09,1.5212564903777093e-05,0.00015136202273424715,0.000869538402184844,0.004135285038501024,0.018660595640540123,0.08812301605939865,0.5,0.5,1.0,1.0
6,4420,25000,0.2667035460472107,0.373727947473526,9.99999905104687e-09,1.0,9.99999905104687e-09,1.5288693248294294e-05,0.00015154710854403675,0.0008755575981922448,0.004181721247732639,0.018535146489739418,0.08816968649625778,0.5,0.5,1.0,1.0
6,4430,25000,0.26676586270332336,0.37381255626678467,9.99999905104687e-09,1.0,9.99999905104687e-09,1.542416612210218e-05,0.00015113728295546025,0.0008714986615814269,0.004136961884796619,0.01863677427172661,0.08793018758296967,0.5,0.5,1.0,1.0
6,4440,25000,0.26674336194992065,0.373762309551239,9.99999905104687e-09,1.0,9.99999905104687e-09,1.5214966879284475e-05,0.0001524968829471618,0.0008777551702223718,0.00420563155785203,0.01868615671992302,0.08890309184789658,0.5,0.5,1.0,1.0
6,4450,25000,0.26671773195266724,0.3737696409225464,9.99999905104687e-09,1.0,9.99999905104687e-09,1.5273828466888517e-05,0.0001520216464996338,0.0008714939467608929,0.004164380487054586,0.018458496779203415,0.08806933462619781,0.5,0.5,1.0,1.0
6,4460,25000,0.26669418811798096,0.37379395961761475,9.99999905104687e-09,1.0,9.99999905104687e-09,1.5454430467798375e-05,0.00015252102457452565,0.0008714841678738594,0.004159216303378344,0.018662527203559875,0.08834438025951385,0.5,0.5,1.0,1.0
6,4470,25000,0.2667117714881897,0.37379971146583557,9.99999905104687e-09,1.0,9.99999905104687e-09,1.5243677808030043e-05,0.00015057185373734683,0.0008678440935909748,0.004195124842226505,0.018582848832011223,0.08829081058502197,0.5,0.5,1.0,1.0
6,4480,25000,0.2666405141353607,0.3737233877182007,9.99999905104687e-09,1.0,9.99999905104687e-09,1.5318042642320506e-05,0.00014965899754315615,0.0008666288340464234,0.004187831189483404,0.018526872619986534,0.08829855918884277,0.5,0.5,1.0,1.0
6,4490,25000,0.26666855812072754,0.3737284243106842,9.99999905104687e-09,1.0,9.99999905104687e-09,1.5408286344609223e-05,0.00015118560986593366,0.0008672193507663906,0.00419971439987421,0.018681861460208893,0.08864659816026688,0.5,0.5,1.0,1.0
6,4500,25000,0.26671209931373596,0.37374576926231384,9.99999905104687e-09,1.0,9.99999905104687e-09,1.5452731531695463e-05,0.00015262767556123435,0.0008818365167826414,0.004166778642684221,0.01855720579624176,0.08858145028352737,0.5,0.5,1.0,1.0
6,4510,25000,0.26673629879951477,0.3737780749797821,9.99999905104687e-09,1.0,9.99999905104687e-09,1.516420434199972e-05,0.00015205029922071844,0.0008780852076597512,0.004163793753832579,0.018575742840766907,0.08832951635122299,0.5,0.5,1.0,1.0
6,4520,25000,0.2666982412338257,0.37376436591148376,9.99999905104687e-09,1.0,9.99999905104687e-09,1.5317353245336562e-05,0.00015092093963176012,0.0008610145305283368,0.004158627707511187,0.01851590722799301,0.08812389522790909,0.5,0.5,1.0,1.0
6,4530,25000,0.26663076877593994,0.3737243413925171,9.99999905104687e-09,1.0,9.99999905104687e-09,1.5142295524128713e-05,0.0001519144861958921,0.0008765509119257331,0.00414868351072073,0.018504902720451355,0.08820891380310059,0.5,0.5,1.0,1.0
6,4540,25000,0.26658883690834045,0.3737359344959259,9.99999905104687e-09,1.0,9.99999905104687e-09,1.516742031526519e-05,0.0001512643793830648,0.0008733383729122579,0.004171296488493681,0.0184285007417202,0.08808489143848419,0.5,0.5,1.0,1.0
6,4550,25000,0.26662230491638184,0.3737444281578064,9.99999905104687e-09,1.0,9.99999905104687e-09,1.527545646240469e-05,0.00015081214951351285,0.000876897422131151,0.0041493941098451614,0.018475448712706566,0.08843553066253662,0.5,0.5,1.0,1.0
6,4560,25000,0.26673054695129395,0.3737565875053406,9.99999905104687e-09,1.0,9.99999905104687e-09,1.5208892364171334e-05,0.0001509544817963615,0.00087578478269279,0.004194714594632387,0.018518105149269104,0.0882401317358017,0.5,0.5,1.0,1.0
6,4570,25000,0.2666654586791992,0.373771995306015,9.99999905104687e-09,1.0,9.99999905104687e-09,1.5275822079274803e-05,0.00015081810124684125,0.0008764385711401701,0.004157333169132471,0.01851794868707657,0.08860179781913757,0.5,0.5,1.0,1.0
6,4580,25000,0.266711950302124,0.3737800419330597,9.99999905104687e-09,1.0,9.99999905104687e-09,1.5047819033497944e-05,0.00015166234516073018,0.0008748731925152242,0.004167689010500908,0.018614761531352997,0.08785907924175262,0.5,0.5,1.0,1.0
6,4590,25000,0.26664018630981445,0.3737794756889343,9.99999905104687e-09,1.0,9.99999905104687e-09,1.5079413060448132e-05,0.00015090213855728507,0.0008717771270312369,0.00414316076785326,0.018524283543229103,0.08802025765180588,0.5,0.5,1.0,1.0
6,4600,25000,0.2667050361633301,0.37377235293388367,9.99999905104687e-09,1.0,9.99999905104687e-09,1.5308058209484443e-05,0.00015124633500818163,0.0008672248804941773,0.004164251033216715,0.018589898943901062,0.08870982378721237,0.5,0.5,1.0,1.0
6,4610,25000,0.266635537147522,0.37372201681137085,9.99999905104687e-09,1.0,9.99999905104687e-09,1.5250000615196768e-05,0.0001522446982562542,0.0008611214580014348,0.004144343081861734,0.018513059243559837,0.08850055187940598,0.5,0.5,1.0,1.0
6,4620,25000,0.26661327481269836,0.3737277388572693,9.99999905104687e-09,1.0,9.99999905104687e-09,1.5334750059992075e-05,0.0001509631983935833,0.0008735153824090958,0.004148375242948532,0.018353784456849098,0.088316909968853,0.5,0.5,1.0,1.0
6,4630,25000,0.26673591136932373,0.3737585246562958,9.99999905104687e-09,1.0,9.99999905104687e-09,1.532754504296463e-05,0.00015063518367242068,0.000870761286932975,0.004176256712526083,0.018624048680067062,0.08854725956916809,0.5,0.5,1.0,1.0
6,4640,25000,0.26667898893356323,0.373758465051651,9.99999905104687e-09,1.0,9.99999905104687e-09,1.5275803889380768e-05,0.00015230780991259962,0.000870273623149842,0.004143223632127047,0.018562864512205124,0.08807919174432755,0.5,0.5,1.0,1.0
6,4650,25000,0.266764372587204,0.37377384305000305,9.99999905104687e-09,1.0,9.99999905104687e-09,1.5220231034618337e-05,0.00015293345495592803,0.0008795544854365289,0.004169377498328686,0.01873350515961647,0.08848769962787628,0.5,0.5,1.0,1.0
6,4660,25000,0.2666931450366974,0.373748242855072,9.99999905104687e-09,1.0,9.99999905104687e-09,1.5239400454447605e-05,0.00015294486365746707,0.0008772529545240104,0.0041594309732317924,0.01875714212656021,0.0883403792977333,0.5,0.5,1.0,1.0
6,4670,25000,0.2666948735713959,0.37376004457473755,9.99999905104687e-09,1.0,9.99999905104687e-09,1.5316209101001732e-05,0.00015116982103791088,0.0008723240462131798,0.004173955414444208,0.018451856449246407,0.08855988085269928,0.5,0.5,1.0,1.0
6,4680,25000,0.2667153477668762,0.3737514615058899,9.99999905104687e-09,1.0,9.99999905104687e-09,1.5163914213189855e-05,0.00015060063742566854,0.0008799111819826066,0.004187538754194975,0.01870991475880146,0.08822512626647949,0.5,0.5,1.0,1.0
6,4690,25000,0.26671722531318665,0.37374207377433777,9.99999905104687e-09,1.0,9.99999905104687e-09,1.5237698789860588e-05,0.00015124552010092884,0.0008700439939275384,0.004184925928711891,0.018519967794418335,0.08822237700223923,0.5,0.5,1.0,1.0
6,4700,25000,0.2667342722415924,0.37373781204223633,9.99999905104687e-09,1.0,9.99999905104687e-09,1.536828131065704e-05,0.00015045343025121838,0.0008717356249690056,0.004162040073424578,0.01856904663145542,0.08878901600837708,0.5,0.5,1.0,1.0
6,4710,25000,0.2666413486003876,0.373767226934433,9.99999905104687e-09,1.0,9.99999905104687e-09,1.5310168237192556e-05,0.0001518130156910047,0.0008712467970326543,0.0041945562697947025,0.018541570752859116,0.08907410502433777,0.5,0.5,1.0,1.0
6,4720,25000,0.2667432129383087,0.3737407326698303,9.99999905104687e-09,1.0,9.99999905104687e-09,1.5134468412725255e-05,0.00015138948219828308,0.0008783093653619289,0.004202075768262148,0.018708985298871994,0.08859319239854813,0.5,0.5,1.0,1.0
6,4730,25000,0.26664113998413086,0.373745322227478,9.99999905104687e-09,1.0,9.99999905104687e-09,1.5348801753134467e-05,0.00015142814663704485,0.0008676075958646834,0.004174080677330494,0.01854255236685276,0.08813963830471039,0.5,0.5,1.0,1.0
6,4740,25000,0.2666492164134979,0.373725026845932,9.99999905104687e-09,1.0,9.99999905104687e-09,1.5267880371538922e-05,0.00015101215103641152,0.0008691130205988884,0.0041795154102146626,0.01856219209730625,0.08903513103723526,0.5,0.5,1.0,1.0
6,4750,25000,0.26671457290649414,0.3737860918045044,9.99999905104687e-09,1.0,9.99999905104687e-09,1.5230275494104717e-05,0.00015136560250539333,0.0008738678880035877,0.00415017269551754,0.018507633358240128,0.08780014514923096,0.5,0.5,1.0,1.0
6,4760,25000,0.26673635840415955,0.3737322986125946,9.99999905104687e-09,1.0,9.99999905104687e-09,1.5210956917144358e-05,0.0001516284391982481,0.0008755974704399705,0.004197337199002504,0.018667034804821014,0.08893976360559464,0.5,0.5,1.0,1.0
6,4770,25000,0.26669278740882874,0.37374281883239746,9.99999905104687e-09,1.0,9.99999905104687e-09,1.531961424916517e-05,0.00015080600860528648,0.00087737973080948,0.004157012328505516,0.018680604174733162,0.08836840093135834,0.5,0.5,1.0,1.0
6,4780,25000,0.2666001617908478,0.3736995756626129,9.99999905104687e-09,1.0,9.99999905104687e-09,1.5262136003002524e-05,0.0001514307368779555,0.0008712497656233609,0.004190056584775448,0.018423449248075485,0.08871975541114807,0.5,0.5,1.0,1.0
6,4790,25000,0.26667505502700806,0.3737031817436218,9.99999905104687e-09,1.0,9.99999905104687e-09,1.5491923477384262e-05,0.0001513894967501983,0.0008710353286005557,0.004212887492030859,0.0185672789812088,0.08894729614257812,0.5,0.5,1.0,1.0
6,4800,25000,0.26670122146606445,0.37369292974472046,9.99999905104687e-09,1.0,9.99999905104687e-09,1.541445089969784e-05,0.00015123418415896595,0.000867319293320179,0.004180381074547768,0.018716007471084595,0.08877848833799362,0.5,0.5,1.0,1.0
6,4810,25000,0.26669612526893616,0.3737429082393646,9.99999905104687e-09,1.0,9.99999905104687e-09,1.531792622699868e-05,0.0001513631723355502,0.000870457966811955,0.004167062696069479,0.018602155148983,0.08809064328670502,0.5,0.5,1.0,1.0
6,4820,25000,0.26660028100013733,0.373708575963974,9.99999905104687e-09,1.0,9.99999905104687e-09,1.5293104297597893e-05,0.00015171799168456346,0.0008754095179028809,0.004167995881289244,0.018571902066469193,0.08816692978143692,0.5,0.5,1.0,1.0
6,4830,25000,0.2666979730129242,0.37373843789100647,9.99999905104687e-09,1.0,9.99999905104687e-09,1.5349720342783257e-05,0.00015139814058784395,0.0008664248744025826,0.004152542911469936,0.01861519366502762,0.08844566345214844,0.5,0.5,1.0,1.0
6,4840,25000,0.2666838467121124,0.3737647533416748,9.99999905104687e-09,1.0,9.99999905104687e-09,1.531193993287161e-05,0.00015207564865704626,0.0008704790379852057,0.004180931951850653,0.018475454300642014,0.08835592120885849,0.5,0.5,1.0,1.0
6,4850,25000,0.2666504979133606,0.37374889850616455,9.99999905104687e-09,1.0,9.99999905104687e-09,1.541411802463699e-05,0.00015101625467650592,0.000867856084369123,0.00419863173738122,0.018556859344244003,0.0883529856801033,0.5,0.5,1.0,1.0
6,4860,25000,0.2667091190814972,0.3737684488296509,9.99999905104687e-09,1.0,9.99999905104687e-09,1.5391455235658213e-05,0.00015299890947062522,0.000867626687977463,0.0041921306401491165,0.01860012859106064,0.08834148198366165,0.5,0.5,1.0,1.0
6,4870,25000,0.26669642329216003,0.37377557158470154,9.99999905104687e-09,1.0,9.99999905104687e-09,1.5286001143977046e-05,0.00015175250882748514,0.0008723337086848915,0.004108413588255644,0.018457606434822083,0.08896544575691223,0.5,0.5,1.0,1.0
6,4880,25000,0.26661592721939087,0.3737376630306244,9.99999905104687e-09,1.0,9.99999905104687e-09,1.517151940788608e-05,0.00015170173719525337,0.0008632877725176513,0.004124387167394161,0.018422286957502365,0.08834096044301987,0.5,0.5,1.0,1.0
6,4890,25000,0.26665616035461426,0.37376120686531067,9.99999905104687e-09,1.0,9.99999905104687e-09,1.529131805000361e-05,0.00015115243149921298,0.0008721676422283053,0.004143026191741228,0.01847977377474308,0.08826184272766113,0.5,0.5,1.0,1.0
6,4900,25000,0.2666730284690857,0.37373679876327515,9.99999905104687e-09,1.0,9.99999905104687e-09,1.5381323464680463e-05,0.00015066814376041293,0.0008652567048557103,0.004172671586275101,0.018632568418979645,0.08866807818412781,0.5,0.5,1.0,1.0
6,4910,25000,0.2666199207305908,0.373750776052475,9.99999905104687e-09,1.0,9.99999905104687e-09,1.5287032510968857e-05,0.0001503454113844782,0.0008733244612812996,0.004135301802307367,0.01852598786354065,0.08840030431747437,0.5,0.5,1.0,1.0
6,4920,25000,0.2665666341781616,0.37375879287719727,9.99999905104687e-09,1.0,9.99999905104687e-09,1.526349296909757e-05,0.00015126100333873183,0.0008661505416966975,0.004122634418308735,0.018550919368863106,0.08732247352600098,0.5,0.5,1.0,1.0
6,4930,25000,0.26668423414230347,0.3737162947654724,9.99999905104687e-09,1.0,9.99999905104687e-09,1.5191001693892758e-05,0.00015154897118918598,0.0008711396367289126,0.004172432702034712,0.01846851408481598,0.08845308423042297,0.5,0.5,1.0,1.0
6,4940,25000,0.2666800320148468,0.3737489879131317,9.99999905104687e-09,1.0,9.99999905104687e-09,1.5150253602769226e-05,0.00015037260891404003,0.0008640047744847834,0.004128593020141125,0.018547382205724716,0.08833365142345428,0.5,0.5,1.0,1.0
6,4950,25000,0.26670119166374207,0.37374868988990784,9.99999905104687e-09,1.0,9.99999905104687e-09,1.5357132724602707e-05,0.00015240161155816168,0.0008787850965745747,0.004129736218601465,0.01848459616303444,0.08865238726139069,0.5,0.5,1.0,1.0
6,4960,25000,0.2666616141796112,0.3737460672855377,9.99999905104687e-09,1.0,9.99999905104687e-09,1.5174457985267509e-05,0.00015138619346544147,0.0008765154634602368,0.004188466817140579,0.01849062368273735,0.08821455389261246,0.5,0.5,1.0,1.0
6,4970,25000,0.2666829228401184,0.37375694513320923,9.99999905104687e-09,1.0,9.99999905104687e-09,1.5360588804469444e-05,0.00015303980035241693,0.0008767390972934663,0.004169706255197525,0.01875825598835945,0.08792275935411453,0.5,0.5,1.0,1.0
6,4980,25000,0.26667648553848267,0.373765230178833,9.99999905104687e-09,1.0,9.99999905104687e-09,1.5109203559404705e-05,0.00015038986748550087,0.0008728457032702863,0.0041804127395153046,0.01860552653670311,0.08840873837471008,0.5,0.5,1.0,1.0
6,4990,25000,0.26671597361564636,0.37376412749290466,9.99999905104687e-09,1.0,9.99999905104687e-09,1.5218177395581733e-05,0.0001509667927166447,0.0008720964542590082,0.004165740683674812,0.018634088337421417,0.08864954859018326,0.5,0.5,1.0,1.0
6,5000,25000,0.2666743993759155,0.3737490177154541,9.99999905104687e-09,1.0,9.99999905104687e-09,1.5264593457686715e-05,0.00015330548922065645,0.0008748434484004974,0.004164235200732946,0.01835956610739231,0.08836829662322998,0.5,0.5,1.0,1.0
6,5010,25000,0.2666187286376953,0.3737477660179138,9.99999905104687e-09,1.0,9.99999905104687e-09,1.5405372323584743e-05,0.0001525476691313088,0.0008750826236791909,0.0041716923005878925,0.01866763085126877,0.08845542371273041,0.5,0.5,1.0,1.0
6,5020,25000,0.26667624711990356,0.3737364709377289,9.99999905104687e-09,1.0,9.99999905104687e-09,1.527785207144916e-05,0.00015167031961027533,0.0008783410885371268,0.004206685349345207,0.018505755811929703,0.08854088187217712,0.5,0.5,1.0,1.0
6,5030,25000,0.2667194902896881,0.37373587489128113,9.99999905104687e-09,1.0,9.99999905104687e-09,1.5349107343354262e-05,0.00015089934458956122,0.0008736503077670932,0.0041685947217047215,0.018537264317274094,0.08856163173913956,0.5,0.5,1.0,1.0
6,5040,25000,0.26671022176742554,0.3737357258796692,9.99999905104687e-09,1.0,9.99999905104687e-09,1.516758493380621e-05,0.00015139117022044957,0.000869985087774694,0.004157598130404949,0.0185629203915596,0.08876663446426392,0.5,0.5,1.0,1.0
6,5050,25000,0.2666064500808716,0.3737613260746002,9.99999905104687e-09,1.0,9.99999905104687e-09,1.5334979252656922e-05,0.0001519428624305874,0.0008705197833478451,0.004160924814641476,0.018575455993413925,0.08801423013210297,0.5,0.5,1.0,1.0
6,5060,25000,0.26668238639831543,0.3737552762031555,9.99999905104687e-09,1.0,9.99999905104687e-09,1.5297326172003523e-05,0.00015100272139534354,0.000865928188432008,0.004169636406004429,0.018430273979902267,0.08778521418571472,0.5,0.5,1.0,1.0
6,5070,25000,0.26672402024269104,0.3737621009349823,9.99999905104687e-09,1.0,9.99999905104687e-09,1.5427845937665552e-05,0.00015226600226014853,0.0008717909222468734,0.0041914875619113445,0.018647152930498123,0.08895371109247208,0.5,0.5,1.0,1.0
6,5080,25000,0.2666897773742676,0.3737649619579315,9.99999905104687e-09,1.0,9.99999905104687e-09,1.552518915559631e-05,0.00015312692266888916,0.0008685304201208055,0.0041637122631073,0.01856091432273388,0.08814039081335068,0.5,0.5,1.0,1.0
6,5090,25000,0.2666971683502197,0.3737300932407379,9.99999905104687e-09,1.0,9.99999905104687e-09,1.5221008652588353e-05,0.00015050634101498872,0.0008745341910980642,0.004167747218161821,0.018622124567627907,0.08841953426599503,0.5,0.5,1.0,1.0
6,5100,25000,0.26672202348709106,0.37376710772514343,9.99999905104687e-09,1.0,9.99999905104687e-09,1.54912759171566e-05,0.00015130733663681895,0.0008738316828384995,0.00415734201669693,0.018576573580503464,0.08875180035829544,0.5,0.5,1.0,1.0
6,5110,25000,0.2666703164577484,0.37377843260765076,9.99999905104687e-09,1.0,9.99999905104687e-09,1.5172881830949336e-05,0.00015107130457181484,0.0008688716916367412,0.0041856300085783005,0.01847161166369915,0.0882926732301712,0.5,0.5,1.0,1.0
6,5120,25000,0.26673051714897156,0.3737882375717163,9.99999905104687e-09,1.0,9.99999905104687e-09,1.5263269233400933e-05,0.00015230421558953822,0.0008703112252987921,0.004204715136438608,0.018515877425670624,0.08857353031635284,0.5,0.5,1.0,1.0
6,5130,25000,0.26671722531318665,0.37376025319099426,9.99999905104687e-09,1.0,9.99999905104687e-09,1.5228621123242192e-05,0.0001510971924290061,0.0008671739487908781,0.0041788131929934025,0.018508996814489365,0.08867896348237991,0.5,0.5,1.0,1.0
6,5140,25000,0.266721248626709,0.37376415729522705,9.99999905104687e-09,1.0,9.99999905104687e-09,1.5312905816244893e-05,0.00015153714048210531,0.0008721146150492132,0.0041720024310052395,0.018608730286359787,0.0884866863489151,0.5,0.5,1.0,1.0
6,5150,25000,0.26672670245170593,0.3737359642982483,9.99999905104687e-09,1.0,9.99999905104687e-09,1.5327717846957967e-05,0.00015013277879916131,0.0008740367484278977,0.004187186248600483,0.018646541982889175,0.08832760155200958,0.5,0.5,1.0,1.0
6,5160,25000,0.26671943068504333,0.3737899661064148,9.99999905104687e-09,1.0,9.99999905104687e-09,1.5291623640223406e-05,0.00015156998415477574,0.0008748056716285646,0.004155950620770454,0.01853288523852825,0.08801427483558655,0.5,0.5,1.0,1.0
6,5170,25000,0.2667056918144226,0.37378716468811035,9.99999905104687e-09,1.0,9.99999905104687e-09,1.5390793123515323e-05,0.00015270446601789445,0.0008784941746853292,0.004199236631393433,0.018643895164132118,0.08894237875938416,0.5,0.5,1.0,1.0
6,5180,25000,0.26665863394737244,0.3737489879131317,9.99999905104687e-09,1.0,9.99999905104687e-09,1.5345913197961636e-05,0.0001508101704530418,0.000880466599483043,0.0041489070281386375,0.018716759979724884,0.08862297981977463,0.5,0.5,1.0,1.0
6,5190,25000,0.2666640281677246,0.37372782826423645,9.99999905104687e-09,1.0,9.99999905104687e-09,1.5124799574550707e-05,0.00015198996698018163,0.0008688350790180266,0.004197026137262583,0.018589965999126434,0.0881129801273346,0.5,0.5,1.0,1.0
6,5200,25000,0.2666606903076172,0.3737635612487793,9.99999905104687e-09,1.0,9.99999905104687e-09,1.5210913261398673e-05,0.00015200264169834554,0.0008694977732375264,0.004156246781349182,0.018451035022735596,0.08822314441204071,0.5,0.5,1.0,1.0
6,5210,25000,0.2667238414287567,0.37378400564193726,9.99999905104687e-09,1.0,9.99999905104687e-09,1.5242367226164788e-05,0.00015117631119210273,0.0008691375842317939,0.004167432431131601,0.0186268612742424,0.08845756947994232,0.5,0.5,1.0,1.0
6,5220,25000,0.26667797565460205,0.37376853823661804,9.99999905104687e-09,1.0,9.99999905104687e-09,1.540158518764656e-05,0.0001509668363723904,0.0008699355530552566,0.004142683930695057,0.018415898084640503,0.08833248168230057,0.5,0.5,1.0,1.0
6,5230,25000,0.2667642831802368,0.37373730540275574,9.99999905104687e-09,1.0,9.99999905104687e-09,1.531897760287393e-05,0.00015079285367392004,0.0008654256816953421,0.004191105719655752,0.018672652542591095,0.08900435268878937,0.5,0.5,1.0,1.0
6,5240,25000,0.2667842209339142,0.37376120686531067,9.99999905104687e-09,1.0,9.99999905104687e-09,1.5177434761426412e-05,0.00015151560364756733,0.0008836842025630176,0.004189690109342337,0.018653396517038345,0.08883770555257797,0.5,0.5,1.0,1.0
6,5250,25000,0.26670074462890625,0.3737848997116089,9.99999905104687e-09,1.0,9.99999905104687e-09,1.534789043944329e-05,0.00014980064588598907,0.0008694863645359874,0.004136292729526758,0.01841902732849121,0.08798018842935562,0.5,0.5,1.0,1.0
6,5260,25000,0.2666950821876526,0.37376347184181213,9.99999905104687e-09,1.0,9.99999905104687e-09,1.5242677363858093e-05,0.00015335717762354761,0.0008760426426306367,0.004158605355769396,0.01859201304614544,0.0881204754114151,0.5,0.5,1.0,1.0
6,5270,25000,0.2665882110595703,0.3737033009529114,9.99999905104687e-09,1.0,9.99999905104687e-09,1.547685133118648e-05,0.00015083154721651226,0.0008718102471902966,0.004162967670708895,0.018464747816324234,0.08837010711431503,0.5,0.5,1.0,1.0
6,5280,25000,0.26673173904418945,0.3737429678440094,9.99999905104687e-09,1.0,9.99999905104687e-09,1.536176750960294e-05,0.00015175774751696736,0.0008727125823497772,0.0042168376967310905,0.01849997416138649,0.08910169452428818,0.5,0.5,1.0,1.0
6,5290,25000,0.26659807562828064,0.37373995780944824,9.99999905104687e-09,1.0,9.99999905104687e-09,1.5190603335213382e-05,0.00015212247672025114,0.0008751795976422727,0.004179363604635,0.018555957823991776,0.08807814121246338,0.5,0.5,1.0,1.0
6,5300,25000,0.2666724622249603,0.3737528920173645,9.99999905104687e-09,1.0,9.99999905104687e-09,1.5296172932721674e-05,0.00015225402603391558,0.0008725241059437394,0.004194893408566713,0.018600471317768097,0.08848579227924347,0.5,0.5,1.0,1.0
6,5310,25000,0.2667034864425659,0.37372422218322754,9.99999905104687e-09,1.0,9.99999905104687e-09,1.5423871445818804e-05,0.0001525879924884066,0.0008725813822820783,0.004197381902486086,0.018608640879392624,0.08895346522331238,0.5,0.5,1.0,1.0
6,5320,25000,0.2666746973991394,0.3737604022026062,9.99999905104687e-09,1.0,9.99999905104687e-09,1.5232883924909402e-05,0.00015056642587296665,0.0008739125332795084,0.004154698923230171,0.018608618527650833,0.0879644900560379,0.5,0.5,1.0,1.0
6,5330,25000,0.2667168378829956,0.37373170256614685,9.99999905104687e-09,1.0,9.99999905104687e-09,1.517600776423933e-05,0.00015370499750133604,0.0008785749087110162,0.004169326275587082,0.01859106868505478,0.08875295519828796,0.5,0.5,1.0,1.0
6,5340,25000,0.26666417717933655,0.3737633228302002,9.99999905104687e-09,1.0,9.99999905104687e-09,1.529578548797872e-05,0.00015186294331215322,0.0008688729722052813,0.004154364578425884,0.018544621765613556,0.08827943354845047,0.5,0.5,1.0,1.0
6,5350,25000,0.26666682958602905,0.3737148344516754,9.99999905104687e-09,1.0,9.99999905104687e-09,1.5191426427918486e-05,0.00015096028801053762,0.000873200420755893,0.004171577747911215,0.018579965457320213,0.0882638618350029,0.5,0.5,1.0,1.0
6,5360,25000,0.2666999101638794,0.37376275658607483,9.99999905104687e-09,1.0,9.99999905104687e-09,1.5285681001842022e-05,0.00015249876014422625,0.0008768508560024202,0.004192236345261335,0.018650241196155548,0.08786620944738388,0.5,0.5,1.0,1.0
6,5370,25000,0.2666829824447632,0.3737691044807434,9.99999905104687e-09,1.0,9.99999905104687e-09,1.5231647921609692e-05,0.00015263186651282012,0.0008739297045394778,0.004174963571131229,0.01857985369861126,0.0881246030330658,0.5,0.5,1.0,1.0
6,5380,25000,0.26669803261756897,0.3737562596797943,9.99999905104687e-09,1.0,9.99999905104687e-09,1.5363837519544177e-05,0.00015141797484830022,0.0008743754005990922,0.004200063180178404,0.018667113035917282,0.08866892755031586,0.5,0.5,1.0,1.0
6,5390,25000,0.26661092042922974,0.3737542927265167,9.99999905104687e-09,1.0,9.99999905104687e-09,1.55283141793916e-05,0.0001502670784248039,0.000868067319970578,0.004159082192927599,0.018477439880371094,0.0884464755654335,0.5,0.5,1.0,1.0
6,5400,25000,0.26667365431785583,0.3737575113773346,9.99999905104687e-09,1.0,9.99999905104687e-09,1.5260549844242632e-05,0.00015111645916476846,0.000871218740940094,0.0041929143480956554,0.018518056720495224,0.0880930945277214,0.5,0.5,1.0,1.0
6,5410,25000,0.2666405439376831,0.37377721071243286,9.99999905104687e-09,1.0,9.99999905104687e-09,1.5306366549339145e-05,0.00015079173317644745,0.0008747325045987964,0.004210005048662424,0.018504712730646133,0.08858460187911987,0.5,0.5,1.0,1.0
6,5420,25000,0.2666884958744049,0.37374457716941833,9.99999905104687e-09,1.0,9.99999905104687e-09,1.531082671135664e-05,0.0001497455668868497,0.0008714162977412343,0.004128624219447374,0.018643591552972794,0.08806563168764114,0.5,0.5,1.0,1.0
6,5430,25000,0.2666168212890625,0.3737502992153168,9.99999905104687e-09,1.0,9.99999905104687e-09,1.5227671610773541e-05,0.00015157583402469754,0.0008684990461915731,0.004133792128413916,0.018368307501077652,0.08796507865190506,0.5,0.5,1.0,1.0
6,5440,25000,0.266568660736084,0.37370172142982483,9.99999905104687e-09,1.0,9.99999905104687e-09,1.529929431853816e-05,0.00015211560821626335,0.0008730702684260905,0.004155418835580349,0.018436942249536514,0.0889495462179184,0.5,0.5,1.0,1.0
6,5450,25000,0.26661431789398193,0.3737535774707794,9.99999905104687e-09,1.0,9.99999905104687e-09,1.5235510545608122e-05,0.00015171576524153352,0.0008754216250963509,0.004164623096585274,0.01863241009414196,0.08833229541778564,0.5,0.5,1.0,1.0
6,5460,25000,0.26668161153793335,0.37374189496040344,9.99999905104687e-09,1.0,9.99999905104687e-09,1.5266590708051808e-05,0.00015000460552982986,0.000871764263138175,0.004132509231567383,0.018547408282756805,0.08844081312417984,0.5,0.5,1.0,1.0
6,5470,25000,0.26665565371513367,0.3737471103668213,9.99999905104687e-09,1.0,9.99999905104687e-09,1.5295712728402577e-05,0.00015228133997879922,0.0008698681485839188,0.004175337962806225,0.01850316673517227,0.08820454031229019,0.5,0.5,1.0,1.0
6,5480,25000,0.2665790021419525,0.37373417615890503,9.99999905104687e-09,1.0,9.99999905104687e-09,1.5324289051932283e-05,0.00015105736383702606,0.0008794505265541375,0.004146695602685213,0.018570730462670326,0.08843892067670822,0.5,0.5,1.0,1.0
6,5490,25000,0.2666703760623932,0.3737272620201111,9.99999905104687e-09,1.0,9.99999905104687e-09,1.5383340723928995e-05,0.0001513727765996009,0.0008716750307939947,0.00416363961994648,0.018552586436271667,0.0885026752948761,0.5,0.5,1.0,1.0
6,5500,25000,0.2666747570037842,0.37373581528663635,9.99999905104687e-09,1.0,9.99999905104687e-09,1.5336976503022015e-05,0.00015127247024793178,0.0008724516374059021,0.004143452737480402,0.018624572083353996,0.08858752250671387,0.5,0.5,1.0,1.0
6,5510,25000,0.2666616141796112,0.37376540899276733,9.99999905104687e-09,1.0,9.99999905104687e-09,1.5206570424197707e-05,0.00015090078522916883,0.0008634564583189785,0.004149403888732195,0.018509063869714737,0.08789296448230743,0.5,0.5,1.0,1.0
6,5520,25000,0.2666324973106384,0.37378787994384766,9.99999905104687e-09,1.0,9.99999905104687e-09,1.5252026059897617e-05,0.00015220326895359904,0.0008687403751537204,0.004165933467447758,0.01850196346640587,0.0879867672920227,0.5,0.5,1.0,1.0
6,5530,25000,0.26674118638038635,0.3737477958202362,9.99999905104687e-09,1.0,9.99999905104687e-09,1.5387193343485706e-05,0.00015277047350537032,0.0008656388963572681,0.004160779993981123,0.0186210498213768,0.0885341539978981,0.5,0.5,1.0,1.0
6,5540,25000,0.2667017877101898,0.3737141489982605,9.99999905104687e-09,1.0,9.99999905104687e-09,1.5300436643883586e-05,0.00015166577941272408,0.0008762159268371761,0.004205675795674324,0.018609575927257538,0.08855791389942169,0.5,0.5,1.0,1.0
6,5550,25000,0.2667219042778015,0.37373772263526917,9.99999905104687e-09,1.0,9.99999905104687e-09,1.5267716662492603e-05,0.00015129476378206164,0.0008754287264309824,0.004135961644351482,0.018666867166757584,0.08865485340356827,0.5,0.5,1.0,1.0
6,5560,25000,0.26665645837783813,0.37376275658607483,9.99999905104687e-09,1.0,9.99999905104687e-09,1.5192095816018991e-05,0.00015151560364756733,0.0008725133957341313,0.004168985411524773,0.018459800630807877,0.08833032846450806,0.5,0.5,1.0,1.0
6,5570,25000,0.2667188048362732,0.3737490773200989,9.99999905104687e-09,1.0,9.99999905104687e-09,1.5326466382248327e-05,0.00015146235818974674,0.0008709797402843833,0.004145431332290173,0.018499571830034256,0.08840512484312057,0.5,0.5,1.0,1.0
6,5580,25000,0.26674753427505493,0.37377768754959106,9.99999905104687e-09,1.0,9.99999905104687e-09,1.5088226064108312e-05,0.00015141871699597687,0.0008703347411938012,0.004175072070211172,0.018429838120937347,0.08818189799785614,0.5,0.5,1.0,1.0
6,5590,25000,0.2666989862918854,0.3737722635269165,9.99999905104687e-09,1.0,9.99999905104687e-09,1.5426545360242017e-05,0.00015093135880306363,0.000864472589455545,0.0042009539902210236,0.01864216849207878,0.0884937196969986,0.5,0.5,1.0,1.0
6,5600,25000,0.2665993869304657,0.3737889528274536,9.99999905104687e-09,1.0,9.99999905104687e-09,1.5337605873355642e-05,0.00015086447820067406,0.0008647823706269264,0.0041331518441438675,0.018502797931432724,0.08813368529081345,0.5,0.5,1.0,1.0
6,5610,25000,0.2666293680667877,0.3737272024154663,9.99999905104687e-09,1.0,9.99999905104687e-09,1.5272966265911236e-05,0.00015274590987246484,0.0008696108125150204,0.004153195768594742,0.01841406524181366,0.08797255903482437,0.5,0.5,1.0,1.0
6,5620,25000,0.2667611837387085,0.37374192476272583,9.99999905104687e-09,1.0,9.99999905104687e-09,1.5271933079930022e-05,0.0001512779708718881,0.00087577203521505,0.004168354906141758,0.018567778170108795,0.08857522904872894,0.5,0.5,1.0,1.0
6,5630,25000,0.2667194902896881,0.3737662732601166,9.99999905104687e-09,1.0,9.99999905104687e-09,1.5226943105517421e-05,0.00015065557090565562,0.0008747651008889079,0.004193250555545092,0.01853294111788273,0.08809974044561386,0.5,0.5,1.0,1.0
6,5640,25000,0.26657363772392273,0.3737381100654602,9.99999905104687e-09,1.0,9.99999905104687e-09,1.5401628843392245e-05,0.00015061582962516695,0.0008681660983711481,0.004159007221460342,0.018393918871879578,0.0877656638622284,0.5,0.5,1.0,1.0
6,5650,25000,0.26667293906211853,0.3737705945968628,9.99999905104687e-09,1.0,9.99999905104687e-09,1.5273950339178555e-05,0.00015102808538358659,0.0008705881191417575,0.0041639478877186775,0.018502311781048775,0.0885603278875351,0.5,0.5,1.0,1.0
6,5660,25000,0.26669129729270935,0.37378135323524475,9.99999905104687e-09,1.0,9.99999905104687e-09,1.5422358046635054e-05,0.00015134026762098074,0.0008654505363665521,0.004172276705503464,0.01840907707810402,0.08802451193332672,0.5,0.5,1.0,1.0
6,5670,25000,0.2666763365268707,0.37377476692199707,9.99999905104687e-09,1.0,9.99999905104687e-09,1.5602208804921247e-05,0.00014975565136410296,0.0008708688546903431,0.004190186504274607,0.018638715147972107,0.08808716386556625,0.5,0.5,1.0,1.0
6,5680,25000,0.26669105887413025,0.3737574815750122,9.99999905104687e-09,1.0,9.99999905104687e-09,1.5159188478719443e-05,0.00015095592243596911,0.0008716720622032881,0.004174655303359032,0.018460851162672043,0.08855602145195007,0.5,0.5,1.0,1.0
6,5690,25000,0.26674753427505493,0.37374070286750793,9.99999905104687e-09,1.0,9.99999905104687e-09,1.5320258171414025e-05,0.0001532747846795246,0.0008743344224058092,0.0041752588003873825,0.018705859780311584,0.08895183354616165,0.5,0.5,1.0,1.0
6,5700,25000,0.2666405141353607,0.37374383211135864,9.99999905104687e-09,1.0,9.99999905104687e-09,1.5397949027828872e-05,0.0001516598858870566,0.0008719847537577152,0.00412341533228755,0.018526379019021988,0.08741824328899384,0.5,0.5,1.0,1.0
6,5710,25000,0.2666130065917969,0.3737461268901825,9.99999905104687e-09,1.0,9.99999905104687e-09,1.5379273463622667e-05,0.00015202889335341752,0.0008634929545223713,0.004179044626653194,0.018618684262037277,0.0880318135023117,0.5,0.5,1.0,1.0
6,5720,25000,0.2667013704776764,0.3737661838531494,9.99999905104687e-09,1.0,9.99999905104687e-09,1.5357332813437097e-05,0.000151597210788168,0.000879147439263761,0.004154546651989222,0.018672769889235497,0.08796027302742004,0.5,0.5,1.0,1.0
6,5730,25000,0.2667187452316284,0.373770534992218,9.99999905104687e-09,1.0,9.99999905104687e-09,1.5413894288940355e-05,0.0001503780367784202,0.0008641290478408337,0.004156546201556921,0.0186007097363472,0.0885782241821289,0.5,0.5,1.0,1.0
6,5740,25000,0.26670554280281067,0.3737547993659973,9.99999905104687e-09,1.0,9.99999905104687e-09,1.5353572962339967e-05,0.00015103966870810837,0.0008724407525733113,0.004172628745436668,0.018712956458330154,0.08822090923786163,0.5,0.5,1.0,1.0
6,5750,25000,0.26663199067115784,0.3737580180168152,9.99999905104687e-09,1.0,9.99999905104687e-09,1.5195519154076464e-05,0.00015148533566389233,0.0008722355705685914,0.004182642325758934,0.01856064423918724,0.08782375603914261,0.5,0.5,1.0,1.0
6,5760,25000,0.26665446162223816,0.37373921275138855,9.99999905104687e-09,1.0,9.99999905104687e-09,1.52708435052773e-05,0.0001515773474238813,0.0008759705815464258,0.004174938891083002,0.018738778308033943,0.08838589489459991,0.5,0.5,1.0,1.0
6,5770,25000,0.2665911316871643,0.3737296164035797,9.99999905104687e-09,1.0,9.99999905104687e-09,1.5228617485263385e-05,0.0001529842265881598,0.0008768991101533175,0.004160016775131226,0.018458880484104156,0.08797962218523026,0.5,0.5,1.0,1.0
6,5780,25000,0.26664870977401733,0.3737452030181885,9.99999905104687e-09,1.0,9.99999905104687e-09,1.5358926248154603e-05,0.00015071555390022695,0.0008681970648467541,0.004146673250943422,0.01856227219104767,0.08834189921617508,0.5,0.5,1.0,1.0
6,5790,25000,0.26668572425842285,0.37371551990509033,9.99999905104687e-09,1.0,9.99999905104687e-09,1.5342508049798198e-05,0.00015176039596553892,0.0008743016514927149,0.004160205367952585,0.018523909151554108,0.08894064277410507,0.5,0.5,1.0,1.0
6,5800,25000,0.26670530438423157,0.37378889322280884,9.99999905104687e-09,1.0,9.99999905104687e-09,1.505971795268124e-05,0.0001501238439232111,0.000865661189891398,0.004142444580793381,0.018555903807282448,0.08823946118354797,0.5,0.5,1.0,1.0
6,5810,25000,0.2666986882686615,0.37380608916282654,9.99999905104687e-09,1.0,9.99999905104687e-09,1.5132535736483987e-05,0.00015188465476967394,0.0008698191377334297,0.004177150782197714,0.018563684076070786,0.08811118453741074,0.5,0.5,1.0,1.0
6,5820,25000,0.2667001783847809,0.3737427890300751,9.99999905104687e-09,1.0,9.99999905104687e-09,1.5493398677790537e-05,0.00015118169540073723,0.0008817349444143474,0.004179719835519791,0.01859782636165619,0.08806420862674713,0.5,0.5,1.0,1.0
6,5830,25000,0.26667991280555725,0.3737551271915436,9.99999905104687e-09,1.0,9.99999905104687e-09,1.5625302694388665e-05,0.00015212531434372067,0.0008743819780647755,0.004203552380204201,0.0186056736856699,0.08831053972244263,0.5,0.5,1.0,1.0
6,5840,25000,0.2666667103767395,0.37374621629714966,9.99999905104687e-09,1.0,9.99999905104687e-09,1.5244976566464175e-05,0.00015106159844435751,0.0008771377615630627,0.004186272621154785,0.01856638304889202,0.08815371245145798,0.5,0.5,1.0,1.0
6,5850,25000,0.26676633954048157,0.3737514019012451,9.99999905104687e-09,1.0,9.99999905104687e-09,1.5367175365099683e-05,0.00015123080811463296,0.0008743527578189969,0.004209727514535189,0.018885299563407898,0.08876408636569977,0.5,0.5,1.0,1.0
6,5860,25000,0.26678070425987244,0.3737855553627014,9.99999905104687e-09,1.0,9.99999905104687e-09,1.547445572214201e-05,0.00015205408271867782,0.0008749135304242373,0.004190810490399599,0.01864979788661003,0.08843810111284256,0.5,0.5,1.0,1.0
6,5870,25000,0.2666924297809601,0.37374821305274963,9.99999905104687e-09,1.0,9.99999905104687e-09,1.5094853552000131e-05,0.00015275683836080134,0.0008764808881096542,0.0041600121185183525,0.018679121509194374,0.08834125101566315,0.5,0.5,1.0,1.0
6,5880,25000,0.26652756333351135,0.3737315833568573,9.99999905104687e-09,1.0,9.99999905104687e-09,1.5371115296147764e-05,0.0001512226153863594,0.000866878021042794,0.004149856045842171,0.018593216314911842,0.08740219473838806,0.5,0.5,1.0,1.0
6,5890,25000,0.26674512028694153,0.3737691640853882,9.99999905104687e-09,1.0,9.99999905104687e-09,1.5299963706638664e-05,0.00015209068078547716,0.0008782773511484265,0.004197683651000261,0.018615951761603355,0.08826658874750137,0.5,0.5,1.0,1.0
6,5900,25000,0.2667352855205536,0.3737786114215851,9.99999905104687e-09,1.0,9.99999905104687e-09,1.520546356914565e-05,0.00015133169654291123,0.0008689966634847224,0.004150294698774815,0.018589984625577927,0.0888727679848671,0.5,0.5,1.0,1.0
6,5910,25000,0.2666681706905365,0.37376073002815247,9.99999905104687e-09,1.0,9.99999905104687e-09,1.54481331264833e-05,0.00015058816643431783,0.0008665870991535485,0.004148318897932768,0.018543008714914322,0.08866716921329498,0.5,0.5,1.0,1.0
6,5920,25000,0.26660773158073425,0.37376371026039124,9.99999905104687e-09,1.0,9.99999905104687e-09,1.5184534277068451e-05,0.00015089371299836785,0.0008690497488714755,0.00419857120141387,0.018595613539218903,0.08801014721393585,0.5,0.5,1.0,1.0
6,5930,25000,0.2666752338409424,0.37377268075942993,9.99999905104687e-09,1.0,9.99999905104687e-09,1.5202492249954958e-05,0.00015217997133731842,0.0008710671681910753,0.004166973289102316,0.018445691093802452,0.08802276104688644,0.5,0.5,1.0,1.0
6,5940,25000,0.2667151689529419,0.37377703189849854,9.99999905104687e-09,1.0,9.99999905104687e-09,1.5240274478856008e-05,0.0001513907773187384,0.0008641154854558408,0.004186578094959259,0.01848713681101799,0.08855149894952774,0.5,0.5,1.0,1.0
6,5950,25000,0.26669660210609436,0.3737705945968628,9.99999905104687e-09,1.0,9.99999905104687e-09,1.5299769074772485e-05,0.00015153094136621803,0.0008677373989485204,0.004168344661593437,0.018582580611109734,0.08849621564149857,0.5,0.5,1.0,1.0
6,5960,25000,0.266719251871109,0.3737739622592926,9.99999905104687e-09,1.0,9.99999905104687e-09,1.53146538650617e-05,0.0001504683750681579,0.0008705838699825108,0.004177675116807222,0.01862546056509018,0.0881400853395462,0.5,0.5,1.0,1.0
6,5970,25000,0.2666626572608948,0.3737505376338959,9.99999905104687e-09,1.0,9.99999905104687e-09,1.5410631021950394e-05,0.00015153471031226218,0.0008756687166169286,0.004170823376625776,0.01850784197449684,0.08800262957811356,0.5,0.5,1.0,1.0
6,5980,25000,0.26659223437309265,0.3737524151802063,9.99999905104687e-09,1.0,9.99999905104687e-09,1.5247266674123239e-05,0.00015254406025633216,0.0008774313027970493,0.0041966624557971954,0.018495935946702957,0.08806388825178146,0.5,0.5,1.0,1.0
6,5990,25000,0.2666281461715698,0.3737099766731262,9.99999905104687e-09,1.0,9.99999905104687e-09,1.5288909708033316e-05,0.0001515440089860931,0.0008708372479304671,0.004191670101135969,0.018562449142336845,0.08784698694944382,0.5,0.5,1.0,1.0
6,6000,25000,0.26668116450309753,0.3737776577472687,9.99999905104687e-09,1.0,9.99999905104687e-09,1.532843270979356e-05,0.00015116609574761242,0.0008700017933733761,0.004143888596445322,0.018516885116696358,0.08863700926303864,0.5,0.5,1.0,1.0
6,6010,25000,0.26668664813041687,0.3737736642360687,9.99999905104687e-09,1.0,9.99999905104687e-09,1.536832860438153e-05,0.00014921653200872242,0.0008682379266247153,0.004136459901928902,0.01861746236681938,0.08896919339895248,0.5,0.5,1.0,1.0
6,6020,25000,0.2666867673397064,0.3737527132034302,9.99999905104687e-09,1.0,9.99999905104687e-09,1.5207955584628507e-05,0.0001516635384177789,0.0008682762272655964,0.004194498062133789,0.018563460558652878,0.08786199986934662,0.5,0.5,1.0,1.0
6,6030,25000,0.26664984226226807,0.37373086810112,9.99999905104687e-09,1.0,9.99999905104687e-09,1.5217569853120949e-05,0.00015028894995339215,0.0008684275089763105,0.004136322531849146,0.018650751560926437,0.08836539834737778,0.5,0.5,1.0,1.0
6,6040,25000,0.26669061183929443,0.37370455265045166,9.99999905104687e-09,1.0,9.99999905104687e-09,1.5183614777924959e-05,0.00015076865383889526,0.000868878560140729,0.0041910563595592976,0.018647629767656326,0.08844996988773346,0.5,0.5,1.0,1.0
6,6050,25000,0.26665979623794556,0.3737829923629761,9.99999905104687e-09,1.0,9.99999905104687e-09,1.5316631106543355e-05,0.0001510762667749077,0.0008762175566516817,0.0041590468026697636,0.018572086468338966,0.08811916410923004,0.5,0.5,1.0,1.0
6,6060,25000,0.26670578122138977,0.3737686574459076,9.99999905104687e-09,1.0,9.99999905104687e-09,1.522997990832664e-05,0.00015276401245500892,0.0008724165963940322,0.004182287026196718,0.018599752336740494,0.08764839172363281,0.5,0.5,1.0,1.0
6,6070,25000,0.26663392782211304,0.3737678527832031,9.99999905104687e-09,1.0,9.99999905104687e-09,1.5440173228853382e-05,0.00015383203572127968,0.0008667387301102281,0.004165653605014086,0.018415477126836777,0.08788824081420898,0.5,0.5,1.0,1.0
6,6080,25000,0.2667085528373718,0.37373995780944824,9.99999905104687e-09,1.0,9.99999905104687e-09,1.5210730452963617e-05,0.00015124364290386438,0.0008695036522112787,0.004224568139761686,0.018662642687559128,0.08876331150531769,0.5,0.5,1.0,1.0
6,6090,25000,0.2667297124862671,0.3737660348415375,9.99999905104687e-09,1.0,9.99999905104687e-09,1.5235414139169734e-05,0.0001515291369287297,0.0008741538040339947,0.004188502673059702,0.01857656240463257,0.0882851779460907,0.5,0.5,1.0,1.0
6,6100,25000,0.26680392026901245,0.3737611472606659,9.99999905104687e-09,1.0,9.99999905104687e-09,1.5474222891498357e-05,0.00015158609312493354,0.000877291546203196,0.004187067970633507,0.018633190542459488,0.0887889564037323,0.5,0.5,1.0,1.0
6,6110,25000,0.26671749353408813,0.3737901747226715,9.99999905104687e-09,1.0,9.99999905104687e-09,1.532067653897684e-05,0.00015147344674915075,0.0008689049864187837,0.0041816928423941135,0.018651742488145828,0.08806922286748886,0.5,0.5,1.0,1.0
6,6120,25000,0.26674699783325195,0.3737640380859375,9.99999905104687e-09,1.0,9.99999905104687e-09,1.532274836790748e-05,0.00015242889639921486,0.0008742373902350664,0.004143452271819115,0.01851603575050831,0.0883948877453804,0.5,0.5,1.0,1.0
6,6130,25000,0.26667243242263794,0.37375348806381226,9.99999905104687e-09,1.0,9.99999905104687e-09,1.5346975487773307e-05,0.0001510028087068349,0.0008691034745424986,0.004144131205976009,0.01849631778895855,0.08844846487045288,0.5,0.5,1.0,1.0
6,6140,25000,0.2667232155799866,0.3737858235836029,9.99999905104687e-09,1.0,9.99999905104687e-09,1.5367915693786927e-05,0.00015084257756825536,0.0008740823250263929,0.0041879452764987946,0.018580736592411995,0.08829400688409805,0.5,0.5,1.0,1.0
6,6150,25000,0.26675885915756226,0.37377455830574036,9.99999905104687e-09,1.0,9.99999905104687e-09,1.5297538993763737e-05,0.00015101883036550134,0.0008732910500839353,0.004174524452537298,0.01863029971718788,0.08847479522228241,0.5,0.5000022053718567,1.0,1.0
6,6160,25000,0.2666873037815094,0.3737252354621887,9.99999905104687e-09,1.0,9.99999905104687e-09,1.5204860574158374e-05,0.00015122858167160302,0.0008708289824426174,0.004163510166108608,0.018345925956964493,0.0890057310461998,0.5,0.5,1.0,1.0
6,6170,25000,0.2666020691394806,0.373753160238266,9.99999905104687e-09,1.0,9.99999905104687e-09,1.5334258932853118e-05,0.00015216933388728648,0.0008665230707265437,0.004147022496908903,0.01856110617518425,0.08789583295583725,0.5,0.5,1.0,1.0
6,6180,25000,0.26662102341651917,0.37373948097229004,9.99999905104687e-09,1.0,9.99999905104687e-09,1.535478986625094e-05,0.00015194890147540718,0.0008716488373465836,0.004165503196418285,0.018462078645825386,0.08776000142097473,0.5,0.5,1.0,1.0
6,6190,25000,0.2666654884815216,0.37376099824905396,9.99999905104687e-09,1.0,9.99999905104687e-09,1.5235409591696225e-05,0.00015159280155785382,0.0008687321678735316,0.004139631520956755,0.018450913950800896,0.08822661638259888,0.5,0.5,1.0,1.0
6,6200,25000,0.2666590213775635,0.3737432360649109,9.99999905104687e-09,1.0,9.99999905104687e-09,1.5508829164900817e-05,0.00015243247617036104,0.0008726941887289286,0.004136744886636734,0.018489014357328415,0.08857948333024979,0.5,0.5,1.0,1.0
6,6210,25000,0.26677295565605164,0.37377437949180603,9.99999905104687e-09,1.0,9.99999905104687e-09,1.537810567242559e-05,0.00015136260481085628,0.0008642547181807458,0.004144134931266308,0.018588554114103317,0.08893314003944397,0.5,0.5,1.0,1.0
6,6220,25000,0.26666319370269775,0.3737548291683197,9.99999905104687e-09,1.0,9.99999905104687e-09,1.530308145447634e-05,0.00015123946650419384,0.0008674020646139979,0.004148988518863916,0.01853606477379799,0.08826863765716553,0.5,0.5,1.0,1.0
6,6230,25000,0.26671302318573,0.3738013505935669,9.99999905104687e-09,1.0,9.99999905104687e-09,1.5165208424150478e-05,0.0001513846218585968,0.0008746006060391665,0.004196871537715197,0.018667001277208328,0.08830389380455017,0.5,0.5,1.0,1.0
6,6240,25000,0.26669079065322876,0.37375158071517944,9.99999905104687e-09,1.0,9.99999905104687e-09,1.522917955298908e-05,0.00015157645975705236,0.0008718149038031697,0.004174558911472559,0.018540620803833008,0.0885259136557579,0.5,0.5,1.0,1.0
6,6250,25000,0.2666753828525543,0.3737544119358063,9.99999905104687e-09,1.0,9.99999905104687e-09,1.5262068700394593e-05,0.00015202815120574087,0.0008655043784528971,0.004157633520662785,0.018623005598783493,0.08848867565393448,0.5,0.5,1.0,1.0
6,6260,25000,0.266662061214447,0.37372520565986633,9.99999905104687e-09,1.0,9.99999905104687e-09,1.533849172119517e-05,0.0001517641794634983,0.0008764122030697763,0.004166289698332548,0.018641769886016846,0.08873457461595535,0.5,0.5,1.0,1.0
6,6270,25000,0.2666691541671753,0.37372520565986633,9.99999905104687e-09,1.0,9.99999905104687e-09,1.5296758647309616e-05,0.00015134095156099647,0.0008726592641323805,0.00416238559409976,0.018697798252105713,0.08830614387989044,0.5,0.5,1.0,1.0
6,6280,25000,0.26667916774749756,0.3737455904483795,9.99999905104687e-09,1.0,9.99999905104687e-09,1.535997580504045e-05,0.00015092834655661136,0.0008705972577445209,0.004148373380303383,0.018576379865407944,0.08872906863689423,0.5,0.5,1.0,1.0
6,6290,25000,0.26667648553848267,0.37376463413238525,9.99999905104687e-09,1.0,9.99999905104687e-09,1.540092307550367e-05,0.00015032470400910825,0.0008733529830351472,0.00420033186674118,0.01852385886013508,0.0881567969918251,0.5,0.5,1.0,1.0
6,6300,25000,0.26664260029792786,0.37370410561561584,9.99999905104687e-09,1.0,9.99999905104687e-09,1.5376677765743807e-05,0.00015271108713932335,0.000876045145560056,0.004203643649816513,0.018648818135261536,0.08814398944377899,0.5,0.5,1.0,1.0
6,6310,25000,0.2667683959007263,0.3737910985946655,9.99999905104687e-09,1.0,9.99999905104687e-09,1.526706910226494e-05,0.0001525997358839959,0.0008685962529852986,0.0041494895704090595,0.018685761839151382,0.08798571676015854,0.5,0.5,1.0,1.0
6,6320,25000,0.2666972875595093,0.37376081943511963,9.99999905104687e-09,1.0,9.99999905104687e-09,1.5218280168483034e-05,0.0001511404407210648,0.000872123462613672,0.004150954075157642,0.018638810142874718,0.08832379430532455,0.5,0.5,1.0,1.0
6,6330,25000,0.26656869053840637,0.3737029731273651,9.99999905104687e-09,1.0,9.99999905104687e-09,1.5261673979694024e-05,0.0001519963552709669,0.00086859060684219,0.004158861935138702,0.018572254106402397,0.08824454247951508,0.5,0.5,1.0,1.0
6,6340,25000,0.2667454481124878,0.3737431466579437,9.99999905104687e-09,1.0,9.99999905104687e-09,1.5241284017974976e-05,0.0001516832853667438,0.0008700420148670673,0.004207117948681116,0.018713809549808502,0.08840197324752808,0.5,0.5,1.0,1.0
6,6350,25000,0.2666877210140228,0.3737795054912567,9.99999905104687e-09,1.0,9.99999905104687e-09,1.5235572391247842e-05,0.00015156959125306457,0.0008699065074324608,0.00418415293097496,0.01854267716407776,0.08820295333862305,0.5,0.5,1.0,1.0
6,6360,25000,0.2666811943054199,0.37375593185424805,9.99999905104687e-09,1.0,9.99999905104687e-09,1.5352978152805008e-05,0.00015037509729154408,0.0008765356033109128,0.004144174512475729,0.018425509333610535,0.08870601654052734,0.5,0.5,1.0,1.0
6,6370,25000,0.26671531796455383,0.3737742304801941,9.99999905104687e-09,1.0,9.99999905104687e-09,1.5188679753919132e-05,0.00015147381054703146,0.0008713703718967736,0.004178000148385763,0.018461737781763077,0.08813069760799408,0.5,0.5,1.0,1.0
6,6380,25000,0.2667005658149719,0.37373819947242737,9.99999905104687e-09,1.0,9.99999905104687e-09,1.5259874999173917e-05,0.00015119544696062803,0.0008690989925526083,0.0041898516938090324,0.018495675176382065,0.08885835856199265,0.5,0.5,1.0,1.0
6,6390,25000,0.2666647136211395,0.37376344203948975,9.99999905104687e-09,1.0,9.99999905104687e-09,1.5298595826607198e-05,0.000151613523485139,0.0008674879791215062,0.004169943742454052,0.01858159899711609,0.08826912194490433,0.5,0.5,1.0,1.0
6,6400,25000,0.2666783332824707,0.373750239610672,9.99999905104687e-09,1.0,9.99999905104687e-09,1.536722447781358e-05,0.0001518356875749305,0.0008757073665037751,0.004186478443443775,0.018410231918096542,0.08859961479902267,0.5,0.5,1.0,1.0
6,6410,25000,0.2667136490345001,0.37378689646720886,9.99999905104687e-09,1.0,9.99999905104687e-09,1.5295787306968123e-05,0.00015127389633562416,0.0008711757254786789,0.004156317561864853,0.01850196346640587,0.08798711001873016,0.5,0.5,1.0,1.0
6,6420,25000,0.26673662662506104,0.3737993836402893,9.99999905104687e-09,1.0,9.99999905104687e-09,1.5256348888215143e-05,0.00015145580982789397,0.0008720441837795079,0.004198562353849411,0.01855781301856041,0.08804472535848618,0.5,0.5,1.0,1.0
6,6430,25000,0.26664355397224426,0.3737289309501648,9.99999905104687e-09,1.0,9.99999905104687e-09,1.5333864212152548e-05,0.00015105116472113878,0.0008701246697455645,0.004167008679360151,0.018604163080453873,0.08862223476171494,0.5,0.5,1.0,1.0
6,6440,25000,0.2667059302330017,0.37377139925956726,9.99999905104687e-09,1.0,9.99999905104687e-09,1.534708462713752e-05,0.00015118622104637325,0.0008652360993437469,0.004166199825704098,0.018607478588819504,0.08821263909339905,0.5,0.5,1.0,1.0
6,6450,25000,0.26667967438697815,0.3737362027168274,9.99999905104687e-09,1.0,9.99999905104687e-09,1.5280695151886903e-05,0.000151355387060903,0.0008751401328481734,0.0041703092865645885,0.018470967188477516,0.08836528658866882,0.5,0.5,1.0,1.0
6,6460,25000,0.26668238639831543,0.37375831604003906,9.99999905104687e-09,1.0,9.99999905104687e-09,1.5274785255314782e-05,0.00014988030306994915,0.0008687779190950096,0.004178978502750397,0.0186154767870903,0.08900168538093567,0.5,0.5,1.0,1.0
6,6470,25000,0.26670488715171814,0.373731404542923,9.99999905104687e-09,1.0,9.99999905104687e-09,1.52861830429174e-05,0.00015113764675334096,0.000867898459546268,0.004157722927629948,0.01865980587899685,0.08832965791225433,0.5,0.5,1.0,1.0
6,6480,25000,0.26669633388519287,0.37377074360847473,9.99999905104687e-09,1.0,9.99999905104687e-09,1.519479883427266e-05,0.00015165531658567488,0.0008720892365090549,0.004172923043370247,0.018482832238078117,0.08823800086975098,0.5,0.5,1.0,1.0
6,6490,25000,0.26668161153793335,0.37377259135246277,9.99999905104687e-09,1.0,9.99999905104687e-09,1.5301096937037073e-05,0.00015161211194936186,0.0008771436987444758,0.0041868239641189575,0.01858370378613472,0.08832038193941116,0.5,0.5,1.0,1.0
6,6500,25000,0.266724169254303,0.373759001493454,9.99999905104687e-09,1.0,9.99999905104687e-09,1.5397317838505842e-05,0.00015031379007268697,0.0008730091503821313,0.004137747455388308,0.018389422446489334,0.0884736031293869,0.5,0.5,1.0,1.0
6,6510,25000,0.2666700482368469,0.3737713098526001,9.99999905104687e-09,1.0,9.99999905104687e-09,1.5237696970871184e-05,0.00015186895325314254,0.0008707874803803861,0.00415284838527441,0.018453899770975113,0.08806189149618149,0.5,0.5,1.0,1.0
6,6520,25000,0.26667407155036926,0.37373051047325134,9.99999905104687e-09,1.0,9.99999905104687e-09,1.5259438441717066e-05,0.00015140562027227134,0.0008777949260547757,0.004171552136540413,0.018541965633630753,0.08813219517469406,0.5,0.5,1.0,1.0
6,6530,25000,0.2667001187801361,0.37376904487609863,9.99999905104687e-09,1.0,9.99999905104687e-09,1.5378314856206998e-05,0.000152786829858087,0.0008659893646836281,0.004143783822655678,0.018556494265794754,0.08816416561603546,0.5,0.5,1.0,1.0
6,6540,25000,0.2666942775249481,0.37376031279563904,9.99999905104687e-09,1.0,9.99999905104687e-09,1.5227506082737818e-05,0.00015100563177838922,0.000875443103723228,0.004198185633867979,0.018645022064447403,0.08852018415927887,0.5,0.5,1.0,1.0
6,6550,25000,0.26661649346351624,0.37373849749565125,9.99999905104687e-09,1.0,9.99999905104687e-09,1.516498377895914e-05,0.0001520295481896028,0.0008764241938479245,0.004217685665935278,0.018558891490101814,0.08788654208183289,0.5,0.5,1.0,1.0
6,6560,25000,0.2666463553905487,0.3737376928329468,9.99999905104687e-09,1.0,9.99999905104687e-09,1.55125144374324e-05,0.0001527530257590115,0.0008760638302192092,0.00416303426027298,0.018437663093209267,0.08858887851238251,0.5,0.5,1.0,1.0
6,6570,25000,0.266655296087265,0.37378108501434326,9.99999905104687e-09,1.0,9.99999905104687e-09,1.5243468624248635e-05,0.0001510667789261788,0.0008741024066694081,0.004170692525804043,0.018551062792539597,0.08840647339820862,0.5,0.5,1.0,1.0
6,6580,25000,0.266666054725647,0.37375226616859436,9.99999905104687e-09,1.0,9.99999905104687e-09,1.5372988855233416e-05,0.00015063692990224808,0.0008608310599811375,0.004159233067184687,0.01848282665014267,0.0882127434015274,0.5,0.5,1.0,1.0
6,6590,25000,0.2666606605052948,0.37369057536125183,9.99999905104687e-09,1.0,9.99999905104687e-09,1.5447885743924417e-05,0.00015115896530915052,0.0008733306312933564,0.00419861264526844,0.018599720671772957,0.08886804431676865,0.5,0.5,1.0,1.0
6,6600,25000,0.26663509011268616,0.37376469373703003,9.99999905104687e-09,1.0,9.99999905104687e-09,1.5288487702491693e-05,0.0001522520324215293,0.0008649920928291976,0.004144922364503145,0.018551409244537354,0.08829407393932343,0.5,0.5,1.0,1.0
6,6610,25000,0.2666877508163452,0.37376534938812256,9.99999905104687e-09,1.0,9.99999905104687e-09,1.5080493540153839e-05,0.00015129247913137078,0.000866795249748975,0.00416072690859437,0.01858113706111908,0.08860202878713608,0.5,0.5,1.0,1.0
6,6620,25000,0.2666349411010742,0.3737472593784332,9.99999905104687e-09,1.0,9.99999905104687e-09,1.5104889826034196e-05,0.00015070996596477926,0.000872722128406167,0.004181175492703915,0.018656466156244278,0.08809730410575867,0.5,0.5,1.0,1.0
6,6630,25000,0.2666815519332886,0.3737921416759491,9.99999905104687e-09,1.0,9.99999905104687e-09,1.5338027878897265e-05,0.00015047163469716907,0.0008756115566939116,0.0042050667107105255,0.01861201785504818,0.0879383459687233,0.5,0.5,1.0,1.0
6,6640,25000,0.26677635312080383,0.3738043010234833,9.99999905104687e-09,1.0,9.99999905104687e-09,1.5234207239700481e-05,0.0001525966654298827,0.0008722502971068025,0.004180695861577988,0.01841425895690918,0.08870245516300201,0.5,0.5,1.0,1.0
6,6650,25000,0.26672688126564026,0.37377944588661194,9.99999905104687e-09,1.0,9.99999905104687e-09,1.5330671885749325e-05,0.00015143051859922707,0.0008716739830560982,0.0042039696127176285,0.01864711567759514,0.0884522795677185,0.5,0.5,1.0,1.0
6,6660,25000,0.26668059825897217,0.37374618649482727,9.99999905104687e-09,1.0,9.99999905104687e-09,1.5307747162296437e-05,0.00015152207924984396,0.0008798170019872487,0.004182650242000818,0.01859317347407341,0.08858820796012878,0.5,0.5,1.0,1.0
6,6670,25000,0.26666459441185,0.3737819790840149,9.99999905104687e-09,1.0,9.99999905104687e-09,1.5233382328005973e-05,0.00015144275675993413,0.0008678546873852611,0.004144625272601843,0.018556255847215652,0.0886402577161789,0.5,0.5,1.0,1.0
6,6680,25000,0.2666122615337372,0.37374722957611084,9.99999905104687e-09,1.0,9.99999905104687e-09,1.5326289940276183e-05,0.0001514037576271221,0.0008667407091706991,0.0041594295762479305,0.018405470997095108,0.0883038341999054,0.5,0.5,1.0,1.0
6,6690,25000,0.2667638659477234,0.3737809658050537,9.99999905104687e-09,1.0,9.99999905104687e-09,1.547489591757767e-05,0.0001509182620793581,0.0008641787571832538,0.00418102415278554,0.018685635179281235,0.08867984265089035,0.5,0.5,1.0,1.0
6,6700,25000,0.2667320966720581,0.37376290559768677,9.99999905104687e-09,1.0,9.99999905104687e-09,1.5273459212039597e-05,0.00015278473438229412,0.000875674479175359,0.004154058173298836,0.018570804968476295,0.08887629956007004,0.5,0.5,1.0,1.0
6,6710,25000,0.26670169830322266,0.3737715482711792,9.99999905104687e-09,1.0,9.99999905104687e-09,1.5102274119271897e-05,0.00015194961451925337,0.0008706621592864394,0.004145798739045858,0.01843002252280712,0.08788969367742538,0.5,0.5,1.0,1.0
6,6720,25000,0.2666930556297302,0.37374332547187805,9.99999905104687e-09,1.0,9.99999905104687e-09,1.526609412394464e-05,0.00015119787713047117,0.0008832041057758033,0.004187923390418291,0.01851586624979973,0.08811944723129272,0.5,0.5,1.0,1.0
6,6730,25000,0.2666950821876526,0.37375715374946594,9.99999905104687e-09,1.0,9.99999905104687e-09,1.5299212464015e-05,0.00015206054376903921,0.0008685992797836661,0.004219174385070801,0.018607597798109055,0.0886368528008461,0.5,0.5,1.0,1.0
6,6740,25000,0.2666269540786743,0.3737315535545349,9.99999905104687e-09,1.0,9.99999905104687e-09,1.5307608919101767e-05,0.00015183647337835282,0.0008706773514859378,0.004166797269135714,0.01849382370710373,0.08881991356611252,0.5,0.5,1.0,1.0
6,6750,25000,0.2667011022567749,0.3737671673297882,9.99999905104687e-09,1.0,9.99999905104687e-09,1.5399880794575438e-05,0.00015127116057556123,0.0008684010826982558,0.004175250884145498,0.018739040940999985,0.08836694061756134,0.5,0.5,1.0,1.0
6,6760,25000,0.2666730582714081,0.3737630248069763,9.99999905104687e-09,1.0,9.99999905104687e-09,1.5187932149274275e-05,0.00015099204028956592,0.0008606899646110833,0.0041565983556210995,0.018496066331863403,0.08826000988483429,0.5,0.5,1.0,1.0
6,6770,25000,0.2666233479976654,0.37374576926231384,9.99999905104687e-09,1.0,9.99999905104687e-09,1.5333323972299695e-05,0.00015161719056777656,0.00087028369307518,0.004160623531788588,0.0184810608625412,0.08805226534605026,0.5,0.5,1.0,1.0
6,6780,25000,0.2666555345058441,0.37374645471572876,9.99999905104687e-09,1.0,9.99999905104687e-09,1.5280116713256575e-05,0.00015025984612293541,0.0008791920263320208,0.0041810073889791965,0.018586348742246628,0.0885353833436966,0.5,0.5,1.0,1.0
6,6790,25000,0.2665664255619049,0.37371817231178284,9.99999905104687e-09,1.0,9.99999905104687e-09,1.5397830793517642e-05,0.00015025485481601208,0.0008687087101861835,0.0041884263046085835,0.018546871840953827,0.08836901932954788,0.5,0.5,1.0,1.0
6,6800,25000,0.2667207419872284,0.37376198172569275,9.99999905104687e-09,1.0,9.99999905104687e-09,1.5474150131922215e-05,0.0001525398256490007,0.0008744994993321598,0.00414637103676796,0.018566306680440903,0.08794527500867844,0.5,0.5,1.0,1.0
6,6810,25000,0.2666175365447998,0.3737371563911438,9.99999905104687e-09,1.0,9.99999905104687e-09,1.5148848433454987e-05,0.0001522138190921396,0.0008774098823778331,0.004172428511083126,0.01854495331645012,0.08792541176080704,0.5,0.5,1.0,1.0
6,6820,25000,0.2667073905467987,0.3737327754497528,9.99999905104687e-09,1.0,9.99999905104687e-09,1.5435141904163174e-05,0.000149839703226462,0.0008679667953401804,0.004203540273010731,0.018562965095043182,0.0890606939792633,0.5,0.5,1.0,1.0
6,6830,25000,0.2666904628276825,0.3737591505050659,9.99999905104687e-09,1.0,9.99999905104687e-09,1.539012555440422e-05,0.00015028531197458506,0.0008748818072490394,0.004145470913499594,0.018553681671619415,0.08832164853811264,0.5,0.5,1.0,1.0
6,6840,25000,0.266656756401062,0.3737674653530121,9.99999905104687e-09,1.0,9.99999905104687e-09,1.530572262709029e-05,0.00015162020281422883,0.0008757849573157728,0.0041910139843821526,0.018581300973892212,0.08809638768434525,0.5,0.5,1.0,1.0
6,6850,25000,0.2666947841644287,0.3737529516220093,9.99999905104687e-09,1.0,9.99999905104687e-09,1.544412225484848e-05,0.0001516509073553607,0.0008800970390439034,0.00416231993585825,0.018451882526278496,0.08817484974861145,0.5,0.5,1.0,1.0
6,6860,25000,0.26666459441185,0.37375473976135254,9.99999905104687e-09,1.0,9.99999905104687e-09,1.525416155345738e-05,0.00015125522622838616,0.0008708985988050699,0.0041612181812524796,0.018542025238275528,0.08845824003219604,0.5,0.5,1.0,1.0
6,6870,25000,0.2666180431842804,0.3737059235572815,9.99999905104687e-09,1.0,9.99999905104687e-09,1.528993743704632e-05,0.00015025331231299788,0.0008727355161681771,0.004188664257526398,0.0184808187186718,0.08830974996089935,0.5,0.5,1.0,1.0
6,6880,25000,0.2666563093662262,0.37373021245002747,9.99999905104687e-09,1.0,9.99999905104687e-09,1.5184285075520165e-05,0.00015052943490445614,0.0008734677103348076,0.004170526284724474,0.018529370427131653,0.08819565922021866,0.5,0.5,1.0,1.0
6,6890,25000,0.26673489809036255,0.373740017414093,9.99999905104687e-09,1.0,9.99999905104687e-09,1.5328505469369702e-05,0.0001497965567978099,0.0008794071618467569,0.004179993644356728,0.018654093146324158,0.08927540481090546,0.5,0.5,1.0,1.0
6,6900,25000,0.26668640971183777,0.37377235293388367,9.99999905104687e-09,1.0,9.99999905104687e-09,1.533451722934842e-05,0.00015147564408835024,0.0008715700823813677,0.004186818841844797,0.01861497014760971,0.0883328765630722,0.5,0.5,1.0,1.0
6,6910,25000,0.2666601836681366,0.37370774149894714,9.99999905104687e-09,1.0,9.99999905104687e-09,1.5185938536887988e-05,0.00015052221715450287,0.0008724741637706757,0.004158410243690014,0.018599627539515495,0.08827394247055054,0.5,0.5,1.0,1.0
6,6920,25000,0.2666594386100769,0.3737538158893585,9.99999905104687e-09,1.0,9.99999905104687e-09,1.5134513887460344e-05,0.0001495822361903265,0.0008719359757378697,0.004152658395469189,0.01868315599858761,0.0888020321726799,0.5,0.5,1.0,1.0
6,6930,25000,0.26665663719177246,0.37374457716941833,9.99999905104687e-09,1.0,9.99999905104687e-09,1.5279350918717682e-05,0.00015146781515795738,0.0008703024941496551,0.004203404299914837,0.018498055636882782,0.0884433314204216,0.5,0.5,1.0,1.0
6,6940,25000,0.26665595173835754,0.3737308084964752,9.99999905104687e-09,1.0,9.99999905104687e-09,1.528954271634575e-05,0.00015264234389178455,0.0008698413148522377,0.004161253571510315,0.01859216019511223,0.08848277479410172,0.5,0.5,1.0,1.0
6,6950,25000,0.26668626070022583,0.3737240135669708,9.99999905104687e-09,1.0,9.99999905104687e-09,1.5359515600721352e-05,0.00015276331396307796,0.0008728318498469889,0.004149364307522774,0.018671713769435883,0.08843767642974854,0.5,0.5,1.0,1.0
6,6960,25000,0.2666711211204529,0.3737715482711792,9.99999905104687e-09,1.0,9.99999905104687e-09,1.5309582522604614e-05,0.00015169152175076306,0.0008755503804422915,0.004149635788053274,0.01857680454850197,0.08827655762434006,0.5,0.5,1.0,1.0
6,6970,25000,0.26671284437179565,0.37377771735191345,9.99999905104687e-09,1.0,9.99999905104687e-09,1.537955176900141e-05,0.0001501465158071369,0.0008706935914233327,0.00416583614423871,0.01844753697514534,0.08803607523441315,0.5,0.5,1.0,1.0
6,6980,25000,0.26666074991226196,0.37375175952911377,9.99999905104687e-09,1.0,9.99999905104687e-09,1.5365632862085477e-05,0.0001519222278147936,0.0008717991877347231,0.004146751016378403,0.018575042486190796,0.08836866170167923,0.5,0.5,1.0,1.0
6,6990,25000,0.266676127910614,0.37375780940055847,9.99999905104687e-09,1.0,9.99999905104687e-09,1.5415453162859194e-05,0.00015183296636678278,0.0008749896660447121,0.004170779604464769,0.018592800945043564,0.08801078051328659,0.5,0.5,1.0,1.0
6,7000,25000,0.2666971981525421,0.37375667691230774,9.99999905104687e-09,1.0,9.99999905104687e-09,1.5303892723750323e-05,0.00015035340038593858,0.0008701554033905268,0.00419052317738533,0.01851608231663704,0.08830932527780533,0.5,0.5,1.0,1.0
