step,epoch,n_refreshed,mean,std,min,max,q00,q10,q20,q30,q40,q50,q60,q70,q80,q90,q100
7,0,,0.6279902458190918,0.2119733691215515,0.5,1.0,0.5,0.5,0.5,0.5,0.5,0.5,0.5,0.5299999713897705,1.0,1.0,1.0
7,10,25000,0.3207612633705139,0.41455385088920593,9.99999905104687e-09,1.0,9.99999905104687e-09,7.143517564145441e-07,1.5502730093430728e-05,0.00020001271332148463,0.00190294673666358,0.01643545553088188,0.17651234567165375,0.5,1.0,1.0,1.0
7,20,25000,0.3206787109375,0.41453057527542114,9.99999905104687e-09,1.0,9.99999905104687e-09,7.085267270667828e-07,1.5183290997811127e-05,0.0001968842843780294,0.0019654221832752228,0.01655237004160881,0.17543469369411469,0.5,1.0,1.0,1.0
7,30,25000,0.3207074999809265,0.4145825505256653,9.99999905104687e-09,1.0,9.99999905104687e-09,6.959341476431291e-07,1.5265659385477193e-05,0.0001975456834770739,0.001896142726764083,0.016629312187433243,0.17553925514221191,0.5,1.0,1.0,1.0
7,40,25000,0.32073894143104553,0.41452130675315857,9.99999905104687e-09,1.0,9.99999905104687e-09,6.976853796913929e-07,1.5418048860738054e-05,0.00019882047490682453,0.001923840492963791,0.016519488766789436,0.1752890795469284,0.5,1.0,1.0,1.0
7,50,25000,0.3207355737686157,0.41463062167167664,9.99999905104687e-09,1.0,9.99999905104687e-09,7.135322448448278e-07,1.5242955669236835e-05,0.00019990859436802566,0.0019457287853583694,0.016362927854061127,0.17448094487190247,0.5,1.0,1.0,1.0
7,60,25000,0.32078126072883606,0.41456764936447144,9.99999905104687e-09,1.0,9.99999905104687e-09,6.955547746656521e-07,1.5598849131492898e-05,0.00019713974324986339,0.0019233308266848326,0.0163840651512146,0.17555154860019684,0.5,1.0,1.0,1.0
7,70,25000,0.32078051567077637,0.41467908024787903,9.99999905104687e-09,1.0,9.99999905104687e-09,7.032901407910686e-07,1.559169322717935e-05,0.00019952697039116174,0.0018989250529557467,0.016265923157334328,0.17415834963321686,0.5,1.0,1.0,1.0
7,80,25000,0.32086116075515747,0.41468095779418945,9.99999905104687e-09,1.0,9.99999905104687e-09,7.185374784057785e-07,1.5706071280874312e-05,0.0002043780987150967,0.0019561739172786474,0.01605471968650818,0.175733745098114,0.5,1.0,1.0,1.0
7,90,25000,0.3209073841571808,0.41471800208091736,9.99999905104687e-09,1.0,9.99999905104687e-09,7.201238076959271e-07,1.51473677760805e-05,0.000201187955099158,0.0018857280956581235,0.016193337738513947,0.17866477370262146,0.5,1.0,1.0,1.0
7,100,25000,0.32078325748443604,0.4147394299507141,9.99999905104687e-09,1.0,9.99999905104687e-09,6.94143864166108e-07,1.5222686670313124e-05,0.00019989621068816632,0.0019589574076235294,0.015930045396089554,0.17476019263267517,0.5,1.0,1.0,1.0
7,110,25000,0.32084593176841736,0.41473472118377686,9.99999905104687e-09,1.0,9.99999905104687e-09,7.004180702097074e-07,1.591379987075925e-05,0.00020338274771347642,0.0019339756108820438,0.01631566509604454,0.176387220621109,0.5,1.0,1.0,1.0
7,120,25000,0.3209325075149536,0.4148540794849396,9.99999905104687e-09,1.0,9.99999905104687e-09,7.043602749945421e-07,1.526469895907212e-05,0.00019912520656362176,0.0019443564815446734,0.016437102109193802,0.17409898340702057,0.5,1.0,1.0,1.0
7,130,25000,0.3209163248538971,0.4147796332836151,9.99999905104687e-09,1.0,9.99999905104687e-09,6.857506491542154e-07,1.5171753148024436e-05,0.0001974478509509936,0.0019021241459995508,0.016148706898093224,0.1789311319589615,0.5,1.0,1.0,1.0
7,140,25000,0.32100480794906616,0.41500020027160645,9.99999905104687e-09,1.0,9.99999905104687e-09,7.147831979636976e-07,1.540657649456989e-05,0.0002007466391660273,0.0018890858627855778,0.0164116732776165,0.1748906821012497,0.5,1.0,1.0,1.0
7,150,25000,0.3212544918060303,0.4153784513473511,9.99999905104687e-09,1.0,9.99999905104687e-09,7.049170562822837e-07,1.5707821148680523e-05,0.00019848717784043401,0.0019074759911745787,0.016126634553074837,0.174770325422287,0.5,1.0,1.0,1.0
7,160,25000,0.3218068480491638,0.4158594012260437,9.99999905104687e-09,1.0,9.99999905104687e-09,7.030219535408833e-07,1.5402096323668957e-05,0.00020104851864743978,0.0019431388936936855,0.01618444174528122,0.17531849443912506,0.5,1.0,1.0,1.0
7,170,25000,0.3221926689147949,0.41631701588630676,9.99999905104687e-09,1.0,9.99999905104687e-09,7.034225859570142e-07,1.546030762256123e-05,0.00019884994253516197,0.0018973846454173326,0.016292575746774673,0.1742856204509735,0.5,1.0,1.0,1.0
7,180,25000,0.3224005103111267,0.41653475165367126,9.99999905104687e-09,1.0,9.99999905104687e-09,7.089385007930105e-07,1.5232922123686876e-05,0.0002063519204966724,0.0019334492972120643,0.016377869993448257,0.17433083057403564,0.5,1.0,1.0,1.0
7,190,25000,0.32251015305519104,0.41671836376190186,9.99999905104687e-09,1.0,9.99999905104687e-09,6.869799449304992e-07,1.5338137018261477e-05,0.00019931701535824686,0.0019290107302367687,0.01612359657883644,0.17426446080207825,0.5,1.0,1.0,1.0
7,200,25000,0.3224621117115021,0.41676467657089233,9.99999905104687e-09,1.0,9.99999905104687e-09,7.123145451259916e-07,1.5450141290784813e-05,0.00019447745580691844,0.0019489448750391603,0.016475729644298553,0.17363771796226501,0.5,1.0,1.0,1.0
7,210,25000,0.3225862681865692,0.41676709055900574,9.99999905104687e-09,1.0,9.99999905104687e-09,7.029815947134921e-07,1.571128268551547e-05,0.00019715384405571967,0.001921071787364781,0.01619088090956211,0.1745988428592682,0.5,1.0,1.0,1.0
7,220,25000,0.32265734672546387,0.4168132245540619,9.99999905104687e-09,1.0,9.99999905104687e-09,6.970862500566e-07,1.5602494386257604e-05,0.00019911596609745175,0.001926293014548719,0.01610322669148445,0.17554014921188354,0.5,1.0,1.0,1.0
7,230,25000,0.3226740062236786,0.41687947511672974,9.99999905104687e-09,1.0,9.99999905104687e-09,6.982126024013269e-07,1.5070287190610543e-05,0.00020338885951787233,0.0019320497522130609,0.016059277579188347,0.1757192760705948,0.5,1.0,1.0,1.0
7,240,25000,0.32254764437675476,0.4169456660747528,9.99999905104687e-09,1.0,9.99999905104687e-09,7.092749001458287e-07,1.5495425031986088e-05,0.00019560669898055494,0.0019323441665619612,0.016012515872716904,0.17259050905704498,0.5,1.0,1.0,1.0
7,250,25000,0.3227066695690155,0.41685178875923157,9.99999905104687e-09,1.0,9.99999905104687e-09,7.060687607918226e-07,1.5199131667031907e-05,0.00020116727682761848,0.0019389130175113678,0.01634497195482254,0.1742185801267624,0.5,1.0,1.0,1.0
7,260,25000,0.32263410091400146,0.4168855845928192,9.99999905104687e-09,1.0,9.99999905104687e-09,7.087274411787803e-07,1.5038343008200172e-05,0.00019397272262722254,0.0018970324890688062,0.016123885288834572,0.17430441081523895,0.5,1.0,1.0,1.0
7,270,25000,0.32268354296684265,0.416765034198761,9.99999905104687e-09,1.0,9.99999905104687e-09,7.100370567059144e-07,1.5323232219088823e-05,0.00020574544032569975,0.0019331738585606217,0.016600314527750015,0.17526455223560333,0.5,1.0,1.0,1.0
7,280,25000,0.32254558801651,0.41682326793670654,9.99999905104687e-09,1.0,9.99999905104687e-09,7.191567306108482e-07,1.551792047393974e-05,0.0001950375153683126,0.0019811156671494246,0.016156520694494247,0.17481349408626556,0.5,1.0,1.0,1.0
7,290,25000,0.3226601779460907,0.41681188344955444,9.99999905104687e-09,1.0,9.99999905104687e-09,7.122243914636783e-07,1.536792296974454e-05,0.000197143541299738,0.0019036122830584645,0.01624973677098751,0.17556414008140564,0.5,1.0,1.0,1.0
7,300,25000,0.3226180076599121,0.4167247712612152,9.99999905104687e-09,1.0,9.99999905104687e-09,6.980772013776004e-07,1.547966712678317e-05,0.00020395404135342687,0.0019006587099283934,0.016256600618362427,0.17531825602054596,0.5,1.0,1.0,1.0
7,310,25000,0.32263267040252686,0.4168470501899719,9.99999905104687e-09,1.0,9.99999905104687e-09,7.075166763570451e-07,1.5375951988971792e-05,0.00019858359883073717,0.0019225828582420945,0.01609775424003601,0.17604391276836395,0.5,1.0,1.0,1.0
7,320,25000,0.32255423069000244,0.41678014397621155,9.99999905104687e-09,1.0,9.99999905104687e-09,7.057481639094476e-07,1.5539582818746567e-05,0.0002010963362408802,0.001952477148734033,0.01614929735660553,0.1750345230102539,0.5,1.0,1.0,1.0
7,330,25000,0.32263410091400146,0.4167981743812561,9.99999905104687e-09,1.0,9.99999905104687e-09,7.045858296805818e-07,1.5495237676077522e-05,0.00019918769248761237,0.0019581636879593134,0.01618482545018196,0.1754136085510254,0.5,1.0,1.0,1.0
7,340,25000,0.32266050577163696,0.41677960753440857,9.99999905104687e-09,1.0,9.99999905104687e-09,7.059470021886227e-07,1.5528414223808795e-05,0.0002008537412621081,0.001917288638651371,0.01617211475968361,0.17547695338726044,0.5,1.0,1.0,1.0
7,350,25000,0.32262468338012695,0.41687607765197754,9.99999905104687e-09,1.0,9.99999905104687e-09,7.01395492797019e-07,1.5156400877458509e-05,0.00020072696497663856,0.0019274010555818677,0.016206443309783936,0.17425283789634705,0.5,1.0,1.0,1.0
7,360,25000,0.322534441947937,0.4168243110179901,9.99999905104687e-09,1.0,9.99999905104687e-09,7.040185323603509e-07,1.554826485516969e-05,0.00019451587286312133,0.0019181399838998914,0.016132298856973648,0.17416945099830627,0.5,1.0,1.0,1.0
7,370,25000,0.32265156507492065,0.4167661666870117,9.99999905104687e-09,1.0,9.99999905104687e-09,7.060036750772269e-07,1.537421667308081e-05,0.0002010426251217723,0.0019146929262205958,0.016318706795573235,0.17600557208061218,0.5,1.0,1.0,1.0
7,380,25000,0.3226494789123535,0.4168165624141693,9.99999905104687e-09,1.0,9.99999905104687e-09,7.077761665641447e-07,1.545506347611081e-05,0.0001955395273398608,0.0019269001204520464,0.016193754971027374,0.1747279316186905,0.5,1.0,1.0,1.0
7,390,25000,0.3226890563964844,0.41687247157096863,9.99999905104687e-09,1.0,9.99999905104687e-09,7.022513273113873e-07,1.537157004349865e-05,0.00019359892758075148,0.0018855747766792774,0.01653224788606167,0.17417648434638977,0.5,1.0,1.0,1.0
7,400,25000,0.3227032423019409,0.41680872440338135,9.99999905104687e-09,1.0,9.99999905104687e-09,7.197336913122854e-07,1.5134877685341053e-05,0.0001980900706257671,0.001884101890027523,0.01640622690320015,0.17868661880493164,0.5,1.0,1.0,1.0
7,410,25000,0.3226064443588257,0.41682904958724976,9.99999905104687e-09,1.0,9.99999905104687e-09,7.124606895558827e-07,1.5511968740611337e-05,0.00020047581347171217,0.0019109946442767978,0.016182441264390945,0.1765470653772354,0.5,1.0,1.0,1.0
7,420,25000,0.32271263003349304,0.41682127118110657,9.99999905104687e-09,1.0,9.99999905104687e-09,7.173491667344933e-07,1.508092555013718e-05,0.00019901782798115164,0.0019419057061895728,0.0163627527654171,0.17739237844944,0.5,1.0,1.0,1.0
7,430,25000,0.3225748538970947,0.41689079999923706,9.99999905104687e-09,1.0,9.99999905104687e-09,7.044255312393943e-07,1.5354444258264266e-05,0.00019907862588297576,0.0018667103722691536,0.016057617962360382,0.17264431715011597,0.5,1.0,1.0,1.0
7,440,25000,0.32265225052833557,0.41689011454582214,9.99999905104687e-09,1.0,9.99999905104687e-09,7.10371693912748e-07,1.5417899703606963e-05,0.00019526929827407002,0.0018613450229167938,0.016295960173010826,0.17378480732440948,0.5,1.0,1.0,1.0
7,450,25000,0.32267847657203674,0.4168857932090759,9.99999905104687e-09,1.0,9.99999905104687e-09,7.079290753608802e-07,1.520664864074206e-05,0.00020290644897613674,0.0019501913338899612,0.016297871246933937,0.1745980829000473,0.5,1.0,1.0,1.0
7,460,25000,0.32271191477775574,0.4168005883693695,9.99999905104687e-09,1.0,9.99999905104687e-09,6.997283321652503e-07,1.4949275282560848e-05,0.00019827937649097294,0.001948606688529253,0.01623302325606346,0.1766638308763504,0.5,1.0,1.0,1.0
7,470,25000,0.3227941691875458,0.4168618619441986,9.99999905104687e-09,1.0,9.99999905104687e-09,7.062203621899243e-07,1.527894528408069e-05,0.000201812174054794,0.0019551911391317844,0.016386065632104874,0.17611831426620483,0.5,1.0,1.0,1.0
7,480,25000,0.3228106200695038,0.4169159531593323,9.99999905104687e-09,1.0,9.99999905104687e-09,7.030610618130595e-07,1.5402356439153664e-05,0.00020135800878051668,0.0019504361553117633,0.016582509502768517,0.17321176826953888,0.5,1.0,1.0,1.0
7,490,25000,0.32277941703796387,0.4169083833694458,9.99999905104687e-09,1.0,9.99999905104687e-09,7.071876666486787e-07,1.536467607365921e-05,0.00019348466594237834,0.0019159411313012242,0.016318313777446747,0.176255002617836,0.5,1.0,1.0,1.0
7,500,25000,0.3228393793106079,0.41690593957901,9.99999905104687e-09,1.0,9.99999905104687e-09,6.992041789999348e-07,1.5044363863125909e-05,0.00019353613606654108,0.0019236750667914748,0.016188526526093483,0.17682598531246185,0.5,1.0,1.0,1.0
7,510,25000,0.32270678877830505,0.4169134497642517,9.99999905104687e-09,1.0,9.99999905104687e-09,7.050302883726545e-07,1.5053561583044939e-05,0.00019445401267148554,0.0018880197312682867,0.016302838921546936,0.17483659088611603,0.5,1.0,1.0,1.0
7,520,25000,0.32267478108406067,0.41692888736724854,9.99999905104687e-09,1.0,9.99999905104687e-09,7.105747386049188e-07,1.534909097244963e-05,0.00019927146786358207,0.0019063702784478664,0.016316544264554977,0.1717640906572342,0.5,1.0,1.0,1.0
7,530,25000,0.32280483841896057,0.41686806082725525,9.99999905104687e-09,1.0,9.99999905104687e-09,7.086629807417921e-07,1.532263013359625e-05,0.00019994912145193666,0.001966559560969472,0.01623832806944847,0.17657163739204407,0.5,1.0,1.0,1.0
7,540,25000,0.3227775990962982,0.4169262945652008,9.99999905104687e-09,1.0,9.99999905104687e-09,7.085929496497556e-07,1.4889477824908681e-05,0.00020162416331004351,0.0019193955231457949,0.016124729067087173,0.1750563085079193,0.5,1.0,1.0,1.0
7,550,25000,0.3226773142814636,0.41695407032966614,9.99999905104687e-09,1.0,9.99999905104687e-09,6.99604299825296e-07,1.566930950502865e-05,0.00019751692889258265,0.0019162530079483986,0.016403909772634506,0.1741248071193695,0.5,1.0,1.0,1.0
7,560,25000,0.3227481544017792,0.41693365573883057,9.99999905104687e-09,1.0,9.99999905104687e-09,7.006989903857175e-07,1.5247029296006076e-05,0.00019983098900411278,0.0019396411953493953,0.01623125746846199,0.17517927289009094,0.5,1.0,1.0,1.0
7,570,25000,0.32277461886405945,0.4169197380542755,9.99999905104687e-09,1.0,9.99999905104687e-09,7.108121167220816e-07,1.5285255358321592e-05,0.00019884065841324627,0.0019392011454328895,0.016333715990185738,0.17659792304039001,0.5,1.0,1.0,1.0
7,580,25000,0.32264870405197144,0.4169360399246216,9.99999905104687e-09,1.0,9.99999905104687e-09,6.974574944251799e-07,1.496142886026064e-05,0.0001957441127160564,0.0018914047395810485,0.01624111831188202,0.17391511797904968,0.5,1.0,1.0,1.0
7,590,25000,0.32258591055870056,0.41692620515823364,9.99999905104687e-09,1.0,9.99999905104687e-09,7.054910042825213e-07,1.5643227015971206e-05,0.00019928823166992515,0.0019322443986311555,0.01620662957429886,0.17466728389263153,0.5,1.0,1.0,1.0
7,600,25000,0.3228462338447571,0.4169398248195648,9.99999905104687e-09,1.0,9.99999905104687e-09,7.116434517229209e-07,1.553627589601092e-05,0.0002008117880905047,0.001919020782224834,0.01616784557700157,0.17698398232460022,0.5,1.0,1.0,1.0
7,610,25000,0.3227503001689911,0.4169570207595825,9.99999905104687e-09,1.0,9.99999905104687e-09,7.030828328424832e-07,1.518593398941448e-05,0.00019490887643769383,0.0018960023298859596,0.016228433698415756,0.17592409253120422,0.5,1.0,1.0,1.0
7,620,25000,0.32262396812438965,0.4169400930404663,9.99999905104687e-09,1.0,9.99999905104687e-09,7.041970775389927e-07,1.561487079015933e-05,0.00020126134040765464,0.00192485679872334,0.01609233021736145,0.17550696432590485,0.5,1.0,1.0,1.0
7,630,25000,0.3227410316467285,0.41689351201057434,9.99999905104687e-09,1.0,9.99999905104687e-09,7.106752377694647e-07,1.5541136235697195e-05,0.0002043660351773724,0.00194170034956187,0.01642509736120701,0.17523887753486633,0.5,1.0,1.0,1.0
7,640,25000,0.3227655589580536,0.41689667105674744,9.99999905104687e-09,1.0,9.99999905104687e-09,7.111880790944269e-07,1.4918166925781406e-05,0.00019845180213451385,0.0019151766318827868,0.016520686447620392,0.17691877484321594,0.5,1.0,1.0,1.0
7,650,25000,0.3226567506790161,0.4169662892818451,9.99999905104687e-09,1.0,9.99999905104687e-09,7.090046096891456e-07,1.5561101463390514e-05,0.00019743986194953322,0.0019202175317332149,0.01645967736840248,0.17174863815307617,0.5,1.0,1.0,1.0
7,660,25000,0.3227090835571289,0.41691866517066956,9.99999905104687e-09,1.0,9.99999905104687e-09,6.941775154700736e-07,1.5258807252394035e-05,0.00019627412257250398,0.0019342205487191677,0.01638144999742508,0.17371998727321625,0.5,1.0,1.0,1.0
7,670,25000,0.32282233238220215,0.41689205169677734,9.99999905104687e-09,1.0,9.99999905104687e-09,7.073269330248877e-07,1.546803287055809e-05,0.00020311650587245822,0.0019563345704227686,0.016139447689056396,0.1763055920600891,0.5,1.0,1.0,1.0
7,680,25000,0.32266169786453247,0.41694536805152893,9.99999905104687e-09,1.0,9.99999905104687e-09,7.101484698068816e-07,1.528195025457535e-05,0.0002027807495323941,0.0019460186595097184,0.016246624290943146,0.17595167458057404,0.5,1.0,1.0,1.0
7,690,25000,0.32269567251205444,0.4169323146343231,9.99999905104687e-09,1.0,9.99999905104687e-09,6.983112257330504e-07,1.5166150660661515e-05,0.00019713085202965885,0.001921335351653397,0.016388079151511192,0.1736319363117218,0.5,1.0,1.0,1.0
7,700,25000,0.32266414165496826,0.41691750288009644,9.99999905104687e-09,1.0,9.99999905104687e-09,7.07848698766611e-07,1.5137473383219913e-05,0.00020282786863390356,0.001883945195004344,0.016325686126947403,0.17488665878772736,0.5,1.0,1.0,1.0
7,710,25000,0.3227337896823883,0.4169287383556366,9.99999905104687e-09,1.0,9.99999905104687e-09,7.072285370668396e-07,1.5376841474790126e-05,0.00020006767590530217,0.0019481659401208162,0.016104646027088165,0.17394354939460754,0.5,1.0,1.0,1.0
7,720,25000,0.3227258324623108,0.41687899827957153,9.99999905104687e-09,1.0,9.99999905104687e-09,7.082176125550177e-07,1.5550114767393097e-05,0.00019778942805714905,0.0019338988931849599,0.016390342265367508,0.1759270876646042,0.5,1.0,1.0,1.0
7,730,25000,0.3227461874485016,0.4168822765350342,9.99999905104687e-09,1.0,9.99999905104687e-09,7.066249168019567e-07,1.5169332982623018e-05,0.00019644560234155506,0.0018890309147536755,0.016267865896224976,0.17557214200496674,0.5,1.0,1.0,1.0
7,740,25000,0.3226605951786041,0.416908860206604,9.99999905104687e-09,1.0,9.99999905104687e-09,7.012268383732589e-07,1.5346580767072737e-05,0.00020303725614212453,0.001919067115522921,0.016397573053836823,0.1762465238571167,0.5,1.0,1.0,1.0
7,750,25000,0.32265356183052063,0.41690772771835327,9.99999905104687e-09,1.0,9.99999905104687e-09,7.041475100777461e-07,1.5678970157750882e-05,0.0001994098856812343,0.0018697265768423676,0.01605663076043129,0.1731962263584137,0.5,1.0,1.0,1.0
7,760,25000,0.3227026164531708,0.4169304072856903,9.99999905104687e-09,1.0,9.99999905104687e-09,7.209996510937344e-07,1.5303226973628625e-05,0.0002020595275098458,0.001957511529326439,0.016227876767516136,0.17491300404071808,0.5,1.0,1.0,1.0
7,770,25000,0.3228108286857605,0.4169129431247711,9.99999905104687e-09,1.0,9.99999905104687e-09,7.124440344341565e-07,1.5242794688674621e-05,0.0002073099312838167,0.0019384109182283282,0.01642991602420807,0.17751209437847137,0.5,1.0,1.0,1.0
7,780,25000,0.3226736783981323,0.4169918894767761,9.99999905104687e-09,1.0,9.99999905104687e-09,7.040388254608843e-07,1.535219416837208e-05,0.00019477565365377814,0.0019130338914692402,0.01598161831498146,0.1736174374818802,0.5,1.0,1.0,1.0
7,790,25000,0.32268694043159485,0.4169195890426636,9.99999905104687e-09,1.0,9.99999905104687e-09,7.045684924378293e-07,1.507350771134952e-05,0.0002004929556278512,0.001937806373462081,0.016239985823631287,0.1756131798028946,0.5,1.0,1.0,1.0
7,800,25000,0.3226243555545807,0.41688457131385803,9.99999905104687e-09,1.0,9.99999905104687e-09,7.04066678736126e-07,1.575085479998961e-05,0.00020156487880740315,0.0019432686967775226,0.016212470829486847,0.1728391796350479,0.5,1.0,1.0,1.0
7,810,25000,0.32270872592926025,0.4168444275856018,9.99999905104687e-09,1.0,9.99999905104687e-09,7.132474024729163e-07,1.515350777481217e-05,0.00019867531955242157,0.0018982167821377516,0.016156163066625595,0.176248237490654,0.5,1.0,1.0,1.0
7,820,25000,0.32266107201576233,0.41693902015686035,9.99999905104687e-09,1.0,9.99999905104687e-09,6.954120408408926e-07,1.4967946299293544e-05,0.00020081836555618793,0.0019236067309975624,0.016329187899827957,0.17589171230793,0.5,1.0,1.0,1.0
7,830,25000,0.3227382302284241,0.41686686873435974,9.99999905104687e-09,1.0,9.99999905104687e-09,7.064729174999229e-07,1.562545912747737e-05,0.00019982882076874375,0.00198059412650764,0.016217123717069626,0.17455951869487762,0.5,1.0,1.0,1.0
7,840,25000,0.32274776697158813,0.4169049561023712,9.99999905104687e-09,1.0,9.99999905104687e-09,7.097004868228396e-07,1.5070208064571489e-05,0.00020164233865216374,0.001909784390591085,0.01637173816561699,0.17608138918876648,0.5,1.0,1.0,1.0
7,850,25000,0.322829008102417,0.4169919788837433,9.99999905104687e-09,1.0,9.99999905104687e-09,7.020908583399432e-07,1.543038888485171e-05,0.00019637320656329393,0.0019068949623033404,0.015927894040942192,0.1769658476114273,0.5,1.0,1.0,1.0
7,860,25000,0.3228732943534851,0.41692349314689636,9.99999905104687e-09,1.0,9.99999905104687e-09,7.085720312716148e-07,1.554718255647458e-05,0.00019572634482756257,0.0018860206473618746,0.01647130772471428,0.1794121265411377,0.5,1.0,1.0,1.0
7,870,25000,0.32273945212364197,0.4168912172317505,9.99999905104687e-09,1.0,9.99999905104687e-09,7.029081530163239e-07,1.54287936311448e-05,0.00020231724192854017,0.0019755361136049032,0.016157241538167,0.17484335601329803,0.5,1.0,1.0,1.0
7,880,25000,0.32270753383636475,0.4169555604457855,9.99999905104687e-09,1.0,9.99999905104687e-09,7.141766786844528e-07,1.5467698176507838e-05,0.00019986489496659487,0.0019216574728488922,0.01627456583082676,0.1735139787197113,0.5,1.0,1.0,1.0
7,890,25000,0.3227555751800537,0.4169127643108368,9.99999905104687e-09,1.0,9.99999905104687e-09,7.050653607620916e-07,1.5382694982690737e-05,0.00020066113211214542,0.001910658203996718,0.016390500590205193,0.17478616535663605,0.5,1.0,1.0,1.0
7,900,25000,0.3227326273918152,0.4169546067714691,9.99999905104687e-09,1.0,9.99999905104687e-09,6.973899076001544e-07,1.5234722013701685e-05,0.00019965348474215716,0.0019172411412000656,0.01640399359166622,0.1741175651550293,0.5,1.0,1.0,1.0
7,910,25000,0.3227711319923401,0.4168807566165924,9.99999905104687e-09,1.0,9.99999905104687e-09,6.938749379514775e-07,1.5207979231490754e-05,0.0001992037723539397,0.001959515968337655,0.016601387411355972,0.17511984705924988,0.5,1.0,1.0,1.0
7,920,25000,0.3227412700653076,0.4169059991836548,9.99999905104687e-09,1.0,9.99999905104687e-09,7.116988740563102e-07,1.5742516552563757e-05,0.00020029899314977229,0.0019201480317860842,0.016273658722639084,0.17705562710762024,0.5,1.0,1.0,1.0
7,930,25000,0.32271283864974976,0.41686683893203735,9.99999905104687e-09,1.0,9.99999905104687e-09,7.072628704918316e-07,1.4975001249695197e-05,0.0001978839427465573,0.0019698815885931253,0.016468362882733345,0.1761932671070099,0.5,1.0,1.0,1.0
7,940,25000,0.32265499234199524,0.41690385341644287,9.99999905104687e-09,1.0,9.99999905104687e-09,7.138655746530276e-07,1.5287914720829576e-05,0.00019780673028435558,0.0019336056429892778,0.016275525093078613,0.17370930314064026,0.5,1.0,1.0,1.0
7,950,25000,0.32260462641716003,0.41694143414497375,9.99999905104687e-09,1.0,9.99999905104687e-09,7.196700266831613e-07,1.5289964721887372e-05,0.00020033135660924017,0.0019046670058742166,0.016294237226247787,0.1750507950782776,0.5,1.0,1.0,1.0
7,960,25000,0.32276272773742676,0.41688671708106995,9.99999905104687e-09,1.0,9.99999905104687e-09,7.130358312679164e-07,1.5227923540805932e-05,0.00019950979913119227,0.0019271689234301448,0.016306784003973007,0.17549265921115875,0.5,1.0,1.0,1.0
7,970,25000,0.3228156864643097,0.4168925881385803,9.99999905104687e-09,1.0,9.99999905104687e-09,7.069044727359142e-07,1.563802288728766e-05,0.00020077171211596578,0.0019104795064777136,0.0164947547018528,0.17660202085971832,0.5,1.0,1.0,1.0
7,980,25000,0.3226974606513977,0.41691410541534424,9.99999905104687e-09,1.0,9.99999905104687e-09,6.964363592487643e-07,1.536648051114753e-05,0.00019990847795270383,0.0019094797316938639,0.016092034056782722,0.1736050397157669,0.5,1.0,1.0,1.0
7,990,25000,0.32264676690101624,0.4168906807899475,9.99999905104687e-09,1.0,9.99999905104687e-09,7.182664489846502e-07,1.5196657841443084e-05,0.00020419027714524418,0.0019219740061089396,0.01617850735783577,0.17403572797775269,0.5,1.0,1.0,1.0
7,1000,25000,0.3225877583026886,0.4168815016746521,9.99999905104687e-09,1.0,9.99999905104687e-09,7.160564905461797e-07,1.5277262718882412e-05,0.0002030954055953771,0.0019853883422911167,0.016297362744808197,0.17186662554740906,0.5,1.0,1.0,1.0
7,1010,25000,0.3226725161075592,0.4168744385242462,9.99999905104687e-09,1.0,9.99999905104687e-09,6.98696908330021e-07,1.5510548109887168e-05,0.00019888096721842885,0.0019045677036046982,0.01602277159690857,0.17488595843315125,0.5,1.0,1.0,1.0
7,1020,25000,0.322614461183548,0.41690608859062195,9.99999905104687e-09,1.0,9.99999905104687e-09,7.129438586161996e-07,1.5656250980100594e-05,0.00020092478371225297,0.0019412252586334944,0.016387153416872025,0.1754584163427353,0.5,1.0,1.0,1.0
7,1030,25000,0.3226536214351654,0.4169315695762634,9.99999905104687e-09,1.0,9.99999905104687e-09,7.15338842383062e-07,1.5254294339683838e-05,0.00019907444948330522,0.0019219013629481196,0.01621275022625923,0.17340907454490662,0.5,1.0,1.0,1.0
7,1040,25000,0.3226621747016907,0.41694405674934387,9.99999905104687e-09,1.0,9.99999905104687e-09,7.13617509973119e-07,1.568700827192515e-05,0.00020201185543555766,0.0019184342818334699,0.016052808612585068,0.173459991812706,0.5,1.0,1.0,1.0
7,1050,25000,0.32276615500450134,0.41687503457069397,9.99999905104687e-09,1.0,9.99999905104687e-09,7.093810268088419e-07,1.525304833194241e-05,0.00020254064293112606,0.0019083854276686907,0.016767513006925583,0.17542751133441925,0.5,1.0,1.0,1.0
7,1060,25000,0.3227165639400482,0.4169418215751648,9.99999905104687e-09,1.0,9.99999905104687e-09,6.90861668317666e-07,1.5153822459978983e-05,0.0002018519735429436,0.001924189506098628,0.016100578010082245,0.17567043006420135,0.5,1.0,1.0,1.0
7,1070,25000,0.32278966903686523,0.4168872833251953,9.99999905104687e-09,1.0,9.99999905104687e-09,7.004524604781182e-07,1.5341045582317747e-05,0.0001979656080948189,0.0018861769931390882,0.0164036862552166,0.17807796597480774,0.5,1.0,1.0,1.0
7,1080,25000,0.3227148950099945,0.41693320870399475,9.99999905104687e-09,1.0,9.99999905104687e-09,6.87177248437365e-07,1.545193481433671e-05,0.00019939748744945973,0.0018851086497306824,0.016286250203847885,0.1745004951953888,0.5,1.0,1.0,1.0
7,1090,25000,0.3227948844432831,0.41691550612449646,9.99999905104687e-09,1.0,9.99999905104687e-09,7.186038146755891e-07,1.513987263024319e-05,0.00019974845054093748,0.0019193909829482436,0.01631426438689232,0.17505618929862976,0.5,1.0,1.0,1.0
7,1100,25000,0.32274511456489563,0.4169361889362335,9.99999905104687e-09,1.0,9.99999905104687e-09,7.077994723658776e-07,1.571219581819605e-05,0.00020126816525589675,0.0019531120778992772,0.01592373289167881,0.17537036538124084,0.5,1.0,1.0,1.0
7,1110,25000,0.3226480484008789,0.4169654846191406,9.99999905104687e-09,1.0,9.99999905104687e-09,6.932725682418095e-07,1.5176971828623209e-05,0.0002003941044677049,0.001897900365293026,0.016191374510526657,0.17385195195674896,0.5,1.0,1.0,1.0
7,1120,25000,0.32272037863731384,0.41690394282341003,9.99999905104687e-09,1.0,9.99999905104687e-09,7.060577900119824e-07,1.5608902685926296e-05,0.00020434850011952221,0.001906680059619248,0.016177751123905182,0.17657268047332764,0.5,1.0,1.0,1.0
7,1130,25000,0.32271283864974976,0.4169232249259949,9.99999905104687e-09,1.0,9.99999905104687e-09,6.809667070228898e-07,1.528220127511304e-05,0.00019787678320426494,0.0019369268557056785,0.016217831522226334,0.17588256299495697,0.5,1.0,1.0,1.0
7,1140,25000,0.3226076364517212,0.41695865988731384,9.99999905104687e-09,1.0,9.99999905104687e-09,7.082993533913395e-07,1.538680589874275e-05,0.00020307836530264467,0.0019243971910327673,0.016338855028152466,0.17485752701759338,0.5,1.0,1.0,1.0
7,1150,25000,0.3226264417171478,0.41695040464401245,9.99999905104687e-09,1.0,9.99999905104687e-09,7.013492222540663e-07,1.5302719475585036e-05,0.00019622256513684988,0.0019296933896839619,0.016161160543560982,0.17471280694007874,0.5,1.0,1.0,1.0
7,1160,25000,0.322713166475296,0.41689756512641907,9.99999905104687e-09,1.0,9.99999905104687e-09,6.995917374297278e-07,1.5253046512953006e-05,0.0002053686766885221,0.0018982659094035625,0.01628069207072258,0.17519760131835938,0.5,1.0,1.0,1.0
7,1170,25000,0.32260480523109436,0.416915625333786,9.99999905104687e-09,1.0,9.99999905104687e-09,6.958650260457944e-07,1.5411093045258895e-05,0.00020127175957895815,0.0019639269448816776,0.016410812735557556,0.1741972118616104,0.5,1.0,1.0,1.0
7,1180,25000,0.3227899372577667,0.4168429374694824,9.99999905104687e-09,1.0,9.99999905104687e-09,7.015289043010853e-07,1.576287286297884e-05,0.00019927226821891963,0.0019315736135467887,0.016138143837451935,0.17685656249523163,0.5,1.0,1.0,1.0
7,1190,25000,0.3226889669895172,0.41697001457214355,9.99999905104687e-09,1.0,9.99999905104687e-09,7.039085971882741e-07,1.5167351193667855e-05,0.00020123750437051058,0.0019102887017652392,0.016124527901411057,0.17400769889354706,0.5,1.0,1.0,1.0
7,1200,25000,0.32265034317970276,0.4168860912322998,9.99999905104687e-09,1.0,9.99999905104687e-09,6.888042207719991e-07,1.520882869954221e-05,0.00019819565932266414,0.0019285848829895258,0.016036204993724823,0.17483749985694885,0.5,1.0,1.0,1.0
7,1210,25000,0.32262182235717773,0.41693004965782166,9.99999905104687e-09,1.0,9.99999905104687e-09,7.120271448002313e-07,1.553524998598732e-05,0.0001981998502742499,0.001893289270810783,0.01630774512887001,0.17391301691532135,0.5,1.0,1.0,1.0
7,1220,25000,0.32270094752311707,0.4168688952922821,9.99999905104687e-09,1.0,9.99999905104687e-09,6.993705596869404e-07,1.5270519725163467e-05,0.0001990423770621419,0.0018980149179697037,0.0162887554615736,0.17560824751853943,0.5,1.0,1.0,1.0
7,1230,25000,0.3227420151233673,0.4168822765350342,9.99999905104687e-09,1.0,9.99999905104687e-09,7.01051192208979e-07,1.5081445781106595e-05,0.00020264674094505608,0.001946694916114211,0.016257796436548233,0.17727524042129517,0.5,1.0,1.0,1.0
7,1240,25000,0.32290980219841003,0.4168897271156311,9.99999905104687e-09,1.0,9.99999905104687e-09,7.078537578308897e-07,1.5270647054421715e-05,0.00019663340935949236,0.001911199651658535,0.016285378485918045,0.17683559656143188,0.5,1.0,1.0,1.0
7,1250,25000,0.3228565752506256,0.4169256091117859,9.99999905104687e-09,1.0,9.99999905104687e-09,6.952399758120009e-07,1.5363379134214483e-05,0.00019626377616077662,0.0019314141245558858,0.016128066927194595,0.17769399285316467,0.5,1.0,1.0,1.0
7,1260,25000,0.3226562738418579,0.41693997383117676,9.99999905104687e-09,1.0,9.99999905104687e-09,7.010160061327042e-07,1.5250556316459551e-05,0.00020001464872621,0.001885955105535686,0.01616382785141468,0.17560312151908875,0.5,1.0,1.0,1.0
7,1270,25000,0.3225763440132141,0.4169664978981018,9.99999905104687e-09,1.0,9.99999905104687e-09,6.961700478314015e-07,1.5151197658269666e-05,0.00019855117716360837,0.001916524488478899,0.016115637496113777,0.17275941371917725,0.5,1.0,1.0,1.0
7,1280,25000,0.32275390625,0.4168369174003601,9.99999905104687e-09,1.0,9.99999905104687e-09,7.140157549656578e-07,1.529343717265874e-05,0.0001966003910638392,0.0019178689690306783,0.016138983890414238,0.1763247698545456,0.5,1.0,1.0,1.0
7,1290,25000,0.32272693514823914,0.4169091284275055,9.99999905104687e-09,1.0,9.99999905104687e-09,7.135510031730519e-07,1.5202182112261653e-05,0.0001984777336474508,0.0019257577368989587,0.016463302075862885,0.17581531405448914,0.5,1.0,1.0,1.0
7,1300,25000,0.3227098286151886,0.41691625118255615,9.99999905104687e-09,1.0,9.99999905104687e-09,7.107260557859263e-07,1.545802479085978e-05,0.0001988029107451439,0.0019182799151167274,0.01632363721728325,0.17484062910079956,0.5,1.0,1.0,1.0
7,1310,25000,0.3227088153362274,0.4169001281261444,9.99999905104687e-09,1.0,9.99999905104687e-09,7.054798061290057e-07,1.5091300156200305e-05,0.00019933834846597165,0.0019384647021070123,0.016259590163826942,0.17474079132080078,0.5,1.0,1.0,1.0
7,1320,25000,0.3226134479045868,0.41688260436058044,9.99999905104687e-09,1.0,9.99999905104687e-09,7.053905619613943e-07,1.5468558558495715e-05,0.00020201555162202567,0.001928166369907558,0.016463780775666237,0.17405089735984802,0.5,1.0,1.0,1.0
7,1330,25000,0.322621613740921,0.41692018508911133,9.99999905104687e-09,1.0,9.99999905104687e-09,6.989701546444849e-07,1.5531415556324646e-05,0.00019931822316721082,0.0019230315228924155,0.015983713790774345,0.1741718053817749,0.5,1.0,1.0,1.0
7,1340,25000,0.3227110505104065,0.41692617535591125,9.99999905104687e-09,1.0,9.99999905104687e-09,7.155364301070222e-07,1.5455554603249766e-05,0.0001991481112781912,0.001925492542795837,0.01648326963186264,0.17367468774318695,0.5,1.0,1.0,1.0
7,1350,25000,0.3226998746395111,0.4169614315032959,9.99999905104687e-09,1.0,9.99999905104687e-09,6.972755954848253e-07,1.5559122402919456e-05,0.00019992722081951797,0.0019372154492884874,0.016307320445775986,0.17429286241531372,0.5,1.0,1.0,1.0
7,1360,25000,0.3226992189884186,0.4168631136417389,9.99999905104687e-09,1.0,9.99999905104687e-09,7.036863962639472e-07,1.533333670522552e-05,0.00019775361579377204,0.001946258475072682,0.016247214749455452,0.17579033970832825,0.5,1.0,1.0,1.0
7,1370,25000,0.3226945400238037,0.41691145300865173,9.99999905104687e-09,1.0,9.99999905104687e-09,7.027164201645064e-07,1.544464066682849e-05,0.00019756505207624286,0.0019304625457152724,0.01625392958521843,0.17560233175754547,0.5,1.0,1.0,1.0
7,1380,25000,0.3227839767932892,0.4169188141822815,9.99999905104687e-09,1.0,9.99999905104687e-09,6.959602956158051e-07,1.572578366904054e-05,0.00020171079086139798,0.001898071262985468,0.01631915383040905,0.17389611899852753,0.5,1.0,1.0,1.0
7,1390,25000,0.3225882947444916,0.41689711809158325,9.99999905104687e-09,1.0,9.99999905104687e-09,6.82306108501507e-07,1.511856316938065e-05,0.00020114656945224851,0.0019386914791539311,0.016202006489038467,0.17494402825832367,0.5,1.0,1.0,1.0
7,1400,25000,0.32275524735450745,0.4169330298900604,9.99999905104687e-09,1.0,9.99999905104687e-09,7.034367399683106e-07,1.5376970623037778e-05,0.00019598098879214376,0.0019053156720474362,0.016266990453004837,0.17596808075904846,0.5,1.0,1.0,1.0
7,1410,25000,0.32265833020210266,0.4168959856033325,9.99999905104687e-09,1.0,9.99999905104687e-09,7.115775133570423e-07,1.5437864931300282e-05,0.00019984901882708073,0.0019266436574980617,0.016347086057066917,0.17492978274822235,0.5,1.0,1.0,1.0
7,1420,25000,0.32260602712631226,0.41688936948776245,9.99999905104687e-09,1.0,9.99999905104687e-09,7.013743470452027e-07,1.5428631741087884e-05,0.00019695848459377885,0.0018769520102068782,0.016515128314495087,0.1749628782272339,0.5,1.0,1.0,1.0
7,1430,25000,0.3226313889026642,0.4169062674045563,9.99999905104687e-09,1.0,9.99999905104687e-09,7.056066806399031e-07,1.5300845916499384e-05,0.00020210750517435372,0.0019408317748457193,0.016426369547843933,0.17226995527744293,0.5,1.0,1.0,1.0
7,1440,25000,0.3226686716079712,0.4168964922428131,9.99999905104687e-09,1.0,9.99999905104687e-09,7.075656185406842e-07,1.5456891560461372e-05,0.00020042636606376618,0.0018876573303714395,0.01608460769057274,0.17514823377132416,0.5,1.0,1.0,1.0
7,1450,25000,0.32269275188446045,0.41685613989830017,9.99999905104687e-09,1.0,9.99999905104687e-09,7.158021730901964e-07,1.5659443306503817e-05,0.00020281002798583359,0.0019199632806703448,0.016475453972816467,0.17493018507957458,0.5,1.0,1.0,1.0
7,1460,25000,0.3227470815181732,0.4168616533279419,9.99999905104687e-09,1.0,9.99999905104687e-09,7.111018476280151e-07,1.5315232303692028e-05,0.00019908676040358841,0.0019259537803009152,0.016425766050815582,0.17572341859340668,0.5,1.0,1.0,1.0
7,1470,25000,0.32273510098457336,0.4169560968875885,9.99999905104687e-09,1.0,9.99999905104687e-09,7.088735856086714e-07,1.5087094652699307e-05,0.0001954951585503295,0.0019321910804137588,0.016150856390595436,0.17515400052070618,0.5,1.0,1.0,1.0
7,1480,25000,0.32268816232681274,0.4169141948223114,9.99999905104687e-09,1.0,9.99999905104687e-09,6.917406949469296e-07,1.5588755559292622e-05,0.0001969779987121001,0.001909815357066691,0.016063109040260315,0.17555449903011322,0.5,1.0,1.0,1.0
7,1490,25000,0.32274624705314636,0.41688624024391174,9.99999905104687e-09,1.0,9.99999905104687e-09,6.903877078912046e-07,1.5191131751635112e-05,0.00019855285063385963,0.001953315921127796,0.01631985232234001,0.17693644762039185,0.5,1.0,1.0,1.0
7,1500,25000,0.32281115651130676,0.4168592095375061,9.99999905104687e-09,1.0,9.99999905104687e-09,7.098660717019811e-07,1.5603702195221558e-05,0.00020036319619975984,0.0019377319840714335,0.016304904595017433,0.17686814069747925,0.5,1.0,1.0,1.0
7,1510,25000,0.32271608710289,0.4168579578399658,9.99999905104687e-09,1.0,9.99999905104687e-09,7.022881618468091e-07,1.5884948879829608e-05,0.0001996201608562842,0.0018812919734045863,0.016544895246624947,0.17578604817390442,0.5,1.0,1.0,1.0
7,1520,25000,0.3225777745246887,0.4169059097766876,9.99999905104687e-09,1.0,9.99999905104687e-09,7.175773362178006e-07,1.502536815678468e-05,0.00019629609596449882,0.0019307975890114903,0.016295498237013817,0.17434418201446533,0.5,1.0,1.0,1.0
7,1530,25000,0.3225814998149872,0.41690343618392944,9.99999905104687e-09,1.0,9.99999905104687e-09,6.842108177806949e-07,1.5178912690316793e-05,0.0001984445989364758,0.0019279178231954575,0.016299352049827576,0.1734635978937149,0.5,1.0,1.0,1.0
7,1540,25000,0.3225911557674408,0.4168746769428253,9.99999905104687e-09,1.0,9.99999905104687e-09,6.882125944684958e-07,1.5363266356871463e-05,0.0001997168583329767,0.00192640395835042,0.016360443085432053,0.17380310595035553,0.5,1.0,1.0,1.0
7,1550,25000,0.3227209448814392,0.416858971118927,9.99999905104687e-09,1.0,9.99999905104687e-09,7.067860678944271e-07,1.512244125478901e-05,0.00019828004587907344,0.001911003957502544,0.016247158870100975,0.17670029401779175,0.5,1.0,1.0,1.0
7,1560,25000,0.3227269947528839,0.4169243276119232,9.99999905104687e-09,1.0,9.99999905104687e-09,7.025840886853985e-07,1.5136046386032831e-05,0.00019975780742242932,0.0019357921555638313,0.01647535338997841,0.17434027791023254,0.5,1.0,1.0,1.0
7,1570,25000,0.32270219922065735,0.4169243574142456,9.99999905104687e-09,1.0,9.99999905104687e-09,7.084786943778454e-07,1.5501153029617853e-05,0.00020127893367316574,0.0019190161256119609,0.01616831123828888,0.1771211475133896,0.5,1.0,1.0,1.0
7,1580,25000,0.32271552085876465,0.4169103801250458,9.99999905104687e-09,1.0,9.99999905104687e-09,6.996889396759798e-07,1.532690839667339e-05,0.00020169391063973308,0.0019063875079154968,0.016237948089838028,0.17696957290172577,0.5,1.0,1.0,1.0
7,1590,25000,0.3227106034755707,0.41691893339157104,9.99999905104687e-09,1.0,9.99999905104687e-09,7.026148409750022e-07,1.5226474715746008e-05,0.00019789865473285317,0.0019361478043720126,0.016230862587690353,0.17615652084350586,0.5,1.0,1.0,1.0
7,1600,25000,0.32278504967689514,0.4169406294822693,9.99999905104687e-09,1.0,9.99999905104687e-09,7.048762427075417e-07,1.5275192708941177e-05,0.00019793197861872613,0.0019517414039000869,0.016516048461198807,0.17505717277526855,0.5,1.0,1.0,1.0
7,1610,25000,0.32260918617248535,0.4169386923313141,9.99999905104687e-09,1.0,9.99999905104687e-09,7.092300506883475e-07,1.5651967260055244e-05,0.00019773942767642438,0.0018947763601318002,0.016319753602147102,0.17294102907180786,0.5,1.0,1.0,1.0
7,1620,25000,0.322794646024704,0.4168564975261688,9.99999905104687e-09,1.0,9.99999905104687e-09,6.97314533226745e-07,1.555976996314712e-05,0.00019850618264172226,0.001966488780453801,0.016497500240802765,0.17672045528888702,0.5,1.0,1.0,1.0
7,1630,25000,0.32272472977638245,0.41688814759254456,9.99999905104687e-09,1.0,9.99999905104687e-09,7.007683393567277e-07,1.5332889233832248e-05,0.0001983072579605505,0.0019001842010766268,0.016490010544657707,0.17552374303340912,0.5,1.0,1.0,1.0
7,1640,25000,0.3227156102657318,0.4169486165046692,9.99999905104687e-09,1.0,9.99999905104687e-09,6.939142167539103e-07,1.5326833818107843e-05,0.0001990093878703192,0.0019409691449254751,0.01605125702917576,0.17447036504745483,0.5,1.0,1.0,1.0
7,1650,25000,0.32263877987861633,0.41695383191108704,9.99999905104687e-09,1.0,9.99999905104687e-09,7.076771453284891e-07,1.533781505713705e-05,0.000197554036276415,0.0019584964029490948,0.01607511192560196,0.17313425242900848,0.5,1.0,1.0,1.0
7,1660,25000,0.32278457283973694,0.4168701469898224,9.99999905104687e-09,1.0,9.99999905104687e-09,6.989876055740751e-07,1.5355879440903664e-05,0.00019881957268808037,0.0019265767186880112,0.016425274312496185,0.17556793987751007,0.5,1.0,1.0,1.0
7,1670,25000,0.32272738218307495,0.4169572591781616,9.99999905104687e-09,1.0,9.99999905104687e-09,7.026090429462784e-07,1.5655881725251675e-05,0.00019884864741470665,0.0019466414814814925,0.016271404922008514,0.17193737626075745,0.5,1.0,1.0,1.0
7,1680,25000,0.3226848840713501,0.4169088900089264,9.99999905104687e-09,1.0,9.99999905104687e-09,7.023799639682693e-07,1.5498337234021164e-05,0.00020028669678140432,0.0019407282816246152,0.016331348568201065,0.17346449196338654,0.5,1.0,1.0,1.0
7,1690,25000,0.32261595129966736,0.4169113337993622,9.99999905104687e-09,1.0,9.99999905104687e-09,7.107661303962232e-07,1.5365658327937126e-05,0.00019768493075389415,0.0019336211262270808,0.016290664672851562,0.17434971034526825,0.5,1.0,1.0,1.0
7,1700,25000,0.3226003050804138,0.41693314909935,9.99999905104687e-09,1.0,9.99999905104687e-09,6.823896114838135e-07,1.5087813153513707e-05,0.00020162592409178615,0.0019250576151534915,0.016292540356516838,0.17517898976802826,0.5,1.0,1.0,1.0
7,1710,25000,0.32270416617393494,0.4168364703655243,9.99999905104687e-09,1.0,9.99999905104687e-09,7.024223691587395e-07,1.543543658044655e-05,0.00020245026098564267,0.001957746921107173,0.016319971531629562,0.1763538271188736,0.5,1.0,1.0,1.0
7,1720,25000,0.32257652282714844,0.4168914258480072,9.99999905104687e-09,1.0,9.99999905104687e-09,7.088512461450591e-07,1.5244503629219253e-05,0.0002007407892961055,0.0019290101481601596,0.016346558928489685,0.17441193759441376,0.5,1.0,1.0,1.0
7,1730,25000,0.32278966903686523,0.41689857840538025,9.99999905104687e-09,1.0,9.99999905104687e-09,7.042464176265639e-07,1.5390905900858343e-05,0.0002044238499365747,0.001952096470631659,0.016496935859322548,0.17653541266918182,0.5,1.0,1.0,1.0
7,1740,25000,0.3227296769618988,0.4169536232948303,9.99999905104687e-09,1.0,9.99999905104687e-09,7.181695877989114e-07,1.5303570762625895e-05,0.00019441278709564358,0.001910572755150497,0.016548916697502136,0.173502117395401,0.5,1.0,1.0,1.0
7,1750,25000,0.3227602541446686,0.4168992042541504,9.99999905104687e-09,1.0,9.99999905104687e-09,7.186275752246729e-07,1.5263547538779676e-05,0.000194556952919811,0.001948449295014143,0.01630225032567978,0.17631176114082336,0.5,1.0,1.0,1.0
7,1760,25000,0.32268446683883667,0.41696178913116455,9.99999905104687e-09,1.0,9.99999905104687e-09,7.062527060952561e-07,1.5231804354698397e-05,0.00019674513896461576,0.001878672861494124,0.016192615032196045,0.1744495928287506,0.5,1.0,1.0,1.0
7,1770,25000,0.322689414024353,0.4169154167175293,9.99999905104687e-09,1.0,9.99999905104687e-09,7.14649502242537e-07,1.5208685908874031e-05,0.00019681786943692714,0.001959917601197958,0.016369609162211418,0.17585846781730652,0.5,1.0,1.0,1.0
7,1780,25000,0.32271090149879456,0.4169628918170929,9.99999905104687e-09,1.0,9.99999905104687e-09,7.001918334026414e-07,1.5770248865010217e-05,0.00019794168474618345,0.0019368014764040709,0.016131367534399033,0.17352885007858276,0.5,1.0,1.0,1.0
7,1790,25000,0.3227551281452179,0.41689759492874146,9.99999905104687e-09,1.0,9.99999905104687e-09,7.049819146232039e-07,1.52894663187908e-05,0.0001995536731556058,0.001967251067981124,0.016327692195773125,0.1768966019153595,0.5,1.0,1.0,1.0
7,1800,25000,0.32262831926345825,0.41689419746398926,9.99999905104687e-09,1.0,9.99999905104687e-09,6.964507406337361e-07,1.5428118786076084e-05,0.0002013313351199031,0.0019072748254984617,0.016189102083444595,0.17597196996212006,0.5,1.0,1.0,1.0
7,1810,25000,0.32271459698677063,0.4169016182422638,9.99999905104687e-09,1.0,9.99999905104687e-09,7.068709351187863e-07,1.5539042578893714e-05,0.00020234938710927963,0.0019082461949437857,0.016435399651527405,0.1763026863336563,0.5,1.0,1.0,1.0
7,1820,25000,0.32274019718170166,0.4168750047683716,9.99999905104687e-09,1.0,9.99999905104687e-09,7.148847771532019e-07,1.532082933408674e-05,0.00020006319391541183,0.0019398187287151814,0.016246072947978973,0.17584282159805298,0.5,1.0,1.0,1.0
7,1830,25000,0.3226856589317322,0.4168862998485565,9.99999905104687e-09,1.0,9.99999905104687e-09,6.953446245461237e-07,1.536260788270738e-05,0.00019778034766204655,0.0019316652324050665,0.016449548304080963,0.17639656364917755,0.5,1.0,1.0,1.0
7,1840,25000,0.32259485125541687,0.4169619381427765,9.99999905104687e-09,1.0,9.99999905104687e-09,7.12901226052054e-07,1.541404526506085e-05,0.00020264934573788196,0.0019361904123798013,0.016249138861894608,0.17180247604846954,0.5,1.0,1.0,1.0
7,1850,25000,0.32275640964508057,0.41691213846206665,9.99999905104687e-09,1.0,9.99999905104687e-09,6.997636887717817e-07,1.5273752069333568e-05,0.00020005149417556822,0.0019079194171354175,0.016088031232357025,0.1767992079257965,0.5,1.0,1.0,1.0
7,1860,25000,0.32272374629974365,0.4169508218765259,9.99999905104687e-09,1.0,9.99999905104687e-09,6.94497089170909e-07,1.510044967290014e-05,0.00020090512407477945,0.0019115542527288198,0.016256514936685562,0.17587752640247345,0.5,1.0,1.0,1.0
7,1870,25000,0.32269909977912903,0.4169849753379822,9.99999905104687e-09,1.0,9.99999905104687e-09,7.051588681861176e-07,1.4980575542722363e-05,0.00019859116582665592,0.0019071304704993963,0.016041845083236694,0.1747192144393921,0.5,1.0,1.0,1.0
7,1880,25000,0.3226976990699768,0.4169430136680603,9.99999905104687e-09,1.0,9.99999905104687e-09,6.985161462580436e-07,1.5099427400855348e-05,0.00020115351071581244,0.0019445291254669428,0.016258055344223976,0.17408114671707153,0.5,1.0,1.0,1.0
7,1890,25000,0.32272377610206604,0.41689079999923706,9.99999905104687e-09,1.0,9.99999905104687e-09,7.154425247790641e-07,1.509231333329808e-05,0.0001989933953154832,0.001886587357148528,0.015913579612970352,0.17646917700767517,0.5,1.0,1.0,1.0
7,1900,25000,0.3227729797363281,0.4169369339942932,9.99999905104687e-09,1.0,9.99999905104687e-09,7.034477675915696e-07,1.5476685803150758e-05,0.0002016764774452895,0.0019392584217712283,0.016122259199619293,0.1750488430261612,0.5,1.0,1.0,1.0
7,1910,25000,0.3227626383304596,0.41697007417678833,9.99999905104687e-09,1.0,9.99999905104687e-09,6.980392868172203e-07,1.546771454741247e-05,0.00020028352446388453,0.0019037355668842793,0.016152560710906982,0.17529244720935822,0.5,1.0,1.0,1.0
7,1920,25000,0.32273975014686584,0.41688621044158936,9.99999905104687e-09,1.0,9.99999905104687e-09,7.070275387377478e-07,1.5226447430904955e-05,0.00019711247296072543,0.0019388471264392138,0.016200795769691467,0.17674830555915833,0.5,1.0,1.0,1.0
7,1930,25000,0.32271960377693176,0.41687360405921936,9.99999905104687e-09,1.0,9.99999905104687e-09,6.880940190967522e-07,1.5941919627948664e-05,0.00019814753613900393,0.0019072071881964803,0.01650106906890869,0.17500530183315277,0.5,1.0,1.0,1.0
7,1940,25000,0.32276177406311035,0.41692107915878296,9.99999905104687e-09,1.0,9.99999905104687e-09,7.105055033207464e-07,1.5312911273213103e-05,0.00019924006483051926,0.0019249292090535164,0.016430340707302094,0.17538774013519287,0.5,1.0,1.0,1.0
7,1950,25000,0.32281404733657837,0.4168948233127594,9.99999905104687e-09,1.0,9.99999905104687e-09,7.030009214759048e-07,1.5030152098916005e-05,0.00020023099204991013,0.001871692598797381,0.016328230500221252,0.17570601403713226,0.5,1.0,1.0,1.0
7,1960,25000,0.32261890172958374,0.41687923669815063,9.99999905104687e-09,1.0,9.99999905104687e-09,7.077789518916688e-07,1.5396857634186745e-05,0.00020443106768652797,0.001908815698698163,0.015962710604071617,0.17613913118839264,0.5,1.0,1.0,1.0
7,1970,25000,0.32272017002105713,0.41694778203964233,9.99999905104687e-09,1.0,9.99999905104687e-09,7.015948426669638e-07,1.5185129996098112e-05,0.00020355093874968588,0.0018910467624664307,0.016106024384498596,0.17605672776699066,0.5,1.0,1.0,1.0
7,1980,25000,0.32263854146003723,0.4169728755950928,9.99999905104687e-09,1.0,9.99999905104687e-09,7.079842134771752e-07,1.5200153029581998e-05,0.0001977816573344171,0.0018906699260696769,0.01618945598602295,0.17399388551712036,0.5,1.0,1.0,1.0
7,1990,25000,0.32277005910873413,0.4168829917907715,9.99999905104687e-09,1.0,9.99999905104687e-09,7.01749115705752e-07,1.5146975783864036e-05,0.00019663464627228677,0.001932046958245337,0.016269560903310776,0.17679524421691895,0.5,1.0,1.0,1.0
7,2000,25000,0.32270580530166626,0.41685566306114197,9.99999905104687e-09,1.0,9.99999905104687e-09,7.070825063237862e-07,1.5284003893611953e-05,0.00020120183762628585,0.0019133781315758824,0.016339384019374847,0.1762787103652954,0.5,1.0,1.0,1.0
7,2010,25000,0.3226850628852844,0.4168756306171417,9.99999905104687e-09,1.0,9.99999905104687e-09,7.094259899531608e-07,1.57436152221635e-05,0.000198758440092206,0.0019414100097492337,0.016053320840001106,0.1747559756040573,0.5,1.0,1.0,1.0
7,2020,25000,0.3227778673171997,0.41693395376205444,9.99999905104687e-09,1.0,9.99999905104687e-09,6.976327995289466e-07,1.517341752332868e-05,0.00019971415167674422,0.0018988348310813308,0.016156403347849846,0.17528393864631653,0.5,1.0,1.0,1.0
7,2030,25000,0.3228360414505005,0.41693076491355896,9.99999905104687e-09,1.0,9.99999905104687e-09,6.982091917961952e-07,1.541597521281801e-05,0.00019584540859796107,0.0018952606478706002,0.016343027353286743,0.17593368887901306,0.5,1.0,1.0,1.0
7,2040,25000,0.3226950764656067,0.41692760586738586,9.99999905104687e-09,1.0,9.99999905104687e-09,6.907678198331269e-07,1.522583988844417e-05,0.00019948382396250963,0.001917070709168911,0.016177192330360413,0.175532266497612,0.5,1.0,1.0,1.0
7,2050,25000,0.3226979076862335,0.41692447662353516,9.99999905104687e-09,1.0,9.99999905104687e-09,6.952303124307946e-07,1.5345123756560497e-05,0.00019944958330597728,0.001950998092070222,0.01623920351266861,0.17246600985527039,0.5,1.0,1.0,1.0
7,2060,25000,0.3226749897003174,0.41690924763679504,9.99999905104687e-09,1.0,9.99999905104687e-09,6.968659249650955e-07,1.506317585153738e-05,0.00020296699949540198,0.0019102470250800252,0.01613020896911621,0.17645420134067535,0.5,1.0,1.0,1.0
7,2070,25000,0.3227110803127289,0.4169434607028961,9.99999905104687e-09,1.0,9.99999905104687e-09,7.032971893750073e-07,1.530064400867559e-05,0.00020112226775381714,0.0019353230018168688,0.016152318567037582,0.1746872514486313,0.5,1.0,1.0,1.0
7,2080,25000,0.3226722478866577,0.4169378876686096,9.99999905104687e-09,1.0,9.99999905104687e-09,7.084495905473887e-07,1.5601883205818012e-05,0.00019939476624131203,0.001937869586981833,0.016080349683761597,0.17478960752487183,0.5,1.0,1.0,1.0
7,2090,25000,0.3226683437824249,0.41691988706588745,9.99999905104687e-09,1.0,9.99999905104687e-09,7.188161248450342e-07,1.5073122995090671e-05,0.0001987164723686874,0.0019408827647566795,0.016195856034755707,0.17497248947620392,0.5,1.0,1.0,1.0
7,2100,25000,0.32272353768348694,0.4169207513332367,9.99999905104687e-09,1.0,9.99999905104687e-09,7.067057481435768e-07,1.5703728422522545e-05,0.00020249368390068412,0.0019400586606934667,0.01626315899193287,0.17648370563983917,0.5,1.0,1.0,1.0
7,2110,25000,0.3226932883262634,0.41695329546928406,9.99999905104687e-09,1.0,9.99999905104687e-09,7.052582873257052e-07,1.5131467080209404e-05,0.00020116945961490273,0.001955780666321516,0.01615731604397297,0.17481204867362976,0.5,1.0,1.0,1.0
7,2120,25000,0.3227574825286865,0.41692933440208435,9.99999905104687e-09,1.0,9.99999905104687e-09,6.934966449989588e-07,1.5616664313711226e-05,0.0002036873484030366,0.0018909273203462362,0.016396382823586464,0.17688994109630585,0.5,1.0,1.0,1.0
7,2130,25000,0.3227466344833374,0.4168865978717804,9.99999905104687e-09,1.0,9.99999905104687e-09,7.001700055297988e-07,1.5181406524789054e-05,0.00020132381177973002,0.0019167076097801328,0.01626250147819519,0.17635205388069153,0.5,1.0,1.0,1.0
7,2140,25000,0.32280847430229187,0.4169681966304779,9.99999905104687e-09,1.0,9.99999905104687e-09,7.166939894887037e-07,1.5508026990573853e-05,0.00019740816787816584,0.0018978791777044535,0.016194021329283714,0.17745687067508698,0.5,1.0,1.0,1.0
7,2150,25000,0.3227846920490265,0.416969358921051,9.99999905104687e-09,1.0,9.99999905104687e-09,7.130165613489226e-07,1.537693606223911e-05,0.00019965707906521857,0.0019319008570164442,0.016304735094308853,0.17541475594043732,0.5,1.0,1.0,1.0
7,2160,25000,0.32269978523254395,0.4169020652770996,9.99999905104687e-09,1.0,9.99999905104687e-09,7.00584450896713e-07,1.5093033653101884e-05,0.0002008080336963758,0.0019531185971572995,0.01632106304168701,0.17472906410694122,0.5,1.0,1.0,1.0
7,2170,25000,0.322758287191391,0.4169550836086273,9.99999905104687e-09,1.0,9.99999905104687e-09,7.006794362496294e-07,1.526997766632121e-05,0.0001968483265955001,0.0019133237656205893,0.016061633825302124,0.1765749305486679,0.5,1.0,1.0,1.0
7,2180,25000,0.32276037335395813,0.416892945766449,9.99999905104687e-09,1.0,9.99999905104687e-09,7.082265938151977e-07,1.5519688531639986e-05,0.00020040107483509928,0.0019252961501479149,0.016285892575979233,0.17775949835777283,0.5,1.0,1.0,1.0
7,2190,25000,0.32274219393730164,0.4169227182865143,9.99999905104687e-09,1.0,9.99999905104687e-09,7.064307965265471e-07,1.548412546981126e-05,0.00019972723384853452,0.0019286725437268615,0.01628740318119526,0.17258621752262115,0.5,1.0,1.0,1.0
7,2200,25000,0.3227859139442444,0.4169551432132721,9.99999905104687e-09,1.0,9.99999905104687e-09,7.066212219797308e-07,1.5372916095657274e-05,0.00019807933131232858,0.0019098075572401285,0.016232378780841827,0.17513443529605865,0.5,1.0,1.0,1.0
7,2210,25000,0.322677880525589,0.41689562797546387,9.99999905104687e-09,1.0,9.99999905104687e-09,7.078124326653779e-07,1.5163216630753595e-05,0.00020117628446314484,0.001867133192718029,0.016380807384848595,0.17568011581897736,0.5,1.0,1.0,1.0
7,2220,25000,0.32272419333457947,0.41688090562820435,9.99999905104687e-09,1.0,9.99999905104687e-09,6.949398425604159e-07,1.54285880853422e-05,0.00019865021749865264,0.001914125052280724,0.016264982521533966,0.17483602464199066,0.5,1.0,1.0,1.0
7,2230,25000,0.3227153420448303,0.41691839694976807,9.99999905104687e-09,1.0,9.99999905104687e-09,7.068416039146541e-07,1.522897946415469e-05,0.00020454720652196556,0.0019115767208859324,0.01598450168967247,0.1777227818965912,0.5,1.0,1.0,1.0
7,2240,25000,0.3227849006652832,0.41691523790359497,9.99999905104687e-09,1.0,9.99999905104687e-09,7.006856321822852e-07,1.501132737757871e-05,0.0001974350743694231,0.0018762340769171715,0.016314776614308357,0.17475663125514984,0.5,1.0,1.0,1.0
7,2250,25000,0.3226920962333679,0.4169357717037201,9.99999905104687e-09,1.0,9.99999905104687e-09,6.955141316211666e-07,1.547853935335297e-05,0.00019574786711018533,0.0019111846340820193,0.016354072839021683,0.17446894943714142,0.5,1.0,1.0,1.0
7,2260,25000,0.32274043560028076,0.4168708026409149,9.99999905104687e-09,1.0,9.99999905104687e-09,6.957690743547573e-07,1.578233604959678e-05,0.00019950636487919837,0.0019284277223050594,0.016225699335336685,0.1768345832824707,0.5,1.0,1.0,1.0
7,2270,25000,0.3227911591529846,0.41696280241012573,9.99999905104687e-09,1.0,9.99999905104687e-09,7.065565341690672e-07,1.5387471648864448e-05,0.00019500927010085434,0.0019059557234868407,0.016136210411787033,0.17640581727027893,0.5,1.0,1.0,1.0
7,2280,25000,0.32272493839263916,0.4168946146965027,9.99999905104687e-09,1.0,9.99999905104687e-09,7.127487720026693e-07,1.5011978575785179e-05,0.00020118706743232906,0.0019382666796445847,0.01627495139837265,0.17511118948459625,0.5,1.0,1.0,1.0
7,2290,25000,0.3227729797363281,0.4168826639652252,9.99999905104687e-09,1.0,9.99999905104687e-09,7.07337846961309e-07,1.4805853425059468e-05,0.0002028477465501055,0.0019242893904447556,0.01640009507536888,0.1764756143093109,0.5,1.0,1.0,1.0
7,2300,25000,0.32271263003349304,0.4169929325580597,9.99999905104687e-09,1.0,9.99999905104687e-09,7.095493401720887e-07,1.5351874026237056e-05,0.00019943220831919461,0.0018834042130038142,0.016251424327492714,0.17542417347431183,0.5,1.0,1.0,1.0
7,2310,25000,0.32268136739730835,0.4169641137123108,9.99999905104687e-09,1.0,9.99999905104687e-09,7.060653501866909e-07,1.5255545804393478e-05,0.0001990790042327717,0.001944837043993175,0.016321532428264618,0.17430905997753143,0.5,1.0,1.0,1.0
7,2320,25000,0.322676420211792,0.41692620515823364,9.99999905104687e-09,1.0,9.99999905104687e-09,7.068958325362473e-07,1.541204437671695e-05,0.00019724007870536298,0.0019383917097002268,0.016370385885238647,0.17226994037628174,0.5,1.0,1.0,1.0
7,2330,25000,0.3226059377193451,0.41696539521217346,9.99999905104687e-09,1.0,9.99999905104687e-09,7.078308499330888e-07,1.5495017578359693e-05,0.0001943334937095642,0.0019308403134346008,0.016004487872123718,0.17284737527370453,0.5,1.0,1.0,1.0
7,2340,25000,0.32275038957595825,0.416969895362854,9.99999905104687e-09,1.0,9.99999905104687e-09,7.014707534835907e-07,1.5344307030318305e-05,0.0002047387242782861,0.0019243634305894375,0.01618906855583191,0.1746402531862259,0.5,1.0,1.0,1.0
7,2350,25000,0.32265281677246094,0.4168950915336609,9.99999905104687e-09,1.0,9.99999905104687e-09,7.127370054149651e-07,1.507718025095528e-05,0.00020346665405668318,0.0019502158975228667,0.016336826607584953,0.1756884753704071,0.5,1.0,1.0,1.0
7,2360,25000,0.3227249085903168,0.4168842136859894,9.99999905104687e-09,1.0,9.99999905104687e-09,7.009342084529635e-07,1.5288591384887695e-05,0.0002004622801905498,0.0019139552023261786,0.016258852556347847,0.1755908578634262,0.5,1.0,1.0,1.0
7,2370,25000,0.32274115085601807,0.416939914226532,9.99999905104687e-09,1.0,9.99999905104687e-09,6.998336061769805e-07,1.5099214579095133e-05,0.00019776455883402377,0.0019285252783447504,0.016392607241868973,0.1759624183177948,0.5,1.0,1.0,1.0
7,2380,25000,0.32276079058647156,0.4169311821460724,9.99999905104687e-09,1.0,9.99999905104687e-09,6.910760248501902e-07,1.5362986232503317e-05,0.0001978726650122553,0.001936189946718514,0.01652957871556282,0.17500120401382446,0.5,1.0,1.0,1.0
7,2390,25000,0.32265347242355347,0.41691821813583374,9.99999905104687e-09,1.0,9.99999905104687e-09,6.890508075230173e-07,1.5139766219363082e-05,0.00020014164329040796,0.0019420047756284475,0.016395926475524902,0.17562347650527954,0.5,1.0,1.0,1.0
7,2400,25000,0.3226223886013031,0.41694343090057373,9.99999905104687e-09,1.0,9.99999905104687e-09,6.929344067430065e-07,1.5396635717479512e-05,0.00020227671484462917,0.0019688159227371216,0.016237763687968254,0.17418275773525238,0.5,1.0,1.0,1.0
7,2410,25000,0.32279646396636963,0.41691192984580994,9.99999905104687e-09,1.0,9.99999905104687e-09,6.810574291193916e-07,1.533510658191517e-05,0.0002017526130657643,0.0019149883883073926,0.01630694791674614,0.17525213956832886,0.5,1.0,1.0,1.0
7,2420,25000,0.32268816232681274,0.4169664680957794,9.99999905104687e-09,1.0,9.99999905104687e-09,6.987138476688415e-07,1.5180102309386712e-05,0.00020161732390988618,0.0019220795948058367,0.016408678144216537,0.17480501532554626,0.5,1.0,1.0,1.0
7,2430,25000,0.32273492217063904,0.41695088148117065,9.99999905104687e-09,1.0,9.99999905104687e-09,7.008472380221065e-07,1.5300191080314107e-05,0.0001957734057214111,0.001918611815199256,0.016239386051893234,0.17572130262851715,0.5,1.0,1.0,1.0
7,2440,25000,0.3227432668209076,0.41685009002685547,9.99999905104687e-09,1.0,9.99999905104687e-09,6.980723696869973e-07,1.5318473742809147e-05,0.00020240161393303424,0.0019040333572775126,0.016365408897399902,0.17771154642105103,0.5,1.0,1.0,1.0
7,2450,25000,0.3227904438972473,0.41691648960113525,9.99999905104687e-09,1.0,9.99999905104687e-09,6.893711201882979e-07,1.5655306924600154e-05,0.0001960742229130119,0.001965498784556985,0.016111981123685837,0.17564275860786438,0.5,1.0,1.0,1.0
7,2460,25000,0.32274070382118225,0.41693198680877686,9.99999905104687e-09,1.0,9.99999905104687e-09,7.005796192061098e-07,1.5512721802224405e-05,0.00020002045494038612,0.0019329618662595749,0.016309183090925217,0.17513097822666168,0.5,1.0,1.0,1.0
7,2470,25000,0.32279083132743835,0.4169345498085022,9.99999905104687e-09,1.0,9.99999905104687e-09,7.092475584613567e-07,1.5316882127081044e-05,0.00019914863514713943,0.0019189293961971998,0.016131628304719925,0.17773303389549255,0.5,1.0,1.0,1.0
7,2480,25000,0.3227434754371643,0.41689929366111755,9.99999905104687e-09,1.0,9.99999905104687e-09,7.08992615727766e-07,1.53497931023594e-05,0.00019468746904749423,0.0019371281377971172,0.01632101833820343,0.17593611776828766,0.5,1.0,1.0,1.0
7,2490,25000,0.32274526357650757,0.4169483482837677,9.99999905104687e-09,1.0,9.99999905104687e-09,7.154573609113868e-07,1.5342979168053716e-05,0.00019743965822272003,0.0019070507260039449,0.016330536454916,0.17455154657363892,0.5,1.0,1.0,1.0
7,2500,25000,0.3226907253265381,0.4169016182422638,9.99999905104687e-09,1.0,9.99999905104687e-09,7.201314815574733e-07,1.504110150563065e-05,0.00019850187527481467,0.0019340433645993471,0.01614130288362503,0.17501749098300934,0.5,1.0,1.0,1.0
7,2510,25000,0.3226175010204315,0.41693222522735596,9.99999905104687e-09,1.0,9.99999905104687e-09,7.129629580049368e-07,1.5565348803647794e-05,0.000197509303689003,0.0018788384040817618,0.01646062359213829,0.17324544489383698,0.5,1.0,1.0,1.0
7,2520,25000,0.3226648271083832,0.4168761968612671,9.99999905104687e-09,1.0,9.99999905104687e-09,7.141292712731229e-07,1.5234756574500352e-05,0.00019936493481509387,0.001941111870110035,0.016476664692163467,0.17442356050014496,0.5,1.0,1.0,1.0
7,2530,25000,0.32266929745674133,0.41693729162216187,9.99999905104687e-09,1.0,9.99999905104687e-09,6.993026886448206e-07,1.5457815607078373e-05,0.00020141743880230933,0.0019417618168517947,0.01624390482902527,0.175681009888649,0.5,1.0,1.0,1.0
7,2540,25000,0.32278838753700256,0.416972279548645,9.99999905104687e-09,1.0,9.99999905104687e-09,6.95479684509337e-07,1.552074172650464e-05,0.00019831802637781948,0.001925840973854065,0.016184821724891663,0.1744469851255417,0.5,1.0,1.0,1.0
7,2550,25000,0.32275789976119995,0.4169003367424011,9.99999905104687e-09,1.0,9.99999905104687e-09,7.099680487954174e-07,1.5349805835285224e-05,0.0001962685346370563,0.0019462935160845518,0.01650875434279442,0.17479397356510162,0.5,1.0,1.0,1.0
7,2560,25000,0.3228984475135803,0.416957825422287,9.99999905104687e-09,1.0,9.99999905104687e-09,7.015633514129149e-07,1.567811159475241e-05,0.00019779926515184343,0.0019427649676799774,0.01643095351755619,0.1740463376045227,0.5,1.0,1.0,1.0
7,2570,25000,0.32278698682785034,0.41697627305984497,9.99999905104687e-09,1.0,9.99999905104687e-09,6.879413945171109e-07,1.5061309568409342e-05,0.00020010265870951116,0.00195554131641984,0.01617657020688057,0.17286768555641174,0.5,1.0,1.0,1.0
7,2580,25000,0.3227713406085968,0.4169498383998871,9.99999905104687e-09,1.0,9.99999905104687e-09,7.016108156676637e-07,1.5265435649780557e-05,0.00019455136498436332,0.0019215196371078491,0.016435109078884125,0.17599432170391083,0.5,1.0,1.0,1.0
7,2590,25000,0.3227769136428833,0.4169039726257324,9.99999905104687e-09,1.0,9.99999905104687e-09,7.064247711241478e-07,1.5167514902714174e-05,0.00020058218797203153,0.001943951821886003,0.016466177999973297,0.1755048781633377,0.5,1.0,1.0,1.0
7,2600,25000,0.3226935863494873,0.41694915294647217,9.99999905104687e-09,1.0,9.99999905104687e-09,7.044896506158693e-07,1.52242137119174e-05,0.000198960246052593,0.0019440707983449101,0.016037818044424057,0.17586980760097504,0.5,1.0,1.0,1.0
7,2610,25000,0.32258760929107666,0.4169780910015106,9.99999905104687e-09,1.0,9.99999905104687e-09,6.977951443332131e-07,1.587774204381276e-05,0.00020461746316868812,0.001923500094562769,0.016054686158895493,0.17230568826198578,0.5,1.0,1.0,1.0
7,2620,25000,0.322738915681839,0.41697341203689575,9.99999905104687e-09,1.0,9.99999905104687e-09,7.042029892545543e-07,1.5313884432544e-05,0.00020113556820433587,0.001949532888829708,0.016390584409236908,0.17452704906463623,0.5,1.0,1.0,1.0
7,2630,25000,0.3226947784423828,0.4169498682022095,9.99999905104687e-09,1.0,9.99999905104687e-09,7.078440944496833e-07,1.5397959941765293e-05,0.00020060883252881467,0.0019496397580951452,0.016331221908330917,0.1744665801525116,0.5,1.0,1.0,1.0
7,2640,25000,0.3226761519908905,0.4168586730957031,9.99999905104687e-09,1.0,9.99999905104687e-09,7.150596275096177e-07,1.5362342310254462e-05,0.00020084514108020812,0.001939575420692563,0.01640540547668934,0.17405083775520325,0.5,1.0,1.0,1.0
7,2650,25000,0.32281678915023804,0.41695740818977356,9.99999905104687e-09,1.0,9.99999905104687e-09,7.143617040128447e-07,1.547884130559396e-05,0.00020103371934965253,0.0019419606542214751,0.016090774908661842,0.1752699315547943,0.5,1.0,1.0,1.0
7,2660,25000,0.32281410694122314,0.41694018244743347,9.99999905104687e-09,1.0,9.99999905104687e-09,6.967924832679273e-07,1.532166061224416e-05,0.0001981789100682363,0.001940618152730167,0.01627124659717083,0.1760813295841217,0.5,1.0,1.0,1.0
7,2670,25000,0.3226248025894165,0.41693633794784546,9.99999905104687e-09,1.0,9.99999905104687e-09,7.008218858572945e-07,1.543728831165936e-05,0.00019815596169792116,0.0019457786111161113,0.016115915030241013,0.17486442625522614,0.5,1.0,1.0,1.0
7,2680,25000,0.3227163255214691,0.4169187545776367,9.99999905104687e-09,1.0,9.99999905104687e-09,7.053500894471654e-07,1.5332621842389926e-05,0.00019939955382142216,0.0019504174124449492,0.016128625720739365,0.175040140748024,0.5,1.0,1.0,1.0
7,2690,25000,0.32267677783966064,0.4169829189777374,9.99999905104687e-09,1.0,9.99999905104687e-09,6.980444595683366e-07,1.550872366351541e-05,0.00020101177506148815,0.0019224378047510982,0.016415618360042572,0.17518964409828186,0.5,1.0,1.0,1.0
7,2700,25000,0.32279279828071594,0.41693201661109924,9.99999905104687e-09,1.0,9.99999905104687e-09,7.06058358446171e-07,1.5681845979997888e-05,0.0002010483294725418,0.0019251987105235457,0.016152674332261086,0.17589710652828217,0.5,1.0,1.0,1.0
7,2710,25000,0.3227924406528473,0.41692864894866943,9.99999905104687e-09,1.0,9.99999905104687e-09,7.083274340402568e-07,1.548223735881038e-05,0.00020038934599142522,0.001972996396943927,0.016411535441875458,0.1746048629283905,0.5,1.0,1.0,1.0
7,2720,25000,0.32291674613952637,0.4168957769870758,9.99999905104687e-09,1.0,9.99999905104687e-09,7.061251494633325e-07,1.5409677871502936e-05,0.00020129878248553723,0.0019500050693750381,0.016530493274331093,0.17539842426776886,0.5,1.0,1.0,1.0
7,2730,25000,0.3227115571498871,0.41699108481407166,9.99999905104687e-09,1.0,9.99999905104687e-09,7.091589964147715e-07,1.5477393390028737e-05,0.00020034774206578732,0.001937921973876655,0.016377083957195282,0.1746472865343094,0.5,1.0,1.0,1.0
7,2740,25000,0.322790265083313,0.41691261529922485,9.99999905104687e-09,1.0,9.99999905104687e-09,6.979413456065231e-07,1.5586891095153987e-05,0.00019864531350322068,0.0019152483437210321,0.016175657510757446,0.17469266057014465,0.5,1.0,1.0,1.0
7,2750,25000,0.32271066308021545,0.4169096052646637,9.99999905104687e-09,1.0,9.99999905104687e-09,7.140680509110098e-07,1.5525039998465218e-05,0.00019700187840498984,0.0019223131239414215,0.016697272658348083,0.17279288172721863,0.5,1.0,1.0,1.0
7,2760,25000,0.3226529657840729,0.41691553592681885,9.99999905104687e-09,1.0,9.99999905104687e-09,6.948329200895387e-07,1.5376970623037778e-05,0.00019794117542915046,0.0019455343717709184,0.01605275459587574,0.17424677312374115,0.5,1.0,1.0,1.0
7,2770,25000,0.3227488398551941,0.41692644357681274,9.99999905104687e-09,1.0,9.99999905104687e-09,7.003121140769508e-07,1.559496195113752e-05,0.0001974760671146214,0.0019248512107878923,0.016064371913671494,0.17471471428871155,0.5,1.0,1.0,1.0
7,2780,25000,0.322689414024353,0.41693955659866333,9.99999905104687e-09,1.0,9.99999905104687e-09,6.979503268667031e-07,1.535632327431813e-05,0.00019537610933184624,0.0019332605879753828,0.016533806920051575,0.17388005554676056,0.5,1.0,1.0,1.0
7,2790,25000,0.3226976990699768,0.4169049561023712,9.99999905104687e-09,1.0,9.99999905104687e-09,7.073037977534113e-07,1.5373450878541917e-05,0.00020398752531036735,0.001926701283082366,0.01634923554956913,0.17511090636253357,0.5,1.0,1.0,1.0
7,2800,25000,0.32261279225349426,0.41692012548446655,9.99999905104687e-09,1.0,9.99999905104687e-09,7.128393235689146e-07,1.5228477423079312e-05,0.00020015347399748862,0.0019164984114468098,0.016322286799550056,0.17235121130943298,0.5,1.0,1.0,1.0
7,2810,25000,0.3227631449699402,0.41689059138298035,9.99999905104687e-09,1.0,9.99999905104687e-09,6.995994681346929e-07,1.543009784654714e-05,0.00019601488020271063,0.0019138762727379799,0.01658851094543934,0.17477798461914062,0.5,1.0,1.0,1.0
7,2820,25000,0.3227326273918152,0.41695451736450195,9.99999905104687e-09,1.0,9.99999905104687e-09,7.002083748375298e-07,1.5525991329923272e-05,0.00020194156968500465,0.001959343906491995,0.016429508104920387,0.17431575059890747,0.5,1.0,1.0,1.0
7,2830,25000,0.32271474599838257,0.4169703722000122,9.99999905104687e-09,1.0,9.99999905104687e-09,6.875573035358684e-07,1.5288416761904955e-05,0.00019716327369678766,0.0019393812399357557,0.01620585098862648,0.17395104467868805,0.5,1.0,1.0,1.0
7,2840,25000,0.3228297829627991,0.4169200360774994,9.99999905104687e-09,1.0,9.99999905104687e-09,6.994432055762445e-07,1.5223763512040023e-05,0.00019790793885476887,0.0019701921846717596,0.01599525660276413,0.17576031386852264,0.5,1.0,1.0,1.0
7,2850,25000,0.3227885663509369,0.41693544387817383,9.99999905104687e-09,1.0,9.99999905104687e-09,7.100206289578637e-07,1.5405785234179348e-05,0.00019743843586184084,0.001898683956824243,0.016261830925941467,0.1767728328704834,0.5,1.0,1.0,1.0
7,2860,25000,0.32281333208084106,0.4169558882713318,9.99999905104687e-09,1.0,9.99999905104687e-09,7.064007263579697e-07,1.541141864436213e-05,0.0001951232407009229,0.0019157188944518566,0.01624894142150879,0.1745452582836151,0.5,1.0,1.0,1.0
7,2870,25000,0.32287660241127014,0.4169098138809204,9.99999905104687e-09,1.0,9.99999905104687e-09,7.144283813431684e-07,1.5361374607891776e-05,0.00020229254732839763,0.001921939430758357,0.016147373244166374,0.17687757313251495,0.5,1.0,1.0,1.0
7,2880,25000,0.3228268027305603,0.41695353388786316,9.99999905104687e-09,1.0,9.99999905104687e-09,7.177675911407277e-07,1.552685716887936e-05,0.00019833791884593666,0.0019032033160328865,0.016250723972916603,0.17492251098155975,0.5,1.0,1.0,1.0
7,2890,25000,0.3227098286151886,0.4169575870037079,9.99999905104687e-09,1.0,9.99999905104687e-09,6.8966841126894e-07,1.5872163203312084e-05,0.0002041483239736408,0.001919188885949552,0.016449060291051865,0.1727329045534134,0.5,1.0,1.0,1.0
7,2900,25000,0.3227640688419342,0.4169541001319885,9.99999905104687e-09,1.0,9.99999905104687e-09,6.902183145029994e-07,1.510819038230693e-05,0.0002001752145588398,0.001962224254384637,0.01656954362988472,0.17507623136043549,0.5,1.0,1.0,1.0
7,2910,25000,0.32261303067207336,0.4169331192970276,9.99999905104687e-09,1.0,9.99999905104687e-09,7.088281108735828e-07,1.5452300431206822e-05,0.00020156784739810973,0.0019069217378273606,0.016412071883678436,0.17361953854560852,0.5,1.0,1.0,1.0
7,2920,25000,0.3227008879184723,0.41690415143966675,9.99999905104687e-09,1.0,9.99999905104687e-09,6.891281714160868e-07,1.5097460163815413e-05,0.00020196058903820813,0.0019419201416894794,0.01614919863641262,0.17468084394931793,0.5,1.0,1.0,1.0
7,2930,25000,0.3227906823158264,0.41692349314689636,9.99999905104687e-09,1.0,9.99999905104687e-09,7.103341772562999e-07,1.5561625332338735e-05,0.00019638112280517817,0.0019330309005454183,0.016452517360448837,0.1750802844762802,0.5,1.0,1.0,1.0
7,2940,25000,0.32278645038604736,0.41696232557296753,9.99999905104687e-09,1.0,9.99999905104687e-09,7.015084975137142e-07,1.4985157577029895e-05,0.00020000942458864301,0.0019223729614168406,0.016489796340465546,0.17647555470466614,0.5,1.0,1.0,1.0
7,2950,25000,0.32269802689552307,0.4169255495071411,9.99999905104687e-09,1.0,9.99999905104687e-09,7.105865620360419e-07,1.5254898244165815e-05,0.00020239100558683276,0.0019280798733234406,0.01611865498125553,0.17593854665756226,0.5,1.0,1.0,1.0
7,2960,25000,0.3227793574333191,0.416972279548645,9.99999905104687e-09,1.0,9.99999905104687e-09,6.8927022311982e-07,1.5169292055361439e-05,0.00019877606246154755,0.001939153764396906,0.016250453889369965,0.17581236362457275,0.5,1.0,1.0,1.0
7,2970,25000,0.32283714413642883,0.41699111461639404,9.99999905104687e-09,1.0,9.99999905104687e-09,7.126300829440879e-07,1.5140421055548359e-05,0.00019787444034591317,0.0019373268587514758,0.015877652913331985,0.17515568435192108,0.5,1.0,1.0,1.0
7,2980,25000,0.32273268699645996,0.41696375608444214,9.99999905104687e-09,1.0,9.99999905104687e-09,7.044629342090047e-07,1.5267600247170776e-05,0.0001991380559047684,0.0019353943644091487,0.01621030457317829,0.17653965950012207,0.5,1.0,1.0,1.0
7,2990,25000,0.32274100184440613,0.4168487787246704,9.99999905104687e-09,1.0,9.99999905104687e-09,7.007138265180402e-07,1.5313666153815575e-05,0.00019575550686568022,0.001907034427858889,0.016428228467702866,0.17686501145362854,0.5,1.0,1.0,1.0
7,3000,25000,0.3227500021457672,0.4169076085090637,9.99999905104687e-09,1.0,9.99999905104687e-09,6.960237328712537e-07,1.573974259372335e-05,0.00019944032828789204,0.001912128645926714,0.01631760597229004,0.17575988173484802,0.5,1.0,1.0,1.0
7,3010,25000,0.322722852230072,0.4169396758079529,9.99999905104687e-09,1.0,9.99999905104687e-09,7.159559345382149e-07,1.5103340047062375e-05,0.0002021351392613724,0.0019412299152463675,0.016257304698228836,0.1758808046579361,0.5,1.0,1.0,1.0
7,3020,25000,0.32251399755477905,0.4169604778289795,9.99999905104687e-09,1.0,9.99999905104687e-09,6.98535188803362e-07,1.533806607767474e-05,0.00019815380801446736,0.0019442904740571976,0.01602698490023613,0.1733197569847107,0.5,1.0,1.0,1.0
7,3030,25000,0.3226979076862335,0.41696110367774963,9.99999905104687e-09,1.0,9.99999905104687e-09,7.036740043986356e-07,1.5485755284316838e-05,0.00020010471052955836,0.001957786502316594,0.016465559601783752,0.17419324815273285,0.5,1.0,1.0,1.0
7,3040,25000,0.32270556688308716,0.4169076681137085,9.99999905104687e-09,1.0,9.99999905104687e-09,6.972626920287439e-07,1.563092155265622e-05,0.0001970337179955095,0.0019106920808553696,0.01641695573925972,0.1736184060573578,0.5,1.0,1.0,1.0
7,3050,25000,0.3227427005767822,0.41691169142723083,9.99999905104687e-09,1.0,9.99999905104687e-09,6.968684829189442e-07,1.573307963553816e-05,0.00020142832363490015,0.0019272146746516228,0.016341952607035637,0.17629900574684143,0.5,1.0,1.0,1.0
7,3060,25000,0.32283347845077515,0.41691854596138,9.99999905104687e-09,1.0,9.99999905104687e-09,7.032614917079627e-07,1.5362293197540566e-05,0.00019369536312296987,0.0019286940805613995,0.01629936695098877,0.17571236193180084,0.5,1.0,1.0,1.0
7,3070,25000,0.32263001799583435,0.41696736216545105,9.99999905104687e-09,1.0,9.99999905104687e-09,7.07315393810859e-07,1.5246199836838059e-05,0.00019827383221127093,0.0019636040087789297,0.016141587868332863,0.17196603119373322,0.5,1.0,1.0,1.0
7,3080,25000,0.32272669672966003,0.416902095079422,9.99999905104687e-09,1.0,9.99999905104687e-09,7.060182838358742e-07,1.5149945284065325e-05,0.00019844899361487478,0.0019173701293766499,0.016389956697821617,0.1751844882965088,0.5,1.0,1.0,1.0
7,3090,25000,0.32270994782447815,0.41692793369293213,9.99999905104687e-09,1.0,9.99999905104687e-09,7.017416123744624e-07,1.5482706658076495e-05,0.00020146984024904668,0.0019256335217505693,0.01619422808289528,0.1748807579278946,0.5,1.0,1.0,1.0
7,3100,25000,0.32275885343551636,0.41692662239074707,9.99999905104687e-09,1.0,9.99999905104687e-09,7.031561040093948e-07,1.5149579667195212e-05,0.0002002409310080111,0.0019043657230213284,0.01632504351437092,0.17503896355628967,0.5,1.0,1.0,1.0
7,3110,25000,0.32276028394699097,0.41692978143692017,9.99999905104687e-09,1.0,9.99999905104687e-09,6.986800258346193e-07,1.532172791485209e-05,0.00020379055058583617,0.001881477772258222,0.016495559364557266,0.17603535950183868,0.5,1.0,1.0,1.0
7,3120,25000,0.32282164692878723,0.41691747307777405,9.99999905104687e-09,1.0,9.99999905104687e-09,6.914644927746849e-07,1.526923369965516e-05,0.0001960623631021008,0.001905311830341816,0.016376037150621414,0.17468401789665222,0.5,1.0,1.0,1.0
7,3130,25000,0.32274723052978516,0.41695740818977356,9.99999905104687e-09,1.0,9.99999905104687e-09,6.876474003547628e-07,1.4928087693988346e-05,0.00020034871704410762,0.0019515656167641282,0.016278725117444992,0.1731046885251999,0.5,1.0,1.0,1.0
7,3140,25000,0.32264313101768494,0.41694375872612,9.99999905104687e-09,1.0,9.99999905104687e-09,7.136586077649554e-07,1.555448216095101e-05,0.00019912418792955577,0.0019458325114101171,0.016155079007148743,0.17409248650074005,0.5,1.0,1.0,1.0
7,3150,25000,0.3227822780609131,0.4169057607650757,9.99999905104687e-09,1.0,9.99999905104687e-09,6.895220963087922e-07,1.5198088476608973e-05,0.00019304922898299992,0.0018988179508596659,0.01644130051136017,0.17513923346996307,0.5,1.0,1.0,1.0
7,3160,25000,0.322672039270401,0.41692566871643066,9.99999905104687e-09,1.0,9.99999905104687e-09,6.869852882118721e-07,1.5142247320909519e-05,0.00020198903803247958,0.0019701796118170023,0.01644889824092388,0.17357663810253143,0.5,1.0,1.0,1.0
7,3170,25000,0.3226855397224426,0.41687726974487305,9.99999905104687e-09,1.0,9.99999905104687e-09,7.05426998592884e-07,1.5635465388186276e-05,0.0002019159437622875,0.0019273570505902171,0.01636406034231186,0.17439775168895721,0.5,1.0,1.0,1.0
7,3180,25000,0.32275110483169556,0.4169219136238098,9.99999905104687e-09,1.0,9.99999905104687e-09,7.099473577909521e-07,1.5673635061830282e-05,0.0001998989755520597,0.0019054360454902053,0.016221381723880768,0.17516256868839264,0.5,1.0,1.0,1.0
7,3190,25000,0.3227423429489136,0.4169602692127228,9.99999905104687e-09,1.0,9.99999905104687e-09,7.112703315215185e-07,1.5367371815955266e-05,0.00019706062448676676,0.0019154160981997848,0.016113564372062683,0.17404276132583618,0.5,1.0,1.0,1.0
7,3200,25000,0.32271915674209595,0.4169614613056183,9.99999905104687e-09,1.0,9.99999905104687e-09,7.012751552792906e-07,1.51199228639598e-05,0.00020052207401022315,0.0018914317479357123,0.016141004860401154,0.1747775375843048,0.5,1.0,1.0,1.0
7,3210,25000,0.32275155186653137,0.4170100688934326,9.99999905104687e-09,1.0,9.99999905104687e-09,6.864024157948734e-07,1.531799898657482e-05,0.00019618535588961095,0.0019356479169800878,0.016227073967456818,0.17570990324020386,0.5,1.0,1.0,1.0
7,3220,25000,0.32278919219970703,0.4169783890247345,9.99999905104687e-09,1.0,9.99999905104687e-09,7.140069442357344e-07,1.543933649372775e-05,0.0001981014502234757,0.001910349354147911,0.016258686780929565,0.17691673338413239,0.5,1.0,1.0,1.0
7,3230,25000,0.32271260023117065,0.4169749319553375,9.99999905104687e-09,1.0,9.99999905104687e-09,7.075194616845693e-07,1.5598399841110222e-05,0.00019964517559856176,0.0019236570224165916,0.016226347535848618,0.17503544688224792,0.5,1.0,1.0,1.0
7,3240,25000,0.3226432502269745,0.4169066250324249,9.99999905104687e-09,1.0,9.99999905104687e-09,7.071910772538104e-07,1.5211553545668721e-05,0.0001994198391912505,0.0019218848319724202,0.01624910533428192,0.1749013513326645,0.5,1.0,1.0,1.0
7,3250,25000,0.3226856589317322,0.4169594645500183,9.99999905104687e-09,1.0,9.99999905104687e-09,7.13915653705044e-07,1.5327022993005812e-05,0.00020038633374497294,0.0018832666100934148,0.01622496359050274,0.17396147549152374,0.5,1.0,1.0,1.0
7,3260,25000,0.3227383494377136,0.41695505380630493,9.99999905104687e-09,1.0,9.99999905104687e-09,7.106475550244795e-07,1.5094568880158477e-05,0.00020482810214161873,0.001912429346702993,0.016231250017881393,0.17514322698116302,0.5,1.0,1.0,1.0
7,3270,25000,0.3228095769882202,0.41696271300315857,9.99999905104687e-09,1.0,9.99999905104687e-09,7.02216311765369e-07,1.5596186131006107e-05,0.00019694580987561494,0.001955465180799365,0.016163891181349754,0.17602448165416718,0.5,1.0,1.0,1.0
7,3280,25000,0.3228530287742615,0.4169396162033081,9.99999905104687e-09,1.0,9.99999905104687e-09,6.983085540923639e-07,1.5881480067037046e-05,0.000200345937628299,0.001940806512720883,0.0161127932369709,0.17686337232589722,0.5,1.0,1.0,1.0
7,3290,25000,0.32270655035972595,0.41700437664985657,9.99999905104687e-09,1.0,9.99999905104687e-09,7.166796081037319e-07,1.4898663721396588e-05,0.00019579249783419073,0.0018807192100211978,0.016098683699965477,0.17445823550224304,0.5,1.0,1.0,1.0
7,3300,25000,0.3228263556957245,0.4169529676437378,9.99999905104687e-09,1.0,9.99999905104687e-09,6.88814054683462e-07,1.5525807611993514e-05,0.00019646299188025296,0.001892793457955122,0.01636180654168129,0.17602398991584778,0.5,1.0,1.0,1.0
7,3310,25000,0.3227503299713135,0.4169690012931824,9.99999905104687e-09,1.0,9.99999905104687e-09,7.191994768618315e-07,1.549840089865029e-05,0.00020359376503620297,0.0019087034743279219,0.01633703149855137,0.17569571733474731,0.5,1.0,1.0,1.0
7,3320,25000,0.32267528772354126,0.4169737696647644,9.99999905104687e-09,1.0,9.99999905104687e-09,7.06137996075995e-07,1.52029761011363e-05,0.00019609493028838187,0.001881728763692081,0.01635715365409851,0.17302925884723663,0.5,1.0,1.0,1.0
7,3330,25000,0.32262808084487915,0.41698864102363586,9.99999905104687e-09,1.0,9.99999905104687e-09,7.098828405105451e-07,1.5774181520100683e-05,0.00019824659102596343,0.0019024634966626763,0.015852194279432297,0.1735362410545349,0.5,1.0,1.0,1.0
7,3340,25000,0.32281917333602905,0.41691866517066956,9.99999905104687e-09,1.0,9.99999905104687e-09,7.090281997079728e-07,1.5404511941596866e-05,0.00020192367082927376,0.0019513907609507442,0.016261927783489227,0.17592398822307587,0.5,1.0,1.0,1.0
7,3350,25000,0.32274386286735535,0.4169001281261444,9.99999905104687e-09,1.0,9.99999905104687e-09,7.120802933968662e-07,1.548557156638708e-05,0.00019593881734181195,0.001910755061544478,0.016507606953382492,0.17612528800964355,0.5,1.0,1.0,1.0
7,3360,25000,0.3226989805698395,0.41692665219306946,9.99999905104687e-09,1.0,9.99999905104687e-09,7.023537591521745e-07,1.553628135297913e-05,0.00020078672969248146,0.0019455263391137123,0.016292134299874306,0.17484547197818756,0.5,1.0,1.0,1.0
7,3370,25000,0.32267889380455017,0.4169788956642151,9.99999905104687e-09,1.0,9.99999905104687e-09,6.944256938368198e-07,1.5636464013368823e-05,0.00020225823391228914,0.0019400318851694465,0.01629762351512909,0.17565295100212097,0.5,1.0,1.0,1.0
7,3380,25000,0.32270678877830505,0.416930228471756,9.99999905104687e-09,1.0,9.99999905104687e-09,6.926520654815249e-07,1.5260135114658624e-05,0.00020146582392044365,0.0019181269453838468,0.016347095370292664,0.17445652186870575,0.5,1.0,1.0,1.0
7,3390,25000,0.32272282242774963,0.4169978201389313,9.99999905104687e-09,1.0,9.99999905104687e-09,7.021892542979913e-07,1.548484760860447e-05,0.00020078518718946725,0.0019133733585476875,0.01609814539551735,0.1729542315006256,0.5,1.0,1.0,1.0
7,3400,25000,0.32281526923179626,0.41699883341789246,9.99999905104687e-09,1.0,9.99999905104687e-09,7.178854843914451e-07,1.5289375369320624e-05,0.0001997513318201527,0.001880717114545405,0.016149304807186127,0.17472784221172333,0.5,1.0,1.0,1.0
7,3410,25000,0.32269468903541565,0.4169977307319641,9.99999905104687e-09,1.0,9.99999905104687e-09,7.052353225844854e-07,1.5366964362328872e-05,0.00019813634571619332,0.0019244991708546877,0.016321931034326553,0.17571978271007538,0.5,1.0,1.0,1.0
7,3420,25000,0.3226649761199951,0.4169720709323883,9.99999905104687e-09,1.0,9.99999905104687e-09,7.101814958332398e-07,1.5212191101454664e-05,0.0002001424873014912,0.0019029187969863415,0.016132831573486328,0.17448021471500397,0.5,1.0,1.0,1.0
7,3430,25000,0.3227372169494629,0.41692915558815,9.99999905104687e-09,1.0,9.99999905104687e-09,7.079758574946027e-07,1.547194733575452e-05,0.0002005745773203671,0.001964184455573559,0.016527872532606125,0.17513436079025269,0.5,1.0,1.0,1.0
7,3440,25000,0.3227693736553192,0.4169701337814331,9.99999905104687e-09,1.0,9.99999905104687e-09,7.125118486328574e-07,1.540653465781361e-05,0.00019596435595303774,0.0019089523702859879,0.016487665474414825,0.17563384771347046,0.5,1.0,1.0,1.0
7,3450,25000,0.3227769136428833,0.4169371426105499,9.99999905104687e-09,1.0,9.99999905104687e-09,7.098450964804215e-07,1.544312726764474e-05,0.00019767534104175866,0.0019526543328538537,0.01624731533229351,0.17331638932228088,0.5,1.0,1.0,1.0
7,3460,25000,0.3226637840270996,0.4169398248195648,9.99999905104687e-09,1.0,9.99999905104687e-09,6.997175887590856e-07,1.5475150576094165e-05,0.00020150325144641101,0.001911355764605105,0.016325892880558968,0.17458361387252808,0.5,1.0,1.0,1.0
7,3470,25000,0.32278910279273987,0.4169483482837677,9.99999905104687e-09,1.0,9.99999905104687e-09,7.09304174506542e-07,1.557186260470189e-05,0.00020265534112695605,0.0019358687568455935,0.016434520483016968,0.17548200488090515,0.5,1.0,1.0,1.0
7,3480,25000,0.3227067291736603,0.41695383191108704,9.99999905104687e-09,1.0,9.99999905104687e-09,6.970191748223442e-07,1.5708648788859136e-05,0.00020036297792103142,0.0019307563779875636,0.016288869082927704,0.17760266363620758,0.5,1.0,1.0,1.0
7,3490,25000,0.3227449357509613,0.4169638156890869,9.99999905104687e-09,1.0,9.99999905104687e-09,7.034209374978673e-07,1.5469649952137843e-05,0.00020086894801352173,0.0019321178551763296,0.01629890315234661,0.1756076216697693,0.5,1.0,1.0,1.0
7,3500,25000,0.32264044880867004,0.4169920086860657,9.99999905104687e-09,1.0,9.99999905104687e-09,7.002049642323982e-07,1.5475134205189534e-05,0.00020619237329810858,0.0019189805025234818,0.016265470534563065,0.17442722618579865,0.5,1.0,1.0,1.0
7,3510,25000,0.3227502107620239,0.4169935882091522,9.99999905104687e-09,1.0,9.99999905104687e-09,6.965985335227742e-07,1.513638471806189e-05,0.00019972138397861272,0.0019393723923712969,0.016292817890644073,0.1762058585882187,0.5,1.0,1.0,1.0
7,3520,25000,0.3227824568748474,0.41696396470069885,9.99999905104687e-09,1.0,9.99999905104687e-09,6.957786808925448e-07,1.5312813047785312e-05,0.00020046679128427058,0.0019131123553961515,0.016082733869552612,0.17690463364124298,0.5,1.0,1.0,1.0
7,3530,25000,0.3228148818016052,0.4169803857803345,9.99999905104687e-09,1.0,9.99999905104687e-09,7.023948569440108e-07,1.496363529440714e-05,0.00020253814000170678,0.0019564873073250055,0.01627294532954693,0.17633023858070374,0.5,1.0,1.0,1.0
7,3540,25000,0.3226744830608368,0.4170162081718445,9.99999905104687e-09,1.0,9.99999905104687e-09,6.949811677259277e-07,1.5447434634552337e-05,0.0002026621368713677,0.001904900767840445,0.016213394701480865,0.17556048929691315,0.5,1.0,1.0,1.0
7,3550,25000,0.3228060007095337,0.41693007946014404,9.99999905104687e-09,1.0,9.99999905104687e-09,7.123722980395542e-07,1.531541238364298e-05,0.0001988530857488513,0.0019028077367693186,0.016428306698799133,0.1758671998977661,0.5,1.0,1.0,1.0
7,3560,25000,0.3227653503417969,0.4169538915157318,9.99999905104687e-09,1.0,9.99999905104687e-09,6.9400255142682e-07,1.5381348930532113e-05,0.00020201619190629572,0.0019242913695052266,0.01640603318810463,0.175826296210289,0.5,1.0,1.0,1.0
7,3570,25000,0.3227507174015045,0.41697755455970764,9.99999905104687e-09,1.0,9.99999905104687e-09,7.085193374223309e-07,1.5694224202889018e-05,0.00020159140694886446,0.0019273406360298395,0.01632002741098404,0.17784234881401062,0.5,1.0,1.0,1.0
7,3580,25000,0.3227459490299225,0.416949599981308,9.99999905104687e-09,1.0,9.99999905104687e-09,7.057109314700938e-07,1.54633689817274e-05,0.00019940693164244294,0.0019076731987297535,0.016197772696614265,0.17455129325389862,0.5,1.0,1.0,1.0
7,3590,25000,0.3228795826435089,0.4169568121433258,9.99999905104687e-09,1.0,9.99999905104687e-09,7.114004461072909e-07,1.4974463738326449e-05,0.0001997918006964028,0.001934343483299017,0.01660066843032837,0.17612870037555695,0.5,1.0,1.0,1.0
7,3600,25000,0.3228400647640228,0.41695892810821533,9.99999905104687e-09,1.0,9.99999905104687e-09,7.110902515705675e-07,1.556673123559449e-05,0.0002006616850849241,0.0019347812049090862,0.016282735392451286,0.1746932864189148,0.5,1.0,1.0,1.0
7,3610,25000,0.32280033826828003,0.41692638397216797,9.99999905104687e-09,1.0,9.99999905104687e-09,6.945625159460178e-07,1.5443256415892392e-05,0.0002043107378995046,0.0019228524761274457,0.01648852415382862,0.17611443996429443,0.5,1.0,1.0,1.0
7,3620,25000,0.3227168321609497,0.41698718070983887,9.99999905104687e-09,1.0,9.99999905104687e-09,7.021973829068884e-07,1.5316309145418927e-05,0.00020423682872205973,0.0019362234743312001,0.016245821490883827,0.1737796664237976,0.5,1.0,1.0,1.0
7,3630,25000,0.3228145241737366,0.41694575548171997,9.99999905104687e-09,1.0,9.99999905104687e-09,7.112590765245841e-07,1.5718465874670073e-05,0.00020402696100063622,0.0019696045201271772,0.016454162076115608,0.17788833379745483,0.5,1.0,1.0,1.0
7,3640,25000,0.3227171301841736,0.4169667065143585,9.99999905104687e-09,1.0,9.99999905104687e-09,6.990159704400867e-07,1.5154233551584184e-05,0.00020201958250254393,0.0019100419012829661,0.01625596359372139,0.17496944963932037,0.5,1.0,1.0,1.0
7,3650,25000,0.3227488100528717,0.41694483160972595,9.99999905104687e-09,1.0,9.99999905104687e-09,7.099023946466332e-07,1.490417434979463e-05,0.00019989750580862164,0.0019436649745330215,0.016404051333665848,0.17503675818443298,0.5,1.0,1.0,1.0
7,3660,25000,0.32273444533348083,0.41696658730506897,9.99999905104687e-09,1.0,9.99999905104687e-09,7.008775355643593e-07,1.5195377272902988e-05,0.0002003544068429619,0.0019104897510260344,0.016047660261392593,0.17510749399662018,0.5,1.0,1.0,1.0
7,3670,25000,0.3227482736110687,0.41698384284973145,9.99999905104687e-09,1.0,9.99999905104687e-09,7.035164912849723e-07,1.5354980860138312e-05,0.00020195695105940104,0.0019425121136009693,0.016186239197850227,0.17807957530021667,0.5,1.0,1.0,1.0
7,3680,25000,0.32268640398979187,0.41699960827827454,9.99999905104687e-09,1.0,9.99999905104687e-09,7.040803780000715e-07,1.5326937500503846e-05,0.0001991565222851932,0.001896206522360444,0.016117997467517853,0.17356936633586884,0.5,1.0,1.0,1.0
7,3690,25000,0.322829931974411,0.416966050863266,9.99999905104687e-09,1.0,9.99999905104687e-09,7.008121087892505e-07,1.5238509149639867e-05,0.00019495889137033373,0.0019150585867464542,0.01647038944065571,0.17481616139411926,0.5,1.0,1.0,1.0
7,3700,25000,0.32277795672416687,0.41693803668022156,9.99999905104687e-09,1.0,9.99999905104687e-09,7.22183301604673e-07,1.5416802852996625e-05,0.00020024397235829383,0.0019325062166899443,0.016024820506572723,0.17671632766723633,0.5,1.0,1.0,1.0
7,3710,25000,0.3227643072605133,0.41695237159729004,9.99999905104687e-09,1.0,9.99999905104687e-09,7.081171133904718e-07,1.530907320557162e-05,0.0001980626693693921,0.0019416268914937973,0.016214925795793533,0.17769022285938263,0.5,1.0,1.0,1.0
7,3720,25000,0.32270658016204834,0.41700899600982666,9.99999905104687e-09,1.0,9.99999905104687e-09,7.062512850097846e-07,1.5097331925062463e-05,0.00019750492356251925,0.0019114842871204019,0.016211826354265213,0.17235130071640015,0.5,1.0,1.0,1.0
7,3730,25000,0.32273226976394653,0.4169393479824066,9.99999905104687e-09,1.0,9.99999905104687e-09,7.061475457703636e-07,1.517461259936681e-05,0.00019816990243270993,0.0018955175764858723,0.016258902847766876,0.1748792678117752,0.5,1.0,1.0,1.0
7,3740,25000,0.3226836919784546,0.4169262647628784,9.99999905104687e-09,1.0,9.99999905104687e-09,7.008851525824866e-07,1.5204094779619481e-05,0.0001959256042027846,0.0019665046129375696,0.016146503388881683,0.1762295365333557,0.5,1.0,1.0,1.0
7,3750,25000,0.3226996958255768,0.4169231951236725,9.99999905104687e-09,1.0,9.99999905104687e-09,6.871038067401969e-07,1.5100108612386975e-05,0.0001991474418900907,0.0019074961310252547,0.01635703817009926,0.17629051208496094,0.5,1.0,1.0,1.0
7,3760,25000,0.32272225618362427,0.41693904995918274,9.99999905104687e-09,1.0,9.99999905104687e-09,7.081800390551507e-07,1.506423268438084e-05,0.00019660861289594322,0.0018877102993428707,0.016085464507341385,0.17598356306552887,0.5,1.0,1.0,1.0
7,3770,25000,0.3226698935031891,0.41697829961776733,9.99999905104687e-09,1.0,9.99999905104687e-09,7.042619927233318e-07,1.538222022645641e-05,0.00020183922606520355,0.001967167481780052,0.016262024641036987,0.1765325963497162,0.5,1.0,1.0,1.0
7,3780,25000,0.32277733087539673,0.4169579744338989,9.99999905104687e-09,1.0,9.99999905104687e-09,7.139142894629913e-07,1.5641217032680288e-05,0.0002031461917795241,0.0019047879613935947,0.01618264988064766,0.17593444883823395,0.5,1.0,1.0,1.0
7,3790,25000,0.32274219393730164,0.41696980595588684,9.99999905104687e-09,1.0,9.99999905104687e-09,6.863887165309279e-07,1.5360486941062845e-05,0.00019870379765052348,0.0018713722238317132,0.016431208699941635,0.1752864122390747,0.5,1.0,1.0,1.0
7,3800,25000,0.32266542315483093,0.4169915020465851,9.99999905104687e-09,1.0,9.99999905104687e-09,7.043971663733828e-07,1.5398474715766497e-05,0.00020284939091652632,0.0019567408598959446,0.01617387868463993,0.17447049915790558,0.5,1.0,1.0,1.0
7,3810,25000,0.3227323293685913,0.4169726073741913,9.99999905104687e-09,1.0,9.99999905104687e-09,7.107104806891584e-07,1.4976291822677013e-05,0.00020066238357685506,0.0019201320828869939,0.016381964087486267,0.17180368304252625,0.5,1.0,1.0,1.0
7,3820,25000,0.3226601481437683,0.4170093536376953,9.99999905104687e-09,1.0,9.99999905104687e-09,7.106882549123839e-07,1.53498440340627e-05,0.00019688413885887712,0.001891226740553975,0.016118410974740982,0.17411702871322632,0.5,1.0,1.0,1.0
7,3830,25000,0.3226756155490875,0.4169963002204895,9.99999905104687e-09,1.0,9.99999905104687e-09,7.218484938675829e-07,1.5171199265751056e-05,0.00020271808898542076,0.0019337572157382965,0.016168372705578804,0.17314431071281433,0.5,1.0,1.0,1.0
7,3840,25000,0.32281187176704407,0.4169562757015228,9.99999905104687e-09,1.0,9.99999905104687e-09,6.8260135321907e-07,1.5432491636602208e-05,0.00019900553161278367,0.0019277101382613182,0.01612982153892517,0.17687900364398956,0.5,1.0,1.0,1.0
7,3850,25000,0.3227576017379761,0.41696715354919434,9.99999905104687e-09,1.0,9.99999905104687e-09,6.950295983187971e-07,1.5254195204761345e-05,0.000201600298169069,0.0019169263541698456,0.016280099749565125,0.17660459876060486,0.5,1.0,1.0,1.0
7,3860,25000,0.32270005345344543,0.4169224798679352,9.99999905104687e-09,1.0,9.99999905104687e-09,7.020108228061872e-07,1.5255637663358357e-05,0.0001989274751394987,0.0019254212966188788,0.01631109043955803,0.17629623413085938,0.5,1.0,1.0,1.0
7,3870,25000,0.3228312134742737,0.4169706106185913,9.99999905104687e-09,1.0,9.99999905104687e-09,6.905122518219287e-07,1.540784433018416e-05,0.00019898824393749237,0.0019497894681990147,0.01621282659471035,0.17582803964614868,0.5,1.0,1.0,1.0
7,3880,25000,0.3228239119052887,0.41701197624206543,9.99999905104687e-09,1.0,9.99999905104687e-09,7.019309578026878e-07,1.5408615581691265e-05,0.00019900051120202988,0.0018979845335707068,0.016599547117948532,0.17250464856624603,0.5,1.0,1.0,1.0
7,3890,25000,0.32278183102607727,0.41701540350914,9.99999905104687e-09,1.0,9.99999905104687e-09,6.970357162572327e-07,1.5292644093278795e-05,0.00019978155614808202,0.0019118423806503415,0.01650063320994377,0.175241619348526,0.5,1.0,1.0,1.0
7,3900,25000,0.3227556645870209,0.41699647903442383,9.99999905104687e-09,1.0,9.99999905104687e-09,6.906518024152319e-07,1.5129152416193392e-05,0.00019274601072538644,0.0019202735275030136,0.01621153950691223,0.17509333789348602,0.5,1.0,1.0,1.0
7,3910,25000,0.32288065552711487,0.4169863760471344,9.99999905104687e-09,1.0,9.99999905104687e-09,7.084437925186648e-07,1.513282950327266e-05,0.00020017071801703423,0.0019251606427133083,0.01619916409254074,0.1765965223312378,0.5,1.0,1.0,1.0
7,3920,25000,0.3228451609611511,0.417002409696579,9.99999905104687e-09,1.0,9.99999905104687e-09,7.032979283394525e-07,1.5304935004678555e-05,0.00020566668536048383,0.0019053894793614745,0.01627902314066887,0.17516805231571198,0.5,1.0,1.0,1.0
7,3930,25000,0.32274946570396423,0.4169518053531647,9.99999905104687e-09,1.0,9.99999905104687e-09,6.968834895815235e-07,1.490827798988903e-05,0.00020174893143121153,0.0019005062058568,0.016285836696624756,0.1751442402601242,0.5,1.0,1.0,1.0
7,3940,25000,0.322774738073349,0.416919082403183,9.99999905104687e-09,1.0,9.99999905104687e-09,7.076023962326872e-07,1.5417012036778033e-05,0.00019963993690907955,0.0019382138270884752,0.016153749078512192,0.17516855895519257,0.5,1.0,1.0,1.0
7,3950,25000,0.322763055562973,0.4169670045375824,9.99999905104687e-09,1.0,9.99999905104687e-09,7.012724836386042e-07,1.5059039469633717e-05,0.00019962528313044459,0.001915401197038591,0.016096584498882294,0.1758793294429779,0.5,1.0,1.0,1.0
7,3960,25000,0.32281896471977234,0.41699647903442383,9.99999905104687e-09,1.0,9.99999905104687e-09,6.989075700403191e-07,1.5615605661878362e-05,0.00020110007608309388,0.0019283363362774253,0.016349822282791138,0.17582647502422333,0.5,1.0,1.0,1.0
7,3970,25000,0.3228023946285248,0.41698306798934937,9.99999905104687e-09,1.0,9.99999905104687e-09,6.977810471653356e-07,1.4971131349739153e-05,0.0001975700433831662,0.0019389711087569594,0.016362469643354416,0.17373251914978027,0.5,1.0,1.0,1.0
7,3980,25000,0.32273197174072266,0.4169757664203644,9.99999905104687e-09,1.0,9.99999905104687e-09,7.029671564851014e-07,1.5196837011899333e-05,0.00020094928913749754,0.0019073797157034278,0.016367577016353607,0.17489370703697205,0.5,1.0,1.0,1.0
7,3990,25000,0.3228594958782196,0.41693130135536194,9.99999905104687e-09,1.0,9.99999905104687e-09,7.148906888687634e-07,1.527526546851732e-05,0.00019637809600681067,0.0019384503830224276,0.01638299971818924,0.17788337171077728,0.5,1.0,1.0,1.0
7,4000,25000,0.32270869612693787,0.416942298412323,9.99999905104687e-09,1.0,9.99999905104687e-09,7.052927912809537e-07,1.495236483606277e-05,0.00019696659001056105,0.0019034933065995574,0.016164744272828102,0.17416472733020782,0.5,1.0,1.0,1.0
7,4010,25000,0.32283830642700195,0.4169401228427887,9.99999905104687e-09,1.0,9.99999905104687e-09,6.967285344217089e-07,1.5094214177224785e-05,0.0001988769363379106,0.001925886608660221,0.016239408403635025,0.1765209585428238,0.5,1.0,1.0,1.0
7,4020,25000,0.32277390360832214,0.4169882535934448,9.99999905104687e-09,1.0,9.99999905104687e-09,6.937278840268846e-07,1.5224401067825966e-05,0.0001986673305509612,0.0019193189218640327,0.016453353688120842,0.1765923798084259,0.5,1.0,1.0,1.0
7,4030,25000,0.3228171467781067,0.4169684946537018,9.99999905104687e-09,1.0,9.99999905104687e-09,7.077436521285563e-07,1.5371810150099918e-05,0.0001953782921191305,0.0019250729819759727,0.01620500162243843,0.1766529530286789,0.5,1.0,1.0,1.0
7,4040,25000,0.3226829171180725,0.4169204533100128,9.99999905104687e-09,1.0,9.99999905104687e-09,6.885989591864927e-07,1.4999885024735704e-05,0.00020099306129850447,0.0019274181686341763,0.016001522541046143,0.1749226301908493,0.5,1.0,1.0,1.0
7,4050,25000,0.3228273391723633,0.41697558760643005,9.99999905104687e-09,1.0,9.99999905104687e-09,7.07212848283234e-07,1.5279525541700423e-05,0.0001973413600353524,0.0018991815159097314,0.01605919748544693,0.17639212310314178,0.5,1.0,1.0,1.0
7,4060,25000,0.32278063893318176,0.41693389415740967,9.99999905104687e-09,1.0,9.99999905104687e-09,6.976198392294464e-07,1.538428659841884e-05,0.00020316439622547477,0.0019221975235268474,0.016344988718628883,0.17288458347320557,0.5,1.0,1.0,1.0
7,4070,25000,0.3226925730705261,0.4169406294822693,9.99999905104687e-09,1.0,9.99999905104687e-09,6.961043936826172e-07,1.5121367141546216e-05,0.00019895436707884073,0.0019903061911463737,0.016258282586932182,0.17427319288253784,0.5,1.0,1.0,1.0
7,4080,25000,0.3227255642414093,0.4169042110443115,9.99999905104687e-09,1.0,9.99999905104687e-09,6.907231409059023e-07,1.5325689673773013e-05,0.0001994792983168736,0.001909431884996593,0.016216227784752846,0.17525532841682434,0.5,1.0,1.0,1.0
7,4090,25000,0.32274678349494934,0.41697120666503906,9.99999905104687e-09,1.0,9.99999905104687e-09,7.072258085827343e-07,1.5555999198113568e-05,0.00019515895110089332,0.0018957984866574407,0.016322588548064232,0.17726191878318787,0.5,1.0,1.0,1.0
7,4100,25000,0.3228076100349426,0.41696837544441223,9.99999905104687e-09,1.0,9.99999905104687e-09,7.007826070548617e-07,1.5228061784000602e-05,0.0002024572459049523,0.001936098444275558,0.01627214252948761,0.17472253739833832,0.5,1.0,1.0,1.0
7,4110,25000,0.32277148962020874,0.4168887138366699,9.99999905104687e-09,1.0,9.99999905104687e-09,6.931840630386432e-07,1.5513713151449338e-05,0.00020096109074074775,0.0019212843617424369,0.016604341566562653,0.17715276777744293,0.5,1.0,1.0,1.0
7,4120,25000,0.3228996992111206,0.41695016622543335,9.99999905104687e-09,1.0,9.99999905104687e-09,7.124113494683115e-07,1.5764184354338795e-05,0.0002012016047956422,0.0019171980675309896,0.016137605533003807,0.17685885727405548,0.5,1.0,1.0,1.0
7,4130,25000,0.3227718472480774,0.41697606444358826,9.99999905104687e-09,1.0,9.99999905104687e-09,7.025591912679374e-07,1.541734854981769e-05,0.00020220904843881726,0.0019251058110967278,0.015883812680840492,0.17467504739761353,0.5,1.0,1.0,1.0
7,4140,25000,0.3227965235710144,0.41695380210876465,9.99999905104687e-09,1.0,9.99999905104687e-09,7.034753934931359e-07,1.5496838386752643e-05,0.00020392848819028586,0.0019219859968870878,0.016352009028196335,0.17537197470664978,0.5,1.0,1.0,1.0
7,4150,25000,0.32273024320602417,0.41696202754974365,9.99999905104687e-09,1.0,9.99999905104687e-09,7.092847340572916e-07,1.538866854389198e-05,0.00020060087263118476,0.0019196560606360435,0.016251612454652786,0.1736432909965515,0.5,1.0,1.0,1.0
7,4160,25000,0.3226858675479889,0.41694697737693787,9.99999905104687e-09,1.0,9.99999905104687e-09,7.030374149508134e-07,1.5629944755346514e-05,0.00020083581330254674,0.0019452250562608242,0.016182798892259598,0.17483022809028625,0.5,1.0,1.0,1.0
7,4170,25000,0.32275229692459106,0.41695496439933777,9.99999905104687e-09,1.0,9.99999905104687e-09,6.844211952738988e-07,1.5258920029737055e-05,0.00020019133808091283,0.001917590037919581,0.016272079199552536,0.17412742972373962,0.5,1.0,1.0,1.0
7,4180,25000,0.3227216601371765,0.4169503152370453,9.99999905104687e-09,1.0,9.99999905104687e-09,7.056623303469678e-07,1.5096701645234134e-05,0.00019948829140048474,0.0019510638667270541,0.016193538904190063,0.17519548535346985,0.5,1.0,1.0,1.0
7,4190,25000,0.32266661524772644,0.4169332981109619,9.99999905104687e-09,1.0,9.99999905104687e-09,7.031264885881683e-07,1.5514418919337913e-05,0.00020175673125777394,0.0019445016514509916,0.01622087135910988,0.17325827479362488,0.5,1.0,1.0,1.0
7,4200,25000,0.32270547747612,0.41693463921546936,9.99999905104687e-09,1.0,9.99999905104687e-09,6.945830932636454e-07,1.5677487681386992e-05,0.00020016050257254392,0.0019311137730255723,0.016331445425748825,0.1734917014837265,0.5,1.0,1.0,1.0
7,4210,25000,0.3228243291378021,0.41695570945739746,9.99999905104687e-09,1.0,9.99999905104687e-09,7.101298251654953e-07,1.5253634956025053e-05,0.00020450887677725405,0.0019328122725710273,0.01623789593577385,0.17698994278907776,0.5,1.0,1.0,1.0
7,4220,25000,0.3227367103099823,0.416969358921051,9.99999905104687e-09,1.0,9.99999905104687e-09,7.027356332400814e-07,1.5181119124463294e-05,0.00019771447114180773,0.0019416824216023088,0.01621362939476967,0.1740013062953949,0.5,1.0,1.0,1.0
7,4230,25000,0.3228159248828888,0.41693204641342163,9.99999905104687e-09,1.0,9.99999905104687e-09,7.144740266085137e-07,1.5579451428493485e-05,0.00019391840032767504,0.0018735371995717287,0.016394400969147682,0.17595253884792328,0.5,1.0,1.0,1.0
7,4240,25000,0.3226984739303589,0.4169737994670868,9.99999905104687e-09,1.0,9.99999905104687e-09,6.89173020873568e-07,1.533874456072226e-05,0.0002013915218412876,0.0019434095593169332,0.01622680388391018,0.1736924797296524,0.5,1.0,1.0,1.0
7,4250,25000,0.32263678312301636,0.4169454574584961,9.99999905104687e-09,1.0,9.99999905104687e-09,6.914727919138386e-07,1.515668827778427e-05,0.0002036065998254344,0.0019347101915627718,0.01616852730512619,0.17658406496047974,0.5,1.0,1.0,1.0
7,4260,25000,0.322723925113678,0.41689634323120117,9.99999905104687e-09,1.0,9.99999905104687e-09,7.237454155983869e-07,1.563171281304676e-05,0.00019493854779284447,0.0019153080647811294,0.016317835077643394,0.17594771087169647,0.5,1.0,1.0,1.0
7,4270,25000,0.32280638813972473,0.4169212877750397,9.99999905104687e-09,1.0,9.99999905104687e-09,7.0894850523473e-07,1.5496645573875867e-05,0.00020403237431310117,0.0019407697254791856,0.016630548983812332,0.1766401082277298,0.5,1.0,1.0,1.0
7,4280,25000,0.3227589428424835,0.41693103313446045,9.99999905104687e-09,1.0,9.99999905104687e-09,6.959135134820826e-07,1.5363286365754902e-05,0.00019892399723175913,0.00193267990835011,0.015997935086488724,0.17633965611457825,0.5,1.0,1.0,1.0
7,4290,25000,0.3227127194404602,0.4169608950614929,9.99999905104687e-09,1.0,9.99999905104687e-09,6.978656870160194e-07,1.551743298477959e-05,0.00019951429567299783,0.0019505812088027596,0.016299989074468613,0.174159437417984,0.5,1.0,1.0,1.0
7,4300,25000,0.3227279484272003,0.41689473390579224,9.99999905104687e-09,1.0,9.99999905104687e-09,7.046321002235345e-07,1.562677243782673e-05,0.00019447981321718544,0.001876411261036992,0.01657678745687008,0.1748780906200409,0.5,1.0,1.0,1.0
7,4310,25000,0.3227761387825012,0.41695675253868103,9.99999905104687e-09,1.0,9.99999905104687e-09,7.03787350175844e-07,1.5489815268665552e-05,0.00019855541177093983,0.0019313846714794636,0.01635797508060932,0.1748276650905609,0.5,1.0,1.0,1.0
7,4320,25000,0.32271313667297363,0.41694027185440063,9.99999905104687e-09,1.0,9.99999905104687e-09,7.211340289359214e-07,1.519165925856214e-05,0.00020082018454559147,0.0019272778881713748,0.016173407435417175,0.17621441185474396,0.5,1.0,1.0,1.0
7,4330,25000,0.32273730635643005,0.4169282615184784,9.99999905104687e-09,1.0,9.99999905104687e-09,7.00588941526803e-07,1.5263640307239257e-05,0.0002009201270993799,0.0019298321567475796,0.01599830761551857,0.17718340456485748,0.5,1.0,1.0,1.0
7,4340,25000,0.32286155223846436,0.41695964336395264,9.99999905104687e-09,1.0,9.99999905104687e-09,7.091079510246345e-07,1.5830668417038396e-05,0.00019887393864337355,0.0019135527545586228,0.016450371593236923,0.1761329621076584,0.5,1.0,1.0,1.0
7,4350,25000,0.3227478861808777,0.41699761152267456,9.99999905104687e-09,1.0,9.99999905104687e-09,7.084314574967721e-07,1.5345742212957703e-05,0.00019814037659671158,0.0019163427641615272,0.016305502504110336,0.17538666725158691,0.5,1.0,1.0,1.0
7,4360,25000,0.3226589858531952,0.4169728457927704,9.99999905104687e-09,1.0,9.99999905104687e-09,6.956515221645532e-07,1.5165483091550414e-05,0.00020168290939182043,0.001961360452696681,0.016148455440998077,0.17401652038097382,0.5,1.0,1.0,1.0
7,4370,25000,0.3226848542690277,0.41696038842201233,9.99999905104687e-09,1.0,9.99999905104687e-09,6.995830403866421e-07,1.4956927770981565e-05,0.0002015867066802457,0.0019378246506676078,0.01626347005367279,0.17502233386039734,0.5,1.0,1.0,1.0
7,4380,25000,0.32273828983306885,0.41692280769348145,9.99999905104687e-09,1.0,9.99999905104687e-09,7.080193427100312e-07,1.548565887787845e-05,0.00019659506506286561,0.001903640921227634,0.016430314630270004,0.17387425899505615,0.5,1.0,1.0,1.0
7,4390,25000,0.3227555453777313,0.4169764518737793,9.99999905104687e-09,1.0,9.99999905104687e-09,7.104674750735285e-07,1.529200017102994e-05,0.00020107235468458384,0.0019337922567501664,0.016081660985946655,0.17608106136322021,0.5,1.0,1.0,1.0
7,4400,25000,0.32277849316596985,0.416953444480896,9.99999905104687e-09,1.0,9.99999905104687e-09,7.051821739878505e-07,1.5327517758123577e-05,0.0002030327741522342,0.0019213355844840407,0.016400791704654694,0.17428982257843018,0.5,1.0,1.0,1.0
7,4410,25000,0.32273241877555847,0.41697269678115845,9.99999905104687e-09,1.0,9.99999905104687e-09,7.030805022623099e-07,1.5428082406288013e-05,0.0001999511441681534,0.0019139887299388647,0.016200214624404907,0.17480595409870148,0.5,1.0,1.0,1.0
7,4420,25000,0.32274672389030457,0.4168832302093506,9.99999905104687e-09,1.0,9.99999905104687e-09,7.000883783803147e-07,1.57079120981507e-05,0.00019530972349457443,0.001909063896164298,0.01642020046710968,0.17493946850299835,0.5,1.0,1.0,1.0
7,4430,25000,0.3227548897266388,0.41699835658073425,9.99999905104687e-09,1.0,9.99999905104687e-09,6.957141067687189e-07,1.548843465570826e-05,0.00019940714992117137,0.0018801713595166802,0.01640968956053257,0.174708753824234,0.5,1.0,1.0,1.0
7,4440,25000,0.3226717710494995,0.4169195294380188,9.99999905104687e-09,1.0,9.99999905104687e-09,7.123573482203938e-07,1.504930423834594e-05,0.0001994705671677366,0.0019430825486779213,0.01646779291331768,0.17419756948947906,0.5,1.0,1.0,1.0
7,4450,25000,0.32272619009017944,0.41698065400123596,9.99999905104687e-09,1.0,9.99999905104687e-09,7.053327522044128e-07,1.5457448171218857e-05,0.00020020976080559194,0.001890325453132391,0.016371071338653564,0.17344681918621063,0.5,1.0,1.0,1.0
7,4460,25000,0.32280826568603516,0.41693115234375,9.99999905104687e-09,1.0,9.99999905104687e-09,7.105268196028192e-07,1.544651786389295e-05,0.00020242122991476208,0.0019672473426908255,0.01656891033053398,0.1737886369228363,0.5,1.0,1.0,1.0
7,4470,25000,0.32271304726600647,0.4169078767299652,9.99999905104687e-09,1.0,9.99999905104687e-09,6.945276709302561e-07,1.5482990420423448e-05,0.0001998418738367036,0.0018862347351387143,0.01662289723753929,0.17820417881011963,0.5,1.0,1.0,1.0
7,4480,25000,0.3228338658809662,0.4169471561908722,9.99999905104687e-09,1.0,9.99999905104687e-09,7.031345603536465e-07,1.5367786545539275e-05,0.0001996773644350469,0.0018892243970185518,0.016172420233488083,0.176304429769516,0.5,1.0,1.0,1.0
7,4490,25000,0.3227965533733368,0.41699355840682983,9.99999905104687e-09,1.0,9.99999905104687e-09,6.990157999098301e-07,1.568961306475103e-05,0.00020018883515149355,0.0019472743151709437,0.01633850485086441,0.1739507019519806,0.5,1.0,1.0,1.0
7,4500,25000,0.3227102756500244,0.41692087054252625,9.99999905104687e-09,1.0,9.99999905104687e-09,6.965669854253065e-07,1.5377969248220325e-05,0.0001963872491614893,0.0019465176155790687,0.01648043468594551,0.1758381426334381,0.5,1.0,1.0,1.0
7,4510,25000,0.3227387070655823,0.4169451892375946,9.99999905104687e-09,1.0,9.99999905104687e-09,7.223544002954441e-07,1.5802263078512624e-05,0.00019997084746137261,0.0019426813814789057,0.016487006098031998,0.1741330623626709,0.5,1.0,1.0,1.0
7,4520,25000,0.3228098154067993,0.4169500768184662,9.99999905104687e-09,1.0,9.99999905104687e-09,6.951531190679816e-07,1.545837767480407e-05,0.0002012523909797892,0.001936659449711442,0.016167953610420227,0.17677515745162964,0.5,1.0,1.0,1.0
7,4530,25000,0.32275834679603577,0.41694626212120056,9.99999905104687e-09,1.0,9.99999905104687e-09,6.817302278250281e-07,1.5449499187525362e-05,0.00020470995514187962,0.0018782479455694556,0.016119858250021935,0.1739681214094162,0.5,1.0,1.0,1.0
7,4540,25000,0.3227323293685913,0.416927695274353,9.99999905104687e-09,1.0,9.99999905104687e-09,6.991467671468854e-07,1.5906631233519875e-05,0.0001979179069167003,0.0019211943726986647,0.016362078487873077,0.1756012737751007,0.5,1.0,1.0,1.0
7,4550,25000,0.32273954153060913,0.4169675409793854,9.99999905104687e-09,1.0,9.99999905104687e-09,7.143912625906523e-07,1.5203854673018213e-05,0.00019522284856066108,0.0018870140193030238,0.016295837238430977,0.1754022240638733,0.5,1.0,1.0,1.0
7,4560,25000,0.3226681649684906,0.41696566343307495,9.99999905104687e-09,1.0,9.99999905104687e-09,6.983657954151568e-07,1.5250881915562786e-05,0.00020142596622463316,0.0018821123521775007,0.016150619834661484,0.17534534633159637,0.5,1.0,1.0,1.0
7,4570,25000,0.32268932461738586,0.416957288980484,9.99999905104687e-09,1.0,9.99999905104687e-09,7.030213851066947e-07,1.573855297465343e-05,0.00020124719594605267,0.0019243938149884343,0.01634603925049305,0.17423930764198303,0.5,1.0,1.0,1.0
7,4580,25000,0.32258427143096924,0.4169240891933441,9.99999905104687e-09,1.0,9.99999905104687e-09,7.135622581699863e-07,1.5429888662765734e-05,0.00019756561960093677,0.0019077598117291927,0.016217391937971115,0.1737399399280548,0.5,1.0,1.0,1.0
7,4590,25000,0.3227522373199463,0.41695210337638855,9.99999905104687e-09,1.0,9.99999905104687e-09,6.943635071365861e-07,1.5174229702097364e-05,0.00019775924738496542,0.0019156234338879585,0.016518644988536835,0.17580583691596985,0.5,1.0,1.0,1.0
7,4600,25000,0.32267799973487854,0.4169815480709076,9.99999905104687e-09,1.0,9.99999905104687e-09,6.9460531904042e-07,1.554604750708677e-05,0.00020071433391422033,0.0019334371900185943,0.016223501414060593,0.17644180357456207,0.5,1.0,1.0,1.0
7,4610,25000,0.3228294253349304,0.4169350266456604,9.99999905104687e-09,1.0,9.99999905104687e-09,7.028904747130582e-07,1.5181670278252568e-05,0.00019986006373073906,0.0019045579247176647,0.01639695093035698,0.17578348517417908,0.5,1.0,1.0,1.0
7,4620,25000,0.3227868676185608,0.41704484820365906,9.99999905104687e-09,1.0,9.99999905104687e-09,7.017009693299769e-07,1.5211195204756223e-05,0.00020037556532770395,0.001941575319506228,0.016231155022978783,0.17473091185092926,0.5,1.0,1.0,1.0
7,4630,25000,0.3226333558559418,0.41696062684059143,9.99999905104687e-09,1.0,9.99999905104687e-09,6.888411689942586e-07,1.5401104974444024e-05,0.00019955371681135148,0.001978751737624407,0.016209479421377182,0.1737685650587082,0.5,1.0,1.0,1.0
7,4640,25000,0.3227725028991699,0.4168427288532257,9.99999905104687e-09,1.0,9.99999905104687e-09,6.984211609051272e-07,1.5366904335678555e-05,0.0001999944361159578,0.0019163353135809302,0.016666799783706665,0.17663179337978363,0.5,1.0,1.0,1.0
7,4650,25000,0.3226885199546814,0.4169285297393799,9.99999905104687e-09,1.0,9.99999905104687e-09,6.985369509493466e-07,1.5314111806219444e-05,0.00019833759870380163,0.001903578289784491,0.016770968213677406,0.17725002765655518,0.5,1.0,1.0,1.0
7,4660,25000,0.322721004486084,0.4168919324874878,9.99999905104687e-09,1.0,9.99999905104687e-09,7.114987283785013e-07,1.5167622223088983e-05,0.0001983255206141621,0.0019011108670383692,0.016268592327833176,0.17731590569019318,0.5,1.0,1.0,1.0
7,4670,25000,0.322748601436615,0.4169444739818573,9.99999905104687e-09,1.0,9.99999905104687e-09,6.929234359631664e-07,1.5429735867655836e-05,0.00019747554324567318,0.0019227066077291965,0.01637130230665207,0.17709901928901672,0.5,1.0,1.0,1.0
7,4680,25000,0.32274508476257324,0.41700226068496704,9.99999905104687e-09,1.0,9.99999905104687e-09,7.027243782431469e-07,1.5534200429101475e-05,0.00019996995979454368,0.0019205304561182857,0.016212403774261475,0.1737704873085022,0.5,1.0,1.0,1.0
7,4690,25000,0.3226829469203949,0.4169197082519531,9.99999905104687e-09,1.0,9.99999905104687e-09,7.083873470037361e-07,1.5453153537237085e-05,0.00019766426703426987,0.0019554453901946545,0.01630965620279312,0.17542698979377747,0.5,1.0,1.0,1.0
7,4700,25000,0.322805255651474,0.4170050024986267,9.99999905104687e-09,1.0,9.99999905104687e-09,7.166360660448845e-07,1.5401525160996243e-05,0.0001986385468626395,0.0019362964667379856,0.01643536612391472,0.1739557534456253,0.5,1.0,1.0,1.0
7,4710,25000,0.32270196080207825,0.4169559180736542,9.99999905104687e-09,1.0,9.99999905104687e-09,7.058405344650964e-07,1.529005021438934e-05,0.00020355281594675034,0.0019581362139433622,0.016263360157608986,0.1742246448993683,0.5,1.0,1.0,1.0
7,4720,25000,0.32275497913360596,0.4169605076313019,9.99999905104687e-09,1.0,9.99999905104687e-09,6.946467010493507e-07,1.5341907783295028e-05,0.00020106298325117677,0.0019228028832003474,0.016277983784675598,0.1754666417837143,0.5,1.0,1.0,1.0
7,4730,25000,0.322615385055542,0.4169453978538513,9.99999905104687e-09,1.0,9.99999905104687e-09,6.916628194630903e-07,1.5064640138007235e-05,0.0001980267552426085,0.001931189326569438,0.016254600137472153,0.17429421842098236,0.5,1.0,1.0,1.0
7,4740,25000,0.3226904273033142,0.4169292747974396,9.99999905104687e-09,1.0,9.99999905104687e-09,6.92712490035774e-07,1.5752133549540304e-05,0.0002009612217079848,0.0019167469581589103,0.01625245437026024,0.17458821833133698,0.5,1.0,1.0,1.0
7,4750,25000,0.3227032721042633,0.41691210865974426,9.99999905104687e-09,1.0,9.99999905104687e-09,6.9640014999095e-07,1.4913245649950113e-05,0.00019873605924658477,0.001956484280526638,0.016185125336050987,0.17398448288440704,0.5,1.0,1.0,1.0
7,4760,25000,0.32269197702407837,0.41693785786628723,9.99999905104687e-09,1.0,9.99999905104687e-09,7.184326022979803e-07,1.5179832189460285e-05,0.00019903163774870336,0.001920550363138318,0.016114942729473114,0.17369577288627625,0.5,1.0,1.0,1.0
7,4770,25000,0.32273024320602417,0.4169590175151825,9.99999905104687e-09,1.0,9.99999905104687e-09,6.956755669307313e-07,1.495603737566853e-05,0.00020118161046411842,0.001970343291759491,0.016214383766055107,0.17498084902763367,0.5,1.0,1.0,1.0
7,4780,25000,0.3226149082183838,0.4169210195541382,9.99999905104687e-09,1.0,9.99999905104687e-09,7.012553169261082e-07,1.5248098861775361e-05,0.00019725215679500252,0.0019161573145538568,0.01656404882669449,0.17436495423316956,0.5,1.0,1.0,1.0
7,4790,25000,0.322677880525589,0.4169856905937195,9.99999905104687e-09,1.0,9.99999905104687e-09,6.930042104613676e-07,1.5244741007336415e-05,0.0001968693977687508,0.0019195516360923648,0.016154911369085312,0.1737479418516159,0.5,1.0,1.0,1.0
7,4800,25000,0.32284292578697205,0.4169304668903351,9.99999905104687e-09,1.0,9.99999905104687e-09,6.952637932045036e-07,1.500320740888128e-05,0.00019922199135180563,0.0019212630577385426,0.016530081629753113,0.17630243301391602,0.5,1.0,1.0,1.0
7,4810,25000,0.32272130250930786,0.41700950264930725,9.99999905104687e-09,1.0,9.99999905104687e-09,6.900913831486832e-07,1.541277379146777e-05,0.00019350466027390212,0.0019464552169665694,0.01636195182800293,0.1743217259645462,0.5,1.0,1.0,1.0
7,4820,25000,0.32278043031692505,0.41694316267967224,9.99999905104687e-09,1.0,9.99999905104687e-09,6.94929553901602e-07,1.5307879948522896e-05,0.00020000230870209634,0.0018820399418473244,0.016214461997151375,0.174998477101326,0.5,1.0,1.0,1.0
7,4830,25000,0.32271143794059753,0.4169696867465973,9.99999905104687e-09,1.0,9.99999905104687e-09,7.056809749883541e-07,1.5271225493052043e-05,0.00019466389494482428,0.001909723854623735,0.016195818781852722,0.17507047951221466,0.5,1.0,1.0,1.0
7,4840,25000,0.32272255420684814,0.41700440645217896,9.99999905104687e-09,1.0,9.99999905104687e-09,7.005094175838167e-07,1.5454686945304275e-05,0.0002020811807597056,0.0019385683117434382,0.01634201407432556,0.17322880029678345,0.5,1.0,1.0,1.0
7,4850,25000,0.3226907551288605,0.41700324416160583,9.99999905104687e-09,1.0,9.99999905104687e-09,7.268964736795169e-07,1.5591876945109107e-05,0.0001956992200575769,0.001902085030451417,0.016216520220041275,0.1736997365951538,0.5,1.0,1.0,1.0
7,4860,25000,0.322792112827301,0.4169955253601074,9.99999905104687e-09,1.0,9.99999905104687e-09,6.98700546308828e-07,1.558597978146281e-05,0.00019701349083334208,0.0019381646998226643,0.016251415014266968,0.1753760278224945,0.5,1.0,1.0,1.0
7,4870,25000,0.32280024886131287,0.41697633266448975,9.99999905104687e-09,1.0,9.99999905104687e-09,7.106272050805273e-07,1.531770067231264e-05,0.00019716013048309833,0.0018970388919115067,0.01655721291899681,0.17671160399913788,0.5,1.0,1.0,1.0
7,4880,25000,0.3227711021900177,0.4170060157775879,9.99999905104687e-09,1.0,9.99999905104687e-09,7.088370921337628e-07,1.5181325579760596e-05,0.00019741554569918662,0.0018984712660312653,0.01622045412659645,0.1735786646604538,0.5,1.0,1.0,1.0
7,4890,25000,0.32270994782447815,0.41689929366111755,9.99999905104687e-09,1.0,9.99999905104687e-09,7.173467793109012e-07,1.5548015653621405e-05,0.00020344291988294572,0.0018990755779668689,0.016239915043115616,0.17455017566680908,0.5,1.0,1.0,1.0
7,4900,25000,0.32279375195503235,0.4169894754886627,9.99999905104687e-09,1.0,9.99999905104687e-09,6.990568977016665e-07,1.5517101928708144e-05,0.00020193083037156612,0.0018778276862576604,0.01604347862303257,0.17531521618366241,0.5,1.0,1.0,1.0
7,4910,25000,0.3225814700126648,0.41698238253593445,9.99999905104687e-09,1.0,9.99999905104687e-09,7.064050464578031e-07,1.5175381122389808e-05,0.00020397557818796486,0.0019024091307073832,0.016367070376873016,0.17182840406894684,0.5,1.0,1.0,1.0
7,4920,25000,0.3228389620780945,0.4169173240661621,9.99999905104687e-09,1.0,9.99999905104687e-09,6.991875238782086e-07,1.572955443407409e-05,0.0002003140834858641,0.001918021240271628,0.016334637999534607,0.17737841606140137,0.5,1.0,1.0,1.0
7,4930,25000,0.32278144359588623,0.4169672131538391,9.99999905104687e-09,1.0,9.99999905104687e-09,7.007309363871173e-07,1.523332412034506e-05,0.0001970255107153207,0.001926132128573954,0.01646842062473297,0.17370033264160156,0.5,1.0,1.0,1.0
7,4940,25000,0.3227081596851349,0.4169713258743286,9.99999905104687e-09,1.0,9.99999905104687e-09,6.945734298824391e-07,1.570639869896695e-05,0.0002000386593863368,0.0019523303490132093,0.016207169741392136,0.174509197473526,0.5,1.0,1.0,1.0
7,4950,25000,0.32266077399253845,0.4169653356075287,9.99999905104687e-09,1.0,9.99999905104687e-09,6.94401535383804e-07,1.5597674064338207e-05,0.00020147216855548322,0.001929839258082211,0.01618875376880169,0.17389443516731262,0.5,1.0,1.0,1.0
7,4960,25000,0.3227120339870453,0.4169650673866272,9.99999905104687e-09,1.0,9.99999905104687e-09,6.999700303822465e-07,1.5379764590761624e-05,0.0001990276068681851,0.001885026227682829,0.01594318263232708,0.1765076369047165,0.5,1.0,1.0,1.0
7,4970,25000,0.3227650225162506,0.4169645309448242,9.99999905104687e-09,1.0,9.99999905104687e-09,6.978381179578719e-07,1.5408806575578637e-05,0.00019843765767291188,0.0019050122937187552,0.01624300144612789,0.17511697113513947,0.5,1.0,1.0,1.0
7,4980,25000,0.32276591658592224,0.41698336601257324,9.99999905104687e-09,1.0,9.99999905104687e-09,7.113753213161544e-07,1.54379758896539e-05,0.0002016048674704507,0.0019183633849024773,0.01628560945391655,0.17698197066783905,0.5,1.0,1.0,1.0
7,4990,25000,0.32276371121406555,0.4169321060180664,9.99999905104687e-09,1.0,9.99999905104687e-09,7.051334591778868e-07,1.5557938240817748e-05,0.00019829926895909011,0.001944656716659665,0.016173377633094788,0.175816148519516,0.5,1.0,1.0,1.0
7,5000,25000,0.3227638602256775,0.41695699095726013,9.99999905104687e-09,1.0,9.99999905104687e-09,7.060527877911227e-07,1.5157158486545086e-05,0.00019603698456194252,0.0019137633498758078,0.016069190576672554,0.1759612113237381,0.5,1.0,1.0,1.0
7,5010,25000,0.32274317741394043,0.4169733226299286,9.99999905104687e-09,1.0,9.99999905104687e-09,7.137148259062087e-07,1.5214824998110998e-05,0.00019804187468253076,0.0019250930054113269,0.016209473833441734,0.1736723929643631,0.5,1.0,1.0,1.0
7,5020,25000,0.3227291703224182,0.41693928837776184,9.99999905104687e-09,1.0,9.99999905104687e-09,7.088099778229662e-07,1.5386316590593196e-05,0.00020098678942304105,0.00191203982103616,0.016387593001127243,0.1757485568523407,0.5,1.0,1.0,1.0
7,5030,25000,0.32275331020355225,0.4169434905052185,9.99999905104687e-09,1.0,9.99999905104687e-09,7.097301022440661e-07,1.5613170035067014e-05,0.00019935968157369643,0.0019321823492646217,0.016461651772260666,0.1762007623910904,0.5,1.0,1.0,1.0
7,5040,25000,0.32269617915153503,0.41694629192352295,9.99999905104687e-09,1.0,9.99999905104687e-09,6.951785280762124e-07,1.555533890496008e-05,0.0001971275924006477,0.0019015821162611246,0.016304366290569305,0.1731082946062088,0.5,1.0,1.0,1.0
7,5050,25000,0.3227774202823639,0.4169292747974396,9.99999905104687e-09,1.0,9.99999905104687e-09,6.983450475672726e-07,1.5833667930564843e-05,0.00019939565390814096,0.0019539473578333855,0.016221124678850174,0.1756669580936432,0.5,1.0,1.0,1.0
7,5060,25000,0.3227991461753845,0.4169969856739044,9.99999905104687e-09,1.0,9.99999905104687e-09,7.000132313805807e-07,1.5213739970931783e-05,0.00019548906129784882,0.0019303306471556425,0.016132093966007233,0.1748722642660141,0.5,1.0,1.0,1.0
7,5070,25000,0.32275691628456116,0.4169714152812958,9.99999905104687e-09,1.0,9.99999905104687e-09,6.94932452915964e-07,1.508801960881101e-05,0.00019589497242122889,0.0019343363819643855,0.016050728037953377,0.17601731419563293,0.5,1.0,1.0,1.0
7,5080,25000,0.3227096199989319,0.41695526242256165,9.99999905104687e-09,1.0,9.99999905104687e-09,7.080923865032673e-07,1.5799842003616504e-05,0.00019521679496392608,0.0018914059037342668,0.016282927244901657,0.17477215826511383,0.5,1.0,1.0,1.0
7,5090,25000,0.3226907551288605,0.4169113039970398,9.99999905104687e-09,1.0,9.99999905104687e-09,6.865273007861106e-07,1.5137819900701288e-05,0.00019602668180596083,0.0019597611390054226,0.01621192693710327,0.1732168197631836,0.5,1.0,1.0,1.0
7,5100,25000,0.3227711319923401,0.41695329546928406,9.99999905104687e-09,1.0,9.99999905104687e-09,7.126711238925054e-07,1.545643863209989e-05,0.00019697510288096964,0.0019489671103656292,0.016386643052101135,0.17587080597877502,0.5,1.0,1.0,1.0
7,5110,25000,0.3227474093437195,0.4169634282588959,9.99999905104687e-09,1.0,9.99999905104687e-09,7.000900268394616e-07,1.5246097063936759e-05,0.00020348095858935267,0.0019117211923003197,0.016179248690605164,0.17561933398246765,0.5,1.0,1.0,1.0
7,5120,25000,0.3226504623889923,0.41696804761886597,9.99999905104687e-09,1.0,9.99999905104687e-09,7.256499543473183e-07,1.5327754226746038e-05,0.00020162510918453336,0.0019100150093436241,0.016257593408226967,0.17452245950698853,0.5,1.0,1.0,1.0
7,5130,25000,0.32260069251060486,0.4169475734233856,9.99999905104687e-09,1.0,9.99999905104687e-09,7.052769319670915e-07,1.5199268091237172e-05,0.00019733382214326411,0.0019629879388958216,0.01626950316131115,0.17417770624160767,0.5,1.0,1.0,1.0
7,5140,25000,0.322603315114975,0.4169323742389679,9.99999905104687e-09,1.0,9.99999905104687e-09,6.992721637288923e-07,1.4979285879235249e-05,0.00019774783868342638,0.0019529429264366627,0.01623523235321045,0.17590942978858948,0.5,1.0,1.0,1.0
7,5150,25000,0.3227315843105316,0.41695308685302734,9.99999905104687e-09,1.0,9.99999905104687e-09,6.939596346455801e-07,1.589993371453602e-05,0.00020511796174105257,0.0019413549453020096,0.01624136231839657,0.17520324885845184,0.5,1.0,1.0,1.0
7,5160,25000,0.32276222109794617,0.41690391302108765,9.99999905104687e-09,1.0,9.99999905104687e-09,7.074797281347855e-07,1.5234307284117676e-05,0.00020019836665596813,0.0019181767711415887,0.016444187611341476,0.1750999540090561,0.5,1.0,1.0,1.0
7,5170,25000,0.32280951738357544,0.416922003030777,9.99999905104687e-09,1.0,9.99999905104687e-09,7.088942197697179e-07,1.5024618733150419e-05,0.0001972974423551932,0.0019047320820391178,0.016250599175691605,0.17679372429847717,0.5,1.0,1.0,1.0
7,5180,25000,0.32280445098876953,0.41695818305015564,9.99999905104687e-09,1.0,9.99999905104687e-09,6.950461965971044e-07,1.552773937874008e-05,0.00019843898189719766,0.0019050611881539226,0.01623953878879547,0.17502036690711975,0.5,1.0,1.0,1.0
7,5190,25000,0.32274946570396423,0.4170072078704834,9.99999905104687e-09,1.0,9.99999905104687e-09,7.169565492404217e-07,1.5403111319756135e-05,0.00019729977066162974,0.0019535692408680916,0.01621190458536148,0.17567384243011475,0.5,1.0,1.0,1.0
7,5200,25000,0.32276350259780884,0.4169396162033081,9.99999905104687e-09,1.0,9.99999905104687e-09,6.988013865338871e-07,1.5225965398713015e-05,0.00019706445164047182,0.0019184909760951996,0.016556134447455406,0.1744319200515747,0.5,1.0,1.0,1.0
7,5210,25000,0.3226624131202698,0.4169924259185791,9.99999905104687e-09,1.0,9.99999905104687e-09,6.961735721233708e-07,1.5468118363060057e-05,0.00019817522843368351,0.0019412428373470902,0.01627383753657341,0.17267218232154846,0.5,1.0,1.0,1.0
7,5220,25000,0.3227785527706146,0.41695937514305115,9.99999905104687e-09,1.0,9.99999905104687e-09,6.901272513459844e-07,1.5257391169143375e-05,0.00019279064144939184,0.0018842668505385518,0.01640510931611061,0.17459145188331604,0.5,1.0,1.0,1.0
7,5230,25000,0.32266485691070557,0.4169919788837433,9.99999905104687e-09,1.0,9.99999905104687e-09,6.922960551491997e-07,1.5063068531162571e-05,0.00019995277398265898,0.0019131802255287766,0.016358651220798492,0.1741868108510971,0.5,1.0,1.0,1.0
7,5240,25000,0.3227604031562805,0.4170341491699219,9.99999905104687e-09,1.0,9.99999905104687e-09,7.139840931813524e-07,1.5390620319521986e-05,0.0001979268854483962,0.0018917419947683811,0.016136234626173973,0.1753339171409607,0.5,1.0,1.0,1.0
7,5250,25000,0.32267770171165466,0.41698095202445984,9.99999905104687e-09,1.0,9.99999905104687e-09,6.987874030528474e-07,1.5345280189649202e-05,0.00019893563876394182,0.0019010574324056506,0.01620025932788849,0.17378242313861847,0.5,1.0,1.0,1.0
7,5260,25000,0.3227769434452057,0.4168975055217743,9.99999905104687e-09,1.0,9.99999905104687e-09,6.964741032788879e-07,1.5267871276591904e-05,0.00019817508291453123,0.0019259144319221377,0.01648741587996483,0.17519204318523407,0.5,1.0,1.0,1.0
7,5270,25000,0.32272106409072876,0.41696611046791077,9.99999905104687e-09,1.0,9.99999905104687e-09,7.016853942332091e-07,1.5423518561874516e-05,0.0001989467127714306,0.0019174410263076425,0.016012638807296753,0.17595091462135315,0.5,1.0,1.0,1.0
7,5280,25000,0.32274284958839417,0.4169886112213135,9.99999905104687e-09,1.0,9.99999905104687e-09,6.999746915425931e-07,1.5170353435678408e-05,0.0001999884407268837,0.0019069755217060447,0.016264863312244415,0.17629145085811615,0.5,1.0,1.0,1.0
7,5290,25000,0.32285276055336,0.41690629720687866,9.99999905104687e-09,1.0,9.99999905104687e-09,7.1688577918394e-07,1.531919951958116e-05,0.00019818484724964947,0.0019597457721829414,0.016375642269849777,0.1761251986026764,0.5,1.0,1.0,1.0
7,5300,25000,0.32290783524513245,0.4169974625110626,9.99999905104687e-09,1.0,9.99999905104687e-09,7.013640015429701e-07,1.5160717339313123e-05,0.00020339932234492153,0.0019268059404566884,0.016158178448677063,0.17477929592132568,0.5,1.0,1.0,1.0
7,5310,25000,0.32266566157341003,0.41699904203414917,9.99999905104687e-09,1.0,9.99999905104687e-09,6.976147233217489e-07,1.551944478705991e-05,0.00019630489987321198,0.0019084826344624162,0.016141891479492188,0.17414481937885284,0.5,1.0,1.0,1.0
7,5320,25000,0.32264572381973267,0.4169287085533142,9.99999905104687e-09,1.0,9.99999905104687e-09,7.013441631897877e-07,1.5439452909049578e-05,0.00019730324856936932,0.0019247536547482014,0.016315769404172897,0.17556582391262054,0.5,1.0,1.0,1.0
7,5330,25000,0.32278916239738464,0.41693830490112305,9.99999905104687e-09,1.0,9.99999905104687e-09,7.130834660529217e-07,1.5174488908087369e-05,0.0002010341704590246,0.0019262473797425628,0.01647719368338585,0.17572817206382751,0.5,1.0,1.0,1.0
7,5340,25000,0.32280808687210083,0.4169584810733795,9.99999905104687e-09,1.0,9.99999905104687e-09,6.954596187824791e-07,1.5596609955537133e-05,0.0002009821037063375,0.001906288438476622,0.016360409557819366,0.17435091733932495,0.5,1.0,1.0,1.0
7,5350,25000,0.3228209912776947,0.41694915294647217,9.99999905104687e-09,1.0,9.99999905104687e-09,7.012563401076477e-07,1.565630009281449e-05,0.00020329469407442957,0.0019385972991585732,0.0163707472383976,0.17701628804206848,0.5,1.0,1.0,1.0
7,5360,25000,0.3227311074733734,0.41692179441452026,9.99999905104687e-09,1.0,9.99999905104687e-09,7.14887562480726e-07,1.540772609587293e-05,0.00020149220654275268,0.0019296434475108981,0.01643262803554535,0.17305925488471985,0.5,1.0,1.0,1.0
7,5370,25000,0.3227158188819885,0.41694375872612,9.99999905104687e-09,1.0,9.99999905104687e-09,6.92797812007484e-07,1.5326833818107843e-05,0.00019673041242640465,0.0019090708810836077,0.01630108803510666,0.176053985953331,0.5,1.0,1.0,1.0
7,5380,25000,0.32274648547172546,0.4169735312461853,9.99999905104687e-09,1.0,9.99999905104687e-09,7.130920494091697e-07,1.5056900338095147e-05,0.00020059409143868834,0.0019635737407952547,0.01632709801197052,0.1734599620103836,0.5,1.0,1.0,1.0
7,5390,25000,0.322688490152359,0.41693514585494995,9.99999905104687e-09,1.0,9.99999905104687e-09,7.023752459645038e-07,1.5226266441459302e-05,0.00020114649669267237,0.001899245660752058,0.016169100999832153,0.17422804236412048,0.5,1.0,1.0,1.0
7,5400,25000,0.32268136739730835,0.4169616103172302,9.99999905104687e-09,1.0,9.99999905104687e-09,7.030328106338857e-07,1.5123377124837134e-05,0.00019756637630052865,0.0019361254526302218,0.01620239019393921,0.1763908416032791,0.5,1.0,1.0,1.0
7,5410,25000,0.3227848410606384,0.4169498383998871,9.99999905104687e-09,1.0,9.99999905104687e-09,7.0234250415524e-07,1.5617320968885906e-05,0.0001998673687921837,0.001934808911755681,0.016244810074567795,0.17515143752098083,0.5,1.0,1.0,1.0
7,5420,25000,0.32277005910873413,0.41697177290916443,9.99999905104687e-09,1.0,9.99999905104687e-09,6.934413363524072e-07,1.550834895169828e-05,0.00020250154193490744,0.0019305248279124498,0.01625165343284607,0.1746530681848526,0.5,1.0,1.0,1.0
7,5430,25000,0.32279619574546814,0.4168967008590698,9.99999905104687e-09,1.0,9.99999905104687e-09,6.830211418673571e-07,1.529903784103226e-05,0.00019925289961975068,0.0019423023331910372,0.016328923404216766,0.17557068169116974,0.5,1.0,1.0,1.0
7,5440,25000,0.32271069288253784,0.4169362187385559,9.99999905104687e-09,1.0,9.99999905104687e-09,6.985887353039288e-07,1.54324879986234e-05,0.0001980129163712263,0.0019332740921527147,0.016131069511175156,0.1758752167224884,0.5,1.0,1.0,1.0
7,5450,25000,0.3227187395095825,0.41697248816490173,9.99999905104687e-09,1.0,9.99999905104687e-09,7.052523756101436e-07,1.5154718312260229e-05,0.00019951067224610597,0.001965439645573497,0.016080418601632118,0.17506538331508636,0.5,1.0,1.0,1.0
7,5460,25000,0.3226945996284485,0.41696634888648987,9.99999905104687e-09,1.0,9.99999905104687e-09,6.922716693225084e-07,1.5300811355700716e-05,0.00019877405429724604,0.001916241948492825,0.01603402942419052,0.1751275211572647,0.5,1.0,1.0,1.0
7,5470,25000,0.3226388096809387,0.4169883728027344,9.99999905104687e-09,1.0,9.99999905104687e-09,7.063333100632008e-07,1.5094425179995596e-05,0.0002002054825425148,0.0018704204121604562,0.016034014523029327,0.1751817762851715,0.5,1.0,1.0,1.0
7,5480,25000,0.32260894775390625,0.4169464409351349,9.99999905104687e-09,1.0,9.99999905104687e-09,7.073433039295196e-07,1.53931414388353e-05,0.0002000735985348001,0.0019281272543594241,0.016172604635357857,0.17399631440639496,0.5,1.0,1.0,1.0
7,5490,25000,0.3228353261947632,0.41697150468826294,9.99999905104687e-09,1.0,9.99999905104687e-09,6.928308380338422e-07,1.528406392026227e-05,0.00019837688887491822,0.001921182731166482,0.016055654734373093,0.1743115484714508,0.5,1.0,1.0,1.0
7,5500,25000,0.32280126214027405,0.4169292449951172,9.99999905104687e-09,1.0,9.99999905104687e-09,6.798387062190159e-07,1.4955699953134172e-05,0.0002042082924162969,0.001909156795591116,0.016426963731646538,0.17562949657440186,0.5,1.0,1.0,1.0
7,5510,25000,0.3229139447212219,0.41697272658348083,9.99999905104687e-09,1.0,9.99999905104687e-09,7.151837735364097e-07,1.503663861512905e-05,0.0001998730149352923,0.0019371253438293934,0.016302265226840973,0.17772115767002106,0.5,1.0,1.0,1.0
7,5520,25000,0.32271823287010193,0.4169766902923584,9.99999905104687e-09,1.0,9.99999905104687e-09,7.010840477050806e-07,1.5271247320924886e-05,0.00020221759041305631,0.0019144356483593583,0.016276847571134567,0.17466263473033905,0.5,1.0,1.0,1.0
7,5530,25000,0.3228151500225067,0.41693490743637085,9.99999905104687e-09,1.0,9.99999905104687e-09,6.939994818822015e-07,1.5655174138373695e-05,0.00020210271759424359,0.0019020459149032831,0.016269534826278687,0.17569424211978912,0.5,1.0,1.0,1.0
7,5540,25000,0.32272160053253174,0.41694509983062744,9.99999905104687e-09,1.0,9.99999905104687e-09,7.121981298041646e-07,1.5372224879683927e-05,0.0001973957259906456,0.0019160285592079163,0.016163472086191177,0.17555183172225952,0.5,1.0,1.0,1.0
7,5550,25000,0.3227957785129547,0.41697338223457336,9.99999905104687e-09,1.0,9.99999905104687e-09,7.116134952411812e-07,1.5487974451389164e-05,0.000200305410544388,0.0019030689727514982,0.016471443697810173,0.17497268319129944,0.5,1.0,1.0,1.0
7,5560,25000,0.32279786467552185,0.41692236065864563,9.99999905104687e-09,1.0,9.99999905104687e-09,7.091165912243014e-07,1.5219194210658316e-05,0.00020123190188314766,0.001955244690179825,0.01668940857052803,0.1758391559123993,0.5,1.0,1.0,1.0
7,5570,25000,0.32275626063346863,0.4169110655784607,9.99999905104687e-09,1.0,9.99999905104687e-09,7.078774615365546e-07,1.5290273950085975e-05,0.00020207170746289194,0.001965344650670886,0.01639256626367569,0.17485441267490387,0.5,1.0,1.0,1.0
7,5580,25000,0.3227369487285614,0.41693609952926636,9.99999905104687e-09,1.0,9.99999905104687e-09,7.067970386742672e-07,1.5419356714119203e-05,0.00019523274386301637,0.0019139025826007128,0.016126682981848717,0.17550399899482727,0.5,1.0,1.0,1.0
7,5590,25000,0.32275745272636414,0.41699445247650146,9.99999905104687e-09,1.0,9.99999905104687e-09,7.047954682093405e-07,1.5332381735788658e-05,0.00019888913084287196,0.0019388634245842695,0.016227904707193375,0.17618204653263092,0.5,1.0,1.0,1.0
7,5600,25000,0.32269287109375,0.416999876499176,9.99999905104687e-09,1.0,9.99999905104687e-09,7.056120807646948e-07,1.5261648513842374e-05,0.00020240666344761848,0.0019451159751042724,0.016435330733656883,0.1735212802886963,0.5,1.0,1.0,1.0
7,5610,25000,0.3226083815097809,0.4169149696826935,9.99999905104687e-09,1.0,9.99999905104687e-09,7.109677540029224e-07,1.5488256394746713e-05,0.00020124569709878415,0.0018874628003686666,0.01622001826763153,0.1742243766784668,0.5,1.0,1.0,1.0
7,5620,25000,0.32271644473075867,0.4169400632381439,9.99999905104687e-09,1.0,9.99999905104687e-09,7.196448450486059e-07,1.5150581020861864e-05,0.00020222002058289945,0.0019287156173959374,0.01619083061814308,0.1729336827993393,0.5,1.0,1.0,1.0
7,5630,25000,0.3228451907634735,0.416939377784729,9.99999905104687e-09,1.0,9.99999905104687e-09,6.962745828786865e-07,1.5247731425915845e-05,0.00020155948004685342,0.0019200325477868319,0.01655448228120804,0.17570778727531433,0.5,1.0,1.0,1.0
7,5640,25000,0.32275572419166565,0.41696980595588684,9.99999905104687e-09,1.0,9.99999905104687e-09,7.137438160498277e-07,1.5470957805518992e-05,0.00019716961833182722,0.00190745631698519,0.016354426741600037,0.17544427514076233,0.5,1.0,1.0,1.0
7,5650,25000,0.322767972946167,0.4169795513153076,9.99999905104687e-09,1.0,9.99999905104687e-09,6.932729661457415e-07,1.545590566820465e-05,0.0001992627658182755,0.0019065502565354109,0.016558349132537842,0.1734393835067749,0.5,1.0,1.0,1.0
7,5660,25000,0.3227546215057373,0.4169544279575348,9.99999905104687e-09,1.0,9.99999905104687e-09,6.966520231799223e-07,1.5217991858662572e-05,0.00019845612405333668,0.0018851541681215167,0.016518039628863335,0.17466790974140167,0.5,1.0,1.0,1.0
7,5670,25000,0.32285651564598083,0.4169861376285553,9.99999905104687e-09,1.0,9.99999905104687e-09,7.093358931342664e-07,1.5314126358134672e-05,0.0001998952793655917,0.001967298099771142,0.01640499383211136,0.1761550009250641,0.5,1.0,1.0,1.0
7,5680,25000,0.3227948844432831,0.4169432818889618,9.99999905104687e-09,1.0,9.99999905104687e-09,6.971852712922555e-07,1.5297968275262974e-05,0.00019882475316990167,0.0019273271318525076,0.016367437317967415,0.17542877793312073,0.5,1.0,1.0,1.0
7,5690,25000,0.3226894736289978,0.4169483780860901,9.99999905104687e-09,1.0,9.99999905104687e-09,6.993551551204291e-07,1.533343856863212e-05,0.00019519709167070687,0.0019094310700893402,0.01627521589398384,0.17494286596775055,0.5,1.0,1.0,1.0
7,5700,25000,0.3228006958961487,0.4169076383113861,9.99999905104687e-09,1.0,9.99999905104687e-09,7.060574489514693e-07,1.514180166850565e-05,0.00020047729776706547,0.0019241158151999116,0.01608623005449772,0.1760067492723465,0.5,1.0,1.0,1.0
7,5710,25000,0.322733998298645,0.41698047518730164,9.99999905104687e-09,1.0,9.99999905104687e-09,6.969917194510344e-07,1.514953237347072e-05,0.00019876734586432576,0.001947337994351983,0.01637117937207222,0.1733657419681549,0.5,1.0,1.0,1.0
7,5720,25000,0.3227705657482147,0.4169308841228485,9.99999905104687e-09,1.0,9.99999905104687e-09,7.074701215969981e-07,1.5479432477150112e-05,0.00019989151041954756,0.0019244331633672118,0.016316227614879608,0.17408621311187744,0.5,1.0,1.0,1.0
7,5730,25000,0.32279688119888306,0.4169277250766754,9.99999905104687e-09,1.0,9.99999905104687e-09,6.934740781616711e-07,1.5272740711225197e-05,0.00019901886116713285,0.001933331019245088,0.01615487039089203,0.17590412497520447,0.5,1.0,1.0,1.0
7,5740,25000,0.3227579891681671,0.41695424914360046,9.99999905104687e-09,1.0,9.99999905104687e-09,7.100939001247752e-07,1.5166014236456249e-05,0.00019971148867625743,0.0019502813229337335,0.016277801245450974,0.17637622356414795,0.5,1.0,1.0,1.0
7,5750,25000,0.3226490020751953,0.41694289445877075,9.99999905104687e-09,1.0,9.99999905104687e-09,7.002600455052743e-07,1.515499570814427e-05,0.00020379683701321483,0.0019235326908528805,0.016275443136692047,0.17300957441329956,0.5,1.0,1.0,1.0
7,5760,25000,0.32285618782043457,0.41690880060195923,9.99999905104687e-09,1.0,9.99999905104687e-09,7.114300615285174e-07,1.5416771930176765e-05,0.0002029730094363913,0.001910391147248447,0.01643982157111168,0.17592348158359528,0.5,1.0,1.0,1.0
7,5770,25000,0.32275280356407166,0.41698533296585083,9.99999905104687e-09,1.0,9.99999905104687e-09,7.102389076862892e-07,1.542257632536348e-05,0.0001985374401556328,0.0018748792354017496,0.016365325078368187,0.1753944456577301,0.5,1.0,1.0,1.0
7,5780,25000,0.3227739632129669,0.4169282019138336,9.99999905104687e-09,1.0,9.99999905104687e-09,7.081791295604489e-07,1.520150817668764e-05,0.00020491122268140316,0.0019166353158652782,0.016423527151346207,0.1757839322090149,0.5,1.0,1.0,1.0
7,5790,25000,0.32283493876457214,0.41694730520248413,9.99999905104687e-09,1.0,9.99999905104687e-09,7.060322104734951e-07,1.583413904882036e-05,0.0002002579567488283,0.0019264979055151343,0.016425367444753647,0.1769932359457016,0.5,1.0,1.0,1.0
7,5800,25000,0.3227671980857849,0.4169696569442749,9.99999905104687e-09,1.0,9.99999905104687e-09,6.983544267313846e-07,1.4979245861468371e-05,0.00020127087191212922,0.0019475661683827639,0.01610763929784298,0.1737649142742157,0.5,1.0,1.0,1.0
7,5810,25000,0.32276225090026855,0.4169384241104126,9.99999905104687e-09,1.0,9.99999905104687e-09,7.075597636685416e-07,1.5250739124894608e-05,0.00020168184710200876,0.0019275095546618104,0.016443803906440735,0.17525774240493774,0.5,1.0,1.0,1.0
7,5820,25000,0.3227701187133789,0.4169498682022095,9.99999905104687e-09,1.0,9.99999905104687e-09,6.829731091784197e-07,1.5352177797467448e-05,0.00019805658666882664,0.001909384736791253,0.01627536118030548,0.17447352409362793,0.5,1.0,1.0,1.0
7,5830,25000,0.3226250112056732,0.41696786880493164,9.99999905104687e-09,1.0,9.99999905104687e-09,7.199688525361125e-07,1.5296900528483093e-05,0.00019851129036396742,0.0019181801471859217,0.016063444316387177,0.1751077026128769,0.5,1.0,1.0,1.0
7,5840,25000,0.32269543409347534,0.4169218838214874,9.99999905104687e-09,1.0,9.99999905104687e-09,7.095380283317354e-07,1.5823799913050607e-05,0.00019894856086466461,0.0019156498601660132,0.016133245080709457,0.17623814940452576,0.5,1.0,1.0,1.0
7,5850,25000,0.3228108584880829,0.4169021546840668,9.99999905104687e-09,1.0,9.99999905104687e-09,7.002866482253012e-07,1.5168450772762299e-05,0.0002006153081310913,0.0019272859208285809,0.016194496303796768,0.17596465349197388,0.5,1.0,1.0,1.0
7,5860,25000,0.3227205276489258,0.41690993309020996,9.99999905104687e-09,1.0,9.99999905104687e-09,7.072679295561102e-07,1.5349078239523806e-05,0.00019880766922142357,0.0019169086590409279,0.016285456717014313,0.17390909790992737,0.5,1.0,1.0,1.0
7,5870,25000,0.3227614164352417,0.41692253947257996,9.99999905104687e-09,1.0,9.99999905104687e-09,7.083775130922731e-07,1.5391731722047552e-05,0.00020254972332622856,0.0019244208233430982,0.016562387347221375,0.1772298961877823,0.5,1.0,1.0,1.0
7,5880,25000,0.32276609539985657,0.4169204831123352,9.99999905104687e-09,1.0,9.99999905104687e-09,7.107502142389421e-07,1.5520587112405337e-05,0.0002000059321289882,0.0019421906908974051,0.01628582738339901,0.17509202659130096,0.5,1.0,1.0,1.0
7,5890,25000,0.32259300351142883,0.4169228672981262,9.99999905104687e-09,1.0,9.99999905104687e-09,6.902306495248922e-07,1.4896688298904337e-05,0.00019993576279375702,0.0019459554459899664,0.016607847064733505,0.17424903810024261,0.5,1.0,1.0,1.0
7,5900,25000,0.3226464092731476,0.4169551730155945,9.99999905104687e-09,1.0,9.99999905104687e-09,7.140089905988134e-07,1.5216300198517274e-05,0.00019822377362288535,0.0019010566174983978,0.01643943414092064,0.1762138307094574,0.5,1.0,1.0,1.0
7,5910,25000,0.3228171467781067,0.4169341027736664,9.99999905104687e-09,1.0,9.99999905104687e-09,7.041423373266298e-07,1.550896922708489e-05,0.00019715413509402424,0.001928936573676765,0.016412358731031418,0.17576271295547485,0.5,1.0,1.0,1.0
7,5920,25000,0.3228391706943512,0.41691914200782776,9.99999905104687e-09,1.0,9.99999905104687e-09,7.125130991880724e-07,1.5734060070826672e-05,0.00019767841149587184,0.0018514384282752872,0.01642603799700737,0.17537745833396912,0.5,1.0,1.0,1.0
7,5930,25000,0.3227129876613617,0.41700640320777893,9.99999905104687e-09,1.0,9.99999905104687e-09,7.114174422895303e-07,1.552020330564119e-05,0.0002025400463026017,0.0019291837234050035,0.016076702624559402,0.17334416508674622,0.5,1.0,1.0,1.0
7,5940,25000,0.32271379232406616,0.41691553592681885,9.99999905104687e-09,1.0,9.99999905104687e-09,7.003282007644884e-07,1.53731343743857e-05,0.0001994838094105944,0.001952331862412393,0.016410743817687035,0.1765313744544983,0.5,1.0,1.0,1.0
7,5950,25000,0.322817325592041,0.4169454574584961,9.99999905104687e-09,1.0,9.99999905104687e-09,6.865592467875103e-07,1.5318350051529706e-05,0.00019931771385017782,0.001954328268766403,0.016500577330589294,0.17596283555030823,0.5,1.0,1.0,1.0
7,5960,25000,0.3227752447128296,0.4169326424598694,9.99999905104687e-09,1.0,9.99999905104687e-09,7.111669333426107e-07,1.5391215129056945e-05,0.00020315135770943016,0.0019328573253005743,0.01601536199450493,0.1748972088098526,0.5,1.0,1.0,1.0
7,5970,25000,0.3228224217891693,0.41698741912841797,9.99999905104687e-09,1.0,9.99999905104687e-09,7.085700985953736e-07,1.5099995835043956e-05,0.00020078738452866673,0.0019749391358345747,0.016355235129594803,0.17599846422672272,0.5,1.0,1.0,1.0
7,5980,25000,0.3227153718471527,0.41696712374687195,9.99999905104687e-09,1.0,9.99999905104687e-09,7.031612199170922e-07,1.5696057744207792e-05,0.0001980011584237218,0.0019239970715716481,0.016310160979628563,0.17459069192409515,0.5,1.0,1.0,1.0
7,5990,25000,0.32271578907966614,0.41697123646736145,9.99999905104687e-09,1.0,9.99999905104687e-09,7.119757015061623e-07,1.5315616110456176e-05,0.0001971731398953125,0.0019165222765877843,0.01614459417760372,0.17484283447265625,0.5,1.0,1.0,1.0
7,6000,25000,0.3228146731853485,0.4169650971889496,9.99999905104687e-09,1.0,9.99999905104687e-09,6.990727570155286e-07,1.527854510641191e-05,0.00020021511591039598,0.001944716670550406,0.01628761738538742,0.17537832260131836,0.5,1.0,1.0,1.0
7,6010,25000,0.3227429986000061,0.41699060797691345,9.99999905104687e-09,1.0,9.99999905104687e-09,7.044000653877447e-07,1.5237824300129432e-05,0.0001978081272682175,0.0019440784817561507,0.016486480832099915,0.17315007746219635,0.5,1.0,1.0,1.0
7,6020,25000,0.32282236218452454,0.4168974459171295,9.99999905104687e-09,1.0,9.99999905104687e-09,7.126949412850081e-07,1.5736590285087004e-05,0.00020388206758070737,0.001936439541168511,0.016648003831505775,0.17589645087718964,0.5,1.0,1.0,1.0
7,6030,25000,0.322733074426651,0.4170006513595581,9.99999905104687e-09,1.0,9.99999905104687e-09,7.062092777232465e-07,1.5074452676344663e-05,0.00019776249246206135,0.0019005509093403816,0.01653682440519333,0.17582610249519348,0.5,1.0,1.0,1.0
7,6040,25000,0.3228066563606262,0.41695207357406616,9.99999905104687e-09,1.0,9.99999905104687e-09,7.027852575447469e-07,1.500929101894144e-05,0.00019905014778487384,0.001917954650707543,0.016112782061100006,0.17751707136631012,0.5,1.0,1.0,1.0
7,6050,25000,0.3227849006652832,0.4170263409614563,9.99999905104687e-09,1.0,9.99999905104687e-09,7.088107167874114e-07,1.5170439837675076e-05,0.00020364498777780682,0.00192439800594002,0.016383090987801552,0.17578169703483582,0.5,1.0,1.0,1.0
7,6060,25000,0.3228220045566559,0.41700437664985657,9.99999905104687e-09,1.0,9.99999905104687e-09,7.081565627231612e-07,1.529031214886345e-05,0.00020001751545350999,0.001990355085581541,0.016432948410511017,0.17375096678733826,0.5,1.0,1.0,1.0
7,6070,25000,0.3227449953556061,0.4169237017631531,9.99999905104687e-09,1.0,9.99999905104687e-09,7.075337293827033e-07,1.5616975360899232e-05,0.00020191454677842557,0.0019191172905266285,0.016254454851150513,0.17501376569271088,0.5,1.0,1.0,1.0
7,6080,25000,0.3228261470794678,0.41694027185440063,9.99999905104687e-09,1.0,9.99999905104687e-09,7.057303719193442e-07,1.5460745999007486e-05,0.00020510342437773943,0.001929457182995975,0.016302194446325302,0.17596550285816193,0.5,1.0,1.0,1.0
7,6090,25000,0.3228336572647095,0.41690343618392944,9.99999905104687e-09,1.0,9.99999905104687e-09,6.889784458508075e-07,1.573844019731041e-05,0.00020009702711831778,0.001912579289637506,0.016208847984671593,0.17716197669506073,0.5,1.0,1.0,1.0
7,6100,25000,0.32273852825164795,0.41689759492874146,9.99999905104687e-09,1.0,9.99999905104687e-09,7.107376518433739e-07,1.5177364730334375e-05,0.00019673821225296706,0.0019131016451865435,0.015947839245200157,0.1751607209444046,0.5,1.0,1.0,1.0
7,6110,25000,0.32271212339401245,0.41694512963294983,9.99999905104687e-09,1.0,9.99999905104687e-09,7.025992658782343e-07,1.5329680536524393e-05,0.0002041623229160905,0.001923169707879424,0.016211625188589096,0.17574332654476166,0.5,1.0,1.0,1.0
7,6120,25000,0.3227965831756592,0.41693782806396484,9.99999905104687e-09,1.0,9.99999905104687e-09,6.919148063389002e-07,1.5614397852914408e-05,0.0001980105444090441,0.0019090879941359162,0.016415275633335114,0.17688488960266113,0.5,1.0,1.0,1.0
7,6130,25000,0.3227553963661194,0.41693931818008423,9.99999905104687e-09,1.0,9.99999905104687e-09,6.984753326833015e-07,1.551972673041746e-05,0.00019863514171447605,0.0019018684979528189,0.01634078472852707,0.17559869587421417,0.5,1.0,1.0,1.0
7,6140,25000,0.32277077436447144,0.41695255041122437,9.99999905104687e-09,1.0,9.99999905104687e-09,7.271110007422976e-07,1.552191133669112e-05,0.0002015161153394729,0.0019220792455598712,0.016249895095825195,0.17510849237442017,0.5,1.0,1.0,1.0
7,6150,25000,0.3228127658367157,0.4170238673686981,9.99999905104687e-09,1.0,9.99999905104687e-09,7.124187391127634e-07,1.540330413263291e-05,0.00020315038273110986,0.0019601082894951105,0.01611945405602455,0.17525480687618256,0.5,1.0,1.0,1.0
7,6160,25000,0.32277336716651917,0.4169495105743408,9.99999905104687e-09,1.0,9.99999905104687e-09,7.027034598650062e-07,1.5128014638321474e-05,0.0001957705826498568,0.001949271303601563,0.0164186954498291,0.17712083458900452,0.5,1.0,1.0,1.0
7,6170,25000,0.3227687180042267,0.4169689118862152,9.99999905104687e-09,1.0,9.99999905104687e-09,6.990997576394875e-07,1.5760571841383353e-05,0.00019475402950774878,0.0019300406565889716,0.016082655638456345,0.17495407164096832,0.5,1.0,1.0,1.0
7,6180,25000,0.3227441906929016,0.41695713996887207,9.99999905104687e-09,1.0,9.99999905104687e-09,6.969858077354729e-07,1.508728655608138e-05,0.00020207765919622034,0.0019186522113159299,0.016095761209726334,0.17542023956775665,0.5,1.0,1.0,1.0
7,6190,25000,0.3228582441806793,0.416981041431427,9.99999905104687e-09,1.0,9.99999905104687e-09,7.129532946237305e-07,1.503053954365896e-05,0.00020321104966569692,0.0019276984967291355,0.01638009026646614,0.17609652876853943,0.5,1.0,1.0,1.0
7,6200,25000,0.32276421785354614,0.41698601841926575,9.99999905104687e-09,1.0,9.99999905104687e-09,7.156742753977596e-07,1.54998942889506e-05,0.0001958038192242384,0.0019277469255030155,0.015993749722838402,0.17507494986057281,0.5,1.0,1.0,1.0
7,6210,25000,0.3228892982006073,0.41693058609962463,9.99999905104687e-09,1.0,9.99999905104687e-09,7.193361852841917e-07,1.543800681247376e-05,0.0002039391256403178,0.0019347496563568711,0.016381017863750458,0.1752561777830124,0.5,1.0,1.0,1.0
7,6220,25000,0.32272931933403015,0.4169730544090271,9.99999905104687e-09,1.0,9.99999905104687e-09,7.021227474979241e-07,1.526389314676635e-05,0.00019998440984636545,0.0019268470350652933,0.01630784571170807,0.17311254143714905,0.5,1.0,1.0,1.0
7,6230,25000,0.3226780593395233,0.41696277260780334,9.99999905104687e-09,1.0,9.99999905104687e-09,7.039835168143327e-07,1.529127075627912e-05,0.00019794567197095603,0.0019365529296919703,0.016217583790421486,0.17331856489181519,0.5,1.0,1.0,1.0
7,6240,25000,0.32258909940719604,0.4170391261577606,9.99999905104687e-09,1.0,9.99999905104687e-09,6.939017680451798e-07,1.5062176316860132e-05,0.00019849700038321316,0.0018819126999005675,0.016110755503177643,0.1731281578540802,0.5,1.0,1.0,1.0
7,6250,25000,0.322843462228775,0.4169405400753021,9.99999905104687e-09,1.0,9.99999905104687e-09,7.112832349775999e-07,1.5228354641294573e-05,0.00019901356426998973,0.0019425428472459316,0.016401778906583786,0.1755562126636505,0.5,1.0,1.0,1.0
7,6260,25000,0.322832852602005,0.41696876287460327,9.99999905104687e-09,1.0,9.99999905104687e-09,7.017953294052859e-07,1.5308627553167753e-05,0.00019673256610985845,0.0019263216527178884,0.016229841858148575,0.17731833457946777,0.5,1.0,1.0,1.0
7,6270,25000,0.3228010833263397,0.4169732928276062,9.99999905104687e-09,1.0,9.99999905104687e-09,6.984537321841344e-07,1.5568995877401903e-05,0.0002028928865911439,0.0019501314964145422,0.01654566451907158,0.17523521184921265,0.5,1.0,1.0,1.0
7,6280,25000,0.32272347807884216,0.41694414615631104,9.99999905104687e-09,1.0,9.99999905104687e-09,7.050699650790193e-07,1.539343429612927e-05,0.0002016059443121776,0.0019552770536392927,0.016121987253427505,0.17519459128379822,0.5,1.0,1.0,1.0
7,6290,25000,0.3227319121360779,0.4169849753379822,9.99999905104687e-09,1.0,9.99999905104687e-09,7.240793138407753e-07,1.5093788533704355e-05,0.00019824231276288629,0.0018841460114344954,0.016324376687407494,0.17515425384044647,0.5,1.0,1.0,1.0
7,6300,25000,0.32283592224121094,0.41690540313720703,9.99999905104687e-09,1.0,9.99999905104687e-09,6.901311735418858e-07,1.5486579286516644e-05,0.00019703514408320189,0.0018993885023519397,0.016360457986593246,0.17632994055747986,0.5,1.0,1.0,1.0
7,6310,25000,0.3227382302284241,0.41692066192626953,9.99999905104687e-09,1.0,9.99999905104687e-09,6.993899432927719e-07,1.543471989862155e-05,0.0001987617288250476,0.001963991206139326,0.016383349895477295,0.17608362436294556,0.5,1.0,1.0,1.0
7,6320,25000,0.3227953016757965,0.4170174300670624,9.99999905104687e-09,1.0,9.99999905104687e-09,6.925100137777918e-07,1.571112807141617e-05,0.00019881344633176923,0.001959213986992836,0.01609455794095993,0.17511288821697235,0.5,1.0,1.0,1.0
7,6330,25000,0.32277560234069824,0.41695916652679443,9.99999905104687e-09,1.0,9.99999905104687e-09,7.035056910353887e-07,1.5191888451226987e-05,0.00020164814486633986,0.0019422516925260425,0.016231240704655647,0.17659097909927368,0.5,1.0,1.0,1.0
7,6340,25000,0.32276442646980286,0.41697555780410767,9.99999905104687e-09,1.0,9.99999905104687e-09,7.088338520588877e-07,1.5541063476121053e-05,0.0002021457621594891,0.0019298512488603592,0.016088072210550308,0.1749999076128006,0.5,1.0,1.0,1.0
7,6350,25000,0.32280004024505615,0.41696351766586304,9.99999905104687e-09,1.0,9.99999905104687e-09,6.98990106684505e-07,1.539040204079356e-05,0.00020499227684922516,0.0019426883663982153,0.016217002645134926,0.17454873025417328,0.5,1.0,1.0,1.0
7,6360,25000,0.3227485716342926,0.41697216033935547,9.99999905104687e-09,1.0,9.99999905104687e-09,6.966285468479327e-07,1.516124393674545e-05,0.00019882146443706006,0.0019251677440479398,0.01619691774249077,0.17421618103981018,0.5,1.0,1.0,1.0
7,6370,25000,0.3228309452533722,0.41694018244743347,9.99999905104687e-09,1.0,9.99999905104687e-09,7.109165380825289e-07,1.544431688671466e-05,0.00019990562577731907,0.0019139749929308891,0.016339406371116638,0.1762721836566925,0.5,1.0,1.0,1.0
7,6380,25000,0.3227761387825012,0.41696691513061523,9.99999905104687e-09,1.0,9.99999905104687e-09,7.008636657701572e-07,1.552781577629503e-05,0.00019704927399288863,0.0019208859885111451,0.016084149479866028,0.17608024179935455,0.5,1.0,1.0,1.0
7,6390,25000,0.3227245807647705,0.41700488328933716,9.99999905104687e-09,1.0,9.99999905104687e-09,7.087875246725162e-07,1.5278408682206646e-05,0.00020135277009103447,0.0019420760218054056,0.016386184841394424,0.17490330338478088,0.5,1.0,1.0,1.0
7,6400,25000,0.3226557672023773,0.41703805327415466,9.99999905104687e-09,1.0,9.99999905104687e-09,6.982534728194878e-07,1.5518216969212517e-05,0.0001990652090171352,0.0019516275497153401,0.016245242208242416,0.17593412101268768,0.5,1.0,1.0,1.0
7,6410,25000,0.32283082604408264,0.41697806119918823,9.99999905104687e-09,1.0,9.99999905104687e-09,7.006210012150405e-07,1.5629282643203624e-05,0.0002011549222515896,0.0019669586326926947,0.01615764945745468,0.17562033236026764,0.5,1.0,1.0,1.0
7,6420,25000,0.32276761531829834,0.416973739862442,9.99999905104687e-09,1.0,9.99999905104687e-09,7.024574983915954e-07,1.5646674000890926e-05,0.0001999462692765519,0.0019286188762634993,0.01627364382147789,0.174289271235466,0.5,1.0,1.0,1.0
7,6430,25000,0.3226897120475769,0.4169745445251465,9.99999905104687e-09,1.0,9.99999905104687e-09,7.111424906725006e-07,1.5480018191738054e-05,0.00019705858721863478,0.001923099858686328,0.015994643792510033,0.1760656237602234,0.5,1.0,1.0,1.0
7,6440,25000,0.32265686988830566,0.4169861972332001,9.99999905104687e-09,1.0,9.99999905104687e-09,7.118091502889001e-07,1.5086170606082305e-05,0.0001988316362258047,0.0019524634117260575,0.016300350427627563,0.17406369745731354,0.5,1.0,1.0,1.0
7,6450,25000,0.32267290353775024,0.41702064871788025,9.99999905104687e-09,1.0,9.99999905104687e-09,6.980345688134548e-07,1.5400639313156717e-05,0.00019873016572091728,0.0019431846449151635,0.016587547957897186,0.17296774685382843,0.5,1.0,1.0,1.0
7,6460,25000,0.32289546728134155,0.4169531762599945,9.99999905104687e-09,1.0,9.99999905104687e-09,7.037120326458535e-07,1.540535595268011e-05,0.00020236658747307956,0.0019157949136570096,0.01631653495132923,0.17634418606758118,0.5,1.0,1.0,1.0
7,6470,25000,0.3228742182254791,0.4169449508190155,9.99999905104687e-09,1.0,9.99999905104687e-09,7.154506533879612e-07,1.5085761333466507e-05,0.00019773431995417923,0.0019303954904899001,0.01622411422431469,0.17842864990234375,0.5,1.0,1.0,1.0
7,6480,25000,0.32282185554504395,0.4169389307498932,9.99999905104687e-09,1.0,9.99999905104687e-09,6.968551247155119e-07,1.5517071005888283e-05,0.0001984561386052519,0.0019649644382297993,0.016595376655459404,0.1743765026330948,0.5,1.0,1.0,1.0
7,6490,25000,0.3227905035018921,0.4169348478317261,9.99999905104687e-09,1.0,9.99999905104687e-09,7.135213309084065e-07,1.5065481420606375e-05,0.00020111817866563797,0.0019400266464799643,0.016257524490356445,0.1764165759086609,0.5,1.0,1.0,1.0
7,6500,25000,0.32276880741119385,0.41695937514305115,9.99999905104687e-09,1.0,9.99999905104687e-09,7.03921330114099e-07,1.508710192865692e-05,0.00019970333960372955,0.001934071653522551,0.01598804071545601,0.17548789083957672,0.5,1.0,1.0,1.0
7,6510,25000,0.32272276282310486,0.41700005531311035,9.99999905104687e-09,1.0,9.99999905104687e-09,6.982579066061589e-07,1.576011345605366e-05,0.00019997717754449695,0.001943425158970058,0.016143061220645905,0.1748790442943573,0.5,1.0,1.0,1.0
7,6520,25000,0.3226974904537201,0.41688600182533264,9.99999905104687e-09,1.0,9.99999905104687e-09,7.043711889309634e-07,1.515420535724843e-05,0.00020281068282201886,0.0019344814354553819,0.01646370254456997,0.17565681040287018,0.5,1.0,1.0,1.0
7,6530,25000,0.3227280378341675,0.41697201132774353,9.99999905104687e-09,1.0,9.99999905104687e-09,6.825100058449607e-07,1.5025875654828269e-05,0.00019918236648663878,0.0019847904331982136,0.016114821657538414,0.1769031137228012,0.5,1.0,1.0,1.0
7,6540,25000,0.3227020800113678,0.41699156165122986,9.99999905104687e-09,1.0,9.99999905104687e-09,7.053679951241065e-07,1.5373892892966978e-05,0.00020366496755741537,0.0019407469080761075,0.016431815922260284,0.17366774380207062,0.5,1.0,1.0,1.0
7,6550,25000,0.3226747512817383,0.4169013202190399,9.99999905104687e-09,1.0,9.99999905104687e-09,7.014266998339735e-07,1.5238964806485455e-05,0.000199633912416175,0.0019239860121160746,0.016568966209888458,0.17498980462551117,0.5,1.0,1.0,1.0
7,6560,25000,0.3227142095565796,0.41699233651161194,9.99999905104687e-09,1.0,9.99999905104687e-09,7.061154860821262e-07,1.5228077245410532e-05,0.00019953484297730029,0.0018483165185898542,0.016317833214998245,0.1735912412405014,0.5,1.0,1.0,1.0
7,6570,25000,0.3227793276309967,0.4169030785560608,9.99999905104687e-09,1.0,9.99999905104687e-09,7.008176794442988e-07,1.509876710770186e-05,0.00019973401504103094,0.0019508119439706206,0.016185849905014038,0.17577049136161804,0.5,1.0,1.0,1.0
7,6580,25000,0.3227975368499756,0.4169570803642273,9.99999905104687e-09,1.0,9.99999905104687e-09,7.140459956644918e-07,1.5057701602927409e-05,0.0001998812222154811,0.0019311093492433429,0.01630590856075287,0.17670460045337677,0.5,1.0,1.0,1.0
7,6590,25000,0.3228258490562439,0.41697418689727783,9.99999905104687e-09,1.0,9.99999905104687e-09,7.095530918377335e-07,1.555090602778364e-05,0.00019867742958012968,0.0019020761828869581,0.016217811033129692,0.17484547197818756,0.5,1.0,1.0,1.0
7,6600,25000,0.32274743914604187,0.4169621467590332,9.99999905104687e-09,1.0,9.99999905104687e-09,7.048380439300672e-07,1.551866444060579e-05,0.00020054889318998903,0.001911599887534976,0.01630522310733795,0.17523424327373505,0.5,1.0,1.0,1.0
7,6610,25000,0.3228296935558319,0.41695278882980347,9.99999905104687e-09,1.0,9.99999905104687e-09,7.061554470055853e-07,1.551132299937308e-05,0.00019752599473576993,0.0019301691791042686,0.01631554588675499,0.17556820809841156,0.5,1.0,1.0,1.0
7,6620,25000,0.3226378262042999,0.4169141352176666,9.99999905104687e-09,1.0,9.99999905104687e-09,7.023398325145536e-07,1.547752253827639e-05,0.00020410132128745317,0.0019093698356300592,0.01618622988462448,0.17405925691127777,0.5,1.0,1.0,1.0
7,6630,25000,0.32277730107307434,0.4169946610927582,9.99999905104687e-09,1.0,9.99999905104687e-09,6.902714062562154e-07,1.5420670024468563e-05,0.0002009904565056786,0.0018891541985794902,0.01637449860572815,0.173948273062706,0.5,1.0,1.0,1.0
7,6640,25000,0.3227427005767822,0.41696080565452576,9.99999905104687e-09,1.0,9.99999905104687e-09,7.239727892738301e-07,1.572915425640531e-05,0.00019906646048184484,0.001924019423313439,0.016181882470846176,0.17503000795841217,0.5,1.0,1.0,1.0
7,6650,25000,0.32276642322540283,0.4169534146785736,9.99999905104687e-09,1.0,9.99999905104687e-09,7.133764370337303e-07,1.5417337635881267e-05,0.00020050787134096026,0.0018988725496456027,0.016357239335775375,0.17470844089984894,0.5,1.0,1.0,1.0
7,6660,25000,0.3227425515651703,0.41695675253868103,9.99999905104687e-09,1.0,9.99999905104687e-09,7.078186285980337e-07,1.5009976777946576e-05,0.00019832262478303164,0.0018812204943969846,0.016157377511262894,0.1744702011346817,0.5,1.0,1.0,1.0
7,6670,25000,0.322763592004776,0.41694942116737366,9.99999905104687e-09,1.0,9.99999905104687e-09,7.03704472471145e-07,1.4916995496605523e-05,0.0002041948027908802,0.0018920217407867312,0.016303714364767075,0.1757928729057312,0.5,1.0,1.0,1.0
7,6680,25000,0.32271265983581543,0.4170100688934326,9.99999905104687e-09,1.0,9.99999905104687e-09,6.994598606979707e-07,1.5323250408982858e-05,0.00019859583699144423,0.0019230347825214267,0.016243256628513336,0.17459990084171295,0.5,1.0,1.0,1.0
7,6690,25000,0.32278576493263245,0.41693446040153503,9.99999905104687e-09,1.0,9.99999905104687e-09,7.053423018987814e-07,1.5185816664597951e-05,0.0001984746049856767,0.0019371857633814216,0.016316603869199753,0.17493116855621338,0.5,1.0,1.0,1.0
7,6700,25000,0.32277801632881165,0.4169410765171051,9.99999905104687e-09,1.0,9.99999905104687e-09,6.919615316292038e-07,1.5056003576319199e-05,0.0001965956180356443,0.001962381647899747,0.016397614032030106,0.17589285969734192,0.5,1.0,1.0,1.0
7,6710,25000,0.3228141665458679,0.4170030653476715,9.99999905104687e-09,1.0,9.99999905104687e-09,6.968626280468015e-07,1.52774100570241e-05,0.00019955418247263879,0.0018912189407274127,0.01637434959411621,0.17498163878917694,0.5,1.0,1.0,1.0
7,6720,25000,0.3227890431880951,0.41697269678115845,9.99999905104687e-09,1.0,9.99999905104687e-09,7.182680974437972e-07,1.566522587381769e-05,0.00019558312487788498,0.0019440677715465426,0.01627901941537857,0.17453806102275848,0.5,1.0,1.0,1.0
7,6730,25000,0.32276782393455505,0.4169900417327881,9.99999905104687e-09,1.0,9.99999905104687e-09,6.97171174124378e-07,1.5481120499316603e-05,0.00020202995801810175,0.0018696790793910623,0.016416925936937332,0.1767156720161438,0.5,1.0,1.0,1.0
7,6740,25000,0.32280802726745605,0.4169527292251587,9.99999905104687e-09,1.0,9.99999905104687e-09,7.117592986105592e-07,1.5531553799519315e-05,0.0002022068074438721,0.0019380750600248575,0.01655355468392372,0.174934983253479,0.5,1.0,1.0,1.0
7,6750,25000,0.32280266284942627,0.4169992506504059,9.99999905104687e-09,1.0,9.99999905104687e-09,7.09210667082516e-07,1.5325565982493572e-05,0.00020116183441132307,0.0019108535489067435,0.016193978488445282,0.17576777935028076,0.5,1.0,1.0,1.0
7,6760,25000,0.32278260588645935,0.4169439375400543,9.99999905104687e-09,1.0,9.99999905104687e-09,6.960675023037766e-07,1.5636043826816604e-05,0.00019732346117962152,0.0019356315024197102,0.016456641256809235,0.17632782459259033,0.5,1.0,1.0,1.0
7,6770,25000,0.32275718450546265,0.4169798493385315,9.99999905104687e-09,1.0,9.99999905104687e-09,7.07109961695096e-07,1.5343450286309235e-05,0.00019728080951608717,0.001979891210794449,0.016513288021087646,0.17471957206726074,0.5,1.0,1.0,1.0
7,6780,25000,0.3227812349796295,0.4169667959213257,9.99999905104687e-09,1.0,9.99999905104687e-09,7.007965336924826e-07,1.5127060578379314e-05,0.00020143247093074024,0.001902826246805489,0.01637311279773712,0.17514845728874207,0.5,1.0,1.0,1.0
7,6790,25000,0.32274743914604187,0.4169756770133972,9.99999905104687e-09,1.0,9.99999905104687e-09,7.016154199845914e-07,1.5435962268384174e-05,0.0002011377364397049,0.0019379360601305962,0.016416706144809723,0.17366737127304077,0.5,1.0,1.0,1.0
7,6800,25000,0.3227508068084717,0.41697874665260315,9.99999905104687e-09,1.0,9.99999905104687e-09,7.10737197096023e-07,1.5526207789662294e-05,0.00019942464132327586,0.0019234867068007588,0.01629640907049179,0.17381435632705688,0.5,1.0,1.0,1.0
7,6810,25000,0.32277023792266846,0.41698020696640015,9.99999905104687e-09,1.0,9.99999905104687e-09,7.112384423635376e-07,1.530153167550452e-05,0.00019926991080865264,0.0019298851257190108,0.01640213280916214,0.17469678819179535,0.5,1.0,1.0,1.0
7,6820,25000,0.3228733241558075,0.41697221994400024,9.99999905104687e-09,1.0,9.99999905104687e-09,7.118384814930323e-07,1.553886067995336e-05,0.00019816358690150082,0.0019048750400543213,0.016364827752113342,0.17592176795005798,0.5,1.0,1.0,1.0
7,6830,25000,0.3227781057357788,0.41701650619506836,9.99999905104687e-09,1.0,9.99999905104687e-09,6.976217150622688e-07,1.5171407540037762e-05,0.00020113267237320542,0.001924719545058906,0.01613452285528183,0.1733698546886444,0.5,1.0,1.0,1.0
7,6840,25000,0.322867751121521,0.41695094108581543,9.99999905104687e-09,1.0,9.99999905104687e-09,7.053360491227068e-07,1.5332376278820448e-05,0.00019956273899879307,0.0019439366878941655,0.01631983369588852,0.17576740682125092,0.5,1.0,1.0,1.0
7,6850,25000,0.3227089047431946,0.41701072454452515,9.99999905104687e-09,1.0,9.99999905104687e-09,7.020222483333782e-07,1.563346086186357e-05,0.0001988070725928992,0.001935895998030901,0.016258584335446358,0.1747603714466095,0.5,1.0,1.0,1.0
7,6860,25000,0.32281965017318726,0.41693755984306335,9.99999905104687e-09,1.0,9.99999905104687e-09,7.084815365487884e-07,1.539572622277774e-05,0.00020224778563715518,0.0019096393371000886,0.01628732681274414,0.1766488403081894,0.5,1.0,1.0,1.0
7,6870,25000,0.32274511456489563,0.4169689416885376,9.99999905104687e-09,1.0,9.99999905104687e-09,7.133679105209012e-07,1.4936158549971879e-05,0.0001991980680031702,0.0019691449124366045,0.01610567793250084,0.17466403543949127,0.5,1.0,1.0,1.0
7,6880,25000,0.3227756917476654,0.41702762246131897,9.99999905104687e-09,1.0,9.99999905104687e-09,7.073863912410161e-07,1.531134512333665e-05,0.00019798750872723758,0.0018849651096388698,0.01595182903110981,0.17599840462207794,0.5,1.0,1.0,1.0
7,6890,25000,0.32280462980270386,0.41700229048728943,9.99999905104687e-09,1.0,9.99999905104687e-09,7.14347720531805e-07,1.5496412743232213e-05,0.00019940381753258407,0.0018925396725535393,0.016224363818764687,0.17442965507507324,0.5,1.0,1.0,1.0
7,6900,25000,0.32278186082839966,0.4170251786708832,9.99999905104687e-09,1.0,9.99999905104687e-09,7.136880526559253e-07,1.5300964150810614e-05,0.00020016632333863527,0.0019364383770152926,0.01630306988954544,0.1740885078907013,0.5,1.0,1.0,1.0
7,6910,25000,0.32284262776374817,0.4169605076313019,9.99999905104687e-09,1.0,9.99999905104687e-09,6.934776024536404e-07,1.55411380546866e-05,0.0002030914038186893,0.0019229472381994128,0.016424458473920822,0.17766746878623962,0.5,1.0,1.0,1.0
7,6920,25000,0.32284724712371826,0.41693955659866333,9.99999905104687e-09,1.0,9.99999905104687e-09,7.004201165727864e-07,1.5256027836585417e-05,0.00020013241737615317,0.0019368560751900077,0.01639455184340477,0.17567254602909088,0.5,1.0,1.0,1.0
7,6930,25000,0.32280638813972473,0.4169577360153198,9.99999905104687e-09,1.0,9.99999905104687e-09,7.122259830794064e-07,1.5521565728704445e-05,0.00019922123465221375,0.0019300682470202446,0.01619710400700569,0.17717252671718597,0.5,1.0,1.0,1.0
7,6940,25000,0.32281550765037537,0.41696634888648987,9.99999905104687e-09,1.0,9.99999905104687e-09,6.93432866682997e-07,1.52765896928031e-05,0.0002005838614422828,0.001935402280651033,0.01611313223838806,0.17669503390789032,0.5,1.0,1.0,1.0
7,6950,25000,0.32279589772224426,0.41692832112312317,9.99999905104687e-09,1.0,9.99999905104687e-09,7.057881816763256e-07,1.5398089090012945e-05,0.0001981081150006503,0.0019194133346900344,0.01653803139925003,0.17552730441093445,0.5,1.0,1.0,1.0
7,6960,25000,0.32270655035972595,0.41697826981544495,9.99999905104687e-09,1.0,9.99999905104687e-09,7.07204719674337e-07,1.5370378605439328e-05,0.00019875841098837554,0.0019177809590473771,0.01617344655096531,0.1766626536846161,0.5,1.0,1.0,1.0
7,6970,25000,0.32274219393730164,0.4169391989707947,9.99999905104687e-09,1.0,9.99999905104687e-09,7.13256895323866e-07,1.5274234101525508e-05,0.00019826117204502225,0.0019407609943300486,0.016138337552547455,0.17760996520519257,0.5,1.0,1.0,1.0
7,6980,25000,0.3227465748786926,0.4169783294200897,9.99999905104687e-09,1.0,9.99999905104687e-09,7.062624831633002e-07,1.5247497685777489e-05,0.00019801172311417758,0.0019178928341716528,0.0164099782705307,0.17670519649982452,0.5,1.0,1.0,1.0
7,6990,25000,0.3227541744709015,0.41695138812065125,9.99999905104687e-09,1.0,9.99999905104687e-09,7.131992560971412e-07,1.5583365893689916e-05,0.0002002080000238493,0.0019323797896504402,0.01608692854642868,0.17579565942287445,0.5,1.0,1.0,1.0
7,7000,25000,0.3228412866592407,0.4169721305370331,9.99999905104687e-09,1.0,9.99999905104687e-09,6.907604301886749e-07,1.5117208022275008e-05,0.00019963792874477804,0.0019244682043790817,0.016446813941001892,0.17551258206367493,0.5,1.0,1.0,1.0
