step,epoch,n_refreshed,mean,std,min,max,q00,q10,q20,q30,q40,q50,q60,q70,q80,q90,q100
6,0,,0.6142907738685608,0.20295172929763794,0.5,1.0,0.5,0.5,0.5,0.5,0.5,0.5,0.5,0.5199999809265137,1.0,1.0,1.0
6,10,25000,0.30735301971435547,0.39667147397994995,9.99999905104687e-09,1.0,9.99999905104687e-09,2.1670681235264055e-05,0.0002383588725933805,0.0015290065202862024,0.007695387117564678,0.03481023758649826,0.17777839303016663,0.5,1.0,1.0,1.0
6,20,25000,0.30724218487739563,0.3966642916202545,9.99999905104687e-09,1.0,9.99999905104687e-09,2.1310304873622954e-05,0.00023608203628100455,0.0015383095014840364,0.007704146206378937,0.03489862382411957,0.17684480547904968,0.5,1.0,1.0,1.0
6,30,25000,0.30724257230758667,0.39664366841316223,9.99999905104687e-09,1.0,9.99999905104687e-09,2.1563420887105167e-05,0.00023862425587140024,0.001519297598861158,0.007769959047436714,0.03491080924868584,0.17617319524288177,0.5,1.0,1.0,1.0
6,40,25000,0.3073051869869232,0.39666175842285156,9.99999905104687e-09,1.0,9.99999905104687e-09,2.1746451238868758e-05,0.00023544978466816247,0.001521925674751401,0.007679003290832043,0.034905046224594116,0.1765775829553604,0.5,1.0,1.0,1.0
6,50,25000,0.30734193325042725,0.39673006534576416,9.99999905104687e-09,1.0,9.99999905104687e-09,2.1443760488182306e-05,0.0002357701159780845,0.0015339218080043793,0.007771297357976437,0.035133425146341324,0.17637674510478973,0.5,1.0,1.0,1.0
6,60,25000,0.30738186836242676,0.3968494236469269,9.99999905104687e-09,1.0,9.99999905104687e-09,2.16295102291042e-05,0.00023492328182328492,0.0015387748135253787,0.007608188781887293,0.034408703446388245,0.176347553730011,0.5,1.0,1.0,1.0
6,70,25000,0.3073451519012451,0.3968657851219177,9.99999905104687e-09,1.0,9.99999905104687e-09,2.1647181711159647e-05,0.00023588606563862413,0.0015284043038263917,0.007699913810938597,0.03498086333274841,0.1761806756258011,0.5,1.0,1.0,1.0
6,80,25000,0.30734744668006897,0.39686861634254456,9.99999905104687e-09,1.0,9.99999905104687e-09,2.1704334358219057e-05,0.0002365612017456442,0.0015365952858701348,0.00762976473197341,0.03449668735265732,0.1761372685432434,0.5,1.0,1.0,1.0
6,90,25000,0.30746808648109436,0.3968602418899536,9.99999905104687e-09,1.0,9.99999905104687e-09,2.1723622921854258e-05,0.00023651534866075963,0.0015385749284178019,0.007629383821040392,0.03497392684221268,0.17662551999092102,0.5,1.0,1.0,1.0
6,100,25000,0.30740901827812195,0.39690685272216797,9.99999905104687e-09,1.0,9.99999905104687e-09,2.159423820558004e-05,0.00023579158005304635,0.0015295910416170955,0.007718369364738464,0.03492901474237442,0.17457661032676697,0.5,1.0,1.0,1.0
6,110,25000,0.3074486553668976,0.39693978428840637,9.99999905104687e-09,1.0,9.99999905104687e-09,2.1660149286617525e-05,0.0002369589637964964,0.0015380705008283257,0.00764887360855937,0.03467483073472977,0.17836131155490875,0.5,1.0,1.0,1.0
6,120,25000,0.30741897225379944,0.3970179557800293,9.99999905104687e-09,1.0,9.99999905104687e-09,2.1658190235029906e-05,0.00024087146448437124,0.0015326256398111582,0.007637497037649155,0.03459194302558899,0.17640577256679535,0.5,1.0,1.0,1.0
6,130,25000,0.30771681666374207,0.39706405997276306,9.99999905104687e-09,1.0,9.99999905104687e-09,2.1199693946982734e-05,0.00023666080960538238,0.0015282692620530725,0.00772057194262743,0.03478886932134628,0.1780967116355896,0.5,1.0,1.0,1.0
6,140,25000,0.3075595498085022,0.39720335602760315,9.99999905104687e-09,1.0,9.99999905104687e-09,2.1625844965456054e-05,0.00023386288376059383,0.0015150042017921805,0.0076978569850325584,0.034766070544719696,0.17522573471069336,0.5,1.0,1.0,1.0
6,150,25000,0.3077413737773895,0.3975437879562378,9.99999905104687e-09,1.0,9.99999905104687e-09,2.138798481610138e-05,0.00023757023154757917,0.001509198104031384,0.007716351188719273,0.03472919389605522,0.17460264265537262,0.5,1.0,1.0,1.0
6,160,25000,0.3081775903701782,0.3981062173843384,9.99999905104687e-09,1.0,9.99999905104687e-09,2.1307798306224868e-05,0.00024121368187479675,0.0015267892740666866,0.0076448991894721985,0.034881867468357086,0.1750715970993042,0.5,1.0,1.0,1.0
6,170,25000,0.3083932399749756,0.39845821261405945,9.99999905104687e-09,1.0,9.99999905104687e-09,2.1243318769847974e-05,0.00023899762891232967,0.0015467549674212933,0.007727334741503,0.0345940962433815,0.17513200640678406,0.5,1.0,1.0,1.0
6,180,25000,0.3088516592979431,0.3988156020641327,9.99999905104687e-09,1.0,9.99999905104687e-09,2.1709714928874746e-05,0.00023675989359617233,0.0015326988650485873,0.007736461702734232,0.03486132249236107,0.17619067430496216,0.5,1.0,1.0,1.0
6,190,25000,0.30907076597213745,0.39908045530319214,9.99999905104687e-09,1.0,9.99999905104687e-09,2.1036348698544316e-05,0.0002357916528126225,0.001544821891002357,0.007703770883381367,0.03477011248469353,0.17637020349502563,0.5,1.0,1.0,1.0
6,200,25000,0.30915942788124084,0.3991795480251312,9.99999905104687e-09,1.0,9.99999905104687e-09,2.142176526831463e-05,0.00023531971964985132,0.0015349267050623894,0.007690818514674902,0.035005517303943634,0.17458541691303253,0.5,1.0,1.0,1.0
6,210,25000,0.3093264698982239,0.39919906854629517,9.99999905104687e-09,1.0,9.99999905104687e-09,2.1508456484298222e-05,0.00023667757341172546,0.0015262615634128451,0.007738565094769001,0.035009417682886124,0.1766880750656128,0.5,1.0,1.0,1.0
6,220,25000,0.3091389238834381,0.39929142594337463,9.99999905104687e-09,1.0,9.99999905104687e-09,2.1314132027328014e-05,0.0002354347234359011,0.0015443608863279223,0.007707798387855291,0.03482721000909805,0.17592929303646088,0.5,1.0,1.0,1.0
6,230,25000,0.3092193901538849,0.3992176055908203,9.99999905104687e-09,1.0,9.99999905104687e-09,2.1591822587652132e-05,0.00023894294281490147,0.001511315698735416,0.007638719864189625,0.03479611128568649,0.174857035279274,0.5,1.0,1.0,1.0
6,240,25000,0.30932366847991943,0.39928263425827026,9.99999905104687e-09,1.0,9.99999905104687e-09,2.1696478142985143e-05,0.00024007252068258822,0.0015310522867366672,0.007711589802056551,0.034512050449848175,0.1771240234375,0.5,1.0,1.0,1.0
6,250,25000,0.309243381023407,0.39935600757598877,9.99999905104687e-09,1.0,9.99999905104687e-09,2.1276431652950123e-05,0.0002374078321736306,0.0015703972894698381,0.007683390285819769,0.034320857375860214,0.17590470612049103,0.5,1.0,1.0,1.0
6,260,25000,0.3092866539955139,0.39930176734924316,9.99999905104687e-09,1.0,9.99999905104687e-09,2.1834595827385783e-05,0.00023749563843011856,0.001538886921480298,0.007760364096611738,0.03476746007800102,0.17604996263980865,0.5,1.0,1.0,1.0
6,270,25000,0.30927518010139465,0.3992919623851776,9.99999905104687e-09,1.0,9.99999905104687e-09,2.1316174752428196e-05,0.00023882644018158317,0.0015257475897669792,0.0077425935305655,0.0348820686340332,0.17548790574073792,0.5,1.0,1.0,1.0
6,280,25000,0.3093320429325104,0.3993462026119232,9.99999905104687e-09,1.0,9.99999905104687e-09,2.1581046894425526e-05,0.00023707306536380202,0.0015450774226337671,0.00766734266653657,0.034653715789318085,0.1756182163953781,0.5,1.0,1.0,1.0
6,290,25000,0.3092990219593048,0.39934685826301575,9.99999905104687e-09,1.0,9.99999905104687e-09,2.1263822418404743e-05,0.0002369316789554432,0.0015299718361347914,0.00765583710744977,0.03490990027785301,0.17697453498840332,0.5,1.0,1.0,1.0
6,300,25000,0.3093605935573578,0.39934471249580383,9.99999905104687e-09,1.0,9.99999905104687e-09,2.1545331037486903e-05,0.00023495593632105738,0.0015512751415371895,0.007652545813471079,0.03474903106689453,0.1760777235031128,0.5,1.0,1.0,1.0
6,310,25000,0.3091386556625366,0.39937934279441833,9.99999905104687e-09,1.0,9.99999905104687e-09,2.1371617549448274e-05,0.0002343329251743853,0.0015347925946116447,0.007685961667448282,0.034417130053043365,0.17462821304798126,0.5,1.0,1.0,1.0
6,320,25000,0.30925557017326355,0.39932700991630554,9.99999905104687e-09,1.0,9.99999905104687e-09,2.1774818378617056e-05,0.00023414510360453278,0.0015253574820235372,0.007602087687700987,0.03472912311553955,0.1761166751384735,0.5,1.0,1.0,1.0
6,330,25000,0.3092200756072998,0.39935383200645447,9.99999905104687e-09,1.0,9.99999905104687e-09,2.1407880922197364e-05,0.0002341036597499624,0.001518340315669775,0.007597251795232296,0.03476894646883011,0.1750487983226776,0.5,1.0,1.0,1.0
6,340,25000,0.30921751260757446,0.39932605624198914,9.99999905104687e-09,1.0,9.99999905104687e-09,2.188563667004928e-05,0.00023505681019742042,0.001532485242933035,0.007717842701822519,0.03488342463970184,0.17506824433803558,0.5,1.0,1.0,1.0
6,350,25000,0.309219628572464,0.3993407189846039,9.99999905104687e-09,1.0,9.99999905104687e-09,2.1424775695777498e-05,0.00023954726930242032,0.0015203190268948674,0.007636041380465031,0.03470464423298836,0.17580313980579376,0.5,1.0,1.0,1.0
6,360,25000,0.30933845043182373,0.3994089365005493,9.99999905104687e-09,1.0,9.99999905104687e-09,2.154839239665307e-05,0.0002331735595362261,0.0015245926333591342,0.007717987522482872,0.034855663776397705,0.17625968158245087,0.5,1.0,1.0,1.0
6,370,25000,0.309394508600235,0.399429053068161,9.99999905104687e-09,1.0,9.99999905104687e-09,2.1833258870174177e-05,0.00024171207041945308,0.001539517194032669,0.007759686093777418,0.03469604253768921,0.17537695169448853,0.5,1.0,1.0,1.0
6,380,25000,0.30937618017196655,0.39936232566833496,9.99999905104687e-09,1.0,9.99999905104687e-09,2.190883969888091e-05,0.00023734220303595066,0.0015267356066033244,0.007723706308752298,0.03485248610377312,0.17567935585975647,0.5,1.0,1.0,1.0
6,390,25000,0.3093629479408264,0.3994702398777008,9.99999905104687e-09,1.0,9.99999905104687e-09,2.1592582925222814e-05,0.00023642949236091226,0.0015412269858643413,0.00771853094920516,0.03475102782249451,0.1765824854373932,0.5,1.0,1.0,1.0
6,400,25000,0.3092776834964752,0.3994649648666382,9.99999905104687e-09,1.0,9.99999905104687e-09,2.1645004380843602e-05,0.00023932255862746388,0.001558831543661654,0.007702351547777653,0.034488171339035034,0.17488235235214233,0.5,1.0,1.0,1.0
6,410,25000,0.3093549609184265,0.3993915915489197,9.99999905104687e-09,1.0,9.99999905104687e-09,2.1283820387907326e-05,0.00023516463988926262,0.0015403012512251735,0.007646666839718819,0.034924015402793884,0.17680951952934265,0.5,1.0,1.0,1.0
6,420,25000,0.30943331122398376,0.3993944823741913,9.99999905104687e-09,1.0,9.99999905104687e-09,2.166929334634915e-05,0.00023256943677552044,0.0015359314857050776,0.007630235981196165,0.03481516242027283,0.1773221641778946,0.5,1.0,1.0,1.0
6,430,25000,0.3093617856502533,0.3994682729244232,9.99999905104687e-09,1.0,9.99999905104687e-09,2.158814822905697e-05,0.00023645827604923397,0.0015369286993518472,0.007758832070976496,0.03473224118351936,0.1756702959537506,0.5,1.0,1.0,1.0
6,440,25000,0.3092873692512512,0.39943596720695496,9.99999905104687e-09,1.0,9.99999905104687e-09,2.2119882487459108e-05,0.00023573475482407957,0.00152203522156924,0.007793229538947344,0.03500295430421829,0.17516207695007324,0.5,1.0,1.0,1.0
6,450,25000,0.30932047963142395,0.3994538187980652,9.99999905104687e-09,1.0,9.99999905104687e-09,2.1747460777987726e-05,0.000233811151701957,0.0015485496260225773,0.0077054668217897415,0.03475606441497803,0.1772591918706894,0.5,1.0,1.0,1.0
6,460,25000,0.3092917501926422,0.3994922935962677,9.99999905104687e-09,1.0,9.99999905104687e-09,2.1512601961148903e-05,0.00023610313655808568,0.0015174364671111107,0.00768456282094121,0.03468126058578491,0.17578968405723572,0.5,1.0,1.0,1.0
6,470,25000,0.30933600664138794,0.3993995487689972,9.99999905104687e-09,1.0,9.99999905104687e-09,2.1567651856457815e-05,0.00023558968678116798,0.0015312648611143231,0.0076426854357123375,0.03474109619855881,0.17467543482780457,0.5,1.0,1.0,1.0
6,480,25000,0.3094075620174408,0.3994956910610199,9.99999905104687e-09,1.0,9.99999905104687e-09,2.146107544831466e-05,0.0002329640119569376,0.001537143369205296,0.007697720546275377,0.03467640280723572,0.17563310265541077,0.5,1.0,1.0,1.0
6,490,25000,0.3092765212059021,0.39939722418785095,9.99999905104687e-09,1.0,9.99999905104687e-09,2.182132811867632e-05,0.000236210209550336,0.001520467223599553,0.007715476211160421,0.03486672788858414,0.17690509557724,0.5,1.0,1.0,1.0
6,500,25000,0.3093952536582947,0.39948317408561707,9.99999905104687e-09,1.0,9.99999905104687e-09,2.1232324797892943e-05,0.0002374940231675282,0.0015297667123377323,0.007679044734686613,0.0347767248749733,0.17641250789165497,0.5,1.0,1.0,1.0
6,510,25000,0.30932489037513733,0.3994816541671753,9.99999905104687e-09,1.0,9.99999905104687e-09,2.1703788661397994e-05,0.00023698076256550848,0.0015328003792092204,0.007671137806028128,0.03459468111395836,0.17526988685131073,0.5,1.0,1.0,1.0
6,520,25000,0.3093557357788086,0.3994784653186798,9.99999905104687e-09,1.0,9.99999905104687e-09,2.1426991224871017e-05,0.00023370746930595487,0.001516971504315734,0.007716804277151823,0.03467146307229996,0.17626631259918213,0.5,1.0,1.0,1.0
6,530,25000,0.3093298077583313,0.3994136452674866,9.99999905104687e-09,1.0,9.99999905104687e-09,2.148589919670485e-05,0.00023597762628924102,0.0015193892177194357,0.007727545686066151,0.03511684387922287,0.17747759819030762,0.5,1.0,1.0,1.0
6,540,25000,0.3093329668045044,0.3994964063167572,9.99999905104687e-09,1.0,9.99999905104687e-09,2.1679468773072585e-05,0.00023602653527632356,0.0015375203220173717,0.007679736241698265,0.03455604612827301,0.1746082305908203,0.5,1.0,1.0,1.0
6,550,25000,0.3092471957206726,0.3994814455509186,9.99999905104687e-09,1.0,9.99999905104687e-09,2.1559284505201504e-05,0.00023778389731887728,0.0015260281506925821,0.0077128903940320015,0.03492891788482666,0.17459671199321747,0.5,1.0,1.0,1.0
6,560,25000,0.30925726890563965,0.3994249999523163,9.99999905104687e-09,1.0,9.99999905104687e-09,2.1344807464629412e-05,0.00023739640892017633,0.0015320180682465434,0.007744794711470604,0.03484237194061279,0.17521993815898895,0.5,1.0,1.0,1.0
6,570,25000,0.3093207776546478,0.3994581699371338,9.99999905104687e-09,1.0,9.99999905104687e-09,2.1746316633652896e-05,0.00023634724493604153,0.0015314638148993254,0.007732304744422436,0.03490757942199707,0.17598631978034973,0.5,1.0,1.0,1.0
6,580,25000,0.30933019518852234,0.39946120977401733,9.99999905104687e-09,1.0,9.99999905104687e-09,2.1754785848315805e-05,0.00023647674242965877,0.0015306433197110891,0.007641069125384092,0.034313008189201355,0.17516757547855377,0.5,1.0,1.0,1.0
6,590,25000,0.3094483017921448,0.3994351923465729,9.99999905104687e-09,1.0,9.99999905104687e-09,2.1344143533497117e-05,0.00023629865609109402,0.0015501182060688734,0.0076731168664991856,0.03527744859457016,0.1769576519727707,0.5,1.0,1.0,1.0
6,600,25000,0.30942097306251526,0.39946362376213074,9.99999905104687e-09,1.0,9.99999905104687e-09,2.1343983462429605e-05,0.00023707296350039542,0.001522503443993628,0.007721457630395889,0.035195522010326385,0.17525933682918549,0.5,1.0,1.0,1.0
6,610,25000,0.30931589007377625,0.3994142711162567,9.99999905104687e-09,1.0,9.99999905104687e-09,2.1741043383372016e-05,0.00023955538927111775,0.0015247231349349022,0.007736352737993002,0.034636493772268295,0.1761702299118042,0.5,1.0,1.0,1.0
6,620,25000,0.30949509143829346,0.3994525074958801,9.99999905104687e-09,1.0,9.99999905104687e-09,2.1426878447527997e-05,0.00023527110170107335,0.0015372366178780794,0.007708994671702385,0.03487299010157585,0.17652003467082977,0.5,1.0,1.0,1.0
6,630,25000,0.3093518316745758,0.3993881344795227,9.99999905104687e-09,1.0,9.99999905104687e-09,2.1621983250952326e-05,0.00023224040342029184,0.0015176774468272924,0.007717837579548359,0.034779638051986694,0.17715324461460114,0.5,1.0,1.0,1.0
6,640,25000,0.30934762954711914,0.39941802620887756,9.99999905104687e-09,1.0,9.99999905104687e-09,2.1250603822409175e-05,0.00023938191588968039,0.001533393282443285,0.007717084139585495,0.03466828912496567,0.17609712481498718,0.5,1.0,1.0,1.0
6,650,25000,0.3093825876712799,0.3994347155094147,9.99999905104687e-09,1.0,9.99999905104687e-09,2.1652151190210134e-05,0.00023824440722819418,0.001516343792900443,0.007659120950847864,0.0348808616399765,0.17655304074287415,0.5,1.0,1.0,1.0
6,660,25000,0.3092441260814667,0.39936354756355286,9.99999905104687e-09,1.0,9.99999905104687e-09,2.189667065977119e-05,0.00023556797532364726,0.0015272443415597081,0.007761179935187101,0.034591950476169586,0.17647437751293182,0.5,1.0,1.0,1.0
6,670,25000,0.30925673246383667,0.3994402587413788,9.99999905104687e-09,1.0,9.99999905104687e-09,2.116478754032869e-05,0.0002365281543461606,0.0015327921137213707,0.00776957580819726,0.034544043242931366,0.17584554851055145,0.5,1.0,1.0,1.0
6,680,25000,0.30931901931762695,0.3994070589542389,9.99999905104687e-09,1.0,9.99999905104687e-09,2.179042530769948e-05,0.00023598430561833084,0.001540269237011671,0.007709220051765442,0.034685567021369934,0.176599383354187,0.5,1.0,1.0,1.0
6,690,25000,0.3092420697212219,0.399417906999588,9.99999905104687e-09,1.0,9.99999905104687e-09,2.1552939870161936e-05,0.00023734116984996945,0.0015344156417995691,0.007606904953718185,0.0345197357237339,0.17550301551818848,0.5,1.0,1.0,1.0
6,700,25000,0.3092937469482422,0.39943045377731323,9.99999905104687e-09,1.0,9.99999905104687e-09,2.1206882593105547e-05,0.0002364461252000183,0.0015379840042442083,0.007713189348578453,0.03455711156129837,0.17587828636169434,0.5,1.0,1.0,1.0
6,710,25000,0.3093438148498535,0.3994493782520294,9.99999905104687e-09,1.0,9.99999905104687e-09,2.117664917022921e-05,0.0002384068793617189,0.0015304253902286291,0.007604006212204695,0.03457864001393318,0.17578837275505066,0.5,1.0,1.0,1.0
6,720,25000,0.3093506097793579,0.39943036437034607,9.99999905104687e-09,1.0,9.99999905104687e-09,2.136437251465395e-05,0.00023726139625068754,0.0015422774013131857,0.007760860025882721,0.03500960022211075,0.17480048537254333,0.5,1.0,1.0,1.0
6,730,25000,0.3093404173851013,0.399457722902298,9.99999905104687e-09,1.0,9.99999905104687e-09,2.1382071281550452e-05,0.0002343628293601796,0.0015292806783691049,0.007647331338375807,0.03456757217645645,0.1758297234773636,0.5,1.0,1.0,1.0
6,740,25000,0.30925920605659485,0.3994520604610443,9.99999905104687e-09,1.0,9.99999905104687e-09,2.1489491700776853e-05,0.0002382683742325753,0.0015414509689435363,0.007632085587829351,0.03441020846366882,0.1765376627445221,0.5,1.0,1.0,1.0
6,750,25000,0.30918318033218384,0.39939460158348083,9.99999905104687e-09,1.0,9.99999905104687e-09,2.1411693523987196e-05,0.00023533790954388678,0.001498282770626247,0.007733431179076433,0.03452908992767334,0.1756717711687088,0.5,1.0,1.0,1.0
6,760,25000,0.3093227446079254,0.3994174897670746,9.99999905104687e-09,1.0,9.99999905104687e-09,2.1788320736959577e-05,0.00023290621174965054,0.0015475659165531397,0.007715077139437199,0.03493809700012207,0.17476995289325714,0.5,1.0,1.0,1.0
6,770,25000,0.309359073638916,0.3993817865848541,9.99999905104687e-09,1.0,9.99999905104687e-09,2.131477594957687e-05,0.00023537175729870796,0.0015378684038296342,0.007722934707999229,0.03468232601881027,0.1770172119140625,0.5,1.0,1.0,1.0
6,780,25000,0.3092343509197235,0.39937737584114075,9.99999905104687e-09,1.0,9.99999905104687e-09,2.1763737095170654e-05,0.00023827841505408287,0.0015374780632555485,0.007661828305572271,0.03469027578830719,0.1765044927597046,0.5,1.0,1.0,1.0
6,790,25000,0.3092394471168518,0.3994021415710449,9.99999905104687e-09,1.0,9.99999905104687e-09,2.162850068998523e-05,0.0002376583288423717,0.001541245961561799,0.007684413343667984,0.034680433571338654,0.17550835013389587,0.5,1.0,1.0,1.0
6,800,25000,0.3091636300086975,0.3994098901748657,9.99999905104687e-09,1.0,9.99999905104687e-09,2.155307083739899e-05,0.00023472234897781163,0.001531062414869666,0.007719115354120731,0.03471604734659195,0.17519959807395935,0.5,1.0,1.0,1.0
6,810,25000,0.3092394769191742,0.39935776591300964,9.99999905104687e-09,1.0,9.99999905104687e-09,2.1545643903664313e-05,0.00023482012329623103,0.0015241168439388275,0.007720346096903086,0.03454567492008209,0.1753590703010559,0.5,1.0,1.0,1.0
6,820,25000,0.30928871035575867,0.3993310034275055,9.99999905104687e-09,1.0,9.99999905104687e-09,2.125196078850422e-05,0.0002397574862698093,0.0015457430854439735,0.007735282648354769,0.03509524464607239,0.17587730288505554,0.5,1.0,1.0,1.0
6,830,25000,0.3093319237232208,0.3993931710720062,9.99999905104687e-09,1.0,9.99999905104687e-09,2.1723268218920566e-05,0.00023683924518991262,0.0015357749070972204,0.007664671633392572,0.03483681008219719,0.17716838419437408,0.5,1.0,1.0,1.0
6,840,25000,0.30934080481529236,0.3993964195251465,9.99999905104687e-09,1.0,9.99999905104687e-09,2.1484784156200476e-05,0.0002375038166064769,0.0015312961768358946,0.007713778410106897,0.035150863230228424,0.17580753564834595,0.5,1.0,1.0,1.0
6,850,25000,0.30934226512908936,0.39937958121299744,9.99999905104687e-09,1.0,9.99999905104687e-09,2.1536605345318094e-05,0.00023581646382808685,0.0015028922352939844,0.007662823889404535,0.035142816603183746,0.17639635503292084,0.5,1.0,1.0,1.0
6,860,25000,0.30937883257865906,0.3993304371833801,9.99999905104687e-09,1.0,9.99999905104687e-09,2.1440388081828132e-05,0.00023880733351688832,0.0015488123754039407,0.007679504808038473,0.03512374684214592,0.17712831497192383,0.5,1.0,1.0,1.0
6,870,25000,0.309243381023407,0.3993256092071533,9.99999905104687e-09,1.0,9.99999905104687e-09,2.1440369891934097e-05,0.00023644574685022235,0.0015196255408227444,0.007707297336310148,0.03462060168385506,0.17748573422431946,0.5,1.0,1.0,1.0
6,880,25000,0.309224933385849,0.3994024693965912,9.99999905104687e-09,1.0,9.99999905104687e-09,2.1611183910863474e-05,0.00023595259699504822,0.001518937642686069,0.0076930890791118145,0.03480600565671921,0.17506597936153412,0.5,1.0,1.0,1.0
6,890,25000,0.3093489706516266,0.3993881642818451,9.99999905104687e-09,1.0,9.99999905104687e-09,2.169058279832825e-05,0.00023506522120442241,0.0015393078792840242,0.0076849209144711494,0.03465195372700691,0.17762742936611176,0.5,1.0,1.0,1.0
6,900,25000,0.3092286288738251,0.3993418216705322,9.99999905104687e-09,1.0,9.99999905104687e-09,2.1291198208928108e-05,0.00023811655410099775,0.0015324666164815426,0.007654969114810228,0.03487902134656906,0.17586448788642883,0.5,1.0,1.0,1.0
6,910,25000,0.3092767894268036,0.39937078952789307,9.99999905104687e-09,1.0,9.99999905104687e-09,2.1606976588373072e-05,0.00023692825925536454,0.0015579783357679844,0.007651087827980518,0.03479529172182083,0.17587707936763763,0.5,1.0,1.0,1.0
6,920,25000,0.30916595458984375,0.39936545491218567,9.99999905104687e-09,1.0,9.99999905104687e-09,2.1539288354688324e-05,0.00023375300224870443,0.0015393130015581846,0.0077704875729978085,0.034627120941877365,0.1745876669883728,0.5,1.0,1.0,1.0
6,930,25000,0.30917587876319885,0.39939868450164795,9.99999905104687e-09,1.0,9.99999905104687e-09,2.1517405912163667e-05,0.0002319886552868411,0.001511738053523004,0.0076514724642038345,0.03493409603834152,0.17562362551689148,0.5,1.0,1.0,1.0
6,940,25000,0.30920204520225525,0.3993529975414276,9.99999905104687e-09,1.0,9.99999905104687e-09,2.141341974493116e-05,0.0002383089013164863,0.0015292264288291335,0.007722184993326664,0.03505517542362213,0.1760319620370865,0.5,1.0,1.0,1.0
6,950,25000,0.30911266803741455,0.39935973286628723,9.99999905104687e-09,1.0,9.99999905104687e-09,2.150809086742811e-05,0.0002407445281278342,0.0015040984144434333,0.00773908756673336,0.034471768885850906,0.17415907979011536,0.5,1.0,1.0,1.0
6,960,25000,0.30922964215278625,0.39934805035591125,9.99999905104687e-09,1.0,9.99999905104687e-09,2.145664802810643e-05,0.0002395401825197041,0.0015549928648397326,0.007820851169526577,0.03464324027299881,0.17671340703964233,0.5,1.0,1.0,1.0
6,970,25000,0.30924245715141296,0.39934051036834717,9.99999905104687e-09,1.0,9.99999905104687e-09,2.156966002075933e-05,0.0002349152637179941,0.0015211674617603421,0.007733441889286041,0.03469756618142128,0.17665347456932068,0.5,1.0,1.0,1.0
6,980,25000,0.30911120772361755,0.39935368299484253,9.99999905104687e-09,1.0,9.99999905104687e-09,2.167133425245993e-05,0.00023575435625389218,0.0015352163463830948,0.007721238303929567,0.034484393894672394,0.1747855395078659,0.5,1.0,1.0,1.0
6,990,25000,0.30932050943374634,0.3993239998817444,9.99999905104687e-09,1.0,9.99999905104687e-09,2.162795135518536e-05,0.00023562407295685261,0.0015151723055168986,0.00766755361109972,0.03496408462524414,0.17573116719722748,0.5,1.0,1.0,1.0
6,1000,25000,0.3093387186527252,0.39937466382980347,9.99999905104687e-09,1.0,9.99999905104687e-09,2.180133196816314e-05,0.00023753590357955545,0.0015289782313629985,0.0076479073613882065,0.034646257758140564,0.17640551924705505,0.5,1.0,1.0,1.0
6,1010,25000,0.30931517481803894,0.39931732416152954,9.99999905104687e-09,1.0,9.99999905104687e-09,2.1671594367944635e-05,0.0002369151043239981,0.0015406572492793202,0.007711924612522125,0.03480882942676544,0.1770358383655548,0.5,1.0,1.0,1.0
6,1020,25000,0.3093602955341339,0.39943090081214905,9.99999905104687e-09,1.0,9.99999905104687e-09,2.1321247913874686e-05,0.00023639271967113018,0.0015322088729590178,0.0077033983543515205,0.03459654375910759,0.1769435554742813,0.5,1.0,1.0,1.0
6,1030,25000,0.30931326746940613,0.3994022607803345,9.99999905104687e-09,1.0,9.99999905104687e-09,2.1856649254914373e-05,0.00023665367916692048,0.0015280682127922773,0.0076428125612437725,0.03492122143507004,0.17590725421905518,0.5,1.0,1.0,1.0
6,1040,25000,0.3093053698539734,0.39933377504348755,9.99999905104687e-09,1.0,9.99999905104687e-09,2.158830830012448e-05,0.00023609826166648418,0.0015257599297910929,0.007749013602733612,0.03487236797809601,0.17691129446029663,0.5,1.0,1.0,1.0
6,1050,25000,0.30935055017471313,0.3993180990219116,9.99999905104687e-09,1.0,9.99999905104687e-09,2.1623231077683158e-05,0.00023585195594932884,0.0015364388236775994,0.007675513159483671,0.03490214794874191,0.17606176435947418,0.5,1.0,1.0,1.0
6,1060,25000,0.30921071767807007,0.3993591368198395,9.99999905104687e-09,1.0,9.99999905104687e-09,2.1245288735372014e-05,0.00023978126409929246,0.0015448607737198472,0.007652401924133301,0.03449659049510956,0.17629289627075195,0.5,1.0,1.0,1.0
6,1070,25000,0.3092342019081116,0.39934495091438293,9.99999905104687e-09,1.0,9.99999905104687e-09,2.154290268663317e-05,0.00023450223670806736,0.001540900906547904,0.007695445325225592,0.034694455564022064,0.17569899559020996,0.5,1.0,1.0,1.0
6,1080,25000,0.30928751826286316,0.39936888217926025,9.99999905104687e-09,1.0,9.99999905104687e-09,2.1325509806047194e-05,0.0002315575984539464,0.0015450016362592578,0.007691551931202412,0.0346025712788105,0.1759941726922989,0.5,1.0,1.0,1.0
6,1090,25000,0.30926287174224854,0.39939555525779724,9.99999905104687e-09,1.0,9.99999905104687e-09,2.1711590306949802e-05,0.00023789356055203825,0.0015260394429787993,0.007715675514191389,0.03487221151590347,0.17421302199363708,0.5,1.0,1.0,1.0
6,1100,25000,0.3094639778137207,0.39944130182266235,9.99999905104687e-09,1.0,9.99999905104687e-09,2.1459072740981355e-05,0.00023650603543501347,0.0015333564952015877,0.007759469095617533,0.03477101773023605,0.17690220475196838,0.5,1.0,1.0,1.0
6,1110,25000,0.30928072333335876,0.3994421660900116,9.99999905104687e-09,1.0,9.99999905104687e-09,2.1521529561141506e-05,0.00023520401737187058,0.001505239401012659,0.007647390943020582,0.03478458523750305,0.17558160424232483,0.5,1.0,1.0,1.0
6,1120,25000,0.309221476316452,0.3994162380695343,9.99999905104687e-09,1.0,9.99999905104687e-09,2.1222913346718997e-05,0.00023702645557932556,0.0015204432420432568,0.00762476772069931,0.03501792997121811,0.17542175948619843,0.5,1.0,1.0,1.0
6,1130,25000,0.30937761068344116,0.39942145347595215,9.99999905104687e-09,1.0,9.99999905104687e-09,2.1805639335070737e-05,0.00023672779207117856,0.001529721193946898,0.007610938046127558,0.03480582311749458,0.1768387109041214,0.5,1.0,1.0,1.0
6,1140,25000,0.30931347608566284,0.3993735909461975,9.99999905104687e-09,1.0,9.99999905104687e-09,2.161383963539265e-05,0.000233829632634297,0.0015498450957238674,0.007699956186115742,0.03514087200164795,0.17609962821006775,0.5,1.0,1.0,1.0
6,1150,25000,0.3091857433319092,0.39936062693595886,9.99999905104687e-09,1.0,9.99999905104687e-09,2.139973184966948e-05,0.0002401810052106157,0.0015332384500652552,0.007721106521785259,0.034728676080703735,0.17511257529258728,0.5,1.0,1.0,1.0
6,1160,25000,0.30929863452911377,0.39935681223869324,9.99999905104687e-09,1.0,9.99999905104687e-09,2.1741003365605138e-05,0.0002378948120167479,0.0015319258673116565,0.007708124816417694,0.0343240350484848,0.17811621725559235,0.5,1.0,1.0,1.0
6,1170,25000,0.30933886766433716,0.399442583322525,9.99999905104687e-09,1.0,9.99999905104687e-09,2.1722888050135225e-05,0.00023606620379723608,0.0015224802773445845,0.007674692198634148,0.03458445146679878,0.17641562223434448,0.5,1.0,1.0,1.0
6,1180,25000,0.30930811166763306,0.39943838119506836,9.99999905104687e-09,1.0,9.99999905104687e-09,2.138167474186048e-05,0.00023126097221393138,0.0015208199620246887,0.007694662548601627,0.034661345183849335,0.17631900310516357,0.5,1.0,1.0,1.0
6,1190,25000,0.30931398272514343,0.39942917227745056,9.99999905104687e-09,1.0,9.99999905104687e-09,2.174892506445758e-05,0.0002350777795072645,0.001547779655084014,0.007641071919351816,0.03454378619790077,0.17581236362457275,0.5,1.0,1.0,1.0
6,1200,25000,0.3094217777252197,0.3993954360485077,9.99999905104687e-09,1.0,9.99999905104687e-09,2.107541513396427e-05,0.00023145666636992246,0.0015259054489433765,0.007783437147736549,0.0348653681576252,0.17785631120204926,0.5,1.0,1.0,1.0
6,1210,25000,0.3093276619911194,0.3994012176990509,9.99999905104687e-09,1.0,9.99999905104687e-09,2.15702093555592e-05,0.0002340606733923778,0.0015143711352720857,0.0076345172710716724,0.03467095270752907,0.17571233212947845,0.5,1.0,1.0,1.0
6,1220,25000,0.30930599570274353,0.39940595626831055,9.99999905104687e-09,1.0,9.99999905104687e-09,2.1730402295361273e-05,0.00023966097796801478,0.001524877268821001,0.007634382229298353,0.03448927029967308,0.17633512616157532,0.5,1.0,1.0,1.0
6,1230,25000,0.30935296416282654,0.39939606189727783,9.99999905104687e-09,1.0,9.99999905104687e-09,2.1787651348859072e-05,0.00023581164714414626,0.0015417030081152916,0.007659631781280041,0.03511001914739609,0.17568831145763397,0.5,1.0,1.0,1.0
6,1240,25000,0.30921608209609985,0.39939194917678833,9.99999905104687e-09,1.0,9.99999905104687e-09,2.156108894268982e-05,0.00023241047165356576,0.0015360463876277208,0.0076305801048874855,0.03472383692860603,0.1745670735836029,0.5,1.0,1.0,1.0
6,1250,25000,0.30932313203811646,0.39934542775154114,9.99999905104687e-09,1.0,9.99999905104687e-09,2.1433363144751638e-05,0.00023808486002963036,0.0015304817352443933,0.007698989938944578,0.034848570823669434,0.17670491337776184,0.5,1.0,1.0,1.0
6,1260,25000,0.30915793776512146,0.3993225395679474,9.99999905104687e-09,1.0,9.99999905104687e-09,2.146902261301875e-05,0.00023564937873743474,0.0015396687667816877,0.007748972158879042,0.0347704142332077,0.1755584478378296,0.5,1.0,1.0,1.0
6,1270,25000,0.3090921938419342,0.39936941862106323,9.99999905104687e-09,1.0,9.99999905104687e-09,2.1362477127695456e-05,0.0002389054570812732,0.0015541469911113381,0.007714139763265848,0.03455231711268425,0.17414140701293945,0.5,1.0,1.0,1.0
6,1280,25000,0.3092734217643738,0.39933088421821594,9.99999905104687e-09,1.0,9.99999905104687e-09,2.138334821211174e-05,0.00023630823125131428,0.0015283750835806131,0.007654121611267328,0.0346691757440567,0.17582307755947113,0.5,1.0,1.0,1.0
6,1290,25000,0.30922701954841614,0.399405837059021,9.99999905104687e-09,1.0,9.99999905104687e-09,2.1719128199038096e-05,0.00023519345268141478,0.0015331346075981855,0.007661792449653149,0.03433077037334442,0.17605817317962646,0.5,1.0,1.0,1.0
6,1300,25000,0.30935391783714294,0.39936596155166626,9.99999905104687e-09,1.0,9.99999905104687e-09,2.183143988077063e-05,0.00023804375086911023,0.0015216979663819075,0.00772439269348979,0.034838996827602386,0.17720742523670197,0.5,1.0,1.0,1.0
6,1310,25000,0.309335321187973,0.3993835151195526,9.99999905104687e-09,1.0,9.99999905104687e-09,2.1281117369653657e-05,0.00023683503968641162,0.0015240818029269576,0.007698236498981714,0.03496820852160454,0.17551280558109283,0.5,1.0,1.0,1.0
6,1320,25000,0.3092396855354309,0.39939045906066895,9.99999905104687e-09,1.0,9.99999905104687e-09,2.1839068722329102e-05,0.0002354341559112072,0.0015196942258626223,0.007725927513092756,0.034671541303396225,0.17518535256385803,0.5,1.0,1.0,1.0
6,1330,25000,0.3093356192111969,0.3994128108024597,9.99999905104687e-09,1.0,9.99999905104687e-09,2.167263846786227e-05,0.00023741400218568742,0.0015414913650602102,0.007656889967620373,0.034836284816265106,0.1754264086484909,0.5,1.0,1.0,1.0
6,1340,25000,0.3092784285545349,0.39936646819114685,9.99999905104687e-09,1.0,9.99999905104687e-09,2.1443011064548045e-05,0.00024244347878266126,0.001538949552923441,0.007726812269538641,0.03459933400154114,0.17682267725467682,0.5,1.0,1.0,1.0
6,1350,25000,0.3092155456542969,0.399372398853302,9.99999905104687e-09,1.0,9.99999905104687e-09,2.1295325495884754e-05,0.0002388687280472368,0.001509857946075499,0.0077118282206356525,0.034387312829494476,0.1762871891260147,0.5,1.0,1.0,1.0
6,1360,25000,0.3092302680015564,0.3993876874446869,9.99999905104687e-09,1.0,9.99999905104687e-09,2.153318200726062e-05,0.00023754543508403003,0.00153740297537297,0.00772377522662282,0.034622784703969955,0.1744747906923294,0.5,1.0,1.0,1.0
6,1370,25000,0.3093189001083374,0.3993518054485321,9.99999905104687e-09,1.0,9.99999905104687e-09,2.195785054937005e-05,0.00023585010785609484,0.0015353987691923976,0.007685414049774408,0.03513159602880478,0.17643912136554718,0.5,1.0,1.0,1.0
6,1380,25000,0.30917567014694214,0.39937326312065125,9.99999905104687e-09,1.0,9.99999905104687e-09,2.130814391421154e-05,0.00023730122484266758,0.0015265854308381677,0.007650463376194239,0.0348057895898819,0.17423675954341888,0.5,1.0,1.0,1.0
6,1390,25000,0.3093794584274292,0.3993600606918335,9.99999905104687e-09,1.0,9.99999905104687e-09,2.1437064788187854e-05,0.00023052636242937297,0.001515478827059269,0.00772272190079093,0.03504251316189766,0.17646661400794983,0.5,1.0,1.0,1.0
6,1400,25000,0.3093359172344208,0.3993523120880127,9.99999905104687e-09,1.0,9.99999905104687e-09,2.136304829036817e-05,0.00023505807621404529,0.0015418800758197904,0.007716247346252203,0.03476715087890625,0.1763603538274765,0.5,1.0,1.0,1.0
6,1410,25000,0.30924221873283386,0.39939507842063904,9.99999905104687e-09,1.0,9.99999905104687e-09,2.139347452612128e-05,0.00023657403653487563,0.0015344505663961172,0.007728802040219307,0.034939318895339966,0.1753070056438446,0.5,1.0,1.0,1.0
6,1420,25000,0.30918756127357483,0.39938464760780334,9.99999905104687e-09,1.0,9.99999905104687e-09,2.1602134438580833e-05,0.00023741032055113465,0.001532102469354868,0.0076989526860415936,0.03468479588627815,0.17655609548091888,0.5,1.0,1.0,1.0
6,1430,25000,0.30921587347984314,0.3993930518627167,9.99999905104687e-09,1.0,9.99999905104687e-09,2.1432695575640537e-05,0.00023922760738059878,0.0015624163206666708,0.007617110386490822,0.034352052956819534,0.17567579448223114,0.5,1.0,1.0,1.0
6,1440,25000,0.3092234432697296,0.3993757963180542,9.99999905104687e-09,1.0,9.99999905104687e-09,2.1763407858088613e-05,0.00023635471006855369,0.0015426196623593569,0.007658936083316803,0.03462356701493263,0.1754932850599289,0.5,1.0,1.0,1.0
6,1450,25000,0.3091895282268524,0.39943239092826843,9.99999905104687e-09,1.0,9.99999905104687e-09,2.128726373484824e-05,0.0002364883985137567,0.0015312302857637405,0.007639842573553324,0.03469889238476753,0.17521904408931732,0.5,1.0,1.0,1.0
6,1460,25000,0.30933186411857605,0.399354487657547,9.99999905104687e-09,1.0,9.99999905104687e-09,2.1763189579360187e-05,0.00023712380789220333,0.0015217652544379234,0.0076707154512405396,0.03450489789247513,0.17672249674797058,0.5,1.0,1.0,1.0
6,1470,25000,0.30921754240989685,0.39938145875930786,9.99999905104687e-09,1.0,9.99999905104687e-09,2.162185228371527e-05,0.0002375952753936872,0.001546804909594357,0.007650203537195921,0.03467750921845436,0.1743914633989334,0.5,1.0,1.0,1.0
6,1480,25000,0.30925115942955017,0.39934399724006653,9.99999905104687e-09,1.0,9.99999905104687e-09,2.146624137822073e-05,0.0002367712586419657,0.0015141578624024987,0.0076521653681993484,0.0350152924656868,0.17551837861537933,0.5,1.0,1.0,1.0
6,1490,25000,0.3092026710510254,0.39934074878692627,9.99999905104687e-09,1.0,9.99999905104687e-09,2.1865012968191877e-05,0.00023855165636632591,0.001535199349746108,0.00774627598002553,0.034784894436597824,0.17499512434005737,0.5,1.0,1.0,1.0
6,1500,25000,0.30931779742240906,0.399324893951416,9.99999905104687e-09,1.0,9.99999905104687e-09,2.158071038138587e-05,0.00023537405650131404,0.001523149898275733,0.007643864024430513,0.03483820706605911,0.17708691954612732,0.5,1.0,1.0,1.0
6,1510,25000,0.30924078822135925,0.39935803413391113,9.99999905104687e-09,1.0,9.99999905104687e-09,2.1843867216375656e-05,0.0002360702637815848,0.001532596885226667,0.007724164053797722,0.03500542417168617,0.17535404860973358,0.5,1.0,1.0,1.0
6,1520,25000,0.30926212668418884,0.3993392288684845,9.99999905104687e-09,1.0,9.99999905104687e-09,2.1558864318649285e-05,0.00023850124853197485,0.0015491793164983392,0.007684932090342045,0.03487524017691612,0.1762496680021286,0.5,1.0,1.0,1.0
6,1530,25000,0.3091541528701782,0.3993242084980011,9.99999905104687e-09,1.0,9.99999905104687e-09,2.1557229047175497e-05,0.00023627429618500173,0.001532190595753491,0.007629777304828167,0.03486558422446251,0.17654840648174286,0.5,1.0,1.0,1.0
6,1540,25000,0.30934664607048035,0.3993513584136963,9.99999905104687e-09,1.0,9.99999905104687e-09,2.1884899979340844e-05,0.00023582008725497872,0.001534797134809196,0.007643257733434439,0.03475629538297653,0.17695322632789612,0.5,1.0,1.0,1.0
6,1550,25000,0.30923351645469666,0.3994215726852417,9.99999905104687e-09,1.0,9.99999905104687e-09,2.175750705646351e-05,0.00023587468604091555,0.0015298823127523065,0.0076502850279212,0.034750811755657196,0.1756221503019333,0.5,1.0,1.0,1.0
6,1560,25000,0.309345006942749,0.39939025044441223,9.99999905104687e-09,1.0,9.99999905104687e-09,2.1635105440509506e-05,0.00023364425578620285,0.0015173018909990788,0.007764100097119808,0.03483477234840393,0.17643791437149048,0.5,1.0,1.0,1.0
6,1570,25000,0.3092992305755615,0.3994254469871521,9.99999905104687e-09,1.0,9.99999905104687e-09,2.1798337911604904e-05,0.00023895209596958011,0.001527336542494595,0.007712166756391525,0.03467273339629173,0.17728149890899658,0.5,1.0,1.0,1.0
6,1580,25000,0.30931106209754944,0.39938363432884216,9.99999905104687e-09,1.0,9.99999905104687e-09,2.1587324226857163e-05,0.00023591332137584686,0.0015355402138084173,0.007657697424292564,0.034687452018260956,0.17601753771305084,0.5,1.0,1.0,1.0
6,1590,25000,0.30923765897750854,0.39932775497436523,9.99999905104687e-09,1.0,9.99999905104687e-09,2.173712164221797e-05,0.00023947501904331148,0.0015323490370064974,0.007639292161911726,0.03473138064146042,0.17688000202178955,0.5,1.0,1.0,1.0
6,1600,25000,0.30919328331947327,0.3993622660636902,9.99999905104687e-09,1.0,9.99999905104687e-09,2.164120269299019e-05,0.00023806869285181165,0.0015229331329464912,0.007640238385647535,0.03455793112516403,0.17589226365089417,0.5,1.0,1.0,1.0
6,1610,25000,0.30937832593917847,0.39938870072364807,9.99999905104687e-09,1.0,9.99999905104687e-09,2.1029331037425436e-05,0.00023545212752651423,0.0015363467391580343,0.007677751127630472,0.03487926721572876,0.17673546075820923,0.5,1.0,1.0,1.0
6,1620,25000,0.3092248737812042,0.3993932008743286,9.99999905104687e-09,1.0,9.99999905104687e-09,2.1278860003803857e-05,0.00023611819779034704,0.001532600261271,0.007706030737608671,0.034854426980018616,0.17548981308937073,0.5,1.0,1.0,1.0
6,1630,25000,0.3093293011188507,0.3993575870990753,9.99999905104687e-09,1.0,9.99999905104687e-09,2.1334648408810608e-05,0.00023691811657045037,0.0015338400844484568,0.007670088205486536,0.0352296382188797,0.17673447728157043,0.5,1.0,1.0,1.0
6,1640,25000,0.3092295527458191,0.3994097411632538,9.99999905104687e-09,1.0,9.99999905104687e-09,2.131204746547155e-05,0.0002372981107328087,0.0015494456747546792,0.007762194145470858,0.03483274579048157,0.1743706315755844,0.5,1.0,1.0,1.0
6,1650,25000,0.30933624505996704,0.399361789226532,9.99999905104687e-09,1.0,9.99999905104687e-09,2.1889549316256307e-05,0.00023317502927966416,0.0015304732369259,0.007741376757621765,0.03483453392982483,0.1760500818490982,0.5,1.0,1.0,1.0
6,1660,25000,0.3093357980251312,0.39939144253730774,9.99999905104687e-09,1.0,9.99999905104687e-09,2.1510481019504368e-05,0.00023624881578143686,0.0015413539949804544,0.007654950954020023,0.034630950540304184,0.17654962837696075,0.5,1.0,1.0,1.0
6,1670,25000,0.3093547523021698,0.39943191409111023,9.99999905104687e-09,1.0,9.99999905104687e-09,2.2194630219019018e-05,0.0002362392988288775,0.0015237800544127822,0.007767411880195141,0.03470509499311447,0.17655490338802338,0.5,1.0,1.0,1.0
6,1680,25000,0.3091396987438202,0.3993946313858032,9.99999905104687e-09,1.0,9.99999905104687e-09,2.1554576960625127e-05,0.00023672686074860394,0.00151080172508955,0.007614733651280403,0.03461645543575287,0.17421387135982513,0.5,1.0,1.0,1.0
6,1690,25000,0.30940473079681396,0.39938241243362427,9.99999905104687e-09,1.0,9.99999905104687e-09,2.1953870600555092e-05,0.00023843836970627308,0.0015566138317808509,0.007654275745153427,0.03465528041124344,0.17735734581947327,0.5,1.0,1.0,1.0
6,1700,25000,0.3092775046825409,0.39947810769081116,9.99999905104687e-09,1.0,9.99999905104687e-09,2.154647881980054e-05,0.00023803264775779098,0.0015554433921352029,0.007666721940040588,0.03482339531183243,0.17492234706878662,0.5,1.0,1.0,1.0
6,1710,25000,0.30934104323387146,0.39939364790916443,9.99999905104687e-09,1.0,9.99999905104687e-09,2.172629683627747e-05,0.00023674394469708204,0.0015092953108251095,0.007755655329674482,0.03449735790491104,0.1773059368133545,0.5,1.0,1.0,1.0
6,1720,25000,0.30919191241264343,0.3994221091270447,9.99999905104687e-09,1.0,9.99999905104687e-09,2.18720015254803e-05,0.00023805962700862437,0.0015330497408285737,0.007680978626012802,0.034488581120967865,0.17494595050811768,0.5,1.0,1.0,1.0
6,1730,25000,0.309188574552536,0.3993885815143585,9.99999905104687e-09,1.0,9.99999905104687e-09,2.1577625375357457e-05,0.0002362445811741054,0.0015245118411257863,0.007708556018769741,0.03483737260103226,0.17420631647109985,0.5,1.0,1.0,1.0
6,1740,25000,0.3091956675052643,0.3993537724018097,9.99999905104687e-09,1.0,9.99999905104687e-09,2.1266143448883668e-05,0.00023772148415446281,0.0015378270763903856,0.007742367219179869,0.03480656445026398,0.17585837841033936,0.5,1.0,1.0,1.0
6,1750,25000,0.3092864155769348,0.39929065108299255,9.99999905104687e-09,1.0,9.99999905104687e-09,2.1518317225854844e-05,0.0002322986110812053,0.0015300764935091138,0.00766098964959383,0.03490907698869705,0.17618851363658905,0.5,1.0,1.0,1.0
6,1760,25000,0.3093176782131195,0.399332731962204,9.99999905104687e-09,1.0,9.99999905104687e-09,2.128961386915762e-05,0.0002376447810092941,0.001511835609562695,0.007645434699952602,0.034898363053798676,0.17581258714199066,0.5,1.0,1.0,1.0
6,1770,25000,0.30938956141471863,0.3993101418018341,9.99999905104687e-09,1.0,9.99999905104687e-09,2.13172024814412e-05,0.00023414939641952515,0.001527463085949421,0.007748577278107405,0.034975528717041016,0.17822745442390442,0.5,1.0,1.0,1.0
6,1780,25000,0.3093726634979248,0.3993721306324005,9.99999905104687e-09,1.0,9.99999905104687e-09,2.1350189854274504e-05,0.00023351535492110997,0.0015416061505675316,0.007717548869550228,0.03470279648900032,0.17623040080070496,0.5,1.0,1.0,1.0
6,1790,25000,0.3092028796672821,0.39938870072364807,9.99999905104687e-09,1.0,9.99999905104687e-09,2.1395711883087642e-05,0.0002374462637817487,0.0015493951505050063,0.007658001501113176,0.03474689647555351,0.17585501074790955,0.5,1.0,1.0,1.0
6,1800,25000,0.3092906177043915,0.3994193971157074,9.99999905104687e-09,1.0,9.99999905104687e-09,2.167592174373567e-05,0.00023327347298618406,0.001517547876574099,0.007603839039802551,0.03456079959869385,0.17688892781734467,0.5,1.0,1.0,1.0
6,1810,25000,0.30926984548568726,0.3994123041629791,9.99999905104687e-09,1.0,9.99999905104687e-09,2.1241756257950328e-05,0.00023434762260876596,0.0015064843464642763,0.007674232590943575,0.03475292772054672,0.17570586502552032,0.5,1.0,1.0,1.0
6,1820,25000,0.30941829085350037,0.3994404375553131,9.99999905104687e-09,1.0,9.99999905104687e-09,2.1401890990091488e-05,0.00023685085761826485,0.0015301797538995743,0.0076714688912034035,0.034879960119724274,0.17651507258415222,0.5,1.0,1.0,1.0
6,1830,25000,0.3093274235725403,0.3993886113166809,9.99999905104687e-09,1.0,9.99999905104687e-09,2.1453597582876682e-05,0.000242241847445257,0.001522461767308414,0.007686231285333633,0.035103462636470795,0.17608866095542908,0.5,1.0,1.0,1.0
6,1840,25000,0.3094062805175781,0.3993830680847168,9.99999905104687e-09,1.0,9.99999905104687e-09,2.1739966541645117e-05,0.00024019322881940752,0.001540903584100306,0.00768027501180768,0.03530118614435196,0.17598839104175568,0.5,1.0,1.0,1.0
6,1850,25000,0.30922722816467285,0.3994061052799225,9.99999905104687e-09,1.0,9.99999905104687e-09,2.13680395972915e-05,0.00023462544777430594,0.0015289169969037175,0.007737619336694479,0.03453540429472923,0.1758764237165451,0.5,1.0,1.0,1.0
6,1860,25000,0.30926239490509033,0.3994230628013611,9.99999905104687e-09,1.0,9.99999905104687e-09,2.1457199181895703e-05,0.00023741560289636254,0.0015335120260715485,0.007676783949136734,0.03487442433834076,0.17460544407367706,0.5,1.0,1.0,1.0
6,1870,25000,0.30928438901901245,0.39941519498825073,9.99999905104687e-09,1.0,9.99999905104687e-09,2.1290057702572085e-05,0.00023518224770668894,0.0015302845276892185,0.007756981998682022,0.03488084673881531,0.1745007038116455,0.5,1.0,1.0,1.0
6,1880,25000,0.30937978625297546,0.3993997573852539,9.99999905104687e-09,1.0,9.99999905104687e-09,2.1332687538233586e-05,0.00023864206741563976,0.0015347462613135576,0.0076265339739620686,0.03477935120463371,0.17700454592704773,0.5,1.0,1.0,1.0
6,1890,25000,0.30940139293670654,0.3994203507900238,9.99999905104687e-09,1.0,9.99999905104687e-09,2.1414931325125508e-05,0.00024133353144861758,0.0015507825883105397,0.007730155251920223,0.034887999296188354,0.1768944412469864,0.5,1.0,1.0,1.0
6,1900,25000,0.309317022562027,0.3994289040565491,9.99999905104687e-09,1.0,9.99999905104687e-09,2.1514711988857016e-05,0.00023616274120286107,0.0015278344508260489,0.007712023798376322,0.03429296612739563,0.1760372817516327,0.5,1.0,1.0,1.0
6,1910,25000,0.3093334138393402,0.39938634634017944,9.99999905104687e-09,1.0,9.99999905104687e-09,2.1771315005025826e-05,0.00023907367722131312,0.0015466405311599374,0.0077418615110218525,0.03513762354850769,0.1759977489709854,0.5,1.0,1.0,1.0
6,1920,25000,0.30937659740448,0.39937734603881836,9.99999905104687e-09,1.0,9.99999905104687e-09,2.1688891138182953e-05,0.00023464990954380482,0.00153139210306108,0.007637451868504286,0.03482960909605026,0.1769859343767166,0.5,1.0,1.0,1.0
6,1930,25000,0.3093411326408386,0.39942359924316406,9.99999905104687e-09,1.0,9.99999905104687e-09,2.1228823243291117e-05,0.00023641872394364327,0.0015352906193584204,0.007738055195659399,0.03494270518422127,0.17622493207454681,0.5,1.0,1.0,1.0
6,1940,25000,0.30928999185562134,0.3994106650352478,9.99999905104687e-09,1.0,9.99999905104687e-09,2.1467225451488048e-05,0.00023554795188829303,0.0015201416099444032,0.007687348406761885,0.034643203020095825,0.17628154158592224,0.5,1.0,1.0,1.0
6,1950,25000,0.30939581990242004,0.3993872404098511,9.99999905104687e-09,1.0,9.99999905104687e-09,2.1876901882933453e-05,0.0002360250218771398,0.0015162740601226687,0.007764951791614294,0.03493820130825043,0.17742523550987244,0.5,1.0,1.0,1.0
6,1960,25000,0.3093840181827545,0.3994152545928955,9.99999905104687e-09,1.0,9.99999905104687e-09,2.1493682652362622e-05,0.00023630632495041937,0.0015458171255886555,0.007674317341297865,0.03464951366186142,0.17616398632526398,0.5,1.0,1.0,1.0
6,1970,25000,0.30939099192619324,0.399393230676651,9.99999905104687e-09,1.0,9.99999905104687e-09,2.1696454496122897e-05,0.00023506511934101582,0.001529825502075255,0.007739152759313583,0.035171352326869965,0.17691415548324585,0.5,1.0,1.0,1.0
6,1980,25000,0.3092973828315735,0.3993856906890869,9.99999905104687e-09,1.0,9.99999905104687e-09,2.132008557964582e-05,0.00023462333774659783,0.0015167273813858628,0.007751865778118372,0.034798312932252884,0.17687319219112396,0.5,1.0,1.0,1.0
6,1990,25000,0.30922290682792664,0.3994341790676117,9.99999905104687e-09,1.0,9.99999905104687e-09,2.1800600734422915e-05,0.00023772576241753995,0.001532273250631988,0.007629073690623045,0.034423310309648514,0.17549265921115875,0.5,1.0,1.0,1.0
6,2000,25000,0.3093179762363434,0.3994080126285553,9.99999905104687e-09,1.0,9.99999905104687e-09,2.1904977984377183e-05,0.00023437470372300595,0.0015478854766115546,0.007738296873867512,0.03460598737001419,0.1771659255027771,0.5,1.0,1.0,1.0
6,2010,25000,0.309230238199234,0.3994033932685852,9.99999905104687e-09,1.0,9.99999905104687e-09,2.1402976926765405e-05,0.00023212528321892023,0.001531455316580832,0.007714901585131884,0.03456319868564606,0.17582549154758453,0.5,1.0,1.0,1.0
6,2020,25000,0.3092457354068756,0.39939308166503906,9.99999905104687e-09,1.0,9.99999905104687e-09,2.1766902136732824e-05,0.0002351768926018849,0.0015369618777185678,0.007729923818260431,0.03454314544796944,0.17573101818561554,0.5,1.0,1.0,1.0
6,2030,25000,0.3093062937259674,0.3993556797504425,9.99999905104687e-09,1.0,9.99999905104687e-09,2.165135992981959e-05,0.00023711533867754042,0.0015357682714238763,0.007660199422389269,0.03478119894862175,0.1775210201740265,0.5,1.0,1.0,1.0
6,2040,25000,0.30927926301956177,0.3994104266166687,9.99999905104687e-09,1.0,9.99999905104687e-09,2.1182355339988135e-05,0.00023799383779987693,0.0015408744802698493,0.007756507024168968,0.03486447408795357,0.1751849204301834,0.5,1.0,1.0,1.0
6,2050,25000,0.3093578517436981,0.39938071370124817,9.99999905104687e-09,1.0,9.99999905104687e-09,2.179040529881604e-05,0.00024001047131605446,0.0015354397473856807,0.007706464733928442,0.03463026508688927,0.1772805154323578,0.5,1.0,1.0,1.0
6,2060,25000,0.30923372507095337,0.3993234634399414,9.99999905104687e-09,1.0,9.99999905104687e-09,2.181082163588144e-05,0.00023439445067197084,0.0015327567234635353,0.0076969824731349945,0.0347098782658577,0.17685264348983765,0.5,1.0,1.0,1.0
6,2070,25000,0.3092856705188751,0.39936646819114685,9.99999905104687e-09,1.0,9.99999905104687e-09,2.1376123186200857e-05,0.000236851439694874,0.0015482937451452017,0.0077115693129599094,0.03477536141872406,0.1767079085111618,0.5,1.0,1.0,1.0
6,2080,25000,0.3092930018901825,0.39943647384643555,9.99999905104687e-09,1.0,9.99999905104687e-09,2.137775663868524e-05,0.0002363792445976287,0.0015300156082957983,0.0076644099317491055,0.034813567996025085,0.17589698731899261,0.5,1.0,1.0,1.0
6,2090,25000,0.3092837929725647,0.39942964911460876,9.99999905104687e-09,1.0,9.99999905104687e-09,2.144428071915172e-05,0.000233716971706599,0.001516364049166441,0.007754419930279255,0.03441415727138519,0.17681245505809784,0.5,1.0,1.0,1.0
6,2100,25000,0.30949610471725464,0.3994111716747284,9.99999905104687e-09,1.0,9.99999905104687e-09,2.120801218552515e-05,0.00023629375209566206,0.0015209533739835024,0.007732651196420193,0.03491535782814026,0.17702548205852509,0.5,1.0,1.0,1.0
6,2110,25000,0.30926254391670227,0.3994688093662262,9.99999905104687e-09,1.0,9.99999905104687e-09,2.137349292752333e-05,0.00023926679568830878,0.001538631971925497,0.007709389552474022,0.03449404984712601,0.1762882024049759,0.5,1.0,1.0,1.0
6,2120,25000,0.3093940317630768,0.3993644118309021,9.99999905104687e-09,1.0,9.99999905104687e-09,2.1494801330845803e-05,0.00023224091273732483,0.0015306307468563318,0.007754079066216946,0.03495470806956291,0.17729072272777557,0.5,1.0,1.0,1.0
6,2130,25000,0.30931395292282104,0.3994227349758148,9.99999905104687e-09,1.0,9.99999905104687e-09,2.1577476218226366e-05,0.00023615061945747584,0.001522156409919262,0.0077307517640292645,0.0344875305891037,0.1761322319507599,0.5,1.0,1.0,1.0
6,2140,25000,0.30933329463005066,0.39937129616737366,9.99999905104687e-09,1.0,9.99999905104687e-09,2.155565562134143e-05,0.00023144399165175855,0.0015313273761421442,0.007663297932595015,0.03503640368580818,0.1769443303346634,0.5,1.0,1.0,1.0
6,2150,25000,0.3093673288822174,0.39934995770454407,9.99999905104687e-09,1.0,9.99999905104687e-09,2.1321659005479887e-05,0.00023475066700484604,0.0015292197931557894,0.007716501131653786,0.035210639238357544,0.17642179131507874,0.5,1.0,1.0,1.0
6,2160,25000,0.3092837631702423,0.39936962723731995,9.99999905104687e-09,1.0,9.99999905104687e-09,2.1249665223876946e-05,0.00023994996445253491,0.0015224638627842069,0.007678427267819643,0.034829698503017426,0.17572453618049622,0.5,1.0,1.0,1.0
6,2170,25000,0.30929380655288696,0.3993532955646515,9.99999905104687e-09,1.0,9.99999905104687e-09,2.181563468184322e-05,0.00023748092644382268,0.0015369034372270107,0.007711805868893862,0.03502126783132553,0.17695200443267822,0.5,1.0,1.0,1.0
6,2180,25000,0.30933356285095215,0.3993797302246094,9.99999905104687e-09,1.0,9.99999905104687e-09,2.124005368386861e-05,0.00023395621974486858,0.0015353828202933073,0.0076827434822916985,0.03468826785683632,0.17588505148887634,0.5,1.0,1.0,1.0
6,2190,25000,0.309329628944397,0.3994322419166565,9.99999905104687e-09,1.0,9.99999905104687e-09,2.135055183316581e-05,0.00023646657064091414,0.0015472029335796833,0.007630719803273678,0.0348205491900444,0.17692071199417114,0.5,1.0,1.0,1.0
6,2200,25000,0.30927491188049316,0.39944005012512207,9.99999905104687e-09,1.0,9.99999905104687e-09,2.1152714907657355e-05,0.00023463729303330183,0.0015447551850229502,0.0076542384922504425,0.03473120182752609,0.1751917004585266,0.5,1.0,1.0,1.0
6,2210,25000,0.3094022870063782,0.3994208574295044,9.99999905104687e-09,1.0,9.99999905104687e-09,2.1707914129365236e-05,0.0002376130287302658,0.0015196093590930104,0.007724277209490538,0.035280756652355194,0.17562609910964966,0.5,1.0,1.0,1.0
6,2220,25000,0.3093116283416748,0.3993556499481201,9.99999905104687e-09,1.0,9.99999905104687e-09,2.135262911906466e-05,0.00023640332801733166,0.001526772161014378,0.007752547971904278,0.03505691885948181,0.17639003694057465,0.5,1.0,1.0,1.0
6,2230,25000,0.30934903025627136,0.399323970079422,9.99999905104687e-09,1.0,9.99999905104687e-09,2.1596857550321147e-05,0.0002355552278459072,0.0015320098027586937,0.0077247293666005135,0.03482768312096596,0.17617076635360718,0.5,1.0,1.0,1.0
6,2240,25000,0.30940693616867065,0.3993847072124481,9.99999905104687e-09,1.0,9.99999905104687e-09,2.139982461812906e-05,0.0002372174640186131,0.0015211361460387707,0.007718631532043219,0.03463128209114075,0.17751705646514893,0.5,1.0,1.0,1.0
6,2250,25000,0.30924755334854126,0.39937955141067505,9.99999905104687e-09,1.0,9.99999905104687e-09,2.1277777705108747e-05,0.0002377543569309637,0.001531509100459516,0.00770716043189168,0.0348147377371788,0.17573803663253784,0.5,1.0,1.0,1.0
6,2260,25000,0.30933091044425964,0.3993935286998749,9.99999905104687e-09,1.0,9.99999905104687e-09,2.1669296984327957e-05,0.00023234968830365688,0.00153150106780231,0.0077409902587533,0.03494838625192642,0.17593929171562195,0.5,1.0,1.0,1.0
6,2270,25000,0.3091834783554077,0.3993757665157318,9.99999905104687e-09,1.0,9.99999905104687e-09,2.1636404198943637e-05,0.0002347632107557729,0.0015351090114563704,0.007662034127861261,0.03488761559128761,0.1747262328863144,0.5,1.0,1.0,1.0
6,2280,25000,0.3093498945236206,0.39938846230506897,9.99999905104687e-09,1.0,9.99999905104687e-09,2.131570545316208e-05,0.00023734307615086436,0.0015294022159650922,0.007716044783592224,0.03477182239294052,0.17597542703151703,0.5,1.0,1.0,1.0
6,2290,25000,0.3093320429325104,0.39943018555641174,9.99999905104687e-09,1.0,9.99999905104687e-09,2.161415795853827e-05,0.00023637278354726732,0.0015329521847888827,0.007652823813259602,0.0344124510884285,0.1778552383184433,0.5,1.0,1.0,1.0
6,2300,25000,0.3093419671058655,0.39942631125450134,9.99999905104687e-09,1.0,9.99999905104687e-09,2.1235675376374274e-05,0.0002336305915378034,0.0015500307781621814,0.0077204275876283646,0.03457830473780632,0.17697586119174957,0.5,1.0,1.0,1.0
6,2310,25000,0.30938559770584106,0.39938297867774963,9.99999905104687e-09,1.0,9.99999905104687e-09,2.1878267943975516e-05,0.00023484752455260605,0.001535627176053822,0.007750527001917362,0.03478533774614334,0.17787842452526093,0.5,1.0,1.0,1.0
6,2320,25000,0.30930501222610474,0.39939045906066895,9.99999905104687e-09,1.0,9.99999905104687e-09,2.1453886802191846e-05,0.0002370142174186185,0.0015442674048244953,0.007748656906187534,0.034904852509498596,0.1781306266784668,0.5,1.0,1.0,1.0
6,2330,25000,0.30918511748313904,0.39936167001724243,9.99999905104687e-09,1.0,9.99999905104687e-09,2.138720992661547e-05,0.000237026484683156,0.0015209545381367207,0.007583994418382645,0.0349474735558033,0.1751454770565033,0.5,1.0,1.0,1.0
6,2340,25000,0.3092138171195984,0.39933937788009644,9.99999905104687e-09,1.0,9.99999905104687e-09,2.150309046555776e-05,0.0002338723134016618,0.001530412002466619,0.0076970807276666164,0.03476778417825699,0.1756788194179535,0.5,1.0,1.0,1.0
6,2350,25000,0.309282511472702,0.39934003353118896,9.99999905104687e-09,1.0,9.99999905104687e-09,2.1407537133200094e-05,0.00023620171123184264,0.0015437556430697441,0.007747171446681023,0.03497455269098282,0.1765630692243576,0.5,1.0,1.0,1.0
6,2360,25000,0.3093673288822174,0.39931273460388184,9.99999905104687e-09,1.0,9.99999905104687e-09,2.1669553461833857e-05,0.00024031427165027708,0.001545907580293715,0.007718447130173445,0.03500724211335182,0.17832787334918976,0.5,1.0,1.0,1.0
6,2370,25000,0.30935537815093994,0.3993607461452484,9.99999905104687e-09,1.0,9.99999905104687e-09,2.1482470401679166e-05,0.00023602633154951036,0.0015335999196395278,0.007639582734555006,0.035173092037439346,0.17719371616840363,0.5,1.0,1.0,1.0
6,2380,25000,0.3093223571777344,0.39943569898605347,9.99999905104687e-09,1.0,9.99999905104687e-09,2.1552481484832242e-05,0.00023534795036539435,0.0015518884174525738,0.00775230722501874,0.03473181277513504,0.17623941600322723,0.5,1.0,1.0,1.0
6,2390,25000,0.3092198669910431,0.39939647912979126,9.99999905104687e-09,1.0,9.99999905104687e-09,2.1643932996084914e-05,0.00023401039652526379,0.001523172832094133,0.007609715685248375,0.0347273163497448,0.17622792720794678,0.5,1.0,1.0,1.0
6,2400,25000,0.3094431757926941,0.39941316843032837,9.99999905104687e-09,1.0,9.99999905104687e-09,2.1412692149169743e-05,0.00023437387426383793,0.0015263796085491776,0.007698938716202974,0.03489847481250763,0.17713341116905212,0.5,1.0,1.0,1.0
6,2410,25000,0.3093262016773224,0.3994581997394562,9.99999905104687e-09,1.0,9.99999905104687e-09,2.1397836462710984e-05,0.0002363052626606077,0.0015359740937128663,0.007640401367098093,0.0345124825835228,0.17598214745521545,0.5,1.0,1.0,1.0
6,2420,25000,0.309352308511734,0.3994208872318268,9.99999905104687e-09,1.0,9.99999905104687e-09,2.143174788216129e-05,0.00023775696172378957,0.0015351036563515663,0.007730366662144661,0.03487607091665268,0.17579691112041473,0.5,1.0,1.0,1.0
6,2430,25000,0.30941635370254517,0.3994463384151459,9.99999905104687e-09,1.0,9.99999905104687e-09,2.190188388340175e-05,0.00023451073502656072,0.001533310511149466,0.007741116918623447,0.0346682146191597,0.17695148289203644,0.5,1.0,1.0,1.0
6,2440,25000,0.3093988597393036,0.3994320333003998,9.99999905104687e-09,1.0,9.99999905104687e-09,2.1650244889315218e-05,0.0002357634512009099,0.0015277635538950562,0.0077910032123327255,0.03510891646146774,0.17642810940742493,0.5,1.0,1.0,1.0
6,2450,25000,0.3092472553253174,0.39941298961639404,9.99999905104687e-09,1.0,9.99999905104687e-09,2.1467392798513174e-05,0.0002326537505723536,0.0015243340749293566,0.007712029851973057,0.03461632877588272,0.1767345517873764,0.5,1.0,1.0,1.0
6,2460,25000,0.30930930376052856,0.39937713742256165,9.99999905104687e-09,1.0,9.99999905104687e-09,2.1606099835480563e-05,0.00023547082673758268,0.0015195993473753333,0.007722548209130764,0.0346851646900177,0.1760936975479126,0.5,1.0,1.0,1.0
6,2470,25000,0.3093041479587555,0.3993770182132721,9.99999905104687e-09,1.0,9.99999905104687e-09,2.173040593334008e-05,0.00023521404364146292,0.001527436077594757,0.007721849251538515,0.03472660109400749,0.17662227153778076,0.5,1.0,1.0,1.0
6,2480,25000,0.309302419424057,0.3993975520133972,9.99999905104687e-09,1.0,9.99999905104687e-09,2.134816713805776e-05,0.0002384929684922099,0.0015352958580479026,0.007841684855520725,0.03490946441888809,0.17575368285179138,0.5,1.0,1.0,1.0
6,2490,25000,0.3094092309474945,0.39942073822021484,9.99999905104687e-09,1.0,9.99999905104687e-09,2.1769617887912318e-05,0.00023940375831443816,0.001524425344541669,0.007717048283666372,0.03472132980823517,0.17799830436706543,0.5,1.0,1.0,1.0
6,2500,25000,0.3092455565929413,0.39943328499794006,9.99999905104687e-09,1.0,9.99999905104687e-09,2.1437501345644705e-05,0.00023665837943553925,0.0015299554215744138,0.0077247582376003265,0.03462223708629608,0.1754334717988968,0.5,1.0,1.0,1.0
6,2510,25000,0.3093482553958893,0.39939117431640625,9.99999905104687e-09,1.0,9.99999905104687e-09,2.1651429051416926e-05,0.00023410283029079437,0.0015347835142165422,0.007681440096348524,0.03476642817258835,0.1761738508939743,0.5,1.0,1.0,1.0
6,2520,25000,0.3092253506183624,0.3994237780570984,9.99999905104687e-09,1.0,9.99999905104687e-09,2.1579857275355607e-05,0.0002363668172620237,0.0015613685827702284,0.0077037145383656025,0.03478126600384712,0.1750926673412323,0.5,1.0,1.0,1.0
6,2530,25000,0.3093816936016083,0.39938032627105713,9.99999905104687e-09,1.0,9.99999905104687e-09,2.1367059162002988e-05,0.00023578890250064433,0.0015385292936116457,0.007726734038442373,0.035010743886232376,0.17618334293365479,0.5,1.0,1.0,1.0
6,2540,25000,0.30935925245285034,0.39942991733551025,9.99999905104687e-09,1.0,9.99999905104687e-09,2.166664125979878e-05,0.00023431971203535795,0.001542427809908986,0.007747747004032135,0.034742265939712524,0.175291046500206,0.5,1.0,1.0,1.0
6,2550,25000,0.30926603078842163,0.3993775248527527,9.99999905104687e-09,1.0,9.99999905104687e-09,2.157155904569663e-05,0.00023874557518865913,0.001515147858299315,0.007702994626015425,0.034768156707286835,0.17677229642868042,0.5,1.0,1.0,1.0
6,2560,25000,0.3091943562030792,0.3993804156780243,9.99999905104687e-09,1.0,9.99999905104687e-09,2.1574027414317243e-05,0.0002345777757000178,0.0015400393167510629,0.007661707233637571,0.03485114127397537,0.17472438514232635,0.5,1.0,1.0,1.0
6,2570,25000,0.30929508805274963,0.39937829971313477,9.99999905104687e-09,1.0,9.99999905104687e-09,2.1149504391360097e-05,0.00023461016826331615,0.0015254545724019408,0.0075956955552101135,0.0349782332777977,0.1760610193014145,0.5,1.0,1.0,1.0
6,2580,25000,0.3092551529407501,0.3993813097476959,9.99999905104687e-09,1.0,9.99999905104687e-09,2.139360185537953e-05,0.00023342037457041442,0.0015397198731079698,0.0077144792303442955,0.03485434129834175,0.17626142501831055,0.5,1.0,1.0,1.0
6,2590,25000,0.30939871072769165,0.39936068654060364,9.99999905104687e-09,1.0,9.99999905104687e-09,2.142278026440181e-05,0.00023639964638277888,0.0015019961865618825,0.007633775006979704,0.03512544184923172,0.17631316184997559,0.5,1.0,1.0,1.0
6,2600,25000,0.3094492554664612,0.3993936777114868,9.99999905104687e-09,1.0,9.99999905104687e-09,2.1270589058985934e-05,0.00023769836116116494,0.001514906296506524,0.007690779399126768,0.0352465957403183,0.17615114152431488,0.5,1.0,1.0,1.0
6,2610,25000,0.30926257371902466,0.3994148373603821,9.99999905104687e-09,1.0,9.99999905104687e-09,2.1512827515834942e-05,0.00023754179710522294,0.0015406132442876697,0.007632296532392502,0.034867871552705765,0.17519325017929077,0.5,1.0,1.0,1.0
6,2620,25000,0.3092101812362671,0.39936545491218567,9.99999905104687e-09,1.0,9.99999905104687e-09,2.1559526430792175e-05,0.00023741058248560876,0.0015373456990346313,0.007707873824983835,0.03478465974330902,0.1764223277568817,0.5,1.0,1.0,1.0
6,2630,25000,0.309261292219162,0.39941009879112244,9.99999905104687e-09,1.0,9.99999905104687e-09,2.1566735085798427e-05,0.00023541110567748547,0.0015286111738532782,0.00762562733143568,0.034656014293432236,0.17606306076049805,0.5,1.0,1.0,1.0
6,2640,25000,0.3093200623989105,0.39938491582870483,9.99999905104687e-09,1.0,9.99999905104687e-09,2.131774635927286e-05,0.0002358351048314944,0.0015338616212829947,0.007665006443858147,0.03470084071159363,0.17578057944774628,0.5,1.0,1.0,1.0
6,2650,25000,0.309203565120697,0.39938241243362427,9.99999905104687e-09,1.0,9.99999905104687e-09,2.1508487407118082e-05,0.00023636152036488056,0.0015699606155976653,0.007735791616141796,0.034652337431907654,0.17600849270820618,0.5,1.0,1.0,1.0
6,2660,25000,0.309415340423584,0.3993661105632782,9.99999905104687e-09,1.0,9.99999905104687e-09,2.1439087504404597e-05,0.00023322744527831674,0.0015409360639750957,0.007790195289999247,0.034652672708034515,0.17714202404022217,0.5,1.0,1.0,1.0
6,2670,25000,0.30940791964530945,0.39944905042648315,9.99999905104687e-09,1.0,9.99999905104687e-09,2.1377416487666778e-05,0.0002374278992647305,0.0015195717569440603,0.007651468738913536,0.03465556725859642,0.17684628069400787,0.5,1.0,1.0,1.0
6,2680,25000,0.3093744218349457,0.39949116110801697,9.99999905104687e-09,1.0,9.99999905104687e-09,2.1630592527799308e-05,0.00023695309937465936,0.0015304314438253641,0.007607736624777317,0.034844063222408295,0.1758556216955185,0.5,1.0,1.0,1.0
6,2690,25000,0.30934497714042664,0.3993913233280182,9.99999905104687e-09,1.0,9.99999905104687e-09,2.165730984415859e-05,0.00024110912636388093,0.0015383074060082436,0.0077895913273096085,0.03480168431997299,0.17571395635604858,0.5,1.0,1.0,1.0
6,2700,25000,0.30934587121009827,0.39942222833633423,9.99999905104687e-09,1.0,9.99999905104687e-09,2.1745425328845158e-05,0.00023809784033801407,0.0015438324771821499,0.007688508369028568,0.03471214696764946,0.17619076371192932,0.5,1.0,1.0,1.0
6,2710,25000,0.30944010615348816,0.3994746804237366,9.99999905104687e-09,1.0,9.99999905104687e-09,2.1560910681728274e-05,0.00023279937158804387,0.0015160985058173537,0.007689253892749548,0.03510736674070358,0.17599155008792877,0.5,1.0,1.0,1.0
6,2720,25000,0.30929034948349,0.3994366526603699,9.99999905104687e-09,1.0,9.99999905104687e-09,2.1861529603484087e-05,0.00023470768064726144,0.0015262514352798462,0.007631231565028429,0.03466096520423889,0.17698320746421814,0.5,1.0,1.0,1.0
6,2730,25000,0.30936041474342346,0.3994347155094147,9.99999905104687e-09,1.0,9.99999905104687e-09,2.1341129468055442e-05,0.0002366469707340002,0.0015146203804761171,0.007657946553081274,0.03465630114078522,0.175675630569458,0.5,1.0,1.0,1.0
6,2740,25000,0.3094153106212616,0.39951202273368835,9.99999905104687e-09,1.0,9.99999905104687e-09,2.1485342585947365e-05,0.0002402884856564924,0.0015371318440884352,0.007741037290543318,0.03472904488444328,0.1758425086736679,0.5,1.0,1.0,1.0
6,2750,25000,0.309299498796463,0.39942798018455505,9.99999905104687e-09,1.0,9.99999905104687e-09,2.1564839698839933e-05,0.0002358180208830163,0.0015302806859835982,0.007751237601041794,0.03435036540031433,0.17582152783870697,0.5,1.0,1.0,1.0
6,2760,25000,0.3092770576477051,0.3993321359157562,9.99999905104687e-09,1.0,9.99999905104687e-09,2.1412226487882435e-05,0.00023304831120185554,0.0015115480637177825,0.007753838784992695,0.034920573234558105,0.175974503159523,0.5,1.0,1.0,1.0
6,2770,25000,0.3092590272426605,0.39934593439102173,9.99999905104687e-09,1.0,9.99999905104687e-09,2.139133539458271e-05,0.00023474311456084251,0.001540378318168223,0.007681914139539003,0.0346771776676178,0.1762026846408844,0.5,1.0,1.0,1.0
6,2780,25000,0.30941227078437805,0.3993781805038452,9.99999905104687e-09,1.0,9.99999905104687e-09,2.156119626306463e-05,0.00023426288680639118,0.0015069704968482256,0.0076384576968848705,0.0348038487136364,0.1767852008342743,0.5,1.0,1.0,1.0
6,2790,25000,0.30931881070137024,0.3994480073451996,9.99999905104687e-09,1.0,9.99999905104687e-09,2.1525485863094218e-05,0.0002348744892515242,0.0015363345155492425,0.007744358852505684,0.03459160774946213,0.17537452280521393,0.5,1.0,1.0,1.0
6,2800,25000,0.3092586100101471,0.3994765877723694,9.99999905104687e-09,1.0,9.99999905104687e-09,2.1496227418538183e-05,0.0002376002084929496,0.0015310357557609677,0.007605243474245071,0.034825343638658524,0.17627806961536407,0.5,1.0,1.0,1.0
6,2810,25000,0.30940255522727966,0.3994091749191284,9.99999905104687e-09,1.0,9.99999905104687e-09,2.1517927962122485e-05,0.00023866856645327061,0.0015207523247227073,0.007603686768561602,0.03515717387199402,0.17653146386146545,0.5,1.0,1.0,1.0
6,2820,25000,0.30926793813705444,0.3994579613208771,9.99999905104687e-09,1.0,9.99999905104687e-09,2.2185933630680665e-05,0.00023909191077109426,0.001529164263047278,0.0077164024114608765,0.03492451086640358,0.17455606162548065,0.5,1.0,1.0,1.0
6,2830,25000,0.30926018953323364,0.3994220197200775,9.99999905104687e-09,1.0,9.99999905104687e-09,2.1645062588504516e-05,0.00023789616534486413,0.0015536603750661016,0.007726247888058424,0.03441178426146507,0.17495284974575043,0.5,1.0,1.0,1.0
6,2840,25000,0.3093125522136688,0.39940834045410156,9.99999905104687e-09,1.0,9.99999905104687e-09,2.1566786017501727e-05,0.00023243846953846514,0.0015502754831686616,0.007722049951553345,0.03464598208665848,0.17553237080574036,0.5,1.0,1.0,1.0
6,2850,25000,0.3093450367450714,0.39943304657936096,9.99999905104687e-09,1.0,9.99999905104687e-09,2.1501518858713098e-05,0.00023562904971186072,0.0015463244635611773,0.007761747110635042,0.03473278880119324,0.17612580955028534,0.5,1.0,1.0,1.0
6,2860,25000,0.3092946410179138,0.39940720796585083,9.99999905104687e-09,1.0,9.99999905104687e-09,2.1456153262988664e-05,0.00023718645388726145,0.001541226520203054,0.007638316601514816,0.03463540971279144,0.17689649760723114,0.5,1.0,1.0,1.0
6,2870,25000,0.3092617690563202,0.3993958830833435,9.99999905104687e-09,1.0,9.99999905104687e-09,2.149474312318489e-05,0.00023512144980486482,0.001532342634163797,0.007720735855400562,0.03468397259712219,0.17572373151779175,0.5,1.0,1.0,1.0
6,2880,25000,0.309310644865036,0.399424284696579,9.99999905104687e-09,1.0,9.99999905104687e-09,2.1360408936743625e-05,0.0002355883625568822,0.0015271910233423114,0.0077359843999147415,0.034579504281282425,0.17585010826587677,0.5,1.0,1.0,1.0
6,2890,25000,0.30938705801963806,0.3993806838989258,9.99999905104687e-09,1.0,9.99999905104687e-09,2.1686655600205995e-05,0.00023675688134972006,0.0015283649554476142,0.0077178748324513435,0.03500484302639961,0.17624816298484802,0.5,1.0,1.0,1.0
6,2900,25000,0.3093796670436859,0.3994242250919342,9.99999905104687e-09,1.0,9.99999905104687e-09,2.17272354348097e-05,0.00023762266209814698,0.0015193700091913342,0.007514394819736481,0.034847673028707504,0.17734313011169434,0.5,1.0,1.0,1.0
6,2910,25000,0.30916959047317505,0.39944490790367126,9.99999905104687e-09,1.0,9.99999905104687e-09,2.1740775991929695e-05,0.0002394104958511889,0.00153234729077667,0.0077062747441232204,0.03463095799088478,0.17536810040473938,0.5,1.0,1.0,1.0
6,2920,25000,0.3092733323574066,0.3993886113166809,9.99999905104687e-09,1.0,9.99999905104687e-09,2.12001887121005e-05,0.00023489576415158808,0.0015361816622316837,0.00769043480977416,0.03459126502275467,0.17565838992595673,0.5,1.0,1.0,1.0
6,2930,25000,0.30942925810813904,0.3994327187538147,9.99999905104687e-09,1.0,9.99999905104687e-09,2.131877226929646e-05,0.00023319463070947677,0.0015375677030533552,0.0077733444049954414,0.03483354300260544,0.17749817669391632,0.5,1.0,1.0,1.0
6,2940,25000,0.3092394471168518,0.3993889391422272,9.99999905104687e-09,1.0,9.99999905104687e-09,2.1371541151893325e-05,0.00023693950788583606,0.0015285362023860216,0.007752010133117437,0.03443380445241928,0.17772674560546875,0.5,1.0,1.0,1.0
6,2950,25000,0.3093259930610657,0.3994022011756897,9.99999905104687e-09,1.0,9.99999905104687e-09,2.1190295228734612e-05,0.00023493720800615847,0.0015517461579293013,0.0077425953932106495,0.03482532501220703,0.1758558601140976,0.5,1.0,1.0,1.0
6,2960,25000,0.3093932867050171,0.39947113394737244,9.99999905104687e-09,1.0,9.99999905104687e-09,2.2093523512012325e-05,0.0002379302604822442,0.0015245010145008564,0.007642072159796953,0.034688904881477356,0.17662574350833893,0.5,1.0,1.0,1.0
6,2970,25000,0.30936864018440247,0.39950859546661377,9.99999905104687e-09,1.0,9.99999905104687e-09,2.1282465240801685e-05,0.000234598497627303,0.0015346544096246362,0.007682261988520622,0.03450431302189827,0.17567530274391174,0.5,1.0,1.0,1.0
6,2980,25000,0.30949652194976807,0.3993750214576721,9.99999905104687e-09,1.0,9.99999905104687e-09,2.120014323736541e-05,0.000238272943533957,0.0015416959067806602,0.007754531688988209,0.035174913704395294,0.17696987092494965,0.5,1.0,1.0,1.0
6,2990,25000,0.3093593418598175,0.39950689673423767,9.99999905104687e-09,1.0,9.99999905104687e-09,2.188499092881102e-05,0.0002357017801841721,0.0015123010380193591,0.0076163150370121,0.034674860537052155,0.17508462071418762,0.5,1.0,1.0,1.0
6,3000,25000,0.30943629145622253,0.39947062730789185,9.99999905104687e-09,1.0,9.99999905104687e-09,2.1332265532691963e-05,0.00023701274767518044,0.0015294692711904645,0.00769137404859066,0.03481772541999817,0.1755070984363556,0.5,1.0,1.0,1.0
6,3010,25000,0.3093509376049042,0.399468332529068,9.99999905104687e-09,1.0,9.99999905104687e-09,2.135258910129778e-05,0.00023560183763038367,0.0015545752830803394,0.007694819942116737,0.034901171922683716,0.17449551820755005,0.5,1.0,1.0,1.0
6,3020,25000,0.30940932035446167,0.3994624614715576,9.99999905104687e-09,1.0,9.99999905104687e-09,2.1565507267951034e-05,0.00023412852897308767,0.0015157820889726281,0.007677731104195118,0.03494102507829666,0.17544955015182495,0.5,1.0,1.0,1.0
6,3030,25000,0.3092070519924164,0.39939841628074646,9.99999905104687e-09,1.0,9.99999905104687e-09,2.1215186279732734e-05,0.00023349148978013545,0.0015278971986845136,0.007747687865048647,0.03488779813051224,0.17565497756004333,0.5,1.0,1.0,1.0
6,3040,25000,0.30930978059768677,0.39936479926109314,9.99999905104687e-09,1.0,9.99999905104687e-09,2.157325616281014e-05,0.00023765374498907477,0.0015302342362701893,0.007666335441172123,0.034891124814748764,0.1765613704919815,0.5,1.0,1.0,1.0
6,3050,25000,0.3093395233154297,0.3994613289833069,9.99999905104687e-09,1.0,9.99999905104687e-09,2.1541032765526325e-05,0.00023601601424161345,0.00154013407882303,0.007704943884164095,0.03455621749162674,0.17593589425086975,0.5,1.0,1.0,1.0
6,3060,25000,0.3093200623989105,0.3994184136390686,9.99999905104687e-09,1.0,9.99999905104687e-09,2.1262920199660584e-05,0.00023439156939275563,0.0015354957431554794,0.00772530771791935,0.0345519483089447,0.1755387783050537,0.5,1.0,1.0,1.0
6,3070,25000,0.3094005584716797,0.3994148373603821,9.99999905104687e-09,1.0,9.99999905104687e-09,2.166069134545978e-05,0.00023585748567711562,0.0015376678202301264,0.007715353276580572,0.03479606658220291,0.17763270437717438,0.5,1.0,1.0,1.0
6,3080,25000,0.3093910813331604,0.3994297981262207,9.99999905104687e-09,1.0,9.99999905104687e-09,2.097886499541346e-05,0.00023506014258600771,0.001534622861072421,0.007756419945508242,0.03482522815465927,0.17640677094459534,0.5,1.0,1.0,1.0
6,3090,25000,0.3093686103820801,0.39942488074302673,9.99999905104687e-09,1.0,9.99999905104687e-09,2.163446151826065e-05,0.00023850463912822306,0.0015366626903414726,0.007771317847073078,0.03465661033987999,0.17680321633815765,0.5,1.0,1.0,1.0
6,3100,25000,0.3092297315597534,0.39943522214889526,9.99999905104687e-09,1.0,9.99999905104687e-09,2.1018655388616025e-05,0.00023486990539822727,0.0015380987897515297,0.007720666937530041,0.03474199026823044,0.17600971460342407,0.5,1.0,1.0,1.0
6,3110,25000,0.3092583119869232,0.39942196011543274,9.99999905104687e-09,1.0,9.99999905104687e-09,2.1544408809859306e-05,0.00023951854382175952,0.0015246326802298427,0.0076463837176561356,0.034528519958257675,0.1746266484260559,0.5,1.0,1.0,1.0
6,3120,25000,0.30925485491752625,0.399422824382782,9.99999905104687e-09,1.0,9.99999905104687e-09,2.1570769604295492e-05,0.00023358188627753407,0.0015432995278388262,0.0076645598746836185,0.03474707901477814,0.1755557507276535,0.5,1.0,1.0,1.0
6,3130,25000,0.3094269633293152,0.399373322725296,9.99999905104687e-09,1.0,9.99999905104687e-09,2.1430550987133756e-05,0.00023971966584213078,0.0015652715228497982,0.007714139297604561,0.03500287979841232,0.17787685990333557,0.5,1.0,1.0,1.0
6,3140,25000,0.3094192445278168,0.3994545638561249,9.99999905104687e-09,1.0,9.99999905104687e-09,2.1504796677618288e-05,0.00023864401737228036,0.0015083873877301812,0.007654507178813219,0.03513329476118088,0.17661124467849731,0.5,1.0,1.0,1.0
6,3150,25000,0.3092852234840393,0.39938071370124817,9.99999905104687e-09,1.0,9.99999905104687e-09,2.1468438717420213e-05,0.00023181905271485448,0.0015461453003808856,0.007626375183463097,0.03449806198477745,0.17615601420402527,0.5,1.0,1.0,1.0
6,3160,25000,0.30929210782051086,0.39937624335289,9.99999905104687e-09,1.0,9.99999905104687e-09,2.1391419068095274e-05,0.00023772961867507547,0.0015281214145943522,0.007708544842898846,0.03483830392360687,0.17484183609485626,0.5,1.0,1.0,1.0
6,3170,25000,0.3093419671058655,0.39935949444770813,9.99999905104687e-09,1.0,9.99999905104687e-09,2.1677051336155273e-05,0.0002373324823565781,0.001530948095023632,0.007770335767418146,0.03483278304338455,0.17721830308437347,0.5,1.0,1.0,1.0
6,3180,25000,0.30918654799461365,0.3994370102882385,9.99999905104687e-09,1.0,9.99999905104687e-09,2.102796315739397e-05,0.00023807591060176492,0.0015238155610859394,0.007688077632337809,0.03467210754752159,0.17417116463184357,0.5,1.0,1.0,1.0
6,3190,25000,0.30937209725379944,0.3994128704071045,9.99999905104687e-09,1.0,9.99999905104687e-09,2.1796126020490192e-05,0.0002402353275101632,0.001547014806419611,0.007622946053743362,0.03491093963384628,0.1752478927373886,0.5,1.0,1.0,1.0
6,3200,25000,0.3093326687812805,0.3994106650352478,9.99999905104687e-09,1.0,9.99999905104687e-09,2.151078479073476e-05,0.00023635821708012372,0.0015270906733348966,0.0077368286438286304,0.03470320254564285,0.17649084329605103,0.5,1.0,1.0,1.0
6,3210,25000,0.3093191683292389,0.39944618940353394,9.99999905104687e-09,1.0,9.99999905104687e-09,2.1254025341477245e-05,0.00023778484319336712,0.0015542313922196627,0.00784909538924694,0.03448060154914856,0.17615239322185516,0.5,1.0,1.0,1.0
6,3220,25000,0.30920886993408203,0.3994269073009491,9.99999905104687e-09,1.0,9.99999905104687e-09,2.1798789020976983e-05,0.0002352291630813852,0.0015282996464520693,0.007681890856474638,0.034579548984766006,0.17471832036972046,0.5,1.0,1.0,1.0
6,3230,25000,0.3092397451400757,0.39937305450439453,9.99999905104687e-09,1.0,9.99999905104687e-09,2.1568492229562253e-05,0.00023407908156514168,0.0015280942898243666,0.007584935519844294,0.034475021064281464,0.17641332745552063,0.5,1.0,1.0,1.0
6,3240,25000,0.3092873990535736,0.39936137199401855,9.99999905104687e-09,1.0,9.99999905104687e-09,2.1405197912827134e-05,0.0002359145146328956,0.0015491996891796589,0.007642147596925497,0.034681256860494614,0.17535771429538727,0.5,1.0,1.0,1.0
6,3250,25000,0.30932143330574036,0.3994714319705963,9.99999905104687e-09,1.0,9.99999905104687e-09,2.153983041353058e-05,0.0002369337307754904,0.0015319092199206352,0.0077093797735869884,0.03456313908100128,0.17670704424381256,0.5,1.0,1.0,1.0
6,3260,25000,0.30926474928855896,0.3994726538658142,9.99999905104687e-09,1.0,9.99999905104687e-09,2.129234235326294e-05,0.0002350228460272774,0.0015449451748281717,0.00772758899256587,0.03476003557443619,0.17526856064796448,0.5,1.0,1.0,1.0
6,3270,25000,0.3092197775840759,0.39944013953208923,9.99999905104687e-09,1.0,9.99999905104687e-09,2.164074066968169e-05,0.00023830785357858986,0.0015217553591355681,0.007658884394913912,0.03475605696439743,0.17358966171741486,0.5,1.0,1.0,1.0
6,3280,25000,0.30933678150177,0.399492472410202,9.99999905104687e-09,1.0,9.99999905104687e-09,2.148916246369481e-05,0.00023726918152533472,0.0015315604396164417,0.007717316038906574,0.03463912755250931,0.17457520961761475,0.5,1.0,1.0,1.0
6,3290,25000,0.3093215227127075,0.39943233132362366,9.99999905104687e-09,1.0,9.99999905104687e-09,2.123310332535766e-05,0.00023663407773710787,0.0015534642152488232,0.00770247308537364,0.03447309508919716,0.17712350189685822,0.5,1.0,1.0,1.0
6,3300,25000,0.30934134125709534,0.3993900418281555,9.99999905104687e-09,1.0,9.99999905104687e-09,2.170361221942585e-05,0.00023462684475816786,0.0015351459151133895,0.007708609104156494,0.034798577427864075,0.1761397123336792,0.5,1.0,1.0,1.0
6,3310,25000,0.30941224098205566,0.39941537380218506,9.99999905104687e-09,1.0,9.99999905104687e-09,2.193269756389782e-05,0.00023667694767937064,0.0015479022404178977,0.007740563713014126,0.03472709655761719,0.1776144653558731,0.5,1.0,1.0,1.0
6,3320,25000,0.3094693124294281,0.3994517922401428,9.99999905104687e-09,1.0,9.99999905104687e-09,2.1474590539583005e-05,0.0002360387152293697,0.0015231675934046507,0.007664323318749666,0.034385550767183304,0.17761725187301636,0.5,1.0,1.0,1.0
6,3330,25000,0.30943697690963745,0.3994790315628052,9.99999905104687e-09,1.0,9.99999905104687e-09,2.1629948605550453e-05,0.00023633328964933753,0.001513458089902997,0.007684506010264158,0.03480442613363266,0.17619004845619202,0.5,1.0,1.0,1.0
6,3340,25000,0.3093207776546478,0.39942479133605957,9.99999905104687e-09,1.0,9.99999905104687e-09,2.1839976398041472e-05,0.00023750086256768554,0.0015393447829410434,0.007538388017565012,0.03464268147945404,0.17578786611557007,0.5,1.0,1.0,1.0
6,3350,25000,0.30935972929000854,0.3994436264038086,9.99999905104687e-09,1.0,9.99999905104687e-09,2.1390804249676876e-05,0.0002332353324163705,0.0015217403415590525,0.007649269420653582,0.034710150212049484,0.17698600888252258,0.5,1.0,1.0,1.0
6,3360,25000,0.309308260679245,0.39946407079696655,9.99999905104687e-09,1.0,9.99999905104687e-09,2.1662541257683188e-05,0.00023627729387953877,0.001522366190329194,0.007645976729691029,0.03473365306854248,0.17631906270980835,0.5,1.0,1.0,1.0
6,3370,25000,0.3093035817146301,0.3994032144546509,9.99999905104687e-09,1.0,9.99999905104687e-09,2.1453535737236962e-05,0.00023642470478080213,0.0015361045952886343,0.007717896718531847,0.03465528413653374,0.1765749454498291,0.5,1.0,1.0,1.0
6,3380,25000,0.30928272008895874,0.39938175678253174,9.99999905104687e-09,1.0,9.99999905104687e-09,2.161761949537322e-05,0.00023554934887215495,0.0015242345398291945,0.007673279382288456,0.034714240580797195,0.1761782169342041,0.5,1.0,1.0,1.0
6,3390,25000,0.3094478249549866,0.39939427375793457,9.99999905104687e-09,1.0,9.99999905104687e-09,2.127767220372334e-05,0.0002366835396969691,0.0015402438584715128,0.007674040272831917,0.034933753311634064,0.17858386039733887,0.5,1.0,1.0,1.0
6,3400,25000,0.3093370497226715,0.39947187900543213,9.99999905104687e-09,1.0,9.99999905104687e-09,2.179776129196398e-05,0.000236043895711191,0.0015275711193680763,0.007731670048087835,0.034550391137599945,0.17682169377803802,0.5,1.0,1.0,1.0
6,3410,25000,0.3092469573020935,0.39947447180747986,9.99999905104687e-09,1.0,9.99999905104687e-09,2.1660338461515494e-05,0.00023494755441788584,0.0015331918839365244,0.007713183294981718,0.03460893779993057,0.17508812248706818,0.5,1.0,1.0,1.0
6,3420,25000,0.3093689978122711,0.3993745744228363,9.99999905104687e-09,1.0,9.99999905104687e-09,2.1436735551105812e-05,0.00023400354257319123,0.0015418847324326634,0.0077377320267260075,0.03493867814540863,0.1771436184644699,0.5,1.0,1.0,1.0
6,3430,25000,0.3092469274997711,0.3994200527667999,9.99999905104687e-09,1.0,9.99999905104687e-09,2.17810993490275e-05,0.00023930125462356955,0.0015400786651298404,0.007748045958578587,0.03486735373735428,0.17546075582504272,0.5,1.0,1.0,1.0
6,3440,25000,0.3094354569911957,0.39947032928466797,9.99999905104687e-09,1.0,9.99999905104687e-09,2.1439336705952883e-05,0.00023512223560828716,0.001521374797448516,0.007683498784899712,0.034945543855428696,0.17726558446884155,0.5,1.0,1.0,1.0
6,3450,25000,0.30938249826431274,0.39947378635406494,9.99999905104687e-09,1.0,9.99999905104687e-09,2.1870053387829103e-05,0.00023531613987870514,0.001516255782917142,0.007752358913421631,0.03471709042787552,0.1756778359413147,0.5,1.0,1.0,1.0
6,3460,25000,0.309384822845459,0.3994503915309906,9.99999905104687e-09,1.0,9.99999905104687e-09,2.1344383640098386e-05,0.0002353867603233084,0.0015251815784722567,0.007700308691710234,0.034696824848651886,0.17666612565517426,0.5,1.0,1.0,1.0
6,3470,25000,0.30934515595436096,0.3994661271572113,9.99999905104687e-09,1.0,9.99999905104687e-09,2.181467425543815e-05,0.00023479823721572757,0.0015311420429497957,0.007685254793614149,0.034597381949424744,0.17705070972442627,0.5,1.0,1.0,1.0
6,3480,25000,0.3093404173851013,0.39944469928741455,9.99999905104687e-09,1.0,9.99999905104687e-09,2.1415437004179694e-05,0.0002375496696913615,0.0015147097874432802,0.007672241888940334,0.035029470920562744,0.17661117017269135,0.5,1.0,1.0,1.0
6,3490,25000,0.30936118960380554,0.39941495656967163,9.99999905104687e-09,1.0,9.99999905104687e-09,2.1118317818036303e-05,0.00023503211559727788,0.0015412860084325075,0.007770628668367863,0.03469103202223778,0.17544862627983093,0.5,1.0,1.0,1.0
6,3500,25000,0.3093770742416382,0.39952096343040466,9.99999905104687e-09,1.0,9.99999905104687e-09,2.1498264686670154e-05,0.00023527078155893832,0.0015225759707391262,0.007607666309922934,0.0348137691617012,0.17516516149044037,0.5,1.0,1.0,1.0
6,3510,25000,0.3092404305934906,0.39948228001594543,9.99999905104687e-09,1.0,9.99999905104687e-09,2.1290406948537566e-05,0.000235693427384831,0.001518120290711522,0.007607240695506334,0.034468621015548706,0.17588278651237488,0.5,1.0,1.0,1.0
6,3520,25000,0.30920931696891785,0.3993336856365204,9.99999905104687e-09,1.0,9.99999905104687e-09,2.1629861294059083e-05,0.00023759942268952727,0.001536885742098093,0.007704462856054306,0.03457438945770264,0.17581211030483246,0.5,1.0,1.0,1.0
6,3530,25000,0.3092160224914551,0.3994106352329254,9.99999905104687e-09,1.0,9.99999905104687e-09,2.1275120161590166e-05,0.00023886522103566676,0.0015305380802601576,0.007776935119181871,0.034716710448265076,0.17419105768203735,0.5,1.0,1.0,1.0
6,3540,25000,0.30925148725509644,0.3993356227874756,9.99999905104687e-09,1.0,9.99999905104687e-09,2.148544263036456e-05,0.00023827322002034634,0.0015367621090263128,0.007660528179258108,0.03462814539670944,0.17483840882778168,0.5,1.0,1.0,1.0
6,3550,25000,0.30936968326568604,0.3993929326534271,9.99999905104687e-09,1.0,9.99999905104687e-09,2.1423218640848063e-05,0.00023588223848491907,0.001542400917969644,0.007731258869171143,0.034890882670879364,0.1763475388288498,0.5,1.0,1.0,1.0
6,3560,25000,0.3092549741268158,0.39947256445884705,9.99999905104687e-09,1.0,9.99999905104687e-09,2.1312025637598708e-05,0.00023671718372497708,0.0015317652141675353,0.00767941027879715,0.03467288240790367,0.17480529844760895,0.5,1.0,1.0,1.0
6,3570,25000,0.3094908893108368,0.3995313048362732,9.99999905104687e-09,1.0,9.99999905104687e-09,2.1279596694512293e-05,0.00023671246890444309,0.001543333986774087,0.0076986271888017654,0.03471623361110687,0.1759922057390213,0.5,1.0,1.0,1.0
6,3580,25000,0.3093344271183014,0.39945700764656067,9.99999905104687e-09,1.0,9.99999905104687e-09,2.1707472114940174e-05,0.00023796554887667298,0.0015209302073344588,0.007760091219097376,0.03471153974533081,0.17662668228149414,0.5,1.0,1.0,1.0
6,3590,25000,0.30940818786621094,0.39945122599601746,9.99999905104687e-09,1.0,9.99999905104687e-09,2.147510531358421e-05,0.00023590217460878193,0.0015298299258574843,0.00761816231533885,0.03471892327070236,0.17537172138690948,0.5,1.0,1.0,1.0
6,3600,25000,0.3093786835670471,0.39939361810684204,9.99999905104687e-09,1.0,9.99999905104687e-09,2.1432499124784954e-05,0.00023529099416919053,0.0015376481460407376,0.0077751739881932735,0.03497882932424545,0.176019549369812,0.5,1.0,1.0,1.0
6,3610,25000,0.3093189597129822,0.39940565824508667,9.99999905104687e-09,1.0,9.99999905104687e-09,2.143506208085455e-05,0.000235701838391833,0.0015367401065304875,0.007682439871132374,0.03456823155283928,0.1761239767074585,0.5,1.0,1.0,1.0
6,3620,25000,0.30925777554512024,0.39942416548728943,9.99999905104687e-09,1.0,9.99999905104687e-09,2.185595076298341e-05,0.0002374897012487054,0.0015280799707397819,0.007634480483829975,0.03490313142538071,0.1751973181962967,0.5,1.0,1.0,1.0
6,3630,25000,0.3093201816082001,0.3993375599384308,9.99999905104687e-09,1.0,9.99999905104687e-09,2.169243452954106e-05,0.00023647859052289277,0.001515808398835361,0.0077416920103132725,0.03505442291498184,0.17660608887672424,0.5,1.0,1.0,1.0
6,3640,25000,0.30927327275276184,0.3994118869304657,9.99999905104687e-09,1.0,9.99999905104687e-09,2.173781831515953e-05,0.00023683285689912736,0.0015377026284113526,0.007570875342935324,0.034732259809970856,0.17516814172267914,0.5,1.0,1.0,1.0
6,3650,25000,0.30929118394851685,0.39940816164016724,9.99999905104687e-09,1.0,9.99999905104687e-09,2.1595906218863092e-05,0.0002393100585322827,0.0015575118595734239,0.00764642097055912,0.034576743841171265,0.17616605758666992,0.5,1.0,1.0,1.0
6,3660,25000,0.3094131648540497,0.39936545491218567,9.99999905104687e-09,1.0,9.99999905104687e-09,2.1135374481673352e-05,0.00023666070774197578,0.0015270174480974674,0.0077145700342953205,0.03476454317569733,0.17814980447292328,0.5,1.0,1.0,1.0
6,3670,25000,0.30945608019828796,0.3994743525981903,9.99999905104687e-09,1.0,9.99999905104687e-09,2.155073161702603e-05,0.00023766010417602956,0.0015302140964195132,0.007672957144677639,0.0348435714840889,0.1765492707490921,0.5,1.0,1.0,1.0
6,3680,25000,0.30939239263534546,0.39947396516799927,9.99999905104687e-09,1.0,9.99999905104687e-09,2.1671690774383023e-05,0.00023627805057913065,0.0015439140843227506,0.007668768055737019,0.034951575100421906,0.1756947785615921,0.5,1.0,1.0,1.0
6,3690,25000,0.30922093987464905,0.39945700764656067,9.99999905104687e-09,1.0,9.99999905104687e-09,2.1676887627108954e-05,0.00023835089814383537,0.001550084911286831,0.007652095053344965,0.03484002500772476,0.17604397237300873,0.5,1.0,1.0,1.0
6,3700,25000,0.3092997372150421,0.3994540870189667,9.99999905104687e-09,1.0,9.99999905104687e-09,2.1886409740545787e-05,0.00023923986009322107,0.0015164018841460347,0.007744221482425928,0.03432607650756836,0.1765228807926178,0.5,1.0,1.0,1.0
6,3710,25000,0.30941176414489746,0.3994540870189667,9.99999905104687e-09,1.0,9.99999905104687e-09,2.1476222173077986e-05,0.00023702265752945095,0.0015192785067483783,0.0076789879240095615,0.03516419231891632,0.1759463995695114,0.5,1.0,1.0,1.0
6,3720,25000,0.30943503975868225,0.3994220793247223,9.99999905104687e-09,1.0,9.99999905104687e-09,2.1827563614351675e-05,0.00023790205887053162,0.0015099582960829139,0.007770949974656105,0.03498721122741699,0.17741771042346954,0.5,1.0,1.0,1.0
6,3730,25000,0.30937233567237854,0.39944809675216675,9.99999905104687e-09,1.0,9.99999905104687e-09,2.166906779166311e-05,0.000237778207520023,0.001516361953690648,0.007645952515304089,0.034595806151628494,0.17620140314102173,0.5,1.0,1.0,1.0
6,3740,25000,0.3092893660068512,0.3994032144546509,9.99999905104687e-09,1.0,9.99999905104687e-09,2.1735764676122926e-05,0.00023648493515793234,0.0015084082260727882,0.007661554031074047,0.03507231920957565,0.17622044682502747,0.5,1.0,1.0,1.0
6,3750,25000,0.30944162607192993,0.39942967891693115,9.99999905104687e-09,1.0,9.99999905104687e-09,2.1350504539441317e-05,0.0002351459552301094,0.0015190659323707223,0.007783312816172838,0.03502528369426727,0.17681610584259033,0.5,1.0,1.0,1.0
6,3760,25000,0.3094291090965271,0.39948028326034546,9.99999905104687e-09,1.0,9.99999905104687e-09,2.152655906684231e-05,0.00023479457013309002,0.001546921906992793,0.007749271113425493,0.034639354795217514,0.17602987587451935,0.5,1.0,1.0,1.0
6,3770,25000,0.30931735038757324,0.3994547724723816,9.99999905104687e-09,1.0,9.99999905104687e-09,2.165811565646436e-05,0.00024010830384213477,0.0015329946763813496,0.007633758243173361,0.03476949781179428,0.17545858025550842,0.5,1.0,1.0,1.0
6,3780,25000,0.30943459272384644,0.39945146441459656,9.99999905104687e-09,1.0,9.99999905104687e-09,2.17442157008918e-05,0.00024014893278945237,0.001543527701869607,0.007730062585324049,0.0350654311478138,0.17657256126403809,0.5,1.0,1.0,1.0
6,3790,25000,0.30937883257865906,0.3994749188423157,9.99999905104687e-09,1.0,9.99999905104687e-09,2.1698066120734438e-05,0.0002347114059375599,0.0015427801990881562,0.007730006240308285,0.034910187125205994,0.1753140091896057,0.5,1.0,1.0,1.0
6,3800,25000,0.30925485491752625,0.39947572350502014,9.99999905104687e-09,1.0,9.99999905104687e-09,2.135009526682552e-05,0.00023791576677467674,0.0015314597403630614,0.007644587196409702,0.0345279797911644,0.1761668473482132,0.5,1.0,1.0,1.0
6,3810,25000,0.3092370927333832,0.39936143159866333,9.99999905104687e-09,1.0,9.99999905104687e-09,2.152975503122434e-05,0.00023925182176753879,0.0015271687880158424,0.007745251525193453,0.03501254320144653,0.17575907707214355,0.5,1.0,1.0,1.0
6,3820,25000,0.309181809425354,0.3993786871433258,9.99999905104687e-09,1.0,9.99999905104687e-09,2.1544632545555942e-05,0.000231579237151891,0.0015151934931054711,0.007717014290392399,0.03463331237435341,0.1755361407995224,0.5,1.0,1.0,1.0
6,3830,25000,0.3092263340950012,0.39945852756500244,9.99999905104687e-09,1.0,9.99999905104687e-09,2.1180570911383256e-05,0.00023527581652160734,0.0015099468873813748,0.007689975202083588,0.03437524288892746,0.1750294268131256,0.5,1.0,1.0,1.0
6,3840,25000,0.309267520904541,0.3994847536087036,9.99999905104687e-09,1.0,9.99999905104687e-09,2.155390575353522e-05,0.00023870047880336642,0.001538425567559898,0.007632420863956213,0.03443921357393265,0.1755920648574829,0.5,1.0,1.0,1.0
6,3850,25000,0.3092828094959259,0.3994768559932709,9.99999905104687e-09,1.0,9.99999905104687e-09,2.143549318134319e-05,0.00023736422008369118,0.0015355341602116823,0.007715463172644377,0.034679803997278214,0.17503312230110168,0.5,1.0,1.0,1.0
6,3860,25000,0.30940672755241394,0.3994241952896118,9.99999905104687e-09,1.0,9.99999905104687e-09,2.161377233278472e-05,0.00023353114374913275,0.0015281421365216374,0.007668689358979464,0.03474145010113716,0.17606976628303528,0.5,1.0,1.0,1.0
6,3870,25000,0.30935952067375183,0.3995305299758911,9.99999905104687e-09,1.0,9.99999905104687e-09,2.1499612557818182e-05,0.00023478118237107992,0.0015243537491187453,0.00776944262906909,0.03481640666723251,0.1748093068599701,0.5,1.0,1.0,1.0
6,3880,25000,0.3093854486942291,0.39943957328796387,9.99999905104687e-09,1.0,9.99999905104687e-09,2.1851223209523596e-05,0.00023948465241119266,0.0015357468510046601,0.007688124198466539,0.034845709800720215,0.17691151797771454,0.5,1.0,1.0,1.0
6,3890,25000,0.3091980814933777,0.3994136452674866,9.99999905104687e-09,1.0,9.99999905104687e-09,2.1504427422769368e-05,0.00023538080858998,0.0015500292647629976,0.007683722767978907,0.034800782799720764,0.1750415712594986,0.5,1.0,1.0,1.0
6,3900,25000,0.3092283010482788,0.39936619997024536,9.99999905104687e-09,1.0,9.99999905104687e-09,2.130446046066936e-05,0.00023609482741449028,0.0015265202382579446,0.007624584715813398,0.03498174622654915,0.1750083565711975,0.5,1.0,1.0,1.0
6,3910,25000,0.3092506229877472,0.3993140459060669,9.99999905104687e-09,1.0,9.99999905104687e-09,2.1479572751559317e-05,0.00023276466527022421,0.0015140483155846596,0.0077128163538873196,0.03479327633976936,0.17554336786270142,0.5,1.0,1.0,1.0
6,3920,25000,0.30933675169944763,0.3993416726589203,9.99999905104687e-09,1.0,9.99999905104687e-09,2.128561209246982e-05,0.00023708411026746035,0.0015348111046478152,0.007640717551112175,0.034858353435993195,0.17639455199241638,0.5,1.0,1.0,1.0
6,3930,25000,0.30931639671325684,0.3993561565876007,9.99999905104687e-09,1.0,9.99999905104687e-09,2.152863635274116e-05,0.00023464036348741502,0.0015553910052403808,0.007751162629574537,0.03498730808496475,0.17497260868549347,0.5,1.0,1.0,1.0
6,3940,25000,0.3092246353626251,0.3994053900241852,9.99999905104687e-09,1.0,9.99999905104687e-09,2.181470517825801e-05,0.00023631933436263353,0.0015290073351934552,0.007578587159514427,0.03464078530669212,0.1756950169801712,0.5,1.0,1.0,1.0
6,3950,25000,0.30917423963546753,0.3994799554347992,9.99999905104687e-09,1.0,9.99999905104687e-09,2.1324452973203734e-05,0.00023811415303498507,0.0015568656381219625,0.007616346701979637,0.034501753747463226,0.17447401583194733,0.5,1.0,1.0,1.0
6,3960,25000,0.3094050884246826,0.3994162976741791,9.99999905104687e-09,1.0,9.99999905104687e-09,2.148890598618891e-05,0.00023354434233624488,0.0015129048842936754,0.007677432149648666,0.03485047072172165,0.17635875940322876,0.5,1.0,1.0,1.0
6,3970,25000,0.30948394536972046,0.3994338810443878,9.99999905104687e-09,1.0,9.99999905104687e-09,2.1406189262052067e-05,0.0002389661967754364,0.0015356248477473855,0.007679065689444542,0.03485289588570595,0.1776951402425766,0.5,1.0,1.0,1.0
6,3980,25000,0.3094148337841034,0.39949682354927063,9.99999905104687e-09,1.0,9.99999905104687e-09,2.1270327124511823e-05,0.00023650619550608099,0.0015530218370258808,0.007737511303275824,0.034519582986831665,0.176473468542099,0.5,1.0,1.0,1.0
6,3990,25000,0.30945494771003723,0.3994947671890259,9.99999905104687e-09,1.0,9.99999905104687e-09,2.1595640646410175e-05,0.00023709369997959584,0.0015396500239148736,0.0076744165271520615,0.0351736918091774,0.1760522574186325,0.5,1.0,1.0,1.0
6,4000,25000,0.3094295263290405,0.3995094895362854,9.99999905104687e-09,1.0,9.99999905104687e-09,2.1397432647063397e-05,0.00023498741211369634,0.001512965653091669,0.007723666727542877,0.034759942442178726,0.17604325711727142,0.5,1.0,1.0,1.0
6,4010,25000,0.3093612790107727,0.39947396516799927,9.99999905104687e-09,1.0,9.99999905104687e-09,2.1615678633679636e-05,0.00023576701642014086,0.0015584545908495784,0.007735974621027708,0.03497956320643425,0.17534004151821136,0.5,1.0,1.0,1.0
6,4020,25000,0.30940234661102295,0.3995116353034973,9.99999905104687e-09,1.0,9.99999905104687e-09,2.167354068660643e-05,0.00023693210096098483,0.0015317716170102358,0.0077521661296486855,0.034590981900691986,0.17587025463581085,0.5,1.0,1.0,1.0
6,4030,25000,0.30935603380203247,0.3995167911052704,9.99999905104687e-09,1.0,9.99999905104687e-09,2.1596317310468294e-05,0.00023575422528665513,0.0015250789001584053,0.007869647815823555,0.03482794016599655,0.1752341240644455,0.5,1.0,1.0,1.0
6,4040,25000,0.30940088629722595,0.3994254171848297,9.99999905104687e-09,1.0,9.99999905104687e-09,2.148908970411867e-05,0.0002372917515458539,0.0015214732848107815,0.007730348967015743,0.035053566098213196,0.17591947317123413,0.5,1.0,1.0,1.0
6,4050,25000,0.30927345156669617,0.3994494378566742,9.99999905104687e-09,1.0,9.99999905104687e-09,2.1557782019954175e-05,0.00023537811648566276,0.0015318604419007897,0.007745611015707254,0.0347859151661396,0.17491357028484344,0.5,1.0,1.0,1.0
6,4060,25000,0.3094015419483185,0.3994602560997009,9.99999905104687e-09,1.0,9.99999905104687e-09,2.1503898096852936e-05,0.0002364285901421681,0.0015292689204216003,0.007685442455112934,0.03480987623333931,0.17585919797420502,0.5,1.0,1.0,1.0
6,4070,25000,0.3093601167201996,0.3994797468185425,9.99999905104687e-09,1.0,9.99999905104687e-09,2.1511730665224604e-05,0.00023874698672443628,0.0015635226154699922,0.0076386332511901855,0.034743353724479675,0.17683228850364685,0.5,1.0,1.0,1.0
6,4080,25000,0.3092830181121826,0.39945825934410095,9.99999905104687e-09,1.0,9.99999905104687e-09,2.1643385480274446e-05,0.00024033364024944603,0.0015519550070166588,0.0077133034355938435,0.034676697105169296,0.1760120838880539,0.5,1.0,1.0,1.0
6,4090,25000,0.3093273341655731,0.39944738149642944,9.99999905104687e-09,1.0,9.99999905104687e-09,2.1539139197557233e-05,0.0002327010006411001,0.0015297612408176064,0.007610286120325327,0.034782782196998596,0.17586688697338104,0.5,1.0,1.0,1.0
6,4100,25000,0.30946260690689087,0.3994848430156708,9.99999905104687e-09,1.0,9.99999905104687e-09,2.1459789422806352e-05,0.00023880612570792437,0.0015477277338504791,0.007815349847078323,0.03480732440948486,0.1758800745010376,0.5,1.0,1.0,1.0
6,4110,25000,0.3093187212944031,0.3994240164756775,9.99999905104687e-09,1.0,9.99999905104687e-09,2.1718095013056882e-05,0.00023667047207709402,0.0015202958602458239,0.00764263654127717,0.03460684046149254,0.17519016563892365,0.5,1.0,1.0,1.0
6,4120,25000,0.309325635433197,0.39947009086608887,9.99999905104687e-09,1.0,9.99999905104687e-09,2.129023960151244e-05,0.0002357052726438269,0.001509526395238936,0.00767643703147769,0.034565187990665436,0.1749638020992279,0.5,1.0,1.0,1.0
6,4130,25000,0.30934402346611023,0.3993881046772003,9.99999905104687e-09,1.0,9.99999905104687e-09,2.1544465198530816e-05,0.0002336694742552936,0.0015417059184983373,0.007658703718334436,0.034942660480737686,0.17566664516925812,0.5,1.0,1.0,1.0
6,4140,25000,0.3092668652534485,0.3994596600532532,9.99999905104687e-09,1.0,9.99999905104687e-09,2.1503974494407885e-05,0.0002348715061089024,0.0015163584612309933,0.007689787074923515,0.03468434512615204,0.17487329244613647,0.5,1.0,1.0,1.0
6,4150,25000,0.3093559443950653,0.39948639273643494,9.99999905104687e-09,1.0,9.99999905104687e-09,2.1698635464417748e-05,0.00023987841268535703,0.0015148124657571316,0.007777933496981859,0.03452283889055252,0.1750352829694748,0.5,1.0,1.0,1.0
6,4160,25000,0.30952873826026917,0.3994549810886383,9.99999905104687e-09,1.0,9.99999905104687e-09,2.1573849153355695e-05,0.00023948050511535257,0.0015235126484185457,0.007687712088227272,0.035057321190834045,0.1775617003440857,0.5,1.0,1.0,1.0
6,4170,25000,0.30940374732017517,0.3994467854499817,9.99999905104687e-09,1.0,9.99999905104687e-09,2.1678191842511296e-05,0.0002345824323128909,0.0015409415354952216,0.00778843741863966,0.03474050015211105,0.17583951354026794,0.5,1.0,1.0,1.0
6,4180,25000,0.30947795510292053,0.39943885803222656,9.99999905104687e-09,1.0,9.99999905104687e-09,2.1208968973951414e-05,0.0002401117089902982,0.0015547318616881967,0.007752435747534037,0.034920819103717804,0.17676612734794617,0.5,1.0,1.0,1.0
6,4190,25000,0.30940568447113037,0.39948099851608276,9.99999905104687e-09,1.0,9.99999905104687e-09,2.1679945348296314e-05,0.00023479941592086107,0.001525155734270811,0.00766688771545887,0.03481569141149521,0.17669019103050232,0.5,1.0,1.0,1.0
6,4200,25000,0.30928999185562134,0.399501770734787,9.99999905104687e-09,1.0,9.99999905104687e-09,2.152585693693254e-05,0.0002384340186836198,0.0015464460011571646,0.007750455290079117,0.03468291461467743,0.17469407618045807,0.5,1.0,1.0,1.0
6,4210,25000,0.30948173999786377,0.3994666337966919,9.99999905104687e-09,1.0,9.99999905104687e-09,2.1608018869301304e-05,0.00023635730030946434,0.0015269251307472587,0.007707333192229271,0.03493659198284149,0.17758165299892426,0.5,1.0,1.0,1.0
6,4220,25000,0.30933916568756104,0.3994229733943939,9.99999905104687e-09,1.0,9.99999905104687e-09,2.204832162533421e-05,0.0002411736495560035,0.001540347933769226,0.007722341455519199,0.03479422628879547,0.17613071203231812,0.5,1.0,1.0,1.0
6,4230,25000,0.3092794120311737,0.39947935938835144,9.99999905104687e-09,1.0,9.99999905104687e-09,2.143357414752245e-05,0.00023749533283989877,0.0015408694744110107,0.007654319982975721,0.03473600745201111,0.17631080746650696,0.5,1.0,1.0,1.0
6,4240,25000,0.3093412518501282,0.39945676922798157,9.99999905104687e-09,1.0,9.99999905104687e-09,2.16578791878419e-05,0.00023680202139075845,0.0015092449029907584,0.00775937968865037,0.034962113946676254,0.1758372187614441,0.5,1.0,1.0,1.0
6,4250,25000,0.30937811732292175,0.3994651734828949,9.99999905104687e-09,1.0,9.99999905104687e-09,2.1930871298536658e-05,0.0002363991952734068,0.0015419053379446268,0.007669907994568348,0.03468628227710724,0.1764027327299118,0.5,1.0,1.0,1.0
6,4260,25000,0.30935922265052795,0.3995054066181183,9.99999905104687e-09,1.0,9.99999905104687e-09,2.1506417397176847e-05,0.00023610459174960852,0.0015175844309851527,0.007716813124716282,0.03466920554637909,0.17595049738883972,0.5,1.0,1.0,1.0
6,4270,25000,0.3093767464160919,0.39950332045555115,9.99999905104687e-09,1.0,9.99999905104687e-09,2.143968413292896e-05,0.0002360556391067803,0.0015265070833265781,0.007704010233283043,0.03452243655920029,0.17580865323543549,0.5,1.0,1.0,1.0
6,4280,25000,0.3093491196632385,0.3994787335395813,9.99999905104687e-09,1.0,9.99999905104687e-09,2.1619483959511854e-05,0.00023701136524323374,0.0015174405416473746,0.007706282660365105,0.034813545644283295,0.17508652806282043,0.5,1.0,1.0,1.0
6,4290,25000,0.3093486428260803,0.39945098757743835,9.99999905104687e-09,1.0,9.99999905104687e-09,2.1536394342547283e-05,0.0002343846863368526,0.00154085922986269,0.007818610407412052,0.03483953699469566,0.17506414651870728,0.5,1.0,1.0,1.0
6,4300,25000,0.3094511330127716,0.39938145875930786,9.99999905104687e-09,1.0,9.99999905104687e-09,2.155094625777565e-05,0.00023800638155080378,0.0015256541082635522,0.0076747010461986065,0.03494716063141823,0.17781715095043182,0.5,1.0,1.0,1.0
6,4310,25000,0.3094068169593811,0.3995305299758911,9.99999905104687e-09,1.0,9.99999905104687e-09,2.1737989300163463e-05,0.00023965486616361886,0.001525110681541264,0.007682666648179293,0.034771181643009186,0.17560657858848572,0.5,1.0,1.0,1.0
6,4320,25000,0.30936285853385925,0.39941173791885376,9.99999905104687e-09,1.0,9.99999905104687e-09,2.146800579794217e-05,0.00023253445397131145,0.0014995168894529343,0.007738020736724138,0.034957293421030045,0.17809022963047028,0.5,1.0,1.0,1.0
6,4330,25000,0.30943605303764343,0.39946871995925903,9.99999905104687e-09,1.0,9.99999905104687e-09,2.1589014068013057e-05,0.00023675836564507335,0.0015336700016632676,0.007733003702014685,0.03468040004372597,0.17603403329849243,0.5,1.0,1.0,1.0
6,4340,25000,0.3093615472316742,0.39951783418655396,9.99999905104687e-09,1.0,9.99999905104687e-09,2.1630130504490808e-05,0.00023322994820773602,0.0015185910742729902,0.007643696386367083,0.03460200875997543,0.17504453659057617,0.5,1.0,1.0,1.0
6,4350,25000,0.30936041474342346,0.39947259426116943,9.99999905104687e-09,1.0,9.99999905104687e-09,2.150995896954555e-05,0.00023559208784718066,0.0015406266320496798,0.007761593908071518,0.0348631888628006,0.17502975463867188,0.5,1.0,1.0,1.0
6,4360,25000,0.3093329966068268,0.3994728624820709,9.99999905104687e-09,1.0,9.99999905104687e-09,2.1613288481603377e-05,0.0002323521621292457,0.0015140343457460403,0.007661434821784496,0.034580815583467484,0.17691870033740997,0.5,1.0,1.0,1.0
6,4370,25000,0.3094273507595062,0.39945870637893677,9.99999905104687e-09,1.0,9.99999905104687e-09,2.1665515305357985e-05,0.0002384186373092234,0.0015341737307608128,0.00770648755133152,0.03447957709431648,0.17605163156986237,0.5,1.0,1.0,1.0
6,4380,25000,0.30941036343574524,0.39953893423080444,9.99999905104687e-09,1.0,9.99999905104687e-09,2.146966835425701e-05,0.00023447854619007558,0.0015347168082371354,0.007731026969850063,0.03474164009094238,0.17653445899486542,0.5,1.0,1.0,1.0
6,4390,25000,0.3092012405395508,0.39944693446159363,9.99999905104687e-09,1.0,9.99999905104687e-09,2.1411871784948744e-05,0.00023650719958823174,0.0014989646151661873,0.007700100541114807,0.034827861934900284,0.17503684759140015,0.5,1.0,1.0,1.0
6,4400,25000,0.3093057870864868,0.3994438052177429,9.99999905104687e-09,1.0,9.99999905104687e-09,2.145871621905826e-05,0.00023501091345679015,0.0015250459546223283,0.007611791603267193,0.03490480035543442,0.17501775920391083,0.5,1.0,1.0,1.0
6,4410,25000,0.3093569874763489,0.39946308732032776,9.99999905104687e-09,1.0,9.99999905104687e-09,2.1289748474373482e-05,0.00023620766296517104,0.0015395894879475236,0.007655929774045944,0.03454020619392395,0.17658929526805878,0.5,1.0,1.0,1.0
6,4420,25000,0.3093142807483673,0.3994446396827698,9.99999905104687e-09,1.0,9.99999905104687e-09,2.1505084077944048e-05,0.00023745084763504565,0.0015451390063390136,0.007789917290210724,0.03473564237356186,0.1768195629119873,0.5,1.0,1.0,1.0
6,4430,25000,0.3092585802078247,0.39943021535873413,9.99999905104687e-09,1.0,9.99999905104687e-09,2.1833149730809964e-05,0.00023961813712958246,0.0015234064776450396,0.007675845175981522,0.03467955440282822,0.17438125610351562,0.5,1.0,1.0,1.0
6,4440,25000,0.30938485264778137,0.39944398403167725,9.99999905104687e-09,1.0,9.99999905104687e-09,2.134884380211588e-05,0.00024002291320357472,0.001518845441751182,0.007785201072692871,0.034851208329200745,0.176717147231102,0.5,1.0,1.0,1.0
6,4450,25000,0.30942803621292114,0.39943891763687134,9.99999905104687e-09,1.0,9.99999905104687e-09,2.164797297155019e-05,0.00023218801652546972,0.0015389920445159078,0.007667548023164272,0.03463887423276901,0.17811167240142822,0.5,1.0,1.0,1.0
6,4460,25000,0.30934733152389526,0.39951038360595703,9.99999905104687e-09,1.0,9.99999905104687e-09,2.1427964384201914e-05,0.00023803381191100925,0.001527137472294271,0.007705040276050568,0.03430359438061714,0.1770074963569641,0.5,1.0,1.0,1.0
6,4470,25000,0.3094205856323242,0.3994485139846802,9.99999905104687e-09,1.0,9.99999905104687e-09,2.1499537979252636e-05,0.00023831809812691063,0.0015311769675463438,0.007660796865820885,0.03507581353187561,0.17640802264213562,0.5,1.0,1.0,1.0
6,4480,25000,0.3093876838684082,0.3994608521461487,9.99999905104687e-09,1.0,9.99999905104687e-09,2.1664005544153042e-05,0.0002358843630645424,0.001535831019282341,0.007621788885444403,0.034823834896087646,0.1756180226802826,0.5,1.0,1.0,1.0
6,4490,25000,0.309347927570343,0.39945313334465027,9.99999905104687e-09,1.0,9.99999905104687e-09,2.1379179088398814e-05,0.00023662220337428153,0.0015496794367209077,0.007696907501667738,0.034953247755765915,0.1757509559392929,0.5,1.0,1.0,1.0
6,4500,25000,0.30936339497566223,0.3994229733943939,9.99999905104687e-09,1.0,9.99999905104687e-09,2.1682346414308995e-05,0.0002353420277358964,0.0015570352552458644,0.0077305384911596775,0.034658320248126984,0.17698194086551666,0.5,1.0,1.0,1.0
6,4510,25000,0.3094082772731781,0.39945468306541443,9.99999905104687e-09,1.0,9.99999905104687e-09,2.1723421014030464e-05,0.00023825638345442712,0.0015426266472786665,0.00773452315479517,0.034770552068948746,0.1766764372587204,0.5,1.0,1.0,1.0
6,4520,25000,0.3093340992927551,0.39948248863220215,9.99999905104687e-09,1.0,9.99999905104687e-09,2.1353176634875126e-05,0.00023535099171567708,0.0015197868924587965,0.0077647739090025425,0.03431248664855957,0.17590129375457764,0.5,1.0,1.0,1.0
6,4530,25000,0.3093504309654236,0.39944201707839966,9.99999905104687e-09,1.0,9.99999905104687e-09,2.1822183043695986e-05,0.00023677638091612607,0.0015469684731215239,0.0076771024614572525,0.034631140530109406,0.1771508753299713,0.5,1.0,1.0,1.0
6,4540,25000,0.30936911702156067,0.3995106518268585,9.99999905104687e-09,1.0,9.99999905104687e-09,2.1577574443654157e-05,0.00023663380125071853,0.0015471309889107943,0.007710265927016735,0.034681860357522964,0.17702431976795197,0.5,1.0,1.0,1.0
6,4550,25000,0.3093893527984619,0.3994872272014618,9.99999905104687e-09,1.0,9.99999905104687e-09,2.1183910575928167e-05,0.000235761035582982,0.0015158336609601974,0.007676362060010433,0.034438200294971466,0.17672283947467804,0.5,1.0,1.0,1.0
6,4560,25000,0.30948054790496826,0.39945635199546814,9.99999905104687e-09,1.0,9.99999905104687e-09,2.1351830582716502e-05,0.0002380422956775874,0.0015344610437750816,0.007747275289148092,0.0348491445183754,0.1775335818529129,0.5,1.0,1.0,1.0
6,4570,25000,0.3093894422054291,0.39944055676460266,9.99999905104687e-09,1.0,9.99999905104687e-09,2.1397529053501785e-05,0.00023616768885403872,0.0015395920490846038,0.007649468723684549,0.03506437689065933,0.17685534060001373,0.5,1.0,1.0,1.0
6,4580,25000,0.3093075454235077,0.39952316880226135,9.99999905104687e-09,1.0,9.99999905104687e-09,2.1434032532852143e-05,0.00023577861429657787,0.0015063483733683825,0.007608094252645969,0.03477974608540535,0.17441383004188538,0.5,1.0,1.0,1.0
6,4590,25000,0.3092767000198364,0.3994862139225006,9.99999905104687e-09,1.0,9.99999905104687e-09,2.1144287529750727e-05,0.00023437573690898716,0.0015254803001880646,0.007698812521994114,0.03437303751707077,0.17639228701591492,0.5,1.0,1.0,1.0
6,4600,25000,0.30931755900382996,0.3994676470756531,9.99999905104687e-09,1.0,9.99999905104687e-09,2.1862395442440175e-05,0.00023655117547605187,0.0015173106221482158,0.007745159324258566,0.03477013111114502,0.17570318281650543,0.5,1.0,1.0,1.0
6,4610,25000,0.30930250883102417,0.3994583785533905,9.99999905104687e-09,1.0,9.99999905104687e-09,2.139369462383911e-05,0.00023751529806759208,0.0015149560058489442,0.007576503325253725,0.0350806750357151,0.17536091804504395,0.5,1.0,1.0,1.0
6,4620,25000,0.30931124091148376,0.3994540870189667,9.99999905104687e-09,1.0,9.99999905104687e-09,2.1387430024333298e-05,0.00023518652596976608,0.0015303271356970072,0.0076837968081235886,0.034676820039749146,0.17613108456134796,0.5,1.0,1.0,1.0
6,4630,25000,0.3094157576560974,0.39949554204940796,9.99999905104687e-09,1.0,9.99999905104687e-09,2.1708077838411555e-05,0.0002358719357289374,0.0015384131111204624,0.0077398088760674,0.03473763167858124,0.1754613220691681,0.5,1.0,1.0,1.0
6,4640,25000,0.30938246846199036,0.39949578046798706,9.99999905104687e-09,1.0,9.99999905104687e-09,2.173259053961374e-05,0.00023672774841543287,0.0015296527417376637,0.007722548209130764,0.034617774188518524,0.1770201176404953,0.5,1.0,1.0,1.0
6,4650,25000,0.3094918131828308,0.3994613587856293,9.99999905104687e-09,1.0,9.99999905104687e-09,2.167856837331783e-05,0.00023755768779665232,0.0015469646314159036,0.007766902446746826,0.03498191758990288,0.17549391090869904,0.5,1.0,1.0,1.0
6,4660,25000,0.30944666266441345,0.3994358777999878,9.99999905104687e-09,1.0,9.99999905104687e-09,2.1384523279266432e-05,0.00024153164122253656,0.0015426665777340531,0.007792363408952951,0.03507241606712341,0.1754550188779831,0.5,1.0,1.0,1.0
6,4670,25000,0.30944597721099854,0.39948123693466187,9.99999905104687e-09,1.0,9.99999905104687e-09,2.181337185902521e-05,0.00023453618632629514,0.0015129937091842294,0.0076723722741007805,0.034651853144168854,0.17619945108890533,0.5,1.0,1.0,1.0
6,4680,25000,0.30939745903015137,0.39946913719177246,9.99999905104687e-09,1.0,9.99999905104687e-09,2.120545832440257e-05,0.00023769764811731875,0.001530054141767323,0.007713903207331896,0.034920334815979004,0.17672428488731384,0.5,1.0,1.0,1.0
6,4690,25000,0.30947625637054443,0.3994445204734802,9.99999905104687e-09,1.0,9.99999905104687e-09,2.160049189114943e-05,0.00023674004478380084,0.0015246914699673653,0.007714801002293825,0.0346316322684288,0.17698003351688385,0.5,1.0,1.0,1.0
6,4700,25000,0.30948153138160706,0.39941897988319397,9.99999905104687e-09,1.0,9.99999905104687e-09,2.1440508135128766e-05,0.00023511689505539834,0.0015159155009314418,0.007598942145705223,0.03508848696947098,0.17730629444122314,0.5,1.0,1.0,1.0
6,4710,25000,0.3093506395816803,0.3995257019996643,9.99999905104687e-09,1.0,9.99999905104687e-09,2.1443282093969174e-05,0.0002407342690275982,0.0015338772209361196,0.007669786922633648,0.034692250192165375,0.17538340389728546,0.5,1.0,1.0,1.0
6,4720,25000,0.3095318078994751,0.3994654715061188,9.99999905104687e-09,1.0,9.99999905104687e-09,2.1763091353932396e-05,0.00023744037025608122,0.001507107517682016,0.007733499631285667,0.03498092293739319,0.17808297276496887,0.5,1.0,1.0,1.0
6,4730,25000,0.3093191087245941,0.39949753880500793,9.99999905104687e-09,1.0,9.99999905104687e-09,2.156187292712275e-05,0.00023654148390050977,0.001519907615147531,0.007678758818656206,0.034451741725206375,0.17677871882915497,0.5,1.0,1.0,1.0
6,4740,25000,0.309419184923172,0.39947980642318726,9.99999905104687e-09,1.0,9.99999905104687e-09,2.135941213055048e-05,0.00023715096176601946,0.0015267946291714907,0.007650164887309074,0.03453677147626877,0.17703548073768616,0.5,1.0,1.0,1.0
6,4750,25000,0.3094177842140198,0.39949679374694824,9.99999905104687e-09,1.0,9.99999905104687e-09,2.145819780707825e-05,0.00023568296455778182,0.001515849493443966,0.007708422373980284,0.035085245966911316,0.17626531422138214,0.5,1.0,1.0,1.0
6,4760,25000,0.30946099758148193,0.3994792699813843,9.99999905104687e-09,1.0,9.99999905104687e-09,2.1630212359013967e-05,0.00023854317259974778,0.0015361617552116513,0.00763759994879365,0.03499534726142883,0.1771753877401352,0.5,1.0,1.0,1.0
6,4770,25000,0.30937227606773376,0.39943209290504456,9.99999905104687e-09,1.0,9.99999905104687e-09,2.170563311665319e-05,0.00023537568631581962,0.0015173772117123008,0.007724312599748373,0.03457608073949814,0.17736095190048218,0.5,1.0,1.0,1.0
6,4780,25000,0.30931904911994934,0.39946672320365906,9.99999905104687e-09,1.0,9.99999905104687e-09,2.1503117750398815e-05,0.0002349312708247453,0.0015324079431593418,0.007686547003686428,0.03471733629703522,0.1763119399547577,0.5,1.0,1.0,1.0
6,4790,25000,0.30944013595581055,0.39947161078453064,9.99999905104687e-09,1.0,9.99999905104687e-09,2.1326310161384754e-05,0.0002373857714701444,0.0015451080398634076,0.0076640998013317585,0.03471698239445686,0.1758866012096405,0.5,1.0,1.0,1.0
6,4800,25000,0.3094262182712555,0.39941537380218506,9.99999905104687e-09,1.0,9.99999905104687e-09,2.163465069315862e-05,0.00023477310605812818,0.0015327729051932693,0.007728635799139738,0.035315051674842834,0.17836731672286987,0.5,1.0,1.0,1.0
6,4810,25000,0.30938491225242615,0.39945629239082336,9.99999905104687e-09,1.0,9.99999905104687e-09,2.1518553694477305e-05,0.0002387414569966495,0.0015450245700776577,0.007701418828219175,0.03458411991596222,0.17593832314014435,0.5,1.0,1.0,1.0
6,4820,25000,0.309381365776062,0.39943763613700867,9.99999905104687e-09,1.0,9.99999905104687e-09,2.1519635993172415e-05,0.00024004653096199036,0.0015326010761782527,0.0077358209528028965,0.03476809710264206,0.1765635460615158,0.5,1.0,1.0,1.0
6,4830,25000,0.3093855381011963,0.3994726538658142,9.99999905104687e-09,1.0,9.99999905104687e-09,2.1672554794349708e-05,0.00023784338554833084,0.0015301608946174383,0.007714518811553717,0.034690845757722855,0.1755371391773224,0.5,1.0,1.0,1.0
6,4840,25000,0.30926311016082764,0.39947107434272766,9.99999905104687e-09,1.0,9.99999905104687e-09,2.1263760572765023e-05,0.00024025286256801337,0.001527771120890975,0.007732831872999668,0.03454834222793579,0.17513135075569153,0.5,1.0,1.0,1.0
6,4850,25000,0.3092293441295624,0.3994588255882263,9.99999905104687e-09,1.0,9.99999905104687e-09,2.1610348994727246e-05,0.000239072076510638,0.0015342385740950704,0.007699028123170137,0.03444922715425491,0.1750417947769165,0.5,1.0,1.0,1.0
6,4860,25000,0.30938199162483215,0.3994545340538025,9.99999905104687e-09,1.0,9.99999905104687e-09,2.1644975277013145e-05,0.0002357814955757931,0.0015188136603683233,0.007675869856029749,0.0348210483789444,0.1761317104101181,0.5,1.0,1.0,1.0
6,4870,25000,0.30936235189437866,0.39954084157943726,9.99999905104687e-09,1.0,9.99999905104687e-09,2.14498613786418e-05,0.00023404997773468494,0.0015272122109308839,0.007622407283633947,0.03442297875881195,0.17569014430046082,0.5,1.0,1.0,1.0
6,4880,25000,0.3093396723270416,0.39951685070991516,9.99999905104687e-09,1.0,9.99999905104687e-09,2.1298254068824463e-05,0.00023393311130348593,0.0015288720605894923,0.0077183726243674755,0.034579355269670486,0.175314798951149,0.5,1.0,1.0,1.0
6,4890,25000,0.30934596061706543,0.39946016669273376,9.99999905104687e-09,1.0,9.99999905104687e-09,2.1526684577111155e-05,0.00023402478836942464,0.001514093135483563,0.007614953443408012,0.03478245437145233,0.17612189054489136,0.5,1.0,1.0,1.0
6,4900,25000,0.3094014823436737,0.3994332253932953,9.99999905104687e-09,1.0,9.99999905104687e-09,2.16149928746745e-05,0.00023989113105926663,0.0015147144440561533,0.00757391843944788,0.03446238487958908,0.1771959513425827,0.5,1.0,1.0,1.0
6,4910,25000,0.3093545138835907,0.3994942605495453,9.99999905104687e-09,1.0,9.99999905104687e-09,2.159033829229884e-05,0.00023822464572731405,0.0015287225833162665,0.00764462212100625,0.03452852740883827,0.17660966515541077,0.5,1.0,1.0,1.0
6,4920,25000,0.3092971742153168,0.39947086572647095,9.99999905104687e-09,1.0,9.99999905104687e-09,2.161775773856789e-05,0.00023778427566867322,0.0015558938030153513,0.007682666648179293,0.034567490220069885,0.17574317753314972,0.5,1.0,1.0,1.0
6,4930,25000,0.3093200922012329,0.3994629681110382,9.99999905104687e-09,1.0,9.99999905104687e-09,2.13735293073114e-05,0.00023575348313897848,0.0015394652727991343,0.007643925957381725,0.034926459193229675,0.17408154904842377,0.5,1.0,1.0,1.0
6,4940,25000,0.30932700634002686,0.3995230495929718,9.99999905104687e-09,1.0,9.99999905104687e-09,2.1615614969050512e-05,0.00023275654530152678,0.001518849516287446,0.007674595341086388,0.03472136706113815,0.1758284866809845,0.5,1.0,1.0,1.0
6,4950,25000,0.3094692528247833,0.39948877692222595,9.99999905104687e-09,1.0,9.99999905104687e-09,2.1486703190021217e-05,0.00023832065926399082,0.0015317321522161365,0.007605519145727158,0.034629855304956436,0.17691750824451447,0.5,1.0,1.0,1.0
6,4960,25000,0.3092900514602661,0.3994792401790619,9.99999905104687e-09,1.0,9.99999905104687e-09,2.1658641344401985e-05,0.00023451301967725158,0.0015272272285073996,0.007754466030746698,0.034966178238391876,0.17570459842681885,0.5,1.0,1.0,1.0
6,4970,25000,0.3093859553337097,0.39947158098220825,9.99999905104687e-09,1.0,9.99999905104687e-09,2.163072713301517e-05,0.00023688572400715202,0.001551564666442573,0.007715370040386915,0.03466617316007614,0.1761128306388855,0.5,1.0,1.0,1.0
6,4980,25000,0.30935001373291016,0.3994921147823334,9.99999905104687e-09,1.0,9.99999905104687e-09,2.1529538571485318e-05,0.00023122320999391377,0.001551346154883504,0.007689009420573711,0.03467334434390068,0.1759045273065567,0.5,1.0,1.0,1.0
6,4990,25000,0.3094128668308258,0.39944955706596375,9.99999905104687e-09,1.0,9.99999905104687e-09,2.1459873096318915e-05,0.0002345414541196078,0.0015257487539201975,0.007733693812042475,0.03508350998163223,0.17616748809814453,0.5,1.0,1.0,1.0
6,5000,25000,0.30932649970054626,0.3994249105453491,9.99999905104687e-09,1.0,9.99999905104687e-09,2.1315650883479975e-05,0.0002439674426568672,0.0015327564906328917,0.007706205360591412,0.034715794026851654,0.17638935148715973,0.5,1.0,1.0,1.0
6,5010,25000,0.30917665362358093,0.39943966269493103,9.99999905104687e-09,1.0,9.99999905104687e-09,2.1656886019627564e-05,0.0002358198253205046,0.0015243364032357931,0.00767921656370163,0.03481202572584152,0.1754062920808792,0.5,1.0,1.0,1.0
6,5020,25000,0.3093237578868866,0.3994719088077545,9.99999905104687e-09,1.0,9.99999905104687e-09,2.1900352294323966e-05,0.00023678006255067885,0.0015572349075227976,0.007828560657799244,0.03456924110651016,0.17533020675182343,0.5,1.0,1.0,1.0
6,5030,25000,0.3093588650226593,0.39945173263549805,9.99999905104687e-09,1.0,9.99999905104687e-09,2.149909778381698e-05,0.0002342424268135801,0.0015254032332450151,0.007720950525254011,0.03476556017994881,0.17610424757003784,0.5,1.0,1.0,1.0
6,5040,25000,0.30935004353523254,0.39948365092277527,9.99999905104687e-09,1.0,9.99999905104687e-09,2.1337586076697335e-05,0.0002367492124903947,0.001530385809019208,0.007636250462383032,0.034810621291399,0.1756780445575714,0.5,1.0,1.0,1.0
6,5050,25000,0.3092905580997467,0.3994537889957428,9.99999905104687e-09,1.0,9.99999905104687e-09,2.1633786673191935e-05,0.0002372376766288653,0.0015452430816367269,0.0076042297296226025,0.03461073338985443,0.17551082372665405,0.5,1.0,1.0,1.0
6,5060,25000,0.30943626165390015,0.39951470494270325,9.99999905104687e-09,1.0,9.99999905104687e-09,2.1417776224552654e-05,0.00023486820282414556,0.0015278911450877786,0.007737240754067898,0.03448174148797989,0.17728839814662933,0.5,1.0,1.0,1.0
6,5070,25000,0.30943503975868225,0.3994860053062439,9.99999905104687e-09,1.0,9.99999905104687e-09,2.1534924599109218e-05,0.00023806997342035174,0.0015400983393192291,0.0076914518140256405,0.03515532240271568,0.1754487305879593,0.5,1.0,1.0,1.0
6,5080,25000,0.3093547523021698,0.39949139952659607,9.99999905104687e-09,1.0,9.99999905104687e-09,2.1575078790192492e-05,0.00023751224216539413,0.0015185511438176036,0.0076380264945328236,0.0344686321914196,0.17629456520080566,0.5,1.0,1.0,1.0
6,5090,25000,0.3094003200531006,0.39952200651168823,9.99999905104687e-09,1.0,9.99999905104687e-09,2.1934583855909295e-05,0.00023583194706588984,0.0015409241896122694,0.007767367176711559,0.03455948084592819,0.17631219327449799,0.5,1.0,1.0,1.0
6,5100,25000,0.30950602889060974,0.39947348833084106,9.99999905104687e-09,1.0,9.99999905104687e-09,2.1322361135389656e-05,0.00023836946638766676,0.0015446023317053914,0.007735271006822586,0.034989528357982635,0.17787916958332062,0.5,1.0,1.0,1.0
6,5110,25000,0.30935102701187134,0.39951154589653015,9.99999905104687e-09,1.0,9.99999905104687e-09,2.145439611922484e-05,0.0002337904879823327,0.0015137712471187115,0.007606023922562599,0.03470980376005173,0.17573657631874084,0.5,1.0,1.0,1.0
6,5120,25000,0.3093838095664978,0.3995377719402313,9.99999905104687e-09,1.0,9.99999905104687e-09,2.1603915229206905e-05,0.00023705980856902897,0.0015480901347473264,0.007690408732742071,0.03460629656910896,0.17447490990161896,0.5,1.0,1.0,1.0
6,5130,25000,0.309378057718277,0.39948025345802307,9.99999905104687e-09,1.0,9.99999905104687e-09,2.14023584703682e-05,0.00023473662440665066,0.0015517240390181541,0.007611999753862619,0.03500836342573166,0.17652837932109833,0.5,1.0,1.0,1.0
6,5140,25000,0.3094314634799957,0.39946070313453674,9.99999905104687e-09,1.0,9.99999905104687e-09,2.1521631424548104e-05,0.00023502155090682209,0.0015224175294861197,0.00775067089125514,0.03459760546684265,0.17602087557315826,0.5,1.0,1.0,1.0
6,5150,25000,0.30941733717918396,0.3994803726673126,9.99999905104687e-09,1.0,9.99999905104687e-09,2.123118974850513e-05,0.00023720129684079438,0.001557793584652245,0.007723953574895859,0.034566283226013184,0.17542466521263123,0.5,1.0,1.0,1.0
6,5160,25000,0.3093535006046295,0.39949876070022583,9.99999905104687e-09,1.0,9.99999905104687e-09,2.1881007342017256e-05,0.00023500485986005515,0.0015413665678352118,0.007741859182715416,0.03460444509983063,0.17696918547153473,0.5,1.0,1.0,1.0
6,5170,25000,0.3093835115432739,0.39941269159317017,9.99999905104687e-09,1.0,9.99999905104687e-09,2.17481137951836e-05,0.000236365434830077,0.001546631334349513,0.007754676975309849,0.03494342789053917,0.17714084684848785,0.5,1.0,1.0,1.0
6,5180,25000,0.3094414174556732,0.399432510137558,9.99999905104687e-09,1.0,9.99999905104687e-09,2.1760106392321177e-05,0.00023452355526387691,0.0015317791840061545,0.007669954560697079,0.03477520868182182,0.1764652580022812,0.5,1.0,1.0,1.0
6,5190,25000,0.3093908727169037,0.39948299527168274,9.99999905104687e-09,1.0,9.99999905104687e-09,2.1548041331698187e-05,0.0002347812696825713,0.0015261536464095116,0.0076840715482831,0.03507239371538162,0.17437252402305603,0.5,1.0,1.0,1.0
6,5200,25000,0.30929842591285706,0.3994879126548767,9.99999905104687e-09,1.0,9.99999905104687e-09,2.1303419998730533e-05,0.00023768590472172946,0.0015434087254106998,0.007614808157086372,0.03471691161394119,0.17528173327445984,0.5,1.0,1.0,1.0
6,5210,25000,0.30943164229393005,0.39947250485420227,9.99999905104687e-09,1.0,9.99999905104687e-09,2.141829827451147e-05,0.0002354736061533913,0.0015404821606352925,0.007718898355960846,0.034860774874687195,0.17611607909202576,0.5,1.0,1.0,1.0
6,5220,25000,0.30931153893470764,0.3994770646095276,9.99999905104687e-09,1.0,9.99999905104687e-09,2.1876743630855344e-05,0.00023513176711276174,0.00151842983905226,0.007688512094318867,0.03449172526597977,0.17629213631153107,0.5,1.0,1.0,1.0
6,5230,25000,0.3094984292984009,0.39944157004356384,9.99999905104687e-09,1.0,9.99999905104687e-09,2.1390307665569708e-05,0.0002372421877225861,0.0015321398386731744,0.007719613146036863,0.03482174128293991,0.17696259915828705,0.5,1.0,1.0,1.0
6,5240,25000,0.30950239300727844,0.3994535207748413,9.99999905104687e-09,1.0,9.99999905104687e-09,2.137027149728965e-05,0.0002378699864493683,0.0015492882812395692,0.007735263556241989,0.03479621559381485,0.1773722767829895,0.5,1.0,1.0,1.0
6,5250,25000,0.30931058526039124,0.3995237350463867,9.99999905104687e-09,1.0,9.99999905104687e-09,2.1494606698979624e-05,0.00023538232198916376,0.0015109949745237827,0.0077549549750983715,0.03457946330308914,0.17534908652305603,0.5,1.0,1.0,1.0
6,5260,25000,0.3093518316745758,0.3994976282119751,9.99999905104687e-09,1.0,9.99999905104687e-09,2.189554288634099e-05,0.0002379860234213993,0.001524265157058835,0.00775971869006753,0.034676723182201385,0.17540733516216278,0.5,1.0,1.0,1.0
6,5270,25000,0.30924177169799805,0.39947566390037537,9.99999905104687e-09,1.0,9.99999905104687e-09,2.1705116523662582e-05,0.00023659625730942935,0.0015184249496087432,0.00773724215105176,0.03457438945770264,0.1753084510564804,0.5,1.0,1.0,1.0
6,5280,25000,0.30943435430526733,0.3994380831718445,9.99999905104687e-09,1.0,9.99999905104687e-09,2.1466752514243126e-05,0.00023761023476254195,0.0015323462430387735,0.007716549094766378,0.034846968948841095,0.17598271369934082,0.5,1.0,1.0,1.0
6,5290,25000,0.309312105178833,0.3994888663291931,9.99999905104687e-09,1.0,9.99999905104687e-09,2.136432522092946e-05,0.00023745627549942583,0.0015456347027793527,0.007631049957126379,0.03485427051782608,0.17588163912296295,0.5,1.0,1.0,1.0
6,5300,25000,0.30936214327812195,0.3994338810443878,9.99999905104687e-09,1.0,9.99999905104687e-09,2.1451876818900928e-05,0.00023528927704319358,0.0015284825349226594,0.007705843076109886,0.03469385951757431,0.17681439220905304,0.5,1.0,1.0,1.0
6,5310,25000,0.30936187505722046,0.39945361018180847,9.99999905104687e-09,1.0,9.99999905104687e-09,2.1654481315636076e-05,0.000235613391851075,0.0015227136900648475,0.007693949155509472,0.035196900367736816,0.17534281313419342,0.5,1.0,1.0,1.0
6,5320,25000,0.3093176782131195,0.39946454763412476,9.99999905104687e-09,1.0,9.99999905104687e-09,2.178514114348218e-05,0.00023778884497005492,0.00152036442887038,0.007636928930878639,0.034823939204216,0.17647778987884521,0.5,1.0,1.0,1.0
6,5330,25000,0.3094753623008728,0.39947274327278137,9.99999905104687e-09,1.0,9.99999905104687e-09,2.1585128706647083e-05,0.0002347923582419753,0.001552822533994913,0.0077320062555372715,0.03501777723431587,0.17507901787757874,0.5,1.0,1.0,1.0
6,5340,25000,0.30932846665382385,0.39952415227890015,9.99999905104687e-09,1.0,9.99999905104687e-09,2.156285336241126e-05,0.0002362316008657217,0.0015129520324990153,0.007652902975678444,0.034601397812366486,0.17416313290596008,0.5,1.0,1.0,1.0
6,5350,25000,0.30941274762153625,0.3994964361190796,9.99999905104687e-09,1.0,9.99999905104687e-09,2.1516367269214243e-05,0.00023391733702737838,0.0015494946856051683,0.007685795892030001,0.03484749048948288,0.17517916858196259,0.5,1.0,1.0,1.0
6,5360,25000,0.30944740772247314,0.39949488639831543,9.99999905104687e-09,1.0,9.99999905104687e-09,2.1910191208007745e-05,0.00023858409258536994,0.0015291027957573533,0.0077960072085261345,0.03500308841466904,0.17656995356082916,0.5,1.0,1.0,1.0
6,5370,25000,0.30941593647003174,0.39953604340553284,9.99999905104687e-09,1.0,9.99999905104687e-09,2.1428191757877357e-05,0.00023740007600281388,0.001508795190602541,0.0077125877141952515,0.03468186408281326,0.17499566078186035,0.5,1.0,1.0,1.0
6,5380,25000,0.30936890840530396,0.39949652552604675,9.99999905104687e-09,1.0,9.99999905104687e-09,2.1635360099026002e-05,0.00023863281239755452,0.0015416950918734074,0.007766499649733305,0.03465759754180908,0.1762675791978836,0.5,1.0,1.0,1.0
6,5390,25000,0.30916112661361694,0.39951056241989136,9.99999905104687e-09,1.0,9.99999905104687e-09,2.1571657271124423e-05,0.00023321218031924218,0.0015281272353604436,0.007786804810166359,0.03438428044319153,0.17342650890350342,0.5,1.0,1.0,1.0
6,5400,25000,0.3093091547489166,0.3995097279548645,9.99999905104687e-09,1.0,9.99999905104687e-09,2.157204653485678e-05,0.0002366237313253805,0.0015224914532154799,0.0076573509722948074,0.034832537174224854,0.17584742605686188,0.5,1.0,1.0,1.0
6,5410,25000,0.3093673288822174,0.3994784951210022,9.99999905104687e-09,1.0,9.99999905104687e-09,2.16382322832942e-05,0.00023183631128631532,0.0015337776858359575,0.0077324528247118,0.03457757830619812,0.17584247887134552,0.5,1.0,1.0,1.0
6,5420,25000,0.3093957006931305,0.399443656206131,9.99999905104687e-09,1.0,9.99999905104687e-09,2.1566758732660674e-05,0.0002362000523135066,0.0015215497696772218,0.007700537331402302,0.03499961644411087,0.17657221853733063,0.5,1.0,1.0,1.0
6,5430,25000,0.30936190485954285,0.39949271082878113,9.99999905104687e-09,1.0,9.99999905104687e-09,2.1810106773045845e-05,0.00023442810925189406,0.00153206882532686,0.007698215078562498,0.03483784198760986,0.17580921947956085,0.5,1.0,1.0,1.0
6,5440,25000,0.30926766991615295,0.39943623542785645,9.99999905104687e-09,1.0,9.99999905104687e-09,2.1839110559085384e-05,0.00023822237562853843,0.0015196087770164013,0.00775744765996933,0.034612998366355896,0.1750561147928238,0.5,1.0,1.0,1.0
6,5450,25000,0.3091876208782196,0.3994421064853668,9.99999905104687e-09,1.0,9.99999905104687e-09,2.1700807337765582e-05,0.0002349036221858114,0.001539840130135417,0.007709142751991749,0.03474831581115723,0.17396387457847595,0.5,1.0,1.0,1.0
6,5460,25000,0.309393972158432,0.39948204159736633,9.99999905104687e-09,1.0,9.99999905104687e-09,2.151351873180829e-05,0.00023163907462731004,0.0015339059755206108,0.0077498555183410645,0.03481851518154144,0.17523786425590515,0.5,1.0,1.0,1.0
6,5470,25000,0.30932551622390747,0.3995203673839569,9.99999905104687e-09,1.0,9.99999905104687e-09,2.1314943296601996e-05,0.00023913808399811387,0.0015214283484965563,0.007645411882549524,0.03472720831632614,0.17515352368354797,0.5,1.0,1.0,1.0
6,5480,25000,0.30932867527008057,0.39946866035461426,9.99999905104687e-09,1.0,9.99999905104687e-09,2.1363610358093865e-05,0.0002368432324146852,0.0015184110961854458,0.007622987497597933,0.03480742126703262,0.1759515404701233,0.5,1.0,1.0,1.0
6,5490,25000,0.309407502412796,0.399501234292984,9.99999905104687e-09,1.0,9.99999905104687e-09,2.1656076569342986e-05,0.00023674020485486835,0.0015167035162448883,0.007657498586922884,0.03472031652927399,0.17487476766109467,0.5,1.0,1.0,1.0
6,5500,25000,0.30937573313713074,0.39947694540023804,9.99999905104687e-09,1.0,9.99999905104687e-09,2.14358060475206e-05,0.00023752241395413876,0.0015394105575978756,0.0076355524361133575,0.03498908132314682,0.1757502555847168,0.5,1.0,1.0,1.0
6,5510,25000,0.3093052804470062,0.39944884181022644,9.99999905104687e-09,1.0,9.99999905104687e-09,2.147675877495203e-05,0.0002386162814218551,0.0015205336967483163,0.007687829434871674,0.034527331590652466,0.17551347613334656,0.5,1.0,1.0,1.0
6,5520,25000,0.3093337416648865,0.39947235584259033,9.99999905104687e-09,1.0,9.99999905104687e-09,2.153643981728237e-05,0.00023390290152747184,0.001549872220493853,0.0076592471450567245,0.03455129265785217,0.17576585710048676,0.5,1.0,1.0,1.0
6,5530,25000,0.3094498813152313,0.3994161784648895,9.99999905104687e-09,1.0,9.99999905104687e-09,2.1268857381073758e-05,0.00023685120686423033,0.0015500194858759642,0.007661572657525539,0.034650035202503204,0.17873013019561768,0.5,1.0,1.0,1.0
6,5540,25000,0.3093945384025574,0.3994436264038086,9.99999905104687e-09,1.0,9.99999905104687e-09,2.1719271899200976e-05,0.00023612442601006478,0.0015347901498898864,0.007673957385122776,0.034641481935977936,0.1764553189277649,0.5,1.0,1.0,1.0
6,5550,25000,0.30938801169395447,0.39948582649230957,9.99999905104687e-09,1.0,9.99999905104687e-09,2.1316553102224134e-05,0.00023735759896226227,0.0015307313296943903,0.007757154759019613,0.03453642874956131,0.17526768147945404,0.5,1.0,1.0,1.0
6,5560,25000,0.3093593418598175,0.3994678854942322,9.99999905104687e-09,1.0,9.99999905104687e-09,2.1855279555893503e-05,0.00023692975810263306,0.0015272644814103842,0.007752660661935806,0.034764211624860764,0.1762932687997818,0.5,1.0,1.0,1.0
6,5570,25000,0.30931180715560913,0.3994673192501068,9.99999905104687e-09,1.0,9.99999905104687e-09,2.126510844391305e-05,0.0002370196598349139,0.001538758398965001,0.007672323379665613,0.03498658165335655,0.1763603240251541,0.5,1.0,1.0,1.0
6,5580,25000,0.30936920642852783,0.39950504899024963,9.99999905104687e-09,1.0,9.99999905104687e-09,2.153757304768078e-05,0.00023604001034982502,0.0015426325844600797,0.0076646083034574986,0.03415515273809433,0.17684614658355713,0.5,1.0,1.0,1.0
6,5590,25000,0.3094143867492676,0.39946648478507996,9.99999905104687e-09,1.0,9.99999905104687e-09,2.1538402506848797e-05,0.00023591068747919053,0.0015246117254719138,0.007646006532013416,0.03477887064218521,0.17637403309345245,0.5,1.0,1.0,1.0
6,5600,25000,0.30932730436325073,0.3994799852371216,9.99999905104687e-09,1.0,9.99999905104687e-09,2.1638568796333857e-05,0.00023748855164740235,0.0015226234681904316,0.007710193283855915,0.03470109403133392,0.17601531744003296,0.5,1.0,1.0,1.0
6,5610,25000,0.30939146876335144,0.39951053261756897,9.99999905104687e-09,1.0,9.99999905104687e-09,2.1538508008234203e-05,0.00023481473908759654,0.0015359872486442327,0.00768039096146822,0.034723911434412,0.17502090334892273,0.5,1.0,1.0,1.0
6,5620,25000,0.3094453513622284,0.39947372674942017,9.99999905104687e-09,1.0,9.99999905104687e-09,2.16395146708237e-05,0.0002386695850873366,0.001544884406030178,0.007694524247199297,0.034850284457206726,0.1786019206047058,0.5,1.0,1.0,1.0
6,5630,25000,0.30945730209350586,0.3994876742362976,9.99999905104687e-09,1.0,9.99999905104687e-09,2.1236788597889245e-05,0.00023677924764342606,0.0015460929134860635,0.007668823003768921,0.03484022989869118,0.17726542055606842,0.5,1.0,1.0,1.0
6,5640,25000,0.3093085289001465,0.39949995279312134,9.99999905104687e-09,1.0,9.99999905104687e-09,2.1899588318774477e-05,0.0002341423969483003,0.0015327089931815863,0.007649511098861694,0.034771859645843506,0.1758667528629303,0.5,1.0,1.0,1.0
6,5650,25000,0.3094433546066284,0.39951956272125244,9.99999905104687e-09,1.0,9.99999905104687e-09,2.1468202248797752e-05,0.00023607152979820967,0.0015331240138038993,0.0077688503079116344,0.03477024286985397,0.17687556147575378,0.5,1.0,1.0,1.0
6,5660,25000,0.3093382716178894,0.3995456099510193,9.99999905104687e-09,1.0,9.99999905104687e-09,2.15502532228129e-05,0.00023631328076589853,0.0015298844082280993,0.007741271983832121,0.034727226942777634,0.17426329851150513,0.5,1.0,1.0,1.0
6,5670,25000,0.30945515632629395,0.3994978666305542,9.99999905104687e-09,1.0,9.99999905104687e-09,2.158069037250243e-05,0.00023612998484168202,0.0015374700305983424,0.007682985160499811,0.03484628349542618,0.17580853402614594,0.5,1.0,1.0,1.0
6,5680,25000,0.30941852927207947,0.3995033800601959,9.99999905104687e-09,1.0,9.99999905104687e-09,2.1550542442128062e-05,0.00023673541727475822,0.001518869074061513,0.007648310624063015,0.03469417244195938,0.1758328080177307,0.5,1.0,1.0,1.0
6,5690,25000,0.3094647526741028,0.399427592754364,9.99999905104687e-09,1.0,9.99999905104687e-09,2.156211485271342e-05,0.000238366104895249,0.0015437958063557744,0.007705120835453272,0.035260654985904694,0.1780056208372116,0.5,1.0,1.0,1.0
6,5700,25000,0.30936792492866516,0.3994915187358856,9.99999905104687e-09,1.0,9.99999905104687e-09,2.1465619283844717e-05,0.00023526494624093175,0.0015206156531348825,0.007708790246397257,0.03498407453298569,0.174953430891037,0.5,1.0,1.0,1.0
6,5710,25000,0.30938848853111267,0.3995416462421417,9.99999905104687e-09,1.0,9.99999905104687e-09,2.1660522179445252e-05,0.00023498891096096486,0.0015386956511065364,0.007744315546005964,0.034343525767326355,0.17604392766952515,0.5,1.0,1.0,1.0
6,5720,25000,0.30949434638023376,0.3995140492916107,9.99999905104687e-09,1.0,9.99999905104687e-09,2.1632433345075697e-05,0.0002371911978116259,0.001537915552034974,0.007785805966705084,0.03473678231239319,0.17719846963882446,0.5,1.0,1.0,1.0
6,5730,25000,0.3094121813774109,0.399456262588501,9.99999905104687e-09,1.0,9.99999905104687e-09,2.2124586394056678e-05,0.00023762921045999974,0.0015271831071004272,0.007800813298672438,0.03482756018638611,0.1758270114660263,0.5,1.0,1.0,1.0
6,5740,25000,0.3093855082988739,0.3994583487510681,9.99999905104687e-09,1.0,9.99999905104687e-09,2.1571146135102026e-05,0.0002355169563088566,0.001522745005786419,0.007689405232667923,0.03495800122618675,0.17622679471969604,0.5,1.0,1.0,1.0
6,5750,25000,0.30927327275276184,0.3993989825248718,9.99999905104687e-09,1.0,9.99999905104687e-09,2.1650725102517754e-05,0.00023824024538043886,0.0015353428898379207,0.007675671949982643,0.03457431495189667,0.17669081687927246,0.5,1.0,1.0,1.0
6,5760,25000,0.3093568682670593,0.3994438946247101,9.99999905104687e-09,1.0,9.99999905104687e-09,2.1620162442559376e-05,0.0002365418040426448,0.0015364955179393291,0.007739465683698654,0.03474413603544235,0.17699670791625977,0.5,1.0,1.0,1.0
6,5770,25000,0.309283584356308,0.3994768559932709,9.99999905104687e-09,1.0,9.99999905104687e-09,2.1751897293142974e-05,0.00023318863532040268,0.001548845786601305,0.007710072211921215,0.034806057810783386,0.17643846571445465,0.5,1.0,1.0,1.0
6,5780,25000,0.30933678150177,0.3994588553905487,9.99999905104687e-09,1.0,9.99999905104687e-09,2.1184514480410144e-05,0.00023527431767433882,0.0015083842445164919,0.007671152241528034,0.03470310941338539,0.1750480830669403,0.5,1.0,1.0,1.0
6,5790,25000,0.30927425622940063,0.39949411153793335,9.99999905104687e-09,1.0,9.99999905104687e-09,2.1313768229447305e-05,0.00023654151300434023,0.0015370466280728579,0.007691670209169388,0.03477749228477478,0.1749483197927475,0.5,1.0,1.0,1.0
6,5800,25000,0.3093148171901703,0.3994700610637665,9.99999905104687e-09,1.0,9.99999905104687e-09,2.1480809664353728e-05,0.00023265014169737697,0.001524997060187161,0.0076215509325265884,0.034427374601364136,0.17583537101745605,0.5,1.0,1.0,1.0
6,5810,25000,0.30937907099723816,0.3995070159435272,9.99999905104687e-09,1.0,9.99999905104687e-09,2.135146496584639e-05,0.00023479752417188138,0.001525119412690401,0.007712600287050009,0.03478838875889778,0.1758345663547516,0.5,1.0,1.0,1.0
6,5820,25000,0.30938437581062317,0.39940544962882996,9.99999905104687e-09,1.0,9.99999905104687e-09,2.155900619982276e-05,0.00024089572252705693,0.0015320794191211462,0.007719336077570915,0.03473317623138428,0.17640700936317444,0.5,1.0,1.0,1.0
6,5830,25000,0.30932360887527466,0.39945945143699646,9.99999905104687e-09,1.0,9.99999905104687e-09,2.1456762624438852e-05,0.00023843618691898882,0.0015443854499608278,0.007742403075098991,0.034869883209466934,0.17504525184631348,0.5,1.0,1.0,1.0
6,5840,25000,0.3093072474002838,0.3994210958480835,9.99999905104687e-09,1.0,9.99999905104687e-09,2.1487723643076606e-05,0.00023570249322801828,0.0015390628250315785,0.007711314596235752,0.034710317850112915,0.177060067653656,0.5,1.0,1.0,1.0
6,5850,25000,0.30953657627105713,0.39941200613975525,9.99999905104687e-09,1.0,9.99999905104687e-09,2.157670860469807e-05,0.00023746435181237757,0.0015421404968947172,0.007720898371189833,0.035321421921253204,0.17643232643604279,0.5,1.0,1.0,1.0
6,5860,25000,0.30941540002822876,0.3994010388851166,9.99999905104687e-09,1.0,9.99999905104687e-09,2.1428277250379324e-05,0.00023544761643279344,0.0015514115802943707,0.0078108543530106544,0.034986261278390884,0.17625360190868378,0.5,1.0,1.0,1.0
6,5870,25000,0.3093552589416504,0.39942610263824463,9.99999905104687e-09,1.0,9.99999905104687e-09,2.1079804355395027e-05,0.00023708411026746035,0.001562092686071992,0.007665382232517004,0.0349268764257431,0.17621064186096191,0.5,1.0,1.0,1.0
6,5880,25000,0.30924901366233826,0.39956313371658325,9.99999905104687e-09,1.0,9.99999905104687e-09,2.168970968341455e-05,0.00023326919472310692,0.001539633609354496,0.007653615903109312,0.03440599888563156,0.17420396208763123,0.5,1.0,1.0,1.0
6,5890,25000,0.3095160722732544,0.3994687497615814,9.99999905104687e-09,1.0,9.99999905104687e-09,2.135163958882913e-05,0.0002377278869971633,0.0015297777717933059,0.00775174843147397,0.034465957432985306,0.1783698946237564,0.5,1.0,1.0,1.0
6,5900,25000,0.30942198634147644,0.3994978070259094,9.99999905104687e-09,1.0,9.99999905104687e-09,2.169593790313229e-05,0.00023772493295837194,0.001540666096843779,0.007662700489163399,0.03475182503461838,0.17656134068965912,0.5,1.0,1.0,1.0
6,5910,25000,0.3093714714050293,0.39945635199546814,9.99999905104687e-09,1.0,9.99999905104687e-09,2.155370202672202e-05,0.00023887342831585556,0.0015387763269245625,0.007671959698200226,0.034582216292619705,0.1758650541305542,0.5,1.0,1.0,1.0
6,5920,25000,0.3092915415763855,0.39944595098495483,9.99999905104687e-09,1.0,9.99999905104687e-09,2.1675881725968793e-05,0.0002357695047976449,0.001541528501547873,0.007737040985375643,0.03494957834482193,0.17577731609344482,0.5,1.0,1.0,1.0
6,5930,25000,0.3093946874141693,0.39951571822166443,9.99999905104687e-09,1.0,9.99999905104687e-09,2.1439209376694635e-05,0.00023266614880412817,0.0015116564463824034,0.0077212597243487835,0.03470592945814133,0.17557397484779358,0.5,1.0,1.0,1.0
6,5940,25000,0.30932873487472534,0.3995111584663391,9.99999905104687e-09,1.0,9.99999905104687e-09,2.1427225874504074e-05,0.0002329138369532302,0.0015246138209477067,0.007666517980396748,0.03447812795639038,0.1762416958808899,0.5,1.0,1.0,1.0
6,5950,25000,0.30925002694129944,0.39948132634162903,9.99999905104687e-09,1.0,9.99999905104687e-09,2.130015127477236e-05,0.00023635248362552375,0.001529255649074912,0.007674362976104021,0.034595586359500885,0.1738589107990265,0.5,1.0,1.0,1.0
6,5960,25000,0.3093930184841156,0.39943793416023254,9.99999905104687e-09,1.0,9.99999905104687e-09,2.1682484657503664e-05,0.00023669890651945025,0.0015246339607983828,0.007700576912611723,0.03496858477592468,0.17752844095230103,0.5,1.0,1.0,1.0
6,5970,25000,0.30940163135528564,0.3994828462600708,9.99999905104687e-09,1.0,9.99999905104687e-09,2.1572301193373278e-05,0.00023772062559146434,0.001536730327643454,0.007626221049576998,0.03472831845283508,0.17528913915157318,0.5,1.0,1.0,1.0
6,5980,25000,0.3092998266220093,0.3995198607444763,9.99999905104687e-09,1.0,9.99999905104687e-09,2.15979616768891e-05,0.00023508272715844214,0.0015192414866760373,0.007648997474461794,0.03426428139209747,0.17534089088439941,0.5,1.0,1.0,1.0
6,5990,25000,0.3093241751194,0.39946672320365906,9.99999905104687e-09,1.0,9.99999905104687e-09,2.1814745196024887e-05,0.00023856305051594973,0.0015262444503605366,0.007674318738281727,0.03447012975811958,0.1766933649778366,0.5,1.0,1.0,1.0
6,6000,25000,0.3093512952327728,0.3994687795639038,9.99999905104687e-09,1.0,9.99999905104687e-09,2.1457211914821528e-05,0.00023736590810585767,0.0015431934734806418,0.007738678716123104,0.034913480281829834,0.1769152581691742,0.5,1.0,1.0,1.0
6,6010,25000,0.3093445599079132,0.3994394540786743,9.99999905104687e-09,1.0,9.99999905104687e-09,2.1232870494714007e-05,0.00023682700702920556,0.0015297220088541508,0.007644094526767731,0.03494139015674591,0.17667558789253235,0.5,1.0,1.0,1.0
6,6020,25000,0.30940568447113037,0.39947250485420227,9.99999905104687e-09,1.0,9.99999905104687e-09,2.116142240993213e-05,0.0002358785131946206,0.0015229897107928991,0.007763959001749754,0.03485006466507912,0.17546261847019196,0.5,1.0,1.0,1.0
6,6030,25000,0.30938950181007385,0.39947420358657837,9.99999905104687e-09,1.0,9.99999905104687e-09,2.165380647056736e-05,0.00023553990467917174,0.0015080902958288789,0.007654518820345402,0.03488969802856445,0.17625626921653748,0.5,1.0,1.0,1.0
6,6040,25000,0.3094548285007477,0.3994499444961548,9.99999905104687e-09,1.0,9.99999905104687e-09,2.1684612875105813e-05,0.00023772992426529527,0.0015391759807243943,0.007687614299356937,0.03492169454693794,0.17731377482414246,0.5,1.0,1.0,1.0
6,6050,25000,0.30929532647132874,0.3994646668434143,9.99999905104687e-09,1.0,9.99999905104687e-09,2.1579062376986258e-05,0.00024029517953749746,0.0015420484123751521,0.007708611432462931,0.03477880731225014,0.17558804154396057,0.5,1.0,1.0,1.0
6,6060,25000,0.30937981605529785,0.39941367506980896,9.99999905104687e-09,1.0,9.99999905104687e-09,2.160260919481516e-05,0.00023599635460413992,0.0015326589345932007,0.007708161137998104,0.03488681837916374,0.17636139690876007,0.5,1.0,1.0,1.0
6,6070,25000,0.30923500657081604,0.39946454763412476,9.99999905104687e-09,1.0,9.99999905104687e-09,2.187848622270394e-05,0.000238592634559609,0.0015269194263964891,0.007670511491596699,0.03476030379533768,0.1748206913471222,0.5,1.0,1.0,1.0
6,6080,25000,0.3094400465488434,0.39941921830177307,9.99999905104687e-09,1.0,9.99999905104687e-09,2.125090941262897e-05,0.00023854553001001477,0.0015348974848166108,0.007732035592198372,0.03524868190288544,0.17648327350616455,0.5,1.0,1.0,1.0
6,6090,25000,0.30946406722068787,0.39947471022605896,9.99999905104687e-09,1.0,9.99999905104687e-09,2.1443709556479007e-05,0.00023709035303909332,0.0015271921874955297,0.007744454313069582,0.03458656370639801,0.17672578990459442,0.5,1.0,1.0,1.0
6,6100,25000,0.3094995319843292,0.39949777722358704,9.99999905104687e-09,1.0,9.99999905104687e-09,2.1327494323486462e-05,0.0002409793814877048,0.0015434337547048926,0.007764772512018681,0.034859877079725266,0.17601878941059113,0.5,1.0,1.0,1.0
6,6110,25000,0.3094747066497803,0.3995378613471985,9.99999905104687e-09,1.0,9.99999905104687e-09,2.1551539248321205e-05,0.00023526113363914192,0.0015257783234119415,0.007647534366697073,0.03483083099126816,0.17611365020275116,0.5,1.0,1.0,1.0
6,6120,25000,0.3094162940979004,0.39954885840415955,9.99999905104687e-09,1.0,9.99999905104687e-09,2.1758376533398405e-05,0.00023878837237134576,0.001507422304712236,0.007711390033364296,0.03488752245903015,0.1759284883737564,0.5,1.0,1.0,1.0
6,6130,25000,0.30935943126678467,0.39948228001594543,9.99999905104687e-09,1.0,9.99999905104687e-09,2.133311500074342e-05,0.00023848269484005868,0.001510700210928917,0.007648183032870293,0.03478603810071945,0.17492908239364624,0.5,1.0,1.0,1.0
6,6140,25000,0.309476375579834,0.39948949217796326,9.99999905104687e-09,1.0,9.99999905104687e-09,2.1688423657906242e-05,0.00023749096726533026,0.0015410493360832334,0.007723250892013311,0.03473612666130066,0.17699939012527466,0.5,1.0,1.0,1.0
6,6150,25000,0.3095211684703827,0.39949390292167664,9.99999905104687e-09,1.0,9.99999905104687e-09,2.162363125535194e-05,0.00023620181309524924,0.001525030005723238,0.007771415635943413,0.03469596430659294,0.176618754863739,0.5,1.0,1.0,1.0
6,6160,25000,0.30944740772247314,0.3995465636253357,9.99999905104687e-09,1.0,9.99999905104687e-09,2.164301804441493e-05,0.00023666165361646563,0.0015423360746353865,0.00760373380035162,0.034789249300956726,0.17518432438373566,0.5,1.0,1.0,1.0
6,6170,25000,0.3093104660511017,0.39953234791755676,9.99999905104687e-09,1.0,9.99999905104687e-09,2.1792209736304358e-05,0.00023392710136249661,0.0015335904899984598,0.007673149928450584,0.03475978597998619,0.17537057399749756,0.5,1.0,1.0,1.0
6,6180,25000,0.30936625599861145,0.3994777500629425,9.99999905104687e-09,1.0,9.99999905104687e-09,2.1532348910113797e-05,0.0002365940308663994,0.001531511778011918,0.007710769306868315,0.03474635258316994,0.17555426061153412,0.5,1.0,1.0,1.0
6,6190,25000,0.3094261586666107,0.39952731132507324,9.99999905104687e-09,1.0,9.99999905104687e-09,2.122227306244895e-05,0.00023607895127497613,0.0015123964985832572,0.0076442258432507515,0.0345521941781044,0.1763194352388382,0.5,1.0,1.0,1.0
6,6200,25000,0.30939769744873047,0.39952707290649414,9.99999905104687e-09,1.0,9.99999905104687e-09,2.1533975086640567e-05,0.00023758124734740704,0.001543454360216856,0.0076682972721755505,0.03473479300737381,0.1751953810453415,0.5,1.0,1.0,1.0
6,6210,25000,0.3094712197780609,0.3995184600353241,9.99999905104687e-09,1.0,9.99999905104687e-09,2.1658450350514613e-05,0.00023501503164879978,0.0015186409000307322,0.007689021062105894,0.03478457033634186,0.1758379489183426,0.5,1.0,1.0,1.0
6,6220,25000,0.3093283772468567,0.3995198607444763,9.99999905104687e-09,1.0,9.99999905104687e-09,2.189798397012055e-05,0.00023657470592297614,0.0015204938827082515,0.007629321422427893,0.03471635654568672,0.17609338462352753,0.5,1.0,1.0,1.0
6,6230,25000,0.3093108534812927,0.3994799852371216,9.99999905104687e-09,1.0,9.99999905104687e-09,2.1544386981986463e-05,0.0002347825502511114,0.001544918050058186,0.007764332927763462,0.03494706004858017,0.17495527863502502,0.5,1.0,1.0,1.0
6,6240,25000,0.30938470363616943,0.3994685709476471,9.99999905104687e-09,1.0,9.99999905104687e-09,2.1627052774420008e-05,0.00023580498236697167,0.001521206577308476,0.007713703904300928,0.03465476259589195,0.17676889896392822,0.5,1.0,1.0,1.0
6,6250,25000,0.30933141708374023,0.39948171377182007,9.99999905104687e-09,1.0,9.99999905104687e-09,2.161676820833236e-05,0.00023468972358386964,0.0015482876915484667,0.007666698656976223,0.0345640629529953,0.17599894106388092,0.5,1.0,1.0,1.0
6,6260,25000,0.30939218401908875,0.399399071931839,9.99999905104687e-09,1.0,9.99999905104687e-09,2.1960269805276766e-05,0.0002389663568465039,0.0015409246552735567,0.007669014856219292,0.03502022475004196,0.17719018459320068,0.5,1.0,1.0,1.0
6,6270,25000,0.30939802527427673,0.3994324803352356,9.99999905104687e-09,1.0,9.99999905104687e-09,2.1688343622372486e-05,0.00023532866907771677,0.0015265820547938347,0.0077003901824355125,0.034754373133182526,0.17764559388160706,0.5,1.0,1.0,1.0
6,6280,25000,0.3093048334121704,0.39939552545547485,9.99999905104687e-09,1.0,9.99999905104687e-09,2.1358968297136016e-05,0.00023636737023480237,0.00153574557043612,0.007741784211248159,0.03475622832775116,0.1758624166250229,0.5,1.0,1.0,1.0
6,6290,25000,0.3093236982822418,0.3994705080986023,9.99999905104687e-09,1.0,9.99999905104687e-09,2.1570915123447776e-05,0.00023857336782384664,0.0015272086020559072,0.007704322692006826,0.0347975492477417,0.17585256695747375,0.5,1.0,1.0,1.0
6,6300,25000,0.309356153011322,0.3994560241699219,9.99999905104687e-09,1.0,9.99999905104687e-09,2.1282168745528907e-05,0.00023900798987597227,0.001544533297419548,0.0076944478787481785,0.03490753471851349,0.17602582275867462,0.5,1.0,1.0,1.0
6,6310,25000,0.30940303206443787,0.39947009086608887,9.99999905104687e-09,1.0,9.99999905104687e-09,2.1635627490468323e-05,0.00024213634605985135,0.0015364852733910084,0.007729501463472843,0.03467357158660889,0.17657695710659027,0.5,1.0,1.0,1.0
6,6320,25000,0.30936935544013977,0.39950376749038696,9.99999905104687e-09,1.0,9.99999905104687e-09,2.1371361071942374e-05,0.00023621048603672534,0.0015140291070565581,0.007654358632862568,0.035131074488162994,0.17537082731723785,0.5,1.0,1.0,1.0
6,6330,25000,0.3093782663345337,0.3994859457015991,9.99999905104687e-09,1.0,9.99999905104687e-09,2.1379666577558964e-05,0.00023305242939386517,0.0015265248948708177,0.0076683517545461655,0.03469545394182205,0.174883633852005,0.5,1.0,1.0,1.0
6,6340,25000,0.30943846702575684,0.3994632959365845,9.99999905104687e-09,1.0,9.99999905104687e-09,2.1691274014301598e-05,0.00023622141452506185,0.001533200265839696,0.007710593752563,0.034708961844444275,0.17669852077960968,0.5,1.0,1.0,1.0
6,6350,25000,0.3094443082809448,0.3994518518447876,9.99999905104687e-09,1.0,9.99999905104687e-09,2.166420381399803e-05,0.0002358972269576043,0.0015367029700428247,0.00771805364638567,0.03470940142869949,0.1756235510110855,0.5,1.0,1.0,1.0
6,6360,25000,0.3092499077320099,0.3994971215724945,9.99999905104687e-09,1.0,9.99999905104687e-09,2.1501446099136956e-05,0.00023728515952825546,0.001523020677268505,0.007625917438417673,0.03455639258027077,0.17532256245613098,0.5,1.0,1.0,1.0
6,6370,25000,0.30931708216667175,0.3995216190814972,9.99999905104687e-09,1.0,9.99999905104687e-09,2.1740459487773478e-05,0.00023563347349409014,0.0015375138027593493,0.007735003251582384,0.03449874371290207,0.17711448669433594,0.5,1.0,1.0,1.0
6,6380,25000,0.30940014123916626,0.39946362376213074,9.99999905104687e-09,1.0,9.99999905104687e-09,2.142797711712774e-05,0.00023478010552935302,0.0015283357352018356,0.007799457758665085,0.03463803231716156,0.17734384536743164,0.5,1.0,1.0,1.0
6,6390,25000,0.30940282344818115,0.3994489014148712,9.99999905104687e-09,1.0,9.99999905104687e-09,2.1552559701376595e-05,0.00023846696421969682,0.0015288150170817971,0.007683337200433016,0.03505493700504303,0.17592178285121918,0.5,1.0,1.0,1.0
6,6400,25000,0.3093581795692444,0.3994685411453247,9.99999905104687e-09,1.0,9.99999905104687e-09,2.146073165931739e-05,0.0002332105941604823,0.0015464096795767546,0.007745537906885147,0.034321434795856476,0.17615990340709686,0.5,1.0,1.0,1.0
6,6410,25000,0.30939435958862305,0.3994857668876648,9.99999905104687e-09,1.0,9.99999905104687e-09,2.154484172933735e-05,0.0002366973931202665,0.0015247502597048879,0.007669663056731224,0.03489040583372116,0.17657503485679626,0.5,1.0,1.0,1.0
6,6420,25000,0.3094402849674225,0.3994632661342621,9.99999905104687e-09,1.0,9.99999905104687e-09,2.119414602930192e-05,0.00023647581110708416,0.0015353509224951267,0.007741428911685944,0.03502479940652847,0.177485391497612,0.5,1.0,1.0,1.0
6,6430,25000,0.3094235956668854,0.3994676470756531,9.99999905104687e-09,1.0,9.99999905104687e-09,2.149241481674835e-05,0.00023495426285080612,0.0015313966432586312,0.007669650949537754,0.034815095365047455,0.17618303000926971,0.5,1.0,1.0,1.0
6,6440,25000,0.3094174265861511,0.39954066276550293,9.99999905104687e-09,1.0,9.99999905104687e-09,2.1633044525515288e-05,0.00023283969494514167,0.0015325131826102734,0.007678816094994545,0.03450161963701248,0.1737937480211258,0.5,1.0,1.0,1.0
6,6450,25000,0.30938953161239624,0.3995072543621063,9.99999905104687e-09,1.0,9.99999905104687e-09,2.1509715224965475e-05,0.0002381013473495841,0.0015316619537770748,0.00784344132989645,0.0350046381354332,0.17547965049743652,0.5,1.0,1.0,1.0
6,6460,25000,0.3093739151954651,0.39946818351745605,9.99999905104687e-09,1.0,9.99999905104687e-09,2.1505558834178373e-05,0.00023439578944817185,0.0015368204331025481,0.007863913662731647,0.03456144034862518,0.17627637088298798,0.5,1.0,1.0,1.0
6,6470,25000,0.3094443380832672,0.39944779872894287,9.99999905104687e-09,1.0,9.99999905104687e-09,2.1476605979842134e-05,0.00023645776673220098,0.0015303186373785138,0.007720519322901964,0.0350230410695076,0.17710049450397491,0.5,1.0,1.0,1.0
6,6480,25000,0.3093981146812439,0.39942866563796997,9.99999905104687e-09,1.0,9.99999905104687e-09,2.131511973857414e-05,0.00023673888063058257,0.0015361298574134707,0.007682007271796465,0.03502366691827774,0.17648285627365112,0.5,1.0,1.0,1.0
6,6490,25000,0.3093709945678711,0.399422824382782,9.99999905104687e-09,1.0,9.99999905104687e-09,2.176102134399116e-05,0.0002361953374929726,0.001541897188872099,0.007708088494837284,0.034808769822120667,0.17599192261695862,0.5,1.0,1.0,1.0
6,6500,25000,0.3094382882118225,0.3995153605937958,9.99999905104687e-09,1.0,9.99999905104687e-09,2.1450319763971493e-05,0.00023392896400764585,0.001530866720713675,0.007673176936805248,0.03504788875579834,0.17580334842205048,0.5,1.0,1.0,1.0
6,6510,25000,0.3092842698097229,0.3995634615421295,9.99999905104687e-09,1.0,9.99999905104687e-09,2.1386742446338758e-05,0.00023933574266266078,0.0015110208187252283,0.007704100105911493,0.034542955458164215,0.17595089972019196,0.5,1.0,1.0,1.0
6,6520,25000,0.3093870282173157,0.39952459931373596,9.99999905104687e-09,1.0,9.99999905104687e-09,2.1752892280346714e-05,0.00023710257664788514,0.0015370778273791075,0.007761738728731871,0.03446880728006363,0.1753033846616745,0.5,1.0,1.0,1.0
6,6530,25000,0.3095077574253082,0.3994848430156708,9.99999905104687e-09,1.0,9.99999905104687e-09,2.1708379790652543e-05,0.00023618487466592342,0.0015144271310418844,0.007683779578655958,0.03464117273688316,0.1756971925497055,0.5,1.0,1.0,1.0
6,6540,25000,0.30939552187919617,0.39956924319267273,9.99999905104687e-09,1.0,9.99999905104687e-09,2.134257556463126e-05,0.00023746781516820192,0.0015420587733387947,0.00766228511929512,0.034900858998298645,0.17493131756782532,0.5,1.0,1.0,1.0
6,6550,25000,0.3093540370464325,0.3995163142681122,9.99999905104687e-09,1.0,9.99999905104687e-09,2.1527217541006394e-05,0.00023951096227392554,0.00154776475392282,0.0076076979748904705,0.034821219742298126,0.17609558999538422,0.5,1.0,1.0,1.0
6,6560,25000,0.30944040417671204,0.3994947075843811,9.99999905104687e-09,1.0,9.99999905104687e-09,2.1828103854204528e-05,0.0002378987119300291,0.00152690801769495,0.007692195009440184,0.03477639704942703,0.17720559239387512,0.5,1.0,1.0,1.0
6,6570,25000,0.3093723654747009,0.3995257616043091,9.99999905104687e-09,1.0,9.99999905104687e-09,2.1581523469649255e-05,0.0002371710870647803,0.0015289213042706251,0.00767677603289485,0.034627534449100494,0.1759297102689743,0.5,1.0,1.0,1.0
6,6580,25000,0.30934247374534607,0.39945971965789795,9.99999905104687e-09,1.0,9.99999905104687e-09,2.1553334590862505e-05,0.00023414938186760992,0.0015408912440761924,0.007617113646119833,0.03455694019794464,0.17602427303791046,0.5,1.0,1.0,1.0
6,6590,25000,0.3094257116317749,0.3993949294090271,9.99999905104687e-09,1.0,9.99999905104687e-09,2.179583316319622e-05,0.00023574786609970033,0.0015466661425307393,0.007744222413748503,0.03494752198457718,0.17770610749721527,0.5,1.0,1.0,1.0
6,6600,25000,0.30936646461486816,0.39949941635131836,9.99999905104687e-09,1.0,9.99999905104687e-09,2.138942727469839e-05,0.00023567999596707523,0.001520619378425181,0.007634629495441914,0.03497478365898132,0.17462852597236633,0.5,1.0,1.0,1.0
6,6610,25000,0.3093554675579071,0.39955106377601624,9.99999905104687e-09,1.0,9.99999905104687e-09,2.1707093765144236e-05,0.00023659887665417045,0.0015248713316395879,0.007687327452003956,0.03472713381052017,0.17488357424736023,0.5,1.0,1.0,1.0
6,6620,25000,0.30941152572631836,0.3995223641395569,9.99999905104687e-09,1.0,9.99999905104687e-09,2.151099033653736e-05,0.00023243304167408496,0.001534088863991201,0.007715744432061911,0.03478105366230011,0.1750844269990921,0.5,1.0,1.0,1.0
6,6630,25000,0.3094003200531006,0.39950692653656006,9.99999905104687e-09,1.0,9.99999905104687e-09,2.160147596441675e-05,0.000237185915466398,0.0015468713827431202,0.007715425919741392,0.03472086042165756,0.17692752182483673,0.5,1.0,1.0,1.0
6,6640,25000,0.3094859719276428,0.39956018328666687,9.99999905104687e-09,1.0,9.99999905104687e-09,2.154799221898429e-05,0.00023684438201598823,0.0015269210562109947,0.007664314936846495,0.035066962242126465,0.17636944353580475,0.5,1.0,1.0,1.0
6,6650,25000,0.3094039261341095,0.39953622221946716,9.99999905104687e-09,1.0,9.99999905104687e-09,2.1811609258293174e-05,0.00024130118254106492,0.0015197404427453876,0.00777246942743659,0.03464791923761368,0.176044762134552,0.5,1.0,1.0,1.0
6,6660,25000,0.3094233274459839,0.39949536323547363,9.99999905104687e-09,1.0,9.99999905104687e-09,2.1770441890112124e-05,0.00023610876814927906,0.0015359448734670877,0.007699992973357439,0.03489743173122406,0.1753181517124176,0.5,1.0,1.0,1.0
6,6670,25000,0.3093651235103607,0.3994923233985901,9.99999905104687e-09,1.0,9.99999905104687e-09,2.1446749087772332e-05,0.0002357068151468411,0.0015340527752414346,0.0077102771028876305,0.0343276672065258,0.17669330537319183,0.5,1.0,1.0,1.0
6,6680,25000,0.3093544542789459,0.39948856830596924,9.99999905104687e-09,1.0,9.99999905104687e-09,2.129779022652656e-05,0.0002346329129068181,0.0015289466828107834,0.007632582448422909,0.035107534378767014,0.17532815039157867,0.5,1.0,1.0,1.0
6,6690,25000,0.30951550602912903,0.399495929479599,9.99999905104687e-09,1.0,9.99999905104687e-09,2.1650945200235583e-05,0.00023343933571595699,0.0015552463009953499,0.0077685099095106125,0.034493401646614075,0.17722435295581818,0.5,1.0,1.0,1.0
6,6700,25000,0.30950620770454407,0.3994889557361603,9.99999905104687e-09,1.0,9.99999905104687e-09,2.1605619622278027e-05,0.00023760991462040693,0.0015367129817605019,0.007703657262027264,0.03496665507555008,0.17665301263332367,0.5,1.0,1.0,1.0
6,6710,25000,0.3093802332878113,0.39948901534080505,9.99999905104687e-09,1.0,9.99999905104687e-09,2.1525911506614648e-05,0.00023567250173073262,0.0015382572310045362,0.007676220498979092,0.03471668064594269,0.1769503355026245,0.5,1.0,1.0,1.0
6,6720,25000,0.3094479441642761,0.39949676394462585,9.99999905104687e-09,1.0,9.99999905104687e-09,2.1359563106670976e-05,0.00023771674023009837,0.001556134782731533,0.007798333186656237,0.034793514758348465,0.17676401138305664,0.5,1.0,1.0,1.0
6,6730,25000,0.30937817692756653,0.3995016813278198,9.99999905104687e-09,1.0,9.99999905104687e-09,2.170325387851335e-05,0.00023930596944410354,0.0015325527638196945,0.0077585880644619465,0.03478439152240753,0.17563176155090332,0.5,1.0,1.0,1.0
6,6740,25000,0.30930253863334656,0.3995473086833954,9.99999905104687e-09,1.0,9.99999905104687e-09,2.1524179828702472e-05,0.00023889697331469506,0.0015211027348414063,0.0077081057243049145,0.03501749783754349,0.1742975115776062,0.5,1.0,1.0,1.0
6,6750,25000,0.3094574213027954,0.39952901005744934,9.99999905104687e-09,1.0,9.99999905104687e-09,2.1340052626328543e-05,0.00023477057402487844,0.0015211859717965126,0.007665263023227453,0.03481806069612503,0.17627683281898499,0.5,1.0,1.0,1.0
6,6760,25000,0.3093838393688202,0.39954423904418945,9.99999905104687e-09,1.0,9.99999905104687e-09,2.1529373043449596e-05,0.0002367077104281634,0.001512167858891189,0.0076233260333538055,0.034573908895254135,0.17592017352581024,0.5,1.0,1.0,1.0
6,6770,25000,0.3093947172164917,0.39946818351745605,9.99999905104687e-09,1.0,9.99999905104687e-09,2.1772864783997647e-05,0.0002375000185566023,0.0015366098377853632,0.007628581020981073,0.03517603501677513,0.17608384788036346,0.5,1.0,1.0,1.0
6,6780,25000,0.3094039857387543,0.39952218532562256,9.99999905104687e-09,1.0,9.99999905104687e-09,2.1652751456713304e-05,0.0002327621914446354,0.0015540642198175192,0.007680090609937906,0.03453313559293747,0.17632316052913666,0.5,1.0,1.0,1.0
6,6790,25000,0.30927905440330505,0.3994866609573364,9.99999905104687e-09,1.0,9.99999905104687e-09,2.187558129662648e-05,0.0002355501928832382,0.0015438221162185073,0.007666185963898897,0.03472228720784187,0.17552724480628967,0.5,1.0,1.0,1.0
6,6800,25000,0.3093641698360443,0.39948806166648865,9.99999905104687e-09,1.0,9.99999905104687e-09,2.1686379113816656e-05,0.00023978538229130208,0.0015511700185015798,0.007638941053301096,0.03481663390994072,0.1758473515510559,0.5,1.0,1.0,1.0
6,6810,25000,0.3094240427017212,0.39947009086608887,9.99999905104687e-09,1.0,9.99999905104687e-09,2.157011113013141e-05,0.00023856994812376797,0.0015327446162700653,0.0076233865693211555,0.03494255989789963,0.1762719750404358,0.5,1.0,1.0,1.0
6,6820,25000,0.30944833159446716,0.3994704782962799,9.99999905104687e-09,1.0,9.99999905104687e-09,2.1549252778640948e-05,0.00023636751575395465,0.0015201083151623607,0.007663611322641373,0.03480588644742966,0.17722205817699432,0.5,1.0,1.0,1.0
6,6830,25000,0.309467613697052,0.3995448648929596,9.99999905104687e-09,1.0,9.99999905104687e-09,2.1429576008813456e-05,0.00023512491316068918,0.001537254429422319,0.007704554591327906,0.03458583727478981,0.17604365944862366,0.5,1.0,1.0,1.0
6,6840,25000,0.30941686034202576,0.39946305751800537,9.99999905104687e-09,1.0,9.99999905104687e-09,2.1681418729713187e-05,0.00023896782658994198,0.0015365954022854567,0.007660259027034044,0.03524398058652878,0.17596006393432617,0.5,1.0,1.0,1.0
6,6850,25000,0.3093864917755127,0.3995470702648163,9.99999905104687e-09,1.0,9.99999905104687e-09,2.152613342332188e-05,0.0002407037391094491,0.001533091883175075,0.0075593143701553345,0.03495020046830177,0.1758299469947815,0.5,1.0,1.0,1.0
6,6860,25000,0.3093147277832031,0.3995116055011749,9.99999905104687e-09,1.0,9.99999905104687e-09,2.140904871339444e-05,0.00023504841374233365,0.001533452537842095,0.007786130998283625,0.03441444784402847,0.17591474950313568,0.5,1.0,1.0,1.0
6,6870,25000,0.30924633145332336,0.3994535803794861,9.99999905104687e-09,1.0,9.99999905104687e-09,2.141438380931504e-05,0.00023393172887153924,0.001514508738182485,0.007778853178024292,0.03483021631836891,0.17486858367919922,0.5,1.0,1.0,1.0
6,6880,25000,0.30933332443237305,0.3993915617465973,9.99999905104687e-09,1.0,9.99999905104687e-09,2.1345256755012088e-05,0.00023707217769697309,0.0015342840924859047,0.007784987334161997,0.03490564972162247,0.17658597230911255,0.5,1.0,1.0,1.0
6,6890,25000,0.3093505799770355,0.3994084596633911,9.99999905104687e-09,1.0,9.99999905104687e-09,2.1512632883968763e-05,0.00023880053777247667,0.0015381756238639355,0.007639789022505283,0.034879498183727264,0.17683054506778717,0.5,1.0,1.0,1.0
6,6900,25000,0.3094158470630646,0.3994554579257965,9.99999905104687e-09,1.0,9.99999905104687e-09,2.1202869902481325e-05,0.00023310842516366392,0.00152250484097749,0.007728805765509605,0.0351504348218441,0.1754961609840393,0.5,1.0,1.0,1.0
6,6910,25000,0.3093944191932678,0.3994588553905487,9.99999905104687e-09,1.0,9.99999905104687e-09,2.1521365852095187e-05,0.00023184505698736757,0.0014997049001976848,0.007718333974480629,0.03465801104903221,0.1765936017036438,0.5,1.0,1.0,1.0
6,6920,25000,0.30943408608436584,0.39955320954322815,9.99999905104687e-09,1.0,9.99999905104687e-09,2.116071482305415e-05,0.00023242906900122762,0.0015144211938604712,0.007621648721396923,0.034614838659763336,0.17505110800266266,0.5,1.0,1.0,1.0
6,6930,25000,0.30939435958862305,0.3995511829853058,9.99999905104687e-09,1.0,9.99999905104687e-09,2.1296571503626183e-05,0.00023676840646658093,0.0015446251491084695,0.007738129235804081,0.03458090126514435,0.17618076503276825,0.5,1.0,1.0,1.0
6,6940,25000,0.309383749961853,0.3995383381843567,9.99999905104687e-09,1.0,9.99999905104687e-09,2.1396175725385547e-05,0.00023796646564733237,0.0015168758109211922,0.007590652909129858,0.03481084853410721,0.17606505751609802,0.5,1.0,1.0,1.0
6,6950,25000,0.3094630539417267,0.3995019793510437,9.99999905104687e-09,1.0,9.99999905104687e-09,2.140006654371973e-05,0.00023768056416884065,0.00153816188685596,0.007701825350522995,0.03482668846845627,0.17573513090610504,0.5,1.0,1.0,1.0
6,6960,25000,0.3093441426753998,0.39950039982795715,9.99999905104687e-09,1.0,9.99999905104687e-09,2.1474737877724692e-05,0.00023389332636725157,0.00153877935372293,0.007674151565879583,0.03451342135667801,0.1760987937450409,0.5,1.0,1.0,1.0
6,6970,25000,0.3094829022884369,0.3995106518268585,9.99999905104687e-09,1.0,9.99999905104687e-09,2.159850555472076e-05,0.00023427039559464902,0.001545039238408208,0.007660544011741877,0.03451579064130783,0.17783217132091522,0.5,1.0,1.0,1.0
6,6980,25000,0.3093615174293518,0.39950910210609436,9.99999905104687e-09,1.0,9.99999905104687e-09,2.1827316231792793e-05,0.00023811626306269318,0.0015271875308826566,0.007683219853788614,0.03479235619306564,0.17659059166908264,0.5,1.0,1.0,1.0
6,6990,25000,0.30940061807632446,0.39948976039886475,9.99999905104687e-09,1.0,9.99999905104687e-09,2.1663685402018018e-05,0.00023724589846096933,0.0015194244915619493,0.007616034708917141,0.03458694741129875,0.17616057395935059,0.5,1.0,1.0,1.0
6,7000,25000,0.3094607889652252,0.3995039463043213,9.99999905104687e-09,1.0,9.99999905104687e-09,2.1347055735532194e-05,0.00023632861848454922,0.0015158045571297407,0.0077379303984344006,0.03495793789625168,0.17587342858314514,0.5,1.0,1.0,1.0
