step,epoch,n_refreshed,mean,std,min,max,q00,q10,q20,q30,q40,q50,q60,q70,q80,q90,q100
4,0,,0.5758040547370911,0.16977234184741974,0.5,1.0,0.5,0.5,0.5,0.5,0.5,0.5,0.5,0.5,0.5399999618530273,1.0,1.0
4,10,25000,0.24895307421684265,0.3404911160469055,1.2686159323038737e-07,1.0,1.2686159323038737e-07,0.00037623796379193664,0.0017627087654545903,0.005524516571313143,0.015458294190466404,0.041897181421518326,0.11728519946336746,0.4084167778491974,0.5,1.0,1.0
4,20,25000,0.24901193380355835,0.3405105769634247,1.2144785443979345e-07,1.0,1.2144785443979345e-07,0.000378255732357502,0.0017572931246832013,0.005553374998271465,0.015449958853423595,0.0418204739689827,0.11744353175163269,0.4101640284061432,0.5,1.0,1.0
4,30,25000,0.24898838996887207,0.3405833840370178,1.2607752353233082e-07,1.0,1.2607752353233082e-07,0.0003781223203986883,0.0017516679363325238,0.005574589595198631,0.015374502167105675,0.04190434142947197,0.11736083030700684,0.4104181230068207,0.5,1.0,1.0
4,40,25000,0.24899232387542725,0.3405822813510895,9.969402015030937e-08,1.0,9.969402015030937e-08,0.0003797438694164157,0.0017547853058204055,0.0055654034949839115,0.015457101166248322,0.04196951538324356,0.1175605058670044,0.40908125042915344,0.5,1.0,1.0
4,50,25000,0.2490147352218628,0.3406272530555725,1.1846528735759421e-07,1.0,1.1846528735759421e-07,0.0003789977927226573,0.0017525574658066034,0.005588153842836618,0.015478122979402542,0.04198107868432999,0.11718031764030457,0.4077409505844116,0.5,1.0,1.0
4,60,25000,0.24900710582733154,0.3407187759876251,1.0157179275438466e-07,1.0,1.0157179275438466e-07,0.00037898612208664417,0.0017513271886855364,0.0055769276805222034,0.01550933625549078,0.04188859835267067,0.11762026697397232,0.40807589888572693,0.5,1.0,1.0
4,70,25000,0.24918216466903687,0.3409821093082428,1.1324354431963002e-07,1.0,1.1324354431963002e-07,0.00037823544698767364,0.0017467468278482556,0.0055595263838768005,0.01545694749802351,0.04185272008180618,0.11717870086431503,0.4074215590953827,0.5,1.0,1.0
4,80,25000,0.24926890432834625,0.3410944640636444,1.1179458425658595e-07,1.0,1.1179458425658595e-07,0.00038021989166736603,0.0017558584222570062,0.0055727227590978146,0.015427538193762302,0.041741445660591125,0.11748141795396805,0.41033345460891724,0.5,1.0,1.0
4,90,25000,0.24931344389915466,0.3411407470703125,1.3674757326498366e-07,1.0,1.3674757326498366e-07,0.00037753116339445114,0.001752241631038487,0.005533521994948387,0.015386568382382393,0.041981860995292664,0.1175968274474144,0.4095422923564911,0.5,1.0,1.0
4,100,25000,0.2492872178554535,0.34114882349967957,1.2273734739665088e-07,1.0,1.2273734739665088e-07,0.0003748455783352256,0.0017540943808853626,0.005535300821065903,0.015417821705341339,0.04185999184846878,0.11751526594161987,0.408250093460083,0.5,1.0,1.0
4,110,25000,0.24940823018550873,0.3411881923675537,1.233701283354094e-07,1.0,1.233701283354094e-07,0.0003784047730732709,0.0017735804431140423,0.005585714243352413,0.01546432264149189,0.04197254776954651,0.11748763918876648,0.40855446457862854,0.5,1.0,1.0
4,120,25000,0.24941322207450867,0.34133201837539673,9.033240644384932e-08,1.0,9.033240644384932e-08,0.0003783291904255748,0.001749885268509388,0.005567502696067095,0.015461775474250317,0.04202820360660553,0.11722707003355026,0.409887433052063,0.5,1.0,1.0
4,130,25000,0.24956439435482025,0.3414209485054016,9.369652076429702e-08,1.0,9.369652076429702e-08,0.00037805180181749165,0.0017604720778763294,0.005573718808591366,0.015524847432971,0.04216546192765236,0.11762188374996185,0.4103589355945587,0.5,1.0,1.0
4,140,25000,0.24961701035499573,0.3415623903274536,1.0932080840575509e-07,1.0,1.0932080840575509e-07,0.00037793832598254085,0.0017533377977088094,0.00555662764236331,0.01548446249216795,0.04195701703429222,0.11708179116249084,0.40983113646507263,0.5,1.0,1.0
4,150,25000,0.24958215653896332,0.3415827751159668,9.65985051948337e-08,1.0,9.65985051948337e-08,0.00037587230326607823,0.0017714733257889748,0.005572799127548933,0.015498773194849491,0.04210749641060829,0.11785106360912323,0.4104827344417572,0.5,1.0,1.0
4,160,25000,0.24958810210227966,0.3417423963546753,7.9549586473604e-08,1.0,7.9549586473604e-08,0.00037815398536622524,0.0017540032276883721,0.005578969605267048,0.015445101074874401,0.04188007861375809,0.11747633665800095,0.4089491069316864,0.5,1.0,1.0
4,170,25000,0.24973207712173462,0.34185224771499634,1.0379619652667316e-07,1.0,1.0379619652667316e-07,0.0003772376221604645,0.001752098323777318,0.005560112651437521,0.015473578125238419,0.04216209053993225,0.11782770603895187,0.40938082337379456,0.5,1.0,1.0
4,180,25000,0.24983082711696625,0.3420771062374115,9.958434077361744e-08,1.0,9.958434077361744e-08,0.0003777453675866127,0.0017531758639961481,0.005555570591241121,0.015425266698002815,0.04182417318224907,0.1179421916604042,0.4109787344932556,0.5,1.0,1.0
4,190,25000,0.24986575543880463,0.3421960473060608,9.243198206831948e-08,1.0,9.243198206831948e-08,0.00037998578045517206,0.001763792708516121,0.0055685825645923615,0.015452897176146507,0.04175041615962982,0.11762495338916779,0.4087560772895813,0.5,1.0,1.0
4,200,25000,0.2500726282596588,0.3423297703266144,8.742386370386157e-08,1.0,8.742386370386157e-08,0.00037641864037141204,0.0017592047806829214,0.005563285667449236,0.015410135500133038,0.041963253170251846,0.11797241121530533,0.4106481671333313,0.5,1.0,1.0
4,210,25000,0.2501017153263092,0.3424581289291382,1.1095453089637886e-07,1.0,1.1095453089637886e-07,0.0003769868635572493,0.0017664189217612147,0.0056236619129776955,0.015532481484115124,0.042085353285074234,0.11743306368589401,0.4107871651649475,0.5,1.0,1.0
4,220,25000,0.2500743567943573,0.3424251973628998,1.150277881833972e-07,1.0,1.150277881833972e-07,0.0003787415334954858,0.0017522191628813744,0.005575445480644703,0.015434917993843555,0.04178685322403908,0.11739525943994522,0.4119682013988495,0.5,1.0,1.0
4,230,25000,0.2500748932361603,0.34244775772094727,1.0513993231597851e-07,1.0,1.0513993231597851e-07,0.00037661343230865896,0.001759132370352745,0.0055549354292452335,0.015412429347634315,0.041949380189180374,0.11745993047952652,0.409885972738266,0.5,1.0,1.0
4,240,25000,0.250063419342041,0.34237784147262573,1.200994432792868e-07,1.0,1.200994432792868e-07,0.0003787363530136645,0.001749733928591013,0.005562558304518461,0.015496459789574146,0.04204538092017174,0.11779464781284332,0.41027408838272095,0.5,1.0,1.0
4,250,25000,0.25005242228507996,0.34240424633026123,9.621656005265322e-08,1.0,9.621656005265322e-08,0.0003760667168535292,0.0017472101608291268,0.005570417270064354,0.015497778542339802,0.0419013537466526,0.11745987087488174,0.4101499319076538,0.5,1.0,1.0
4,260,25000,0.25008803606033325,0.34238922595977783,1.210293874009949e-07,1.0,1.210293874009949e-07,0.0003813750226981938,0.0017576661193743348,0.005543204955756664,0.015530044212937355,0.041722215712070465,0.1176435649394989,0.4101369380950928,0.5,1.0,1.0
4,270,25000,0.2501431703567505,0.3423788547515869,1.2964810025550833e-07,1.0,1.2964810025550833e-07,0.00037985260132700205,0.0017591116484254599,0.005602231714874506,0.015431334264576435,0.04189020395278931,0.11744029819965363,0.41058722138404846,0.5,1.0,1.0
4,280,25000,0.2500395178794861,0.3424050211906433,1.1738963934249114e-07,1.0,1.1738963934249114e-07,0.0003779107064474374,0.0017440204974263906,0.0055728480219841,0.015461297705769539,0.04188375920057297,0.11760544031858444,0.4110063314437866,0.5,1.0,1.0
4,290,25000,0.25003042817115784,0.34231823682785034,1.2683383943112858e-07,1.0,1.2683383943112858e-07,0.00037703546695411205,0.0017435697373002768,0.005560117773711681,0.015470298007130623,0.04193761199712753,0.11714720726013184,0.41008317470550537,0.5,1.0,1.0
4,300,25000,0.24997442960739136,0.3423070013523102,1.2034141150252253e-07,1.0,1.2034141150252253e-07,0.00037510093534365296,0.001752775046043098,0.00556156923994422,0.015401438809931278,0.04184634983539581,0.11737223714590073,0.4104023873806,0.5,1.0,1.0
4,310,25000,0.24998882412910461,0.3422660529613495,1.2847486630107596e-07,1.0,1.2847486630107596e-07,0.00037648589932359755,0.0017546479357406497,0.005575783085078001,0.015455877408385277,0.0418904647231102,0.11753042042255402,0.40888211131095886,0.5,1.0,1.0
4,320,25000,0.24998198449611664,0.34222596883773804,1.2701198670583835e-07,1.0,1.2701198670583835e-07,0.0003785465087275952,0.0017509012250229716,0.005570676177740097,0.015453279949724674,0.042000338435173035,0.1180383488535881,0.4088241457939148,0.5,1.0,1.0
4,330,25000,0.249988853931427,0.34223365783691406,9.701792436089818e-08,1.0,9.701792436089818e-08,0.0003766890149563551,0.0017574988305568695,0.005560786928981543,0.015588558278977871,0.04196513444185257,0.11780155450105667,0.41119304299354553,0.5,1.0,1.0
4,340,25000,0.2498861700296402,0.34220317006111145,1.3880655558295985e-07,1.0,1.3880655558295985e-07,0.0003799490805249661,0.0017677309224382043,0.005584229249507189,0.015464704483747482,0.04195445030927658,0.11716888844966888,0.40998029708862305,0.5,1.0,1.0
4,350,25000,0.2500048577785492,0.34219199419021606,1.2710948738003935e-07,1.0,1.2710948738003935e-07,0.0003789987531490624,0.0017577734543010592,0.005587680730968714,0.01551512349396944,0.041898295283317566,0.11779274791479111,0.4103482961654663,0.5,1.0,1.0
4,360,25000,0.24997083842754364,0.3421919643878937,1.1407338718072424e-07,1.0,1.1407338718072424e-07,0.0003775452496483922,0.0017609362257644534,0.0055802958086133,0.015477516688406467,0.04179340973496437,0.11790040880441666,0.41180557012557983,0.5,1.0,1.0
4,370,25000,0.2500218451023102,0.3422585725784302,1.1695694013269531e-07,1.0,1.1695694013269531e-07,0.0003782723215408623,0.0017613440286368132,0.005566879641264677,0.01550872903317213,0.04188227280974388,0.11736173927783966,0.41054022312164307,0.5,1.0,1.0
4,380,25000,0.2500084936618805,0.34218135476112366,9.252566712802945e-08,1.0,9.252566712802945e-08,0.00037814618553966284,0.0017559307161718607,0.005616983398795128,0.01554870419204235,0.04222547262907028,0.11820711195468903,0.4103856384754181,0.5,1.0,1.0
4,390,25000,0.24997073411941528,0.34222212433815,1.3353896122225706e-07,1.0,1.3353896122225706e-07,0.00037835410330444574,0.0017651920206844807,0.005583079531788826,0.015461892820894718,0.041894663125276566,0.11772260069847107,0.40925610065460205,0.5,1.0,1.0
4,400,25000,0.24988675117492676,0.34218862652778625,1.1501334995500656e-07,1.0,1.1501334995500656e-07,0.0003793474461417645,0.0017515076324343681,0.005553718190640211,0.01544457022100687,0.041758984327316284,0.11767803132534027,0.40893444418907166,0.5,1.0,1.0
4,410,25000,0.24989265203475952,0.34219956398010254,1.2690429684880655e-07,1.0,1.2690429684880655e-07,0.00037766763125546277,0.001751622767187655,0.005592971574515104,0.015466722659766674,0.04182066768407822,0.1174560934305191,0.40917694568634033,0.5,1.0,1.0
4,420,25000,0.24999386072158813,0.3422665596008301,9.380239873735263e-08,1.0,9.380239873735263e-08,0.0003749330644495785,0.0017707038205116987,0.005576750263571739,0.015433917753398418,0.0419510118663311,0.1171177476644516,0.4096314609050751,0.5,1.0,1.0
4,430,25000,0.2499270886182785,0.34225472807884216,1.33318664552462e-07,1.0,1.33318664552462e-07,0.0003751529729925096,0.0017536240629851818,0.005567722488194704,0.015439561568200588,0.041970402002334595,0.1174130067229271,0.4093727469444275,0.5,1.0,1.0
4,440,25000,0.25003746151924133,0.34228530526161194,1.1084551942985854e-07,1.0,1.1084551942985854e-07,0.0003801997227128595,0.0017596794059500098,0.005573782604187727,0.015552804805338383,0.0420149490237236,0.11740998178720474,0.40987759828567505,0.5,1.0,1.0
4,450,25000,0.2500216066837311,0.3423336148262024,1.2227010870446975e-07,1.0,1.2227010870446975e-07,0.0003764804860111326,0.0017541603883728385,0.0055604656226933,0.01543048769235611,0.04200759530067444,0.1174994707107544,0.4111553728580475,0.5,1.0,1.0
4,460,25000,0.2499665915966034,0.34226304292678833,1.1019718471061424e-07,1.0,1.1019718471061424e-07,0.0003778538084588945,0.0017559898551553488,0.005591460503637791,0.015483715571463108,0.042028602212667465,0.11793974786996841,0.4126414358615875,0.5,1.0,1.0
4,470,25000,0.2499246895313263,0.3423070013523102,1.5555994536953222e-07,1.0,1.5555994536953222e-07,0.00037817066186107695,0.001748021342791617,0.0055704922415316105,0.015486226417124271,0.04185672104358673,0.11745069921016693,0.4090701937675476,0.5,1.0,1.0
4,480,25000,0.2500421106815338,0.3422911465167999,1.2034153940021497e-07,1.0,1.2034153940021497e-07,0.00037782531580887735,0.0017614222597330809,0.005577177740633488,0.015507105737924576,0.04204767197370529,0.11811928451061249,0.4108719825744629,0.5,1.0,1.0
4,490,25000,0.25008994340896606,0.3423396646976471,1.27635928492964e-07,1.0,1.27635928492964e-07,0.00037823390448465943,0.001759251463226974,0.005571962334215641,0.015526867471635342,0.041878875344991684,0.11755659431219101,0.4112148582935333,0.5,1.0,1.0
4,500,25000,0.25001123547554016,0.342337965965271,1.2904378365874436e-07,1.0,1.2904378365874436e-07,0.00037638252251781523,0.0017698548035696149,0.005570615641772747,0.015485749579966068,0.0418255552649498,0.11763322353363037,0.4089168310165405,0.5,1.0,1.0
4,510,25000,0.24996492266654968,0.34228405356407166,1.2231667767537147e-07,1.0,1.2231667767537147e-07,0.00037892861291766167,0.0017489494057372212,0.005570968613028526,0.015402818098664284,0.04185156524181366,0.11745907366275787,0.40837815403938293,0.5,1.0,1.0
4,520,25000,0.25005149841308594,0.34234189987182617,1.3478015148393752e-07,1.0,1.3478015148393752e-07,0.0003783221764024347,0.0017503976123407483,0.00551977613940835,0.015460874885320663,0.04186654090881348,0.1179405152797699,0.41136911511421204,0.5,1.0,1.0
4,530,25000,0.25009652972221375,0.3423784673213959,1.2721793041237106e-07,1.0,1.2721793041237106e-07,0.0003783374559134245,0.0017522276611998677,0.00559207983314991,0.015479530207812786,0.041769467294216156,0.11802433431148529,0.41020455956459045,0.5,1.0,1.0
4,540,25000,0.24999400973320007,0.34235164523124695,1.0214341017444895e-07,1.0,1.0214341017444895e-07,0.0003767591842915863,0.0017492863116785884,0.005590455606579781,0.015501784160733223,0.041680559515953064,0.11747190356254578,0.41105917096138,0.5,1.0,1.0
4,550,25000,0.25000643730163574,0.34242376685142517,1.1631858853888843e-07,1.0,1.1631858853888843e-07,0.00037755121593363583,0.0017612912924960256,0.00559619115665555,0.015453088097274303,0.04170536249876022,0.1171942874789238,0.40927955508232117,0.5,1.0,1.0
4,560,25000,0.2501051425933838,0.3424544334411621,1.0548248496888846e-07,1.0,1.0548248496888846e-07,0.00037932966370135546,0.0017557390965521336,0.005580519326031208,0.015463910065591335,0.041825711727142334,0.11678623408079147,0.4120374023914337,0.5,1.0,1.0
4,570,25000,0.2500733733177185,0.3424130380153656,1.1004278377413357e-07,1.0,1.1004278377413357e-07,0.000379864388378337,0.001755382982082665,0.005601684562861919,0.015494421124458313,0.041904885321855545,0.11824582517147064,0.4100852608680725,0.5,1.0,1.0
4,580,25000,0.250065416097641,0.3423800468444824,1.2071205901520443e-07,1.0,1.2071205901520443e-07,0.0003790961345657706,0.0017658910946920514,0.005579208955168724,0.015480401925742626,0.0420667827129364,0.11784655600786209,0.40994206070899963,0.5,1.0,1.0
4,590,25000,0.2500557601451874,0.34241512417793274,1.2088588619008078e-07,1.0,1.2088588619008078e-07,0.0003794136573560536,0.0017526933224871755,0.005576461553573608,0.015559478662908077,0.041876766830682755,0.11736397445201874,0.41096821427345276,0.5,1.0,1.0
4,600,25000,0.25004902482032776,0.34242215752601624,1.1151188772373644e-07,1.0,1.1151188772373644e-07,0.00038283190224319696,0.001767546753399074,0.005594207439571619,0.015499857254326344,0.04179709777235985,0.11736813187599182,0.4092184007167816,0.5,1.0,1.0
4,610,25000,0.2500556707382202,0.3424125611782074,1.1642342911954984e-07,1.0,1.1642342911954984e-07,0.00037752630305476487,0.001756301149725914,0.005572274327278137,0.015478904359042645,0.04190585017204285,0.11758121848106384,0.40838056802749634,0.5,1.0,1.0
4,620,25000,0.25009283423423767,0.3423888385295868,7.96908423694731e-08,1.0,7.96908423694731e-08,0.0003771074116230011,0.00175756576936692,0.005564879160374403,0.01550881564617157,0.04190277308225632,0.11749491095542908,0.407502681016922,0.5,1.0,1.0
4,630,25000,0.2500391900539398,0.3424592614173889,1.2161288509560109e-07,1.0,1.2161288509560109e-07,0.0003802445426117629,0.0017489593010395765,0.005592305213212967,0.015455425716936588,0.04180655628442764,0.11767631769180298,0.4097113311290741,0.5,1.0,1.0
4,640,25000,0.25012898445129395,0.34250006079673767,9.836276859687132e-08,1.0,9.836276859687132e-08,0.0003760270483326167,0.0017455023480579257,0.005592869594693184,0.015443777665495872,0.04168245941400528,0.11714265495538712,0.4113105237483978,0.5,1.0,1.0
4,650,25000,0.25005924701690674,0.3424004018306732,1.178804680534995e-07,1.0,1.178804680534995e-07,0.00037850553053431213,0.0017469103913754225,0.005582400597631931,0.015463084913790226,0.04190438240766525,0.11794659495353699,0.4107227325439453,0.5,1.0,1.0
4,660,25000,0.25016406178474426,0.3424658179283142,1.1907171426628338e-07,1.0,1.1907171426628338e-07,0.00037791600334458053,0.0017581128049641848,0.00557577284052968,0.015466347336769104,0.04194606840610504,0.11811122298240662,0.41082796454429626,0.5,1.0,1.0
4,670,25000,0.25005489587783813,0.34244173765182495,7.006421753885661e-08,1.0,7.006421753885661e-08,0.00037927538505755365,0.00175373163074255,0.005578784737735987,0.015468203462660313,0.04186277464032173,0.11758387088775635,0.41043755412101746,0.5,1.0,1.0
4,680,25000,0.25007158517837524,0.3424344062805176,1.1036348013249153e-07,1.0,1.1036348013249153e-07,0.00037619954673573375,0.0017539486289024353,0.00557104405015707,0.015477619133889675,0.041873134672641754,0.11811742931604385,0.4106975793838501,0.5,1.0,1.0
4,690,25000,0.2500896453857422,0.3425259590148926,1.1202915572994243e-07,1.0,1.1202915572994243e-07,0.0003782162966672331,0.0017480169190093875,0.0055694375187158585,0.015425256453454494,0.041762806475162506,0.11710768193006516,0.41022223234176636,0.5,1.0,1.0
4,700,25000,0.25006887316703796,0.34249550104141235,1.1663581034326853e-07,1.0,1.1663581034326853e-07,0.00037774635711684823,0.0017651967937126756,0.005551792681217194,0.015413891524076462,0.04165475815534592,0.1173890233039856,0.41039717197418213,0.5,1.0,1.0
4,710,25000,0.25001320242881775,0.3425157368183136,1.0650555282154528e-07,1.0,1.0650555282154528e-07,0.00037770747439935803,0.0017538749380037189,0.005537163931876421,0.015410096384584904,0.04176792874932289,0.11684693396091461,0.4088802635669708,0.5,1.0,1.0
4,720,25000,0.25008270144462585,0.342495858669281,1.0167713782038845e-07,1.0,1.0167713782038845e-07,0.0003801352868322283,0.0017655991250649095,0.005576418247073889,0.015472805127501488,0.041850652545690536,0.11713594198226929,0.4104693830013275,0.5,1.0,1.0
4,730,25000,0.25018730759620667,0.3424805700778961,1.2289864059766842e-07,1.0,1.2289864059766842e-07,0.00037814531242474914,0.0017587695037946105,0.005538607481867075,0.015496273525059223,0.04177340865135193,0.1178373321890831,0.41132378578186035,0.5,1.0,1.0
4,740,25000,0.25014016032218933,0.34253063797950745,1.065248227405391e-07,1.0,1.065248227405391e-07,0.0003779114340431988,0.0017621326260268688,0.005571331363171339,0.015502952970564365,0.04200223460793495,0.11728250980377197,0.41106393933296204,0.5,1.0,1.0
4,750,25000,0.2501541078090668,0.3425275385379791,1.0603234557038377e-07,1.0,1.0603234557038377e-07,0.00038051570300012827,0.001753040007315576,0.00559169240295887,0.01547683123499155,0.04214410483837128,0.11774534732103348,0.41014063358306885,0.5,1.0,1.0
4,760,25000,0.2501946687698364,0.3425636291503906,1.3015173294661508e-07,1.0,1.3015173294661508e-07,0.00037630004226230085,0.0017597468104213476,0.005554279312491417,0.01546605583280325,0.04197853058576584,0.11747477203607559,0.41158807277679443,0.5,1.0,1.0
4,770,25000,0.2502060532569885,0.3425790071487427,1.2584355602029973e-07,1.0,1.2584355602029973e-07,0.0003761390398722142,0.0017579268896952271,0.005592568311840296,0.015458314679563046,0.041837178170681,0.11766429990530014,0.4133228063583374,0.5,1.0,1.0
4,780,25000,0.25024792551994324,0.3425518274307251,1.0808248163129974e-07,1.0,1.0808248163129974e-07,0.0003806050226558,0.0017573029035702348,0.005557304248213768,0.015435226261615753,0.041832029819488525,0.1179245188832283,0.4113854467868805,0.5,1.0,1.0
4,790,25000,0.2501988112926483,0.34258681535720825,9.96093518779162e-08,1.0,9.96093518779162e-08,0.00038118314114399254,0.0017622337909415364,0.005572245456278324,0.015477270819246769,0.04204084724187851,0.11749114841222763,0.41185417771339417,0.5,1.0,1.0
4,800,25000,0.2501053214073181,0.3425583243370056,1.1186077841784936e-07,1.0,1.1186077841784936e-07,0.00037744498695246875,0.0017548818141222,0.005569556262344122,0.015510810539126396,0.04160270094871521,0.11723732948303223,0.4093380570411682,0.5,1.0,1.0
4,810,25000,0.2501322329044342,0.34249797463417053,9.683699886409158e-08,1.0,9.683699886409158e-08,0.0003767720772884786,0.001747050671838224,0.005569299682974815,0.015491902828216553,0.04225839301943779,0.1173938438296318,0.4099455773830414,0.5,1.0,1.0
4,820,25000,0.25014907121658325,0.3425339460372925,9.124022426476586e-08,1.0,9.124022426476586e-08,0.0003780516854021698,0.0017703602788969874,0.005553246475756168,0.015402553603053093,0.04180000722408295,0.11759815365076065,0.4117773175239563,0.5,1.0,1.0
4,830,25000,0.25011372566223145,0.34251174330711365,9.162008751673056e-08,1.0,9.162008751673056e-08,0.0003776304656639695,0.0017523533897474408,0.005547657143324614,0.01547818910330534,0.04193601757287979,0.11771561205387115,0.4081786572933197,0.5,1.0,1.0
4,840,25000,0.2500525712966919,0.3425125181674957,7.844047189564662e-08,1.0,7.844047189564662e-08,0.0003798292309511453,0.0017535811057314277,0.005553596653044224,0.015390309505164623,0.04183075577020645,0.11761290580034256,0.41032612323760986,0.5,1.0,1.0
4,850,25000,0.2501251697540283,0.34253963828086853,9.889341612279168e-08,1.0,9.889341612279168e-08,0.00038007463444955647,0.0017747165402397513,0.005561128258705139,0.015562999993562698,0.04196412116289139,0.11764147132635117,0.4108372926712036,0.5,1.0,1.0
4,860,25000,0.2501766085624695,0.3425236642360687,1.0103727277055441e-07,1.0,1.0103727277055441e-07,0.00037816682015545666,0.0017660703742876649,0.0055380030535161495,0.01548383105546236,0.04193810373544693,0.11786852777004242,0.4097606837749481,0.5,1.0,1.0
4,870,25000,0.25013992190361023,0.34251904487609863,1.2361307710762048e-07,1.0,1.2361307710762048e-07,0.0003801171260420233,0.0017590136267244816,0.005562385078519583,0.015383082441985607,0.041896093636751175,0.11804254353046417,0.410260409116745,0.5,1.0,1.0
4,880,25000,0.25014302134513855,0.34253475069999695,9.881474483108832e-08,1.0,9.881474483108832e-08,0.00037887616781517863,0.0017566847382113338,0.005567935295403004,0.015387890860438347,0.041807498782873154,0.11802418529987335,0.411165326833725,0.5,1.0,1.0
4,890,25000,0.2501654326915741,0.34257736802101135,1.4022401728652767e-07,1.0,1.4022401728652767e-07,0.0003770368348341435,0.0017606548499315977,0.005543983541429043,0.015492118895053864,0.04185992479324341,0.11770433187484741,0.40989598631858826,0.5,1.0,1.0
4,900,25000,0.2501090466976166,0.34250855445861816,1.3256321551580186e-07,1.0,1.3256321551580186e-07,0.00037748314207419753,0.001758286845870316,0.00555700296536088,0.015397326089441776,0.04195696860551834,0.11748134344816208,0.4100643992424011,0.5,1.0,1.0
4,910,25000,0.25025248527526855,0.34258702397346497,1.0273319617226662e-07,1.0,1.0273319617226662e-07,0.0003760476829484105,0.0017560231499373913,0.005544867366552353,0.015426271595060825,0.04195735603570938,0.11708536744117737,0.41094446182250977,0.5,1.0,1.0
4,920,25000,0.2501474618911743,0.3425847291946411,1.0788901505520698e-07,1.0,1.0788901505520698e-07,0.00037852831883355975,0.0017564019653946161,0.00555189186707139,0.015456316992640495,0.04187057912349701,0.11737822741270065,0.41105353832244873,0.5,1.0,1.0
4,930,25000,0.2501191794872284,0.34254682064056396,9.388120503217579e-08,1.0,9.388120503217579e-08,0.00037761457497254014,0.0017578504048287868,0.005590846762061119,0.015456190332770348,0.042061470448970795,0.1170157864689827,0.41055089235305786,0.5,1.0,1.0
4,940,25000,0.2501087188720703,0.34253254532814026,1.2341000399374025e-07,1.0,1.2341000399374025e-07,0.0003782818093895912,0.0017552589997649193,0.005560696590691805,0.015513051301240921,0.04221854358911514,0.11705487966537476,0.41049453616142273,0.5,1.0,1.0
4,950,25000,0.2501820921897888,0.3426472544670105,9.934530709188039e-08,1.0,9.934530709188039e-08,0.00037707790033891797,0.0017415626207366586,0.005556197836995125,0.015458088368177414,0.04178394377231598,0.1174112856388092,0.4089365005493164,0.5,1.0,1.0
4,960,25000,0.2501622140407562,0.34252268075942993,1.0064380973062725e-07,1.0,1.0064380973062725e-07,0.00037835384136997163,0.0017557030078023672,0.005571258254349232,0.015525075607001781,0.04190833866596222,0.1175151839852333,0.4095192551612854,0.5,1.0,1.0
4,970,25000,0.250046968460083,0.34253737330436707,1.0417035412046971e-07,1.0,1.0417035412046971e-07,0.0003776088124141097,0.001757278572767973,0.005554982926696539,0.015426085330545902,0.04187504202127457,0.11730512976646423,0.40954384207725525,0.5,1.0,1.0
4,980,25000,0.25014832615852356,0.342540442943573,9.602657513596569e-08,1.0,9.602657513596569e-08,0.00037752502248622477,0.0017375684110447764,0.0055729662999510765,0.015527749434113503,0.042059823870658875,0.11708831787109375,0.4103298485279083,0.5,1.0,1.0
4,990,25000,0.2501559853553772,0.34262141585350037,1.1364468122110338e-07,1.0,1.1364468122110338e-07,0.0003775396617129445,0.0017543042777106166,0.005598943214863539,0.015432486310601234,0.04198112338781357,0.11789735406637192,0.4090750217437744,0.5,1.0,1.0
4,1000,25000,0.25010448694229126,0.34256553649902344,1.2833424989366904e-07,1.0,1.2833424989366904e-07,0.0003776620142161846,0.0017496340442448854,0.005560388322919607,0.015521178022027016,0.041935473680496216,0.11696772277355194,0.4091617465019226,0.5,1.0,1.0
4,1010,25000,0.2501278817653656,0.3425547480583191,9.928174193873929e-08,1.0,9.928174193873929e-08,0.0003782914427574724,0.0017498860834166408,0.005565017461776733,0.01549563929438591,0.041928648948669434,0.11761448532342911,0.4100746810436249,0.5,1.0,1.0
4,1020,25000,0.25011250376701355,0.34262222051620483,1.1780763031765673e-07,1.0,1.1780763031765673e-07,0.00038049157592467964,0.00176865397952497,0.005588812753558159,0.015519694425165653,0.04192779213190079,0.11703487485647202,0.4092864692211151,0.5,1.0,1.0
4,1030,25000,0.25018182396888733,0.342571496963501,1.236291637951581e-07,1.0,1.236291637951581e-07,0.00037987405085004866,0.0017646559281274676,0.005592995323240757,0.015531775541603565,0.042101263999938965,0.11793883144855499,0.4092050790786743,0.5,1.0,1.0
4,1040,25000,0.2502223253250122,0.3425997495651245,1.1056621929128596e-07,1.0,1.1056621929128596e-07,0.00037595865433104336,0.001752739306539297,0.005573067348450422,0.015475604683160782,0.041942231357097626,0.11759454011917114,0.4114784896373749,0.5,1.0,1.0
4,1050,25000,0.25018635392189026,0.3425849676132202,1.0246305492955798e-07,1.0,1.0246305492955798e-07,0.00038256042171269655,0.0017617479898035526,0.005579384975135326,0.015548350289463997,0.04181525111198425,0.11732928454875946,0.4114595651626587,0.5,1.0,1.0
4,1060,25000,0.25016576051712036,0.3426041603088379,1.1880740657943534e-07,1.0,1.1880740657943534e-07,0.00037632789462804794,0.0017562449211254716,0.005546812433749437,0.015502448193728924,0.04201018810272217,0.1175980418920517,0.41130590438842773,0.5,1.0,1.0
4,1070,25000,0.2501223385334015,0.34256240725517273,8.31074942198029e-08,1.0,8.31074942198029e-08,0.0003758071979973465,0.0017685940256342292,0.005573874339461327,0.015431000851094723,0.041794128715991974,0.11774002760648727,0.41047003865242004,0.5,1.0,1.0
4,1080,25000,0.25011318922042847,0.34256303310394287,1.113492515969483e-07,1.0,1.113492515969483e-07,0.0003766859881579876,0.0017595269018784165,0.005592946894466877,0.015570426359772682,0.04189606010913849,0.11826499551534653,0.41095757484436035,0.5,1.0,1.0
4,1090,25000,0.2502192258834839,0.34264951944351196,1.3255211683826928e-07,1.0,1.3255211683826928e-07,0.0003800689009949565,0.0017528070602566004,0.005561732221394777,0.015422838740050793,0.041816551238298416,0.1174505278468132,0.41103240847587585,0.5,1.0,1.0
4,1100,25000,0.2502451241016388,0.3426395058631897,1.1611127348487571e-07,1.0,1.1611127348487571e-07,0.00037883297773078084,0.001753541175276041,0.005569104570895433,0.01551677193492651,0.042123518884181976,0.11742369830608368,0.41082286834716797,0.5,1.0,1.0
4,1110,25000,0.250184565782547,0.3425966501235962,1.3441031398997438e-07,1.0,1.3441031398997438e-07,0.0003793105424847454,0.0017605135217308998,0.005587227642536163,0.015446663834154606,0.041938044130802155,0.11774926632642746,0.4111601710319519,0.5,1.0,1.0
4,1120,25000,0.2502206563949585,0.34255683422088623,1.2756039780015271e-07,1.0,1.2756039780015271e-07,0.0003769155591726303,0.00176142284180969,0.005585331469774246,0.01547305565327406,0.042050912976264954,0.11755019426345825,0.4124406576156616,0.5,1.0,1.0
4,1130,25000,0.25025227665901184,0.3426373600959778,1.0508887271498679e-07,1.0,1.0508887271498679e-07,0.0003791631606873125,0.001755840377882123,0.005601904820650816,0.015575794503092766,0.04193294793367386,0.11768520623445511,0.41075775027275085,0.5,1.0,1.0
4,1140,25000,0.2501606345176697,0.342591792345047,1.0869185729234232e-07,1.0,1.0869185729234232e-07,0.0003767469897866249,0.0017620096914470196,0.005582601297646761,0.015429561026394367,0.04196678474545479,0.11740957200527191,0.41017434000968933,0.5,1.0,1.0
4,1150,25000,0.2502242624759674,0.34264442324638367,1.1309234082546027e-07,1.0,1.1309234082546027e-07,0.0003778474638238549,0.0017588416812941432,0.005574006587266922,0.015535237267613411,0.042007289826869965,0.11743583530187607,0.41171887516975403,0.5,1.0,1.0
4,1160,25000,0.2502252757549286,0.34260302782058716,1.236489879374858e-07,1.0,1.236489879374858e-07,0.0003779454855248332,0.0017553222132846713,0.005562636535614729,0.015480344183743,0.0420195609331131,0.11769126355648041,0.41257768869400024,0.5,1.0,1.0
4,1170,25000,0.2501834034919739,0.34264177083969116,1.0534204619716547e-07,1.0,1.0534204619716547e-07,0.00037843085010536015,0.0017511340556666255,0.005554419010877609,0.015504158101975918,0.04169681668281555,0.11690880358219147,0.41122061014175415,0.5,1.0,1.0
4,1180,25000,0.2501537799835205,0.34260836243629456,1.082610836533604e-07,1.0,1.082610836533604e-07,0.00037991636781953275,0.0017671624664217234,0.005600404925644398,0.015475505031645298,0.04203467816114426,0.11711673438549042,0.41065239906311035,0.5,1.0,1.0
4,1190,25000,0.2502349615097046,0.34261733293533325,1.1512965158999577e-07,1.0,1.1512965158999577e-07,0.0003789944457821548,0.0017538692336529493,0.00557118421420455,0.015488755889236927,0.04192892462015152,0.11768609285354614,0.40990132093429565,0.5,1.0,1.0
4,1200,25000,0.2501792013645172,0.34260305762290955,9.384014276747621e-08,1.0,9.384014276747621e-08,0.00038009960553608835,0.0017624625470489264,0.005628174636512995,0.015418066643178463,0.042054884135723114,0.1175750270485878,0.40900513529777527,0.5,1.0,1.0
4,1210,25000,0.2502043843269348,0.3426295816898346,1.20565829320185e-07,1.0,1.20565829320185e-07,0.0003788485482800752,0.0017591547220945358,0.005572190508246422,0.015458988957107067,0.04186350852251053,0.11823765933513641,0.41158995032310486,0.5,1.0,1.0
4,1220,25000,0.2501585781574249,0.34262174367904663,1.036549832633682e-07,1.0,1.036549832633682e-07,0.0003796845267061144,0.0017502307891845703,0.005553479306399822,0.015526004135608673,0.04209268465638161,0.11690725386142731,0.4105237126350403,0.5,1.0,1.0
4,1230,25000,0.2502214014530182,0.3426003158092499,1.2123628323479352e-07,1.0,1.2123628323479352e-07,0.00037976738531142473,0.0017434903420507908,0.005583174992352724,0.015458612702786922,0.04201227426528931,0.11758749932050705,0.40947625041007996,0.5,1.0,1.0
4,1240,25000,0.2502083480358124,0.34264785051345825,1.470586568075305e-07,1.0,1.470586568075305e-07,0.0003774058714043349,0.0017440225929021835,0.005580583121627569,0.015529954805970192,0.04186126962304115,0.11785446107387543,0.41032034158706665,0.5,1.0,1.0
4,1250,25000,0.25022315979003906,0.3426414132118225,1.3656099895342777e-07,1.0,1.3656099895342777e-07,0.0003755844954866916,0.0017608713824301958,0.0055615827441215515,0.015473098494112492,0.04193788021802902,0.11801167577505112,0.4111962914466858,0.5,1.0,1.0
4,1260,25000,0.2501262128353119,0.3425682783126831,9.645955145742846e-08,1.0,9.645955145742846e-08,0.00037925271317362785,0.0017473213374614716,0.005530069116503,0.01553172804415226,0.04197672754526138,0.1174001544713974,0.4098866879940033,0.5,1.0,1.0
4,1270,25000,0.25015193223953247,0.34263932704925537,1.0485445756103218e-07,1.0,1.0485445756103218e-07,0.00037911016261205077,0.001750764437019825,0.0055307322181761265,0.01545339822769165,0.041940994560718536,0.11740189790725708,0.4104854166507721,0.5,1.0,1.0
4,1280,25000,0.25010189414024353,0.3425990045070648,1.0529311822438103e-07,1.0,1.0529311822438103e-07,0.00037497407174669206,0.0017561007989570498,0.005562270991504192,0.015428445301949978,0.04194033145904541,0.11744046956300735,0.40985164046287537,0.5,1.0,1.0
4,1290,25000,0.25024667382240295,0.34264564514160156,1.1731268045878096e-07,1.0,1.1731268045878096e-07,0.00037675994099117815,0.0017567864852026105,0.005585596431046724,0.015398621559143066,0.04186796024441719,0.11791060119867325,0.4119909107685089,0.5,1.0,1.0
4,1300,25000,0.25021758675575256,0.3425913453102112,9.874880646520978e-08,1.0,9.874880646520978e-08,0.00037920617614872754,0.0017608311027288437,0.005590872839093208,0.01549441460520029,0.04201824963092804,0.11774369329214096,0.41076070070266724,0.5,1.0,1.0
4,1310,25000,0.25017860531806946,0.34260180592536926,1.1829288837361673e-07,1.0,1.1829288837361673e-07,0.00037850189255550504,0.0017597911646589637,0.0055710687302052975,0.015445307828485966,0.041962455958127975,0.11746799200773239,0.40890413522720337,0.5,1.0,1.0
4,1320,25000,0.2501293122768402,0.342624306678772,9.734351635870553e-08,1.0,9.734351635870553e-08,0.00038075490738265216,0.0017502049449831247,0.005565545056015253,0.015447149984538555,0.04195021092891693,0.11745253205299377,0.40831345319747925,0.5,1.0,1.0
4,1330,25000,0.25014716386795044,0.34261295199394226,9.872561435031457e-08,1.0,9.872561435031457e-08,0.0003776229277718812,0.0017529443139210343,0.005582474637776613,0.01549453940242529,0.04167109727859497,0.11757393181324005,0.40885400772094727,0.5,1.0,1.0
4,1340,25000,0.25018009543418884,0.3426167964935303,1.0290744967278442e-07,1.0,1.0290744967278442e-07,0.00037793797673657537,0.0017564650624990463,0.005556326825171709,0.015549654141068459,0.041845232248306274,0.11757997423410416,0.4102986454963684,0.5,1.0,1.0
4,1350,25000,0.25020334124565125,0.342620849609375,1.299941345678235e-07,1.0,1.299941345678235e-07,0.00037702478584833443,0.0017493130872026086,0.005569535307586193,0.015436125919222832,0.041775211691856384,0.11751391738653183,0.4100878834724426,0.5,1.0,1.0
4,1360,25000,0.25011464953422546,0.3426167964935303,9.356888597267243e-08,1.0,9.356888597267243e-08,0.0003765076107811183,0.001767570385709405,0.005594349000602961,0.015470410697162151,0.041991524398326874,0.11798565834760666,0.41113147139549255,0.5,1.0,1.0
4,1370,25000,0.250216543674469,0.34263545274734497,7.438781324253796e-08,1.0,7.438781324253796e-08,0.00037871827953495085,0.0017583384178578854,0.00556882144883275,0.01549802627414465,0.04196213185787201,0.11737127602100372,0.4129081070423126,0.5,1.0,1.0
4,1380,25000,0.2502492070198059,0.3426740765571594,1.1552232592748624e-07,1.0,1.1552232592748624e-07,0.00037897887523286045,0.001760059967637062,0.005579732824116945,0.015462120994925499,0.04178940877318382,0.11767180263996124,0.4117444157600403,0.5,1.0,1.0
4,1390,25000,0.2503930628299713,0.3427029252052307,1.2838221152833285e-07,1.0,1.2838221152833285e-07,0.00037929703830741346,0.0017537736566737294,0.005593250505626202,0.015498117543756962,0.04194994270801544,0.11767671257257462,0.4117477834224701,0.5,1.0,1.0
4,1400,25000,0.2502082884311676,0.34267279505729675,9.524209332312239e-08,1.0,9.524209332312239e-08,0.00037775601958855987,0.0017513249767944217,0.005553444381803274,0.015474960207939148,0.04196678847074509,0.11693846434354782,0.41074031591415405,0.5,1.0,1.0
4,1410,25000,0.2501622438430786,0.342629611492157,9.145256996134776e-08,1.0,9.145256996134776e-08,0.0003787686873693019,0.0017457966459915042,0.005556829739362001,0.015357129275798798,0.04190397262573242,0.11804701387882233,0.4104016125202179,0.5,1.0,1.0
4,1420,25000,0.25016799569129944,0.3426108658313751,8.234827930664324e-08,1.0,8.234827930664324e-08,0.00038009960553608835,0.001756591023877263,0.005569714121520519,0.015436790883541107,0.04207027330994606,0.1175435334444046,0.4110197126865387,0.5,1.0,1.0
4,1430,25000,0.25021892786026,0.34263095259666443,1.2071301114247035e-07,1.0,1.2071301114247035e-07,0.00037752208299934864,0.0017537595704197884,0.005558765027672052,0.01547771692276001,0.04183472692966461,0.11775646358728409,0.40987324714660645,0.5,1.0,1.0
4,1440,25000,0.2502146363258362,0.34261876344680786,1.0843095310519857e-07,1.0,1.0843095310519857e-07,0.00037650400190614164,0.0017579784616827965,0.0055728210136294365,0.015490244142711163,0.04194839671254158,0.11736536026000977,0.41120609641075134,0.5,1.0,1.0
4,1450,25000,0.2501250207424164,0.34257972240448,1.4032059425517218e-07,1.0,1.4032059425517218e-07,0.0003775090735871345,0.001758985803462565,0.005571374204009771,0.015445412136614323,0.041921667754650116,0.11744696646928787,0.41083431243896484,0.5,1.0,1.0
4,1460,25000,0.25024086236953735,0.3426702916622162,1.0788016879814677e-07,1.0,1.0788016879814677e-07,0.00037585830432362854,0.0017660914454609156,0.005631317850202322,0.015438469126820564,0.04202980548143387,0.1170523464679718,0.41044798493385315,0.5,1.0,1.0
4,1470,25000,0.250224769115448,0.3426882028579712,1.0734436273196479e-07,1.0,1.0734436273196479e-07,0.00037323415745049715,0.0017571536591276526,0.005572620313614607,0.015437613241374493,0.04198385775089264,0.1178586557507515,0.41020599007606506,0.5,1.0,1.0
4,1480,25000,0.25025272369384766,0.3426629304885864,1.1592946691507677e-07,1.0,1.1592946691507677e-07,0.0003772824420593679,0.0017534747021272779,0.005547060165554285,0.01548951119184494,0.04205253720283508,0.11722825467586517,0.40856289863586426,0.5,1.0,1.0
4,1490,25000,0.25016170740127563,0.34261253476142883,1.1264582866488126e-07,1.0,1.1264582866488126e-07,0.000378721539163962,0.0017512078629806638,0.005571051500737667,0.01542501337826252,0.041817259043455124,0.1176672950387001,0.40832632780075073,0.5,1.0,1.0
4,1500,25000,0.25017043948173523,0.3426077961921692,1.225665755555383e-07,1.0,1.225665755555383e-07,0.00037884482298977673,0.0017473160987719893,0.0055848672054708,0.015407166443765163,0.04207270219922066,0.11747299879789352,0.40943723917007446,0.5,1.0,1.0
4,1510,25000,0.2502400577068329,0.3426702618598938,1.05445558062911e-07,1.0,1.05445558062911e-07,0.00037988205440342426,0.001754153985530138,0.005590376909822226,0.015498548746109009,0.04222717136144638,0.117108553647995,0.41144150495529175,0.5,1.0,1.0
4,1520,25000,0.25033658742904663,0.3426794707775116,9.202713613376545e-08,1.0,9.202713613376545e-08,0.00038018819759599864,0.0017479645321145654,0.005561376456171274,0.015458126552402973,0.04176188260316849,0.11818905919790268,0.4114406108856201,0.5,1.0,1.0
4,1530,25000,0.2502463459968567,0.34265437722206116,1.1311465186736314e-07,1.0,1.1311465186736314e-07,0.00037464580964297056,0.0017583511071279645,0.005567064043134451,0.015458769164979458,0.041876986622810364,0.1175856962800026,0.4105796217918396,0.5,1.0,1.0
4,1540,25000,0.25019538402557373,0.3426609933376312,9.285503210776369e-08,1.0,9.285503210776369e-08,0.0003780057013500482,0.0017623446183279157,0.00555772427469492,0.015457315370440483,0.041964247822761536,0.11700715869665146,0.4101743698120117,0.5,1.0,1.0
4,1550,25000,0.2500888407230377,0.34257078170776367,1.02128687728964e-07,1.0,1.02128687728964e-07,0.00038020472857169807,0.0017627461347728968,0.0055924891494214535,0.01552740577608347,0.04185870662331581,0.1174367368221283,0.40980544686317444,0.5,1.0,1.0
4,1560,25000,0.2501998245716095,0.34262967109680176,1.133827609578475e-07,1.0,1.133827609578475e-07,0.00037727400194853544,0.0017600611317902803,0.005584993399679661,0.015500705689191818,0.041902996599674225,0.11714012175798416,0.40997806191444397,0.5,1.0,1.0
4,1570,25000,0.25009089708328247,0.34259772300720215,7.540036506270553e-08,1.0,7.540036506270553e-08,0.0003794887743424624,0.0017533991485834122,0.005576281808316708,0.015534115955233574,0.04185068979859352,0.11671272665262222,0.409606009721756,0.5,1.0,1.0
4,1580,25000,0.25018826127052307,0.3426200747489929,9.201296080618704e-08,1.0,9.201296080618704e-08,0.0003790047485381365,0.001758276717737317,0.005554205738008022,0.015461329370737076,0.04190623015165329,0.11741477996110916,0.411194384098053,0.5,1.0,1.0
4,1590,25000,0.25018832087516785,0.3426731824874878,1.3597431802736537e-07,1.0,1.3597431802736537e-07,0.00037937419256195426,0.0017553404904901981,0.005577409639954567,0.015448507852852345,0.04196558892726898,0.11772684752941132,0.4102318584918976,0.5,1.0,1.0
4,1600,25000,0.25020670890808105,0.34256455302238464,9.837958714342676e-08,1.0,9.837958714342676e-08,0.0003760221297852695,0.00175359973218292,0.0055553303100168705,0.01548280380666256,0.04191340506076813,0.11766783148050308,0.4115440547466278,0.5,1.0,1.0
4,1610,25000,0.2501641511917114,0.3426951766014099,7.523686917920713e-08,1.0,7.523686917920713e-08,0.00037319090915843844,0.001762888510711491,0.005559368524700403,0.015509235672652721,0.041750576347112656,0.11737271398305893,0.41245323419570923,0.5,1.0,1.0
4,1620,25000,0.25028935074806213,0.3426944315433502,9.63731210390506e-08,1.0,9.63731210390506e-08,0.000376295909518376,0.0017579932464286685,0.005563260521739721,0.015485676936805248,0.041777778416872025,0.11795710027217865,0.4111758768558502,0.5,1.0,1.0
4,1630,25000,0.25021952390670776,0.3426256775856018,1.1073445449483188e-07,1.0,1.1073445449483188e-07,0.0003800298145506531,0.0017505987780168653,0.005592768546193838,0.015415966510772705,0.04205628111958504,0.1174396276473999,0.4100129306316376,0.5,1.0,1.0
4,1640,25000,0.2502587139606476,0.34271880984306335,9.375500553687743e-08,1.0,9.375500553687743e-08,0.0003777063684538007,0.0017486916622146964,0.005558934062719345,0.015468589961528778,0.04207238554954529,0.11708887666463852,0.41132986545562744,0.5,1.0,1.0
4,1650,25000,0.25016382336616516,0.34262046217918396,1.14672275230987e-07,1.0,1.14672275230987e-07,0.0003792016941588372,0.0017633805982768536,0.005575807299464941,0.01543985866010189,0.04206768050789833,0.11696093529462814,0.40904176235198975,0.5,1.0,1.0
4,1660,25000,0.2502986490726471,0.34273970127105713,8.625475800272397e-08,1.0,8.625475800272397e-08,0.00037879624869674444,0.0017487510340288281,0.005570990964770317,0.015429194085299969,0.04196950048208237,0.11735185980796814,0.4113219976425171,0.5,1.0,1.0
4,1670,25000,0.25026822090148926,0.34270885586738586,1.0033519259877721e-07,1.0,1.0033519259877721e-07,0.00037955152220092714,0.0017622914165258408,0.005585507024079561,0.015487823635339737,0.0419233962893486,0.11748463660478592,0.41249966621398926,0.5,1.0,1.0
4,1680,25000,0.25020313262939453,0.3427157700061798,1.1700884527954258e-07,1.0,1.1700884527954258e-07,0.000378527824068442,0.0017529063625261188,0.005566143896430731,0.015456228516995907,0.041758883744478226,0.11702848970890045,0.41138529777526855,0.5,1.0,1.0
4,1690,25000,0.25032398104667664,0.3427366614341736,1.0696090413375714e-07,1.0,1.0696090413375714e-07,0.0003783466818276793,0.0017589920898899436,0.00557584036141634,0.015518736094236374,0.04197576642036438,0.11729785054922104,0.4126270115375519,0.5,1.0,1.0
4,1700,25000,0.250310480594635,0.3426377773284912,9.173668047424144e-08,1.0,9.173668047424144e-08,0.00037918146699666977,0.0017499597743153572,0.005578571930527687,0.015499251894652843,0.04223961383104324,0.11797063797712326,0.41042613983154297,0.5,1.0,1.0
4,1710,25000,0.25024253129959106,0.3426341116428375,8.044825250408394e-08,1.0,8.044825250408394e-08,0.0003783122228924185,0.0017579116392880678,0.005582984071224928,0.015505303628742695,0.04198131710290909,0.11780252307653427,0.4117202162742615,0.5,1.0,1.0
4,1720,25000,0.2502891719341278,0.3427139222621918,1.251933809953698e-07,1.0,1.251933809953698e-07,0.0003742692933883518,0.0017444585682824254,0.005562875885516405,0.0154833123087883,0.04179735109210014,0.11815326660871506,0.41143831610679626,0.5,1.0,1.0
4,1730,25000,0.2501884698867798,0.342634379863739,1.0731265831509518e-07,1.0,1.0731265831509518e-07,0.00038246388430707157,0.0017698818119242787,0.005540570709854364,0.01542044710367918,0.0418369397521019,0.11745736747980118,0.41188594698905945,0.5,1.0,1.0
4,1740,25000,0.2501838505268097,0.34263068437576294,8.686570396321258e-08,1.0,8.686570396321258e-08,0.0003778395475819707,0.0017485846765339375,0.005538370925933123,0.015431449748575687,0.04188128560781479,0.11772044003009796,0.4103378653526306,0.5,1.0,1.0
4,1750,25000,0.2502070665359497,0.34269723296165466,1.317737314820988e-07,1.0,1.317737314820988e-07,0.0003799190162681043,0.0017543314024806023,0.005543014965951443,0.015430674888193607,0.042016781866550446,0.11749743670225143,0.40833473205566406,0.5,1.0,1.0
4,1760,25000,0.25027725100517273,0.3427124321460724,1.0741835865246685e-07,1.0,1.0741835865246685e-07,0.0003791689232457429,0.0017357562901452184,0.005571045447140932,0.015488010831177235,0.041859135031700134,0.11715131253004074,0.41234275698661804,0.5,1.0,1.0
4,1770,25000,0.2502579689025879,0.3426535129547119,1.1365308694166742e-07,1.0,1.1365308694166742e-07,0.0003795964876189828,0.0017517504747956991,0.005582699552178383,0.015556520782411098,0.04191230237483978,0.11761501431465149,0.4112563133239746,0.5,1.0,1.0
4,1780,25000,0.25022879242897034,0.34269648790359497,1.0428660601746742e-07,1.0,1.0428660601746742e-07,0.00037810459616594017,0.0017499587265774608,0.005559126380831003,0.015476862899959087,0.04201842471957207,0.11764110624790192,0.41029003262519836,0.5,1.0,1.0
4,1790,25000,0.25020289421081543,0.3426761329174042,1.2110329805636866e-07,1.0,1.2110329805636866e-07,0.00037830753717571497,0.0017545606242492795,0.005556940101087093,0.015479962341487408,0.04202074557542801,0.11742551624774933,0.4112355709075928,0.5,1.0,1.0
4,1800,25000,0.25028905272483826,0.3426448106765747,1.1163502477984366e-07,1.0,1.1163502477984366e-07,0.0003765436995308846,0.001746591879054904,0.005548624321818352,0.015448464080691338,0.04206547141075134,0.11801669001579285,0.4112023711204529,0.5,1.0,1.0
4,1810,25000,0.2501397728919983,0.342654824256897,1.3509837515357503e-07,1.0,1.3509837515357503e-07,0.000380079000024125,0.001754110213369131,0.005562602076679468,0.015430622734129429,0.0417557954788208,0.11715028434991837,0.41004449129104614,0.5,1.0,1.0
4,1820,25000,0.25019922852516174,0.34265807271003723,1.2116939274164906e-07,1.0,1.2116939274164906e-07,0.000378844648366794,0.001756056910380721,0.005567105486989021,0.015478548593819141,0.04197727516293526,0.1173820048570633,0.41099029779434204,0.5,1.0,1.0
4,1830,25000,0.25021451711654663,0.3426539897918701,9.711797588352056e-08,1.0,9.711797588352056e-08,0.00037934433203190565,0.0017623661551624537,0.005582577548921108,0.015499480068683624,0.041953615844249725,0.11714259535074234,0.4114530682563782,0.5,1.0,1.0
4,1840,25000,0.25024205446243286,0.34266766905784607,1.2598296450505586e-07,1.0,1.2598296450505586e-07,0.00037572815199382603,0.0017538848333060741,0.005576142109930515,0.015492414124310017,0.04198348522186279,0.11764509975910187,0.4090653359889984,0.5,1.0,1.0
4,1850,25000,0.2502259314060211,0.3426421880722046,1.1536631916442275e-07,1.0,1.1536631916442275e-07,0.0003759660176001489,0.0017565443413332105,0.005599795840680599,0.015444491058588028,0.04202099144458771,0.11768829822540283,0.4110965430736542,0.5,1.0,1.0
4,1860,25000,0.25017794966697693,0.3427087068557739,8.505864457220014e-08,1.0,8.505864457220014e-08,0.0003788627509493381,0.0017563774017617106,0.005549248307943344,0.015443851239979267,0.04187871515750885,0.11682871729135513,0.4094257056713104,0.5,1.0,1.0
4,1870,25000,0.2501883804798126,0.3426457643508911,1.549893369201527e-07,1.0,1.549893369201527e-07,0.0003817853576038033,0.0017551652854308486,0.0055694361217319965,0.015431378968060017,0.0419420562684536,0.11737453937530518,0.4114815890789032,0.5,1.0,1.0
4,1880,25000,0.25032150745391846,0.34268200397491455,9.043246507189906e-08,1.0,9.043246507189906e-08,0.0003783303254749626,0.0017540964763611555,0.005572746507823467,0.015476388856768608,0.04183047264814377,0.11815973371267319,0.40959352254867554,0.5,1.0,1.0
4,1890,25000,0.2502118945121765,0.3426854610443115,1.3135172594047617e-07,1.0,1.3135172594047617e-07,0.00038080333615653217,0.0017516497755423188,0.005576200783252716,0.015477756969630718,0.04177257418632507,0.1174452006816864,0.41126054525375366,0.5,1.0,1.0
4,1900,25000,0.25019603967666626,0.34267404675483704,9.942682055452678e-08,1.0,9.942682055452678e-08,0.0003827865293715149,0.0017571537755429745,0.005577626172453165,0.015468868426978588,0.04206056520342827,0.11715160310268402,0.4114125669002533,0.5,1.0,1.0
4,1910,25000,0.2502421736717224,0.3426735997200012,1.048800442049469e-07,1.0,1.048800442049469e-07,0.0003769436152651906,0.001758853904902935,0.005564743187278509,0.015452406369149685,0.04195389151573181,0.11760903149843216,0.41042739152908325,0.5,1.0,1.0
4,1920,25000,0.2502714693546295,0.3427010476589203,8.997271550015284e-08,1.0,8.997271550015284e-08,0.00037857965799048543,0.0017544898437336087,0.005586821585893631,0.015489830635488033,0.04193497449159622,0.11733447760343552,0.41124844551086426,0.5,1.0,1.0
4,1930,25000,0.2501961588859558,0.34269002079963684,1.0852318155230023e-07,1.0,1.0852318155230023e-07,0.0003793872310779989,0.0017474342603236437,0.0055469018407166,0.015511846169829369,0.04198532924056053,0.11721637845039368,0.4097522497177124,0.5,1.0,1.0
4,1940,25000,0.2502537667751312,0.3426918387413025,1.2293537565710722e-07,1.0,1.2293537565710722e-07,0.00038116559153422713,0.0017513914499431849,0.005587778985500336,0.015489018522202969,0.04193083941936493,0.11751092970371246,0.41153088212013245,0.5,1.0,1.0
4,1950,25000,0.25018537044525146,0.3427090644836426,1.0280957951636083e-07,1.0,1.0280957951636083e-07,0.0003783047723118216,0.00174957443960011,0.0055952249094843864,0.015470515936613083,0.04181067645549774,0.11729995161294937,0.41061607003211975,0.5,1.0,1.0
4,1960,25000,0.2501082122325897,0.3427051901817322,8.898396686163323e-08,1.0,8.898396686163323e-08,0.00037925239303149283,0.001757347141392529,0.005559130571782589,0.015414328314363956,0.041949182748794556,0.11692889034748077,0.4102782905101776,0.5,1.0,1.0
4,1970,25000,0.2503006160259247,0.34270456433296204,9.997950201068306e-08,1.0,9.997950201068306e-08,0.0003782101848628372,0.0017469831509515643,0.005556707736104727,0.015479018911719322,0.04202955961227417,0.11747424304485321,0.41025659441947937,0.5,1.0,1.0
4,1980,25000,0.25022751092910767,0.3426816463470459,1.3807164123136317e-07,1.0,1.3807164123136317e-07,0.0003806666354648769,0.0017506193835288286,0.005566056817770004,0.015522829256951809,0.04187774658203125,0.11748986691236496,0.4112546443939209,0.5,1.0,1.0
4,1990,25000,0.2502693235874176,0.342698872089386,9.146879165200517e-08,1.0,9.146879165200517e-08,0.00037994416197761893,0.0017680465243756771,0.005569152068346739,0.015525192022323608,0.04180597513914108,0.11734893918037415,0.40992531180381775,0.5,1.0,1.0
4,2000,25000,0.2502205967903137,0.34269848465919495,8.245820026786532e-08,1.0,8.245820026786532e-08,0.0003774268552660942,0.0017621112056076527,0.005562508478760719,0.015470601618289948,0.04196876287460327,0.1177961528301239,0.41210097074508667,0.5,1.0,1.0
4,2010,25000,0.25019851326942444,0.34271854162216187,9.723807892214609e-08,1.0,9.723807892214609e-08,0.000376962183509022,0.001763590145856142,0.005578013602644205,0.015493419021368027,0.04196975380182266,0.11717484146356583,0.4107174277305603,0.5,1.0,1.0
4,2020,25000,0.25027331709861755,0.34269097447395325,9.881372164954882e-08,1.0,9.881372164954882e-08,0.00038067306741140783,0.0017637597629800439,0.005596243776381016,0.015410550870001316,0.042002901434898376,0.11785634607076645,0.41009992361068726,0.5,1.0,1.0
4,2030,25000,0.2502637803554535,0.3427199423313141,1.237819162724918e-07,1.0,1.237819162724918e-07,0.0003782834974117577,0.0017589416820555925,0.005567749962210655,0.015487518161535263,0.04182732105255127,0.11706091463565826,0.41145363450050354,0.5,1.0,1.0
4,2040,25000,0.250293105840683,0.34267836809158325,1.3609468396680313e-07,1.0,1.3609468396680313e-07,0.0003810136404354125,0.0017582987202331424,0.005581696052104235,0.015475851483643055,0.042043399065732956,0.11763967573642731,0.41171324253082275,0.5,1.0,1.0
4,2050,25000,0.25014936923980713,0.3426453173160553,1.2426029627476964e-07,1.0,1.2426029627476964e-07,0.0003812324139289558,0.0017575279343873262,0.00556556461378932,0.01548193208873272,0.04202635586261749,0.11715057492256165,0.4102140963077545,0.5,1.0,1.0
4,2060,25000,0.250227689743042,0.34264081716537476,1.2245058655935281e-07,1.0,1.2245058655935281e-07,0.0003800277190748602,0.0017566154710948467,0.005603705998510122,0.015573744662106037,0.04201440513134003,0.11774012446403503,0.41059309244155884,0.5,1.0,1.0
4,2070,25000,0.2503420412540436,0.342738538980484,1.2365462964680773e-07,1.0,1.2365462964680773e-07,0.00037909261300228536,0.001759749255143106,0.005592380650341511,0.015385431237518787,0.04190778732299805,0.11790649592876434,0.41252511739730835,0.5,1.0,1.0
4,2080,25000,0.25025779008865356,0.3426797091960907,9.01300012401407e-08,1.0,9.01300012401407e-08,0.00037872340180911124,0.001748721580952406,0.005586343817412853,0.015433894470334053,0.04202394559979439,0.11777959018945694,0.41145792603492737,0.5,1.0,1.0
4,2090,25000,0.2502390444278717,0.34269168972969055,1.0027237351550866e-07,1.0,1.0027237351550866e-07,0.00037685572169721127,0.001756878336891532,0.0055684796534478664,0.015500906854867935,0.04186461865901947,0.11774683743715286,0.4107973575592041,0.5,1.0,1.0
4,2100,25000,0.25021618604660034,0.3426818549633026,1.0718210319282662e-07,1.0,1.0718210319282662e-07,0.0003791241906583309,0.0017628298373892903,0.0055899061262607574,0.015453239902853966,0.041887544095516205,0.11746931821107864,0.4091240465641022,0.5,1.0,1.0
4,2110,25000,0.25023990869522095,0.3426815867424011,1.1403340494098302e-07,1.0,1.1403340494098302e-07,0.0003786201123148203,0.0017605489119887352,0.005521553102880716,0.01539286132901907,0.04204825684428215,0.11755992472171783,0.41270503401756287,0.5,1.0,1.0
4,2120,25000,0.25031015276908875,0.34271371364593506,9.87482664527306e-08,1.0,9.87482664527306e-08,0.00038179103285074234,0.0017633788520470262,0.005556073039770126,0.015469101257622242,0.04180921986699104,0.11769457906484604,0.41052746772766113,0.5,1.0,1.0
4,2130,25000,0.25022345781326294,0.34268060326576233,1.1638972807759274e-07,1.0,1.1638972807759274e-07,0.0003768954484257847,0.0017602958250790834,0.005575484596192837,0.015528041869401932,0.04194466769695282,0.117825947701931,0.41158315539360046,0.5,1.0,1.0
4,2140,25000,0.250244140625,0.34269586205482483,1.2418907147093705e-07,1.0,1.2418907147093705e-07,0.00037834298564121127,0.0017498123925179243,0.005535349249839783,0.01542805228382349,0.04192812368273735,0.1176232323050499,0.4125062823295593,0.5,1.0,1.0
4,2150,25000,0.25017473101615906,0.342684268951416,1.0566024144509356e-07,1.0,1.0566024144509356e-07,0.00037617128691636026,0.0017555014928802848,0.005567232612520456,0.01548358891159296,0.04179178178310394,0.11705715954303741,0.40912121534347534,0.5,1.0,1.0
4,2160,25000,0.25023847818374634,0.34263327717781067,9.756936947269423e-08,1.0,9.756936947269423e-08,0.00037863507168367505,0.0017558673862367868,0.005591377150267363,0.015494533814489841,0.04194173589348793,0.11772793531417847,0.4093421995639801,0.5,1.0,1.0
4,2170,25000,0.25016164779663086,0.34266918897628784,1.0861332100375876e-07,1.0,1.0861332100375876e-07,0.00038089006557129323,0.0017597666010260582,0.0055603827349841595,0.015543697401881218,0.04196374490857124,0.11732519418001175,0.40971818566322327,0.5,1.0,1.0
4,2180,25000,0.25028443336486816,0.3427125811576843,1.102050504186991e-07,1.0,1.102050504186991e-07,0.0003749959578271955,0.0017602676525712013,0.005575401708483696,0.015480670146644115,0.04190291464328766,0.11775389313697815,0.41018834710121155,0.5,1.0,1.0
4,2190,25000,0.2501491606235504,0.3426644802093506,8.743779034148247e-08,1.0,8.743779034148247e-08,0.00037984352093189955,0.0017652938840910792,0.005543333012610674,0.015470943413674831,0.04188882187008858,0.11715677380561829,0.4093095660209656,0.5,1.0,1.0
4,2200,25000,0.25019165873527527,0.3426859378814697,1.3359698414205923e-07,1.0,1.3359698414205923e-07,0.00037562279612757266,0.0017482038820162416,0.0055756219662725925,0.015389212407171726,0.04178794473409653,0.11780153214931488,0.4099011719226837,0.5,1.0,1.0
4,2210,25000,0.2501232922077179,0.34269511699676514,1.2075059885319206e-07,1.0,1.2075059885319206e-07,0.00037576124304905534,0.0017530564218759537,0.005575551185756922,0.015474705025553703,0.04180935025215149,0.11713415384292603,0.4110126793384552,0.5,1.0,1.0
4,2220,25000,0.25024479627609253,0.34272998571395874,1.0658282434405919e-07,1.0,1.0658282434405919e-07,0.00037814368261024356,0.001754307304508984,0.0055519272573292255,0.015473912470042706,0.04194506257772446,0.11770353466272354,0.41033703088760376,0.5,1.0,1.0
4,2230,25000,0.25017672777175903,0.34268254041671753,8.795119299520593e-08,1.0,8.795119299520593e-08,0.0003732687036972493,0.0017563403816893697,0.005560582038015127,0.01547195389866829,0.04172805696725845,0.11722570657730103,0.41102761030197144,0.5,1.0,1.0
4,2240,25000,0.2501724064350128,0.34266284108161926,1.2147448558152973e-07,1.0,1.2147448558152973e-07,0.00037772051291540265,0.0017570741474628448,0.005600457079708576,0.015416675247251987,0.041995301842689514,0.11745525896549225,0.4108353555202484,0.5,1.0,1.0
4,2250,25000,0.25019147992134094,0.3427109718322754,8.026574960240396e-08,1.0,8.026574960240396e-08,0.0003791122289840132,0.0017532141646370292,0.005559541750699282,0.015508250333368778,0.0418732613325119,0.11764436215162277,0.4087873101234436,0.5,1.0,1.0
4,2260,25000,0.25028666853904724,0.34267839789390564,1.35552099322922e-07,1.0,1.35552099322922e-07,0.0003779547696467489,0.0017595032695680857,0.005569197237491608,0.015465348027646542,0.04197368770837784,0.11781875789165497,0.41165223717689514,0.5,1.0,1.0
4,2270,25000,0.2502444386482239,0.3426991403102875,1.1451063386402893e-07,1.0,1.1451063386402893e-07,0.0003763077256735414,0.0017527325544506311,0.0055903359316289425,0.015402628108859062,0.04180622845888138,0.11795511096715927,0.41250380873680115,0.5,1.0,1.0
4,2280,25000,0.25019749999046326,0.34268659353256226,1.101823272620095e-07,1.0,1.101823272620095e-07,0.00037727502058260143,0.0017715186113491654,0.0055735474452376366,0.015533152967691422,0.04190784692764282,0.1172352060675621,0.4099268317222595,0.5,1.0,1.0
4,2290,25000,0.2502710223197937,0.34268516302108765,1.0341069156538651e-07,1.0,1.0341069156538651e-07,0.0003783609136007726,0.0017682870384305716,0.005565710831433535,0.015537934377789497,0.042110294103622437,0.11739973723888397,0.41021421551704407,0.5,1.0,1.0
4,2300,25000,0.2502860128879547,0.3426918685436249,7.247064814919213e-08,1.0,7.247064814919213e-08,0.0003737633232958615,0.0017572486540302634,0.005547796841710806,0.015494627878069878,0.04201665148139,0.11790460348129272,0.4110511839389801,0.5,1.0,1.0
4,2310,25000,0.25027453899383545,0.3427157700061798,1.168749932389801e-07,1.0,1.168749932389801e-07,0.00037886679638177156,0.001762567088007927,0.005570282228291035,0.015529450960457325,0.041757434606552124,0.11691653728485107,0.4103310704231262,0.5,1.0,1.0
4,2320,25000,0.25038132071495056,0.34279727935791016,1.0275643802515333e-07,1.0,1.0275643802515333e-07,0.00038089099689386785,0.001753625925630331,0.005588510539382696,0.01544425543397665,0.04197590425610542,0.1177014634013176,0.4123260974884033,0.5,1.0,1.0
4,2330,25000,0.25021037459373474,0.3426956832408905,1.1508048913810853e-07,1.0,1.1508048913810853e-07,0.00037838166463188827,0.0017563241999596357,0.00557657890021801,0.015520283952355385,0.04199724271893501,0.11717505753040314,0.4110998511314392,0.5,1.0,1.0
4,2340,25000,0.25024497509002686,0.34273970127105713,1.0303502762099015e-07,1.0,1.0303502762099015e-07,0.0003774384967982769,0.0017584261950105429,0.005586414132267237,0.01544139813631773,0.04174646735191345,0.11731795966625214,0.4127791225910187,0.5,1.0,1.0
4,2350,25000,0.2502971291542053,0.342728853225708,1.1045707992707321e-07,1.0,1.1045707992707321e-07,0.00037683997652493417,0.0017559824045747519,0.005597436334937811,0.015463401563465595,0.04207576811313629,0.11773356795310974,0.41069990396499634,0.5,1.0,1.0
4,2360,25000,0.25026705861091614,0.34273049235343933,1.0825910834455499e-07,1.0,1.0825910834455499e-07,0.0003801718121394515,0.001746810507029295,0.0055422731675207615,0.015469596721231937,0.041676007211208344,0.11750791221857071,0.40981340408325195,0.5,1.0,1.0
4,2370,25000,0.25021764636039734,0.3426918089389801,1.35137597112589e-07,1.0,1.35137597112589e-07,0.00037540835910476744,0.0017471426399424672,0.005576462019234896,0.015389347448945045,0.04209053888916969,0.11749424785375595,0.40932267904281616,0.5,1.0,1.0
4,2380,25000,0.25023025274276733,0.34270039200782776,9.737046724467291e-08,1.0,9.737046724467291e-08,0.0003782929852604866,0.001761497464030981,0.005602949298918247,0.01546245813369751,0.04171476513147354,0.11770954728126526,0.4104413092136383,0.5,1.0,1.0
4,2390,25000,0.25019633769989014,0.34268712997436523,1.2395788928643015e-07,1.0,1.2395788928643015e-07,0.0003789663314819336,0.001760541694238782,0.005578285548835993,0.01546933688223362,0.04183601215481758,0.11716192960739136,0.4100959599018097,0.5,1.0,1.0
4,2400,25000,0.2502184808254242,0.34265968203544617,9.74488472138546e-08,1.0,9.74488472138546e-08,0.0003769074974115938,0.0017590427305549383,0.005559263750910759,0.015384506434202194,0.041962362825870514,0.11786841601133347,0.40883928537368774,0.5,1.0,1.0
4,2410,25000,0.2501755654811859,0.3427056074142456,1.1261187893296665e-07,1.0,1.1261187893296665e-07,0.0003802531282417476,0.001750613679178059,0.005567506421357393,0.015440121293067932,0.04183530807495117,0.11764518916606903,0.40950074791908264,0.5,1.0,1.0
4,2420,25000,0.250210702419281,0.34267500042915344,1.1158202539718332e-07,1.0,1.1158202539718332e-07,0.0003779895487241447,0.0017634974792599678,0.005579610820859671,0.015531251206994057,0.0418427400290966,0.11769921332597733,0.41081833839416504,0.5,1.0,1.0
4,2430,25000,0.2502015233039856,0.3427072763442993,1.0939679384591727e-07,1.0,1.0939679384591727e-07,0.00037752886419184506,0.0017526136944070458,0.0055510238744318485,0.01549037266522646,0.04167698323726654,0.11706680059432983,0.4111853539943695,0.5,1.0,1.0
4,2440,25000,0.25030699372291565,0.34275007247924805,1.1399232846542873e-07,1.0,1.1399232846542873e-07,0.0003756966325454414,0.0017631310038268566,0.0055779386311769485,0.015476180240511894,0.04200153425335884,0.1179092600941658,0.4109363555908203,0.5,1.0,1.0
4,2450,25000,0.2501530945301056,0.3426567614078522,1.2107845748232648e-07,1.0,1.2107845748232648e-07,0.00037595033063553274,0.001754224649630487,0.005580544471740723,0.015545889735221863,0.04190666228532791,0.11735454201698303,0.41058188676834106,0.5,1.0,1.0
4,2460,25000,0.25027385354042053,0.3427245616912842,1.0141216932879615e-07,1.0,1.0141216932879615e-07,0.00037688884185627103,0.0017516242805868387,0.005564064718782902,0.01543287094682455,0.04194491356611252,0.11838304996490479,0.4119891822338104,0.5,1.0,1.0
4,2470,25000,0.25029781460762024,0.34268420934677124,1.1774348962489967e-07,1.0,1.1774348962489967e-07,0.00037886243080720305,0.0017599561251699924,0.005563080310821533,0.015454644337296486,0.04193538799881935,0.11788490414619446,0.4100504219532013,0.5,1.0,1.0
4,2480,25000,0.2501847445964813,0.3426573574542999,1.1322388360213154e-07,1.0,1.1322388360213154e-07,0.0003754806239157915,0.0017543659778311849,0.005587154999375343,0.015466433949768543,0.042074643075466156,0.11690160632133484,0.40895920991897583,0.5,1.0,1.0
4,2490,25000,0.2502569854259491,0.342705637216568,1.2297765294988494e-07,1.0,1.2297765294988494e-07,0.0003817806427832693,0.0017528883181512356,0.005590925924479961,0.015477890148758888,0.04204562306404114,0.11720652133226395,0.41171565651893616,0.5,1.0,1.0
4,2500,25000,0.2501848340034485,0.3427424430847168,9.569695436084658e-08,1.0,9.569695436084658e-08,0.0003800206759478897,0.0017610142240300775,0.005564345512539148,0.015436510555446148,0.0418277382850647,0.11689909547567368,0.41226035356521606,0.5,1.0,1.0
4,2510,25000,0.2502177059650421,0.34269705414772034,1.217326399682861e-07,1.0,1.217326399682861e-07,0.0003789020702242851,0.0017656286945566535,0.00557429064065218,0.015452086925506592,0.04195467382669449,0.11753387749195099,0.40982377529144287,0.5,1.0,1.0
4,2520,25000,0.2502833902835846,0.3427066504955292,1.231585002869906e-07,1.0,1.231585002869906e-07,0.0003777530509978533,0.0017561516724526882,0.005555866286158562,0.015540187247097492,0.042076997458934784,0.1173345074057579,0.41101163625717163,0.5,1.0,1.0
4,2530,25000,0.2502134442329407,0.3426932096481323,1.224705670210824e-07,1.0,1.224705670210824e-07,0.0003807158500421792,0.0017457640497013927,0.005586709827184677,0.015424405224621296,0.04165644571185112,0.11737245321273804,0.4115959107875824,0.5,1.0,1.0
4,2540,25000,0.25027549266815186,0.34272700548171997,7.144770819422774e-08,1.0,7.144770819422774e-08,0.00037565009552054107,0.0017555308295413852,0.005554213188588619,0.015424192883074284,0.042019493877887726,0.11738406866788864,0.4104096591472626,0.5,1.0,1.0
4,2550,25000,0.2502151131629944,0.34264716506004333,1.1129819199595659e-07,1.0,1.1129819199595659e-07,0.0003785596345551312,0.0017605213215574622,0.005577523726969957,0.015484263189136982,0.041882194578647614,0.11771965771913528,0.4107101261615753,0.5,1.0,1.0
4,2560,25000,0.2502557635307312,0.34267011284828186,1.1141488442945047e-07,1.0,1.1141488442945047e-07,0.0003754694771487266,0.0017613265663385391,0.005578706506639719,0.015457548201084137,0.04205534607172012,0.11792111396789551,0.41007617115974426,0.5,1.0,1.0
4,2570,25000,0.25019773840904236,0.3426969647407532,8.375111804070912e-08,1.0,8.375111804070912e-08,0.00037632358726114035,0.0017493292689323425,0.005550858564674854,0.01541788037866354,0.041965171694755554,0.11677294224500656,0.411482036113739,0.5,1.0,1.0
4,2580,25000,0.250186026096344,0.34273287653923035,1.1998658067113865e-07,1.0,1.1998658067113865e-07,0.0003784074215218425,0.0017582871951162815,0.005572527647018433,0.015432723797857761,0.041952189058065414,0.11690303683280945,0.4104090631008148,0.5,1.0,1.0
4,2590,25000,0.25020670890808105,0.34268665313720703,1.4356506028434524e-07,1.0,1.4356506028434524e-07,0.0003773636417463422,0.0017454406479373574,0.005609425250440836,0.015521137975156307,0.04172229766845703,0.11712927371263504,0.4100410044193268,0.5,1.0,1.0
4,2600,25000,0.25024786591529846,0.3426711857318878,9.319934690665832e-08,1.0,9.319934690665832e-08,0.00037807837361469865,0.0017577975522726774,0.005603809375315905,0.015548369847238064,0.04189698398113251,0.11775791645050049,0.4098414480686188,0.5,1.0,1.0
4,2610,25000,0.250229150056839,0.34265607595443726,1.1596154791959634e-07,1.0,1.1596154791959634e-07,0.00037762775900773704,0.0017599411075934768,0.005529390648007393,0.015457583591341972,0.04188883304595947,0.11776845157146454,0.40957146883010864,0.5,1.0,1.0
4,2620,25000,0.250233918428421,0.3426348567008972,1.0228708191561964e-07,1.0,1.0228708191561964e-07,0.00037529016844928265,0.001756930141709745,0.005586840212345123,0.015426397323608398,0.04210837185382843,0.11761714518070221,0.41059961915016174,0.5,1.0,1.0
4,2630,25000,0.25021982192993164,0.34266453981399536,1.162074028115967e-07,1.0,1.162074028115967e-07,0.0003784003492910415,0.0017559599364176393,0.005586329381912947,0.015596861019730568,0.04175518453121185,0.11737576127052307,0.4106593430042267,0.5,1.0,1.0
4,2640,25000,0.25010955333709717,0.3426823616027832,1.3104060769819625e-07,1.0,1.3104060769819625e-07,0.00037900236202403903,0.0017634730320423841,0.005571817047894001,0.015416004694998264,0.041990913450717926,0.11702417582273483,0.409245103597641,0.5,1.0,1.0
4,2650,25000,0.25020545721054077,0.3426016569137573,1.0585914367311489e-07,1.0,1.0585914367311489e-07,0.00037894287379458547,0.001749958610162139,0.005555309820920229,0.01549322810024023,0.04201012849807739,0.11792325973510742,0.4119422137737274,0.5,1.0,1.0
4,2660,25000,0.2501445710659027,0.34268659353256226,7.391714262894311e-08,1.0,7.391714262894311e-08,0.0003766940499190241,0.0017568522598594427,0.005543623119592667,0.015450413338840008,0.04151507467031479,0.11703751981258392,0.41097238659858704,0.5,1.0,1.0
4,2670,25000,0.25023433566093445,0.34272050857543945,1.3025024259150086e-07,1.0,1.3025024259150086e-07,0.0003760138060897589,0.001751745119690895,0.005544622428715229,0.015486340038478374,0.041908204555511475,0.11723743379116058,0.4104474186897278,0.5,1.0,1.0
4,2680,25000,0.2502811849117279,0.3427295386791229,1.1435351865429766e-07,1.0,1.1435351865429766e-07,0.00037764172884635627,0.001757814665324986,0.005557248834520578,0.015499526634812355,0.04184269905090332,0.11715788394212723,0.40979790687561035,0.5,1.0,1.0
4,2690,25000,0.2502848207950592,0.3427358865737915,1.13033799209461e-07,1.0,1.13033799209461e-07,0.00037635653279721737,0.001754319528117776,0.005577713716775179,0.015542719513177872,0.04207749664783478,0.1176937073469162,0.4106285870075226,0.5,1.0,1.0
4,2700,25000,0.25023365020751953,0.34272345900535583,1.1911929931329723e-07,1.0,1.1911929931329723e-07,0.0003783850697800517,0.0017455199267715216,0.005579412914812565,0.015401649288833141,0.04179991036653519,0.11770457774400711,0.40877771377563477,0.5,1.0,1.0
4,2710,25000,0.2502675950527191,0.34269261360168457,1.0117129534137348e-07,1.0,1.0117129534137348e-07,0.00038037842023186386,0.0017486981814727187,0.005565346218645573,0.015393237583339214,0.0419473834335804,0.11765479296445847,0.41013550758361816,0.5,1.0,1.0
4,2720,25000,0.2502257227897644,0.3426889181137085,9.546547374839065e-08,1.0,9.546547374839065e-08,0.00037921586772426963,0.0017628776840865612,0.005549945868551731,0.015483262948691845,0.041954174637794495,0.1176644116640091,0.4092864394187927,0.5,1.0,1.0
4,2730,25000,0.25016191601753235,0.3427093029022217,1.0311899245607492e-07,1.0,1.0311899245607492e-07,0.00037415436236187816,0.0017484602285549045,0.005531419534236193,0.015542399138212204,0.04184491187334061,0.11747395247220993,0.4096437096595764,0.5,1.0,1.0
4,2740,25000,0.2502720057964325,0.3427242040634155,1.415258452652779e-07,1.0,1.415258452652779e-07,0.00037936121225357056,0.0017606751061975956,0.005585717968642712,0.015484146773815155,0.041944146156311035,0.11731604486703873,0.4109291732311249,0.5,1.0,1.0
4,2750,25000,0.2503070831298828,0.342715859413147,1.0612906464757543e-07,1.0,1.0612906464757543e-07,0.0003782313142437488,0.0017632386879995465,0.00555626442655921,0.01541995257139206,0.04195164144039154,0.11772987991571426,0.4103810787200928,0.5,1.0,1.0
4,2760,25000,0.2502027451992035,0.3427112102508545,1.3014376065711986e-07,1.0,1.3014376065711986e-07,0.0003776178928092122,0.0017424982506781816,0.005597477313131094,0.015469797886908054,0.041881099343299866,0.1172909140586853,0.4108351469039917,0.5,1.0,1.0
4,2770,25000,0.25022268295288086,0.3427341878414154,1.0081048884558186e-07,1.0,1.0081048884558186e-07,0.0003761675034184009,0.0017623703461140394,0.005583039950579405,0.01541550736874342,0.041772812604904175,0.11766465753316879,0.4111495912075043,0.5,1.0,1.0
4,2780,25000,0.25030332803726196,0.3427049517631531,1.0163349628555807e-07,1.0,1.0163349628555807e-07,0.0003786941524595022,0.0017640949226915836,0.005590992048382759,0.015490477904677391,0.04184487834572792,0.11794185638427734,0.40965840220451355,0.5,1.0,1.0
4,2790,25000,0.2502925992012024,0.34272006154060364,8.482648894414524e-08,1.0,8.482648894414524e-08,0.000380529003450647,0.0017597785918042064,0.005578459240496159,0.015459523536264896,0.04187645763158798,0.11730904877185822,0.41160210967063904,0.5,1.0,1.0
4,2800,25000,0.25023508071899414,0.34264102578163147,1.4424703920212778e-07,1.0,1.4424703920212778e-07,0.0003795272787101567,0.0017543648136779666,0.005581284407526255,0.015456276945769787,0.04199082404375076,0.11786972731351852,0.4100596010684967,0.5,1.0,1.0
4,2810,25000,0.2502092719078064,0.3426649570465088,1.1990495352165453e-07,1.0,1.1990495352165453e-07,0.0003795995726250112,0.0017516609514132142,0.005576055496931076,0.015466361306607723,0.042046092450618744,0.11801248043775558,0.41012313961982727,0.5,1.0,1.0
4,2820,25000,0.2503475844860077,0.34275850653648376,1.207282025461609e-07,1.0,1.207282025461609e-07,0.00037728832103312016,0.0017582172295078635,0.005601578392088413,0.015508073382079601,0.04183047264814377,0.11751659214496613,0.4119425415992737,0.5,1.0,1.0
4,2830,25000,0.2502193748950958,0.3427070081233978,8.022991693223958e-08,1.0,8.022991693223958e-08,0.0003781137347687036,0.001759262871928513,0.00557337561622262,0.015453326515853405,0.04195404425263405,0.1178160309791565,0.411739319562912,0.5,1.0,1.0
4,2840,25000,0.2502528727054596,0.34267452359199524,1.1240607733498109e-07,1.0,1.1240607733498109e-07,0.00037769993650726974,0.001760711893439293,0.0055612558498978615,0.015472599305212498,0.04173649847507477,0.117911197245121,0.4097585380077362,0.5,1.0,1.0
4,2850,25000,0.2502202093601227,0.3426288366317749,1.0569628727807867e-07,1.0,1.0569628727807867e-07,0.00037958467146381736,0.0017527302261441946,0.005583043675869703,0.015489735640585423,0.0420767217874527,0.11771979182958603,0.4091975688934326,0.5,1.0,1.0
4,2860,25000,0.2502342164516449,0.342662513256073,1.184702327350351e-07,1.0,1.184702327350351e-07,0.0003795497177634388,0.0017714127898216248,0.005581664387136698,0.015405581332743168,0.04203208535909653,0.11778898537158966,0.4095512926578522,0.5,1.0,1.0
4,2870,25000,0.2502242624759674,0.3426916301250458,1.1200457095128513e-07,1.0,1.1200457095128513e-07,0.00037642542156390846,0.0017617502016946673,0.005561158526688814,0.015449822880327702,0.04177141934633255,0.11753391474485397,0.41051343083381653,0.5,1.0,1.0
4,2880,25000,0.2502950429916382,0.34274452924728394,1.090112107249297e-07,1.0,1.090112107249297e-07,0.0003770451876334846,0.0017588514601811767,0.005596923641860485,0.01553110871464014,0.04202267527580261,0.11734762787818909,0.4109198749065399,0.5,1.0,1.0
4,2890,25000,0.2503415644168854,0.3427329361438751,1.0106929693165512e-07,1.0,1.0106929693165512e-07,0.00037761585554108024,0.0017488464945927262,0.005564799066632986,0.015504240989685059,0.04205437749624252,0.11794782429933548,0.4114038646221161,0.5,1.0,1.0
4,2900,25000,0.25026383996009827,0.34273338317871094,1.0099341096747594e-07,1.0,1.0099341096747594e-07,0.0003769437607843429,0.0017646162305027246,0.005557364784181118,0.015473086386919022,0.041851840913295746,0.11726164817810059,0.4114171862602234,0.5,1.0,1.0
4,2910,25000,0.2501426637172699,0.34264642000198364,1.2550894723517558e-07,1.0,1.2550894723517558e-07,0.0003797587414737791,0.0017576190875843167,0.005560153629630804,0.015403848141431808,0.04182663559913635,0.117436982691288,0.409832239151001,0.5,1.0,1.0
4,2920,25000,0.2501574456691742,0.34265005588531494,1.1260474508389962e-07,1.0,1.1260474508389962e-07,0.0003773294447455555,0.00175876310095191,0.005587213207036257,0.015447068959474564,0.04183956980705261,0.1174551248550415,0.41038593649864197,0.5,1.0,1.0
4,2930,25000,0.250214159488678,0.34268268942832947,1.1182706316503754e-07,1.0,1.1182706316503754e-07,0.00037701125256717205,0.001761090476065874,0.00556117994710803,0.015486355870962143,0.041927315294742584,0.11777378618717194,0.4117864668369293,0.5,1.0,1.0
4,2940,25000,0.25024256110191345,0.3427075445652008,1.103976217109448e-07,1.0,1.103976217109448e-07,0.00037782706203870475,0.0017567119793966413,0.0055733672343194485,0.015431320294737816,0.04180753231048584,0.11792220920324326,0.40987199544906616,0.5,1.0,1.0
4,2950,25000,0.25028330087661743,0.34269076585769653,8.573790211130472e-08,1.0,8.573790211130472e-08,0.0003795601660385728,0.001758364262059331,0.005589438136667013,0.015570554882287979,0.041917137801647186,0.11788017302751541,0.4116048514842987,0.5,1.0,1.0
4,2960,25000,0.2502463161945343,0.3427506685256958,8.983889898672714e-08,1.0,8.983889898672714e-08,0.0003775641380343586,0.0017509342869743705,0.005560008343309164,0.015480557456612587,0.04199289157986641,0.1171998605132103,0.4111936688423157,0.5,1.0,1.0
4,2970,25000,0.2503735423088074,0.34276947379112244,1.0156335861211119e-07,1.0,1.0156335861211119e-07,0.00037937460001558065,0.0017599720740690827,0.005571295041590929,0.015453916974365711,0.04214831069111824,0.11766285449266434,0.4116184413433075,0.5,1.0,1.0
4,2980,25000,0.2503102123737335,0.34278547763824463,1.2785169190010492e-07,1.0,1.2785169190010492e-07,0.0003791425551753491,0.0017677489668130875,0.005567378364503384,0.015493801794946194,0.0419338122010231,0.11762340366840363,0.4127086400985718,0.5,1.0,1.0
4,2990,25000,0.2502304017543793,0.3427473306655884,8.365543635591166e-08,1.0,8.365543635591166e-08,0.0003769035392906517,0.0017527014715597034,0.005584510043263435,0.015408124774694443,0.04183366894721985,0.11728029698133469,0.40946537256240845,0.5,1.0,1.0
4,3000,25000,0.2501905858516693,0.3427109122276306,8.05151429972284e-08,1.0,8.05151429972284e-08,0.00037841565790586174,0.00174938072450459,0.00557747483253479,0.015456115826964378,0.041672538965940475,0.11718067526817322,0.41107022762298584,0.5,1.0,1.0
4,3010,25000,0.25025638937950134,0.3427465558052063,1.0560178509422258e-07,1.0,1.0560178509422258e-07,0.00037719347164966166,0.0017541840206831694,0.0055549112148582935,0.01543251983821392,0.04183695465326309,0.11762232333421707,0.41016751527786255,0.5,1.0,1.0
4,3020,25000,0.25031545758247375,0.34267473220825195,1.0307395825748245e-07,1.0,1.0307395825748245e-07,0.0003803784493356943,0.0017579658888280392,0.005580843426287174,0.015468723140656948,0.04195178300142288,0.11784686148166656,0.41193580627441406,0.5,1.0,1.0
4,3030,25000,0.25021427869796753,0.34265974164009094,1.0296350438920854e-07,1.0,1.0296350438920854e-07,0.00037901027826592326,0.0017601101426407695,0.005581356585025787,0.015519049018621445,0.04188670590519905,0.11761805415153503,0.41135910153388977,0.5,1.0,1.0
4,3040,25000,0.2501893937587738,0.3427126705646515,1.2054260878358036e-07,1.0,1.2054260878358036e-07,0.0003806912573054433,0.0017546634189784527,0.005579906515777111,0.015426200814545155,0.041942909359931946,0.11725375056266785,0.4102385938167572,0.5,1.0,1.0
4,3050,25000,0.2502199411392212,0.34271782636642456,1.148336252754234e-07,1.0,1.148336252754234e-07,0.0003796407545451075,0.0017613249365240335,0.005570804234594107,0.01539883017539978,0.041878603398799896,0.11751461774110794,0.4113173186779022,0.5,1.0,1.0
4,3060,25000,0.2502560615539551,0.3427024185657501,1.111358329808354e-07,1.0,1.111358329808354e-07,0.00038005656097084284,0.0017518263775855303,0.005563677754253149,0.015521661378443241,0.04196421802043915,0.11788370460271835,0.4117206335067749,0.5,1.0,1.0
4,3070,25000,0.25034385919570923,0.34274327754974365,1.1960956669554434e-07,1.0,1.1960956669554434e-07,0.0003758999810088426,0.0017492066835984588,0.005559668410569429,0.015465612523257732,0.041970640420913696,0.11760299652814865,0.41309854388237,0.5,1.0,1.0
4,3080,25000,0.25024887919425964,0.34272104501724243,1.1805605026893318e-07,1.0,1.1805605026893318e-07,0.00037972247810103,0.0017476632492616773,0.005563033744692802,0.015402727760374546,0.04181519150733948,0.11785221844911575,0.41104114055633545,0.5,1.0,1.0
4,3090,25000,0.2502064108848572,0.3427421450614929,1.069486259552832e-07,1.0,1.069486259552832e-07,0.00038065752596594393,0.0017531384946778417,0.00556598138064146,0.01545647345483303,0.041689805686473846,0.11743568629026413,0.40927761793136597,0.5,1.0,1.0
4,3100,25000,0.25020304322242737,0.3427289128303528,1.2231197388246073e-07,1.0,1.2231197388246073e-07,0.00037708357558585703,0.0017538629472255707,0.005564133636653423,0.015462920069694519,0.042075783014297485,0.11759538948535919,0.4099978804588318,0.5,1.0,1.0
4,3110,25000,0.2502140700817108,0.3427058458328247,7.684591452061795e-08,1.0,7.684591452061795e-08,0.0003771777846850455,0.0017539954278618097,0.005585089325904846,0.0154771963134408,0.04193130135536194,0.11736760288476944,0.4109934866428375,0.5,1.0,1.0
4,3120,25000,0.2501320242881775,0.3426709771156311,1.4261969738527114e-07,1.0,1.4261969738527114e-07,0.00037971948040649295,0.001769262831658125,0.005566770676523447,0.015478551387786865,0.04176807403564453,0.11684620380401611,0.4096173048019409,0.5,1.0,1.0
4,3130,25000,0.2500772178173065,0.3426344394683838,9.273126266862164e-08,1.0,9.273126266862164e-08,0.0003799856931436807,0.0017532837809994817,0.005569965112954378,0.015437775291502476,0.04175347462296486,0.11734766513109207,0.408769428730011,0.5,1.0,1.0
4,3140,25000,0.25024476647377014,0.3427260220050812,8.017684649530565e-08,1.0,8.017684649530565e-08,0.000377126329112798,0.001763868727721274,0.005565368104726076,0.015521944500505924,0.04173962026834488,0.1176593229174614,0.4109332263469696,0.5,1.0,1.0
4,3150,25000,0.2502814829349518,0.3427812159061432,6.717613132423139e-08,1.0,6.717613132423139e-08,0.0003785784065257758,0.001755747478455305,0.005581259727478027,0.015455150976777077,0.042019493877887726,0.11762609332799911,0.4110645651817322,0.5,1.0,1.0
4,3160,25000,0.25031208992004395,0.34279146790504456,1.0407083550489915e-07,1.0,1.0407083550489915e-07,0.00037978519685566425,0.0017592322546988726,0.005577225238084793,0.015498957596719265,0.0418994203209877,0.11747124791145325,0.410812646150589,0.5,1.0,1.0
4,3170,25000,0.25029757618904114,0.34275153279304504,8.724773437052136e-08,1.0,8.724773437052136e-08,0.0003776181838475168,0.0017567825270816684,0.005581927020102739,0.015564859844744205,0.042068399488925934,0.11772119998931885,0.4112910032272339,0.5,1.0,1.0
4,3180,25000,0.2502451539039612,0.34271976351737976,1.4930614611330384e-07,1.0,1.4930614611330384e-07,0.00037646066630259156,0.0017652066890150309,0.005562940146774054,0.015433919616043568,0.041811589151620865,0.11743982881307602,0.4101846516132355,0.5,1.0,1.0
4,3190,25000,0.2501901686191559,0.3426758646965027,1.0084009716138098e-07,1.0,1.0084009716138098e-07,0.0003785574808716774,0.001764677930623293,0.005561561789363623,0.015400165691971779,0.041728630661964417,0.11728934943675995,0.4089014232158661,0.5,1.0,1.0
4,3200,25000,0.25025463104248047,0.34272581338882446,1.2281142858228122e-07,1.0,1.2281142858228122e-07,0.0003771836345549673,0.0017635381082072854,0.005558832082897425,0.015401401557028294,0.04204021766781807,0.11757349222898483,0.410529762506485,0.5,1.0,1.0
4,3210,25000,0.25020092725753784,0.3427336812019348,1.230068846780341e-07,1.0,1.230068846780341e-07,0.00037720194086432457,0.0017640142468735576,0.005586791783571243,0.015544857829809189,0.04204732924699783,0.11738366633653641,0.40949907898902893,0.5,1.0,1.0
4,3220,25000,0.2503102719783783,0.3427542746067047,1.0727637800300727e-07,1.0,1.0727637800300727e-07,0.00038040467188693583,0.0017563774017617106,0.0055735670030117035,0.015501594170928001,0.04198683053255081,0.11771588027477264,0.4110760986804962,0.5,1.0,1.0
4,3230,25000,0.25025972723960876,0.34273767471313477,1.1446301328987829e-07,1.0,1.1446301328987829e-07,0.0003780584956984967,0.0017621932784095407,0.005560575984418392,0.015409632585942745,0.041852548718452454,0.1176932230591774,0.41231614351272583,0.5,1.0,1.0
4,3240,25000,0.25026148557662964,0.34272000193595886,1.198366845756027e-07,1.0,1.198366845756027e-07,0.00037520963815040886,0.0017590310890227556,0.005585082340985537,0.01542468462139368,0.042055658996105194,0.11775100231170654,0.4113822877407074,0.5,1.0,1.0
4,3250,25000,0.25026074051856995,0.34273773431777954,1.2138531246819184e-07,1.0,1.2138531246819184e-07,0.0003776029625441879,0.0017718266462907195,0.005591851659119129,0.015429448336362839,0.04204831272363663,0.11724106967449188,0.4109989106655121,0.5,1.0,1.0
4,3260,25000,0.2503512501716614,0.3428051173686981,1.1151038137313662e-07,1.0,1.1151038137313662e-07,0.0003804860170930624,0.0017456189962103963,0.005572976544499397,0.015507973730564117,0.041860517114400864,0.11804953217506409,0.41181010007858276,0.5,1.0,1.0
4,3270,25000,0.2502599358558655,0.3427259922027588,7.456469575117808e-08,1.0,7.456469575117808e-08,0.00037780750426463783,0.0017648367211222649,0.005541131366044283,0.015478500165045261,0.042002879083156586,0.11775102466344833,0.41019973158836365,0.5,1.0,1.0
4,3280,25000,0.2502615749835968,0.34272849559783936,1.1635443541990753e-07,1.0,1.1635443541990753e-07,0.000379348814021796,0.0017570537747815251,0.005552005022764206,0.015558715909719467,0.0419297069311142,0.11731236428022385,0.41034117341041565,0.5,1.0,1.0
4,3290,25000,0.25016623735427856,0.342703253030777,1.2882429700766806e-07,1.0,1.2882429700766806e-07,0.0003770112234633416,0.001754221273586154,0.005548965185880661,0.015447194688022137,0.04192664101719856,0.11721594631671906,0.4091790020465851,0.5,1.0,1.0
4,3300,25000,0.2502904236316681,0.34270814061164856,1.4462709430063114e-07,1.0,1.4462709430063114e-07,0.00037679082015529275,0.0017556098755449057,0.005609557032585144,0.015492411330342293,0.04176729544997215,0.11763881891965866,0.41002216935157776,0.5,1.0,1.0
4,3310,25000,0.25022953748703003,0.3426911532878876,1.154989206497703e-07,1.0,1.154989206497703e-07,0.00037725953734479845,0.0017492210026830435,0.005574215669184923,0.015402949415147305,0.041716672480106354,0.11794061958789825,0.4112478494644165,0.5,1.0,1.0
4,3320,25000,0.25016477704048157,0.3427813947200775,1.1497943575022873e-07,1.0,1.1497943575022873e-07,0.00037643645191565156,0.0017611327348276973,0.005571426823735237,0.015435713343322277,0.04183685779571533,0.11717601120471954,0.4098380208015442,0.5,1.0,1.0
4,3330,25000,0.2503408193588257,0.3427199423313141,1.0458719401640337e-07,1.0,1.0458719401640337e-07,0.00037873018300160766,0.0017603475134819746,0.005592179484665394,0.015505358576774597,0.0421430729329586,0.11772977560758591,0.41155460476875305,0.5,1.0,1.0
4,3340,25000,0.250285804271698,0.3427022695541382,1.136918541533305e-07,1.0,1.136918541533305e-07,0.00037912031984888017,0.00175440963357687,0.0055530318059027195,0.015490179881453514,0.04197756573557854,0.11800356954336166,0.4119302034378052,0.5,1.0,1.0
4,3350,25000,0.25020286440849304,0.3427029252052307,9.874036521750895e-08,1.0,9.874036521750895e-08,0.00038017373299226165,0.0017521196277812123,0.0055440813302993774,0.015421384014189243,0.04190647974610329,0.11725841462612152,0.41008132696151733,0.5,1.0,1.0
4,3360,25000,0.2502141296863556,0.3427819609642029,7.118520528592853e-08,1.0,7.118520528592853e-08,0.0003771364572457969,0.0017590729985386133,0.00556781655177474,0.015524867922067642,0.04190618544816971,0.11680319160223007,0.4100314676761627,0.5,1.0,1.0
4,3370,25000,0.25018736720085144,0.34271472692489624,1.1364138430280946e-07,1.0,1.1364138430280946e-07,0.00037869770312681794,0.0017598724225535989,0.0055588893592357635,0.015393625944852829,0.0417952686548233,0.1175808236002922,0.41015368700027466,0.5,1.0,1.0
4,3380,25000,0.2503986060619354,0.3427431583404541,8.914169313811726e-08,1.0,8.914169313811726e-08,0.00037888664519414306,0.001752058626152575,0.005580191500484943,0.015424559824168682,0.042163729667663574,0.11787237972021103,0.41360679268836975,0.5,1.0,1.0
4,3390,25000,0.25034865736961365,0.34273451566696167,1.293192184448344e-07,1.0,1.293192184448344e-07,0.00037625484401360154,0.0017501699039712548,0.0055432431399822235,0.015516418032348156,0.04209810495376587,0.11830997467041016,0.411838173866272,0.5,1.0,1.0
4,3400,25000,0.250286340713501,0.34275150299072266,1.3622504013710568e-07,1.0,1.3622504013710568e-07,0.00037628927384503186,0.0017548460746183991,0.005563612561672926,0.01550375483930111,0.04178524762392044,0.1178690493106842,0.4128344655036926,0.5,1.0,1.0
4,3410,25000,0.25022560358047485,0.3427209258079529,1.3231785089828918e-07,1.0,1.3231785089828918e-07,0.0003782011044677347,0.0017530841287225485,0.005598185583949089,0.015402162447571754,0.04192553460597992,0.1172499880194664,0.4107069671154022,0.5,1.0,1.0
4,3420,25000,0.2502312660217285,0.34269365668296814,1.1473859018451549e-07,1.0,1.1473859018451549e-07,0.0003765529836528003,0.0017622935120016336,0.0055442447774112225,0.01545390859246254,0.04181680828332901,0.11726651340723038,0.4101868271827698,0.5,1.0,1.0
4,3430,25000,0.25020846724510193,0.3426726460456848,9.900069386503674e-08,1.0,9.900069386503674e-08,0.0003763189015444368,0.0017578131519258022,0.0055428617633879185,0.015481014735996723,0.041927486658096313,0.11742445826530457,0.40960466861724854,0.5,1.0,1.0
4,3440,25000,0.25030165910720825,0.3428044021129608,9.395580491400324e-08,1.0,9.395580491400324e-08,0.00037658613291569054,0.0017625084146857262,0.005584662780165672,0.015367047861218452,0.04206167161464691,0.11731131374835968,0.4123585522174835,0.5,1.0,1.0
4,3450,25000,0.2502637803554535,0.34269192814826965,9.597524552873438e-08,1.0,9.597524552873438e-08,0.0003781696723308414,0.0017491821199655533,0.005575408693403006,0.01542544737458229,0.041880883276462555,0.11786504089832306,0.4118843078613281,0.5,1.0,1.0
4,3460,25000,0.25025251507759094,0.3427139222621918,1.0785601745055828e-07,1.0,1.0785601745055828e-07,0.0003782382409553975,0.0017600147984921932,0.005565263796597719,0.015492781065404415,0.04185042530298233,0.11755264550447464,0.41078466176986694,0.5,1.0,1.0
4,3470,25000,0.2501811981201172,0.34270355105400085,1.198905152932639e-07,1.0,1.198905152932639e-07,0.00037747298483736813,0.0017458871006965637,0.0055579436011612415,0.015419415198266506,0.0419037826359272,0.11681347340345383,0.4091758131980896,0.5,1.0,1.0
4,3480,25000,0.25021088123321533,0.3426751494407654,1.3398926057561766e-07,1.0,1.3398926057561766e-07,0.00037862552562728524,0.001762258354574442,0.005586061626672745,0.01538305077701807,0.042000774294137955,0.11767973750829697,0.4082365334033966,0.5,1.0,1.0
4,3490,25000,0.25025683641433716,0.34274908900260925,8.225226366675997e-08,1.0,8.225226366675997e-08,0.0003767879097722471,0.0017574562225490808,0.005554411560297012,0.015430474653840065,0.04202352464199066,0.11750522255897522,0.41103610396385193,0.5,1.0,1.0
4,3500,25000,0.25027528405189514,0.34275370836257935,1.0552665941077066e-07,1.0,1.0552665941077066e-07,0.00037915600114502013,0.0017572270007804036,0.005564144812524319,0.015478207729756832,0.041867446154356,0.11741223186254501,0.41087430715560913,0.5,1.0,1.0
4,3510,25000,0.25025564432144165,0.34271204471588135,1.0017086538027797e-07,1.0,1.0017086538027797e-07,0.0003760933468583971,0.0017524596769362688,0.005576408002525568,0.015473231673240662,0.04187237471342087,0.1170627698302269,0.4098365902900696,0.5,1.0,1.0
4,3520,25000,0.2502291798591614,0.34268149733543396,1.0879113432338272e-07,1.0,1.0879113432338272e-07,0.00038040970684960485,0.0017585738096386194,0.005574453622102737,0.015507304109632969,0.04164426401257515,0.11769120395183563,0.41109830141067505,0.5,1.0,1.0
4,3530,25000,0.25020498037338257,0.34266042709350586,1.1688804590903601e-07,1.0,1.1688804590903601e-07,0.0003800567938014865,0.001762942411005497,0.005567939952015877,0.015405205078423023,0.04184121638536453,0.11777758598327637,0.4113759696483612,0.5,1.0,1.0
4,3540,25000,0.25029945373535156,0.3427303433418274,1.0293504715264135e-07,1.0,1.0293504715264135e-07,0.0003794004733208567,0.0017618363490328193,0.0055665816180408,0.015464235097169876,0.04194576293230057,0.11748584359884262,0.41114476323127747,0.5,1.0,1.0
4,3550,25000,0.25028714537620544,0.34269043803215027,8.087866376627062e-08,1.0,8.087866376627062e-08,0.0003784427244681865,0.001759359729476273,0.005556182004511356,0.015505677089095116,0.04197844862937927,0.11793120950460434,0.4115433692932129,0.5,1.0,1.0
4,3560,25000,0.25023114681243896,0.34272846579551697,1.2458765752398904e-07,1.0,1.2458765752398904e-07,0.00037665804848074913,0.0017607953632250428,0.005600983742624521,0.015483404509723186,0.04191778227686882,0.1169690191745758,0.41150110960006714,0.5,1.0,1.0
4,3570,25000,0.2502896189689636,0.3426935076713562,9.528865518859675e-08,1.0,9.528865518859675e-08,0.00038163771387189627,0.001757871825248003,0.005561463069170713,0.015479040332138538,0.04197649285197258,0.11786956340074539,0.410780668258667,0.5,1.0,1.0
4,3580,25000,0.2502334415912628,0.3427126705646515,1.1293819568436447e-07,1.0,1.1293819568436447e-07,0.00037819266435690224,0.0017642849124968052,0.005568680353462696,0.015474791638553143,0.04180947318673134,0.11746974289417267,0.41204190254211426,0.5,1.0,1.0
4,3590,25000,0.25020715594291687,0.3426663279533386,1.0910209624626077e-07,1.0,1.0910209624626077e-07,0.000378080498194322,0.0017392736626788974,0.005595456808805466,0.015428338199853897,0.04180985689163208,0.11724937707185745,0.4122433066368103,0.5,1.0,1.0
4,3600,25000,0.25016093254089355,0.3427252471446991,1.0444875186976788e-07,1.0,1.0444875186976788e-07,0.00038049629074521363,0.0017551385099068284,0.005582407116889954,0.015457802452147007,0.04189914092421532,0.11734039336442947,0.40851283073425293,0.5,1.0,1.0
4,3610,25000,0.25036904215812683,0.342685341835022,1.2414636785251787e-07,1.0,1.2414636785251787e-07,0.0003791358321905136,0.0017685949569568038,0.0055676111951470375,0.015562555752694607,0.04211089387536049,0.11795973032712936,0.41155290603637695,0.5,1.0,1.0
4,3620,25000,0.2503573000431061,0.3428080081939697,1.217447049839393e-07,1.0,1.217447049839393e-07,0.00038103482802398503,0.0017610457725822926,0.005574778188019991,0.015489577315747738,0.0418531633913517,0.1175660565495491,0.4123764634132385,0.5,1.0,1.0
4,3630,25000,0.2502492368221283,0.3427966237068176,1.1688336343240735e-07,1.0,1.1688336343240735e-07,0.000379259668989107,0.0017594863893464208,0.005571751855313778,0.015432316809892654,0.041903093457221985,0.11751789599657059,0.411628782749176,0.5,1.0,1.0
4,3640,25000,0.2503155469894409,0.3427637815475464,1.0130959537946183e-07,1.0,1.0130959537946183e-07,0.00038054591277614236,0.0017594509990885854,0.005551480688154697,0.015560275875031948,0.04185676574707031,0.11823499947786331,0.4106319546699524,0.5,1.0,1.0
4,3650,25000,0.25021126866340637,0.34269627928733826,1.2445811137240526e-07,1.0,1.2445811137240526e-07,0.0003804486768785864,0.0017595767276361585,0.0055735851638019085,0.015452226623892784,0.0419481135904789,0.117931067943573,0.41209203004837036,0.5,1.0,1.0
4,3660,25000,0.25027915835380554,0.34272199869155884,1.202634223318455e-07,1.0,1.202634223318455e-07,0.00037634276668541133,0.0017558909021317959,0.005540136713534594,0.0155037147924304,0.04190468788146973,0.11735060811042786,0.4109911024570465,0.5,1.0,1.0
4,3670,25000,0.2502399981021881,0.34270286560058594,9.006857482063424e-08,1.0,9.006857482063424e-08,0.00037997035542503,0.0017539773834869266,0.005588145460933447,0.01552430260926485,0.04208621010184288,0.11757208406925201,0.4105711281299591,0.5,1.0,1.0
4,3680,25000,0.2502140998840332,0.34266114234924316,1.2664058601785655e-07,1.0,1.2664058601785655e-07,0.0003762211708817631,0.0017526443116366863,0.005556936841458082,0.015511891804635525,0.042153920978307724,0.1174178272485733,0.4102746546268463,0.5,1.0,1.0
4,3690,25000,0.25019311904907227,0.34271126985549927,7.613309094267606e-08,1.0,7.613309094267606e-08,0.000378989934688434,0.0017542393179610372,0.005597671028226614,0.015374871902167797,0.041806429624557495,0.1176583543419838,0.41029155254364014,0.5,1.0,1.0
4,3700,25000,0.25020071864128113,0.3427053689956665,1.2982286534679588e-07,1.0,1.2982286534679588e-07,0.0003777225792873651,0.0017581167630851269,0.005575274582952261,0.01547209545969963,0.04182865843176842,0.11723395437002182,0.41127508878707886,0.5,1.0,1.0
4,3710,25000,0.2502767741680145,0.3427538573741913,1.0331908839589232e-07,1.0,1.0331908839589232e-07,0.00037743893335573375,0.0017653342802077532,0.0055513265542685986,0.015481732785701752,0.04197587072849274,0.11775998771190643,0.41073963046073914,0.5,1.0,1.0
4,3720,25000,0.2503158450126648,0.3427801728248596,9.613275153697032e-08,1.0,9.613275153697032e-08,0.0003785353619605303,0.00176500272937119,0.005566663574427366,0.015449547208845615,0.04201313853263855,0.11760473251342773,0.4108591675758362,0.5,1.0,1.0
4,3730,25000,0.25033628940582275,0.3427998125553131,1.213913520814458e-07,1.0,1.213913520814458e-07,0.00037966115633025765,0.001760946586728096,0.005595742724835873,0.015479009598493576,0.041940003633499146,0.11734317243099213,0.4102880358695984,0.5,1.0,1.0
4,3740,25000,0.2502869665622711,0.34274885058403015,9.832945124799153e-08,1.0,9.832945124799153e-08,0.00037820526631549,0.0017493987688794732,0.005589408800005913,0.015441938303411007,0.04189956933259964,0.11793375760316849,0.4105914235115051,0.5,1.0,1.0
4,3750,25000,0.2502262592315674,0.34270888566970825,8.448218125067797e-08,1.0,8.448218125067797e-08,0.0003778901882469654,0.0017555099911987782,0.0055811041966080666,0.015541019849479198,0.04201216250658035,0.11752070486545563,0.4098769724369049,0.5,1.0,1.0
4,3760,25000,0.2502605617046356,0.34270405769348145,1.1145071709961485e-07,1.0,1.1145071709961485e-07,0.00038303196197375655,0.0017571751959621906,0.005571999587118626,0.015395642258226871,0.041806258261203766,0.11759881675243378,0.4106447398662567,0.5,1.0,1.0
4,3770,25000,0.2503022849559784,0.34267985820770264,1.0258808913476969e-07,1.0,1.0258808913476969e-07,0.0003794055955950171,0.0017537811072543263,0.005580867175012827,0.015595872886478901,0.04190901294350624,0.11771602928638458,0.41169553995132446,0.5,1.0,1.0
4,3780,25000,0.2502491772174835,0.3427959382534027,1.0059665811468221e-07,1.0,1.0059665811468221e-07,0.0003776612284127623,0.0017645175103098154,0.0055505274794995785,0.01544490922242403,0.042007844895124435,0.11736851185560226,0.41005149483680725,0.5,1.0,1.0
4,3790,25000,0.2502264976501465,0.3426974415779114,9.723294169816654e-08,1.0,9.723294169816654e-08,0.0003764291759580374,0.0017565859016031027,0.00555737130343914,0.015476582571864128,0.04200480133295059,0.11757312715053558,0.409557580947876,0.5,1.0,1.0
4,3800,25000,0.2502467930316925,0.3427528440952301,9.346232587859049e-08,1.0,9.346232587859049e-08,0.00037969768163748085,0.0017429329454898834,0.005560160614550114,0.015519696287810802,0.04204678535461426,0.11723381280899048,0.40942904353141785,0.5,1.0,1.0
4,3810,25000,0.2501820921897888,0.34272056818008423,1.391868948985575e-07,1.0,1.391868948985575e-07,0.00037895404966548085,0.0017600703286007047,0.0055596367456018925,0.015442765317857265,0.04201715439558029,0.11744338274002075,0.4105124771595001,0.5,1.0,1.0
4,3820,25000,0.2501735985279083,0.34267380833625793,1.061783905242919e-07,1.0,1.061783905242919e-07,0.00038016377948224545,0.0017606584588065743,0.005615983158349991,0.015445904806256294,0.041868213564157486,0.11749318987131119,0.41013607382774353,0.5,1.0,1.0
4,3830,25000,0.25022417306900024,0.34269213676452637,9.532976008586047e-08,1.0,9.532976008586047e-08,0.00038099646917544305,0.0017541155684739351,0.005568952299654484,0.015429082326591015,0.04194942116737366,0.11711699515581131,0.41119080781936646,0.5,1.0,1.0
4,3840,25000,0.25026240944862366,0.34269455075263977,8.477037027887491e-08,1.0,8.477037027887491e-08,0.0003785233129747212,0.0017658208962529898,0.005565610248595476,0.015454635955393314,0.04203745722770691,0.11768471449613571,0.41084644198417664,0.5,1.0,1.0
4,3850,25000,0.2502029538154602,0.34268563985824585,1.2255590320364718e-07,1.0,1.2255590320364718e-07,0.0003797401732299477,0.0017553152283653617,0.0056022098287940025,0.015484387055039406,0.04207993298768997,0.11760919541120529,0.41037389636039734,0.5,1.0,1.0
4,3860,25000,0.2502434551715851,0.3426995873451233,9.062485872846082e-08,1.0,9.062485872846082e-08,0.00037994221202097833,0.0017582385335117579,0.0055634337477386,0.015517334453761578,0.04172555357217789,0.1179814487695694,0.4108920395374298,0.5,1.0,1.0
4,3870,25000,0.2502373456954956,0.3426872789859772,1.5229758787427272e-07,1.0,1.5229758787427272e-07,0.000375394884031266,0.0017505527939647436,0.005578793119639158,0.015435971319675446,0.04207930341362953,0.11747008562088013,0.41144949197769165,0.5,1.0,1.0
4,3880,25000,0.2502921223640442,0.3427138328552246,1.2007834016003471e-07,1.0,1.2007834016003471e-07,0.000380648416467011,0.001754345721565187,0.005567600950598717,0.015506694093346596,0.04195176064968109,0.11741441488265991,0.41023898124694824,0.5,1.0,1.0
4,3890,25000,0.25026753544807434,0.3427266478538513,1.1047878700765068e-07,1.0,1.1047878700765068e-07,0.00037740959669463336,0.0017618039855733514,0.005542075261473656,0.015417216345667839,0.04199900105595589,0.1174708902835846,0.4093538820743561,0.5,1.0,1.0
4,3900,25000,0.25029948353767395,0.3427536189556122,1.2097559931589785e-07,1.0,1.2097559931589785e-07,0.000381445832317695,0.0017528150929138064,0.005560229532420635,0.015502952970564365,0.041906341910362244,0.11770448833703995,0.41069355607032776,0.5,1.0,1.0
4,3910,25000,0.25018996000289917,0.34272366762161255,1.2641406499369623e-07,1.0,1.2641406499369623e-07,0.00037847881321795285,0.0017495626816526055,0.005567451473325491,0.015415280126035213,0.04191505163908005,0.11705484986305237,0.41144269704818726,0.5,1.0,1.0
4,3920,25000,0.2502550482749939,0.34274470806121826,9.468003980828144e-08,1.0,9.468003980828144e-08,0.0003787734021898359,0.0017434628680348396,0.005564962979406118,0.015481200069189072,0.041947007179260254,0.11755076795816422,0.4102439284324646,0.5,1.0,1.0
4,3930,25000,0.2502446174621582,0.3427186608314514,1.1251268006162718e-07,1.0,1.1251268006162718e-07,0.0003792367351707071,0.0017578753177076578,0.005552599672228098,0.015504572540521622,0.04176423326134682,0.11773484945297241,0.40906646847724915,0.5,1.0,1.0
4,3940,25000,0.25032684206962585,0.3428017795085907,1.5435232114668906e-07,1.0,1.5435232114668906e-07,0.00037697385414503515,0.0017572310753166676,0.005554812494665384,0.01549243088811636,0.04192356765270233,0.11698733270168304,0.41112497448921204,0.5,1.0,1.0
4,3950,25000,0.2502971589565277,0.34275728464126587,9.964432479137031e-08,1.0,9.964432479137031e-08,0.0003784960135817528,0.0017576151294633746,0.005580442026257515,0.015498494729399681,0.04204303398728371,0.11763357371091843,0.4117007553577423,0.5,1.0,1.0
4,3960,25000,0.25024038553237915,0.34271135926246643,1.5758220683892432e-07,1.0,1.5758220683892432e-07,0.0003786848683375865,0.0017662917962297797,0.005566135980188847,0.015436605550348759,0.04186560958623886,0.11756304651498795,0.4098580479621887,0.5,1.0,1.0
4,3970,25000,0.2501943111419678,0.34271475672721863,1.3190810932428576e-07,1.0,1.3190810932428576e-07,0.0003794054500758648,0.001754560973495245,0.005612280685454607,0.015458878129720688,0.041958726942539215,0.1171015277504921,0.40982311964035034,0.5,1.0,1.0
4,3980,25000,0.25021061301231384,0.34269317984580994,9.942846901367375e-08,1.0,9.942846901367375e-08,0.00037763454020023346,0.0017525721341371536,0.005583841819316149,0.015482988208532333,0.04203855246305466,0.1177072748541832,0.4098910689353943,0.5,1.0,1.0
4,3990,25000,0.2503213584423065,0.3427641987800598,9.837159353764946e-08,1.0,9.837159353764946e-08,0.00037628121208399534,0.0017606444889679551,0.005580228753387928,0.01556133758276701,0.04185241460800171,0.11739150434732437,0.41029879450798035,0.5,1.0,1.0
4,4000,25000,0.2502731382846832,0.34273821115493774,9.909691556231337e-08,1.0,9.909691556231337e-08,0.0003788105968851596,0.0017650951631367207,0.005559252575039864,0.015508858487010002,0.04188426584005356,0.11754516512155533,0.41097766160964966,0.5,1.0,1.0
4,4010,25000,0.2502001225948334,0.3427307903766632,8.302969689566453e-08,1.0,8.302969689566453e-08,0.0003778387908823788,0.0017547528259456158,0.005541505292057991,0.015466827899217606,0.041903696954250336,0.11742296069860458,0.40985167026519775,0.5,1.0,1.0
4,4020,25000,0.25025704503059387,0.34269607067108154,1.1449171211097564e-07,1.0,1.1449171211097564e-07,0.0003770665207412094,0.0017596922116354108,0.005563982762396336,0.015466868877410889,0.04187047481536865,0.11765430122613907,0.41038134694099426,0.5,1.0,1.0
4,4030,25000,0.2502439618110657,0.34271660447120667,8.745452362290962e-08,1.0,8.745452362290962e-08,0.00037601010990329087,0.001732736243866384,0.0055919550359249115,0.015448279678821564,0.04192737489938736,0.11770309507846832,0.41004887223243713,0.5,1.0,1.0
4,4040,25000,0.2502520680427551,0.3427422344684601,1.080680931409006e-07,1.0,1.080680931409006e-07,0.0003798561810981482,0.0017475924687460065,0.005558128468692303,0.015483739785850048,0.04180867224931717,0.1173284500837326,0.41106516122817993,0.5,1.0,1.0
4,4050,25000,0.25030404329299927,0.34276217222213745,1.1836289104394382e-07,1.0,1.1836289104394382e-07,0.00037910148967057467,0.0017602276057004929,0.0055665988475084305,0.01550435833632946,0.041745539754629135,0.11729837954044342,0.41165196895599365,0.5,1.0,1.0
4,4060,25000,0.25030359625816345,0.34277209639549255,1.1052937054500944e-07,1.0,1.1052937054500944e-07,0.0003790046612266451,0.00175529217813164,0.005572060123085976,0.015495427884161472,0.04202829673886299,0.11682651937007904,0.4106442332267761,0.5,1.0,1.0
4,4070,25000,0.25024569034576416,0.34271660447120667,9.989608429350483e-08,1.0,9.989608429350483e-08,0.00037697271909564734,0.0017567366594448686,0.005559342447668314,0.015452411957085133,0.041923508048057556,0.11712890863418579,0.4102810025215149,0.5,1.0,1.0
4,4080,25000,0.2502876818180084,0.34272757172584534,1.3069697502032795e-07,1.0,1.3069697502032795e-07,0.0003761441330425441,0.0017562451539561152,0.005540553480386734,0.015539383515715599,0.04200291261076927,0.11790848523378372,0.41040748357772827,0.5,1.0,1.0
4,4090,25000,0.25039318203926086,0.34276390075683594,1.0728511767865712e-07,1.0,1.0728511767865712e-07,0.0003814352967310697,0.0017474256455898285,0.005573596339672804,0.015494713559746742,0.04199220985174179,0.11771997064352036,0.41303062438964844,0.5,1.0,1.0
4,4100,25000,0.25026288628578186,0.3427298367023468,1.0296972163814644e-07,1.0,1.0296972163814644e-07,0.00037613025051541626,0.001758083002641797,0.005556950811296701,0.015493114478886127,0.04193192720413208,0.11731673777103424,0.40981411933898926,0.5,1.0,1.0
4,4110,25000,0.2502623200416565,0.342734158039093,1.1538499933294588e-07,1.0,1.1538499933294588e-07,0.0003812318027485162,0.0017591780051589012,0.005594664253294468,0.015455355867743492,0.04191156476736069,0.11780963093042374,0.408962607383728,0.5,1.0,1.0
4,4120,25000,0.25022339820861816,0.3426949381828308,1.1655546927613614e-07,1.0,1.1655546927613614e-07,0.00037778468686155975,0.0017567890463396907,0.005561098922044039,0.015465797856450081,0.04186847805976868,0.11768404394388199,0.4104067087173462,0.5,1.0,1.0
4,4130,25000,0.25023970007896423,0.34269800782203674,1.0899125868490955e-07,1.0,1.0899125868490955e-07,0.00037951659760437906,0.001765431254170835,0.005576034542173147,0.015455505810678005,0.041864775121212006,0.11747550964355469,0.4099288880825043,0.5,1.0,1.0
4,4140,25000,0.2502048909664154,0.3427045941352844,1.5668588559947239e-07,1.0,1.5668588559947239e-07,0.0003767484740819782,0.001749410410411656,0.005554665345698595,0.015472659841179848,0.04196970909833908,0.11761485785245895,0.4098392426967621,0.5,1.0,1.0
4,4150,25000,0.2502169907093048,0.34271910786628723,1.2287678430311644e-07,1.0,1.2287678430311644e-07,0.00037791725480929017,0.00175997253973037,0.0055406843312084675,0.015353070572018623,0.041819434612989426,0.11753209680318832,0.4105627238750458,0.5,1.0,1.0
4,4160,25000,0.2502816915512085,0.3427680432796478,1.1236563324246163e-07,1.0,1.1236563324246163e-07,0.0003755083598662168,0.0017438270151615143,0.005568931810557842,0.01548126433044672,0.041976600885391235,0.1172809973359108,0.41176700592041016,0.5,1.0,1.0
4,4170,25000,0.25021639466285706,0.34272506833076477,1.317790463417623e-07,1.0,1.317790463417623e-07,0.0003768462920561433,0.0017455762717872858,0.005540216341614723,0.015505373477935791,0.04197404161095619,0.11725888401269913,0.41028714179992676,0.5,1.0,1.0
4,4180,25000,0.25024187564849854,0.3427615463733673,9.990043992047504e-08,1.0,9.990043992047504e-08,0.00038077603676356375,0.0017646774649620056,0.005575126968324184,0.015468300320208073,0.04187328740954399,0.11753136664628983,0.41015493869781494,0.5,1.0,1.0
4,4190,25000,0.2503044307231903,0.3427650034427643,1.2778868097029772e-07,1.0,1.2778868097029772e-07,0.00037959625478833914,0.0017491921316832304,0.005594535265117884,0.015476779080927372,0.041962362825870514,0.1173786148428917,0.4123632609844208,0.5,1.0,1.0
4,4200,25000,0.25024065375328064,0.34273698925971985,1.1381136033605799e-07,1.0,1.1381136033605799e-07,0.00037787749897688627,0.0017568840412423015,0.005563284736126661,0.015418988652527332,0.04196155071258545,0.117609903216362,0.4106183648109436,0.5,1.0,1.0
4,4210,25000,0.2502693831920624,0.3427053987979889,1.0557638319141915e-07,1.0,1.0557638319141915e-07,0.0003792558272834867,0.0017554055666550994,0.005549916997551918,0.015567942522466183,0.041937947273254395,0.11799853295087814,0.41095632314682007,0.5,1.0,1.0
4,4220,25000,0.25026652216911316,0.3427690267562866,1.0782122217278811e-07,1.0,1.0782122217278811e-07,0.00037666273419745266,0.0017514419741928577,0.0055853924714028835,0.015445088967680931,0.04185963794589043,0.11724083125591278,0.4110093414783478,0.5,1.0,1.0
4,4230,25000,0.2503637969493866,0.3427836298942566,1.351219083289834e-07,1.0,1.351219083289834e-07,0.0003757289960049093,0.0017628073692321777,0.005576299037784338,0.01544709037989378,0.04205010086297989,0.11731619387865067,0.4111257791519165,0.5,1.0,1.0
4,4240,25000,0.25026965141296387,0.34275034070014954,1.230373385396888e-07,1.0,1.230373385396888e-07,0.0003772331983782351,0.0017605881439521909,0.005574490875005722,0.015479442663490772,0.04184617102146149,0.11745699495077133,0.4118824303150177,0.5,1.0,1.0
4,4250,25000,0.2502264082431793,0.34271755814552307,1.6329902052802936e-07,1.0,1.6329902052802936e-07,0.0003746456350199878,0.0017511353362351656,0.005572070833295584,0.015520664863288403,0.041819967329502106,0.11760459840297699,0.41260212659835815,0.5,1.0,1.0
4,4260,25000,0.2502606213092804,0.34273263812065125,9.32413968257606e-08,1.0,9.32413968257606e-08,0.0003794518706854433,0.0017573530785739422,0.005604243837296963,0.015485438518226147,0.04203410446643829,0.11738095432519913,0.4113580286502838,0.5,1.0,1.0
4,4270,25000,0.2501610815525055,0.34268835186958313,1.2952634165230847e-07,1.0,1.2952634165230847e-07,0.00037728817551396787,0.0017544433940201998,0.005574369337409735,0.015472098253667355,0.0418943427503109,0.11749811470508575,0.40873098373413086,0.5,1.0,1.0
4,4280,25000,0.2502115070819855,0.34266865253448486,1.1167059454919581e-07,1.0,1.1167059454919581e-07,0.0003795605443883687,0.0017585119931027293,0.005585582461208105,0.015475843101739883,0.0419209860265255,0.11780443042516708,0.41059160232543945,0.5,1.0,1.0
4,4290,25000,0.25030872225761414,0.3426930010318756,9.558285540833822e-08,1.0,9.558285540833822e-08,0.00037951351259835064,0.0017622298328205943,0.005587116815149784,0.015461530536413193,0.041981667280197144,0.11748676747083664,0.4109618663787842,0.5,1.0,1.0
4,4300,25000,0.2501887083053589,0.3427160382270813,1.228667372288328e-07,1.0,1.228667372288328e-07,0.0003748414746951312,0.0017526871524751186,0.005585049744695425,0.015464415773749352,0.04195837676525116,0.11779739707708359,0.41108277440071106,0.5,1.0,1.0
4,4310,25000,0.2502969801425934,0.34273093938827515,1.231308317528601e-07,1.0,1.231308317528601e-07,0.0003773885255213827,0.0017554115038365126,0.005575479939579964,0.015491551719605923,0.041740477085113525,0.11785278469324112,0.41292446851730347,0.5,1.0,1.0
4,4320,25000,0.2502176761627197,0.3427041471004486,1.1091952245578796e-07,1.0,1.1091952245578796e-07,0.00037832692032679915,0.0017654955154284835,0.005574230570346117,0.015487204305827618,0.041924480348825455,0.11748971045017242,0.4090372622013092,0.5,1.0,1.0
4,4330,25000,0.25027477741241455,0.34269484877586365,1.1664739218986142e-07,1.0,1.1664739218986142e-07,0.000378282304154709,0.0017526939045637846,0.005546058993786573,0.015432659536600113,0.04200615733861923,0.11775170266628265,0.4115576446056366,0.5,1.0,1.0
4,4340,25000,0.25018033385276794,0.342691570520401,9.285438551387415e-08,1.0,9.285438551387415e-08,0.00038003383087925613,0.0017533805221319199,0.005586464889347553,0.015476151369512081,0.041992247104644775,0.11714187264442444,0.410887748003006,0.5,1.0,1.0
4,4350,25000,0.2502857446670532,0.3427155017852783,1.418520980678295e-07,1.0,1.418520980678295e-07,0.00037896347930654883,0.0017574592493474483,0.005552948918193579,0.015454021282494068,0.041948381811380386,0.1175827905535698,0.4118087887763977,0.5,1.0,1.0
4,4360,25000,0.2501911520957947,0.3427131772041321,1.0640795267136127e-07,1.0,1.0640795267136127e-07,0.0003795146767515689,0.001759671256877482,0.005591361317783594,0.015462719835340977,0.041748929768800735,0.11757946014404297,0.4095531105995178,0.5,1.0,1.0
4,4370,25000,0.2502986490726471,0.3427075743675232,9.991876481763029e-08,1.0,9.991876481763029e-08,0.0003770475450437516,0.0017550570191815495,0.005552045535296202,0.015408236533403397,0.041815903037786484,0.11807826161384583,0.41093310713768005,0.5,1.0,1.0
4,4380,25000,0.25022444128990173,0.34271860122680664,8.318912847471438e-08,1.0,8.318912847471438e-08,0.00037643767427653074,0.001760066021233797,0.005562093574553728,0.01550616417080164,0.04192063957452774,0.1177128404378891,0.4086763858795166,0.5,1.0,1.0
4,4390,25000,0.25020554661750793,0.34271013736724854,1.199715740085594e-07,1.0,1.199715740085594e-07,0.0003803004801739007,0.0017597564728930593,0.005583124700933695,0.015434478409588337,0.04180273413658142,0.11760615557432175,0.4091252088546753,0.5,1.0,1.0
4,4400,25000,0.2502056062221527,0.3427371382713318,1.0894833479824229e-07,1.0,1.0894833479824229e-07,0.00037859499570913613,0.001746674533933401,0.005564888007938862,0.015453523956239223,0.04192831739783287,0.11669624596834183,0.409573495388031,0.5,1.0,1.0
4,4410,25000,0.25018253922462463,0.34276366233825684,1.0071698852698319e-07,1.0,1.0071698852698319e-07,0.0003785480512306094,0.0017640732694417238,0.005570674315094948,0.01548309437930584,0.04198642820119858,0.11725274473428726,0.40905749797821045,0.5,1.0,1.0
4,4420,25000,0.25042417645454407,0.34277963638305664,9.082024376994013e-08,1.0,9.082024376994013e-08,0.00038053354364819825,0.0017619187710806727,0.0055579920299351215,0.015471883118152618,0.04214279353618622,0.11787396669387817,0.4117051959037781,0.5,1.0,1.0
4,4430,25000,0.2503041923046112,0.3427762985229492,1.2930355808293825e-07,1.0,1.2930355808293825e-07,0.0003802286519203335,0.0017581891734153032,0.0055823312141001225,0.015529731288552284,0.0419083908200264,0.11750877648591995,0.4092990458011627,0.5,1.0,1.0
4,4440,25000,0.25032785534858704,0.34274959564208984,7.858405837168903e-08,1.0,7.858405837168903e-08,0.0003765009169001132,0.0017600234132260084,0.005566820502281189,0.0154862180352211,0.04196017235517502,0.11791932582855225,0.4099327623844147,0.5,1.0,1.0
4,4450,25000,0.2502985894680023,0.342745304107666,1.3655085240316112e-07,1.0,1.3655085240316112e-07,0.0003782043932005763,0.0017740583280101418,0.005588870961219072,0.015451307408511639,0.04195275902748108,0.11762189865112305,0.40928947925567627,0.5,1.0,1.0
4,4460,25000,0.25027531385421753,0.34274688363075256,1.0778636294617172e-07,1.0,1.0778636294617172e-07,0.0003775935329031199,0.0017523844726383686,0.0055612376891076565,0.015546641312539577,0.041945721954107285,0.11742772161960602,0.4103088080883026,0.5,1.0,1.0
4,4470,25000,0.2503189146518707,0.3427486717700958,1.1660441856520265e-07,1.0,1.1660441856520265e-07,0.00037704946589656174,0.0017580111743882298,0.005575194489210844,0.015548485331237316,0.04189093038439751,0.11787432432174683,0.41103774309158325,0.5,1.0,1.0
4,4480,25000,0.25022217631340027,0.3427460193634033,1.2056210607624962e-07,1.0,1.2056210607624962e-07,0.0003790338523685932,0.0017628081841394305,0.005538837518543005,0.015366200357675552,0.04184436798095703,0.11729294806718826,0.41023382544517517,0.5,1.0,1.0
4,4490,25000,0.2503165006637573,0.3427791893482208,1.2914460967294872e-07,1.0,1.2914460967294872e-07,0.0003773287171497941,0.0017464738339185715,0.005560027435421944,0.015457584522664547,0.041886042803525925,0.11757062375545502,0.4111843705177307,0.5,1.0,1.0
4,4500,25000,0.2503269612789154,0.3427989184856415,1.0876254208369573e-07,1.0,1.0876254208369573e-07,0.00038110846071504056,0.0017599721904844046,0.005571926943957806,0.015424266457557678,0.04197266697883606,0.11747914552688599,0.4118916094303131,0.5,1.0,1.0
4,4510,25000,0.25028470158576965,0.34274396300315857,1.1197755611647153e-07,1.0,1.1197755611647153e-07,0.00038264397880993783,0.001755786594003439,0.005560097750276327,0.015440046787261963,0.041903555393218994,0.11784522980451584,0.41131892800331116,0.5,1.0,1.0
4,4520,25000,0.25022172927856445,0.3426631987094879,1.0918213178001679e-07,1.0,1.0918213178001679e-07,0.0003758484963327646,0.0017527276650071144,0.005600879434496164,0.015478447079658508,0.041910961270332336,0.11764734238386154,0.41028472781181335,0.5,1.0,1.0
4,4530,25000,0.25033268332481384,0.34270375967025757,1.163138350079862e-07,1.0,1.163138350079862e-07,0.0003787005553022027,0.0017610023496672511,0.005568201653659344,0.015454750508069992,0.04198737442493439,0.11804818361997604,0.41203808784484863,0.5,1.0,1.0
4,4540,25000,0.25025030970573425,0.3427448868751526,1.229165604854643e-07,1.0,1.229165604854643e-07,0.0003761771658901125,0.0017553108045831323,0.005562426522374153,0.015469067730009556,0.041980769485235214,0.11743492633104324,0.4110867381095886,0.5,1.0,1.0
4,4550,25000,0.25024184584617615,0.34273970127105713,1.1687133394389093e-07,1.0,1.1687133394389093e-07,0.0003771722549572587,0.0017572941724210978,0.005543031729757786,0.015454006381332874,0.04190924018621445,0.11772026121616364,0.41170620918273926,0.5,1.0,1.0
4,4560,25000,0.2503034174442291,0.3427024483680725,1.0251634563473999e-07,1.0,1.0251634563473999e-07,0.0003779730759561062,0.001754959812387824,0.00557461054995656,0.015524948947131634,0.04181691259145737,0.11812921613454819,0.41190487146377563,0.5,1.0,1.0
4,4570,25000,0.2502618134021759,0.34276846051216125,1.2080761280230945e-07,1.0,1.2080761280230945e-07,0.0003792479110416025,0.0017605008324608207,0.005534572526812553,0.015458129346370697,0.041885003447532654,0.1172080710530281,0.41248705983161926,0.5,1.0,1.0
4,4580,25000,0.25022080540657043,0.34271717071533203,1.1401859012494242e-07,1.0,1.1401859012494242e-07,0.0003766902082134038,0.00174863135907799,0.005583847872912884,0.015474127605557442,0.042062804102897644,0.11708895117044449,0.40913304686546326,0.5,1.0,1.0
4,4590,25000,0.2501892149448395,0.34272173047065735,1.190648575288833e-07,1.0,1.190648575288833e-07,0.0003788944741245359,0.001752072828821838,0.00556824030354619,0.015441621653735638,0.041939713060855865,0.11667431145906448,0.4092746675014496,0.5,1.0,1.0
4,4600,25000,0.25029927492141724,0.34277552366256714,1.1033202440557943e-07,1.0,1.1033202440557943e-07,0.00037416353006847203,0.0017541522393003106,0.005545430351048708,0.015508085489273071,0.041774116456508636,0.11784540861845016,0.4105820655822754,0.5,1.0,1.0
4,4610,25000,0.2503527104854584,0.34275320172309875,1.0483402235195172e-07,1.0,1.0483402235195172e-07,0.00037744661676697433,0.0017482260009273887,0.005568256136029959,0.015559243969619274,0.04199165105819702,0.11752758920192719,0.4105202853679657,0.5,1.0,1.0
4,4620,25000,0.25029483437538147,0.34273257851600647,1.1896146645540284e-07,1.0,1.1896146645540284e-07,0.0003785566659644246,0.0017573200166225433,0.0055966610088944435,0.015471977181732655,0.042031433433294296,0.1177154928445816,0.41081586480140686,0.5,1.0,1.0
4,4630,25000,0.2502848505973816,0.3427327871322632,1.2946142646796943e-07,1.0,1.2946142646796943e-07,0.0003787876048590988,0.0017600621795281768,0.0055780597031116486,0.015509581193327904,0.04202773794531822,0.11825394630432129,0.4102107286453247,0.5,1.0,1.0
4,4640,25000,0.2501736581325531,0.3426778316497803,1.31284721760494e-07,1.0,1.31284721760494e-07,0.0003807043831329793,0.001764831249602139,0.005583898164331913,0.015535018406808376,0.04209113121032715,0.11737381666898727,0.41068127751350403,0.5,1.0,1.0
4,4650,25000,0.25011923909187317,0.3426986038684845,1.1218648410249443e-07,1.0,1.1218648410249443e-07,0.00037698951200582087,0.001756687299348414,0.005543500185012817,0.015486180782318115,0.04184255003929138,0.11699848622083664,0.410332053899765,0.5,1.0,1.0
4,4660,25000,0.2502516806125641,0.34270504117012024,1.3388417130499874e-07,1.0,1.3388417130499874e-07,0.0003791969211306423,0.0017498079687356949,0.0055573200806975365,0.0155154038220644,0.04174946993589401,0.11792141199111938,0.41092532873153687,0.5,1.0,1.0
4,4670,25000,0.2502346634864807,0.3426772654056549,1.199616690428229e-07,1.0,1.199616690428229e-07,0.0003759993123821914,0.0017616617260500789,0.005577559117227793,0.015476013533771038,0.04194985330104828,0.11747339367866516,0.41156691312789917,0.5,1.0,1.0
4,4680,25000,0.2502976357936859,0.34272927045822144,9.525529520715281e-08,1.0,9.525529520715281e-08,0.000378190481569618,0.0017486695433035493,0.005556887481361628,0.015445174649357796,0.041753869503736496,0.11734634637832642,0.41164541244506836,0.5,1.0,1.0
4,4690,25000,0.25032657384872437,0.34274712204933167,1.0061870625577285e-07,1.0,1.0061870625577285e-07,0.00037530981353484094,0.0017568344483152032,0.005571004934608936,0.01547669805586338,0.042019523680210114,0.11750208586454391,0.4114108383655548,0.5,1.0,1.0
4,4700,25000,0.25024062395095825,0.3427639901638031,8.28787420914523e-08,1.0,8.28787420914523e-08,0.00037666509160771966,0.0017459687078371644,0.005556327756494284,0.015486225485801697,0.0419742688536644,0.11754723638296127,0.41085878014564514,0.5,1.0,1.0
4,4710,25000,0.2502644658088684,0.3427314758300781,1.0632815161670806e-07,1.0,1.0632815161670806e-07,0.000379055505618453,0.0017506509320810437,0.005541886202991009,0.015445489436388016,0.041792891919612885,0.11712448298931122,0.4106249511241913,0.5,1.0,1.0
4,4720,25000,0.2502470910549164,0.34272301197052,1.0966612506990714e-07,1.0,1.0966612506990714e-07,0.0003789244219660759,0.0017598667182028294,0.0055630020797252655,0.01551775075495243,0.04188172146677971,0.11746791005134583,0.41110873222351074,0.5,1.0,1.0
4,4730,25000,0.25020095705986023,0.3427537977695465,1.0694689933643531e-07,1.0,1.0694689933643531e-07,0.0003814530500676483,0.0017615099204704165,0.005553963594138622,0.01539855357259512,0.0417708083987236,0.1174669936299324,0.4110229015350342,0.5,1.0,1.0
4,4740,25000,0.2502746880054474,0.3427891731262207,1.0783005421899361e-07,1.0,1.0783005421899361e-07,0.00037634195177815855,0.0017527362797409296,0.005565705709159374,0.0154952984303236,0.04188831150531769,0.11736411601305008,0.41154757142066956,0.5,1.0,1.0
4,4750,25000,0.2503073811531067,0.3427477180957794,7.991722839051363e-08,1.0,7.991722839051363e-08,0.0003777698439080268,0.0017499987734481692,0.005562991369515657,0.015409004874527454,0.04193966090679169,0.11791536211967468,0.411401629447937,0.5,1.0,1.0
4,4760,25000,0.25035858154296875,0.34277474880218506,1.0593846866413514e-07,1.0,1.0593846866413514e-07,0.0003771905030589551,0.0017550720367580652,0.005564550869166851,0.015499146655201912,0.042087770998477936,0.11796671897172928,0.4118143916130066,0.5,1.0,1.0
4,4770,25000,0.25023892521858215,0.34273990988731384,1.5004680165020545e-07,1.0,1.5004680165020545e-07,0.00037979622720740736,0.001759707578457892,0.005575107876211405,0.01543078850954771,0.0420181006193161,0.11718466132879257,0.41071948409080505,0.5,1.0,1.0
4,4780,25000,0.25023531913757324,0.3426973521709442,9.353711050152924e-08,1.0,9.353711050152924e-08,0.00037638345384038985,0.0017673210240900517,0.005554889794439077,0.015454953536391258,0.041945114731788635,0.11727625131607056,0.4115334451198578,0.5,1.0,1.0
4,4790,25000,0.2502726912498474,0.3427073061466217,1.261194739754501e-07,1.0,1.261194739754501e-07,0.0003804299049079418,0.0017561616841703653,0.005554674658924341,0.015473611652851105,0.04177219420671463,0.11725085973739624,0.41279855370521545,0.5,1.0,1.0
4,4800,25000,0.25025370717048645,0.34275519847869873,1.1715221859276426e-07,1.0,1.1715221859276426e-07,0.00037758503458462656,0.0017655923729762435,0.005547810811549425,0.015465116128325462,0.04192250594496727,0.11736837029457092,0.4106596112251282,0.5,1.0,1.0
4,4810,25000,0.2501581311225891,0.34271591901779175,1.096634676400754e-07,1.0,1.096634676400754e-07,0.00037771323695778847,0.0017512200865894556,0.005569521803408861,0.015430579893290997,0.041846975684165955,0.11703735589981079,0.41028550267219543,0.5,1.0,1.0
4,4820,25000,0.25016140937805176,0.3426869213581085,9.245868426432935e-08,1.0,9.245868426432935e-08,0.00037708075251430273,0.0017608478665351868,0.005573400761932135,0.015431168489158154,0.04196639358997345,0.11694049835205078,0.4104120433330536,0.5,1.0,1.0
4,4830,25000,0.2502213418483734,0.3427290916442871,1.06760396079153e-07,1.0,1.06760396079153e-07,0.00037336337845772505,0.0017618918791413307,0.005541087128221989,0.0155160678550601,0.04187388718128204,0.11772923916578293,0.40971481800079346,0.5,1.0,1.0
4,4840,25000,0.2501733899116516,0.34270915389060974,1.4880541243655898e-07,1.0,1.4880541243655898e-07,0.00037823212915100157,0.0017535930965095758,0.00560326874256134,0.015454845502972603,0.041941769421100616,0.11716237664222717,0.4089333117008209,0.5,1.0,1.0
4,4850,25000,0.25025293231010437,0.3426990509033203,1.303746017811136e-07,1.0,1.303746017811136e-07,0.0003792900242842734,0.001757534802891314,0.005589550826698542,0.015529369004070759,0.042013369500637054,0.1175733357667923,0.4097886085510254,0.5,1.0,1.0
4,4860,25000,0.25018253922462463,0.3426964581012726,9.570389636337495e-08,1.0,9.570389636337495e-08,0.0003755831567104906,0.001752349897287786,0.0055731600150465965,0.015433063730597496,0.04180619865655899,0.11747962981462479,0.4105074107646942,0.5,1.0,1.0
4,4870,25000,0.2502889633178711,0.3427202105522156,1.2368440138743608e-07,1.0,1.2368440138743608e-07,0.0003775816585402936,0.001764110871590674,0.005570916924625635,0.015535295940935612,0.04204216226935387,0.11767107993364334,0.41157639026641846,0.5,1.0,1.0
4,4880,25000,0.25022560358047485,0.34271371364593506,1.236576849805715e-07,1.0,1.236576849805715e-07,0.00037776894168928266,0.0017678691074252129,0.005561610218137503,0.015387956984341145,0.041864536702632904,0.11786717921495438,0.4089820981025696,0.5,1.0,1.0
4,4890,25000,0.2502073645591736,0.34270450472831726,1.2001348181911453e-07,1.0,1.2001348181911453e-07,0.0003794333606492728,0.0017539008986204863,0.0055725909769535065,0.015404591336846352,0.04192601144313812,0.11727660149335861,0.40938466787338257,0.5,1.0,1.0
4,4900,25000,0.25029587745666504,0.34268054366111755,9.324491401230262e-08,1.0,9.324491401230262e-08,0.0003767945454455912,0.001754656550474465,0.005556567572057247,0.015472831204533577,0.042010821402072906,0.11791332811117172,0.4106011986732483,0.5,1.0,1.0
4,4910,25000,0.2502848505973816,0.342725932598114,1.0736086153428914e-07,1.0,1.0736086153428914e-07,0.00037597230402752757,0.0017668157815933228,0.005579029209911823,0.015473447740077972,0.04188164323568344,0.11769016087055206,0.41186198592185974,0.5,1.0,1.0
4,4920,25000,0.25036290287971497,0.3427410423755646,1.3662334197306336e-07,1.0,1.3662334197306336e-07,0.0003759532410185784,0.001769429654814303,0.005552331916987896,0.015456081368029118,0.041890595108270645,0.11774613708257675,0.41181591153144836,0.5,1.0,1.0
4,4930,25000,0.2502625584602356,0.34275302290916443,6.904860327949791e-08,1.0,6.904860327949791e-08,0.0003764586872421205,0.0017539740074425936,0.005554713308811188,0.015471715480089188,0.04178423434495926,0.11792540550231934,0.4112376868724823,0.5,1.0,1.0
4,4940,25000,0.2502904236316681,0.342715859413147,8.85700046637794e-08,1.0,8.85700046637794e-08,0.0003780886181630194,0.001750413910485804,0.005585846491158009,0.015451875515282154,0.041826680302619934,0.11775673925876617,0.4107831120491028,0.5,1.0,1.0
4,4950,25000,0.25018149614334106,0.34274551272392273,1.1852900172470981e-07,1.0,1.1852900172470981e-07,0.0003723478293977678,0.0017476336797699332,0.005568201653659344,0.015495417639613152,0.04168403521180153,0.11740347743034363,0.4115428328514099,0.5,1.0,1.0
4,4960,25000,0.25018763542175293,0.34276336431503296,9.224283559206015e-08,1.0,9.224283559206015e-08,0.00037704157875850797,0.00175743387080729,0.005567351821810007,0.015491255559027195,0.04178242012858391,0.11742307245731354,0.41016659140586853,0.5,1.0,1.0
4,4970,25000,0.2502301037311554,0.34277579188346863,1.1403894006889459e-07,1.0,1.1403894006889459e-07,0.000378714466933161,0.0017569289775565267,0.0055754296481609344,0.015460572205483913,0.04179123789072037,0.11694002896547318,0.40964069962501526,0.5,1.0,1.0
4,4980,25000,0.2502986490726471,0.34280890226364136,8.858499711550394e-08,1.0,8.858499711550394e-08,0.0003802158171311021,0.0017559059197083116,0.00557166850194335,0.015397670678794384,0.04193485900759697,0.11761125922203064,0.40991541743278503,0.5,1.0,1.0
4,4990,25000,0.2503170967102051,0.3427765369415283,1.0187862642396794e-07,1.0,1.0187862642396794e-07,0.0003796151140704751,0.0017617888515815139,0.005544278305023909,0.015444362536072731,0.042063429951667786,0.11736318469047546,0.4098217487335205,0.5,1.0,1.0
4,5000,25000,0.2503476142883301,0.34274575114250183,1.2117048697746213e-07,1.0,1.2117048697746213e-07,0.00037706707371398807,0.001742146909236908,0.005602465942502022,0.015533884055912495,0.04208461195230484,0.11796558648347855,0.4108070433139801,0.5,1.0,1.0
4,5010,25000,0.2502841651439667,0.3427344262599945,1.156943909563779e-07,1.0,1.156943909563779e-07,0.0003777990641538054,0.001750688417814672,0.0055550821125507355,0.015440025366842747,0.04194913059473038,0.11818328499794006,0.4117577373981476,0.5,1.0,1.0
4,5020,25000,0.2503429055213928,0.3427216410636902,8.809377050056355e-08,1.0,8.809377050056355e-08,0.0003807678585872054,0.001760291401296854,0.005560651887208223,0.015468141064047813,0.041904281824827194,0.11796657741069794,0.4107723534107208,0.5,1.0,1.0
4,5030,25000,0.25015363097190857,0.3427192270755768,1.0144401585421292e-07,1.0,1.0144401585421292e-07,0.00037923065247014165,0.0017580315470695496,0.005555194802582264,0.015498900786042213,0.04161914438009262,0.11736608296632767,0.41111817955970764,0.5,1.0,1.0
4,5040,25000,0.2501847445964813,0.34271591901779175,1.055618454870455e-07,1.0,1.055618454870455e-07,0.00037671500467695296,0.0017549486365169287,0.005597413517534733,0.015484381467103958,0.04186558723449707,0.11726313829421997,0.4102371633052826,0.5,1.0,1.0
4,5050,25000,0.2503601014614105,0.3427654206752777,1.1172298997053076e-07,1.0,1.1172298997053076e-07,0.0003790290211327374,0.0017561702989041805,0.005572278052568436,0.01540920790284872,0.04194317385554314,0.11768894642591476,0.412125825881958,0.5,1.0,1.0
4,5060,25000,0.25018996000289917,0.3427096903324127,1.1262546451007438e-07,1.0,1.1262546451007438e-07,0.0003795846423599869,0.0017584454035386443,0.005596212577074766,0.015444131568074226,0.041904523968696594,0.11754623055458069,0.4100625216960907,0.5,1.0,1.0
4,5070,25000,0.250257283449173,0.34276553988456726,1.0098244729306316e-07,1.0,1.0098244729306316e-07,0.00037693855119869113,0.0017532585188746452,0.005563661456108093,0.015478185378015041,0.04191338270902634,0.1175466924905777,0.4097849130630493,0.5,1.0,1.0
4,5080,25000,0.25030434131622314,0.3428017795085907,1.2753248768149206e-07,1.0,1.2753248768149206e-07,0.0003777156525757164,0.0017512703780084848,0.005576831754297018,0.015407455153763294,0.0419376976788044,0.1173803061246872,0.4115559756755829,0.5,1.0,1.0
4,5090,25000,0.25030651688575745,0.34277045726776123,9.154398838973066e-08,1.0,9.154398838973066e-08,0.00037735243677161634,0.0017423838144168258,0.0055801356211304665,0.015483173541724682,0.042010389268398285,0.1176166906952858,0.41018784046173096,0.5,1.0,1.0
4,5100,25000,0.2503148317337036,0.3427513837814331,1.2232976587256417e-07,1.0,1.2232976587256417e-07,0.00037943539791740477,0.0017507531447336078,0.0055691394954919815,0.015544035471975803,0.04190359637141228,0.11769771575927734,0.4099181890487671,0.5,1.0,1.0
4,5110,25000,0.2502509355545044,0.34271883964538574,9.925432919999366e-08,1.0,9.925432919999366e-08,0.00037746792077086866,0.0017562906723469496,0.005547153297811747,0.015353051014244556,0.04183062165975571,0.11794140189886093,0.4103220999240875,0.5,1.0,1.0
4,5120,25000,0.25017687678337097,0.3427334725856781,1.0236452396839013e-07,1.0,1.0236452396839013e-07,0.00037822852027602494,0.0017525661969557405,0.005562999285757542,0.01544700376689434,0.04189223796129227,0.1172928512096405,0.409148246049881,0.5,1.0,1.0
4,5130,25000,0.25023066997528076,0.34272700548171997,9.528870492658825e-08,1.0,9.528870492658825e-08,0.00037853766116313636,0.0017460379749536514,0.005563904065638781,0.015498429536819458,0.04191255569458008,0.11692839115858078,0.409615695476532,0.5,1.0,1.0
4,5140,25000,0.25014176964759827,0.3427315652370453,1.1663743038070606e-07,1.0,1.1663743038070606e-07,0.00037933248677290976,0.0017522050766274333,0.005577942822128534,0.015503275208175182,0.04172017052769661,0.1170518696308136,0.4101135730743408,0.5,1.0,1.0
4,5150,25000,0.25022050738334656,0.3427635133266449,1.045292208345927e-07,1.0,1.045292208345927e-07,0.0003794848162215203,0.0017555942758917809,0.005585374776273966,0.015455339103937149,0.041879523545503616,0.11729076504707336,0.4100036323070526,0.5,1.0,1.0
4,5160,25000,0.2502467632293701,0.3427775800228119,1.1031772118030858e-07,1.0,1.1031772118030858e-07,0.00037649006117135286,0.0017565115122124553,0.005553038790822029,0.0154119823127985,0.042019251734018326,0.1173197329044342,0.41026511788368225,0.5,1.0,1.0
4,5170,25000,0.25028756260871887,0.3426916301250458,1.3340938664896385e-07,1.0,1.3340938664896385e-07,0.0003808004257734865,0.0017584912711754441,0.005586243234574795,0.015506490133702755,0.04193093255162239,0.11828718334436417,0.4093911945819855,0.5,1.0,1.0
4,5180,25000,0.2502146363258362,0.3427654802799225,1.2596613885307306e-07,1.0,1.2596613885307306e-07,0.00037459199666045606,0.0017567614559084177,0.005563349463045597,0.015483066439628601,0.04170586168766022,0.11723414063453674,0.411735862493515,0.5,1.0,1.0
4,5190,25000,0.25028324127197266,0.34275782108306885,1.0459556420983063e-07,1.0,1.0459556420983063e-07,0.00037934642750769854,0.0017539241816848516,0.005570116452872753,0.015501010231673717,0.041892677545547485,0.11758022755384445,0.40939199924468994,0.5,1.0,1.0
4,5200,25000,0.25028470158576965,0.3427508771419525,9.596069361350601e-08,1.0,9.596069361350601e-08,0.00038081081584095955,0.0017658763099461794,0.005590058863162994,0.01547239813953638,0.04210241883993149,0.11757779866456985,0.4131341278553009,0.5,1.0,1.0
4,5210,25000,0.25032564997673035,0.3427288234233856,8.503995019282229e-08,1.0,8.503995019282229e-08,0.0003776366647798568,0.0017602137522771955,0.005555194802582264,0.015460229478776455,0.04183723032474518,0.11827763170003891,0.40998774766921997,0.5,1.0,1.0
4,5220,25000,0.2502199709415436,0.34268465638160706,1.1825694912204199e-07,1.0,1.1825694912204199e-07,0.0003771055198740214,0.0017563765868544579,0.00558195635676384,0.01544005237519741,0.041787274181842804,0.11746297776699066,0.40781208872795105,0.5,1.0,1.0
4,5230,25000,0.2501613199710846,0.3427294194698334,9.042512516543866e-08,1.0,9.042512516543866e-08,0.0003757337399292737,0.0017432672902941704,0.005568402353674173,0.015506687574088573,0.0417603962123394,0.11689575761556625,0.41168469190597534,0.5,1.0,1.0
4,5240,25000,0.2502618134021759,0.34271207451820374,1.3666995357652922e-07,1.0,1.3666995357652922e-07,0.000381867284886539,0.0017639313591644168,0.0055555482394993305,0.015461551025509834,0.04180724918842316,0.11716735363006592,0.41143643856048584,0.5,1.0,1.0
4,5250,25000,0.2502721846103668,0.34271302819252014,1.4237564016639226e-07,1.0,1.4237564016639226e-07,0.0003772364289034158,0.0017679231241345406,0.005567366257309914,0.015470415353775024,0.04193646460771561,0.11742860823869705,0.41127270460128784,0.5,1.0,1.0
4,5260,25000,0.25032100081443787,0.3427783250808716,8.735540291127109e-08,1.0,8.735540291127109e-08,0.0003790163609664887,0.0017502611735835671,0.0055725364945828915,0.015466677024960518,0.041937582194805145,0.11785302311182022,0.4104210138320923,0.5,1.0,1.0
4,5270,25000,0.2502385675907135,0.34274327754974365,1.2496040824316879e-07,1.0,1.2496040824316879e-07,0.0003755442157853395,0.0017513614147901535,0.005571989808231592,0.01538365799933672,0.04194827750325203,0.1172594353556633,0.410554975271225,0.5,1.0,1.0
4,5280,25000,0.2502642869949341,0.34273162484169006,1.33650885913994e-07,1.0,1.33650885913994e-07,0.0003755146753974259,0.0017504009883850813,0.005575408693403006,0.015519917942583561,0.04188040271401405,0.1173582449555397,0.41002461314201355,0.5,1.0,1.0
4,5290,25000,0.2503243684768677,0.3427395820617676,1.219012801811914e-07,1.0,1.219012801811914e-07,0.0003803738218266517,0.0017573898658156395,0.0055634151212871075,0.015496509149670601,0.041924819350242615,0.11761192232370377,0.4123644232749939,0.5,1.0,1.0
4,5300,25000,0.25020337104797363,0.3427618443965912,1.15654891885697e-07,1.0,1.15654891885697e-07,0.0003775419609155506,0.0017559517873451114,0.0055918507277965546,0.015466058626770973,0.04182881861925125,0.11731230467557907,0.41136789321899414,0.5,1.0,1.0
4,5310,25000,0.2503040134906769,0.3427678346633911,1.3755486349964485e-07,1.0,1.3755486349964485e-07,0.00037745971349067986,0.0017469117883592844,0.005530111026018858,0.015473847277462482,0.041988223791122437,0.1174767017364502,0.4104152321815491,0.5,1.0,1.0
4,5320,25000,0.25022968649864197,0.3427335023880005,1.047968041234526e-07,1.0,1.047968041234526e-07,0.0003771746123675257,0.0017607370391488075,0.005574195645749569,0.015456235967576504,0.04180297255516052,0.11732491105794907,0.410921186208725,0.5,1.0,1.0
4,5330,25000,0.25025221705436707,0.34271323680877686,9.819330415439254e-08,1.0,9.819330415439254e-08,0.000376396143110469,0.0017504040151834488,0.00555815314874053,0.01539540197700262,0.04197963327169418,0.11775478720664978,0.4103788435459137,0.5,1.0,1.0
4,5340,25000,0.25022971630096436,0.3427204191684723,1.2654120951083314e-07,1.0,1.2654120951083314e-07,0.0003793995419982821,0.0017654874827712774,0.0055610197596251965,0.01547935139387846,0.04185104742646217,0.11702564358711243,0.40986186265945435,0.5,1.0,1.0
4,5350,25000,0.2502431273460388,0.3427415192127228,7.84375941975668e-08,1.0,7.84375941975668e-08,0.0003760252147912979,0.0017505564028397202,0.0055838217958807945,0.015437603928148746,0.04188245162367821,0.11709392070770264,0.41233113408088684,0.5,1.0,1.0
4,5360,25000,0.25033482909202576,0.3427791893482208,1.194665912862547e-07,1.0,1.194665912862547e-07,0.0003812809591181576,0.001756131649017334,0.005556788295507431,0.015439648181200027,0.04182878136634827,0.11804601550102234,0.41296038031578064,0.5,1.0,1.0
4,5370,25000,0.25026559829711914,0.3427535891532898,1.1909803987464329e-07,1.0,1.1909803987464329e-07,0.00037817424163222313,0.0017546339659020305,0.005569268483668566,0.015488220378756523,0.04212552309036255,0.11787358671426773,0.41048866510391235,0.5,1.0,1.0
4,5380,25000,0.250259131193161,0.3427477478981018,1.2675442917498003e-07,1.0,1.2675442917498003e-07,0.00037838766002096236,0.0017492634942755103,0.005556271877139807,0.015433846972882748,0.04179469868540764,0.11752910912036896,0.40872910618782043,0.5,1.0,1.0
4,5390,25000,0.2502579391002655,0.34276774525642395,9.245039223060303e-08,1.0,9.245039223060303e-08,0.00037958857137709856,0.0017520107794553041,0.005582223180681467,0.015520470216870308,0.04203350469470024,0.11723888665437698,0.4104456603527069,0.5,1.0,1.0
4,5400,25000,0.2503046989440918,0.342731773853302,1.0904442149239912e-07,1.0,1.0904442149239912e-07,0.00037924625212326646,0.0017533790087327361,0.0055551654659211636,0.015489491634070873,0.041885197162628174,0.11760534346103668,0.4109564423561096,0.5,1.0,1.0
4,5410,25000,0.2502780854701996,0.34273168444633484,8.383826610725009e-08,1.0,8.383826610725009e-08,0.0003785318695008755,0.0017502160044386983,0.005584363359957933,0.015502260066568851,0.04182371497154236,0.11781653016805649,0.41104042530059814,0.5,1.0,1.0
4,5420,25000,0.25026774406433105,0.3427383303642273,9.354572938491401e-08,1.0,9.354572938491401e-08,0.00037767254980280995,0.001756808953359723,0.00557820126414299,0.015477975830435753,0.041903361678123474,0.11750882863998413,0.40939196944236755,0.5,1.0,1.0
4,5430,25000,0.2502138614654541,0.34269243478775024,9.17830575986045e-08,1.0,9.17830575986045e-08,0.0003761939296964556,0.0017576502868905663,0.005580483004450798,0.015488543547689915,0.0418860949575901,0.11741574853658676,0.41000500321388245,0.5,1.0,1.0
4,5440,25000,0.25021952390670776,0.34273192286491394,1.1724473125696022e-07,1.0,1.1724473125696022e-07,0.0003784473519772291,0.0017545910086482763,0.005575036164373159,0.015413731336593628,0.04201534762978554,0.1173480898141861,0.41136518120765686,0.5,1.0,1.0
4,5450,25000,0.2503437101840973,0.3427249789237976,1.2166661633727927e-07,1.0,1.2166661633727927e-07,0.0003766530135180801,0.0017504896968603134,0.005542908329516649,0.01545644924044609,0.04194322228431702,0.118706613779068,0.4101928472518921,0.5,1.0,1.0
4,5460,25000,0.2503372132778168,0.34278255701065063,1.0372135506031555e-07,1.0,1.0372135506031555e-07,0.0003792082716245204,0.0017476677894592285,0.005554893519729376,0.015466457232832909,0.04199683666229248,0.11809258908033371,0.41112732887268066,0.5,1.0,1.0
4,5470,25000,0.2502429187297821,0.34270963072776794,1.4830462191639526e-07,1.0,1.4830462191639526e-07,0.00038038523052819073,0.0017550281481817365,0.005550244823098183,0.015420788899064064,0.0418928824365139,0.1180204525589943,0.41063377261161804,0.5,1.0,1.0
4,5480,25000,0.2503213882446289,0.34276893734931946,1.2511256386460445e-07,1.0,1.2511256386460445e-07,0.00037603851524181664,0.001746735884808004,0.0055491323582828045,0.015452945604920387,0.04184537008404732,0.11758549511432648,0.4123053550720215,0.5,1.0,1.0
4,5490,25000,0.2502479553222656,0.3427390456199646,1.2033234497721423e-07,1.0,1.2033234497721423e-07,0.0003777879464905709,0.0017580226995050907,0.005566539708524942,0.015442345291376114,0.04200507327914238,0.11798115819692612,0.40950170159339905,0.5,1.0,1.0
4,5500,25000,0.25025683641433716,0.3427693545818329,1.2423630835201038e-07,1.0,1.2423630835201038e-07,0.00037601968506351113,0.0017461287789046764,0.005572071764618158,0.015450208447873592,0.04179619997739792,0.11705230176448822,0.4119071662425995,0.5,1.0,1.0
4,5510,25000,0.25021618604660034,0.342752605676651,8.93297666948456e-08,1.0,8.93297666948456e-08,0.000377958407625556,0.0017465479904785752,0.005572103895246983,0.015474163927137852,0.04190749675035477,0.11743100732564926,0.4111294448375702,0.5,1.0,1.0
4,5520,25000,0.25023192167282104,0.3427085280418396,1.3058992465175834e-07,1.0,1.3058992465175834e-07,0.0003783229913096875,0.0017602222505956888,0.005571780726313591,0.015440628863871098,0.041933223605155945,0.1174679771065712,0.41225317120552063,0.5,1.0,1.0
4,5530,25000,0.25033676624298096,0.34278857707977295,9.02762522514422e-08,1.0,9.02762522514422e-08,0.00037820893339812756,0.001757050515152514,0.005587426479905844,0.01540998462587595,0.04186900332570076,0.11782262474298477,0.40900835394859314,0.5,1.0,1.0
4,5540,25000,0.250237375497818,0.342763751745224,8.478931334821027e-08,1.0,8.478931334821027e-08,0.00037933062412776053,0.0017492944607511163,0.005559665150940418,0.015448125079274178,0.04167048633098602,0.11692608147859573,0.41142737865448,0.5,1.0,1.0
4,5550,25000,0.2502133548259735,0.3427104949951172,1.2897162093850056e-07,1.0,1.2897162093850056e-07,0.0003762902051676065,0.001766342087648809,0.00557036092504859,0.015499313361942768,0.04201888665556908,0.11780253797769547,0.41185262799263,0.5,1.0,1.0
4,5560,25000,0.250266969203949,0.3427722454071045,1.3325653469564713e-07,1.0,1.3325653469564713e-07,0.0003813897492364049,0.0017651260131970048,0.005568748340010643,0.015509006567299366,0.041812993586063385,0.11770745366811752,0.4105996787548065,0.5,1.0,1.0
4,5570,25000,0.2502956688404083,0.3428104817867279,8.538824403103717e-08,1.0,8.538824403103717e-08,0.00037943667848594487,0.001754870405420661,0.005568762309849262,0.015412219800055027,0.04187893867492676,0.11714483052492142,0.4123865067958832,0.5,1.0,1.0
4,5580,25000,0.250294953584671,0.3427693545818329,1.1529958499068016e-07,1.0,1.1529958499068016e-07,0.0003787841706071049,0.0017712900880724192,0.005564936902374029,0.0155367162078619,0.04191095381975174,0.11765545606613159,0.412296861410141,0.5,1.0,1.0
4,5590,25000,0.2503727972507477,0.3427969813346863,1.1294870461142636e-07,1.0,1.1294870461142636e-07,0.0003792453499045223,0.0017546014860272408,0.00554021168500185,0.015420353971421719,0.041947223246097565,0.1178165003657341,0.41337844729423523,0.5,1.0,1.0
4,5600,25000,0.25026845932006836,0.3427679240703583,1.1543890110488064e-07,1.0,1.1543890110488064e-07,0.00037915719440206885,0.0017542894929647446,0.005579410120844841,0.015473798848688602,0.04212034493684769,0.11754614114761353,0.40765711665153503,0.5,1.0,1.0
4,5610,25000,0.25019168853759766,0.34266945719718933,1.1720188552999389e-07,1.0,1.1720188552999389e-07,0.00037814234383404255,0.0017606429755687714,0.0055608078837394714,0.015489660203456879,0.04195026680827141,0.11718286573886871,0.4095386862754822,0.5,1.0,1.0
4,5620,25000,0.25019484758377075,0.3427298665046692,1.0926008542355703e-07,1.0,1.0926008542355703e-07,0.0003779438848141581,0.0017591094365343451,0.005558111239224672,0.01544617023319006,0.04188273102045059,0.11715468019247055,0.410941481590271,0.5,1.0,1.0
4,5630,25000,0.2502583861351013,0.34278208017349243,9.894188934822523e-08,1.0,9.894188934822523e-08,0.00037465806235559285,0.0017642126185819507,0.005588829517364502,0.015434810891747475,0.04187799245119095,0.11754406243562698,0.41184911131858826,0.5,1.0,1.0
4,5640,25000,0.250283420085907,0.3427571654319763,9.86495933830156e-08,1.0,9.86495933830156e-08,0.0003782231651712209,0.0017619329737499356,0.005557787138968706,0.015503458678722382,0.04181629419326782,0.11817333847284317,0.4104393720626831,0.5,1.0,1.0
4,5650,25000,0.25038209557533264,0.34276410937309265,1.1331060534303106e-07,1.0,1.1331060534303106e-07,0.0003779250546358526,0.0017574205994606018,0.0055878800339996815,0.015447956509888172,0.041993316262960434,0.11768683046102524,0.41146227717399597,0.5,1.0,1.0
4,5660,25000,0.25027111172676086,0.34275269508361816,1.1124673449103284e-07,1.0,1.1124673449103284e-07,0.0003785243316087872,0.0017511271871626377,0.0055816578678786755,0.015400181524455547,0.041873954236507416,0.11731415241956711,0.41157281398773193,0.5,1.0,1.0
4,5670,25000,0.25027626752853394,0.34276413917541504,1.0420488649742765e-07,1.0,1.0420488649742765e-07,0.00037801580037921667,0.0017537580570206046,0.005549475084990263,0.015458118170499802,0.04193485900759697,0.1171974167227745,0.41085782647132874,0.5,1.0,1.0
4,5680,25000,0.25029703974723816,0.3427608907222748,1.2478517419367563e-07,1.0,1.2478517419367563e-07,0.0003760371182579547,0.0017534199869260192,0.005573110654950142,0.015518147498369217,0.04202023893594742,0.11745737493038177,0.41165533661842346,0.5,1.0,1.0
4,5690,25000,0.25026383996009827,0.3427521586418152,1.1192323512432267e-07,1.0,1.1192323512432267e-07,0.00037861111923120916,0.0017630560323596,0.0055794501677155495,0.015476902946829796,0.04192211106419563,0.11737167090177536,0.41032811999320984,0.5,1.0,1.0
4,5700,25000,0.2502233684062958,0.3427360951900482,1.334789914153589e-07,1.0,1.334789914153589e-07,0.00037808300112374127,0.001756390673108399,0.0055546946823596954,0.015406275168061256,0.041984111070632935,0.1174546480178833,0.41090771555900574,0.5,1.0,1.0
4,5710,25000,0.25027498602867126,0.3427216410636902,1.3183704083985504e-07,1.0,1.3183704083985504e-07,0.0003796641540247947,0.0017570742638781667,0.00557272182777524,0.015454954467713833,0.04170161485671997,0.11766732484102249,0.40926122665405273,0.5,1.0,1.0
4,5720,25000,0.2502247989177704,0.3427436351776123,1.1562238455553597e-07,1.0,1.1562238455553597e-07,0.0003781900741159916,0.0017532453639432788,0.005557732656598091,0.015487097203731537,0.04174724221229553,0.11751612275838852,0.4113946557044983,0.5,1.0,1.0
4,5730,25000,0.2501724064350128,0.34270578622817993,7.948864322315785e-08,1.0,7.948864322315785e-08,0.0003779880062211305,0.0017535467632114887,0.005568884313106537,0.015522665344178677,0.04193516820669174,0.11761358380317688,0.4070448875427246,0.5,1.0,1.0
4,5740,25000,0.25028377771377563,0.3427048921585083,1.1759822626800087e-07,1.0,1.1759822626800087e-07,0.00037860777229070663,0.0017682783072814345,0.005577839445322752,0.015503562986850739,0.0418015792965889,0.11788687855005264,0.41129714250564575,0.5,1.0,1.0
4,5750,25000,0.250234991312027,0.3427416980266571,1.0477205591996608e-07,1.0,1.0477205591996608e-07,0.00037888155202381313,0.001755035133101046,0.005592247471213341,0.015558223240077496,0.04183349013328552,0.11776953935623169,0.40927907824516296,0.5,1.0,1.0
4,5760,25000,0.2502917945384979,0.3428214192390442,9.711018833513663e-08,1.0,9.711018833513663e-08,0.00037612003507092595,0.0017512639751657844,0.005555685609579086,0.015493909828364849,0.04173563793301582,0.11674010008573532,0.41098323464393616,0.5,1.0,1.0
4,5770,25000,0.250284343957901,0.3427636921405792,9.643954967941681e-08,1.0,9.643954967941681e-08,0.0003771206538658589,0.0017632864182814956,0.005557764787226915,0.015477839857339859,0.041867054998874664,0.1176891028881073,0.4117681682109833,0.5,1.0,1.0
4,5780,25000,0.2503093183040619,0.3427587151527405,1.1791384935122551e-07,1.0,1.1791384935122551e-07,0.0003803693107329309,0.0017540062544867396,0.005574714858084917,0.015479005873203278,0.04206390678882599,0.11744808405637741,0.4123540222644806,0.5,1.0,1.0
4,5790,25000,0.2502520680427551,0.3427547514438629,1.0623063673165234e-07,1.0,1.0623063673165234e-07,0.00037585548125207424,0.001754622207954526,0.005565750412642956,0.01546766608953476,0.04168648272752762,0.11719229817390442,0.4117277264595032,0.5,1.0,1.0
4,5800,25000,0.2502751350402832,0.34275153279304504,8.84542714629788e-08,1.0,8.84542714629788e-08,0.00037819889257662,0.0017551416531205177,0.005567481741309166,0.01547126192599535,0.041858285665512085,0.11732801795005798,0.4096064567565918,0.5,1.0,1.0
4,5810,25000,0.25031688809394836,0.34274303913116455,8.84352502339425e-08,1.0,8.84352502339425e-08,0.0003781174309551716,0.0017655360279604793,0.0055772485211491585,0.015511786565184593,0.042085979133844376,0.11802629381418228,0.4109979271888733,0.5,1.0,1.0
4,5820,25000,0.2502368092536926,0.3427092134952545,1.038301746802972e-07,1.0,1.038301746802972e-07,0.00037895835703238845,0.0017566671594977379,0.0055906521156430244,0.01555452961474657,0.04189208149909973,0.11757044494152069,0.410607248544693,0.5,1.0,1.0
4,5830,25000,0.25022971630096436,0.34274765849113464,1.2531046422736836e-07,1.0,1.2531046422736836e-07,0.000378240569261834,0.0017523396527394652,0.005537998862564564,0.015457451343536377,0.042028672993183136,0.11772351711988449,0.40911951661109924,0.5,1.0,1.0
4,5840,25000,0.2503299415111542,0.3427667021751404,1.2752127531712176e-07,1.0,1.2752127531712176e-07,0.00037766704917885363,0.0017555736703798175,0.005586902145296335,0.01549621857702732,0.04197793826460838,0.11754833906888962,0.41318514943122864,0.5,1.0,1.0
4,5850,25000,0.25027284026145935,0.3427257239818573,8.713897869938592e-08,1.0,8.713897869938592e-08,0.000376972951926291,0.0017607895424589515,0.00556289404630661,0.015582588501274586,0.04196556657552719,0.11772076785564423,0.4101290702819824,0.5,1.0,1.0
4,5860,25000,0.25020819902420044,0.34273001551628113,1.2360811751932488e-07,1.0,1.2360811751932488e-07,0.0003790364717133343,0.0017580838175490499,0.005560537334531546,0.015521611087024212,0.04204645752906799,0.11736907064914703,0.41045212745666504,0.5,1.0,1.0
4,5870,25000,0.25021880865097046,0.3427313268184662,8.15534804132767e-08,1.0,8.15534804132767e-08,0.0003794110380113125,0.0017550893826410174,0.005573611706495285,0.015503614209592342,0.041872523725032806,0.1174476146697998,0.41017284989356995,0.5,1.0,1.0
4,5880,25000,0.250287264585495,0.34273189306259155,9.783104815141996e-08,1.0,9.783104815141996e-08,0.00037552727735601366,0.0017522121779620647,0.005569835193455219,0.015454726293683052,0.041955336928367615,0.11777092516422272,0.40969035029411316,0.5,1.0,1.0
4,5890,25000,0.25029513239860535,0.34277260303497314,1.3425527356503153e-07,1.0,1.3425527356503153e-07,0.000376630574464798,0.0017472206382080913,0.005557163152843714,0.015499306842684746,0.0419035442173481,0.11738641560077667,0.4103201925754547,0.5,1.0,1.0
4,5900,25000,0.2503024935722351,0.3427952826023102,7.724136708020524e-08,1.0,7.724136708020524e-08,0.0003796532400883734,0.0017512962222099304,0.005564154591411352,0.01540612243115902,0.041969746351242065,0.11821465939283371,0.4117248058319092,0.5,1.0,1.0
4,5910,25000,0.25019434094429016,0.34277617931365967,9.1405304658565e-08,1.0,9.1405304658565e-08,0.0003765642468351871,0.0017546979943290353,0.005562830716371536,0.015566537156701088,0.04184494912624359,0.11741752922534943,0.4085870385169983,0.5,1.0,1.0
4,5920,25000,0.25028058886528015,0.3427388668060303,1.1594259774483362e-07,1.0,1.1594259774483362e-07,0.00037807668559253216,0.0017516756197437644,0.005539154168218374,0.015430382452905178,0.04183618724346161,0.11750255525112152,0.4112663269042969,0.5,1.0,1.0
4,5930,25000,0.25033605098724365,0.3427978754043579,1.3640512008805672e-07,1.0,1.3640512008805672e-07,0.00037921438342891634,0.0017544720321893692,0.0055824825540184975,0.015507356263697147,0.04186248034238815,0.11729411780834198,0.4124228358268738,0.5,1.0,1.0
4,5940,25000,0.2501820921897888,0.3427039682865143,1.2562639994939673e-07,1.0,1.2562639994939673e-07,0.00037858617724850774,0.0017671900568529963,0.005574079230427742,0.015429136343300343,0.04185919836163521,0.1175616979598999,0.41088584065437317,0.5,1.0,1.0
4,5950,25000,0.25026747584342957,0.34274181723594666,1.1344040728999971e-07,1.0,1.1344040728999971e-07,0.00037917657755315304,0.001762914122082293,0.005561895668506622,0.015419543720781803,0.04178161919116974,0.11775968968868256,0.40925467014312744,0.5,1.0,1.0
4,5960,25000,0.25031253695487976,0.3426981568336487,1.2011818739665614e-07,1.0,1.2011818739665614e-07,0.00037786312168464065,0.0017552741337567568,0.005590598564594984,0.015531056560575962,0.04183465242385864,0.11739347875118256,0.4121652841567993,0.5,1.0,1.0
4,5970,25000,0.2502758204936981,0.34275275468826294,1.1759672702282842e-07,1.0,1.1759672702282842e-07,0.000379137578420341,0.001759131671860814,0.005575503222644329,0.015523136593401432,0.041894443333148956,0.11705038696527481,0.4087645411491394,0.5,1.0,1.0
4,5980,25000,0.25025564432144165,0.3427242338657379,1.200067316631248e-07,1.0,1.200067316631248e-07,0.00037710979813709855,0.001760634477250278,0.005560469347983599,0.015517493709921837,0.041931696236133575,0.11744146794080734,0.4095972180366516,0.5,1.0,1.0
4,5990,25000,0.2502840459346771,0.34275877475738525,1.1012338063665084e-07,1.0,1.1012338063665084e-07,0.00037869380321353674,0.001759974518790841,0.0055648935958743095,0.015475145541131496,0.04188764840364456,0.11747083067893982,0.4096938669681549,0.5,1.0,1.0
4,6000,25000,0.2502423822879791,0.3427543342113495,7.881244101781704e-08,1.0,7.881244101781704e-08,0.0003808528999798,0.0017599440179765224,0.005559633485972881,0.01547480933368206,0.04192373901605606,0.11738371104001999,0.41148608922958374,0.5,1.0,1.0
4,6010,25000,0.25029808282852173,0.34275978803634644,9.228575237330006e-08,1.0,9.228575237330006e-08,0.0003801091224886477,0.0017669301014393568,0.005583350546658039,0.015458518639206886,0.04162706434726715,0.11749333888292313,0.4110907018184662,0.5,1.0,1.0
4,6020,25000,0.25017520785331726,0.3427034616470337,1.0987994158995207e-07,1.0,1.0987994158995207e-07,0.00037728200550191104,0.001757855643518269,0.005534384865313768,0.015393132343888283,0.041794463992118835,0.11750344932079315,0.4083267152309418,0.5,1.0,1.0
4,6030,25000,0.25032317638397217,0.34273579716682434,8.255729966322178e-08,1.0,8.255729966322178e-08,0.00037847983185201883,0.00175693747587502,0.005557455122470856,0.015489230863749981,0.04212937504053116,0.11797662079334259,0.4113200008869171,0.5,1.0,1.0
4,6040,25000,0.25032946467399597,0.3428051471710205,1.2038290719829092e-07,1.0,1.2038290719829092e-07,0.0003773500502575189,0.0017512196209281683,0.0055749015882611275,0.015453288331627846,0.04200826585292816,0.11770083010196686,0.4110979437828064,0.5,1.0,1.0
4,6050,25000,0.25026875734329224,0.3427327275276184,8.010376006950537e-08,1.0,8.010376006950537e-08,0.0003793358919210732,0.0017532816855236888,0.005583589430898428,0.015459485352039337,0.04187243431806564,0.11804289370775223,0.40979525446891785,0.5,1.0,1.0
4,6060,25000,0.25018399953842163,0.3426777124404907,1.1569835578484344e-07,1.0,1.1569835578484344e-07,0.0003778424870688468,0.0017628602217882872,0.0055753993801772594,0.01548493467271328,0.04157644510269165,0.1176920086145401,0.4102262556552887,0.5,1.0,1.0
4,6070,25000,0.25019583106040955,0.3427184820175171,1.2060044696227123e-07,1.0,1.2060044696227123e-07,0.0003785110602620989,0.0017493732739239931,0.005527895409613848,0.015519944950938225,0.041831113398075104,0.11811992526054382,0.40890154242515564,0.5,1.0,1.0
4,6080,25000,0.2502533197402954,0.34269967675209045,7.931506473823902e-08,1.0,7.931506473823902e-08,0.0003785842563956976,0.0017586308531463146,0.005564969498664141,0.01553297508507967,0.04194195568561554,0.11743691563606262,0.4104931950569153,0.5,1.0,1.0
4,6090,25000,0.25018641352653503,0.34275487065315247,1.275793692911975e-07,1.0,1.275793692911975e-07,0.0003783021529670805,0.0017595054814592004,0.0055600665509700775,0.015455607324838638,0.04180855304002762,0.11706289649009705,0.41023918986320496,0.5,1.0,1.0
4,6100,25000,0.2502308487892151,0.342747300863266,1.1110616782161742e-07,1.0,1.1110616782161742e-07,0.0003788633912336081,0.001753120101056993,0.005573608446866274,0.0155379893258214,0.04186013713479042,0.1176191046833992,0.4128754734992981,0.5,1.0,1.0
4,6110,25000,0.25026461482048035,0.34276559948921204,6.833097643266228e-08,1.0,6.833097643266228e-08,0.0003804409643635154,0.0017512780614197254,0.005577793810516596,0.015477304346859455,0.0418095588684082,0.11768323183059692,0.40975069999694824,0.5,1.0,1.0
4,6120,25000,0.25034451484680176,0.3427709639072418,1.1570897839874306e-07,1.0,1.1570897839874306e-07,0.0003806017048191279,0.001750047318637371,0.005585534032434225,0.015509804710745811,0.04195329546928406,0.11789587140083313,0.41103705763816833,0.5,1.0,1.0
4,6130,25000,0.2503223419189453,0.34277066588401794,1.1743123451424253e-07,1.0,1.1743123451424253e-07,0.00037743221037089825,0.001750860013999045,0.005559589248150587,0.01547619141638279,0.04196396842598915,0.11771343648433685,0.4113166332244873,0.5,1.0,1.0
4,6140,25000,0.25033479928970337,0.34273725748062134,1.4359910949224286e-07,1.0,1.4359910949224286e-07,0.00038111250614747405,0.0017615108517929912,0.005600265227258205,0.01551222987473011,0.04199327528476715,0.11791016906499863,0.41227784752845764,0.5,1.0,1.0
4,6150,25000,0.2501581311225891,0.3426625728607178,1.049139797260068e-07,1.0,1.049139797260068e-07,0.00037687044823542237,0.0017564680892974138,0.005589650943875313,0.015419937670230865,0.041919857263565063,0.11759007722139359,0.4101050794124603,0.5,1.0,1.0
4,6160,25000,0.25020042061805725,0.3427455425262451,1.1883566486403652e-07,1.0,1.1883566486403652e-07,0.00037711093318648636,0.001754848170094192,0.005594769958406687,0.01535765826702118,0.04182488098740578,0.11678013205528259,0.4101448357105255,0.5,1.0,1.0
4,6170,25000,0.25022345781326294,0.3427291810512543,1.3817059141274513e-07,1.0,1.3817059141274513e-07,0.00038018685881979764,0.0017612738301977515,0.005596464034169912,0.015552964992821217,0.04172583669424057,0.11762092262506485,0.41063836216926575,0.5,1.0,1.0
4,6180,25000,0.25019851326942444,0.34272104501724243,7.94681724869406e-08,1.0,7.94681724869406e-08,0.0003779359394684434,0.0017524274298921227,0.00559633132070303,0.015478837303817272,0.04209183156490326,0.11777405440807343,0.40993812680244446,0.5,1.0,1.0
4,6190,25000,0.250276118516922,0.34277984499931335,1.1569860447480096e-07,1.0,1.1569860447480096e-07,0.0003778731042984873,0.001757158199325204,0.005549000576138496,0.015429440885782242,0.041744135320186615,0.11719633638858795,0.4107194244861603,0.5,1.0,1.0
4,6200,25000,0.25025853514671326,0.3427110016345978,1.1270407185293152e-07,1.0,1.1270407185293152e-07,0.00037906854413449764,0.0017515725921839476,0.005571403075009584,0.015517087653279305,0.04168900102376938,0.1177254244685173,0.41100645065307617,0.5,1.0,1.0
4,6210,25000,0.25032293796539307,0.34274551272392273,1.1132416943837598e-07,1.0,1.1132416943837598e-07,0.0003803286817856133,0.0017730321269482374,0.005598740186542273,0.015525872819125652,0.04192947968840599,0.11734528094530106,0.41110098361968994,0.5,1.0,1.0
4,6220,25000,0.25036659836769104,0.34276849031448364,1.1899533802761653e-07,1.0,1.1899533802761653e-07,0.0003758037928491831,0.001750892959535122,0.0056040603667497635,0.015491700731217861,0.04200083017349243,0.11756761372089386,0.41231364011764526,0.5,1.0,1.0
4,6230,25000,0.25035738945007324,0.3427973985671997,1.182703712743205e-07,1.0,1.182703712743205e-07,0.0003809243207797408,0.0017507803859189153,0.005581261124461889,0.015409005805850029,0.04192254692316055,0.11734548956155777,0.4112907648086548,0.5,1.0,1.0
4,6240,25000,0.2503430247306824,0.342739462852478,1.017173332229504e-07,1.0,1.017173332229504e-07,0.000379406672436744,0.0017571417847648263,0.005548362620174885,0.015411719679832458,0.041949838399887085,0.11768054962158203,0.4122994542121887,0.5,1.0,1.0
4,6250,25000,0.25029680132865906,0.3427688777446747,1.0069326350503616e-07,1.0,1.0069326350503616e-07,0.0003769596805796027,0.0017569040646776557,0.005577624309808016,0.015450388193130493,0.04171206057071686,0.11823152005672455,0.4123842418193817,0.5,1.0,1.0
4,6260,25000,0.2502383887767792,0.342686265707016,9.682627677420896e-08,1.0,9.682627677420896e-08,0.0003764196881093085,0.0017580821877345443,0.005586234852671623,0.015455758199095726,0.0417938157916069,0.11763440817594528,0.4107784330844879,0.5,1.0,1.0
4,6270,25000,0.25023430585861206,0.34271612763404846,1.2468588295178051e-07,1.0,1.2468588295178051e-07,0.00037760462146252394,0.0017558434046804905,0.005561964586377144,0.01547034177929163,0.0418478399515152,0.11762408912181854,0.4109596312046051,0.5,1.0,1.0
4,6280,25000,0.25023844838142395,0.3427894115447998,1.0880535938895264e-07,1.0,1.0880535938895264e-07,0.00037762371357530355,0.0017527485033497214,0.005573583301156759,0.015463331714272499,0.0416727140545845,0.11783417314291,0.41281625628471375,0.5,1.0,1.0
4,6290,25000,0.25020715594291687,0.34271305799484253,9.335022355116962e-08,1.0,9.335022355116962e-08,0.0003796178207267076,0.001759148552082479,0.0056091356091201305,0.015452234074473381,0.04195209592580795,0.11778973042964935,0.4089430570602417,0.5,1.0,1.0
4,6300,25000,0.25021103024482727,0.34274712204933167,1.1615671979825493e-07,1.0,1.1615671979825493e-07,0.00037952372804284096,0.0017543865833431482,0.005523866042494774,0.01548969279974699,0.04203386604785919,0.11754746735095978,0.4108010232448578,0.5,1.0,1.0
4,6310,25000,0.2502674460411072,0.3427049219608307,1.1737650851273429e-07,1.0,1.1737650851273429e-07,0.00037885335041210055,0.0017497162334620953,0.005577533505856991,0.015521817840635777,0.042106546461582184,0.11793577671051025,0.409308522939682,0.5,1.0,1.0
4,6320,25000,0.2503288686275482,0.3427387773990631,1.205640387524909e-07,1.0,1.205640387524909e-07,0.00037951505510136485,0.0017578171100467443,0.005564316641539335,0.015583831816911697,0.042020492255687714,0.11788865923881531,0.4111907482147217,0.5,1.0,1.0
4,6330,25000,0.25030574202537537,0.34277793765068054,1.067588044634249e-07,1.0,1.067588044634249e-07,0.00037763052387163043,0.0017496425425633788,0.0055666957050561905,0.015473737381398678,0.041965171694755554,0.1178722232580185,0.411668986082077,0.5,1.0,1.0
4,6340,25000,0.25033825635910034,0.34277820587158203,8.351145908136459e-08,1.0,8.351145908136459e-08,0.0003772277559619397,0.0017581023275852203,0.005593116395175457,0.015512817539274693,0.04163746535778046,0.11727321147918701,0.4131268262863159,0.5,1.0,1.0
4,6350,25000,0.25025951862335205,0.3426898121833801,1.287243094338919e-07,1.0,1.287243094338919e-07,0.000377340882550925,0.001749592600390315,0.005562722682952881,0.01549934595823288,0.04196465015411377,0.11809428781270981,0.4121304154396057,0.5,1.0,1.0
4,6360,25000,0.2501961290836334,0.34268370270729065,1.230622217462951e-07,1.0,1.230622217462951e-07,0.0003809247282333672,0.0017538017127662897,0.0055988081730902195,0.015528716146945953,0.04183308780193329,0.11761383712291718,0.4101943075656891,0.5,1.0,1.0
4,6370,25000,0.2503209412097931,0.3427693843841553,1.167728669315693e-07,1.0,1.167728669315693e-07,0.0003779878607019782,0.00176074483897537,0.00561385927721858,0.015569488517940044,0.04190509021282196,0.11772436648607254,0.4108012914657593,0.5,1.0,1.0
4,6380,25000,0.2501930594444275,0.3427288830280304,9.635622433279423e-08,1.0,9.635622433279423e-08,0.00037729073665104806,0.0017581104766577482,0.005593342240899801,0.015421198680996895,0.04184030741453171,0.11721856892108917,0.4104960560798645,0.5,1.0,1.0
4,6390,25000,0.25022968649864197,0.34271150827407837,1.1144449274524959e-07,1.0,1.1144449274524959e-07,0.00037812881055288017,0.0017497972585260868,0.00558873638510704,0.015470679849386215,0.04182835668325424,0.11709907650947571,0.41066810488700867,0.5,1.0,1.0
4,6400,25000,0.25028255581855774,0.34282186627388,1.3741204440975707e-07,1.0,1.3741204440975707e-07,0.00037919581518508494,0.001742947963066399,0.0055589983239769936,0.015518412925302982,0.04187816381454468,0.11739233136177063,0.4099768400192261,0.5,1.0,1.0
4,6410,25000,0.25025320053100586,0.3427024781703949,7.110938327059557e-08,1.0,7.110938327059557e-08,0.00037644815165549517,0.0017679736483842134,0.005601223558187485,0.015587544068694115,0.04193539544939995,0.11728919297456741,0.4099678695201874,0.5,1.0,1.0
4,6420,25000,0.2502967119216919,0.3427780568599701,8.315719668416932e-08,1.0,8.315719668416932e-08,0.0003776033699978143,0.0017605915199965239,0.005576941650360823,0.015520630404353142,0.04184285178780556,0.11732306331396103,0.4110023081302643,0.5,1.0,1.0
4,6430,25000,0.25025543570518494,0.34272339940071106,1.0647671899732813e-07,1.0,1.0647671899732813e-07,0.000378789467504248,0.0017588402843102813,0.005592726171016693,0.01547292061150074,0.0420403815805912,0.11810634285211563,0.4092754125595093,0.5,1.0,1.0
4,6440,25000,0.25020506978034973,0.3427150547504425,9.359490604765597e-08,1.0,9.359490604765597e-08,0.000378625001758337,0.0017555850790813565,0.005588572472333908,0.01550123281776905,0.042059287428855896,0.11703284084796906,0.4100644886493683,0.5,1.0,1.0
4,6450,25000,0.25014859437942505,0.34270650148391724,1.155134157215798e-07,1.0,1.155134157215798e-07,0.00037739050458185375,0.00175711780320853,0.0055782427079975605,0.015556837432086468,0.04193960502743721,0.11686047166585922,0.4098506271839142,0.5,1.0,1.0
4,6460,25000,0.2502822279930115,0.34275662899017334,7.804128188126924e-08,1.0,7.804128188126924e-08,0.00037824385799467564,0.0017510938923805952,0.005561700090765953,0.01546655222773552,0.04181738197803497,0.11760417371988297,0.4114031493663788,0.5,1.0,1.0
4,6470,25000,0.25027748942375183,0.3427494168281555,9.26697651948416e-08,1.0,9.26697651948416e-08,0.00037555245216935873,0.0017552943900227547,0.0056030661799013615,0.01550485659390688,0.04210628196597099,0.11745081841945648,0.4106530547142029,0.5,1.0,1.0
4,6480,25000,0.2501790523529053,0.3426813781261444,1.1672960198438886e-07,1.0,1.1672960198438886e-07,0.00037967105163261294,0.0017647937638685107,0.0055678593926131725,0.015508970245718956,0.042005717754364014,0.11739296466112137,0.4102940261363983,0.5,1.0,1.0
4,6490,25000,0.25032326579093933,0.3427731692790985,1.1646699960010665e-07,1.0,1.1646699960010665e-07,0.00038090592715889215,0.0017588124610483646,0.0055845328606665134,0.015506310388445854,0.041978031396865845,0.1171315610408783,0.4119037985801697,0.5,1.0,1.0
4,6500,25000,0.25033101439476013,0.3427695035934448,8.782990335021168e-08,1.0,8.782990335021168e-08,0.0003772443742491305,0.0017549480544403195,0.005560600198805332,0.015424243174493313,0.041968878358602524,0.11789894104003906,0.4105601906776428,0.5,1.0,1.0
4,6510,25000,0.25019389390945435,0.3427678048610687,8.389574901457308e-08,1.0,8.389574901457308e-08,0.00037785994936712086,0.0017532978672534227,0.0055566406808793545,0.015460245311260223,0.041812051087617874,0.11694755405187607,0.409597247838974,0.5,1.0,1.0
4,6520,25000,0.2503527104854584,0.3427411913871765,8.391437944510471e-08,1.0,8.391437944510471e-08,0.0003773458010982722,0.0017551882192492485,0.005608095787465572,0.015490027144551277,0.04195904731750488,0.11754924803972244,0.4117254316806793,0.5,1.0,1.0
4,6530,25000,0.25027787685394287,0.3427380621433258,9.735192207926957e-08,1.0,9.735192207926957e-08,0.00037944255745969713,0.0017535220831632614,0.0055644516833126545,0.015479101799428463,0.041954729706048965,0.11746203899383545,0.4108198881149292,0.5,1.0,1.0
4,6540,25000,0.25022271275520325,0.34268224239349365,9.605061279671645e-08,1.0,9.605061279671645e-08,0.00037753157084807754,0.001754003344103694,0.005584473721683025,0.01550355739891529,0.042059894651174545,0.11741557717323303,0.410541832447052,0.5,1.0,1.0
4,6550,25000,0.25024497509002686,0.34273695945739746,1.1319166759449217e-07,1.0,1.1319166759449217e-07,0.0003784489235840738,0.0017588853370398283,0.0055648270063102245,0.015430496074259281,0.04196585714817047,0.11774498224258423,0.4103529155254364,0.5,1.0,1.0
4,6560,25000,0.25018996000289917,0.342751681804657,9.127055733415546e-08,1.0,9.127055733415546e-08,0.0003772513009607792,0.0017515842337161303,0.005566987209022045,0.015470949001610279,0.041773244738578796,0.11690321564674377,0.40966472029685974,0.5,1.0,1.0
4,6570,25000,0.2502639591693878,0.3427167534828186,1.0816000184377117e-07,1.0,1.0816000184377117e-07,0.0003779748803935945,0.0017553813522681594,0.005546911619603634,0.015480615198612213,0.041861873120069504,0.11785759031772614,0.4104456603527069,0.5,1.0,1.0
4,6580,25000,0.2502674162387848,0.342743456363678,8.34100859492537e-08,1.0,8.34100859492537e-08,0.0003791364433709532,0.0017572357319295406,0.005572900641709566,0.015449102967977524,0.04177798330783844,0.11752307415008545,0.41259732842445374,0.5,1.0,1.0
4,6590,25000,0.25022172927856445,0.3427358567714691,8.287481279012354e-08,1.0,8.287481279012354e-08,0.0003772849158849567,0.0017571926582604647,0.0055636633187532425,0.015483098104596138,0.04203039035201073,0.11757583171129227,0.4101978838443756,0.5,1.0,1.0
4,6600,25000,0.25015780329704285,0.34268879890441895,8.775459292564847e-08,1.0,8.775459292564847e-08,0.00037754117511212826,0.0017415147740393877,0.005554154980927706,0.015431122854351997,0.0419754758477211,0.11731664836406708,0.40856143832206726,0.5,1.0,1.0
4,6610,25000,0.25021088123321533,0.3427186608314514,1.129121827148083e-07,1.0,1.129121827148083e-07,0.0003770994080696255,0.0017556000966578722,0.005552309099584818,0.015509175136685371,0.04188833385705948,0.11752203851938248,0.4098304510116577,0.5,1.0,1.0
4,6620,25000,0.2502746284008026,0.34270787239074707,1.5324837931984803e-07,1.0,1.5324837931984803e-07,0.00038050880539231,0.0017581349238753319,0.005593265872448683,0.015506420284509659,0.042073000222444534,0.11755536496639252,0.41059374809265137,0.5,1.0,1.0
4,6630,25000,0.250278115272522,0.3427692651748657,1.204179511660186e-07,1.0,1.204179511660186e-07,0.0003797810059040785,0.0017531381454318762,0.005599416792392731,0.015569999814033508,0.04208943247795105,0.11742868274450302,0.41182705760002136,0.5,1.0,1.0
4,6640,25000,0.25033533573150635,0.3427436351776123,1.1868432636674697e-07,1.0,1.1868432636674697e-07,0.000374546303646639,0.0017498648958280683,0.005574729293584824,0.015458240173757076,0.04189494997262955,0.11707239598035812,0.411687970161438,0.5,1.0,1.0
4,6650,25000,0.250240683555603,0.3428148329257965,1.1193399984676944e-07,1.0,1.1193399984676944e-07,0.0003774459473788738,0.0017622614977881312,0.005556344520300627,0.015406479127705097,0.04193654656410217,0.1171533539891243,0.4115910828113556,0.5,1.0,1.0
4,6660,25000,0.2502729594707489,0.34273043274879456,1.1251649567611821e-07,1.0,1.1251649567611821e-07,0.0003784408327192068,0.0017606294713914394,0.005585859064012766,0.01545702200382948,0.041815198957920074,0.11752030998468399,0.4088192284107208,0.5,1.0,1.0
4,6670,25000,0.2502721846103668,0.34272775053977966,1.3910184293308703e-07,1.0,1.3910184293308703e-07,0.00037891982356086373,0.0017452449537813663,0.005568309221416712,0.015468708239495754,0.04204093664884567,0.11763438582420349,0.4106491208076477,0.5,1.0,1.0
4,6680,25000,0.250173956155777,0.3427117168903351,1.3694481992843066e-07,1.0,1.3694481992843066e-07,0.0003808875917457044,0.0017598667182028294,0.005551304668188095,0.015446852892637253,0.04184716194868088,0.116754449903965,0.408312052488327,0.5,1.0,1.0
4,6690,25000,0.25028061866760254,0.3428146541118622,1.1337755978502173e-07,1.0,1.1337755978502173e-07,0.0003777504316531122,0.0017579166451469064,0.0055128782987594604,0.015399699099361897,0.04186779260635376,0.11722633987665176,0.41329649090766907,0.5,1.0,1.0
4,6700,25000,0.25021904706954956,0.3426896035671234,1.262512938637883e-07,1.0,1.262512938637883e-07,0.00037976569728925824,0.0017548112664371729,0.005588442087173462,0.015454258769750595,0.041929177939891815,0.11739302426576614,0.41170603036880493,0.5,1.0,1.0
4,6710,25000,0.25023895502090454,0.34274399280548096,1.0404495753846277e-07,1.0,1.0404495753846277e-07,0.00037916022120043635,0.001753595657646656,0.005552130285650492,0.015492254868149757,0.04191924259066582,0.11732372641563416,0.4097254276275635,0.5,1.0,1.0
4,6720,25000,0.25024017691612244,0.34269246459007263,1.0681142725843529e-07,1.0,1.0681142725843529e-07,0.00037541842903010547,0.0017514677019789815,0.005574826151132584,0.015460695140063763,0.042091816663742065,0.11759961396455765,0.41142547130584717,0.5,1.0,1.0
4,6730,25000,0.25021153688430786,0.3427090048789978,8.39038065691966e-08,1.0,8.39038065691966e-08,0.00037750444607809186,0.0017355713061988354,0.005577884614467621,0.015525850467383862,0.041989635676145554,0.11750330775976181,0.4114460349082947,0.5,1.0,1.0
4,6740,25000,0.25024425983428955,0.3427565395832062,1.0693182872500984e-07,1.0,1.0693182872500984e-07,0.00037950489786453545,0.0017483209958299994,0.0055464934557676315,0.015397136099636555,0.041940104216337204,0.11754000186920166,0.4110170304775238,0.5,1.0,1.0
4,6750,25000,0.2503305673599243,0.34265440702438354,1.249290164651029e-07,1.0,1.249290164651029e-07,0.00038153069908730686,0.0017563290894031525,0.005579950287938118,0.015524156391620636,0.0420323982834816,0.11752313375473022,0.4123453199863434,0.5,1.0,1.0
4,6760,25000,0.2501833736896515,0.34272390604019165,9.293651714870066e-08,1.0,9.293651714870066e-08,0.00038102344842627645,0.0017720576142892241,0.0055703893303871155,0.015450313687324524,0.041899070143699646,0.11690745502710342,0.40940362215042114,0.5,1.0,1.0
4,6770,25000,0.25024083256721497,0.34276455640792847,8.054463052076244e-08,1.0,8.054463052076244e-08,0.00037808396155014634,0.0017526226583868265,0.005583573132753372,0.015468877740204334,0.04180065542459488,0.11747577041387558,0.4110194742679596,0.5,1.0,1.0
4,6780,25000,0.2503170669078827,0.3427731394767761,1.204210207106371e-07,1.0,1.204210207106371e-07,0.00037930451799184084,0.0017603125888854265,0.005557090509682894,0.015406125225126743,0.041910260915756226,0.1175181195139885,0.40966713428497314,0.5,1.0,1.0
4,6790,25000,0.2502659261226654,0.34277772903442383,1.2501541846177133e-07,1.0,1.2501541846177133e-07,0.00037818794953636825,0.001754150609485805,0.0055704801343381405,0.015452629886567593,0.0418085902929306,0.11750122159719467,0.41025036573410034,0.5,1.0,1.0
4,6800,25000,0.2502346634864807,0.34275010228157043,9.261977140795352e-08,1.0,9.261977140795352e-08,0.00037704090937040746,0.0017447342397645116,0.005570634733885527,0.015384563244879246,0.04174955189228058,0.11730438470840454,0.41056108474731445,0.5,1.0,1.0
4,6810,25000,0.2502477765083313,0.3427552580833435,9.50285894418812e-08,1.0,9.50285894418812e-08,0.0003807412285823375,0.0017712723929435015,0.005529068876057863,0.015486974269151688,0.04163086414337158,0.11764286458492279,0.41287028789520264,0.5,1.0,1.0
4,6820,25000,0.25017881393432617,0.3427022695541382,9.062985384389322e-08,1.0,9.062985384389322e-08,0.0003767196321859956,0.001752740703523159,0.005557028576731682,0.01551703829318285,0.041809454560279846,0.11738914996385574,0.4083763360977173,0.5,1.0,1.0
4,6830,25000,0.25027430057525635,0.3426753878593445,9.987584093096302e-08,1.0,9.987584093096302e-08,0.0003787062596529722,0.0017544215079396963,0.005569766741245985,0.01549595408141613,0.041898585855960846,0.11736372113227844,0.41123825311660767,0.5,1.0,1.0
4,6840,25000,0.25027695298194885,0.3427220582962036,1.021122812971953e-07,1.0,1.021122812971953e-07,0.0003787699097301811,0.001761755789630115,0.0055390833877027035,0.01549249142408371,0.041916050016880035,0.1176188662648201,0.4106906056404114,0.5,1.0,1.0
4,6850,25000,0.25021761655807495,0.3427163362503052,1.132475020426682e-07,1.0,1.132475020426682e-07,0.0003786767483688891,0.001749341725371778,0.005574061535298824,0.015433198772370815,0.041897956281900406,0.11709338426589966,0.4105320870876312,0.5,1.0,1.0
4,6860,25000,0.25036177039146423,0.34276801347732544,9.138880585624065e-08,1.0,9.138880585624065e-08,0.0003799760015681386,0.0017583868466317654,0.005532522685825825,0.01547925267368555,0.041933659464120865,0.11783508956432343,0.4115813374519348,0.5,1.0,1.0
4,6870,25000,0.2502192556858063,0.34274864196777344,1.2079343036930368e-07,1.0,1.2079343036930368e-07,0.00038425216916948557,0.0017570165218785405,0.0055488902144134045,0.015461188741028309,0.04190826043486595,0.11762626469135284,0.41048967838287354,0.5,1.0,1.0
4,6880,25000,0.2502254843711853,0.3427657186985016,1.5025908339794114e-07,1.0,1.5025908339794114e-07,0.0003775889636017382,0.001765990280546248,0.00558022316545248,0.015512513928115368,0.041930191218853,0.11781909316778183,0.4097687005996704,0.5,1.0,1.0
4,6890,25000,0.2503267228603363,0.34273019433021545,8.478337321093932e-08,1.0,8.478337321093932e-08,0.00038011104334145784,0.001751743839122355,0.005558839999139309,0.015444915741682053,0.04192688316106796,0.11788695305585861,0.41089892387390137,0.5,1.0,1.0
4,6900,25000,0.25024643540382385,0.34272658824920654,9.902451836296677e-08,1.0,9.902451836296677e-08,0.00038014937308616936,0.001768165617249906,0.005588621832430363,0.01548563688993454,0.041849132627248764,0.1174103394150734,0.4110783040523529,0.5,1.0,1.0
4,6910,25000,0.2502749562263489,0.3426800072193146,1.054848581816259e-07,1.0,1.054848581816259e-07,0.0003765865112654865,0.0017549163894727826,0.00560086639598012,0.015519672073423862,0.042058855295181274,0.117575503885746,0.41165634989738464,0.5,1.0,1.0
4,6920,25000,0.2503039538860321,0.3427872061729431,1.1847595970948532e-07,1.0,1.1847595970948532e-07,0.00037667862488888204,0.0017469060840085149,0.005570818670094013,0.015547564253211021,0.04204150661826134,0.11772631108760834,0.40996313095092773,0.5,1.0,1.0
4,6930,25000,0.250256210565567,0.3427356779575348,1.0396401961543233e-07,1.0,1.0396401961543233e-07,0.0003793103969655931,0.0017402846133336425,0.005546149797737598,0.015471125952899456,0.041947536170482635,0.1172437071800232,0.4110962152481079,0.5,1.0,1.0
4,6940,25000,0.25034838914871216,0.34277716279029846,1.0437362618631596e-07,1.0,1.0437362618631596e-07,0.0003802338906098157,0.0017617898993194103,0.00561174564063549,0.015460914000868797,0.04202067479491234,0.11764615774154663,0.4114904999732971,0.5,1.0,1.0
4,6950,25000,0.250258207321167,0.34272319078445435,9.514175047797835e-08,1.0,9.514175047797835e-08,0.00037841469747945666,0.001764150569215417,0.00557140214368701,0.015515495091676712,0.041880637407302856,0.11723130941390991,0.41010478138923645,0.5,1.0,1.0
4,6960,25000,0.2502554655075073,0.34274399280548096,1.0799310956599584e-07,1.0,1.0799310956599584e-07,0.0003786143206525594,0.0017536412924528122,0.005582925397902727,0.01547530572861433,0.04185859486460686,0.11725151538848877,0.41153478622436523,0.5,1.0,1.0
4,6970,25000,0.25028690695762634,0.342743456363678,1.281847374912104e-07,1.0,1.281847374912104e-07,0.0003799492260441184,0.0017549413023516536,0.005573219154030085,0.015477102249860764,0.041961319744586945,0.11768439412117004,0.40996822714805603,0.5,1.0,1.0
4,6980,25000,0.2503746449947357,0.34277525544166565,1.0800847860537033e-07,1.0,1.0800847860537033e-07,0.00037875957787036896,0.0017549173207953572,0.005577435716986656,0.01543394010514021,0.04188322275876999,0.11746812611818314,0.4118967056274414,0.5,1.0,1.0
4,6990,25000,0.2502555847167969,0.34273561835289,1.0023369867440124e-07,1.0,1.0023369867440124e-07,0.0003775930672418326,0.001746252179145813,0.005566127598285675,0.015509400516748428,0.042007915675640106,0.11741192638874054,0.41130536794662476,0.5,1.0,1.0
4,7000,25000,0.25023216009140015,0.34272831678390503,1.2368239765692124e-07,1.0,1.2368239765692124e-07,0.00037911508115939796,0.001752621028572321,0.0055835978128015995,0.015425450168550014,0.041918955743312836,0.11731746792793274,0.41096338629722595,0.5,1.0,1.0
