step,epoch,n_refreshed,mean,std,min,max,q00,q10,q20,q30,q40,q50,q60,q70,q80,q90,q100
3,0,,0.5599417686462402,0.1526937037706375,0.5,1.0,0.5,0.5,0.5,0.5,0.5,0.5,0.5,0.5,0.5199999809265137,1.0,1.0
3,10,25000,0.22052296996116638,0.31433263421058655,5.215884470999299e-07,1.0,5.215884470999299e-07,0.0008306081290356815,0.002870972268283367,0.00732476357370615,0.01720649003982544,0.03917760029435158,0.09118659794330597,0.2577219605445862,0.5,0.6820390224456787,1.0
3,20,25000,0.22050276398658752,0.3143352270126343,7.784859690218582e-07,1.0,7.784859690218582e-07,0.000834561069495976,0.0028703766874969006,0.007345311809331179,0.017149370163679123,0.039324045181274414,0.09114029258489609,0.25813722610473633,0.5,0.683897852897644,1.0
3,30,25000,0.2204970270395279,0.3143455982208252,7.398660386570555e-07,1.0,7.398660386570555e-07,0.000830747012514621,0.0028663233388215303,0.007322385907173157,0.01710532233119011,0.03930797055363655,0.09123919159173965,0.256991446018219,0.5,0.684782087802887,1.0
3,40,25000,0.2205629199743271,0.3143576979637146,6.916953907420975e-07,1.0,6.916953907420975e-07,0.0008304304210469127,0.0028633587062358856,0.007341994438320398,0.017133718356490135,0.039294011890888214,0.09150924533605576,0.25780513882637024,0.5,0.6836429238319397,1.0
3,50,25000,0.22060410678386688,0.31443822383880615,6.129617418082489e-07,1.0,6.129617418082489e-07,0.0008272810955531895,0.0028545246459543705,0.007347745820879936,0.01713678427040577,0.03905393183231354,0.09185916930437088,0.2577272057533264,0.5,0.6872010827064514,1.0
3,60,25000,0.2205861210823059,0.31448134779930115,7.190520250333066e-07,1.0,7.190520250333066e-07,0.0008296426967717707,0.0028575577307492495,0.007340240757912397,0.017176851630210876,0.03924445062875748,0.09144431352615356,0.25836312770843506,0.5,0.6800000071525574,1.0
3,70,25000,0.22071173787117004,0.31465470790863037,7.07533047261677e-07,1.0,7.07533047261677e-07,0.0008338039624504745,0.002880420070141554,0.0073443264700472355,0.017204783856868744,0.039257995784282684,0.09133442491292953,0.2572382092475891,0.5,0.6880785226821899,1.0
3,80,25000,0.2207735925912857,0.31476131081581116,7.380095894404803e-07,1.0,7.380095894404803e-07,0.0008371161529794335,0.002871669363230467,0.0073011452332139015,0.01714671030640602,0.03913581371307373,0.09148687869310379,0.25712448358535767,0.5,0.6875060200691223,1.0
3,90,25000,0.22073061764240265,0.31473031640052795,7.274380209310038e-07,1.0,7.274380209310038e-07,0.0008308995165862143,0.002868194133043289,0.007347353734076023,0.017113665118813515,0.03923031687736511,0.09157021343708038,0.2580975592136383,0.5,0.6867309808731079,1.0
3,100,25000,0.22080233693122864,0.3147651255130768,6.906364546921395e-07,1.0,6.906364546921395e-07,0.0008348964620381594,0.0028699440881609917,0.007365720346570015,0.017155466601252556,0.03915343061089516,0.09165092557668686,0.25783979892730713,0.5,0.6890596151351929,1.0
3,110,25000,0.22081533074378967,0.3148272633552551,5.679987680196064e-07,1.0,5.679987680196064e-07,0.00083107192767784,0.002862087218090892,0.007316306233406067,0.01722344197332859,0.03920886665582657,0.09152662009000778,0.2588544487953186,0.5,0.6866474747657776,1.0
3,120,25000,0.2208569496870041,0.31487587094306946,6.036697186573292e-07,1.0,6.036697186573292e-07,0.0008311935234814882,0.002887168200686574,0.007374487817287445,0.017185106873512268,0.03918766975402832,0.09154763072729111,0.2572586238384247,0.5,0.6862692832946777,1.0
3,130,25000,0.22088292241096497,0.3150094747543335,6.618816428272112e-07,1.0,6.618816428272112e-07,0.0008361752843484282,0.002881870372220874,0.007329984568059444,0.017124898731708527,0.039227195084095,0.0911485031247139,0.2569621801376343,0.5,0.6882166862487793,1.0
3,140,25000,0.2208862006664276,0.3150082230567932,6.715382596667041e-07,1.0,6.715382596667041e-07,0.0008312718127854168,0.0028806161135435104,0.007328434381633997,0.017154613509774208,0.03925229609012604,0.09137872606515884,0.2578314244747162,0.5,0.6899393200874329,1.0
3,150,25000,0.2209845781326294,0.315092533826828,5.417337547442003e-07,1.0,5.417337547442003e-07,0.0008333000587299466,0.0028689871542155743,0.00731896935030818,0.01709194853901863,0.03930886462330818,0.09133438020944595,0.2581212818622589,0.5,0.6894175410270691,1.0
3,160,25000,0.2209835946559906,0.31511208415031433,7.388146059383871e-07,1.0,7.388146059383871e-07,0.000829274591524154,0.002873445628210902,0.007333517540246248,0.017149893566966057,0.03924009948968887,0.09164773672819138,0.25730496644973755,0.5,0.6878625750541687,1.0
3,170,25000,0.22099143266677856,0.31513723731040955,5.81602932925307e-07,1.0,5.81602932925307e-07,0.000830387114547193,0.002870412077754736,0.007314037065953016,0.017112424597144127,0.03935766965150833,0.09162689745426178,0.2590077519416809,0.5,0.6897782683372498,1.0
3,180,25000,0.2210414856672287,0.3151956796646118,7.204778853520111e-07,1.0,7.204778853520111e-07,0.0008277988526970148,0.0028833989053964615,0.007343791425228119,0.01706993393599987,0.03929419815540314,0.09136898070573807,0.2578883469104767,0.5,0.6876009106636047,1.0
3,190,25000,0.22105419635772705,0.31519171595573425,8.142729370774759e-07,1.0,8.142729370774759e-07,0.0008336134487763047,0.002874452620744705,0.00732683390378952,0.017174918204545975,0.03921147435903549,0.09122847765684128,0.25833195447921753,0.5,0.6899999976158142,1.0
3,200,25000,0.2210206240415573,0.31517651677131653,6.863546673230303e-07,1.0,6.863546673230303e-07,0.0008324466762132943,0.002872037934139371,0.0073483781889081,0.01719549484550953,0.03912864252924919,0.09175107628107071,0.25775688886642456,0.5,0.6899999976158142,1.0
3,210,25000,0.22101522982120514,0.31520503759384155,6.961175245123741e-07,1.0,6.961175245123741e-07,0.0008299611508846283,0.002868274925276637,0.007301568519324064,0.01713547483086586,0.03922630101442337,0.09123518317937851,0.2574240565299988,0.5,0.6872669458389282,1.0
3,220,25000,0.2209872603416443,0.3151475489139557,5.840034305037989e-07,1.0,5.840034305037989e-07,0.0008352481527253985,0.0028669051826000214,0.007359991781413555,0.017119133844971657,0.03921278566122055,0.09157027304172516,0.25800931453704834,0.5,0.6892548203468323,1.0
3,230,25000,0.22093813121318817,0.3151162564754486,5.84705389883311e-07,1.0,5.84705389883311e-07,0.0008338079205714166,0.002875313628464937,0.007326692342758179,0.017171597108244896,0.039197247475385666,0.09145381301641464,0.2576580345630646,0.5,0.6890835762023926,1.0
3,240,25000,0.22094744443893433,0.3151102364063263,7.057840889501676e-07,1.0,7.057840889501676e-07,0.0008334161248058081,0.0028654485940933228,0.007333338260650635,0.017153171822428703,0.03911502659320831,0.09147554636001587,0.25744369626045227,0.5,0.6855817437171936,1.0
3,250,25000,0.22095297276973724,0.31504565477371216,7.6930115255891e-07,1.0,7.6930115255891e-07,0.00083182193338871,0.0028858704026788473,0.007343013770878315,0.017141742631793022,0.03918740153312683,0.09186463803052902,0.2569962739944458,0.5,0.6879702210426331,1.0
3,260,25000,0.22092664241790771,0.31506842374801636,6.868302762086387e-07,1.0,6.868302762086387e-07,0.0008305208175443113,0.002876597922295332,0.007333790883421898,0.01713728904724121,0.03930490463972092,0.09103363007307053,0.25729021430015564,0.5,0.6882596015930176,1.0
3,270,25000,0.2209288328886032,0.3150293529033661,7.047493681966444e-07,1.0,7.047493681966444e-07,0.0008252996485680342,0.0028626881539821625,0.007353220600634813,0.017162304371595383,0.03909790515899658,0.09158056229352951,0.2586711347103119,0.5,0.686404287815094,1.0
3,280,25000,0.22093452513217926,0.31501132249832153,6.455908874158922e-07,1.0,6.455908874158922e-07,0.0008349596173502505,0.0028650672174990177,0.007329303305596113,0.017183763906359673,0.039155058562755585,0.09172551333904266,0.25820839405059814,0.5,0.6879209280014038,1.0
3,290,25000,0.2209266722202301,0.31500062346458435,7.079248121044657e-07,1.0,7.079248121044657e-07,0.0008256437722593546,0.002873868914321065,0.0073619140312075615,0.01713324896991253,0.03931985795497894,0.09205251187086105,0.25808677077293396,0.5,0.6869083642959595,1.0
3,300,25000,0.22086367011070251,0.31498169898986816,7.773412562528392e-07,1.0,7.773412562528392e-07,0.000835055427160114,0.0028606459964066744,0.007345633581280708,0.017189063131809235,0.03925736993551254,0.09166841208934784,0.2591153085231781,0.5,0.6869063973426819,1.0
3,310,25000,0.22091831266880035,0.31499427556991577,5.915237011322461e-07,1.0,5.915237011322461e-07,0.0008343798690475523,0.0028786188922822475,0.007332942448556423,0.017175547778606415,0.03914507478475571,0.0914444848895073,0.2578718662261963,0.5,0.6854753494262695,1.0
3,320,25000,0.2208811491727829,0.3150045573711395,6.120803845988121e-07,1.0,6.120803845988121e-07,0.0008332229917868972,0.0028753348160535097,0.007314905524253845,0.01719159446656704,0.03918670490384102,0.09153403341770172,0.2572459876537323,0.5,0.6866005063056946,1.0
3,330,25000,0.22089160978794098,0.31502705812454224,7.9317635481857e-07,1.0,7.9317635481857e-07,0.0008267753873951733,0.002871050266548991,0.00730901351198554,0.01712321862578392,0.03908522054553032,0.0914195328950882,0.258287250995636,0.5,0.688345193862915,1.0
3,340,25000,0.22089219093322754,0.3150371313095093,6.350781518449367e-07,1.0,6.350781518449367e-07,0.0008326321258209646,0.002866773633286357,0.007356428075581789,0.017135372385382652,0.03906639665365219,0.09132581949234009,0.25761109590530396,0.5,0.6874058246612549,1.0
3,350,25000,0.22094091773033142,0.31501126289367676,6.496674700429139e-07,1.0,6.496674700429139e-07,0.0008349836571142077,0.002878003055229783,0.007323184050619602,0.017188265919685364,0.03922485560178757,0.09164732694625854,0.25856998562812805,0.5,0.6879616379737854,1.0
3,360,25000,0.22093385457992554,0.3150116205215454,6.702219366161444e-07,1.0,6.702219366161444e-07,0.0008346308022737503,0.002868248848244548,0.007327343337237835,0.017217352986335754,0.03935548663139343,0.09145350754261017,0.2582702040672302,0.5,0.6839282512664795,1.0
3,370,25000,0.22091543674468994,0.3150290846824646,7.198606795100204e-07,1.0,7.198606795100204e-07,0.0008385463152080774,0.0028617733623832464,0.007325601298362017,0.017203062772750854,0.039349254220724106,0.09114189445972443,0.2579226493835449,0.5,0.6899999976158142,1.0
3,380,25000,0.22090356051921844,0.31501656770706177,6.021201670591836e-07,1.0,6.021201670591836e-07,0.0008348943665623665,0.002875909674912691,0.007330421824008226,0.017191872000694275,0.03934844583272934,0.09172678738832474,0.25806725025177,0.5,0.687173068523407,1.0
3,390,25000,0.2209203839302063,0.3150390088558197,6.798857157264138e-07,1.0,6.798857157264138e-07,0.0008278015884570777,0.002858427120372653,0.007378949783742428,0.01723618432879448,0.03942297399044037,0.09144938737154007,0.25717827677726746,0.5,0.6881531476974487,1.0
3,400,25000,0.22095632553100586,0.31504926085472107,6.979519753258501e-07,1.0,6.979519753258501e-07,0.0008322130306623876,0.002877879189327359,0.007333399262279272,0.01716325804591179,0.03927881270647049,0.09181709587574005,0.25852149724960327,0.5,0.6894364356994629,1.0
3,410,25000,0.2209819257259369,0.3150600492954254,8.849454502524168e-07,1.0,8.849454502524168e-07,0.0008330589043907821,0.0028724337462335825,0.007351436652243137,0.017102498561143875,0.03936170041561127,0.09170249849557877,0.2585301399230957,0.5,0.6899897456169128,1.0
3,420,25000,0.22094130516052246,0.3150601387023926,6.041867095518683e-07,1.0,6.041867095518683e-07,0.0008338548941537738,0.002872199984267354,0.007334986701607704,0.017184706404805183,0.03920218348503113,0.09127909690141678,0.25807836651802063,0.5,0.6895062923431396,1.0
3,430,25000,0.22091762721538544,0.3150594234466553,6.47889748961461e-07,1.0,6.47889748961461e-07,0.0008355405880138278,0.002873061690479517,0.007345156278461218,0.017152009531855583,0.03929810971021652,0.09160085767507553,0.2577834129333496,0.5,0.6899999976158142,1.0
3,440,25000,0.22096043825149536,0.3150884211063385,6.253742412809515e-07,1.0,6.253742412809515e-07,0.0008308672113344073,0.002873770659789443,0.007326346822082996,0.017248306423425674,0.039303869009017944,0.09150023758411407,0.2586703598499298,0.5,0.6899999976158142,1.0
3,450,25000,0.2210041731595993,0.3150895833969116,5.531056217478181e-07,1.0,5.531056217478181e-07,0.000836078601423651,0.0028609836008399725,0.007329766638576984,0.017090940847992897,0.039187125861644745,0.09160409867763519,0.25927063822746277,0.5,0.6863110661506653,1.0
3,460,25000,0.22099944949150085,0.3150821626186371,1.0115317081726971e-06,1.0,1.0115317081726971e-06,0.0008260502363555133,0.0028821497689932585,0.007297915406525135,0.017194189131259918,0.03913816437125206,0.09222639352083206,0.2584693431854248,0.5,0.6861855387687683,1.0
3,470,25000,0.22096949815750122,0.31511417031288147,6.973316430958221e-07,1.0,6.973316430958221e-07,0.0008350123534910381,0.0028601880185306072,0.00734082842245698,0.017177294939756393,0.0392298623919487,0.0914396345615387,0.2591899335384369,0.5,0.6888365149497986,1.0
3,480,25000,0.22094587981700897,0.31509655714035034,6.95793687555124e-07,1.0,6.95793687555124e-07,0.000831793702673167,0.0028676341753453016,0.0073473211377859116,0.017174871638417244,0.039271265268325806,0.09185537695884705,0.2580394148826599,0.5,0.6873286366462708,1.0
3,490,25000,0.22093315422534943,0.3150721490383148,8.273000844383205e-07,1.0,8.273000844383205e-07,0.0008333572768606246,0.0028647773433476686,0.007304500322788954,0.017131276428699493,0.03927648812532425,0.09169303625822067,0.2578710615634918,0.5,0.686277449131012,1.0
3,500,25000,0.2209978699684143,0.3151474893093109,7.633113341398712e-07,1.0,7.633113341398712e-07,0.0008364609675481915,0.002871112897992134,0.007316029164940119,0.017176993191242218,0.03925000876188278,0.09156244248151779,0.2589629292488098,0.5,0.6887654066085815,1.0
3,510,25000,0.22100365161895752,0.31514644622802734,7.359275855378655e-07,1.0,7.359275855378655e-07,0.0008348024566657841,0.002871536882594228,0.007326057180762291,0.017110690474510193,0.039114534854888916,0.09184577316045761,0.25763726234436035,0.5,0.6899999976158142,1.0
3,520,25000,0.22096018493175507,0.31516900658607483,6.79685513205186e-07,1.0,6.79685513205186e-07,0.0008317719330079854,0.0028620122466236353,0.007323849946260452,0.01712099276483059,0.03913798928260803,0.09165622293949127,0.25837087631225586,0.5,0.6899999976158142,1.0
3,530,25000,0.22100046277046204,0.3151649236679077,9.171160400001099e-07,1.0,9.171160400001099e-07,0.000834403675980866,0.0028582029044628143,0.007363357115536928,0.017182188108563423,0.03924418240785599,0.09124300628900528,0.2574179470539093,0.5,0.6899890899658203,1.0
3,540,25000,0.22108320891857147,0.3152216076850891,5.652820505019918e-07,1.0,5.652820505019918e-07,0.000834569800645113,0.0028783364687114954,0.007331834640353918,0.017208995297551155,0.03917025774717331,0.09138880670070648,0.25922292470932007,0.5,0.6899999976158142,1.0
3,550,25000,0.2209777534008026,0.3152036666870117,6.109052606007026e-07,1.0,6.109052606007026e-07,0.0008289623074233532,0.0028788866475224495,0.007343899924308062,0.017162596806883812,0.03910836577415466,0.09120359271764755,0.2577834129333496,0.5,0.6883692145347595,1.0
3,560,25000,0.2210233360528946,0.3151753544807434,7.56486144837254e-07,1.0,7.56486144837254e-07,0.0008344422094523907,0.002871621632948518,0.007314469199627638,0.01711706630885601,0.039324723184108734,0.09142409265041351,0.25803256034851074,0.5,0.6870478987693787,1.0
3,570,25000,0.22103625535964966,0.31519651412963867,5.856948632754211e-07,1.0,5.856948632754211e-07,0.0008329006377607584,0.00287086283788085,0.0073292856104671955,0.01716787740588188,0.039335947483778,0.09158408641815186,0.2584961950778961,0.5,0.6899999976158142,1.0
3,580,25000,0.22105132043361664,0.3151877522468567,6.259030556066136e-07,1.0,6.259030556066136e-07,0.0008276437292806804,0.0028761434368789196,0.0073309484869241714,0.01718667894601822,0.0392514243721962,0.09160012751817703,0.2588360607624054,0.5,0.688726007938385,1.0
3,590,25000,0.2210683524608612,0.31518638134002686,5.844382826580841e-07,1.0,5.844382826580841e-07,0.000832032470498234,0.002867521019652486,0.007349397521466017,0.01716064289212227,0.03928237408399582,0.09206753224134445,0.2580503821372986,0.5,0.6892839670181274,1.0
3,600,25000,0.22103583812713623,0.31522268056869507,7.592327051497705e-07,1.0,7.592327051497705e-07,0.0008352362783625722,0.0028736614622175694,0.0073053352534770966,0.017159320414066315,0.039411939680576324,0.09170524030923843,0.25792738795280457,0.5,0.6899999976158142,1.0
3,610,25000,0.22101138532161713,0.31517842411994934,4.6305299861160165e-07,1.0,4.6305299861160165e-07,0.0008345218375325203,0.0028609801083803177,0.007326599210500717,0.017174797132611275,0.03927689790725708,0.09144435822963715,0.2580457925796509,0.5,0.6899999976158142,1.0
3,620,25000,0.22106650471687317,0.31519946455955505,6.208431955201377e-07,1.0,6.208431955201377e-07,0.0008333437726832926,0.0028714053332805634,0.007313923444598913,0.017213894054293633,0.03937589377164841,0.09171293675899506,0.25721681118011475,0.5,0.6898879408836365,1.0
3,630,25000,0.22105713188648224,0.3152470588684082,6.383798449860478e-07,1.0,6.383798449860478e-07,0.0008316691964864731,0.0028763115406036377,0.0073204925283789635,0.017176125198602676,0.03915097936987877,0.09151051938533783,0.2580094635486603,0.5,0.6870831847190857,1.0
3,640,25000,0.2210768163204193,0.3152538537979126,6.77589696351788e-07,1.0,6.77589696351788e-07,0.0008345622918568552,0.0028745345771312714,0.007350774481892586,0.017182890325784683,0.039219681173563004,0.09137237817049026,0.2580147385597229,0.5,0.6899999976158142,1.0
3,650,25000,0.22101791203022003,0.31524619460105896,8.150938697326637e-07,1.0,8.150938697326637e-07,0.0008348373230546713,0.0028710307087749243,0.007357369642704725,0.017151430249214172,0.03921221196651459,0.09114058315753937,0.2586343586444855,0.5,0.6899999976158142,1.0
3,660,25000,0.22104015946388245,0.3151909112930298,6.143993118712388e-07,1.0,6.143993118712388e-07,0.0008318573818542063,0.0028687010053545237,0.007345758844166994,0.017170876264572144,0.03921373188495636,0.09171824902296066,0.2579519748687744,0.5,0.687390148639679,1.0
3,670,25000,0.2210199534893036,0.3152496814727783,5.192335947867832e-07,1.0,5.192335947867832e-07,0.0008298669708892703,0.0028598459903150797,0.00734048942103982,0.017146309837698936,0.039413031190633774,0.09140310436487198,0.2573930621147156,0.5,0.6896334290504456,1.0
3,680,25000,0.22107723355293274,0.3152393400669098,6.04057788677892e-07,1.0,6.04057788677892e-07,0.0008315700688399374,0.0028791523072868586,0.00734121585264802,0.017239432781934738,0.03914559632539749,0.0920228511095047,0.2581841051578522,0.5,0.6899999976158142,1.0
3,690,25000,0.22109703719615936,0.31525591015815735,6.198685582603503e-07,1.0,6.198685582603503e-07,0.0008305749506689608,0.0028649154119193554,0.007316464092582464,0.0172173622995615,0.03924132138490677,0.09153788536787033,0.25876927375793457,0.5,0.6899999976158142,1.0
3,700,25000,0.22110648453235626,0.31526055932044983,7.092089049365313e-07,1.0,7.092089049365313e-07,0.0008284890209324658,0.0028667838778346777,0.007302786223590374,0.01714068464934826,0.03920242190361023,0.09162620455026627,0.2588130831718445,0.5,0.6899999976158142,1.0
3,710,25000,0.22104322910308838,0.3152421712875366,6.853758236502472e-07,1.0,6.853758236502472e-07,0.0008250498794950545,0.0028620995581150055,0.00731921661645174,0.01715979166328907,0.03925196826457977,0.09149201959371567,0.258131742477417,0.5,0.6892123818397522,1.0
3,720,25000,0.22108599543571472,0.3152768611907959,6.625264745707682e-07,1.0,6.625264745707682e-07,0.0008305646479129791,0.0028591654263436794,0.007350565865635872,0.01714443229138851,0.039140745997428894,0.09146451205015182,0.2585669159889221,0.5,0.6896926164627075,1.0
3,730,25000,0.2210482805967331,0.315233439207077,5.384148380471743e-07,1.0,5.384148380471743e-07,0.0008355882600881159,0.0028759741690009832,0.007319094147533178,0.017140435054898262,0.039337173104286194,0.09204172343015671,0.259046733379364,0.5,0.6899999976158142,1.0
3,740,25000,0.22102543711662292,0.3152596354484558,7.658150593670143e-07,1.0,7.658150593670143e-07,0.0008330970304086804,0.0028726402670145035,0.007338311057537794,0.017194829881191254,0.039264969527721405,0.09147365391254425,0.25852319598197937,0.5,0.6899999976158142,1.0
3,750,25000,0.2210649996995926,0.31528720259666443,6.31427099051507e-07,1.0,6.31427099051507e-07,0.0008245147182606161,0.002866530790925026,0.007346623111516237,0.017146296799182892,0.03922458738088608,0.09161516278982162,0.2583504617214203,0.5,0.6899999976158142,1.0
3,760,25000,0.22109372913837433,0.31532222032546997,6.069780056350282e-07,1.0,6.069780056350282e-07,0.0008297023014165461,0.002857560757547617,0.007348682265728712,0.017094872891902924,0.039104413241147995,0.09160396456718445,0.2585334777832031,0.5,0.6890198588371277,1.0
3,770,25000,0.22110456228256226,0.31527841091156006,5.886090548301581e-07,1.0,5.886090548301581e-07,0.0008339808555319905,0.002867277944460511,0.007350717671215534,0.01711415685713291,0.03932518512010574,0.09159586578607559,0.25849610567092896,0.5,0.6899999976158142,1.0
3,780,25000,0.22116896510124207,0.3153238296508789,6.718482268297521e-07,1.0,6.718482268297521e-07,0.0008286952506750822,0.0028638290241360664,0.007331589236855507,0.017129166051745415,0.03925595432519913,0.09193649142980576,0.2586582899093628,0.5,0.6899999976158142,1.0
3,790,25000,0.22118330001831055,0.3152902126312256,7.591323765154812e-07,1.0,7.591323765154812e-07,0.0008378155762329698,0.0028725354932248592,0.007322491146624088,0.01718262769281864,0.039402227848768234,0.09178721904754639,0.2593151330947876,0.5,0.6899999976158142,1.0
3,800,25000,0.22107785940170288,0.31526246666908264,8.200135539482289e-07,1.0,8.200135539482289e-07,0.0008301558555103838,0.0028721014969050884,0.007333629764616489,0.017150450497865677,0.0393664725124836,0.09202687442302704,0.25842317938804626,0.5,0.6899999976158142,1.0
3,810,25000,0.2210879623889923,0.3152754306793213,6.45686554889835e-07,1.0,6.45686554889835e-07,0.0008333962177857757,0.0028766109608113766,0.0073572504334151745,0.017095377668738365,0.039232123643159866,0.09170936048030853,0.2582516074180603,0.5,0.6899999976158142,1.0
3,820,25000,0.22106339037418365,0.3152993321418762,5.795145625597797e-07,1.0,5.795145625597797e-07,0.0008273056009784341,0.0028670511674135923,0.0073126135393977165,0.01713160052895546,0.03936883807182312,0.09176329523324966,0.25808683037757874,0.5,0.6899999976158142,1.0
3,830,25000,0.22109927237033844,0.31530940532684326,6.585950131920981e-07,1.0,6.585950131920981e-07,0.0008316240855492651,0.0028782181907445192,0.007307589519768953,0.017171278595924377,0.03922496736049652,0.09152714908123016,0.25751712918281555,0.5,0.6899999976158142,1.0
3,840,25000,0.22113174200057983,0.3153107464313507,7.385553999483818e-07,1.0,7.385553999483818e-07,0.0008380314684472978,0.002866464899852872,0.007358146365731955,0.01714922860264778,0.03936602175235748,0.09153571724891663,0.25933435559272766,0.5,0.6899999976158142,1.0
3,850,25000,0.22105444967746735,0.31528839468955994,6.614082508349384e-07,1.0,6.614082508349384e-07,0.0008356248727068305,0.0028659473173320293,0.007323168218135834,0.01715928502380848,0.03923652693629265,0.0917259007692337,0.25816309452056885,0.5,0.6899999976158142,1.0
3,860,25000,0.2210855782032013,0.31533482670783997,6.355729169627011e-07,1.0,6.355729169627011e-07,0.0008272622944787145,0.002878406550735235,0.007312128320336342,0.017127854749560356,0.03931248188018799,0.09157363325357437,0.2580731511116028,0.5,0.6899999976158142,1.0
3,870,25000,0.22110627591609955,0.31529921293258667,5.742926418861316e-07,1.0,5.742926418861316e-07,0.0008310634293593466,0.0028676448855549097,0.007325566373765469,0.017187483608722687,0.03925994783639908,0.09149616211652756,0.2590472996234894,0.5,0.6899999976158142,1.0
3,880,25000,0.22108997404575348,0.31529757380485535,7.076463930388854e-07,1.0,7.076463930388854e-07,0.0008294612634927034,0.0028633105102926493,0.007341243326663971,0.017190827056765556,0.0392114631831646,0.0919051393866539,0.2584359347820282,0.5,0.6899999976158142,1.0
3,890,25000,0.22115494310855865,0.3153175413608551,7.396499768219655e-07,1.0,7.396499768219655e-07,0.0008352375589311123,0.0028687836602330208,0.007351687643676996,0.017101431265473366,0.03943020477890968,0.09173304587602615,0.2583324611186981,0.5,0.6881088018417358,1.0
3,900,25000,0.22105060517787933,0.3153136968612671,6.625930950576731e-07,1.0,6.625930950576731e-07,0.0008307397365570068,0.002871366450563073,0.007352286949753761,0.01710662432014942,0.03921812027692795,0.09140969812870026,0.25818872451782227,0.5,0.6899999976158142,1.0
3,910,25000,0.22110547125339508,0.3152950704097748,6.632280928897671e-07,1.0,6.632280928897671e-07,0.0008330438868142664,0.002870131516829133,0.0073169260285794735,0.01715298555791378,0.0393780842423439,0.09166286140680313,0.25826558470726013,0.5,0.6899999976158142,1.0
3,920,25000,0.22105617821216583,0.3152695298194885,5.563503009398119e-07,1.0,5.563503009398119e-07,0.0008280377369374037,0.0028842417523264885,0.007336090784519911,0.01714850217103958,0.0391123928129673,0.0915663093328476,0.25785624980926514,0.5,0.6889174580574036,1.0
3,930,25000,0.22107774019241333,0.3153148293495178,8.316553135045979e-07,1.0,8.316553135045979e-07,0.0008310815901495516,0.002865592250600457,0.007323381025344133,0.017072604969143867,0.039303965866565704,0.0914824977517128,0.2589383125305176,0.5,0.6899999976158142,1.0
3,940,25000,0.22100304067134857,0.3152480721473694,7.049816872495285e-07,1.0,7.049816872495285e-07,0.0008343328954651952,0.0028831488452851772,0.007307942491024733,0.017154566943645477,0.039156317710876465,0.09172273427248001,0.25795120000839233,0.5,0.6899999976158142,1.0
3,950,25000,0.22113075852394104,0.31536048650741577,8.963829714048188e-07,1.0,8.963829714048188e-07,0.0008335350430570543,0.0028666018042713404,0.0073476736433804035,0.017118969932198524,0.03929324448108673,0.0917743369936943,0.2587703466415405,0.5,0.6899999976158142,1.0
3,960,25000,0.22110697627067566,0.31532251834869385,5.938785534453928e-07,1.0,5.938785534453928e-07,0.0008287570090033114,0.0028724069707095623,0.007313636597245932,0.017166743054986,0.03928703814744949,0.09151822328567505,0.25816595554351807,0.5,0.6899999976158142,1.0
3,970,25000,0.22103427350521088,0.3153109848499298,7.066457214932598e-07,1.0,7.066457214932598e-07,0.0008326738607138395,0.0028732495848089457,0.007337852846831083,0.017134683206677437,0.03914971649646759,0.09174025058746338,0.25749197602272034,0.5,0.6899999976158142,1.0
3,980,25000,0.22106458246707916,0.31528905034065247,7.166266300373536e-07,1.0,7.166266300373536e-07,0.0008307558600790799,0.002877985592931509,0.0073492336086928844,0.017172157764434814,0.039260752499103546,0.09135060012340546,0.25852179527282715,0.5,0.6899999976158142,1.0
3,990,25000,0.22107169032096863,0.3153020143508911,7.222069484669191e-07,1.0,7.222069484669191e-07,0.000834381440654397,0.0028613745234906673,0.0073364414274692535,0.017179550603032112,0.039230942726135254,0.09176114201545715,0.2582435607910156,0.5,0.6899999976158142,1.0
3,1000,25000,0.22113634645938873,0.3153184652328491,6.296152150753187e-07,1.0,6.296152150753187e-07,0.0008391667506657541,0.0028657237999141216,0.007325819227844477,0.01715693064033985,0.039257876574993134,0.09204994142055511,0.25925445556640625,0.5,0.6899999976158142,1.0
3,1010,25000,0.221125990152359,0.3153347969055176,6.879951683913532e-07,1.0,6.879951683913532e-07,0.0008336263708770275,0.0028646935243159533,0.007345358841121197,0.01712237484753132,0.03938424214720726,0.09127425402402878,0.25912079215049744,0.5,0.6899999976158142,1.0
3,1020,25000,0.22109247744083405,0.31537526845932007,5.709762262995355e-07,1.0,5.709762262995355e-07,0.0008275719592347741,0.0028650162275880575,0.0073222205974161625,0.017259391024708748,0.039290137588977814,0.09127853810787201,0.25819432735443115,0.5,0.6899999976158142,1.0
3,1030,25000,0.22107836604118347,0.31531035900115967,6.117628572610556e-07,1.0,6.117628572610556e-07,0.0008330084383487701,0.002866242080926895,0.007345306687057018,0.01712721958756447,0.03913848102092743,0.09158456325531006,0.25786998867988586,0.5,0.6882997155189514,1.0
3,1040,25000,0.22110630571842194,0.3153281509876251,6.414798576770409e-07,1.0,6.414798576770409e-07,0.0008339702617377043,0.0028643086552619934,0.00733542675152421,0.017160143703222275,0.039317451417446136,0.0914270281791687,0.25875014066696167,0.5,0.6883401274681091,1.0
3,1050,25000,0.2211599498987198,0.31533083319664,6.961470830901817e-07,1.0,6.961470830901817e-07,0.00083588354755193,0.002881093183532357,0.007324027828872204,0.017170371487736702,0.039342381060123444,0.09173154085874557,0.2582656443119049,0.5,0.6899999976158142,1.0
3,1060,25000,0.2211272418498993,0.3153553307056427,5.064822516942513e-07,1.0,5.064822516942513e-07,0.0008276602020487189,0.002875908510759473,0.007309779059141874,0.017129143700003624,0.0392051562666893,0.09174391627311707,0.2581697106361389,0.5,0.6899999976158142,1.0
3,1070,25000,0.2210545539855957,0.3152976930141449,5.84820156745991e-07,1.0,5.84820156745991e-07,0.000834606122225523,0.0028724619187414646,0.007333732210099697,0.01715315505862236,0.039145153015851974,0.09159045666456223,0.2581257224082947,0.5,0.6899999976158142,1.0
3,1080,25000,0.2210908830165863,0.315338134765625,6.366685170178243e-07,1.0,6.366685170178243e-07,0.0008299297769553959,0.0028817160055041313,0.007356205489486456,0.017071975395083427,0.03914365917444229,0.09134494513273239,0.2589183449745178,0.5,0.6899999976158142,1.0
3,1090,25000,0.2210865616798401,0.3153438866138458,6.197112156769435e-07,1.0,6.197112156769435e-07,0.0008331696153618395,0.0028636176139116287,0.0073363021947443485,0.017147138714790344,0.03922174870967865,0.09159556031227112,0.25702497363090515,0.5,0.6899999976158142,1.0
3,1100,25000,0.2211141139268875,0.31534135341644287,5.506608999894524e-07,1.0,5.506608999894524e-07,0.0008318701293319464,0.0028628732543438673,0.007344371173530817,0.01711004227399826,0.03921942412853241,0.09141030162572861,0.25802215933799744,0.5,0.6899999976158142,1.0
3,1110,25000,0.22103789448738098,0.31530046463012695,7.806667099430342e-07,1.0,7.806667099430342e-07,0.0008269526879303157,0.0028683107811957598,0.007351674139499664,0.01723533309996128,0.03926229476928711,0.0914415568113327,0.25782060623168945,0.5,0.6899999976158142,1.0
3,1120,25000,0.22111408412456512,0.31534138321876526,5.572182431023975e-07,1.0,5.572182431023975e-07,0.0008324527298100293,0.002885307651013136,0.007371317129582167,0.017124993726611137,0.03923449665307999,0.09158331155776978,0.2580328583717346,0.5,0.6899999976158142,1.0
3,1130,25000,0.2211138755083084,0.3153410851955414,6.690375471407606e-07,1.0,6.690375471407606e-07,0.0008306290255859494,0.0028906145598739386,0.007326970342546701,0.01714913174510002,0.03919222950935364,0.09141603857278824,0.2585750222206116,0.5,0.6899999976158142,1.0
3,1140,25000,0.22112223505973816,0.3153400719165802,6.393735816345725e-07,1.0,6.393735816345725e-07,0.000834392907563597,0.00287002045661211,0.007339600473642349,0.01715775951743126,0.0392182320356369,0.09150948375463486,0.25910982489585876,0.5,0.6899999976158142,1.0
3,1150,25000,0.22110122442245483,0.31534096598625183,6.089732096370426e-07,1.0,6.089732096370426e-07,0.0008282096823677421,0.0028613426256924868,0.007364683784544468,0.017160769551992416,0.039254672825336456,0.09157755225896835,0.2583915889263153,0.5,0.6899999976158142,1.0
3,1160,25000,0.22108617424964905,0.3153136372566223,5.641300617753586e-07,1.0,5.641300617753586e-07,0.0008266375516541302,0.0028609142173081636,0.007336203008890152,0.01719159632921219,0.03927899897098541,0.09122644364833832,0.25855207443237305,0.5,0.6857804656028748,1.0
3,1170,25000,0.22108080983161926,0.31536006927490234,6.736996738254675e-07,1.0,6.736996738254675e-07,0.0008381075458601117,0.002872280776500702,0.00734914094209671,0.01712549291551113,0.03925955295562744,0.09154634922742844,0.25836381316185,0.5,0.6899999976158142,1.0
3,1180,25000,0.2210843414068222,0.31533846259117126,7.46093633097189e-07,1.0,7.46093633097189e-07,0.0008326227543875575,0.0028585607651621103,0.007331595756113529,0.01717662252485752,0.03925252705812454,0.09156660735607147,0.2579312026500702,0.5,0.6899999976158142,1.0
3,1190,25000,0.22111685574054718,0.31531763076782227,5.343951556824322e-07,1.0,5.343951556824322e-07,0.0008309129625558853,0.0028755851089954376,0.007331191096454859,0.017185620963573456,0.03926117718219757,0.09196573495864868,0.2588692307472229,0.5,0.690155565738678,1.0
3,1200,25000,0.2210851013660431,0.3153369426727295,8.033605922719289e-07,1.0,8.033605922719289e-07,0.0008339871419593692,0.002871351782232523,0.007305351085960865,0.017130976542830467,0.039158135652542114,0.09124814718961716,0.25850170850753784,0.5,0.68805992603302,1.0
3,1210,25000,0.22117367386817932,0.315334290266037,7.866344162721361e-07,1.0,7.866344162721361e-07,0.0008312590653076768,0.002880382351577282,0.0073632546700537205,0.01721697486937046,0.03934994339942932,0.09175210446119308,0.25858527421951294,0.5,0.6899999976158142,1.0
3,1220,25000,0.2210656702518463,0.31534746289253235,5.634565241052769e-07,1.0,5.634565241052769e-07,0.0008337333565577865,0.002878892235457897,0.007361000869423151,0.01716446503996849,0.039310261607170105,0.09128622710704803,0.25805288553237915,0.5,0.6899999976158142,1.0
3,1230,25000,0.22100387513637543,0.3153044283390045,7.430306823152932e-07,1.0,7.430306823152932e-07,0.0008307995740324259,0.0028691596817225218,0.00735879223793745,0.017164291813969612,0.03932615742087364,0.09151791036128998,0.2572144567966461,0.5,0.6852847337722778,1.0
3,1240,25000,0.22108858823776245,0.3153291642665863,6.975565156608354e-07,1.0,6.975565156608354e-07,0.0008293754071928561,0.002881006570532918,0.007341647986322641,0.017213260754942894,0.03934198245406151,0.09142738580703735,0.25767797231674194,0.5,0.6899999976158142,1.0
3,1250,25000,0.22105708718299866,0.31530219316482544,7.531825190199015e-07,1.0,7.531825190199015e-07,0.0008275138679891825,0.0028559553902596235,0.0073275757022202015,0.01709924079477787,0.03910956531763077,0.09180155396461487,0.2586882710456848,0.5,0.6874277591705322,1.0
3,1260,25000,0.22109408676624298,0.3153376877307892,6.639219236603822e-07,1.0,6.639219236603822e-07,0.0008359936764463782,0.0028722735587507486,0.007320014759898186,0.017158154398202896,0.039192669093608856,0.09152214229106903,0.2584034502506256,0.5,0.6888041496276855,1.0
3,1270,25000,0.22109007835388184,0.3153298497200012,7.391176382043341e-07,1.0,7.391176382043341e-07,0.0008338935440406203,0.0028735389932990074,0.007336529903113842,0.017148301005363464,0.03940839320421219,0.0913420245051384,0.2573516070842743,0.5,0.689870297908783,1.0
3,1280,25000,0.22115172445774078,0.31535378098487854,5.51958521555207e-07,1.0,5.51958521555207e-07,0.000828787568025291,0.0028759115375578403,0.007348844315856695,0.017140893265604973,0.039319414645433426,0.09158620983362198,0.2581304907798767,0.5,0.6899999976158142,1.0
3,1290,25000,0.22107309103012085,0.31532031297683716,6.844915105830296e-07,1.0,6.844915105830296e-07,0.0008315695449709892,0.0028584229294210672,0.007348006125539541,0.01716572605073452,0.03926113620400429,0.0913928747177124,0.25720593333244324,0.5,0.6899999976158142,1.0
3,1300,25000,0.22115734219551086,0.3153720796108246,9.159199407804408e-07,1.0,9.159199407804408e-07,0.0008316152379848063,0.002864028327167034,0.007348187733441591,0.017205389216542244,0.03922309726476669,0.09168460965156555,0.2589714229106903,0.5,0.6899999976158142,1.0
3,1310,25000,0.2211425006389618,0.3153355121612549,7.926637408672832e-07,1.0,7.926637408672832e-07,0.0008278721361421049,0.0028707683086395264,0.007325794082134962,0.01717774011194706,0.03926026076078415,0.09174566715955734,0.258533239364624,0.5,0.6905351877212524,1.0
3,1320,25000,0.2211150974035263,0.3153436481952667,6.361576083691034e-07,1.0,6.361576083691034e-07,0.0008302716305479407,0.0028678900562226772,0.007349460385739803,0.017136970534920692,0.03926904499530792,0.09176251292228699,0.2574913501739502,0.5,0.6899999976158142,1.0
3,1330,25000,0.22113598883152008,0.3153228163719177,7.227604328363668e-07,1.0,7.227604328363668e-07,0.0008325990056619048,0.002876504324376583,0.00734721077606082,0.017169691622257233,0.03914205729961395,0.09130404889583588,0.2589065432548523,0.5,0.6889902949333191,1.0
3,1340,25000,0.2211127132177353,0.31534668803215027,6.816698032707791e-07,1.0,6.816698032707791e-07,0.0008340117055922747,0.002867220202460885,0.007305231876671314,0.0171011071652174,0.039171263575553894,0.09151232987642288,0.25872012972831726,0.5,0.6899999976158142,1.0
3,1350,25000,0.22110828757286072,0.315349280834198,6.324000310087285e-07,1.0,6.324000310087285e-07,0.0008369676070287824,0.002864136593416333,0.007283685263246298,0.017181001603603363,0.03919929638504982,0.09148614853620529,0.25972238183021545,0.5,0.6899999976158142,1.0
3,1360,25000,0.2211294025182724,0.31535300612449646,7.142369327084452e-07,1.0,7.142369327084452e-07,0.000832887424621731,0.002883367007598281,0.007339775562286377,0.017197487875819206,0.03915480524301529,0.09147551655769348,0.25864464044570923,0.5,0.6899999976158142,1.0
3,1370,25000,0.22109805047512054,0.3153398036956787,6.09713026733516e-07,1.0,6.09713026733516e-07,0.0008336561731994152,0.0028702793642878532,0.007319408003240824,0.01719539240002632,0.03926129266619682,0.09161583334207535,0.258835107088089,0.5,0.6899999976158142,1.0
3,1380,25000,0.22109726071357727,0.31535884737968445,6.855316883047635e-07,1.0,6.855316883047635e-07,0.0008379224454984069,0.002859746338799596,0.007313435431569815,0.01710524410009384,0.039083823561668396,0.09148561954498291,0.2584235966205597,0.5,0.6899999976158142,1.0
3,1390,25000,0.22111400961875916,0.31538036465644836,7.019898475846276e-07,1.0,7.019898475846276e-07,0.0008309781551361084,0.0028753068763762712,0.007354248780757189,0.017125099897384644,0.03918278217315674,0.09149301052093506,0.25879088044166565,0.5,0.6899999976158142,1.0
3,1400,25000,0.2211219072341919,0.3153311312198639,6.623821491302806e-07,1.0,6.623821491302806e-07,0.0008341001230292022,0.002879793755710125,0.007332724519073963,0.017199203372001648,0.03927803412079811,0.0914113000035286,0.2577882409095764,0.5,0.6896332502365112,1.0
3,1410,25000,0.2210800051689148,0.31533658504486084,7.512516049246187e-07,1.0,7.512516049246187e-07,0.0008301676716655493,0.0028605367988348007,0.007343272212892771,0.017160598188638687,0.03934372961521149,0.09132970869541168,0.25815707445144653,0.5,0.6899999976158142,1.0
3,1420,25000,0.22109805047512054,0.31534895300865173,7.387061486952007e-07,1.0,7.387061486952007e-07,0.0008348774863407016,0.0028658516239374876,0.007344752550125122,0.017194954678416252,0.03920517861843109,0.09158308058977127,0.25832387804985046,0.5,0.6899999976158142,1.0
3,1430,25000,0.22121429443359375,0.3154006898403168,6.034409807398333e-07,1.0,6.034409807398333e-07,0.0008290417608805001,0.002874396974220872,0.0073162466287612915,0.017135197296738625,0.039330966770648956,0.09197622537612915,0.2583963871002197,0.5,0.6899999976158142,1.0
3,1440,25000,0.22109471261501312,0.31534287333488464,6.313114226941252e-07,1.0,6.313114226941252e-07,0.000830879551358521,0.0028698137030005455,0.007299775257706642,0.01714923605322838,0.039231881499290466,0.09110955893993378,0.2569623291492462,0.5,0.6899999976158142,1.0
3,1450,25000,0.22117625176906586,0.31537914276123047,6.644777386100031e-07,1.0,6.644777386100031e-07,0.0008301702910102904,0.0028784116730093956,0.0073628551326692104,0.01717478036880493,0.039132799953222275,0.09140028804540634,0.2584395706653595,0.5,0.6873050332069397,1.0
3,1460,25000,0.22108712792396545,0.3153427541255951,7.521704219470848e-07,1.0,7.521704219470848e-07,0.0008295057341456413,0.0028784098103642464,0.007340606302022934,0.017227452248334885,0.039242327213287354,0.09164069592952728,0.25818270444869995,0.5,0.6899999976158142,1.0
3,1470,25000,0.2211325317621231,0.3153761029243469,7.123095997485507e-07,1.0,7.123095997485507e-07,0.0008365069516003132,0.002859590807929635,0.0073369452729821205,0.017180977389216423,0.03925243020057678,0.09165982156991959,0.2581748068332672,0.5,0.6942583918571472,1.0
3,1480,25000,0.2210898995399475,0.31531620025634766,6.885470043016539e-07,1.0,6.885470043016539e-07,0.0008353664889000356,0.0028620848897844553,0.007339101284742355,0.017203839495778084,0.039144616574048996,0.09165976941585541,0.2582908570766449,0.5,0.6899999976158142,1.0
3,1490,25000,0.221114844083786,0.315360963344574,6.883714718242118e-07,1.0,6.883714718242118e-07,0.0008327829418703914,0.0028586252592504025,0.007360398769378662,0.01712953671813011,0.03930990397930145,0.0918765738606453,0.25805217027664185,0.5,0.6899999976158142,1.0
3,1500,25000,0.2210807055234909,0.3153601288795471,7.466517217835644e-07,1.0,7.466517217835644e-07,0.0008298283210024238,0.002869694959372282,0.0073476387187838554,0.017166156321763992,0.03921551629900932,0.09153832495212555,0.2570306658744812,0.5,0.6899352073669434,1.0
3,1510,25000,0.22110944986343384,0.31533971428871155,5.321725780049746e-07,1.0,5.321725780049746e-07,0.0008333927253261209,0.0028717080131173134,0.00732045155018568,0.017183132469654083,0.039149634540081024,0.09144167602062225,0.25793272256851196,0.5,0.6899999976158142,1.0
3,1520,25000,0.22105492651462555,0.31533464789390564,7.310765113288653e-07,1.0,7.310765113288653e-07,0.0008352496079169214,0.002867690520361066,0.007347773294895887,0.017090436071157455,0.039158083498477936,0.09124550223350525,0.25730016827583313,0.5,0.6899999976158142,1.0
3,1530,25000,0.22111310064792633,0.31531229615211487,7.186923767221742e-07,1.0,7.186923767221742e-07,0.0008335559396073222,0.0028751257341355085,0.007299438584595919,0.017168229445815086,0.03934735804796219,0.09168028086423874,0.2581291198730469,0.5,0.6899999976158142,1.0
3,1540,25000,0.22109755873680115,0.31534436345100403,6.072635869713849e-07,1.0,6.072635869713849e-07,0.0008307258831337094,0.002870682394132018,0.007352863904088736,0.017168903723359108,0.03912629932165146,0.09180274605751038,0.25763949751853943,0.5,0.6898699998855591,1.0
3,1550,25000,0.2210630178451538,0.31530672311782837,8.272213563031983e-07,1.0,8.272213563031983e-07,0.0008305759401991963,0.0028680451214313507,0.0073311119340360165,0.01722436025738716,0.03938281163573265,0.09174565970897675,0.2574711740016937,0.5,0.6899999976158142,1.0
3,1560,25000,0.22109796106815338,0.31534770131111145,5.993957188366039e-07,1.0,5.993957188366039e-07,0.0008347686962224543,0.0028664711862802505,0.00733839301392436,0.017132557928562164,0.03911936283111572,0.09153610467910767,0.2584308087825775,0.5,0.6899999976158142,1.0
3,1570,25000,0.22113201022148132,0.3153691291809082,5.806053877677186e-07,1.0,5.806053877677186e-07,0.0008290992700494826,0.002867848612368107,0.00736237084493041,0.017176540568470955,0.03927343338727951,0.09134725481271744,0.258650541305542,0.5,0.6899999976158142,1.0
3,1580,25000,0.22116026282310486,0.3153802454471588,6.225396305126196e-07,1.0,6.225396305126196e-07,0.0008308444521389902,0.002865658374503255,0.007339674513787031,0.017205826938152313,0.03930158168077469,0.09148429334163666,0.25894856452941895,0.5,0.6899999976158142,1.0
3,1590,25000,0.221144899725914,0.3153575360774994,8.867428960002144e-07,1.0,8.867428960002144e-07,0.0008323931833729148,0.002893205499276519,0.0073316870257258415,0.01711147278547287,0.03923727571964264,0.09144487231969833,0.2590045928955078,0.5,0.6899999976158142,1.0
3,1600,25000,0.22111745178699493,0.3153465688228607,6.746453777850547e-07,1.0,6.746453777850547e-07,0.0008311581914313138,0.002878708066418767,0.007326281163841486,0.017216864973306656,0.039273474365472794,0.09170784056186676,0.25832512974739075,0.5,0.6882643103599548,1.0
3,1610,25000,0.22117792069911957,0.3154125511646271,7.099212098182761e-07,1.0,7.099212098182761e-07,0.0008314554579555988,0.002862828318029642,0.007340218406170607,0.01712762750685215,0.039225853979587555,0.09151702374219894,0.2586074769496918,0.5,0.6899999976158142,1.0
3,1620,25000,0.22107169032096863,0.31532952189445496,5.588381668530928e-07,1.0,5.588381668530928e-07,0.0008311711717396975,0.0028552436269819736,0.007341219112277031,0.01714061014354229,0.039216555655002594,0.09165901690721512,0.2573711574077606,0.5,0.6880887150764465,1.0
3,1630,25000,0.22105062007904053,0.31530657410621643,6.640495939791435e-07,1.0,6.640495939791435e-07,0.0008366067777387798,0.0028857302386313677,0.007322719786316156,0.01711306720972061,0.03919951245188713,0.09109374135732651,0.25824466347694397,0.5,0.6899999976158142,1.0
3,1640,25000,0.2210807353258133,0.31533950567245483,5.755670713369909e-07,1.0,5.755670713369909e-07,0.0008323780493810773,0.0028588050045073032,0.00733200553804636,0.017156386747956276,0.039300352334976196,0.09123685210943222,0.25820472836494446,0.5,0.6899999976158142,1.0
3,1650,25000,0.22109432518482208,0.31534186005592346,5.625701078315615e-07,1.0,5.625701078315615e-07,0.0008341335342265666,0.002875586273148656,0.007330585271120071,0.017179593443870544,0.039089906960725784,0.091790109872818,0.2582589387893677,0.5,0.6899999976158142,1.0
3,1660,25000,0.22111296653747559,0.3153499364852905,6.648516546192695e-07,1.0,6.648516546192695e-07,0.0008326403913088143,0.0028645761776715517,0.007333423942327499,0.017215309664607048,0.039346419274806976,0.09167076647281647,0.2581612765789032,0.5,0.6899999976158142,1.0
3,1670,25000,0.22114884853363037,0.31535646319389343,5.638001425722905e-07,1.0,5.638001425722905e-07,0.0008314211736433208,0.002857508137822151,0.007328921463340521,0.01709931716322899,0.03925757482647896,0.09170262515544891,0.2589893639087677,0.5,0.6899999976158142,1.0
3,1680,25000,0.22113804519176483,0.3153751492500305,5.121945036989928e-07,1.0,5.121945036989928e-07,0.0008246927754953504,0.0028749979101121426,0.007324195001274347,0.017151491716504097,0.03933165222406387,0.09149602055549622,0.25833660364151,0.5,0.6899999976158142,1.0
3,1690,25000,0.2211398184299469,0.3153824806213379,8.31856993954716e-07,1.0,8.31856993954716e-07,0.0008319614571519196,0.0028636609204113483,0.007345910184085369,0.017209114506840706,0.039118703454732895,0.09162378311157227,0.25836434960365295,0.5,0.6899999976158142,1.0
3,1700,25000,0.22115500271320343,0.3153906762599945,6.90832678174047e-07,1.0,6.90832678174047e-07,0.0008316559251397848,0.0028661214746534824,0.007326585240662098,0.017132364213466644,0.039083823561668396,0.09184926003217697,0.2587089538574219,0.5,0.6902798414230347,1.0
3,1710,25000,0.22112707793712616,0.315363347530365,4.813896907762683e-07,1.0,4.813896907762683e-07,0.0008307340904138982,0.0028844892513006926,0.007333089131861925,0.0172254778444767,0.03928700461983681,0.0917503833770752,0.2589350938796997,0.5,0.6899999976158142,1.0
3,1720,25000,0.22108148038387299,0.31534674763679504,6.388727342709899e-07,1.0,6.388727342709899e-07,0.0008305298979394138,0.002892066026106477,0.007323447149246931,0.017129382118582726,0.039145153015851974,0.09142575412988663,0.25910210609436035,0.5,0.689704179763794,1.0
3,1730,25000,0.22108516097068787,0.3153434693813324,6.258363782762899e-07,1.0,6.258363782762899e-07,0.0008344301022589207,0.0028814589604735374,0.007333829067647457,0.01720506139099598,0.03918576240539551,0.0915885865688324,0.2585955262184143,0.5,0.6885782480239868,1.0
3,1740,25000,0.22114096581935883,0.3153672218322754,7.680158660150482e-07,1.0,7.680158660150482e-07,0.0008312926511280239,0.0028372814413160086,0.007323925849050283,0.017206130549311638,0.03914440795779228,0.09153493493795395,0.258620947599411,0.5,0.6899999976158142,1.0
3,1750,25000,0.2211245596408844,0.3154045343399048,6.646361043749494e-07,1.0,6.646361043749494e-07,0.0008299273904412985,0.0028845975175499916,0.007316828705370426,0.017092864960432053,0.03924001380801201,0.09149609506130219,0.25845372676849365,0.5,0.6899999976158142,1.0
3,1760,25000,0.22109583020210266,0.31533026695251465,6.853727541056287e-07,1.0,6.853727541056287e-07,0.0008318252512253821,0.0028747704345732927,0.007321640383452177,0.017158590257167816,0.03918065130710602,0.09152651578187943,0.2578619420528412,0.5,0.6899999976158142,1.0
3,1770,25000,0.22113007307052612,0.3153863549232483,7.088626148288313e-07,1.0,7.088626148288313e-07,0.000832033168990165,0.0028715392109006643,0.0073364125564694405,0.017127957195043564,0.03936281055212021,0.09156098961830139,0.25797173380851746,0.5,0.6899999976158142,1.0
3,1780,25000,0.22115367650985718,0.31540849804878235,7.264089845193666e-07,1.0,7.264089845193666e-07,0.0008295162115246058,0.0028779662679880857,0.007336935494095087,0.017202863469719887,0.039305031299591064,0.09143584221601486,0.2584386169910431,0.5,0.6899999976158142,1.0
3,1790,25000,0.22106721997261047,0.3153742253780365,6.473281928265351e-07,1.0,6.473281928265351e-07,0.0008307686657644808,0.002864433452486992,0.007315631955862045,0.017141183838248253,0.039202407002449036,0.0917767658829689,0.2579457759857178,0.5,0.689916729927063,1.0
3,1800,25000,0.22116635739803314,0.31541284918785095,6.498613629446481e-07,1.0,6.498613629446481e-07,0.0008338280022144318,0.002868195064365864,0.007287522777915001,0.017186546698212624,0.03933379799127579,0.09172789007425308,0.25838762521743774,0.5,0.6899999976158142,1.0
3,1810,25000,0.22109989821910858,0.31535348296165466,6.225060360520729e-07,1.0,6.225060360520729e-07,0.0008329723495990038,0.002867827657610178,0.007338604889810085,0.01714239828288555,0.03926026076078415,0.09150199592113495,0.2581682503223419,0.5,0.6899999976158142,1.0
3,1820,25000,0.22114790976047516,0.3153514862060547,6.720621286149253e-07,1.0,6.720621286149253e-07,0.0008372084703296423,0.002856619656085968,0.0073699657805264,0.0171959288418293,0.03932184725999832,0.09186119586229324,0.2585465908050537,0.5,0.6899999976158142,1.0
3,1830,25000,0.22111396491527557,0.3153764009475708,6.436806643250748e-07,1.0,6.436806643250748e-07,0.0008314000442624092,0.0028824773617088795,0.0073351492173969746,0.01715310662984848,0.039222732186317444,0.09129346162080765,0.2586710453033447,0.5,0.6899999976158142,1.0
3,1840,25000,0.22108547389507294,0.3153323531150818,6.893246222716698e-07,1.0,6.893246222716698e-07,0.0008347018156200647,0.0028612574096769094,0.007333732210099697,0.01716160960495472,0.03918493166565895,0.09155971556901932,0.25826549530029297,0.5,0.6899999976158142,1.0
3,1850,25000,0.22115594148635864,0.3153897225856781,7.317244694604597e-07,1.0,7.317244694604597e-07,0.0008258369634859264,0.002876187674701214,0.007324832491576672,0.01720561645925045,0.039254069328308105,0.09156352281570435,0.2594003975391388,0.5,0.6882599592208862,1.0
3,1860,25000,0.2211693972349167,0.3153611123561859,7.337959004871664e-07,1.0,7.337959004871664e-07,0.0008302097558043897,0.0028824778273701668,0.007322696037590504,0.017133258283138275,0.039290882647037506,0.09178177267313004,0.2589883804321289,0.5,0.6897458434104919,1.0
3,1870,25000,0.22117939591407776,0.31537672877311707,8.107166991067061e-07,1.0,8.107166991067061e-07,0.0008320363122038543,0.002871450502425432,0.007331457920372486,0.01713664084672928,0.03926115110516548,0.09164193272590637,0.2583571672439575,0.5,0.6899999976158142,1.0
3,1880,25000,0.22109244763851166,0.31535157561302185,7.246886184475443e-07,1.0,7.246886184475443e-07,0.0008325512171722949,0.002869462128728628,0.007325134705752134,0.017220590263605118,0.03924005851149559,0.09150901436805725,0.25849878787994385,0.5,0.6899999976158142,1.0
3,1890,25000,0.22116413712501526,0.31539469957351685,6.713611924169527e-07,1.0,6.713611924169527e-07,0.0008300209301523864,0.002863831352442503,0.0073465583845973015,0.017106762155890465,0.03922124207019806,0.09157729893922806,0.2587847113609314,0.5,0.6899999976158142,1.0
3,1900,25000,0.22114285826683044,0.31539660692214966,6.347506200654607e-07,1.0,6.347506200654607e-07,0.0008285768562927842,0.002879449399188161,0.0073357862420380116,0.017127126455307007,0.039137065410614014,0.09179098159074783,0.2592563331127167,0.5,0.6899999976158142,1.0
3,1910,25000,0.2210765928030014,0.3153478503227234,5.891176897421246e-07,1.0,5.891176897421246e-07,0.0008353513549081981,0.002873147837817669,0.007355296518653631,0.017117304727435112,0.039264529943466187,0.09157463163137436,0.2578778564929962,0.5,0.6899999976158142,1.0
3,1920,25000,0.2211567759513855,0.31537169218063354,7.15996350209025e-07,1.0,7.15996350209025e-07,0.0008382832165807486,0.0028654951602220535,0.00734836095944047,0.017165357246994972,0.03921850025653839,0.09153531491756439,0.2586143910884857,0.5,0.688519299030304,1.0
3,1930,25000,0.2210894525051117,0.31541183590888977,5.486364216267248e-07,1.0,5.486364216267248e-07,0.0008347094990313053,0.002867591567337513,0.007338697090744972,0.01710476540029049,0.03927900269627571,0.09146475791931152,0.25871777534484863,0.5,0.6893355846405029,1.0
3,1940,25000,0.22115541994571686,0.31537550687789917,6.949561566216289e-07,1.0,6.949561566216289e-07,0.0008336842292919755,0.002871341072022915,0.007319437339901924,0.017121125012636185,0.039274126291275024,0.09162584692239761,0.25881507992744446,0.5,0.6899999976158142,1.0
3,1950,25000,0.22114591300487518,0.315410315990448,6.1876932022642e-07,1.0,6.1876932022642e-07,0.000832658726722002,0.0028722018469125032,0.0073428829200565815,0.01714995875954628,0.039269063621759415,0.09154048562049866,0.2584044337272644,0.5,0.6892200708389282,1.0
3,1960,25000,0.22116781771183014,0.3154100477695465,5.38550125384063e-07,1.0,5.38550125384063e-07,0.0008330986020155251,0.002863665111362934,0.00733659602701664,0.017227090895175934,0.03931976109743118,0.09163220226764679,0.25962233543395996,0.5,0.6899999976158142,1.0
3,1970,25000,0.2210652083158493,0.31538331508636475,6.901114488755411e-07,1.0,6.901114488755411e-07,0.0008314053993672132,0.002866946393623948,0.007349909283220768,0.01709355041384697,0.03918567672371864,0.09139715880155563,0.25859642028808594,0.5,0.6899999976158142,1.0
3,1980,25000,0.22113458812236786,0.31536033749580383,6.579822979801975e-07,1.0,6.579822979801975e-07,0.0008314430015161633,0.0028760440181940794,0.007330452557653189,0.01723538711667061,0.03925041854381561,0.0917147547006607,0.258588045835495,0.5,0.6899999976158142,1.0
3,1990,25000,0.2210753858089447,0.31532666087150574,7.87081660291733e-07,1.0,7.87081660291733e-07,0.000831540790386498,0.0028716165106743574,0.007319565396755934,0.01716224104166031,0.03925623744726181,0.09164910018444061,0.2582053244113922,0.5,0.6888131499290466,1.0
3,2000,25000,0.221040278673172,0.3153550922870636,7.137880970731203e-07,1.0,7.137880970731203e-07,0.0008321722852997482,0.00287771038711071,0.007347857113927603,0.01720835082232952,0.03916025906801224,0.09138685464859009,0.2586728036403656,0.5,0.6895201802253723,1.0
3,2010,25000,0.22120638191699982,0.3154083788394928,6.086918915571005e-07,1.0,6.086918915571005e-07,0.000834889302495867,0.0028797686100006104,0.007326035760343075,0.017183750867843628,0.03928450122475624,0.09176843613386154,0.25974997878074646,0.5,0.6899999976158142,1.0
3,2020,25000,0.22115884721279144,0.3154403269290924,5.558090947488381e-07,1.0,5.558090947488381e-07,0.000833809666801244,0.002858866238966584,0.007308342959731817,0.01704287715256214,0.03916966915130615,0.09173992276191711,0.2583242952823639,0.5,0.6899999976158142,1.0
3,2030,25000,0.22105395793914795,0.315341591835022,6.92883190822613e-07,1.0,6.92883190822613e-07,0.0008408568101003766,0.002867370145395398,0.00736298318952322,0.0171419158577919,0.03925098478794098,0.09141597151756287,0.2567700743675232,0.5,0.6905550360679626,1.0
3,2040,25000,0.22115068137645721,0.3153958022594452,6.760630526514433e-07,1.0,6.760630526514433e-07,0.0008365499670617282,0.0028680746909230947,0.0073609426617622375,0.017145391553640366,0.03932906687259674,0.0915001854300499,0.25798237323760986,0.5,0.6899999976158142,1.0
3,2050,25000,0.22109973430633545,0.3153836727142334,6.990570113885042e-07,1.0,6.990570113885042e-07,0.000832974212244153,0.0028758735861629248,0.007332510780543089,0.01721401885151863,0.03917809575796127,0.09140586107969284,0.2576209306716919,0.5,0.6899999976158142,1.0
3,2060,25000,0.22110578417778015,0.31538674235343933,7.789010396663798e-07,1.0,7.789010396663798e-07,0.0008314660517498851,0.002858739346265793,0.007346595171838999,0.0172160342335701,0.03922947868704796,0.09146800637245178,0.2586062252521515,0.5,0.6897299289703369,1.0
3,2070,25000,0.22112849354743958,0.31541168689727783,6.442863877964555e-07,1.0,6.442863877964555e-07,0.0008292949059978127,0.0028785488102585077,0.0073189083486795425,0.01711123250424862,0.03919854760169983,0.0918300449848175,0.2587345838546753,0.5,0.6905690431594849,1.0
3,2080,25000,0.22114554047584534,0.3153994083404541,6.199053359523532e-07,1.0,6.199053359523532e-07,0.0008336359751410782,0.0028606122359633446,0.00737201189622283,0.01720597967505455,0.039089031517505646,0.0912085548043251,0.25852373242378235,0.5,0.6899999976158142,1.0
3,2090,25000,0.22114957869052887,0.315370112657547,6.541247330460465e-07,1.0,6.541247330460465e-07,0.0008359477506019175,0.002877678954973817,0.007305330131202936,0.01716381125152111,0.03946246951818466,0.0913502499461174,0.25825539231300354,0.5,0.6899999976158142,1.0
3,2100,25000,0.22118572890758514,0.31540554761886597,6.537225658576062e-07,1.0,6.537225658576062e-07,0.0008342530927620828,0.002872150857001543,0.007342346012592316,0.017138134688138962,0.039421841502189636,0.09186869859695435,0.2582707703113556,0.5,0.6899999976158142,1.0
3,2110,25000,0.22117729485034943,0.3153781592845917,7.424551426993276e-07,1.0,7.424551426993276e-07,0.0008330617565661669,0.0028743778821080923,0.00735451327636838,0.017178285866975784,0.03920307755470276,0.09160283952951431,0.2593386173248291,0.5,0.6899999976158142,1.0
3,2120,25000,0.2210664600133896,0.31538888812065125,6.068294169381261e-07,1.0,6.068294169381261e-07,0.0008311911369673908,0.002866919618099928,0.0073734768666327,0.017137516289949417,0.03913574665784836,0.09132357686758041,0.25884363055229187,0.5,0.6899999976158142,1.0
3,2130,25000,0.221119225025177,0.3153805136680603,6.731991106789792e-07,1.0,6.731991106789792e-07,0.0008322040666826069,0.0028700255788862705,0.007329809479415417,0.01721545122563839,0.039264120161533356,0.09157990664243698,0.25880324840545654,0.5,0.6899999976158142,1.0
3,2140,25000,0.221106618642807,0.31535831093788147,6.640328251705796e-07,1.0,6.640328251705796e-07,0.0008334139129146934,0.0028768691699951887,0.007347704377025366,0.017116086557507515,0.03934382647275925,0.0914209857583046,0.258272260427475,0.5,0.6899999976158142,1.0
3,2150,25000,0.22118715941905975,0.3154087960720062,5.625622065963398e-07,1.0,5.625622065963398e-07,0.0008328373078256845,0.0028796426486223936,0.0073193213902413845,0.017198650166392326,0.039240624755620956,0.09163255989551544,0.2585194706916809,0.5,0.6906775832176208,1.0
3,2160,25000,0.2211364060640335,0.3153761327266693,7.490817210964451e-07,1.0,7.490817210964451e-07,0.0008350210264325142,0.0028559903148561716,0.0073593659326434135,0.017152860760688782,0.03908219188451767,0.09156809002161026,0.25879791378974915,0.5,0.6891241669654846,1.0
3,2170,25000,0.2211456447839737,0.3153790235519409,6.565362582477974e-07,1.0,6.565362582477974e-07,0.0008276321459561586,0.0028652003966271877,0.0073504140600562096,0.017169546335935593,0.03941470757126808,0.09134931862354279,0.25920212268829346,0.5,0.6903239488601685,1.0
3,2180,25000,0.22114667296409607,0.31539663672447205,7.040936793600849e-07,1.0,7.040936793600849e-07,0.0008283407660201192,0.0028719548135995865,0.007323138415813446,0.01723906770348549,0.03930836543440819,0.09161045402288437,0.25903043150901794,0.5,0.6899999976158142,1.0
3,2190,25000,0.22115398943424225,0.31544047594070435,7.46833620723919e-07,1.0,7.46833620723919e-07,0.0008368255221284926,0.0028624231927096844,0.007343565579503775,0.01721799373626709,0.039239004254341125,0.09148570895195007,0.2583254873752594,0.5,0.6908504962921143,1.0
3,2200,25000,0.221106618642807,0.315407395362854,7.635430279151478e-07,1.0,7.635430279151478e-07,0.0008311046985909343,0.002871605334803462,0.007334998808801174,0.01714157871901989,0.03927501291036606,0.09166798740625381,0.2580985724925995,0.5,0.6899905800819397,1.0
3,2210,25000,0.22109495103359222,0.31534653902053833,6.358293376251822e-07,1.0,6.358293376251822e-07,0.0008313212892971933,0.0028729718178510666,0.007333730813115835,0.017205744981765747,0.03916501998901367,0.09149585664272308,0.25901904702186584,0.5,0.6882755160331726,1.0
3,2220,25000,0.2211298942565918,0.31538909673690796,4.847692025577999e-07,1.0,4.847692025577999e-07,0.0008345081005245447,0.002875770442187786,0.007316709030419588,0.017139308154582977,0.03925599902868271,0.0915813148021698,0.2590067684650421,0.5,0.6899999976158142,1.0
3,2230,25000,0.22110489010810852,0.3153919279575348,5.270183009997709e-07,1.0,5.270183009997709e-07,0.0008294004946947098,0.0028752703219652176,0.007308214902877808,0.017204729840159416,0.03928090259432793,0.0911923348903656,0.2575639486312866,0.5,0.6885096430778503,1.0
3,2240,25000,0.2211439609527588,0.315403550863266,7.153194019338116e-07,1.0,7.153194019338116e-07,0.000829306140076369,0.002877191174775362,0.007328915875405073,0.017223181203007698,0.0393071323633194,0.09183509647846222,0.2589713931083679,0.5,0.6899999976158142,1.0
3,2250,25000,0.2211117446422577,0.31541481614112854,7.004567237345327e-07,1.0,7.004567237345327e-07,0.0008354620076715946,0.0028670644387602806,0.007321945391595364,0.017143094912171364,0.03928498178720474,0.09120011329650879,0.2580713629722595,0.5,0.6899999976158142,1.0
3,2260,25000,0.2211574763059616,0.3153779208660126,6.117454063314653e-07,1.0,6.117454063314653e-07,0.0008293097489513457,0.002860364504158497,0.007333638612180948,0.01714346371591091,0.03925734758377075,0.09181942045688629,0.25834348797798157,0.5,0.6899999976158142,1.0
3,2270,25000,0.22110652923583984,0.31536293029785156,6.599924518013722e-07,1.0,6.599924518013722e-07,0.0008277417509816587,0.0028662264812737703,0.007316323462873697,0.01711542159318924,0.03918532282114029,0.09170820564031601,0.25815826654434204,0.5,0.6899999976158142,1.0
3,2280,25000,0.22111909091472626,0.31537023186683655,6.588015821762383e-07,1.0,6.588015821762383e-07,0.0008353167795576155,0.0028637752402573824,0.007304916623979807,0.017193956300616264,0.039223745465278625,0.09170876443386078,0.25846704840660095,0.5,0.6899999976158142,1.0
3,2290,25000,0.22110432386398315,0.3153727352619171,7.8767260447421e-07,1.0,7.8767260447421e-07,0.0008319971966557205,0.0028609393630176783,0.007329944986850023,0.017227986827492714,0.03915443271398544,0.09144127368927002,0.25896137952804565,0.5,0.6899999976158142,1.0
3,2300,25000,0.22112686932086945,0.31541675329208374,5.519747787730012e-07,1.0,5.519747787730012e-07,0.0008308215183205903,0.002886276924982667,0.007303543388843536,0.017134901136159897,0.03918812423944473,0.09165196865797043,0.2593705952167511,0.5,0.6899999976158142,1.0
3,2310,25000,0.22114267945289612,0.3154238164424896,7.524699299210624e-07,1.0,7.524699299210624e-07,0.0008311384008266032,0.0028669671155512333,0.007349597290158272,0.0172105859965086,0.03913272172212601,0.09126145392656326,0.25840291380882263,0.5,0.6899999976158142,1.0
3,2320,25000,0.22112473845481873,0.31544527411460876,6.134708314675663e-07,1.0,6.134708314675663e-07,0.0008311574347317219,0.002869927790015936,0.0073429918847978115,0.017138570547103882,0.0393078438937664,0.09167561680078506,0.2576380670070648,0.5,0.6899999976158142,1.0
3,2330,25000,0.22120538353919983,0.31542444229125977,5.912687015552365e-07,1.0,5.912687015552365e-07,0.0008320397464558482,0.0028666234575212,0.007362450007349253,0.017216987907886505,0.0391828678548336,0.0915713757276535,0.2585282027721405,0.5,0.6884280443191528,1.0
3,2340,25000,0.22121746838092804,0.3154345154762268,5.921300498812343e-07,1.0,5.921300498812343e-07,0.0008340341155417264,0.00287098647095263,0.007352162152528763,0.017196794971823692,0.039133407175540924,0.09140118956565857,0.25874319672584534,0.5,0.6899999976158142,1.0
3,2350,25000,0.221111461520195,0.315372109413147,5.114803229844256e-07,1.0,5.114803229844256e-07,0.0008308279211632907,0.0028629309963434935,0.007332542445510626,0.017207683995366096,0.03916581720113754,0.09184594452381134,0.25843971967697144,0.5,0.6871214509010315,1.0
3,2360,25000,0.22118133306503296,0.31540223956108093,6.754370360795292e-07,1.0,6.754370360795292e-07,0.0008273656130768359,0.0028650579042732716,0.007325408048927784,0.01718008518218994,0.039232682436704636,0.09161175787448883,0.2581034004688263,0.5,0.6899999976158142,1.0
3,2370,25000,0.2211242914199829,0.315365731716156,5.729737040383043e-07,1.0,5.729737040383043e-07,0.0008309974800795317,0.0028759774286299944,0.007314126938581467,0.01721867360174656,0.03928039222955704,0.09137888997793198,0.25882166624069214,0.5,0.6899999976158142,1.0
3,2380,25000,0.22110924124717712,0.31539055705070496,7.212697141767421e-07,1.0,7.212697141767421e-07,0.0008324938244186342,0.0028670101892203093,0.007333870977163315,0.017161568626761436,0.03917701914906502,0.09172897040843964,0.2581367790699005,0.5,0.6902891397476196,1.0
3,2390,25000,0.2211189866065979,0.3153839707374573,6.566357910742227e-07,1.0,6.566357910742227e-07,0.0008341324864886701,0.0028704002033919096,0.007294035982340574,0.01718783564865589,0.03926888853311539,0.09146269410848618,0.2586345970630646,0.5,0.6899999976158142,1.0
3,2400,25000,0.22112882137298584,0.31537169218063354,6.487375117103511e-07,1.0,6.487375117103511e-07,0.0008354463498108089,0.0028710435144603252,0.00731285847723484,0.017128940671682358,0.039270877838134766,0.09150277078151703,0.2586071789264679,0.5,0.6899999976158142,1.0
3,2410,25000,0.2210955172777176,0.315386563539505,6.560778729181038e-07,1.0,6.560778729181038e-07,0.0008299812907353044,0.002874773694202304,0.007331135217100382,0.01713816449046135,0.03934307396411896,0.09158305078744888,0.25885912775993347,0.5,0.6893339157104492,1.0
3,2420,25000,0.2211480438709259,0.315385639667511,6.149246587483503e-07,1.0,6.149246587483503e-07,0.0008280943147838116,0.002879006788134575,0.007346426136791706,0.017196953296661377,0.039355549961328506,0.09180640429258347,0.25929081439971924,0.5,0.6899999976158142,1.0
3,2430,25000,0.22112791240215302,0.3153958022594452,6.596739581254951e-07,1.0,6.596739581254951e-07,0.0008305567898787558,0.002866449300199747,0.007337534334510565,0.017207570374011993,0.039163775742053986,0.09149758517742157,0.2584927976131439,0.5,0.6897581219673157,1.0
3,2440,25000,0.22113728523254395,0.31537801027297974,6.820015414632508e-07,1.0,6.820015414632508e-07,0.0008271692204289138,0.002864215523004532,0.007336893584579229,0.01714850775897503,0.03930119425058365,0.09141041338443756,0.25811323523521423,0.5,0.6899999976158142,1.0
3,2450,25000,0.22113139927387238,0.3153625428676605,6.545191695295216e-07,1.0,6.545191695295216e-07,0.0008333796868100762,0.0028727909084409475,0.007336431182920933,0.017154069617390633,0.039146095514297485,0.09161780029535294,0.25822192430496216,0.5,0.6899999976158142,1.0
3,2460,25000,0.22110053896903992,0.31539833545684814,6.181849698805308e-07,1.0,6.181849698805308e-07,0.0008316138992086053,0.002863926813006401,0.007299428805708885,0.017137357965111732,0.039269156754016876,0.09154976159334183,0.2577769160270691,0.5,0.6899999976158142,1.0
3,2470,25000,0.2211274802684784,0.31534814834594727,6.286012421696796e-07,1.0,6.286012421696796e-07,0.0008357057813555002,0.0028696926310658455,0.007340406067669392,0.01714247092604637,0.03925350308418274,0.09168923646211624,0.2576594054698944,0.5,0.6895822882652283,1.0
3,2480,25000,0.2211584597826004,0.3153925836086273,6.959514280424628e-07,1.0,6.959514280424628e-07,0.0008314159349538386,0.0028754384256899357,0.007352920714765787,0.017224902287125587,0.03918095678091049,0.09141463786363602,0.2589568793773651,0.5,0.6886368989944458,1.0
3,2490,25000,0.22114427387714386,0.3154187500476837,6.274644306358823e-07,1.0,6.274644306358823e-07,0.00083413120592013,0.0028721292037516832,0.007338453084230423,0.017166905105113983,0.0392472967505455,0.09176719188690186,0.2578657269477844,0.5,0.6899999976158142,1.0
3,2500,25000,0.22115224599838257,0.31540223956108093,6.083384960220428e-07,1.0,6.083384960220428e-07,0.0008333115256391466,0.0028616106137633324,0.007326079998165369,0.017132973298430443,0.03932616114616394,0.09181685745716095,0.25841641426086426,0.5,0.6912877559661865,1.0
3,2510,25000,0.22107666730880737,0.3153440058231354,7.224628575386305e-07,1.0,7.224628575386305e-07,0.0008355947793461382,0.0028675508219748735,0.007358092349022627,0.01713770069181919,0.039221350103616714,0.09184758365154266,0.25839054584503174,0.5,0.6899999976158142,1.0
3,2520,25000,0.22113578021526337,0.3153832256793976,6.118196438364976e-07,1.0,6.118196438364976e-07,0.000831873738206923,0.0028803737368434668,0.007339277304708958,0.01710619404911995,0.03927928954362869,0.09169339388608932,0.259520947933197,0.5,0.6899999976158142,1.0
3,2530,25000,0.22119411826133728,0.3154090940952301,6.606327360714204e-07,1.0,6.606327360714204e-07,0.0008322594803757966,0.0028749415650963783,0.00733746076002717,0.017146036028862,0.0393001064658165,0.09145035594701767,0.2592146396636963,0.5,0.690203845500946,1.0
3,2540,25000,0.22112132608890533,0.31540775299072266,7.070950118759356e-07,1.0,7.070950118759356e-07,0.0008293723221868277,0.002851774450391531,0.007340655662119389,0.01718348264694214,0.0392775684595108,0.09120826423168182,0.25896501541137695,0.5,0.6899999976158142,1.0
3,2550,25000,0.22110843658447266,0.3153834939002991,6.505655960609147e-07,1.0,6.505655960609147e-07,0.0008357506594620645,0.0028597384225577116,0.007332089357078075,0.017198583111166954,0.03919459134340286,0.09146255999803543,0.25904956459999084,0.5,0.6899999976158142,1.0
3,2560,25000,0.22115273773670197,0.3154045343399048,6.427092671401624e-07,1.0,6.427092671401624e-07,0.0008310251287184656,0.002861165441572666,0.007306048180907965,0.017167409881949425,0.03936520218849182,0.09124927222728729,0.2580641806125641,0.5,0.6899999976158142,1.0
3,2570,25000,0.22119343280792236,0.31543755531311035,7.806962685208418e-07,1.0,7.806962685208418e-07,0.0008311498095281422,0.0028728661127388477,0.00735455984249711,0.01715836115181446,0.0392092689871788,0.09165852516889572,0.2586877942085266,0.5,0.6913423538208008,1.0
3,2580,25000,0.22116298973560333,0.31541284918785095,6.603231668123044e-07,1.0,6.603231668123044e-07,0.0008373658056370914,0.002875543897971511,0.007371990475803614,0.017133429646492004,0.039338819682598114,0.09202241897583008,0.2579224407672882,0.5,0.6899999976158142,1.0
3,2590,25000,0.22120359539985657,0.3154301941394806,5.966084017927642e-07,1.0,5.966084017927642e-07,0.0008300868212245405,0.0028674565255641937,0.007323192898184061,0.017179301008582115,0.03923903778195381,0.09134022891521454,0.25832799077033997,0.5,0.6899999976158142,1.0
3,2600,25000,0.2211560606956482,0.315418541431427,5.689988711310434e-07,1.0,5.689988711310434e-07,0.000832101795822382,0.002873041434213519,0.007343951612710953,0.017155013978481293,0.03934421390295029,0.09158647805452347,0.2581672668457031,0.5,0.6898809671401978,1.0
3,2610,25000,0.22108176350593567,0.3153800368309021,6.121860565144743e-07,1.0,6.121860565144743e-07,0.0008314489969052374,0.0028731832280755043,0.007373493164777756,0.01717069186270237,0.039150819182395935,0.09132135659456253,0.2573116421699524,0.5,0.6899999976158142,1.0
3,2620,25000,0.22113288938999176,0.31537359952926636,6.052920866750355e-07,1.0,6.052920866750355e-07,0.0008310732082463801,0.0028704095166176558,0.007346507161855698,0.017101535573601723,0.03924158215522766,0.09170320630073547,0.2577953636646271,0.5,0.6899999976158142,1.0
3,2630,25000,0.2211470603942871,0.3153965473175049,6.828591381236038e-07,1.0,6.828591381236038e-07,0.0008340171189047396,0.0028651177417486906,0.007344159763306379,0.01710136979818344,0.03923555463552475,0.09186401218175888,0.2592390775680542,0.5,0.6899999976158142,1.0
3,2640,25000,0.22119352221488953,0.31542131304740906,6.356162884912919e-07,1.0,6.356162884912919e-07,0.0008289093384519219,0.0028677491936832666,0.007315952330827713,0.017152247950434685,0.03923526778817177,0.09172382205724716,0.258129358291626,0.5,0.6899999976158142,1.0
3,2650,25000,0.2211722433567047,0.3154219090938568,7.232852681227087e-07,1.0,7.232852681227087e-07,0.0008349665440618992,0.0028653526678681374,0.007345575839281082,0.017134279012680054,0.03929510712623596,0.09173721075057983,0.25935056805610657,0.5,0.6899999976158142,1.0
3,2660,25000,0.22118499875068665,0.3154159486293793,7.234425538626965e-07,1.0,7.234425538626965e-07,0.0008339526248164475,0.0028651240281760693,0.0073298076167702675,0.017158018425107002,0.03918946534395218,0.09122363477945328,0.25935128331184387,0.5,0.6899999976158142,1.0
3,2670,25000,0.22108979523181915,0.3153766989707947,7.319657129301049e-07,1.0,7.319657129301049e-07,0.0008338144398294389,0.002863547997549176,0.0073223900981247425,0.01716333068907261,0.039188794791698456,0.09116124361753464,0.25808241963386536,0.5,0.6897794604301453,1.0
3,2680,25000,0.22110599279403687,0.3153609335422516,6.594505634893721e-07,1.0,6.594505634893721e-07,0.0008318554027937353,0.0028838671278208494,0.00732907559722662,0.017239397391676903,0.039208151400089264,0.09142833203077316,0.25826483964920044,0.5,0.6901201009750366,1.0
3,2690,25000,0.2211267650127411,0.31537798047065735,6.961577696529275e-07,1.0,6.961577696529275e-07,0.0008332414436154068,0.0028769774362444878,0.007340644020587206,0.017126092687249184,0.03925507515668869,0.09161873161792755,0.25865697860717773,0.5,0.6900727152824402,1.0
3,2700,25000,0.22110220789909363,0.3153970539569855,6.108793400017021e-07,1.0,6.108793400017021e-07,0.0008311832789331675,0.0028712807688862085,0.007338166702538729,0.017144938930869102,0.03915533423423767,0.09163543581962585,0.258491575717926,0.5,0.6899999976158142,1.0
3,2710,25000,0.22121408581733704,0.3153959810733795,7.192718953774602e-07,1.0,7.192718953774602e-07,0.0008332817815244198,0.0028811199590563774,0.0073225535452365875,0.01714651845395565,0.039143726229667664,0.09169255197048187,0.2591864764690399,0.5,0.6899999976158142,1.0
3,2720,25000,0.221155047416687,0.31541210412979126,6.638209697484854e-07,1.0,6.638209697484854e-07,0.000835911079775542,0.002866929629817605,0.007364611607044935,0.017170948907732964,0.039394110441207886,0.0915517508983612,0.25785067677497864,0.5,0.6899999976158142,1.0
3,2730,25000,0.2211204618215561,0.3153538405895233,6.399992003025545e-07,1.0,6.399992003025545e-07,0.0008313824655488133,0.002881969790905714,0.007367164362221956,0.017253568395972252,0.039435356855392456,0.09134120494127274,0.25928670167922974,0.5,0.6874918341636658,1.0
3,2740,25000,0.22115099430084229,0.31540536880493164,6.139994752629718e-07,1.0,6.139994752629718e-07,0.0008327217074111104,0.0028625139966607094,0.007336099166423082,0.01711655780673027,0.039178360253572464,0.09144145250320435,0.25861650705337524,0.5,0.6899999976158142,1.0
3,2750,25000,0.22113923728466034,0.3153741657733917,6.232302780517784e-07,1.0,6.232302780517784e-07,0.0008306116214953363,0.002872004872187972,0.007316822651773691,0.01718086190521717,0.039367835968732834,0.09134960174560547,0.2585158944129944,0.5,0.6899999976158142,1.0
3,2760,25000,0.22107155621051788,0.31537148356437683,6.299109145402326e-07,1.0,6.299109145402326e-07,0.0008353010634891689,0.002869687508791685,0.007356854155659676,0.017076401039958,0.03917073458433151,0.09149549156427383,0.25846052169799805,0.5,0.6894754767417908,1.0
3,2770,25000,0.22116650640964508,0.3154091536998749,6.796204274905904e-07,1.0,6.796204274905904e-07,0.0008329824195243418,0.002873279619961977,0.007335944566875696,0.017163516953587532,0.03938378766179085,0.0911770612001419,0.25872907042503357,0.5,0.6899999976158142,1.0
3,2780,25000,0.22111324965953827,0.315405935049057,7.591766006953549e-07,1.0,7.591766006953549e-07,0.00083069724496454,0.002864428795874119,0.007265711668878794,0.01717194728553295,0.039178818464279175,0.09108886122703552,0.258598268032074,0.5,0.6899999976158142,1.0
3,2790,25000,0.22113236784934998,0.31535470485687256,6.350022658807575e-07,1.0,6.350022658807575e-07,0.000831478217151016,0.002862938679754734,0.007303260266780853,0.017201630398631096,0.03944454342126846,0.09167712926864624,0.2584955096244812,0.5,0.6899999976158142,1.0
3,2800,25000,0.2210506796836853,0.31533506512641907,6.639417620135646e-07,1.0,6.639417620135646e-07,0.0008287074160762131,0.002874762983992696,0.0073545766063034534,0.017095007002353668,0.03934161737561226,0.09125203639268875,0.2572780251502991,0.5,0.6899999976158142,1.0
3,2810,25000,0.22112247347831726,0.3153333365917206,6.695005936308007e-07,1.0,6.695005936308007e-07,0.0008379753562621772,0.002872315002605319,0.007326556369662285,0.017141949385404587,0.039388321340084076,0.09166914969682693,0.258853942155838,0.5,0.6899999976158142,1.0
3,2820,25000,0.22108395397663116,0.31537729501724243,6.230418421182549e-07,1.0,6.230418421182549e-07,0.0008293474675156176,0.002864855108782649,0.007346878293901682,0.01720728538930416,0.039137355983257294,0.09142208099365234,0.2575845420360565,0.5,0.6901745200157166,1.0
3,2830,25000,0.22117015719413757,0.31536865234375,6.025098286954744e-07,1.0,6.025098286954744e-07,0.0008316691964864731,0.002888275543227792,0.0073642609640955925,0.017158858478069305,0.03928837180137634,0.09179789572954178,0.2584659457206726,0.5,0.6899999976158142,1.0
3,2840,25000,0.22115594148635864,0.31537842750549316,7.059553013277764e-07,1.0,7.059553013277764e-07,0.0008333616424351931,0.0028667617589235306,0.007330396678298712,0.017227647826075554,0.039173007011413574,0.09175903350114822,0.2582145035266876,0.5,0.6899999976158142,1.0
3,2850,25000,0.22109192609786987,0.31538254022598267,6.218475618879893e-07,1.0,6.218475618879893e-07,0.0008401434752158821,0.002861861838027835,0.007330807391554117,0.01710815168917179,0.03923141956329346,0.09155382215976715,0.25823888182640076,0.5,0.6900373697280884,1.0
3,2860,25000,0.22109216451644897,0.3153814375400543,6.89988155500032e-07,1.0,6.89988155500032e-07,0.000832146150059998,0.002874098950996995,0.007341268006712198,0.017204860225319862,0.03908943757414818,0.09154346585273743,0.2577071785926819,0.5,0.6899999976158142,1.0
3,2870,25000,0.22112049162387848,0.3153759241104126,7.570111506538524e-07,1.0,7.570111506538524e-07,0.0008313707658089697,0.0028768067713826895,0.00731296744197607,0.017132529988884926,0.03926769644021988,0.09146685898303986,0.25882017612457275,0.5,0.6899999976158142,1.0
3,2880,25000,0.22114452719688416,0.3153831660747528,5.963546527709696e-07,1.0,5.963546527709696e-07,0.0008325703674927354,0.002862541936337948,0.007338669616729021,0.01719062589108944,0.03905102610588074,0.09160144627094269,0.2579731047153473,0.5,0.6899999976158142,1.0
3,2890,25000,0.22114445269107819,0.31535547971725464,7.149449743337755e-07,1.0,7.149449743337755e-07,0.0008296692976728082,0.00287762563675642,0.007323769852519035,0.017226126044988632,0.039354875683784485,0.09154383093118668,0.25840112566947937,0.5,0.6899999976158142,1.0
3,2900,25000,0.22114911675453186,0.3154057264328003,7.218163773359265e-07,1.0,7.218163773359265e-07,0.0008340609492734075,0.0028745185118168592,0.007326750084757805,0.017142876982688904,0.0393068827688694,0.09151968359947205,0.2583661675453186,0.5,0.6899999976158142,1.0
3,2910,25000,0.2210959941148758,0.3153482675552368,7.659588163733133e-07,1.0,7.659588163733133e-07,0.0008334588492289186,0.002866702154278755,0.007327505387365818,0.017213812097907066,0.03921094536781311,0.0913671925663948,0.25775742530822754,0.5,0.6899999976158142,1.0
3,2920,25000,0.2211519032716751,0.31537866592407227,6.969172545723268e-07,1.0,6.969172545723268e-07,0.0008315750164911151,0.0028775634709745646,0.0073326933197677135,0.017175432294607162,0.03919317573308945,0.09151002019643784,0.2584541141986847,0.5,0.6899999976158142,1.0
3,2930,25000,0.22116030752658844,0.31539812684059143,8.992457765089057e-07,1.0,8.992457765089057e-07,0.0008327062241733074,0.002887542126700282,0.007351749576628208,0.017149053514003754,0.03938206657767296,0.09151531755924225,0.2585966885089874,0.5,0.6899999976158142,1.0
3,2940,25000,0.22113242745399475,0.3153708875179291,5.662118951477169e-07,1.0,5.662118951477169e-07,0.0008302834467031062,0.0028620038647204638,0.007337797898799181,0.017169034108519554,0.03930302709341049,0.09170282632112503,0.2570689618587494,0.5,0.6899999976158142,1.0
3,2950,25000,0.22109507024288177,0.3153540790081024,7.062557756398746e-07,1.0,7.062557756398746e-07,0.0008318113395944238,0.002873791614547372,0.007353685330599546,0.01715018041431904,0.03916933014988899,0.09141179919242859,0.2575490474700928,0.5,0.6880109310150146,1.0
3,2960,25000,0.22115583717823029,0.315377801656723,5.579166213465214e-07,1.0,5.579166213465214e-07,0.0008389553986489773,0.0028787024784833193,0.007333681918680668,0.017218556255102158,0.039193689823150635,0.09132474660873413,0.258175790309906,0.5,0.6899999976158142,1.0
3,2970,25000,0.22113849222660065,0.3154028654098511,5.859081966264057e-07,1.0,5.859081966264057e-07,0.0008339215419255197,0.002861378015950322,0.007327932398766279,0.01716507412493229,0.03933654725551605,0.09167236089706421,0.25846824049949646,0.5,0.6899999976158142,1.0
3,2980,25000,0.22114573419094086,0.31544139981269836,6.582021683243511e-07,1.0,6.582021683243511e-07,0.0008314290316775441,0.0028589749708771706,0.00734342448413372,0.01716119609773159,0.039146244525909424,0.09118278324604034,0.2572752833366394,0.5,0.6899999976158142,1.0
3,2990,25000,0.22117872536182404,0.31543800234794617,5.6280919125129e-07,1.0,5.6280919125129e-07,0.0008385531837120652,0.002874523401260376,0.007345722988247871,0.01719208061695099,0.03922788053750992,0.09088312089443207,0.2593262791633606,0.5,0.6899999976158142,1.0
3,3000,25000,0.22116802632808685,0.3154263198375702,6.016220481797063e-07,1.0,6.016220481797063e-07,0.000832620426081121,0.0028834904078394175,0.007385422475636005,0.01714019663631916,0.03914596885442734,0.09135661274194717,0.25805994868278503,0.5,0.6899999976158142,1.0
3,3010,25000,0.22109562158584595,0.31537964940071106,6.95616449775116e-07,1.0,6.95616449775116e-07,0.000832008954603225,0.0028689310420304537,0.007334042806178331,0.017128147184848785,0.03929854556918144,0.09156952798366547,0.2590797245502472,0.5,0.6899999976158142,1.0
3,3020,25000,0.22109746932983398,0.3153904974460602,6.643509209425247e-07,1.0,6.643509209425247e-07,0.0008308212272822857,0.0028677652589976788,0.007346938829869032,0.017176534980535507,0.03929020091891289,0.09120017290115356,0.25829464197158813,0.5,0.6899999976158142,1.0
3,3030,25000,0.22110658884048462,0.315390944480896,6.498447078229219e-07,1.0,6.498447078229219e-07,0.0008348486735485494,0.002873336197808385,0.007331295870244503,0.01718038320541382,0.03920936584472656,0.09143040329217911,0.2591794431209564,0.5,0.6899999976158142,1.0
3,3040,25000,0.22111909091472626,0.3154025673866272,5.198958774599305e-07,1.0,5.198958774599305e-07,0.0008302437490783632,0.002865075832232833,0.007305515930056572,0.017182769253849983,0.03916996717453003,0.09148190915584564,0.25787949562072754,0.5,0.6898210048675537,1.0
3,3050,25000,0.22117945551872253,0.31540408730506897,6.888407142469077e-07,1.0,6.888407142469077e-07,0.0008285691728815436,0.002875758334994316,0.007326943334192038,0.017095280811190605,0.03922596946358681,0.09149995446205139,0.25914549827575684,0.5,0.6893500685691833,1.0
3,3060,25000,0.22111640870571136,0.3153815269470215,5.486937197929365e-07,1.0,5.486937197929365e-07,0.0008391679730266333,0.0028613891918212175,0.0073248292319476604,0.017155049368739128,0.03930201008915901,0.09146883338689804,0.25733810663223267,0.5,0.687946617603302,1.0
3,3070,25000,0.22112010419368744,0.31541869044303894,7.165251076912682e-07,1.0,7.165251076912682e-07,0.0008343272493220866,0.002871525939553976,0.00735446996986866,0.017070308327674866,0.03914774954319,0.09159015864133835,0.258836567401886,0.5,0.6899999976158142,1.0
3,3080,25000,0.2211829125881195,0.31541478633880615,6.505197802653129e-07,1.0,6.505197802653129e-07,0.0008357818587683141,0.002873740391805768,0.007344305980950594,0.017126355320215225,0.039190199226140976,0.09129344671964645,0.25867509841918945,0.5,0.6899999976158142,1.0
3,3090,25000,0.22120317816734314,0.3154245615005493,6.239816912056995e-07,1.0,6.239816912056995e-07,0.0008341954671777785,0.002876678481698036,0.0073597910813987255,0.01715443655848503,0.039295826107263565,0.0916471779346466,0.25958260893821716,0.5,0.6899999976158142,1.0
3,3100,25000,0.22105750441551208,0.31537023186683655,7.04806666362856e-07,1.0,7.04806666362856e-07,0.0008343054796569049,0.0028593861497938633,0.0073557039722800255,0.01716836541891098,0.0391351580619812,0.09156345576047897,0.25769272446632385,0.5,0.6899999976158142,1.0
3,3110,25000,0.22119952738285065,0.3154154419898987,6.73083206947922e-07,1.0,6.73083206947922e-07,0.0008280203328467906,0.002872105687856674,0.007343856617808342,0.017223261296749115,0.03919723257422447,0.09150947630405426,0.2591959536075592,0.5,0.6899999976158142,1.0
3,3120,25000,0.22113874554634094,0.31538984179496765,6.460037980104971e-07,1.0,6.460037980104971e-07,0.0008318694308400154,0.0028781965374946594,0.007342990022152662,0.01716536656022072,0.03930731862783432,0.09135735034942627,0.25883516669273376,0.5,0.6899999976158142,1.0
3,3130,25000,0.221069797873497,0.3153493106365204,5.962177738183527e-07,1.0,5.962177738183527e-07,0.000829677504952997,0.002877439372241497,0.007328050211071968,0.017169930040836334,0.03935159742832184,0.0917554497718811,0.2584332823753357,0.5,0.6899999976158142,1.0
3,3140,25000,0.22117304801940918,0.31539636850357056,6.072049814065394e-07,1.0,6.072049814065394e-07,0.0008345908136107028,0.0028739445842802525,0.0073329671286046505,0.017139729112386703,0.039187803864479065,0.0915466919541359,0.2587125599384308,0.5,0.6899999976158142,1.0
3,3150,25000,0.22113418579101562,0.3154195547103882,6.56891700145934e-07,1.0,6.56891700145934e-07,0.0008342943619936705,0.0028740577399730682,0.007324055768549442,0.017137544229626656,0.039230793714523315,0.09135035425424576,0.2586051821708679,0.5,0.6899999976158142,1.0
3,3160,25000,0.22107911109924316,0.31536993384361267,7.071993195495452e-07,1.0,7.071993195495452e-07,0.0008311757701449096,0.002876264275982976,0.007322084158658981,0.017119457945227623,0.03928281366825104,0.09133942425251007,0.25853028893470764,0.5,0.6899999976158142,1.0
3,3170,25000,0.22110973298549652,0.31538426876068115,6.571264066224103e-07,1.0,6.571264066224103e-07,0.0008288697572425008,0.002871881006285548,0.007341350428760052,0.01710060052573681,0.03918834403157234,0.09139388054609299,0.25815388560295105,0.5,0.6899999976158142,1.0
3,3180,25000,0.22104594111442566,0.31536978483200073,7.760501148368348e-07,1.0,7.760501148368348e-07,0.0008323212387040257,0.0028689990285784006,0.007323822937905788,0.017186762765049934,0.039283644407987595,0.09170815348625183,0.257540762424469,0.5,0.6899999976158142,1.0
3,3190,25000,0.2211020290851593,0.31541821360588074,7.567504098915379e-07,1.0,7.567504098915379e-07,0.0008346739923581481,0.0028818997088819742,0.007326235994696617,0.01713082753121853,0.03935457766056061,0.0910831019282341,0.258804053068161,0.5,0.6899999976158142,1.0
3,3200,25000,0.22112874686717987,0.31539490818977356,6.734383077855455e-07,1.0,6.734383077855455e-07,0.0008231250685639679,0.00287758931517601,0.007358502130955458,0.017233844846487045,0.03929958865046501,0.09153450280427933,0.25799229741096497,0.5,0.6899999976158142,1.0
3,3210,25000,0.22113414108753204,0.3153659999370575,8.0706047356216e-07,1.0,8.0706047356216e-07,0.000831295270472765,0.002868576440960169,0.007318655028939247,0.017161067575216293,0.03923220932483673,0.09179741889238358,0.25861045718193054,0.5,0.6891704201698303,1.0
3,3220,25000,0.22106792032718658,0.31536561250686646,6.36554318589333e-07,1.0,6.36554318589333e-07,0.0008338656625710428,0.002884103450924158,0.007338670082390308,0.017178134992718697,0.03922939673066139,0.09163110703229904,0.25823962688446045,0.5,0.6899999976158142,1.0
3,3230,25000,0.22118711471557617,0.3154029846191406,8.700537250661e-07,1.0,8.700537250661e-07,0.0008324417285621166,0.0028681126423180103,0.0073199281468987465,0.017202109098434448,0.0393730029463768,0.09163345396518707,0.2591896951198578,0.5,0.690788209438324,1.0
3,3240,25000,0.22113481163978577,0.3153969943523407,7.32501064248936e-07,1.0,7.32501064248936e-07,0.0008319166372530162,0.002868049079552293,0.007321463897824287,0.0171463992446661,0.039126016199588776,0.0916876271367073,0.25824251770973206,0.5,0.6903660297393799,1.0
3,3250,25000,0.221140518784523,0.3153986632823944,5.752432343797409e-07,1.0,5.752432343797409e-07,0.0008322683861479163,0.002865667687729001,0.0073223477229475975,0.01722499541938305,0.03914641588926315,0.09143149852752686,0.2578895688056946,0.5,0.6887073516845703,1.0
3,3260,25000,0.2212078869342804,0.3154025077819824,6.163476768961118e-07,1.0,6.163476768961118e-07,0.0008364536333829165,0.0028650136664509773,0.007354246452450752,0.017124691978096962,0.039257586002349854,0.0917419046163559,0.25951385498046875,0.5,0.6899999976158142,1.0
3,3270,25000,0.22117234766483307,0.3154313266277313,6.384959760907805e-07,1.0,6.384959760907805e-07,0.0008289868128485978,0.002872651210054755,0.007316726725548506,0.017165616154670715,0.03922659158706665,0.09155168384313583,0.25827139616012573,0.5,0.6909351348876953,1.0
3,3280,25000,0.22113825380802155,0.31541213393211365,5.879469995306863e-07,1.0,5.879469995306863e-07,0.0008319027838297188,0.002881930209696293,0.007332786452025175,0.017145948484539986,0.03916347026824951,0.09150131791830063,0.2583731710910797,0.5,0.6899999976158142,1.0
3,3290,25000,0.2211475968360901,0.3154135048389435,7.25287009117892e-07,1.0,7.25287009117892e-07,0.0008362255175597966,0.0028773576486855745,0.00732075609266758,0.017147421836853027,0.039178747683763504,0.09143004566431046,0.25825953483581543,0.5,0.6899999976158142,1.0
3,3300,25000,0.22121043503284454,0.3154630661010742,7.196161959655001e-07,1.0,7.196161959655001e-07,0.0008349753334186971,0.002878741128370166,0.007349345833063126,0.01712869666516781,0.03920704126358032,0.09164369106292725,0.25841018557548523,0.5,0.6913697719573975,1.0
3,3310,25000,0.22110913693904877,0.3154059648513794,7.869787168601761e-07,1.0,7.869787168601761e-07,0.0008338040206581354,0.002871464006602764,0.007283663842827082,0.01717647723853588,0.03940972685813904,0.09125300496816635,0.25806981325149536,0.5,0.6899999976158142,1.0
3,3320,25000,0.22109146416187286,0.3153689205646515,7.422648309329816e-07,1.0,7.422648309329816e-07,0.0008315605809912086,0.002867658156901598,0.007330331020057201,0.017193233594298363,0.039316870272159576,0.09155184775590897,0.2576139271259308,0.5,0.6896809935569763,1.0
3,3330,25000,0.2211354672908783,0.3154051601886749,6.311082643151167e-07,1.0,6.311082643151167e-07,0.0008280118345282972,0.0028664127457886934,0.0073607200756669044,0.01719859428703785,0.03924617916345596,0.09147800505161285,0.2582102417945862,0.5,0.6885367631912231,1.0
3,3340,25000,0.2211264818906784,0.31541821360588074,6.583053959730023e-07,1.0,6.583053959730023e-07,0.0008320669876411557,0.002868597861379385,0.007351058069616556,0.017134683206677437,0.03926229476928711,0.09149552881717682,0.25767624378204346,0.5,0.6900815367698669,1.0
3,3350,25000,0.2211446315050125,0.31543850898742676,7.036986175990023e-07,1.0,7.036986175990023e-07,0.000838438339997083,0.0028716789092868567,0.007334352470934391,0.017110386863350868,0.03925027698278427,0.09144115447998047,0.25839805603027344,0.5,0.6899999976158142,1.0
3,3360,25000,0.22112664580345154,0.3153982162475586,7.617050528097025e-07,1.0,7.617050528097025e-07,0.0008322514477185905,0.00286854594014585,0.00734944362193346,0.017180167138576508,0.03928346931934357,0.0914313867688179,0.2582080364227295,0.5,0.6899999976158142,1.0
3,3370,25000,0.2211485356092453,0.3153967261314392,5.894497689951095e-07,1.0,5.894497689951095e-07,0.0008352914010174572,0.0028597372584044933,0.007356356829404831,0.017158877104520798,0.03927520662546158,0.0911000669002533,0.2594514787197113,0.5,0.6899999976158142,1.0
3,3380,25000,0.2211577147245407,0.3153976798057556,7.289917789421452e-07,1.0,7.289917789421452e-07,0.0008336351020261645,0.0028871940448880196,0.007346985395997763,0.017100220546126366,0.039239026606082916,0.0915350466966629,0.2581537663936615,0.5,0.6899999976158142,1.0
3,3390,25000,0.22106395661830902,0.3153538107872009,7.111302693374455e-07,1.0,7.111302693374455e-07,0.0008338631014339626,0.0028846976347267628,0.007339620031416416,0.017185159027576447,0.03922590985894203,0.09167560935020447,0.25812050700187683,0.5,0.6899999976158142,1.0
3,3400,25000,0.22113153338432312,0.31542736291885376,6.648858175140049e-07,1.0,6.648858175140049e-07,0.000828398042358458,0.002875058213248849,0.007338430732488632,0.017126455903053284,0.039328768849372864,0.09100689738988876,0.2575751841068268,0.5,0.6905696988105774,1.0
3,3410,25000,0.221205934882164,0.3154063820838928,7.078372163960012e-07,1.0,7.078372163960012e-07,0.0008289278484880924,0.0028583102393895388,0.007355410140007734,0.017206639051437378,0.03930790349841118,0.0919099897146225,0.2594216763973236,0.5,0.6899999976158142,1.0
3,3420,25000,0.22120864689350128,0.3153843581676483,5.048917728345259e-07,1.0,5.048917728345259e-07,0.0008262649062089622,0.002872457494959235,0.00733779463917017,0.017162105068564415,0.03925091400742531,0.09199501574039459,0.2588334083557129,0.5,0.6897805333137512,1.0
3,3430,25000,0.22114117443561554,0.3153822422027588,7.512929300901305e-07,1.0,7.512929300901305e-07,0.0008307206444442272,0.0028741497080773115,0.0073127420619130135,0.01719219610095024,0.03921932354569435,0.09141281247138977,0.25817689299583435,0.5,0.6899999976158142,1.0
3,3440,25000,0.2211640328168869,0.31538480520248413,6.146057103251223e-07,1.0,6.146057103251223e-07,0.0008357858750969172,0.002883328590542078,0.007342467550188303,0.017184551805257797,0.03926112502813339,0.09165970981121063,0.2579140067100525,0.5,0.6899999976158142,1.0
3,3450,25000,0.22118346393108368,0.31542518734931946,6.389525992744893e-07,1.0,6.389525992744893e-07,0.0008346695685759187,0.0028648385778069496,0.007331537082791328,0.017213376238942146,0.039220139384269714,0.09157606959342957,0.2594052255153656,0.5,0.6909829378128052,1.0
3,3460,25000,0.2210991084575653,0.315384179353714,6.62428135456139e-07,1.0,6.62428135456139e-07,0.0008371126605197787,0.0028933328576385975,0.0073031834326684475,0.017158890143036842,0.03918110579252243,0.09128641337156296,0.2577224671840668,0.5,0.6899999976158142,1.0
3,3470,25000,0.22113892436027527,0.31539657711982727,6.834628152319056e-07,1.0,6.834628152319056e-07,0.0008319407352246344,0.002875713864341378,0.0073406146839261055,0.017204459756612778,0.03911788761615753,0.09149257838726044,0.25867772102355957,0.5,0.6899999976158142,1.0
3,3480,25000,0.2211417704820633,0.3153894245624542,5.031375849284814e-07,1.0,5.031375849284814e-07,0.0008370740688405931,0.0028671168256551027,0.007372785825282335,0.017247328534722328,0.039265602827072144,0.09150958806276321,0.2582445442676544,0.5,0.6899999976158142,1.0
3,3490,25000,0.22114083170890808,0.3154074251651764,7.45325053230772e-07,1.0,7.45325053230772e-07,0.0008319556363858283,0.002876098733395338,0.007339776027947664,0.017144568264484406,0.03925326466560364,0.09144707769155502,0.25795531272888184,0.5,0.6899999976158142,1.0
3,3500,25000,0.22114284336566925,0.3154183626174927,7.016500944700965e-07,1.0,7.016500944700965e-07,0.0008276266162283719,0.0028667363803833723,0.007333914749324322,0.017164072021842003,0.03922463580965996,0.09165910631418228,0.2571972608566284,0.5,0.6899999976158142,1.0
3,3510,25000,0.22120754420757294,0.31544268131256104,5.472068096423754e-07,1.0,5.472068096423754e-07,0.0008302717469632626,0.0028598648495972157,0.007307612337172031,0.01717960648238659,0.0393151119351387,0.0916193500161171,0.25816383957862854,0.5,0.6899999976158142,1.0
3,3520,25000,0.22112692892551422,0.3154125213623047,6.846981364105886e-07,1.0,6.846981364105886e-07,0.0008311690762639046,0.002883284818381071,0.007335825823247433,0.017103569582104683,0.03922394663095474,0.09146004170179367,0.25937169790267944,0.5,0.6923810243606567,1.0
3,3530,25000,0.22117391228675842,0.31535738706588745,6.527830578306748e-07,1.0,6.527830578306748e-07,0.0008351214928552508,0.0028662923723459244,0.0073534478433430195,0.017181480303406715,0.039283327758312225,0.09205370396375656,0.2581861913204193,0.5,0.6899999976158142,1.0
3,3540,25000,0.22109416127204895,0.3153582513332367,6.696082550661231e-07,1.0,6.696082550661231e-07,0.0008328047697432339,0.0028608578722923994,0.00734059140086174,0.017196670174598694,0.039181776344776154,0.09159135073423386,0.25796109437942505,0.5,0.6899999976158142,1.0
3,3550,25000,0.22112911939620972,0.3153781592845917,6.152671403469867e-07,1.0,6.152671403469867e-07,0.0008344578091055155,0.0028675298672169447,0.007335119415074587,0.0171669814735651,0.03939494863152504,0.0915488600730896,0.25859296321868896,0.5,0.6899999976158142,1.0
3,3560,25000,0.22108270227909088,0.31538012623786926,5.972958661004668e-07,1.0,5.972958661004668e-07,0.0008327336981892586,0.0028662262484431267,0.007339639589190483,0.017146049067378044,0.03918306529521942,0.09149104356765747,0.2588226795196533,0.5,0.6899999976158142,1.0
3,3570,25000,0.22115612030029297,0.3154202103614807,6.674707151432813e-07,1.0,6.674707151432813e-07,0.0008310565608553588,0.0028687785379588604,0.007326905149966478,0.017254337668418884,0.03939123451709747,0.09140006452798843,0.2583182156085968,0.5,0.6899999976158142,1.0
3,3580,25000,0.2211863249540329,0.3154151439666748,7.093377689670888e-07,1.0,7.093377689670888e-07,0.0008285820949822664,0.002867882838472724,0.0073368847370147705,0.01723439246416092,0.03941037878394127,0.09138628095388412,0.2595894932746887,0.5,0.6901658177375793,1.0
3,3590,25000,0.22119513154029846,0.3154183030128479,7.513181117246859e-07,1.0,7.513181117246859e-07,0.0008347943658009171,0.0028712551575154066,0.007337514311075211,0.01714264415204525,0.039201702922582626,0.09170187264680862,0.25916269421577454,0.5,0.6899999976158142,1.0
3,3600,25000,0.2211141735315323,0.3153764605522156,5.985450570733519e-07,1.0,5.985450570733519e-07,0.0008322523208335042,0.0028877612203359604,0.007317082025110722,0.01715065911412239,0.039268024265766144,0.0916811153292656,0.2578407824039459,0.5,0.6899999976158142,1.0
3,3610,25000,0.2211286425590515,0.31540241837501526,6.977475095482077e-07,1.0,6.977475095482077e-07,0.0008334385347552598,0.0028868685476481915,0.007348545361310244,0.017213983461260796,0.039436474442481995,0.09140396863222122,0.2584992051124573,0.5,0.6899999976158142,1.0
3,3620,25000,0.22118113934993744,0.31542325019836426,7.407060138575616e-07,1.0,7.407060138575616e-07,0.0008340936037711799,0.002872815355658531,0.007339845411479473,0.017187198624014854,0.03917904943227768,0.09154743701219559,0.2584446668624878,0.5,0.6903104782104492,1.0
3,3630,25000,0.22119680047035217,0.31541478633880615,7.476699011021992e-07,1.0,7.476699011021992e-07,0.0008310568518936634,0.0028692614287137985,0.007316414266824722,0.01717977598309517,0.03909604251384735,0.09145750850439072,0.2599978744983673,0.5,0.691773533821106,1.0
3,3640,25000,0.22108528017997742,0.31536468863487244,4.7527564106530917e-07,1.0,4.7527564106530917e-07,0.0008367291302420199,0.002867924515157938,0.007301925681531429,0.017114680260419846,0.03921128809452057,0.09137051552534103,0.2579340636730194,0.5,0.6892939209938049,1.0
3,3650,25000,0.22112293541431427,0.3153785765171051,6.995059607106668e-07,1.0,6.995059607106668e-07,0.0008326810784637928,0.0028755413368344307,0.007328609470278025,0.01713475212454796,0.03932132199406624,0.0916500836610794,0.25823912024497986,0.5,0.6893612146377563,1.0
3,3660,25000,0.2211739867925644,0.31539854407310486,5.780328820037539e-07,1.0,5.780328820037539e-07,0.0008307622629217803,0.002852464560419321,0.007348155602812767,0.017141111195087433,0.0393797867000103,0.0919579416513443,0.25747406482696533,0.5,0.6899999976158142,1.0
3,3670,25000,0.2210974544286728,0.3154042363166809,6.417751592380228e-07,1.0,6.417751592380228e-07,0.0008313908474519849,0.002861902816221118,0.007354735862463713,0.0170576274394989,0.03937067091464996,0.09129311889410019,0.2586610019207001,0.5,0.6899999976158142,1.0
3,3680,25000,0.22115106880664825,0.3154131770133972,6.570974733222101e-07,1.0,6.570974733222101e-07,0.0008341723005287349,0.0028782906010746956,0.007315716240555048,0.017142420634627342,0.039136406034231186,0.09182054549455643,0.2587052583694458,0.5,0.6899999976158142,1.0
3,3690,25000,0.2211395800113678,0.3154217600822449,7.77141224261868e-07,1.0,7.77141224261868e-07,0.0008323104120790958,0.002873989986255765,0.007352620363235474,0.017184432595968246,0.03917365521192551,0.09150135517120361,0.2584860324859619,0.5,0.6899999976158142,1.0
3,3700,25000,0.2211255431175232,0.315358430147171,9.006616892293096e-07,1.0,9.006616892293096e-07,0.0008336835308000445,0.0028765019960701466,0.007335848640650511,0.01720758154988289,0.03929394111037254,0.09139212220907211,0.25829580426216125,0.5,0.6863318085670471,1.0
3,3710,25000,0.22111934423446655,0.3154205083847046,7.013467211436364e-07,1.0,7.013467211436364e-07,0.0008327526738867164,0.0028717650566250086,0.0073251579888165,0.017193492501974106,0.039371028542518616,0.09143346548080444,0.25761598348617554,0.5,0.6899999976158142,1.0
3,3720,25000,0.22116844356060028,0.31541767716407776,6.168408503981482e-07,1.0,6.168408503981482e-07,0.0008324295049533248,0.0028551556169986725,0.00735368300229311,0.017179694026708603,0.03921695053577423,0.09139326959848404,0.2585124671459198,0.5,0.6899999976158142,1.0
3,3730,25000,0.22117388248443604,0.3154282867908478,6.906861358402239e-07,1.0,6.906861358402239e-07,0.0008300362969748676,0.002868207637220621,0.0073539516888558865,0.01713203825056553,0.039261460304260254,0.0916154757142067,0.25925713777542114,0.5,0.6899999976158142,1.0
3,3740,25000,0.22106994688510895,0.3153846263885498,5.374661213863874e-07,1.0,5.374661213863874e-07,0.000834667996969074,0.002876182785257697,0.007324508856981993,0.0171661414206028,0.039201769977808,0.09125291556119919,0.25672560930252075,0.5,0.6899999976158142,1.0
3,3750,25000,0.22113323211669922,0.315439909696579,8.489124638799694e-07,1.0,8.489124638799694e-07,0.0008355011814273894,0.002858156803995371,0.0073617929592728615,0.017102081328630447,0.039200060069561005,0.09176821261644363,0.25925156474113464,0.5,0.6899999976158142,1.0
3,3760,25000,0.22107408940792084,0.31538471579551697,6.782317996112397e-07,1.0,6.782317996112397e-07,0.0008331490680575371,0.0028568541165441275,0.00734107568860054,0.017127625644207,0.03923394903540611,0.09130069613456726,0.25697818398475647,0.5,0.6899999976158142,1.0
3,3770,25000,0.22113864123821259,0.31542760133743286,6.877535270177759e-07,1.0,6.877535270177759e-07,0.0008349244599230587,0.0028646173886954784,0.0073394677601754665,0.01715763285756111,0.039164163172245026,0.0913446694612503,0.25783151388168335,0.5,0.6919808387756348,1.0
3,3780,25000,0.22112169861793518,0.3154173791408539,7.107421993168828e-07,1.0,7.107421993168828e-07,0.000831266341265291,0.002868211828172207,0.007338807452470064,0.017185671254992485,0.03925345465540886,0.09136877954006195,0.2571451961994171,0.5,0.6899999976158142,1.0
3,3790,25000,0.2211107313632965,0.31537380814552307,6.436364969886199e-07,1.0,6.436364969886199e-07,0.0008366614347323775,0.002884207060560584,0.007364130113273859,0.017178956419229507,0.03917797654867172,0.09178133308887482,0.25800177454948425,0.5,0.6899999976158142,1.0
3,3800,25000,0.2211296558380127,0.3153802752494812,5.821062813993194e-07,1.0,5.821062813993194e-07,0.0008285935618914664,0.0028774940874427557,0.0073338458314538,0.01719990372657776,0.03931822627782822,0.091448113322258,0.2585235834121704,0.5,0.6899999976158142,1.0
3,3810,25000,0.2211555391550064,0.315412700176239,7.565123496533488e-07,1.0,7.565123496533488e-07,0.000828574295155704,0.0028611691668629646,0.007317794486880302,0.017197733744978905,0.039211586117744446,0.09183561056852341,0.25829362869262695,0.5,0.6899999976158142,1.0
3,3820,25000,0.2211167961359024,0.3153907060623169,8.334511676366674e-07,1.0,8.334511676366674e-07,0.0008318391046486795,0.0028653438203036785,0.007377739995718002,0.017130324617028236,0.03933645412325859,0.09136667102575302,0.2582225203514099,0.5,0.6898034811019897,1.0
3,3830,25000,0.2211524248123169,0.3153965175151825,5.546918941945478e-07,1.0,5.546918941945478e-07,0.0008358718478120863,0.002866020891815424,0.0073698717169463634,0.01711893081665039,0.03919424116611481,0.09151248633861542,0.25854554772377014,0.5,0.6899999976158142,1.0
3,3840,25000,0.22111056745052338,0.3153781294822693,6.265631782298442e-07,1.0,6.265631782298442e-07,0.0008353782468475401,0.002877100370824337,0.007341764401644468,0.017114315181970596,0.03921958804130554,0.09154831618070602,0.2575605511665344,0.5,0.6885200142860413,1.0
3,3850,25000,0.22112716734409332,0.31538233160972595,8.289380275527947e-07,1.0,8.289380275527947e-07,0.0008351671858690679,0.002872834913432598,0.007319785188883543,0.017150625586509705,0.039240844547748566,0.09203997999429703,0.25793397426605225,0.5,0.688652515411377,1.0
3,3860,25000,0.22115956246852875,0.3154265582561493,6.85391398747015e-07,1.0,6.85391398747015e-07,0.0008400158258154988,0.0028780086431652308,0.007343078963458538,0.01716294139623642,0.03930902108550072,0.09131324291229248,0.25903475284576416,0.5,0.6899999976158142,1.0
3,3870,25000,0.2211569845676422,0.3154021203517914,6.905152645231283e-07,1.0,6.905152645231283e-07,0.0008264420903287828,0.002854125341400504,0.007360111456364393,0.017142239958047867,0.03929915279150009,0.0917372927069664,0.2576711177825928,0.5,0.6899999976158142,1.0
3,3880,25000,0.2211083322763443,0.315378874540329,6.666305694125185e-07,1.0,6.666305694125185e-07,0.0008368549752049148,0.0028856531716883183,0.007302424404770136,0.01715705730021,0.039407700300216675,0.0913081020116806,0.25820392370224,0.5,0.6899999976158142,1.0
3,3890,25000,0.22109682857990265,0.3153868317604065,5.031691330259491e-07,1.0,5.031691330259491e-07,0.0008332018624059856,0.0028686823789030313,0.007347938604652882,0.017155302688479424,0.03931180015206337,0.09148755669593811,0.25880134105682373,0.5,0.6899999976158142,1.0
3,3900,25000,0.2210998237133026,0.3153826594352722,7.931300842756173e-07,1.0,7.931300842756173e-07,0.0008283252245746553,0.0028777162078768015,0.007334572728723288,0.017127806320786476,0.0392807200551033,0.09150490164756775,0.2587154805660248,0.5,0.6899999976158142,1.0
3,3910,25000,0.22114698588848114,0.31539127230644226,6.996563115535537e-07,1.0,6.996563115535537e-07,0.0008322466746903956,0.0028640558011829853,0.007330392487347126,0.017178067937493324,0.03933442011475563,0.09159358590841293,0.2582300305366516,0.5,0.6894800066947937,1.0
3,3920,25000,0.22123044729232788,0.31546375155448914,5.438008656710736e-07,1.0,5.438008656710736e-07,0.0008316857856698334,0.0028876475989818573,0.007355115842074156,0.017151111736893654,0.03924691304564476,0.09149639308452606,0.2580849528312683,0.5,0.6899999976158142,1.0
3,3930,25000,0.22119589149951935,0.31542786955833435,7.587021286781237e-07,1.0,7.587021286781237e-07,0.0008319545886479318,0.0028783369343727827,0.007326365914195776,0.01709616370499134,0.039317432790994644,0.09179408848285675,0.25835826992988586,0.5,0.6899999976158142,1.0
3,3940,25000,0.22116242349147797,0.3154231607913971,8.62216893438017e-07,1.0,8.62216893438017e-07,0.0008334317826665938,0.002870237920433283,0.007352340500801802,0.017164280638098717,0.0392770878970623,0.0915965586900711,0.25793686509132385,0.5,0.6899999976158142,1.0
3,3950,25000,0.22113348543643951,0.31540653109550476,6.37166863270977e-07,1.0,6.37166863270977e-07,0.0008286295924335718,0.002860129112377763,0.007349024061113596,0.01712348870933056,0.03934352099895477,0.09145953506231308,0.2583499252796173,0.5,0.6899999976158142,1.0
3,3960,25000,0.22114083170890808,0.3154029846191406,7.162337283261877e-07,1.0,7.162337283261877e-07,0.0008327722898684442,0.0028717133682221174,0.00729241082444787,0.01718265190720558,0.03924702852964401,0.09195826947689056,0.2582502067089081,0.5,0.6899999976158142,1.0
3,3970,25000,0.2211172878742218,0.3153558671474457,5.949627279733249e-07,1.0,5.949627279733249e-07,0.0008332481957040727,0.002867473755031824,0.007295830175280571,0.017177168279886246,0.03927134722471237,0.09149514883756638,0.25946736335754395,0.5,0.6899999976158142,1.0
3,3980,25000,0.22108983993530273,0.31536686420440674,5.980315904707822e-07,1.0,5.980315904707822e-07,0.0008348578703589737,0.0028689797036349773,0.007319905795156956,0.01711089164018631,0.03915727511048317,0.09163213521242142,0.25689640641212463,0.5,0.6899999976158142,1.0
3,3990,25000,0.22113163769245148,0.31538060307502747,7.064355713737314e-07,1.0,7.064355713737314e-07,0.0008320317137986422,0.002873079152777791,0.0073225414380431175,0.01712191291153431,0.03928184509277344,0.09163488447666168,0.2583570182323456,0.5,0.6899999976158142,1.0
3,4000,25000,0.22116541862487793,0.3153858184814453,6.2161450387066e-07,1.0,6.2161450387066e-07,0.0008311459678225219,0.0028772600926458836,0.007316961884498596,0.01711980439722538,0.03926675021648407,0.09136036038398743,0.2586105763912201,0.5,0.6899709105491638,1.0
3,4010,25000,0.2211480438709259,0.31543174386024475,6.887354970785964e-07,1.0,6.887354970785964e-07,0.0008369081187993288,0.0028698190581053495,0.007348839193582535,0.017180563881993294,0.039263978600502014,0.09124705195426941,0.2579250633716583,0.5,0.6899999976158142,1.0
3,4020,25000,0.22113971412181854,0.31539997458457947,5.35203014351282e-07,1.0,5.35203014351282e-07,0.0008344097877852619,0.0028798275161534548,0.007306045386940241,0.01718674600124359,0.03920159488916397,0.09169766306877136,0.25903138518333435,0.5,0.6899999976158142,1.0
3,4030,25000,0.221143901348114,0.3153965473175049,7.955865157782682e-07,1.0,7.955865157782682e-07,0.0008293897844851017,0.002869480988010764,0.007283060345798731,0.01717008836567402,0.03901170194149017,0.09157002717256546,0.25963225960731506,0.5,0.6896201968193054,1.0
3,4040,25000,0.22111700475215912,0.31541433930397034,6.847495228612388e-07,1.0,6.847495228612388e-07,0.0008324833470396698,0.0028678649105131626,0.007334871683269739,0.01717398501932621,0.039235055446624756,0.09136644750833511,0.25866273045539856,0.5,0.6909195780754089,1.0
3,4050,25000,0.22113581001758575,0.315389484167099,6.738667366334994e-07,1.0,6.738667366334994e-07,0.0008330229902639985,0.00286343926563859,0.007338761817663908,0.017218491062521935,0.03931809589266777,0.09141789376735687,0.25858378410339355,0.5,0.6899999976158142,1.0
3,4060,25000,0.22115926444530487,0.3154069781303406,7.099055778780894e-07,1.0,7.099055778780894e-07,0.0008314717561006546,0.0028541714418679476,0.007339421659708023,0.01714039407670498,0.0392938107252121,0.09163367748260498,0.25890448689460754,0.5,0.6899999976158142,1.0
3,4070,25000,0.22118064761161804,0.31543469429016113,7.061746600811603e-07,1.0,7.061746600811603e-07,0.0008364244131371379,0.0028694316279143095,0.0073235295712947845,0.017168691381812096,0.0392359122633934,0.09157252311706543,0.2588367462158203,0.5,0.6899999976158142,1.0
3,4080,25000,0.2211257815361023,0.31538477540016174,6.619592340939562e-07,1.0,6.619592340939562e-07,0.0008345575770363212,0.002872271230444312,0.0073121050372719765,0.01711978018283844,0.039210014045238495,0.09157874435186386,0.25825998187065125,0.5,0.6899999976158142,1.0
3,4090,25000,0.22114554047584534,0.31541740894317627,6.276195563259535e-07,1.0,6.276195563259535e-07,0.000837319646961987,0.0028731655329465866,0.007317600306123495,0.017222493886947632,0.03923727571964264,0.09172127395868301,0.258472740650177,0.5,0.6899999976158142,1.0
3,4100,25000,0.22118033468723297,0.3154256343841553,5.832745841871656e-07,1.0,5.832745841871656e-07,0.0008365291869267821,0.0028584443498402834,0.007338813040405512,0.017148036509752274,0.039223812520504,0.09143223613500595,0.25863951444625854,0.5,0.6899999976158142,1.0
3,4110,25000,0.22115224599838257,0.31541526317596436,6.033494628354674e-07,1.0,6.033494628354674e-07,0.0008288142853416502,0.0028783276211470366,0.007325952406972647,0.01719072088599205,0.03921060264110565,0.0916462168097496,0.25765958428382874,0.5,0.6899999976158142,1.0
3,4120,25000,0.2211792767047882,0.31540849804878235,6.73181205002038e-07,1.0,6.73181205002038e-07,0.0008323154179379344,0.002869328251108527,0.007360890507698059,0.017142152413725853,0.03932132571935654,0.09170988202095032,0.25826799869537354,0.5,0.6899999976158142,1.0
3,4130,25000,0.22112758457660675,0.315382719039917,5.734413548452721e-07,1.0,5.734413548452721e-07,0.0008307923562824726,0.0028665841091424227,0.007334297057241201,0.017143137753009796,0.03918393701314926,0.09168168157339096,0.2580341398715973,0.5,0.6899999976158142,1.0
3,4140,25000,0.22113026678562164,0.31536921858787537,7.071433287819673e-07,1.0,7.071433287819673e-07,0.0008308753021992743,0.002867723349481821,0.00732147041708231,0.01712699793279171,0.03930100053548813,0.09162942320108414,0.25805604457855225,0.5,0.6897693276405334,1.0
3,4150,25000,0.22116786241531372,0.3154281675815582,6.639020853071997e-07,1.0,6.639020853071997e-07,0.0008327700197696686,0.002867884933948517,0.007306795101612806,0.017193801701068878,0.039242204278707504,0.0916086733341217,0.2587387263774872,0.5,0.6912345886230469,1.0
3,4160,25000,0.22111578285694122,0.3154140114784241,6.371059839693771e-07,1.0,6.371059839693771e-07,0.0008375474717468023,0.002874539000913501,0.007347989361733198,0.017179861664772034,0.039229802787303925,0.09179070591926575,0.2578624486923218,0.5,0.6899999976158142,1.0
3,4170,25000,0.22113898396492004,0.31540659070014954,6.812455808358209e-07,1.0,6.812455808358209e-07,0.0008363009546883404,0.002874076599255204,0.007361914962530136,0.01713613048195839,0.03926326334476471,0.09173848479986191,0.2578674852848053,0.5,0.6899999976158142,1.0
3,4180,25000,0.2211679220199585,0.3154318332672119,7.997346074262168e-07,1.0,7.997346074262168e-07,0.0008288833778351545,0.0028688637539744377,0.0073564681224524975,0.017157474532723427,0.03930430859327316,0.09150932729244232,0.2578434944152832,0.5,0.6899999976158142,1.0
3,4190,25000,0.2211504727602005,0.31542444229125977,6.803129508625716e-07,1.0,6.803129508625716e-07,0.0008312213467434049,0.0028691119514405727,0.0073097944259643555,0.01713104546070099,0.03921327739953995,0.09160861372947693,0.2588024139404297,0.5,0.6899999976158142,1.0
3,4200,25000,0.22117453813552856,0.315392404794693,6.363890747707046e-07,1.0,6.363890747707046e-07,0.0008355284808203578,0.002867364324629307,0.007317962124943733,0.0172276608645916,0.03935656696557999,0.09181559085845947,0.2584255337715149,0.5,0.6899999976158142,1.0
3,4210,25000,0.2211582213640213,0.31541913747787476,5.912925189477392e-07,1.0,5.912925189477392e-07,0.0008334394660778344,0.002869098912924528,0.0073769730515778065,0.017122935503721237,0.03921753540635109,0.09140856564044952,0.25740644335746765,0.5,0.6899999976158142,1.0
3,4220,25000,0.22119879722595215,0.31544408202171326,6.822651243965083e-07,1.0,6.822651243965083e-07,0.0008339975611306727,0.0028733478393405676,0.007310004904866219,0.01721312291920185,0.03933311253786087,0.0914013609290123,0.25860512256622314,0.5,0.6904845237731934,1.0
3,4230,25000,0.22115974128246307,0.31540757417678833,7.247875259963621e-07,1.0,7.247875259963621e-07,0.0008282429771497846,0.002875041449442506,0.007345735095441341,0.017175111919641495,0.03919931501150131,0.09170883148908615,0.25795677304267883,0.5,0.6899999976158142,1.0
3,4240,25000,0.2212049514055252,0.31542491912841797,7.071464551700046e-07,1.0,7.071464551700046e-07,0.0008293527644127607,0.0028859334997832775,0.007340796757489443,0.017198216170072556,0.03948403149843216,0.09189309924840927,0.2576602101325989,0.5,0.6900943517684937,1.0
3,4250,25000,0.22110825777053833,0.3154321312904358,5.951629304945527e-07,1.0,5.951629304945527e-07,0.0008351163705810905,0.002871718490496278,0.007306935265660286,0.017131000757217407,0.03922508656978607,0.0914624035358429,0.2591457962989807,0.5,0.6915127038955688,1.0
3,4260,25000,0.2211763560771942,0.3154489994049072,4.816216119252203e-07,1.0,4.816216119252203e-07,0.0008292229613289237,0.002877692924812436,0.007372026331722736,0.017250610515475273,0.03923850879073143,0.09150081127882004,0.2589570879936218,0.5,0.6899999976158142,1.0
3,4270,25000,0.2211538553237915,0.31542062759399414,6.373564360728778e-07,1.0,6.373564360728778e-07,0.0008304410730488598,0.0028643477708101273,0.007358285132795572,0.017192114144563675,0.039291590452194214,0.09176190197467804,0.25870081782341003,0.5,0.6899999976158142,1.0
3,4280,25000,0.22113877534866333,0.31539368629455566,6.715851554872643e-07,1.0,6.715851554872643e-07,0.0008353610755875707,0.0028693967033177614,0.007315271999686956,0.017128031700849533,0.039293073117733,0.09149423986673355,0.2587587535381317,0.5,0.6891000270843506,1.0
3,4290,25000,0.22115536034107208,0.315446138381958,6.932455107744318e-07,1.0,6.932455107744318e-07,0.0008315237355418503,0.0028840317390859127,0.007305617909878492,0.017196061089634895,0.03928128629922867,0.09125104546546936,0.25770992040634155,0.5,0.6899999976158142,1.0
3,4300,25000,0.22116650640964508,0.31543079018592834,6.197512902872404e-07,1.0,6.197512902872404e-07,0.0008334355079568923,0.0028675522189587355,0.007342812605202198,0.01710912398993969,0.03922006115317345,0.09163840115070343,0.2585807144641876,0.5,0.6899999976158142,1.0
3,4310,25000,0.2212027609348297,0.315416157245636,7.108242812137178e-07,1.0,7.108242812137178e-07,0.0008305778028443456,0.0028621084056794643,0.00732381222769618,0.01718789152801037,0.039263948798179626,0.09175275266170502,0.25874847173690796,0.5,0.6899999976158142,1.0
3,4320,25000,0.22112107276916504,0.3154343068599701,5.768355322288699e-07,1.0,5.768355322288699e-07,0.0008333446457982063,0.002873847959563136,0.007319944445043802,0.017147110775113106,0.039446841925382614,0.09126096218824387,0.25785964727401733,0.5,0.6902164816856384,1.0
3,4330,25000,0.22120890021324158,0.31544408202171326,7.837386988285289e-07,1.0,7.837386988285289e-07,0.000834135280456394,0.0028655098285526037,0.007322569377720356,0.01718425378203392,0.039333418011665344,0.09142834693193436,0.2584812641143799,0.5,0.6899999976158142,1.0
3,4340,25000,0.22115880250930786,0.31541550159454346,8.330267178280337e-07,1.0,8.330267178280337e-07,0.0008327332325279713,0.0028619698714464903,0.007322138641029596,0.017079468816518784,0.03934144973754883,0.09125680476427078,0.25832101702690125,0.5,0.6904817819595337,1.0
3,4350,25000,0.22120530903339386,0.3154291808605194,9.183841598314757e-07,1.0,9.183841598314757e-07,0.000832845107652247,0.002877849154174328,0.007339839823544025,0.017228538170456886,0.03924860805273056,0.09158319234848022,0.2580297887325287,0.5,0.6899999976158142,1.0
3,4360,25000,0.2211112529039383,0.31540149450302124,6.201559017426916e-07,1.0,6.201559017426916e-07,0.0008282513008452952,0.0028866713400930166,0.007335807662457228,0.017239835113286972,0.03927014023065567,0.09126261621713638,0.2576991617679596,0.5,0.6899999976158142,1.0
3,4370,25000,0.22112129628658295,0.3153916299343109,6.23147968781268e-07,1.0,6.23147968781268e-07,0.0008310083649121225,0.0028750712517648935,0.007379959803074598,0.017151953652501106,0.03914396092295647,0.09164787083864212,0.25820887088775635,0.5,0.6887654662132263,1.0
3,4380,25000,0.22116729617118835,0.3153896927833557,6.728902803843084e-07,1.0,6.728902803843084e-07,0.0008332745055668056,0.002872323617339134,0.007376457564532757,0.017160791903734207,0.0391966737806797,0.09184154123067856,0.25823935866355896,0.5,0.6899999976158142,1.0
3,4390,25000,0.22115521132946014,0.31542643904685974,6.391862257260073e-07,1.0,6.391862257260073e-07,0.000839963904581964,0.002870796015486121,0.007349311839789152,0.017134223133325577,0.03915299475193024,0.09196673333644867,0.25810256600379944,0.5,0.6899999976158142,1.0
3,4400,25000,0.22114166617393494,0.31542763113975525,5.802786517961067e-07,1.0,5.802786517961067e-07,0.0008324426016770303,0.0028642250690609217,0.007307849824428558,0.01719227433204651,0.03915368765592575,0.09153098613023758,0.25818800926208496,0.5,0.6899999976158142,1.0
3,4410,25000,0.22107742726802826,0.3153764307498932,6.940911134734051e-07,1.0,6.940911134734051e-07,0.0008337105391547084,0.0028672171756625175,0.007320745382457972,0.01715264469385147,0.03927348554134369,0.09128221869468689,0.2569931745529175,0.5,0.6899999976158142,1.0
3,4420,25000,0.22112742066383362,0.3154207468032837,7.728750688329455e-07,1.0,7.728750688329455e-07,0.000834343081805855,0.0028574736788868904,0.007314983755350113,0.017166942358016968,0.03933773934841156,0.09131074696779251,0.25766387581825256,0.5,0.6899999976158142,1.0
3,4430,25000,0.2211514115333557,0.3154371976852417,7.856730235289433e-07,1.0,7.856730235289433e-07,0.0008254668791778386,0.0028912220150232315,0.007355969864875078,0.017124827951192856,0.03926187753677368,0.0915132686495781,0.2584848403930664,0.5,0.6899999976158142,1.0
3,4440,25000,0.22116562724113464,0.31540581583976746,6.47504634798679e-07,1.0,6.47504634798679e-07,0.0008355792961083353,0.0028677559457719326,0.007346606347709894,0.01716320402920246,0.03933384642004967,0.09180963039398193,0.2587403655052185,0.5,0.6899999976158142,1.0
3,4450,25000,0.22113658487796783,0.31538698077201843,6.696367904623912e-07,1.0,6.696367904623912e-07,0.0008339143241755664,0.002866158029064536,0.007348848041146994,0.017197608947753906,0.03923052176833153,0.09165035933256149,0.25800904631614685,0.5,0.6899999976158142,1.0
3,4460,25000,0.22117339074611664,0.31539207696914673,6.880609362269752e-07,1.0,6.880609362269752e-07,0.0008357800543308258,0.0028701352421194315,0.007383324671536684,0.0171394944190979,0.03908466920256615,0.0917859748005867,0.2586279809474945,0.5,0.6899999976158142,1.0
3,4470,25000,0.22119773924350739,0.31540584564208984,5.700437668565428e-07,1.0,5.700437668565428e-07,0.0008351451251655817,0.002861139364540577,0.007365797180682421,0.01714869774878025,0.03923340514302254,0.0916457325220108,0.2583863437175751,0.5,0.6899999976158142,1.0
3,4480,25000,0.22117134928703308,0.31544196605682373,6.857580387986673e-07,1.0,6.857580387986673e-07,0.0008356098551303148,0.002878070343285799,0.007352511398494244,0.01718060113489628,0.03922998905181885,0.09167907387018204,0.25801748037338257,0.5,0.6899999976158142,1.0
3,4490,25000,0.22115395963191986,0.3153896629810333,6.376154146892077e-07,1.0,6.376154146892077e-07,0.0008301134221255779,0.002871913369745016,0.007359142880886793,0.017188647761940956,0.039261020720005035,0.09170536696910858,0.25740349292755127,0.5,0.6899999976158142,1.0
3,4500,25000,0.2212175577878952,0.3154362440109253,6.429449967981782e-07,1.0,6.429449967981782e-07,0.0008321188506670296,0.0028721834532916546,0.007334510795772076,0.01721564680337906,0.0392894372344017,0.09161695837974548,0.2592611610889435,0.5,0.6899999976158142,1.0
3,4510,25000,0.22117255628108978,0.31541919708251953,7.714177172601921e-07,1.0,7.714177172601921e-07,0.0008294337894767523,0.002857191488146782,0.007382974494248629,0.01709841378033161,0.0391894206404686,0.09126199781894684,0.2581228017807007,0.5,0.6899999976158142,1.0
3,4520,25000,0.22114619612693787,0.3154328763484955,5.814268320136762e-07,1.0,5.814268320136762e-07,0.0008314878214150667,0.002866085385903716,0.007339936681091785,0.017149727791547775,0.03926588594913483,0.09140504151582718,0.2575150728225708,0.5,0.6899999976158142,1.0
3,4530,25000,0.22114507853984833,0.3153945505619049,6.802318921472761e-07,1.0,6.802318921472761e-07,0.0008294217404909432,0.002876973245292902,0.007354944013059139,0.017154723405838013,0.03914133086800575,0.09163080155849457,0.25868821144104004,0.5,0.6899999976158142,1.0
3,4540,25000,0.2211109697818756,0.31538915634155273,7.205544534372166e-07,1.0,7.205544534372166e-07,0.0008332030265592039,0.0028617079369723797,0.007306233048439026,0.01721072942018509,0.03928617388010025,0.09144853800535202,0.2572070360183716,0.5,0.6899999976158142,1.0
3,4550,25000,0.2211672067642212,0.31540581583976746,5.9451838296809e-07,1.0,5.9451838296809e-07,0.0008327059331350029,0.002860933542251587,0.007323043886572123,0.017239652574062347,0.039241403341293335,0.09167353808879852,0.2591584622859955,0.5,0.6899999976158142,1.0
3,4560,25000,0.22110693156719208,0.31539031863212585,7.984753551681933e-07,1.0,7.984753551681933e-07,0.0008321220520883799,0.002869704272598028,0.007351034786552191,0.017172155901789665,0.039395011961460114,0.09135161340236664,0.25903627276420593,0.5,0.6899999976158142,1.0
3,4570,25000,0.22119896113872528,0.31543225049972534,5.759606551691832e-07,1.0,5.759606551691832e-07,0.0008366733090952039,0.002875915728509426,0.007340072188526392,0.0171118825674057,0.03918701410293579,0.09164762496948242,0.2588537633419037,0.5,0.6899999976158142,1.0
3,4580,25000,0.22110958397388458,0.3154328763484955,5.181476581128663e-07,1.0,5.181476581128663e-07,0.0008325428352691233,0.0028677035588771105,0.007352922111749649,0.01715632528066635,0.03915834054350853,0.09123396873474121,0.25907665491104126,0.5,0.6899999976158142,1.0
3,4590,25000,0.22116877138614655,0.31541839241981506,8.11243523912708e-07,1.0,8.11243523912708e-07,0.0008329535485245287,0.0028610534500330687,0.007353660184890032,0.01710040681064129,0.039262715727090836,0.0915524959564209,0.2593607008457184,0.5,0.6899999976158142,1.0
3,4600,25000,0.2211483269929886,0.31542158126831055,6.147579938442504e-07,1.0,6.147579938442504e-07,0.0008280836627818644,0.0028864911291748285,0.007341480813920498,0.017160935327410698,0.03929555043578148,0.09183965623378754,0.2581481635570526,0.5,0.6899999976158142,1.0
3,4610,25000,0.22111080586910248,0.3154319226741791,6.391362603608286e-07,1.0,6.391362603608286e-07,0.0008361044456250966,0.002881245454773307,0.007331638131290674,0.01714414916932583,0.03935800492763519,0.09149636328220367,0.2581760287284851,0.5,0.6899999976158142,1.0
3,4620,25000,0.22110921144485474,0.31540319323539734,7.727350066488725e-07,1.0,7.727350066488725e-07,0.0008295939187519252,0.002879417035728693,0.00732802739366889,0.01718340441584587,0.03932030126452446,0.09150131791830063,0.2572842836380005,0.5,0.6899999976158142,1.0
3,4630,25000,0.2211056798696518,0.31539925932884216,6.152816922622151e-07,1.0,6.152816922622151e-07,0.0008341191569343209,0.0028690400067716837,0.007319526746869087,0.01720179058611393,0.03939717262983322,0.09134484082460403,0.25779467821121216,0.5,0.6899999976158142,1.0
3,4640,25000,0.22114914655685425,0.3154238760471344,6.987471579122939e-07,1.0,6.987471579122939e-07,0.0008307151729241014,0.0028610550798475742,0.0073069059289991856,0.017175529152154922,0.03924909234046936,0.09159130603075027,0.257825642824173,0.5,0.6899999976158142,1.0
3,4650,25000,0.22118788957595825,0.31543177366256714,5.581050004366261e-07,1.0,5.581050004366261e-07,0.0008331805584020913,0.002863474190235138,0.007338934112340212,0.017156150192022324,0.03930246829986572,0.09159041941165924,0.2593570351600647,0.5,0.6899999976158142,1.0
3,4660,25000,0.22117312252521515,0.3154274821281433,7.307876330742147e-07,1.0,7.307876330742147e-07,0.0008310306584462523,0.002876266138628125,0.007326748222112656,0.01713944412767887,0.03917590156197548,0.09151691198348999,0.2585267126560211,0.5,0.6901983618736267,1.0
3,4670,25000,0.22115173935890198,0.3154124319553375,6.597851438527869e-07,1.0,6.597851438527869e-07,0.0008347294642589986,0.0028774708043783903,0.007327283266931772,0.01710500195622444,0.03926887363195419,0.09153968095779419,0.2582674026489258,0.5,0.6899999976158142,1.0
3,4680,25000,0.22116757929325104,0.3154224157333374,6.452750085372827e-07,1.0,6.452750085372827e-07,0.0008287039236165583,0.002865952206775546,0.007359173148870468,0.017094282433390617,0.03928782045841217,0.09155452996492386,0.2588290274143219,0.5,0.6899999976158142,1.0
3,4690,25000,0.2211458384990692,0.31543290615081787,6.53437609798857e-07,1.0,6.53437609798857e-07,0.0008315390441566706,0.002867747563868761,0.007354057859629393,0.017139814794063568,0.0393257737159729,0.09171560406684875,0.25770464539527893,0.5,0.6899999976158142,1.0
3,4700,25000,0.22112450003623962,0.3154371976852417,8.007722840375209e-07,1.0,8.007722840375209e-07,0.0008302095229737461,0.002866813912987709,0.0073306807316839695,0.017187178134918213,0.039325810968875885,0.09164342284202576,0.2578369081020355,0.5,0.6899999976158142,1.0
3,4710,25000,0.22115440666675568,0.3154352009296417,6.857497965029324e-07,1.0,6.857497965029324e-07,0.0008302615024149418,0.0028563726227730513,0.00730337668210268,0.017197417095303535,0.039168499410152435,0.09177684038877487,0.2586122751235962,0.5,0.6899999976158142,1.0
3,4720,25000,0.2210761159658432,0.3153741657733917,6.009422577335499e-07,1.0,6.009422577335499e-07,0.000833392608910799,0.00286931823939085,0.00734873628243804,0.017222968861460686,0.03945963829755783,0.09158544987440109,0.25702735781669617,0.5,0.6899999976158142,1.0
3,4730,25000,0.22114431858062744,0.3154161870479584,6.099427878325514e-07,1.0,6.099427878325514e-07,0.0008281577611342072,0.0028739923145622015,0.007325752638280392,0.017090991139411926,0.03936334699392319,0.09186230599880219,0.25840795040130615,0.5,0.6899999976158142,1.0
3,4740,25000,0.22120630741119385,0.3154106140136719,4.7516840595562826e-07,1.0,4.7516840595562826e-07,0.000829696306027472,0.002877247054129839,0.0073562548495829105,0.017128687351942062,0.03921631723642349,0.09151890128850937,0.25780782103538513,0.5,0.6899999976158142,1.0
3,4750,25000,0.2212095558643341,0.3154217302799225,7.110577371349791e-07,1.0,7.110577371349791e-07,0.0008322610519826412,0.002882627071812749,0.007353262044489384,0.017129695042967796,0.03941188007593155,0.09182862937450409,0.2582564949989319,0.5,0.6899999976158142,1.0
3,4760,25000,0.22113780677318573,0.31545335054397583,5.571157544181915e-07,1.0,5.571157544181915e-07,0.0008383345557376742,0.0028649247251451015,0.007317084353417158,0.017153006047010422,0.039306215941905975,0.09124723821878433,0.2585989236831665,0.5,0.6899999976158142,1.0
3,4770,25000,0.221232607960701,0.31542453169822693,6.310271487564023e-07,1.0,6.310271487564023e-07,0.0008360439678654075,0.002869688207283616,0.00735179428011179,0.017183572053909302,0.03928707540035248,0.09199784696102142,0.25899243354797363,0.5,0.6899999976158142,1.0
3,4780,25000,0.22116315364837646,0.31544625759124756,8.775712672104419e-07,1.0,8.775712672104419e-07,0.0008344114175997674,0.002867690287530422,0.007363707758486271,0.01721387542784214,0.039253778755664825,0.09166252613067627,0.2574833929538727,0.5,0.6899999976158142,1.0
3,4790,25000,0.22121582925319672,0.3154260516166687,5.888446139579173e-07,1.0,5.888446139579173e-07,0.0008328719413839281,0.002865644171833992,0.007381258066743612,0.01716848835349083,0.03930854797363281,0.09154412895441055,0.25853240489959717,0.5,0.6899999976158142,1.0
3,4800,25000,0.22110944986343384,0.31540918350219727,8.627709462416533e-07,1.0,8.627709462416533e-07,0.0008307695970870554,0.0028609943110495806,0.007341632153838873,0.01718916930258274,0.03922232240438461,0.09129446744918823,0.2569960355758667,0.5,0.6899999976158142,1.0
3,4810,25000,0.22111529111862183,0.31540244817733765,6.229329869711364e-07,1.0,6.229329869711364e-07,0.0008334629237651825,0.002881208900362253,0.007315145339816809,0.017232218757271767,0.03923606872558594,0.09149275720119476,0.25836366415023804,0.5,0.6899999976158142,1.0
3,4820,25000,0.22119033336639404,0.3153948485851288,5.594828849098121e-07,1.0,5.594828849098121e-07,0.000832060759421438,0.0028781567234545946,0.007325370796024799,0.0172310508787632,0.039171963930130005,0.09185972064733505,0.2580951750278473,0.5,0.6899999976158142,1.0
3,4830,25000,0.22118401527404785,0.31543076038360596,7.355952220677864e-07,1.0,7.355952220677864e-07,0.0008310156408697367,0.002868696814402938,0.007357684429734945,0.017145337536931038,0.03930838406085968,0.09151408821344376,0.25892511010169983,0.5,0.6899999976158142,1.0
3,4840,25000,0.2212197184562683,0.31546226143836975,5.196891379455337e-07,1.0,5.196891379455337e-07,0.0008276007720269263,0.0028714255895465612,0.007340474985539913,0.017145583406090736,0.03933720290660858,0.0918363556265831,0.258250892162323,0.5,0.6899999976158142,1.0
3,4850,25000,0.22112056612968445,0.3154199421405792,6.105456691329891e-07,1.0,6.105456691329891e-07,0.0008322913199663162,0.002883978420868516,0.007331511937081814,0.01713431254029274,0.039351701736450195,0.09146077930927277,0.2581363022327423,0.5,0.6899999976158142,1.0
3,4860,25000,0.22122468054294586,0.3154430091381073,6.694754688396642e-07,1.0,6.694754688396642e-07,0.0008298378088511527,0.002860812935978174,0.007322235964238644,0.017154676839709282,0.03929632157087326,0.09147195518016815,0.25834420323371887,0.5,0.6899999976158142,1.0
3,4870,25000,0.2211584895849228,0.3154583275318146,7.439599585268297e-07,1.0,7.439599585268297e-07,0.0008316030725836754,0.0028697424568235874,0.007332290522754192,0.017159976065158844,0.03927993029356003,0.09160955250263214,0.2584379315376282,0.5,0.694036602973938,1.0
3,4880,25000,0.22113533318042755,0.3154159188270569,6.212022753970814e-07,1.0,6.212022753970814e-07,0.0008329921984113753,0.002879320178180933,0.007349523715674877,0.017170432955026627,0.03919439762830734,0.09137442708015442,0.25869446992874146,0.5,0.6899999976158142,1.0
3,4890,25000,0.22114089131355286,0.3153775930404663,5.106749085825868e-07,1.0,5.106749085825868e-07,0.0008259790483862162,0.00287847057916224,0.007317081093788147,0.017177633941173553,0.03923531621694565,0.09131225198507309,0.25752878189086914,0.5,0.689393937587738,1.0
3,4900,25000,0.22110530734062195,0.3153863847255707,6.432404120459978e-07,1.0,6.432404120459978e-07,0.0008263638010248542,0.002860448556020856,0.0073477402329444885,0.01712660677731037,0.03919781371951103,0.09164188802242279,0.2587894797325134,0.5,0.6899999976158142,1.0
3,4910,25000,0.22118134796619415,0.3154418468475342,8.110472435873817e-07,1.0,8.110472435873817e-07,0.0008295574225485325,0.002872150158509612,0.007333740126341581,0.017173726111650467,0.039240993559360504,0.09160580486059189,0.25775861740112305,0.5,0.6899999976158142,1.0
3,4920,25000,0.22110983729362488,0.31538036465644836,6.714352593917283e-07,1.0,6.714352593917283e-07,0.0008297203457914293,0.0028825635090470314,0.007319432217627764,0.017096757888793945,0.03922991454601288,0.09137094765901566,0.25877678394317627,0.5,0.6899999976158142,1.0
3,4930,25000,0.2211187779903412,0.3154175877571106,6.298360517575929e-07,1.0,6.298360517575929e-07,0.0008316008024848998,0.0028750954661518335,0.007361217401921749,0.01718992181122303,0.03947068750858307,0.09153852611780167,0.2584679424762726,0.5,0.6899999976158142,1.0
3,4940,25000,0.22120216488838196,0.31545308232307434,5.725698883907171e-07,1.0,5.725698883907171e-07,0.0008309344993904233,0.00286862812936306,0.007341057527810335,0.017131464555859566,0.039230190217494965,0.09165633469820023,0.2589368522167206,0.5,0.6899999976158142,1.0
3,4950,25000,0.22115688025951385,0.3154372572898865,5.067213351139799e-07,1.0,5.067213351139799e-07,0.0008294934523291886,0.0028600057121366262,0.007356564048677683,0.017151398584246635,0.03913471847772598,0.0916832685470581,0.25830939412117004,0.5,0.6899999976158142,1.0
3,4960,25000,0.22113996744155884,0.31541377305984497,6.634963938267902e-07,1.0,6.634963938267902e-07,0.0008316158782690763,0.0028840829618275166,0.0073117963038384914,0.017138410359621048,0.039254046976566315,0.0912763923406601,0.25837039947509766,0.5,0.6899999976158142,1.0
3,4970,25000,0.22112087905406952,0.3154172897338867,6.560645147146715e-07,1.0,6.560645147146715e-07,0.000831949058920145,0.0028647396247833967,0.007371994666755199,0.017171429470181465,0.03924116492271423,0.09136319905519485,0.2578454613685608,0.5,0.6899999976158142,1.0
3,4980,25000,0.2211807817220688,0.31541410088539124,6.650291766163718e-07,1.0,6.650291766163718e-07,0.0008322624489665031,0.002877600956708193,0.00734601728618145,0.01712191477417946,0.039385005831718445,0.09156469255685806,0.2589658498764038,0.5,0.6899999976158142,1.0
3,4990,25000,0.22114567458629608,0.315405935049057,7.346225743276591e-07,1.0,7.346225743276591e-07,0.0008337763720192015,0.002865344285964966,0.007317832671105862,0.017140790820121765,0.03926538676023483,0.09144804626703262,0.2591016888618469,0.5,0.6899999976158142,1.0
3,5000,25000,0.22117970883846283,0.315408319234848,6.853895797576115e-07,1.0,6.853895797576115e-07,0.0008310675621032715,0.002869857707992196,0.0073320260271430016,0.01713516004383564,0.03916019946336746,0.09176836907863617,0.25957831740379333,0.5,0.6897661089897156,1.0
3,5010,25000,0.22108684480190277,0.3154003620147705,7.024712544989598e-07,1.0,7.024712544989598e-07,0.000830005039460957,0.0028771182987838984,0.007339388132095337,0.017156565561890602,0.03913271427154541,0.09107055515050888,0.25722286105155945,0.5,0.6893610954284668,1.0
3,5020,25000,0.22115246951580048,0.3154391944408417,7.65871561725362e-07,1.0,7.65871561725362e-07,0.0008308631367981434,0.0028858145233243704,0.007365787401795387,0.017201542854309082,0.039160676300525665,0.0915602594614029,0.2581174671649933,0.5,0.6899999976158142,1.0
3,5030,25000,0.22115783393383026,0.31544655561447144,6.249559874049737e-07,1.0,6.249559874049737e-07,0.0008375051547773182,0.0028695932123810053,0.007343733217567205,0.017120933160185814,0.03915740177035332,0.09154399484395981,0.25840142369270325,0.5,0.6900011897087097,1.0
3,5040,25000,0.2211298942565918,0.3154093027114868,6.662550049441052e-07,1.0,6.662550049441052e-07,0.0008335670572705567,0.0028638350777328014,0.007328634615987539,0.017188172787427902,0.03928126394748688,0.0913110077381134,0.2590285539627075,0.5,0.6899999976158142,1.0
3,5050,25000,0.22107945382595062,0.31540989875793457,6.990255201344553e-07,1.0,6.990255201344553e-07,0.0008323892252519727,0.002862912602722645,0.007333199959248304,0.017137648537755013,0.039146944880485535,0.09118913114070892,0.25811201333999634,0.5,0.6899999976158142,1.0
3,5060,25000,0.2211904227733612,0.3154439330101013,5.404015723797784e-07,1.0,5.404015723797784e-07,0.0008302293135784566,0.0028545509558171034,0.007345652673393488,0.017154714092612267,0.039279140532016754,0.09145497530698776,0.25882503390312195,0.5,0.6899999976158142,1.0
3,5070,25000,0.22112369537353516,0.31544727087020874,7.010486342551303e-07,1.0,7.010486342551303e-07,0.0008317778701893985,0.0028554247692227364,0.00733970245346427,0.017169414088129997,0.039373937994241714,0.09142844378948212,0.25770506262779236,0.5,0.6899999976158142,1.0
3,5080,25000,0.22116802632808685,0.3154259920120239,6.147931799205253e-07,1.0,6.147931799205253e-07,0.0008347185212187469,0.0028818403370678425,0.007335552014410496,0.01717299409210682,0.03935237228870392,0.09159821271896362,0.2580313980579376,0.5,0.6899999976158142,1.0
3,5090,25000,0.2211812287569046,0.31544822454452515,4.877488208876457e-07,1.0,4.877488208876457e-07,0.000829259748570621,0.002866045106202364,0.007333637215197086,0.017178909853100777,0.03917895630002022,0.09151901304721832,0.2587908208370209,0.5,0.6900094747543335,1.0
3,5100,25000,0.22112849354743958,0.3154144883155823,7.174625125117018e-07,1.0,7.174625125117018e-07,0.0008313705329783261,0.002861239016056061,0.007335399743169546,0.017149511724710464,0.03931811824440956,0.09115411341190338,0.25845634937286377,0.5,0.6899999976158142,1.0
3,5110,25000,0.22107526659965515,0.31537318229675293,8.034890583985543e-07,1.0,8.034890583985543e-07,0.0008315782179124653,0.002876699436455965,0.007340690121054649,0.017231442034244537,0.03933607041835785,0.0914582908153534,0.25721514225006104,0.5,0.6899999976158142,1.0
3,5120,25000,0.22106273472309113,0.3153702914714813,6.549435624947364e-07,1.0,6.549435624947364e-07,0.0008318754844367504,0.002872355980798602,0.007336280308663845,0.01709962636232376,0.0391949824988842,0.09147964417934418,0.25780656933784485,0.5,0.6895353198051453,1.0
3,5130,25000,0.22104939818382263,0.3153739273548126,6.256596520870517e-07,1.0,6.256596520870517e-07,0.0008373661548830569,0.002859571948647499,0.007337647955864668,0.017131173983216286,0.03924164921045303,0.09148675203323364,0.25822168588638306,0.5,0.6899999976158142,1.0
3,5140,25000,0.22112716734409332,0.3154175281524658,6.410143100765708e-07,1.0,6.410143100765708e-07,0.0008309624972753227,0.002880044747143984,0.007334799040108919,0.01712772063910961,0.03918260335922241,0.0913500115275383,0.2586158812046051,0.5,0.6899999976158142,1.0
3,5150,25000,0.22114187479019165,0.31543707847595215,6.047311558177171e-07,1.0,6.047311558177171e-07,0.0008321735658682883,0.00286262109875679,0.007333317771553993,0.017176080495119095,0.03923855721950531,0.09183210134506226,0.2583739757537842,0.5,0.6899999976158142,1.0
3,5160,25000,0.22112104296684265,0.3153894543647766,7.09155926870153e-07,1.0,7.09155926870153e-07,0.000834579870570451,0.002874304074794054,0.00732762087136507,0.017131099477410316,0.03921470418572426,0.09156779199838638,0.25836116075515747,0.5,0.6899999976158142,1.0
3,5170,25000,0.22112271189689636,0.31538286805152893,6.564358159266703e-07,1.0,6.564358159266703e-07,0.0008330340497195721,0.0028701138217002153,0.007367107551544905,0.017158430069684982,0.03930124267935753,0.09151298552751541,0.25801417231559753,0.5,0.6898500323295593,1.0
3,5180,25000,0.22114776074886322,0.31542837619781494,7.408146984744235e-07,1.0,7.408146984744235e-07,0.0008269450627267361,0.0028661254327744246,0.007330511696636677,0.017167922109365463,0.03939146175980568,0.09169602394104004,0.2583111822605133,0.5,0.6899999976158142,1.0
3,5190,25000,0.22108836472034454,0.3153761923313141,7.368080332526006e-07,1.0,7.368080332526006e-07,0.0008277500746771693,0.002867472590878606,0.007320762611925602,0.017199620604515076,0.03929264470934868,0.09156596660614014,0.2574736773967743,0.5,0.6899999976158142,1.0
3,5200,25000,0.2211170792579651,0.31541627645492554,7.172901632657158e-07,1.0,7.172901632657158e-07,0.0008334267768077552,0.002870923839509487,0.007333406712859869,0.017099980264902115,0.03927230089902878,0.09174429625272751,0.2582840621471405,0.5,0.6902627348899841,1.0
3,5210,25000,0.22118134796619415,0.31543099880218506,6.08175071192818e-07,1.0,6.08175071192818e-07,0.0008339845226146281,0.0028824436012655497,0.007329703774303198,0.0171960461884737,0.039209168404340744,0.09153304994106293,0.25906792283058167,0.5,0.6899999976158142,1.0
3,5220,25000,0.22109273076057434,0.31540030241012573,7.158486141634057e-07,1.0,7.158486141634057e-07,0.0008266240474767983,0.002865178044885397,0.007311460096389055,0.017199058085680008,0.03927014768123627,0.0915619358420372,0.2587997019290924,0.5,0.6899999976158142,1.0
3,5230,25000,0.22113892436027527,0.31538552045822144,6.058710368961329e-07,1.0,6.058710368961329e-07,0.0008338034967891872,0.0028707883320748806,0.007348659913986921,0.017199059948325157,0.03911236673593521,0.09125103801488876,0.2598404288291931,0.5,0.6889619827270508,1.0
3,5240,25000,0.22112926840782166,0.31541556119918823,5.688705755346746e-07,1.0,5.688705755346746e-07,0.0008331985445693135,0.0028809693176299334,0.007355961948633194,0.01713128201663494,0.03919316083192825,0.09156180173158646,0.25844234228134155,0.5,0.6899999976158142,1.0
3,5250,25000,0.2211121916770935,0.315401166677475,5.597974563897878e-07,1.0,5.597974563897878e-07,0.0008325838134624064,0.0028835670091211796,0.007373086642473936,0.017134547233581543,0.03929486125707626,0.09177298843860626,0.25823259353637695,0.5,0.6899999976158142,1.0
3,5260,25000,0.22111979126930237,0.31540951132774353,6.609528782064444e-07,1.0,6.609528782064444e-07,0.0008328016847372055,0.0028767650946974754,0.007340571377426386,0.01720120757818222,0.03927535191178322,0.09137216210365295,0.25800013542175293,0.5,0.6899999976158142,1.0
3,5270,25000,0.2211339771747589,0.31538209319114685,5.880007734049286e-07,1.0,5.880007734049286e-07,0.0008293167338706553,0.002868920098990202,0.007305206265300512,0.017149554565548897,0.03930831700563431,0.09138097614049911,0.25800326466560364,0.5,0.6899999976158142,1.0
3,5280,25000,0.221218541264534,0.3154483139514923,7.521264819843054e-07,1.0,7.521264819843054e-07,0.0008320112829096615,0.0028723478317260742,0.007330785971134901,0.017203161492943764,0.03925666958093643,0.09165755659341812,0.2583426535129547,0.5,0.6899999976158142,1.0
3,5290,25000,0.22112098336219788,0.31542640924453735,7.012764058345056e-07,1.0,7.012764058345056e-07,0.0008330116979777813,0.0028745734598487616,0.007350196596235037,0.01717674359679222,0.03927719593048096,0.0913410559296608,0.2579035758972168,0.5,0.6899999976158142,1.0
3,5300,25000,0.22122356295585632,0.31544893980026245,8.128377544380783e-07,1.0,8.128377544380783e-07,0.0008301748312078416,0.002864953363314271,0.007333609741181135,0.0171557255089283,0.03920543193817139,0.09172114729881287,0.2587485909461975,0.5,0.6899999976158142,1.0
3,5310,25000,0.22112591564655304,0.3154163956642151,6.841622166575689e-07,1.0,6.841622166575689e-07,0.0008346228278242052,0.002870485419407487,0.007316725794225931,0.017126230522990227,0.03939863666892052,0.09150935709476471,0.25875863432884216,0.5,0.6899999976158142,1.0
3,5320,25000,0.221124529838562,0.31541311740875244,6.692665124319319e-07,1.0,6.692665124319319e-07,0.0008302490459755063,0.002869662595912814,0.007319402880966663,0.017188718542456627,0.039142560213804245,0.09165775030851364,0.25922709703445435,0.5,0.6899999976158142,1.0
3,5330,25000,0.22119642794132233,0.3154389560222626,6.555173968081363e-07,1.0,6.555173968081363e-07,0.0008322270005010068,0.002889709547162056,0.00733085535466671,0.017177848145365715,0.039235733449459076,0.09192177653312683,0.25884589552879333,0.5,0.6899999976158142,1.0
3,5340,25000,0.2211800068616867,0.3154231607913971,8.049104849305877e-07,1.0,8.049104849305877e-07,0.0008323405054397881,0.0028691201005131006,0.007348129525780678,0.01716611161828041,0.039158884435892105,0.09140598773956299,0.2584352195262909,0.5,0.6899999976158142,1.0
3,5350,25000,0.22115327417850494,0.3154142498970032,7.366190857283073e-07,1.0,7.366190857283073e-07,0.0008301070774905384,0.0028781250584870577,0.007371135521680117,0.017148543149232864,0.03925880044698715,0.09175829589366913,0.2585538327693939,0.5,0.6899999976158142,1.0
3,5360,25000,0.22116298973560333,0.3154183626174927,7.321942803173442e-07,1.0,7.321942803173442e-07,0.0008297070162370801,0.0028732893988490105,0.007318885065615177,0.017217963933944702,0.03928011655807495,0.09152715653181076,0.2584933638572693,0.5,0.6899999976158142,1.0
3,5370,25000,0.22112494707107544,0.31541651487350464,5.916240297665354e-07,1.0,5.916240297665354e-07,0.00083203986287117,0.0028747529722750187,0.007356612011790276,0.017163386568427086,0.03921502083539963,0.09155339747667313,0.2583175003528595,0.5,0.6899999976158142,1.0
3,5380,25000,0.22114330530166626,0.31542015075683594,6.477889655798208e-07,1.0,6.477889655798208e-07,0.0008293796563521028,0.0028638686053454876,0.0073150768876075745,0.017131155356764793,0.039134688675403595,0.09142971783876419,0.2585769593715668,0.5,0.6899999976158142,1.0
3,5390,25000,0.22116559743881226,0.3154050409793854,6.089940711717645e-07,1.0,6.089940711717645e-07,0.0008366125985048711,0.0028798377607017756,0.007307051215320826,0.01720474660396576,0.03917039930820465,0.0917498767375946,0.25844597816467285,0.5,0.6899999976158142,1.0
3,5400,25000,0.22119426727294922,0.3154071867465973,6.813131108174275e-07,1.0,6.813131108174275e-07,0.0008316360763274133,0.002880200743675232,0.0073774755001068115,0.01717919483780861,0.039366982877254486,0.09155124425888062,0.25936755537986755,0.5,0.6899999976158142,1.0
3,5410,25000,0.22118648886680603,0.31540802121162415,6.469343816206674e-07,1.0,6.469343816206674e-07,0.0008344876696355641,0.0028630434535443783,0.007359926123172045,0.017199933528900146,0.039332859218120575,0.0915013775229454,0.2590523362159729,0.5,0.6897785067558289,1.0
3,5420,25000,0.2210778445005417,0.3154316246509552,6.263073828449706e-07,1.0,6.263073828449706e-07,0.0008306209347210824,0.002869747579097748,0.007297864183783531,0.017118385061621666,0.039354532957077026,0.0916675478219986,0.25706496834754944,0.5,0.6899999976158142,1.0
3,5430,25000,0.2211867719888687,0.31542956829071045,5.831277576362481e-07,1.0,5.831277576362481e-07,0.0008258363814093173,0.0028602448292076588,0.007342693395912647,0.017229413613677025,0.03925285488367081,0.09161326289176941,0.25929713249206543,0.5,0.6899999976158142,1.0
3,5440,25000,0.22111676633358002,0.31541377305984497,6.342766596389993e-07,1.0,6.342766596389993e-07,0.000830289616715163,0.0028830599039793015,0.007343777921050787,0.01718154363334179,0.03911527991294861,0.09152748435735703,0.25755244493484497,0.5,0.6899999976158142,1.0
3,5450,25000,0.22114236652851105,0.3154100477695465,4.911764222015336e-07,1.0,4.911764222015336e-07,0.0008291917038150132,0.0028848692309111357,0.00733910733833909,0.017233503982424736,0.03915223479270935,0.09194540977478027,0.25832071900367737,0.5,0.6899999976158142,1.0
3,5460,25000,0.2211138755083084,0.31537511944770813,7.65880940889474e-07,1.0,7.65880940889474e-07,0.0008312530117109418,0.0028764130547642708,0.007342234719544649,0.017170941457152367,0.039287369698286057,0.0914631113409996,0.2579493820667267,0.5,0.6899999976158142,1.0
3,5470,25000,0.22117960453033447,0.31546691060066223,6.305724582489347e-07,1.0,6.305724582489347e-07,0.0008311040000990033,0.00285973958671093,0.007348347920924425,0.01717112958431244,0.03911842033267021,0.09082460403442383,0.2584446966648102,0.5,0.6900069117546082,1.0
3,5480,25000,0.2211669236421585,0.3154231905937195,5.910926574870246e-07,1.0,5.910926574870246e-07,0.0008311101119033992,0.002864019013941288,0.007321265526115894,0.01721016876399517,0.03927701711654663,0.09163748472929001,0.2596747875213623,0.5,0.6899999976158142,1.0
3,5490,25000,0.2211546152830124,0.3154395520687103,6.266453738135169e-07,1.0,6.266453738135169e-07,0.0008305881638079882,0.002875437494367361,0.007324440870434046,0.017186364158988,0.03918292373418808,0.09139633923768997,0.2586413025856018,0.5,0.6899999976158142,1.0
3,5500,25000,0.22114911675453186,0.3154270648956299,5.6094700084941e-07,1.0,5.6094700084941e-07,0.0008298696484416723,0.0028634502086788416,0.007324919570237398,0.017166970297694206,0.039128873497247696,0.09140045940876007,0.25926870107650757,0.5,0.6899999976158142,1.0
3,5510,25000,0.2211964875459671,0.31543877720832825,8.250916607721592e-07,1.0,8.250916607721592e-07,0.0008350997231900692,0.002879712963476777,0.007309924811124802,0.017088353633880615,0.03919367492198944,0.09182895720005035,0.2591770887374878,0.5,0.6911618709564209,1.0
3,5520,25000,0.22117942571640015,0.3154463768005371,5.978931199024373e-07,1.0,5.978931199024373e-07,0.000834548263810575,0.0028688753955066204,0.007323733996599913,0.01711026206612587,0.03915457800030708,0.091306671500206,0.258832186460495,0.5,0.6905698776245117,1.0
3,5530,25000,0.2211972326040268,0.3154374063014984,8.080812676780624e-07,1.0,8.080812676780624e-07,0.0008323492365889251,0.002877989551052451,0.007337207905948162,0.017231455072760582,0.03915860131382942,0.09163730591535568,0.2590138614177704,0.5,0.6877782940864563,1.0
3,5540,25000,0.22109445929527283,0.31537994742393494,6.052640060261183e-07,1.0,6.052640060261183e-07,0.0008316003368236125,0.0028729536570608616,0.007323626894503832,0.017169272527098656,0.039305929094552994,0.09168212860822678,0.25854673981666565,0.5,0.6899999976158142,1.0
3,5550,25000,0.22110320627689362,0.315415620803833,6.000938697070524e-07,1.0,6.000938697070524e-07,0.0008289690013043582,0.0028706779703497887,0.007319556083530188,0.017090149223804474,0.03924423083662987,0.09140332043170929,0.2581471800804138,0.5,0.6899999976158142,1.0
3,5560,25000,0.2211383879184723,0.3154295086860657,5.706633601221256e-07,1.0,5.706633601221256e-07,0.0008304764633066952,0.0028662108816206455,0.007352910004556179,0.017156828194856644,0.039254412055015564,0.09174316376447678,0.25805994868278503,0.5,0.6918221712112427,1.0
3,5570,25000,0.22107841074466705,0.3154274821281433,5.728774112867541e-07,1.0,5.728774112867541e-07,0.0008362637599930167,0.0028687063604593277,0.007351892068982124,0.017168866470456123,0.03922749683260918,0.09123249351978302,0.25830698013305664,0.5,0.6899999976158142,1.0
3,5580,25000,0.22116214036941528,0.31542083621025085,6.660428084614978e-07,1.0,6.660428084614978e-07,0.0008360717911273241,0.0028746065218001604,0.007317271549254656,0.017196111381053925,0.039091020822525024,0.09141190350055695,0.2592737674713135,0.5,0.6899999976158142,1.0
3,5590,25000,0.22118966281414032,0.3154218792915344,6.10089955443982e-07,1.0,6.10089955443982e-07,0.0008318835753016174,0.002866271883249283,0.007328014355152845,0.017182838171720505,0.039245106279850006,0.09166046977043152,0.2585791051387787,0.5,0.6899999976158142,1.0
3,5600,25000,0.22115330398082733,0.3154453933238983,7.031632094367524e-07,1.0,7.031632094367524e-07,0.0008294841391034424,0.00286491378210485,0.007319416850805283,0.01709861308336258,0.03917551040649414,0.0913049653172493,0.2577401101589203,0.5,0.6899999976158142,1.0
3,5610,25000,0.22110404074192047,0.31541261076927185,7.109084663170506e-07,1.0,7.109084663170506e-07,0.0008324014488607645,0.002872306387871504,0.007316980045288801,0.017149902880191803,0.03939084708690643,0.09161391109228134,0.25816377997398376,0.5,0.6899999976158142,1.0
3,5620,25000,0.22110512852668762,0.31538814306259155,6.218729708962201e-07,1.0,6.218729708962201e-07,0.0008309551631100476,0.002871657023206353,0.007344286423176527,0.017199400812387466,0.039227887988090515,0.09135758131742477,0.2586163878440857,0.5,0.6899999976158142,1.0
3,5630,25000,0.2211785614490509,0.3154306709766388,6.721348313476483e-07,1.0,6.721348313476483e-07,0.0008282678900286555,0.002862784080207348,0.00735062500461936,0.01712563820183277,0.039214879274368286,0.09192545711994171,0.25771552324295044,0.5,0.6899999976158142,1.0
3,5640,25000,0.22120223939418793,0.31546470522880554,7.07048286585632e-07,1.0,7.07048286585632e-07,0.0008347664843313396,0.0028772398363798857,0.007349234074354172,0.017141034826636314,0.039284445345401764,0.09130730479955673,0.25834760069847107,0.5,0.6900947690010071,1.0
3,5650,25000,0.22110362350940704,0.31541866064071655,7.318149073398672e-07,1.0,7.318149073398672e-07,0.0008384202374145389,0.002863671164959669,0.007328356150537729,0.01716447062790394,0.03918091207742691,0.09145794808864594,0.25796326994895935,0.5,0.6899999976158142,1.0
3,5660,25000,0.2211366444826126,0.3154347538948059,7.561199026895338e-07,1.0,7.561199026895338e-07,0.0008269547834061086,0.0028587402775883675,0.007326439488679171,0.01713530533015728,0.03926759213209152,0.09105543792247772,0.25804468989372253,0.5,0.6899999976158142,1.0
3,5670,25000,0.22118979692459106,0.31541481614112854,7.721984616182453e-07,1.0,7.721984616182453e-07,0.0008342212531715631,0.0028755187522619963,0.007332775741815567,0.017145751044154167,0.03928340971469879,0.09186526387929916,0.2576623857021332,0.5,0.6899999976158142,1.0
3,5680,25000,0.2211645543575287,0.31542932987213135,6.499241749224893e-07,1.0,6.499241749224893e-07,0.0008340537897311151,0.002854676218703389,0.007358998991549015,0.017136801034212112,0.039271801710128784,0.0913577526807785,0.2578204870223999,0.5,0.6899999976158142,1.0
3,5690,25000,0.22110366821289062,0.31541815400123596,7.32387547941471e-07,1.0,7.32387547941471e-07,0.0008303213398903608,0.0028755306266248226,0.007297040894627571,0.01720050908625126,0.03917212039232254,0.09152121841907501,0.2584153115749359,0.5,0.6899999976158142,1.0
3,5700,25000,0.22112859785556793,0.31539809703826904,5.913574909754971e-07,1.0,5.913574909754971e-07,0.0008331873686984181,0.0028648576699197292,0.007330111227929592,0.017197130247950554,0.0391131192445755,0.09162552654743195,0.2585645616054535,0.5,0.6899999976158142,1.0
3,5710,25000,0.22112086415290833,0.31540483236312866,5.812546532979468e-07,1.0,5.812546532979468e-07,0.000831407553050667,0.002874077530577779,0.007349270861595869,0.017139529809355736,0.039208538830280304,0.09171716868877411,0.25838175415992737,0.5,0.6899999976158142,1.0
3,5720,25000,0.22115802764892578,0.31540146470069885,8.866435337040457e-07,1.0,8.866435337040457e-07,0.0008244611672125757,0.0028804123867303133,0.007348791696131229,0.0172867514193058,0.039216767996549606,0.09151972830295563,0.25827929377555847,0.5,0.6899999976158142,1.0
3,5730,25000,0.22114525735378265,0.3154090642929077,5.736579282711318e-07,1.0,5.736579282711318e-07,0.0008340124040842056,0.0028687932062894106,0.007315048947930336,0.017141755670309067,0.03904721885919571,0.09152939915657043,0.25907963514328003,0.5,0.6899999976158142,1.0
3,5740,25000,0.2210846096277237,0.3154003322124481,7.533606662946113e-07,1.0,7.533606662946113e-07,0.000833607860840857,0.0028772782534360886,0.007326687220484018,0.017172232270240784,0.03911454975605011,0.09148052334785461,0.25793492794036865,0.5,0.6903799176216125,1.0
3,5750,25000,0.221148282289505,0.3154354989528656,7.677032840547326e-07,1.0,7.677032840547326e-07,0.0008339491905644536,0.0028608753345906734,0.007346936501562595,0.01710077002644539,0.03913576900959015,0.09156495332717896,0.2597574293613434,0.5,0.6899999976158142,1.0
3,5760,25000,0.2212154120206833,0.31547805666923523,6.225422453098872e-07,1.0,6.225422453098872e-07,0.0008337044855579734,0.0028736633248627186,0.007341789081692696,0.01716361753642559,0.03915507346391678,0.09132453799247742,0.25873637199401855,0.5,0.6910017132759094,1.0
3,5770,25000,0.2211529165506363,0.3154345750808716,7.046168661872798e-07,1.0,7.046168661872798e-07,0.0008277043234556913,0.002879977459087968,0.007341323420405388,0.01721450686454773,0.03921567648649216,0.09178773313760757,0.2571084499359131,0.5,0.6920974254608154,1.0
3,5780,25000,0.2210683375597,0.3154180645942688,6.003273824717326e-07,1.0,6.003273824717326e-07,0.0008310641860589385,0.002869008807465434,0.007302531506866217,0.01712370663881302,0.039094358682632446,0.09131726622581482,0.25720012187957764,0.5,0.6904065608978271,1.0
3,5790,25000,0.22115057706832886,0.3154139518737793,7.831118864487507e-07,1.0,7.831118864487507e-07,0.0008284811628982425,0.0028788859490305185,0.007352207321673632,0.01709938608109951,0.039121270179748535,0.09165383875370026,0.25818270444869995,0.5,0.6899999976158142,1.0
3,5800,25000,0.22112219035625458,0.31540969014167786,7.826459977877676e-07,1.0,7.826459977877676e-07,0.0008298063767142594,0.0028743664734065533,0.007322805002331734,0.017103465273976326,0.03928530961275101,0.09140213578939438,0.2590746283531189,0.5,0.6899999976158142,1.0
3,5810,25000,0.22115974128246307,0.31542399525642395,6.815852202635142e-07,1.0,6.815852202635142e-07,0.0008326388779096305,0.002877388149499893,0.007313444744795561,0.017157690599560738,0.03928464278578758,0.09130240976810455,0.2583586275577545,0.5,0.6899999976158142,1.0
3,5820,25000,0.22106721997261047,0.3153667747974396,6.837645969426376e-07,1.0,6.837645969426376e-07,0.0008261940674856305,0.002888766583055258,0.0073456112295389175,0.01707427203655243,0.03926735371351242,0.09156875312328339,0.2579466700553894,0.5,0.6896291971206665,1.0
3,5830,25000,0.22114747762680054,0.31540021300315857,5.254282768873964e-07,1.0,5.254282768873964e-07,0.0008294684812426567,0.0028755466919392347,0.007301652804017067,0.01725011318922043,0.03925537317991257,0.09136509895324707,0.2592621147632599,0.5,0.6899999976158142,1.0
3,5840,25000,0.22117164731025696,0.31544309854507446,6.629767881349835e-07,1.0,6.629767881349835e-07,0.0008289868128485978,0.0028678844682872295,0.007328568492084742,0.017150571569800377,0.039170119911432266,0.09152570366859436,0.25797614455223083,0.5,0.6914039254188538,1.0
3,5850,25000,0.22108203172683716,0.3154181241989136,6.656779873992491e-07,1.0,6.656779873992491e-07,0.0008317753090523183,0.00286784116178751,0.007305522449314594,0.017157213762402534,0.03926054388284683,0.09115558862686157,0.25985434651374817,0.5,0.6899999976158142,1.0
3,5860,25000,0.22113671898841858,0.31540486216545105,6.974894404265797e-07,1.0,6.974894404265797e-07,0.0008309283293783665,0.00287381443195045,0.007360680028796196,0.01715526171028614,0.03923213481903076,0.09154656529426575,0.2577272653579712,0.5,0.6899999976158142,1.0
3,5870,25000,0.22118405997753143,0.31545495986938477,6.621471015932912e-07,1.0,6.621471015932912e-07,0.0008306971867568791,0.002873758552595973,0.0073005990125238895,0.017153941094875336,0.03921785205602646,0.09163831174373627,0.2581638991832733,0.5,0.6899999976158142,1.0
3,5880,25000,0.22119273245334625,0.31542444229125977,6.002492796142178e-07,1.0,6.002492796142178e-07,0.0008323643123731017,0.0028668318409472704,0.007339196279644966,0.017206255346536636,0.03918708115816116,0.0917806476354599,0.25892382860183716,0.5,0.6899999976158142,1.0
3,5890,25000,0.22112344205379486,0.31539684534072876,6.805402108511771e-07,1.0,6.805402108511771e-07,0.0008300966583192348,0.0028663515113294125,0.007342268712818623,0.017177531495690346,0.039264976978302,0.09153222292661667,0.25858399271965027,0.5,0.6895772218704224,1.0
3,5900,25000,0.22113481163978577,0.3154243230819702,7.155384764701012e-07,1.0,7.155384764701012e-07,0.0008317214669659734,0.0028525502420961857,0.00735760061070323,0.017193572595715523,0.039262883365154266,0.09146486967802048,0.2589522898197174,0.5,0.6899999976158142,1.0
3,5910,25000,0.22112759947776794,0.31541186571121216,6.939273475836671e-07,1.0,6.939273475836671e-07,0.0008347330149263144,0.002870255848392844,0.007346346974372864,0.017185691744089127,0.03925127536058426,0.09160409867763519,0.25791072845458984,0.5,0.6899999976158142,1.0
3,5920,25000,0.2211124747991562,0.3154039978981018,7.332297968787316e-07,1.0,7.332297968787316e-07,0.0008355990285053849,0.0028776898980140686,0.007353795692324638,0.017184998840093613,0.03924541920423508,0.09154269099235535,0.2572716474533081,0.5,0.6899325847625732,1.0
3,5930,25000,0.22112543880939484,0.3154187798500061,6.451153353737027e-07,1.0,6.451153353737027e-07,0.0008319886401295662,0.0028656241483986378,0.007302890066057444,0.01721394620835781,0.03895077854394913,0.091290682554245,0.2586568593978882,0.5,0.6899999976158142,1.0
3,5940,25000,0.22111913561820984,0.3154006600379944,6.919297561580606e-07,1.0,6.919297561580606e-07,0.0008291429257951677,0.0028787555638700724,0.007315490394830704,0.01719791628420353,0.039331670850515366,0.09150341153144836,0.2575712502002716,0.5,0.6899999976158142,1.0
3,5950,25000,0.2211906760931015,0.3154062330722809,6.200464781613846e-07,1.0,6.200464781613846e-07,0.0008284797077067196,0.0028658993542194366,0.007347812410444021,0.017197346314787865,0.039309874176979065,0.09165965765714645,0.2588253319263458,0.5,0.6899999976158142,1.0
3,5960,25000,0.22118395566940308,0.3154262900352478,7.295307682397834e-07,1.0,7.295307682397834e-07,0.0008302534697577357,0.002866803202778101,0.007349011953920126,0.01721441186964512,0.03933677822351456,0.091558538377285,0.2584342658519745,0.5,0.6899999976158142,1.0
3,5970,25000,0.2211240828037262,0.3154374361038208,7.643493518116884e-07,1.0,7.643493518116884e-07,0.0008322693756781518,0.002871579257771373,0.007348004728555679,0.017140086740255356,0.03914812207221985,0.0916004553437233,0.258098840713501,0.5,0.6899999976158142,1.0
3,5980,25000,0.2211325764656067,0.31540563702583313,7.312978027584904e-07,1.0,7.312978027584904e-07,0.000828624120913446,0.002865218324586749,0.00733644375577569,0.017158647999167442,0.039211779832839966,0.09154658764600754,0.2585671544075012,0.5,0.6899999976158142,1.0
3,5990,25000,0.2211965024471283,0.31544607877731323,7.815688150003552e-07,1.0,7.815688150003552e-07,0.000833629397675395,0.0028488612733781338,0.007291761692613363,0.017142700031399727,0.0391024649143219,0.0916852205991745,0.25919705629348755,0.5,0.6899999976158142,1.0
3,6000,25000,0.22112292051315308,0.31543514132499695,7.672834954064456e-07,1.0,7.672834954064456e-07,0.0008342047221958637,0.002878881525248289,0.007391795050352812,0.017135443165898323,0.0392427071928978,0.0911773219704628,0.25790494680404663,0.5,0.6899999976158142,1.0
3,6010,25000,0.22115458548069,0.31540027260780334,7.523208296333905e-07,1.0,7.523208296333905e-07,0.0008319710032083094,0.002872349228709936,0.007336743641644716,0.017187736928462982,0.03949090093374252,0.09183631092309952,0.25841087102890015,0.5,0.6899999976158142,1.0
3,6020,25000,0.2211778163909912,0.3154433071613312,6.667653451586375e-07,1.0,6.667653451586375e-07,0.0008332123979926109,0.0028842762112617493,0.007315879687666893,0.017208397388458252,0.03932366520166397,0.09149579703807831,0.25855788588523865,0.5,0.6902860999107361,1.0
3,6030,25000,0.22117747366428375,0.31544050574302673,6.592459840248921e-07,1.0,6.592459840248921e-07,0.0008295163279399276,0.0028730446938425303,0.007330077700316906,0.01718943379819393,0.039160579442977905,0.09156384319067001,0.2579331398010254,0.5,0.6899999976158142,1.0
3,6040,25000,0.22116915881633759,0.31539106369018555,6.996972956585523e-07,1.0,6.996972956585523e-07,0.00083139818161726,0.0028718076646327972,0.007366126403212547,0.017236413434147835,0.03946765512228012,0.09138866513967514,0.25888803601264954,0.5,0.6895936131477356,1.0
3,6050,25000,0.22115260362625122,0.31541261076927185,6.126459766164771e-07,1.0,6.126459766164771e-07,0.0008330270648002625,0.0028724349103868008,0.007305143866688013,0.017142893746495247,0.039249174296855927,0.0914604514837265,0.2582356929779053,0.5,0.6899999976158142,1.0
3,6060,25000,0.22118955850601196,0.3154464364051819,5.540601364373288e-07,1.0,5.540601364373288e-07,0.0008343024528585374,0.002868368523195386,0.007316532079130411,0.017129946500062943,0.039215415716171265,0.09168404340744019,0.25878000259399414,0.5,0.6899999976158142,1.0
3,6070,25000,0.22118088603019714,0.31540006399154663,5.785992129858641e-07,1.0,5.785992129858641e-07,0.0008260076283477247,0.0028633493930101395,0.00733198132365942,0.017148170620203018,0.03935791552066803,0.09160935878753662,0.25865983963012695,0.5,0.6899999976158142,1.0
3,6080,25000,0.22118927538394928,0.3154104948043823,6.006627586430113e-07,1.0,6.006627586430113e-07,0.0008319742046296597,0.0028721175622195005,0.007333616726100445,0.017108343541622162,0.03927242010831833,0.09172426909208298,0.2593720555305481,0.5,0.6899999976158142,1.0
3,6090,25000,0.22113779187202454,0.3154483139514923,6.342602887343674e-07,1.0,6.342602887343674e-07,0.0008332443539984524,0.0028689177706837654,0.007329675368964672,0.0171094611287117,0.03920581936836243,0.09120381623506546,0.2578893005847931,0.5,0.6899999976158142,1.0
3,6100,25000,0.22120387852191925,0.3154451847076416,5.564801881519088e-07,1.0,5.564801881519088e-07,0.0008318724576383829,0.002871711039915681,0.00735461013391614,0.017121506854891777,0.03936419636011124,0.09170204401016235,0.2588551342487335,0.5,0.6899999976158142,1.0
3,6110,25000,0.22112320363521576,0.3154364824295044,6.907225156282948e-07,1.0,6.907225156282948e-07,0.0008317892788909376,0.002878166502341628,0.0073265861719846725,0.017126362770795822,0.03905906155705452,0.09142066538333893,0.25834640860557556,0.5,0.6899999976158142,1.0
3,6120,25000,0.22111478447914124,0.3154301345348358,5.967551715002628e-07,1.0,5.967551715002628e-07,0.0008300301269628108,0.0028599530924111605,0.007355262991040945,0.017148785293102264,0.03921987861394882,0.09128981083631516,0.25807827711105347,0.5,0.6905284523963928,1.0
3,6130,25000,0.22119320929050446,0.31543007493019104,6.778230954296305e-07,1.0,6.778230954296305e-07,0.0008330935961566865,0.0028689969331026077,0.007359873503446579,0.01714935153722763,0.03922003135085106,0.09158813953399658,0.25835034251213074,0.5,0.6909440755844116,1.0
3,6140,25000,0.22114026546478271,0.31540247797966003,6.301195867308707e-07,1.0,6.301195867308707e-07,0.0008349150302819908,0.0028661703690886497,0.007350975181907415,0.017152784392237663,0.03924138844013214,0.09141068160533905,0.25852471590042114,0.5,0.6899999976158142,1.0
3,6150,25000,0.2211076021194458,0.31542786955833435,6.635506792918022e-07,1.0,6.635506792918022e-07,0.0008339072810485959,0.0028588015120476484,0.007321333512663841,0.017110086977481842,0.03926645964384079,0.09143416583538055,0.25841420888900757,0.5,0.6899999976158142,1.0
3,6160,25000,0.2211221605539322,0.3154508173465729,7.166584623519157e-07,1.0,7.166584623519157e-07,0.0008383460226468742,0.002876883838325739,0.007347585633397102,0.017122449353337288,0.03926622122526169,0.09120133519172668,0.2596987187862396,0.5,0.6899999976158142,1.0
3,6170,25000,0.2212090641260147,0.31542909145355225,6.673155326097913e-07,1.0,6.673155326097913e-07,0.0008306858944706619,0.0028796608094125986,0.007338539231568575,0.01716560125350952,0.03928004950284958,0.0918305516242981,0.2581883370876312,0.5,0.690518856048584,1.0
3,6180,25000,0.22113703191280365,0.31542059779167175,5.956935069661995e-07,1.0,5.956935069661995e-07,0.0008277858723886311,0.0028754030354321003,0.007362695410847664,0.017170757055282593,0.039166271686553955,0.09175107628107071,0.25896310806274414,0.5,0.6899999976158142,1.0
3,6190,25000,0.22116713225841522,0.31543639302253723,7.864812232583063e-07,1.0,7.864812232583063e-07,0.0008358301711268723,0.0028586608823388815,0.007331694010645151,0.017148688435554504,0.03938089311122894,0.09148163348436356,0.2576260566711426,0.5,0.6899999976158142,1.0
3,6200,25000,0.22110502421855927,0.3153668940067291,6.363111424434464e-07,1.0,6.363111424434464e-07,0.0008329639094881713,0.0028752859216183424,0.007356789894402027,0.017119789496064186,0.03919551894068718,0.09168780595064163,0.2574213147163391,0.5,0.6888706088066101,1.0
3,6210,25000,0.2211969792842865,0.31541770696640015,7.004138069532928e-07,1.0,7.004138069532928e-07,0.0008282757480628788,0.0028706914745271206,0.007312474772334099,0.017170755192637444,0.03906635195016861,0.09174563735723495,0.2590733468532562,0.5,0.6899999976158142,1.0
3,6220,25000,0.22115302085876465,0.3154347538948059,6.934869247743336e-07,1.0,6.934869247743336e-07,0.0008316023158840835,0.002868285635486245,0.00732765905559063,0.017143143340945244,0.039250291883945465,0.09141849726438522,0.2583957016468048,0.5,0.6899999976158142,1.0
3,6230,25000,0.22113202512264252,0.3153970539569855,7.448939527421317e-07,1.0,7.448939527421317e-07,0.0008352076401934028,0.0028771793004125357,0.0072941770777106285,0.01715734787285328,0.03924928605556488,0.09140276908874512,0.25866907835006714,0.5,0.6899999976158142,1.0
3,6240,25000,0.22115598618984222,0.31539368629455566,6.582784521924623e-07,1.0,6.582784521924623e-07,0.0008270514663308859,0.0028684602584689856,0.007352406159043312,0.01711525395512581,0.0392807237803936,0.0917278528213501,0.25806474685668945,0.5,0.6899999976158142,1.0
3,6250,25000,0.22114937007427216,0.31543809175491333,6.488554618044873e-07,1.0,6.488554618044873e-07,0.0008294344879686832,0.0028671519830822945,0.007334128487855196,0.017146674916148186,0.03917844593524933,0.0916978046298027,0.25825750827789307,0.5,0.6899999976158142,1.0
3,6260,25000,0.22115416824817657,0.3154069483280182,5.537078209272295e-07,1.0,5.537078209272295e-07,0.0008328732801601291,0.0028789143543690443,0.007338889874517918,0.01718205213546753,0.03933123126626015,0.09181717038154602,0.25814467668533325,0.5,0.6899999976158142,1.0
3,6270,25000,0.22112596035003662,0.31541046500205994,7.24803896900994e-07,1.0,7.24803896900994e-07,0.0008307608659379184,0.002875826321542263,0.007347592152655125,0.017184818163514137,0.039010122418403625,0.09156528860330582,0.2581727206707001,0.5,0.6899999976158142,1.0
3,6280,25000,0.22109021246433258,0.31537359952926636,6.616826908611984e-07,1.0,6.616826908611984e-07,0.00083395023830235,0.002864521462470293,0.007359881419688463,0.017080897465348244,0.0391588918864727,0.09143035858869553,0.2570425271987915,0.5,0.6899999976158142,1.0
3,6290,25000,0.22115552425384521,0.31543484330177307,6.203601969900774e-07,1.0,6.203601969900774e-07,0.0008304701186716557,0.0028865134809166193,0.00735422084107995,0.017198067158460617,0.039232783019542694,0.09147161990404129,0.258407324552536,0.5,0.6899999976158142,1.0
3,6300,25000,0.22112400829792023,0.3154212534427643,6.457786980718083e-07,1.0,6.457786980718083e-07,0.0008270060061477125,0.0028888904489576817,0.007307566236704588,0.01720562018454075,0.03930813819169998,0.09143824130296707,0.25880372524261475,0.5,0.6899999976158142,1.0
3,6310,25000,0.22113315761089325,0.31541672348976135,7.066374223541061e-07,1.0,7.066374223541061e-07,0.0008339377818629146,0.0028644162230193615,0.007370033301413059,0.017174044623970985,0.039196088910102844,0.09140289574861526,0.25930055975914,0.5,0.6899999976158142,1.0
3,6320,25000,0.2211877405643463,0.31541702151298523,6.549308295689116e-07,1.0,6.549308295689116e-07,0.0008332356228493154,0.0028626101557165384,0.0073000299744307995,0.017191896215081215,0.03929619491100311,0.09181613475084305,0.2587796151638031,0.5,0.6903685927391052,1.0
3,6330,25000,0.2211664766073227,0.31543681025505066,7.007293447713892e-07,1.0,7.007293447713892e-07,0.0008334318990819156,0.0028769385535269976,0.007297682575881481,0.017126357182860374,0.03933628648519516,0.09193481504917145,0.2593924105167389,0.5,0.6899999976158142,1.0
3,6340,25000,0.22118297219276428,0.3154139816761017,6.569098331965506e-07,1.0,6.569098331965506e-07,0.0008298535249195993,0.002864364767447114,0.00735799316316843,0.017170671373605728,0.03920486569404602,0.09162246435880661,0.25913527607917786,0.5,0.6899999976158142,1.0
3,6350,25000,0.22121815383434296,0.3154521882534027,7.806616508787556e-07,1.0,7.806616508787556e-07,0.0008312684367410839,0.0028544224333018064,0.0073440722189843655,0.017192993313074112,0.03928821533918381,0.09179367125034332,0.25876548886299133,0.5,0.6909313201904297,1.0
3,6360,25000,0.221187025308609,0.31541964411735535,6.595112154172966e-07,1.0,6.595112154172966e-07,0.0008312920108437538,0.0028812771197408438,0.00732962042093277,0.017209233716130257,0.03925260156393051,0.09143085777759552,0.2582632005214691,0.5,0.6899999976158142,1.0
3,6370,25000,0.22115333378314972,0.31544381380081177,6.725990147060656e-07,1.0,6.725990147060656e-07,0.00083008041838184,0.0028788731433451176,0.007315120194107294,0.017200041562318802,0.03931363672018051,0.09111037850379944,0.2586221694946289,0.5,0.6899999976158142,1.0
3,6380,25000,0.22115953266620636,0.3154448866844177,6.233040608094598e-07,1.0,6.233040608094598e-07,0.000833706057164818,0.0028727902099490166,0.007345206569880247,0.01715203933417797,0.03940635919570923,0.09136507660150528,0.2576218545436859,0.5,0.6899999976158142,1.0
3,6390,25000,0.2211730182170868,0.31540507078170776,6.887538575028884e-07,1.0,6.887538575028884e-07,0.0008351545548066497,0.002858278341591358,0.007335444446653128,0.01718371920287609,0.03927136957645416,0.09161894768476486,0.25918179750442505,0.5,0.6899999976158142,1.0
3,6400,25000,0.22115030884742737,0.31541144847869873,6.713434004268493e-07,1.0,6.713434004268493e-07,0.0008327917312271893,0.0028745343443006277,0.007322606164962053,0.017175016924738884,0.03928527981042862,0.09143771976232529,0.25888678431510925,0.5,0.6899999976158142,1.0
3,6410,25000,0.2211441993713379,0.3154181241989136,5.35816013780277e-07,1.0,5.35816013780277e-07,0.0008306752424687147,0.00288061099126935,0.007314430549740791,0.01714768074452877,0.03925688564777374,0.0911138653755188,0.2588193714618683,0.5,0.6899999976158142,1.0
3,6420,25000,0.2211848646402359,0.31542426347732544,6.41961264591373e-07,1.0,6.41961264591373e-07,0.0008325610542669892,0.0028771234210580587,0.007347258273512125,0.017222002148628235,0.039291106164455414,0.09184670448303223,0.2580249011516571,0.5,0.6899999976158142,1.0
3,6430,25000,0.22109700739383698,0.31538912653923035,7.191358690761263e-07,1.0,7.191358690761263e-07,0.0008291240665130317,0.002875839127227664,0.0073501612059772015,0.017182936891913414,0.039433933794498444,0.09180624783039093,0.2580048143863678,0.5,0.688175618648529,1.0
3,6440,25000,0.22116367518901825,0.31541234254837036,7.152862622206158e-07,1.0,7.152862622206158e-07,0.0008349901181645691,0.0028738914988934994,0.007342024706304073,0.017134828492999077,0.03917288780212402,0.09143882244825363,0.2582128345966339,0.5,0.6899999976158142,1.0
3,6450,25000,0.22113542258739471,0.3153977692127228,5.901887334403e-07,1.0,5.901887334403e-07,0.0008337700855918229,0.002860593143850565,0.007341129705309868,0.017198840156197548,0.03921910747885704,0.0920700803399086,0.2572890520095825,0.5,0.6899999976158142,1.0
3,6460,25000,0.22117775678634644,0.31542637944221497,6.354925972118508e-07,1.0,6.354925972118508e-07,0.0008306663949042559,0.00287108076736331,0.007323231548070908,0.01725146546959877,0.03913503140211105,0.09140871465206146,0.2578318119049072,0.5,0.6899999976158142,1.0
3,6470,25000,0.22119781374931335,0.3154408037662506,7.643006938451435e-07,1.0,7.643006938451435e-07,0.0008310489938594401,0.0028977927286177874,0.00732142198830843,0.01720416359603405,0.03910249471664429,0.09167976677417755,0.2582639753818512,0.5,0.6899664998054504,1.0
3,6480,25000,0.22116971015930176,0.31544241309165955,7.582112857562606e-07,1.0,7.582112857562606e-07,0.000831754005048424,0.0028588154818862677,0.007333410903811455,0.017133593559265137,0.039196714758872986,0.09146875143051147,0.2577308118343353,0.5,0.6899999976158142,1.0
3,6490,25000,0.22117900848388672,0.3154395520687103,8.092434882200905e-07,1.0,8.092434882200905e-07,0.00082870275946334,0.0028773813974112272,0.007309108506888151,0.017163122072815895,0.039295829832553864,0.09182380139827728,0.25828346610069275,0.5,0.6903899312019348,1.0
3,6500,25000,0.22116442024707794,0.315439373254776,5.691667297469394e-07,1.0,5.691667297469394e-07,0.0008329609991051257,0.002871324075385928,0.007334718946367502,0.01712801493704319,0.03928739205002785,0.09182856231927872,0.2589409649372101,0.5,0.6899999976158142,1.0
3,6510,25000,0.2210713028907776,0.315377414226532,6.332078896775784e-07,1.0,6.332078896775784e-07,0.0008330077980645001,0.002868612762540579,0.007325795944780111,0.017134783789515495,0.03919897973537445,0.09152992069721222,0.257585346698761,0.5,0.6899999976158142,1.0
3,6520,25000,0.22117653489112854,0.31541475653648376,6.046179237273464e-07,1.0,6.046179237273464e-07,0.0008261731127277017,0.0028681945987045765,0.0073395357467234135,0.017221929505467415,0.03925873339176178,0.09151185303926468,0.25857827067375183,0.5,0.6899999976158142,1.0
3,6530,25000,0.2212042212486267,0.3154378831386566,7.53228448502341e-07,1.0,7.53228448502341e-07,0.0008351103169843554,0.0028825721237808466,0.007342025171965361,0.01711430959403515,0.039326366037130356,0.091375432908535,0.25857314467430115,0.5,0.6899999976158142,1.0
3,6540,25000,0.22112947702407837,0.31541380286216736,6.767151035091956e-07,1.0,6.767151035091956e-07,0.0008343085646629333,0.0028668362647295,0.007321582641452551,0.01716294325888157,0.03915843367576599,0.09146725386381149,0.25814688205718994,0.5,0.6899999976158142,1.0
3,6550,25000,0.2211853414773941,0.3154469430446625,7.833463655515516e-07,1.0,7.833463655515516e-07,0.000829156837426126,0.0028638048097491264,0.007357642985880375,0.01714811474084854,0.03934137523174286,0.09150561690330505,0.25762200355529785,0.5,0.6899999976158142,1.0
3,6560,25000,0.22113655507564545,0.3154104948043823,6.26408905191056e-07,1.0,6.26408905191056e-07,0.0008368247654289007,0.002880544401705265,0.007333875633776188,0.01713983528316021,0.03913205862045288,0.09154711663722992,0.25818124413490295,0.5,0.6898416876792908,1.0
3,6570,25000,0.22115656733512878,0.315374493598938,5.045718580731773e-07,1.0,5.045718580731773e-07,0.0008311601122841239,0.002870146883651614,0.007321066688746214,0.01717866212129593,0.039207011461257935,0.09163987636566162,0.25972405076026917,0.5,0.6899999976158142,1.0
3,6580,25000,0.22110377252101898,0.31538641452789307,6.245472263799456e-07,1.0,6.245472263799456e-07,0.0008332819561474025,0.0028907835949212313,0.007321515586227179,0.017226984724402428,0.039133936166763306,0.09179813414812088,0.25687921047210693,0.5,0.6899999976158142,1.0
3,6590,25000,0.22118479013442993,0.31544244289398193,6.544277084685746e-07,1.0,6.544277084685746e-07,0.000834028294775635,0.002853276440873742,0.0073967669159173965,0.017193786799907684,0.039304181933403015,0.09151151776313782,0.25860849022865295,0.5,0.692078709602356,1.0
3,6600,25000,0.2211093157529831,0.3153831660747528,8.47237060952466e-07,1.0,8.47237060952466e-07,0.0008323138463310897,0.0028674649074673653,0.007349392399191856,0.017169050872325897,0.03925072401762009,0.0914636179804802,0.25784656405448914,0.5,0.6899999976158142,1.0
3,6610,25000,0.22121185064315796,0.31541895866394043,5.565050855693698e-07,1.0,5.565050855693698e-07,0.0008276173612102866,0.0028927940875291824,0.007335227448493242,0.017199398949742317,0.03930112347006798,0.09154778718948364,0.25840625166893005,0.5,0.6899999976158142,1.0
3,6620,25000,0.22118642926216125,0.3154563307762146,6.249830448723515e-07,1.0,6.249830448723515e-07,0.0008324773516505957,0.002872074954211712,0.007354710716754198,0.017165198922157288,0.039222877472639084,0.09136301279067993,0.25998106598854065,0.5,0.6899999976158142,1.0
3,6630,25000,0.2211221158504486,0.3153916597366333,6.173405608933535e-07,1.0,6.173405608933535e-07,0.0008320757187902927,0.0028749778866767883,0.0073412880301475525,0.01718728616833687,0.03916997089982033,0.09171181172132492,0.25917476415634155,0.5,0.6897172331809998,1.0
3,6640,25000,0.22117803990840912,0.3154223561286926,6.603113433811814e-07,1.0,6.603113433811814e-07,0.0008322878857143223,0.0028708018362522125,0.007349712308496237,0.01714315079152584,0.039236340671777725,0.09170553088188171,0.2598498463630676,0.5,0.6899999976158142,1.0
3,6650,25000,0.22116591036319733,0.3154352605342865,6.238477681108634e-07,1.0,6.238477681108634e-07,0.0008346219547092915,0.002872362732887268,0.007318486459553242,0.017145538702607155,0.039218731224536896,0.09136804193258286,0.2586333453655243,0.5,0.6899999976158142,1.0
3,6660,25000,0.22117194533348083,0.31543606519699097,7.077574082359206e-07,1.0,7.077574082359206e-07,0.000835298327729106,0.002879641018807888,0.00732595007866621,0.017206447198987007,0.039119232445955276,0.09184735268354416,0.2583416700363159,0.5,0.6896990537643433,1.0
3,6670,25000,0.2211698442697525,0.315449982881546,6.39537518054567e-07,1.0,6.39537518054567e-07,0.0008360387873835862,0.0028695622459053993,0.007365215569734573,0.017214568331837654,0.039142802357673645,0.09131450206041336,0.25805142521858215,0.5,0.6899999976158142,1.0
3,6680,25000,0.22116872668266296,0.315426230430603,7.886848152338644e-07,1.0,7.886848152338644e-07,0.0008337313774973154,0.0028762135189026594,0.007318473421037197,0.017144178971648216,0.039247941225767136,0.0914996936917305,0.25868484377861023,0.5,0.6899999976158142,1.0
3,6690,25000,0.22114884853363037,0.3154454231262207,5.42285988558433e-07,1.0,5.42285988558433e-07,0.0008349441923201084,0.0028792719822376966,0.007331789471209049,0.017207475379109383,0.03923473507165909,0.09123252332210541,0.25834906101226807,0.5,0.6899999976158142,1.0
3,6700,25000,0.22111833095550537,0.31542691588401794,6.247711894502572e-07,1.0,6.247711894502572e-07,0.000832040561363101,0.0028553789015859365,0.007333850953727961,0.017108600586652756,0.03922704979777336,0.09166915714740753,0.2584480941295624,0.5,0.6897764801979065,1.0
3,6710,25000,0.221159428358078,0.3154236972332001,6.307616331469035e-07,1.0,6.307616331469035e-07,0.0008334611775353551,0.002857492072507739,0.007314081769436598,0.017198147252202034,0.03927800804376602,0.09135368466377258,0.258195698261261,0.5,0.6899999976158142,1.0
3,6720,25000,0.22118733823299408,0.3154343366622925,6.487234713858925e-07,1.0,6.487234713858925e-07,0.0008369619026780128,0.002874368103221059,0.007303829770535231,0.017145970836281776,0.0393158495426178,0.09162822365760803,0.25860586762428284,0.5,0.6899999976158142,1.0
3,6730,25000,0.22118054330348969,0.31542208790779114,7.516739515267545e-07,1.0,7.516739515267545e-07,0.0008269102545455098,0.002855458064004779,0.007332643028348684,0.017165372148156166,0.039051465690135956,0.09163250774145126,0.2588876187801361,0.5,0.6899999976158142,1.0
3,6740,25000,0.22110137343406677,0.3153843879699707,6.38588460333267e-07,1.0,6.38588460333267e-07,0.000835002982057631,0.0028743096627295017,0.007342088967561722,0.017080161720514297,0.039292607456445694,0.09149129688739777,0.2584025263786316,0.5,0.6899999976158142,1.0
3,6750,25000,0.22115156054496765,0.3154401183128357,7.106155521796609e-07,1.0,7.106155521796609e-07,0.0008244926575571299,0.002866948489099741,0.007322309073060751,0.017112484201788902,0.03917890414595604,0.0912177711725235,0.25885820388793945,0.5,0.6899734139442444,1.0
3,6760,25000,0.2211674451828003,0.3154357671737671,5.560907538892934e-07,1.0,5.560907538892934e-07,0.0008334996527992189,0.0028721618000417948,0.007328755222260952,0.017112312838435173,0.03931276500225067,0.09123460203409195,0.25779223442077637,0.5,0.6899999976158142,1.0
3,6770,25000,0.22112888097763062,0.31537380814552307,6.403820407285821e-07,1.0,6.403820407285821e-07,0.0008336070459336042,0.00287600327283144,0.0073285638354718685,0.017207270488142967,0.03922123461961746,0.09154155850410461,0.2584300935268402,0.5,0.6899999976158142,1.0
3,6780,25000,0.22120293974876404,0.315457820892334,5.183125608709815e-07,1.0,5.183125608709815e-07,0.0008313669823110104,0.0028771907091140747,0.007330556865781546,0.01718105748295784,0.039248719811439514,0.09144022315740585,0.25964805483818054,0.5,0.6899999976158142,1.0
3,6790,25000,0.22115503251552582,0.31542056798934937,6.369919560711423e-07,1.0,6.369919560711423e-07,0.0008329861448146403,0.0028726537711918354,0.007289637811481953,0.01717478781938553,0.03911513462662697,0.09135498851537704,0.25857067108154297,0.5,0.6889392137527466,1.0
3,6800,25000,0.22114567458629608,0.31541895866394043,7.924815008664154e-07,1.0,7.924815008664154e-07,0.0008303576614707708,0.002879581181332469,0.007383379153907299,0.017145244404673576,0.03921922296285629,0.09145424515008926,0.25825172662734985,0.5,0.6899999976158142,1.0
3,6810,25000,0.22114068269729614,0.3154151141643524,8.21665025796392e-07,1.0,8.21665025796392e-07,0.0008283256320282817,0.0028653910849243402,0.007307835388928652,0.017145482823252678,0.039172448217868805,0.09129586815834045,0.2586077153682709,0.5,0.6899999976158142,1.0
3,6820,25000,0.2211778610944748,0.3154335021972656,7.898810849837901e-07,1.0,7.898810849837901e-07,0.000833205645903945,0.0028712754137814045,0.007340084761381149,0.017173953354358673,0.03933478891849518,0.09158957004547119,0.2582380771636963,0.5,0.6899999976158142,1.0
3,6830,25000,0.221185564994812,0.3154376149177551,5.428673830465414e-07,1.0,5.428673830465414e-07,0.0008381556253880262,0.002870930125936866,0.007300023455172777,0.01712128333747387,0.03922390192747116,0.09149545431137085,0.2593461275100708,0.5,0.6899999976158142,1.0
3,6840,25000,0.22117044031620026,0.3154093027114868,6.811612252022314e-07,1.0,6.811612252022314e-07,0.0008321161731146276,0.0028719292022287846,0.007341395597904921,0.01722223125398159,0.03924664855003357,0.09163753688335419,0.2582480311393738,0.5,0.6899999976158142,1.0
3,6850,25000,0.22115987539291382,0.3154483437538147,6.37654068214033e-07,1.0,6.37654068214033e-07,0.0008295686566270888,0.0028585498221218586,0.0073466855101287365,0.017199059948325157,0.0392182394862175,0.09165775775909424,0.258046418428421,0.5,0.6899999976158142,1.0
3,6860,25000,0.22115591168403625,0.3154345750808716,7.96571214323194e-07,1.0,7.96571214323194e-07,0.000826072006020695,0.0028904383070766926,0.007343050558120012,0.01711786352097988,0.03924691677093506,0.0911780595779419,0.2585628628730774,0.5,0.6899999976158142,1.0
3,6870,25000,0.22114872932434082,0.3154464364051819,7.139193485272699e-07,1.0,7.139193485272699e-07,0.0008338697953149676,0.0028665915597230196,0.007337099406868219,0.017184006050229073,0.03922633081674576,0.09153846651315689,0.25900447368621826,0.5,0.6899999976158142,1.0
3,6880,25000,0.22114479541778564,0.31542888283729553,5.95353128574061e-07,1.0,5.95353128574061e-07,0.0008307585958391428,0.0028623808175325394,0.007325777783989906,0.017172202467918396,0.039257731288671494,0.09176184237003326,0.25863251090049744,0.5,0.6899999976158142,1.0
3,6890,25000,0.22111375629901886,0.31539884209632874,6.040385187588981e-07,1.0,6.040385187588981e-07,0.0008322815992869437,0.002875901758670807,0.007295756600797176,0.017155909910798073,0.03921665996313095,0.09125784784555435,0.2589800953865051,0.5,0.6899999976158142,1.0
3,6900,25000,0.22115378081798553,0.3154586851596832,6.483579682026175e-07,1.0,6.483579682026175e-07,0.000834265083540231,0.0028823406901210546,0.007342903409153223,0.01707032322883606,0.03915192559361458,0.09160301089286804,0.25853949785232544,0.5,0.6899999976158142,1.0
3,6910,25000,0.22109708189964294,0.31538304686546326,6.357053621286468e-07,1.0,6.357053621286468e-07,0.0008356845355592668,0.0028809153009206057,0.007344674784690142,0.017089826986193657,0.03924112021923065,0.0915171355009079,0.2575932443141937,0.5,0.6899999976158142,1.0
3,6920,25000,0.2210405170917511,0.31538280844688416,5.46980345461634e-07,1.0,5.46980345461634e-07,0.0008326411480084062,0.002863979199901223,0.007299598306417465,0.01719784364104271,0.03905436769127846,0.09158223122358322,0.25721850991249084,0.5,0.6899999976158142,1.0
3,6930,25000,0.22110435366630554,0.31542420387268066,6.323173806777049e-07,1.0,6.323173806777049e-07,0.0008320895722135901,0.002881394699215889,0.007327977102249861,0.017139440402388573,0.03924749419093132,0.09108585864305496,0.2589193284511566,0.5,0.6899999976158142,1.0
3,6940,25000,0.22113953530788422,0.31540656089782715,5.874852035958611e-07,1.0,5.874852035958611e-07,0.0008374316967092454,0.0028801539447158575,0.007329139392822981,0.017178332433104515,0.039178915321826935,0.09182845801115036,0.2580476999282837,0.5,0.6890389323234558,1.0
3,6950,25000,0.22116051614284515,0.315420925617218,5.54717530576454e-07,1.0,5.54717530576454e-07,0.0008306405507028103,0.002886048285290599,0.007316564675420523,0.01717287115752697,0.039263226091861725,0.09156766533851624,0.2583409249782562,0.5,0.6899999976158142,1.0
3,6960,25000,0.22120049595832825,0.315440833568573,6.168996264932503e-07,1.0,6.168996264932503e-07,0.0008305812953040004,0.0028816440608352423,0.007330217398703098,0.017195049673318863,0.03923711180686951,0.09155086427927017,0.2590465247631073,0.5,0.690280556678772,1.0
3,6970,25000,0.22117772698402405,0.31542667746543884,6.214900736267737e-07,1.0,6.214900736267737e-07,0.0008291830308735371,0.0028728179167956114,0.007344874553382397,0.017216868698596954,0.039269786328077316,0.09167748689651489,0.25821080803871155,0.5,0.690129280090332,1.0
3,6980,25000,0.22109182178974152,0.3154250383377075,6.670096013294824e-07,1.0,6.670096013294824e-07,0.0008340933709405363,0.0028720067348331213,0.007334459573030472,0.01717728190124035,0.03920426964759827,0.09143109619617462,0.25906693935394287,0.5,0.6899999976158142,1.0
3,6990,25000,0.221153125166893,0.3153913617134094,6.022715410836099e-07,1.0,6.022715410836099e-07,0.0008346736431121826,0.0028813043609261513,0.007346840109676123,0.017191724851727486,0.03929385542869568,0.0916561409831047,0.2586965262889862,0.5,0.6899999976158142,1.0
3,7000,25000,0.22112978994846344,0.31542733311653137,5.393637820816366e-07,1.0,5.393637820816366e-07,0.0008256305009126663,0.0028742561116814613,0.00733598368242383,0.01705043762922287,0.039131805300712585,0.09158521145582199,0.25782355666160583,0.5,0.6899999976158142,1.0
