step,epoch,n_refreshed,mean,std,min,max,q00,q10,q20,q30,q40,q50,q60,q70,q80,q90,q100
2,0,,0.5607950687408447,0.1539364606142044,0.5,1.0,0.5,0.5,0.5,0.5,0.5,0.5,0.5,0.5,0.5199999809265137,1.0,1.0
2,10,25000,0.28127408027648926,0.3165595531463623,3.179123450536281e-05,1.0,3.179123450536281e-05,0.0053581190295517445,0.016171742230653763,0.035942234098911285,0.07095834612846375,0.13300421833992004,0.24150002002716064,0.4941556453704834,0.5,1.0,1.0
2,20,25000,0.2813508212566376,0.31664156913757324,2.9956139769637957e-05,1.0,2.9956139769637957e-05,0.005297550465911627,0.016236741095781326,0.0359206348657608,0.07103996723890305,0.13217119872570038,0.24157536029815674,0.4937252104282379,0.5,1.0,1.0
2,30,25000,0.2814341187477112,0.3167128264904022,3.010609907505568e-05,1.0,3.010609907505568e-05,0.005319145508110523,0.01615663431584835,0.03597657382488251,0.07146596908569336,0.13226357102394104,0.2422041893005371,0.49623602628707886,0.5,1.0,1.0
2,40,25000,0.2813466191291809,0.3166397511959076,2.8452810511225834e-05,1.0,2.8452810511225834e-05,0.0053536370396614075,0.016096016392111778,0.035982757806777954,0.07139785587787628,0.13283774256706238,0.24160653352737427,0.49414342641830444,0.5,1.0,1.0
2,50,25000,0.28143924474716187,0.3168424367904663,2.645855420269072e-05,1.0,2.645855420269072e-05,0.005324576050043106,0.016167953610420227,0.035985320806503296,0.07095477730035782,0.13278743624687195,0.24068035185337067,0.4958500564098358,0.5,1.0,1.0
2,60,25000,0.28155890107154846,0.31696122884750366,2.7708152629202232e-05,1.0,2.7708152629202232e-05,0.005323390010744333,0.016229774802923203,0.03582343831658363,0.07110881805419922,0.13264325261116028,0.24083511531352997,0.49493566155433655,0.5,1.0,1.0
2,70,25000,0.2815469801425934,0.3169706463813782,2.7857766326633282e-05,1.0,2.7857766326633282e-05,0.005315073765814304,0.01623251847922802,0.03593520075082779,0.07096785306930542,0.1324581503868103,0.24087749421596527,0.4947783350944519,0.5,1.0,1.0
2,80,25000,0.2815878689289093,0.31720489263534546,3.514627678669058e-05,1.0,3.514627678669058e-05,0.005342524498701096,0.01614750176668167,0.0359310545027256,0.07126645743846893,0.13241995871067047,0.2401380091905594,0.49576419591903687,0.5,1.0,1.0
2,90,25000,0.28173020482063293,0.3173034191131592,2.7415770091465674e-05,1.0,2.7415770091465674e-05,0.005381071474403143,0.016238972544670105,0.03588298708200455,0.07118482142686844,0.13278800249099731,0.24075976014137268,0.49340394139289856,0.5,1.0,1.0
2,100,25000,0.2817382216453552,0.3174873888492584,2.986535218951758e-05,1.0,2.986535218951758e-05,0.005287477746605873,0.016136642545461655,0.035970915108919144,0.07134649157524109,0.13227638602256775,0.24090680480003357,0.49515417218208313,0.5,1.0,1.0
2,110,25000,0.2820415496826172,0.3177706003189087,2.9795648515573703e-05,1.0,2.9795648515573703e-05,0.00531935878098011,0.016276882961392403,0.03591339662671089,0.07088065147399902,0.13239505887031555,0.24189989268779755,0.4972034990787506,0.5,1.0,1.0
2,120,25000,0.2823007106781006,0.31835639476776123,2.770096398307942e-05,1.0,2.770096398307942e-05,0.005320266354829073,0.016189152374863625,0.03593932464718819,0.0708896815776825,0.1329270452260971,0.24236194789409637,0.49416765570640564,0.5,1.0,1.0
2,130,25000,0.28281712532043457,0.3194500207901001,2.9320488465600647e-05,1.0,2.9320488465600647e-05,0.005333298817276955,0.016251100227236748,0.036030784249305725,0.07125599682331085,0.1327325999736786,0.24180743098258972,0.4935538172721863,0.5,1.0,1.0
2,140,25000,0.283311665058136,0.32029202580451965,3.130643381155096e-05,1.0,3.130643381155096e-05,0.0053033120930194855,0.01618906483054161,0.0357326939702034,0.07149793207645416,0.13248714804649353,0.24119782447814941,0.49350690841674805,0.5,1.0,1.0
2,150,25000,0.283376008272171,0.32051944732666016,2.7434047296992503e-05,1.0,2.7434047296992503e-05,0.00531450379639864,0.016293106600642204,0.03599153831601143,0.07126720994710922,0.1323758065700531,0.24045822024345398,0.49333804845809937,0.5,1.0,1.0
2,160,25000,0.28340664505958557,0.32051312923431396,2.938542456831783e-05,1.0,2.938542456831783e-05,0.005359002389013767,0.01618128828704357,0.035868287086486816,0.07118675857782364,0.13252703845500946,0.24039919674396515,0.49429741501808167,0.5,1.0,1.0
2,170,25000,0.2833660840988159,0.32047146558761597,3.129118340439163e-05,1.0,3.129118340439163e-05,0.005344856064766645,0.01625910960137844,0.03573112562298775,0.0711979866027832,0.13235318660736084,0.24157916009426117,0.49467891454696655,0.5,1.0,1.0
2,180,25000,0.2834675908088684,0.32056888937950134,3.449399446253665e-05,1.0,3.449399446253665e-05,0.005341586656868458,0.01614210568368435,0.03572482243180275,0.0714176595211029,0.13260546326637268,0.24065451323986053,0.4948323369026184,0.5,1.0,1.0
2,190,25000,0.2834869921207428,0.320485919713974,2.7937527192989364e-05,1.0,2.7937527192989364e-05,0.005357096437364817,0.016133520752191544,0.03590654209256172,0.07148858904838562,0.13304957747459412,0.24118706583976746,0.49618661403656006,0.5,1.0,1.0
2,200,25000,0.2831763029098511,0.3204430341720581,3.099839523201808e-05,1.0,3.099839523201808e-05,0.005333243403583765,0.01622617617249489,0.03580396994948387,0.07078956812620163,0.1326395869255066,0.240533247590065,0.4938064217567444,0.5,1.0,1.0
2,210,25000,0.2835230231285095,0.32050058245658875,2.7804457204183564e-05,1.0,2.7804457204183564e-05,0.005370662081986666,0.01624220795929432,0.03588087856769562,0.07140211015939713,0.13289543986320496,0.24190549552440643,0.49438169598579407,0.5,1.0,1.0
2,220,25000,0.28342336416244507,0.3205515742301941,3.3704392990330234e-05,1.0,3.3704392990330234e-05,0.005354781169444323,0.01610622927546501,0.036025676876306534,0.07114824652671814,0.13244953751564026,0.2408687174320221,0.49551093578338623,0.5,1.0,1.0
2,230,25000,0.2835145890712738,0.32056593894958496,3.3406027796445414e-05,1.0,3.3406027796445414e-05,0.005337502341717482,0.01624748297035694,0.03607308492064476,0.07091865688562393,0.1320544183254242,0.24184350669384003,0.496105432510376,0.5,1.0,1.0
2,240,25000,0.28339269757270813,0.32056230306625366,2.9314558560145088e-05,1.0,2.9314558560145088e-05,0.005312658846378326,0.016205180436372757,0.035887885838747025,0.07118836790323257,0.1323113739490509,0.2406587153673172,0.4933725595474243,0.5,1.0,1.0
2,250,25000,0.28344622254371643,0.3205563426017761,3.108578312094323e-05,1.0,3.108578312094323e-05,0.005331449676305056,0.016177739948034286,0.03589734062552452,0.07107199728488922,0.1328238695859909,0.24092985689640045,0.49329206347465515,0.5,1.0,1.0
2,260,25000,0.2833769917488098,0.32058772444725037,3.2207837648456916e-05,1.0,3.2207837648456916e-05,0.005286001600325108,0.01626395992934704,0.035788729786872864,0.07100994884967804,0.13259300589561462,0.24087753891944885,0.4960348904132843,0.5,1.0,1.0
2,270,25000,0.2833296060562134,0.3204922676086426,2.6974379579769447e-05,1.0,2.6974379579769447e-05,0.005358771421015263,0.016336316242814064,0.03589216619729996,0.07094671577215195,0.13228225708007812,0.24141784012317657,0.49367979168891907,0.5,1.0,1.0
2,280,25000,0.28347134590148926,0.3205646574497223,3.542476406437345e-05,1.0,3.542476406437345e-05,0.005300506483763456,0.016155079007148743,0.0359157919883728,0.0711335837841034,0.1324806809425354,0.2416222095489502,0.4955631196498871,0.5,1.0,1.0
2,290,25000,0.28337234258651733,0.3205147087574005,3.408652264624834e-05,1.0,3.408652264624834e-05,0.005355956498533487,0.0162216629832983,0.03582271188497543,0.07114419341087341,0.13293598592281342,0.24064038693904877,0.49507707357406616,0.5,1.0,1.0
2,300,25000,0.28338438272476196,0.3206058144569397,2.9537446607719176e-05,1.0,2.9537446607719176e-05,0.005380541551858187,0.01614856719970703,0.03583536297082901,0.07083924114704132,0.13211745023727417,0.2412397563457489,0.49441206455230713,0.5,1.0,1.0
2,310,25000,0.28339219093322754,0.3205115497112274,2.4512703021173365e-05,1.0,2.4512703021173365e-05,0.005322262179106474,0.0162400733679533,0.03585150092840195,0.07141894847154617,0.13268697261810303,0.24071192741394043,0.4931812286376953,0.5,1.0,1.0
2,320,25000,0.2833244800567627,0.3205498456954956,2.9257553251227364e-05,1.0,2.9257553251227364e-05,0.005327642895281315,0.01607976295053959,0.03557416424155235,0.07138776779174805,0.13270044326782227,0.24184860289096832,0.49375542998313904,0.5,1.0,1.0
2,330,25000,0.28339990973472595,0.32060375809669495,3.253998511354439e-05,1.0,3.253998511354439e-05,0.005327481776475906,0.01609099470078945,0.03593171760439873,0.07104194164276123,0.13249677419662476,0.2410651296377182,0.49324241280555725,0.5,1.0,1.0
2,340,25000,0.2833179235458374,0.32061973214149475,2.3984861400094815e-05,1.0,2.3984861400094815e-05,0.005365454591810703,0.016117867082357407,0.035913873463869095,0.07116720825433731,0.13250663876533508,0.24069854617118835,0.49538055062294006,0.5,1.0,1.0
2,350,25000,0.283445805311203,0.32059183716773987,3.220994767616503e-05,1.0,3.220994767616503e-05,0.005322715733200312,0.01625119149684906,0.03579900041222572,0.07110312581062317,0.1326979249715805,0.24070732295513153,0.49480125308036804,0.5,1.0,1.0
2,360,25000,0.28353312611579895,0.3205714225769043,2.879009480238892e-05,1.0,2.879009480238892e-05,0.0053542000241577625,0.016131088137626648,0.03594449162483215,0.07122734934091568,0.1327260434627533,0.24174213409423828,0.4942436218261719,0.5,1.0,1.0
2,370,25000,0.28331491351127625,0.3205854892730713,3.226133776479401e-05,1.0,3.226133776479401e-05,0.005321998614817858,0.016240999102592468,0.03595193475484848,0.07088962197303772,0.13256311416625977,0.24034158885478973,0.49500903487205505,0.5,1.0,1.0
2,380,25000,0.2833404541015625,0.32059046626091003,3.293766712886281e-05,1.0,3.293766712886281e-05,0.005317580420523882,0.016184987500309944,0.03575313836336136,0.0707780048251152,0.13179662823677063,0.2413492649793625,0.4942198395729065,0.5,1.0,1.0
2,390,25000,0.28351813554763794,0.32053282856941223,3.263348844484426e-05,1.0,3.263348844484426e-05,0.005316695664077997,0.01618342660367489,0.035748161375522614,0.0710567906498909,0.13343128561973572,0.24183227121829987,0.49400782585144043,0.5,1.0,1.0
2,400,25000,0.2834756672382355,0.32069849967956543,3.357660898473114e-05,1.0,3.357660898473114e-05,0.005348464474081993,0.01613663136959076,0.035923440009355545,0.07109330594539642,0.13311824202537537,0.23874825239181519,0.49541324377059937,0.5,1.0,1.0
2,410,25000,0.28334665298461914,0.3206724524497986,3.195729368599132e-05,1.0,3.195729368599132e-05,0.005318733863532543,0.016128985211253166,0.03586117550730705,0.07086346298456192,0.13243424892425537,0.24028003215789795,0.4939318299293518,0.5,1.0,1.0
2,420,25000,0.2835920453071594,0.3206052780151367,2.8458285669330508e-05,1.0,2.8458285669330508e-05,0.005353264976292849,0.016254521906375885,0.03610159084200859,0.07130343466997147,0.13237364590168,0.24216347932815552,0.4953654110431671,0.5,1.0,1.0
2,430,25000,0.28342410922050476,0.32063543796539307,3.06220244965516e-05,1.0,3.06220244965516e-05,0.005325946491211653,0.01608247123658657,0.03577258810400963,0.07111358642578125,0.13217449188232422,0.2415943294763565,0.49444249272346497,0.5,1.0,1.0
2,440,25000,0.2835652828216553,0.32072335481643677,3.1364357710117474e-05,1.0,3.1364357710117474e-05,0.005336155649274588,0.016292497515678406,0.036080390214920044,0.07101766020059586,0.13259711861610413,0.24167470633983612,0.49705636501312256,0.5,1.0,1.0
2,450,25000,0.2833055853843689,0.32051363587379456,3.1360217690235004e-05,1.0,3.1360217690235004e-05,0.005326089449226856,0.016210637986660004,0.036141250282526016,0.07126995176076889,0.13261711597442627,0.24134352803230286,0.49435439705848694,0.5,1.0,1.0
2,460,25000,0.28337499499320984,0.32063817977905273,2.925717126345262e-05,1.0,2.925717126345262e-05,0.00534773338586092,0.016192998737096786,0.03590508550405502,0.07082834094762802,0.1324496567249298,0.24105678498744965,0.4944732189178467,0.5,1.0,1.0
2,470,25000,0.28348106145858765,0.32067230343818665,3.3704887755448e-05,1.0,3.3704887755448e-05,0.0053067696280777454,0.016110962256789207,0.03561977669596672,0.07132955640554428,0.1326701045036316,0.24057239294052124,0.49368396401405334,0.5,1.0,1.0
2,480,25000,0.28339728713035583,0.3206135332584381,2.9425582397379912e-05,1.0,2.9425582397379912e-05,0.005330550484359264,0.016078224405646324,0.035763464868068695,0.07087016105651855,0.13307994604110718,0.24107913672924042,0.4951133131980896,0.5,1.0,1.0
2,490,25000,0.2833988666534424,0.3205870985984802,3.1130712159210816e-05,1.0,3.1130712159210816e-05,0.005356133449822664,0.01617533527314663,0.03585461527109146,0.07120850682258606,0.13272513449192047,0.24038437008857727,0.4936899244785309,0.5,1.0,1.0
2,500,25000,0.2833588123321533,0.32060402631759644,3.067124998779036e-05,1.0,3.067124998779036e-05,0.0053365183994174,0.016202803701162338,0.0359485037624836,0.07108155637979507,0.1322663426399231,0.2408464550971985,0.49567174911499023,0.5,1.0,1.0
2,510,25000,0.2834353744983673,0.3205122649669647,3.2185449526878074e-05,1.0,3.2185449526878074e-05,0.005283011123538017,0.016121288761496544,0.03599317744374275,0.07100148499011993,0.1327364593744278,0.24141864478588104,0.4937721788883209,0.5,1.0,1.0
2,520,25000,0.28342708945274353,0.3205139935016632,2.4116601707646623e-05,1.0,2.4116601707646623e-05,0.005339436233043671,0.01620618812739849,0.03585941717028618,0.07100222259759903,0.1326577067375183,0.2407670021057129,0.49333542585372925,0.5,1.0,1.0
2,530,25000,0.28344011306762695,0.3205746114253998,3.1616014894098043e-05,1.0,3.1616014894098043e-05,0.005351195111870766,0.016069592908024788,0.035855960100889206,0.07107528299093246,0.13282835483551025,0.2416396290063858,0.4940682649612427,0.5,1.0,1.0
2,540,25000,0.28346988558769226,0.3207017779350281,2.9541319236159325e-05,1.0,2.9541319236159325e-05,0.0053157806396484375,0.016121216118335724,0.036028411239385605,0.07133844494819641,0.132181316614151,0.2403566688299179,0.4964975118637085,0.5,1.0,1.0
2,550,25000,0.2835368514060974,0.32065722346305847,2.8503223802545108e-05,1.0,2.8503223802545108e-05,0.00532581377774477,0.01622292771935463,0.03603196144104004,0.07132331281900406,0.13256517052650452,0.24055975675582886,0.4962247610092163,0.5,1.0,1.0
2,560,25000,0.2834847867488861,0.32062259316444397,2.8000964448438026e-05,1.0,2.8000964448438026e-05,0.005342631600797176,0.01619311235845089,0.03596712648868561,0.07099789381027222,0.1324114352464676,0.24129760265350342,0.4936210513114929,0.5,1.0,1.0
2,570,25000,0.283463716506958,0.3206093907356262,2.8559057682286948e-05,1.0,2.8559057682286948e-05,0.00538724847137928,0.016230730339884758,0.035787954926490784,0.07128556072711945,0.1328563392162323,0.2408306896686554,0.4959805905818939,0.5,1.0,1.0
2,580,25000,0.28346097469329834,0.3205883800983429,2.9981971238157712e-05,1.0,2.9981971238157712e-05,0.005347250495105982,0.01613938994705677,0.03592013195157051,0.07131942361593246,0.13257312774658203,0.24069207906723022,0.4938153922557831,0.5,1.0,1.0
2,590,25000,0.2834073305130005,0.3205948770046234,3.102451955783181e-05,1.0,3.102451955783181e-05,0.005311490967869759,0.016183635219931602,0.03610314056277275,0.07105273008346558,0.13183903694152832,0.24102522432804108,0.49537479877471924,0.5,1.0,1.0
2,600,25000,0.28341978788375854,0.32052701711654663,3.210922295693308e-05,1.0,3.210922295693308e-05,0.005346011836081743,0.016211410984396935,0.03599248826503754,0.07114774733781815,0.1329977959394455,0.2415117472410202,0.49431106448173523,0.5,1.0,1.0
2,610,25000,0.28357377648353577,0.32059967517852783,2.8758260668837465e-05,1.0,2.8758260668837465e-05,0.00531797856092453,0.016203420236706734,0.035982582718133926,0.07116029411554337,0.1328837275505066,0.24164460599422455,0.49513307213783264,0.5,1.0,1.0
2,620,25000,0.2833082675933838,0.3205093741416931,2.5506949896225706e-05,1.0,2.5506949896225706e-05,0.005339738912880421,0.016265850514173508,0.03604884073138237,0.0709511861205101,0.13238272070884705,0.24153073132038116,0.493259996175766,0.5,1.0,1.0
2,630,25000,0.2834002375602722,0.32052820920944214,3.1895327992970124e-05,1.0,3.1895327992970124e-05,0.005363883916288614,0.016146210953593254,0.03591974452137947,0.07149326056241989,0.13274845480918884,0.24131648242473602,0.493527352809906,0.5,1.0,1.0
2,640,25000,0.28337982296943665,0.3205450177192688,3.285822822363116e-05,1.0,3.285822822363116e-05,0.005358248949050903,0.016093406826257706,0.035741135478019714,0.07081490010023117,0.13247548043727875,0.24078764021396637,0.4953131675720215,0.5,1.0,1.0
2,650,25000,0.28322210907936096,0.32045572996139526,2.944036532426253e-05,1.0,2.944036532426253e-05,0.005328475497663021,0.016122421249747276,0.03573247417807579,0.0710591971874237,0.13255633413791656,0.24138201773166656,0.4929252564907074,0.5,1.0,1.0
2,660,25000,0.28336435556411743,0.32048043608665466,2.893637793022208e-05,1.0,2.893637793022208e-05,0.005335473455488682,0.01619049161672592,0.03597274050116539,0.07118840515613556,0.1327039748430252,0.2408367544412613,0.4950176775455475,0.5,1.0,1.0
2,670,25000,0.28331130743026733,0.3205016553401947,2.9609340344904922e-05,1.0,2.9609340344904922e-05,0.005350783001631498,0.016216453164815903,0.03585166111588478,0.0713542178273201,0.1326119303703308,0.24126334488391876,0.4935460090637207,0.5,1.0,1.0
2,680,25000,0.28352558612823486,0.32057079672813416,2.9873895982746035e-05,1.0,2.9873895982746035e-05,0.005351025145500898,0.016145875677466393,0.035798609256744385,0.07118159532546997,0.13305160403251648,0.24115431308746338,0.49615228176116943,0.5,1.0,1.0
2,690,25000,0.2834587097167969,0.3205966055393219,2.965122439491097e-05,1.0,2.965122439491097e-05,0.00532481400296092,0.016096923500299454,0.03583673760294914,0.07116206735372543,0.1323157101869583,0.24168142676353455,0.49402672052383423,0.5,1.0,1.0
2,700,25000,0.2833312451839447,0.32050690054893494,2.811095691868104e-05,1.0,2.811095691868104e-05,0.005341215990483761,0.01618223637342453,0.035958610475063324,0.07108402252197266,0.13249912858009338,0.2413988709449768,0.49405354261398315,0.5,1.0,1.0
2,710,25000,0.28331711888313293,0.32046398520469666,2.753430453594774e-05,1.0,2.753430453594774e-05,0.005371722858399153,0.01622781530022621,0.03583141416311264,0.0710473358631134,0.13295334577560425,0.2404056191444397,0.49530595541000366,0.5,1.0,1.0
2,720,25000,0.2832953929901123,0.3205656111240387,2.756500180112198e-05,1.0,2.756500180112198e-05,0.0053336722776293755,0.015961917117238045,0.03584504500031471,0.07108505070209503,0.1324293464422226,0.24094361066818237,0.4949168860912323,0.5,1.0,1.0
2,730,25000,0.28328683972358704,0.3205317258834839,2.9131520932423882e-05,1.0,2.9131520932423882e-05,0.005361467134207487,0.016102075576782227,0.035787664353847504,0.07079283148050308,0.1331510841846466,0.24043992161750793,0.49404147267341614,0.5,1.0,1.0
2,740,25000,0.2833690643310547,0.3204733431339264,3.300441676401533e-05,1.0,3.300441676401533e-05,0.005282439757138491,0.01612371951341629,0.03583911061286926,0.07132098823785782,0.13299930095672607,0.24147212505340576,0.49472150206565857,0.5,1.0,1.0
2,750,25000,0.2835042178630829,0.32049548625946045,2.9085893402225338e-05,1.0,2.9085893402225338e-05,0.005359136965125799,0.016203144565224648,0.036067306995391846,0.07107587158679962,0.13260520994663239,0.2415018230676651,0.4953308701515198,0.5,1.0,1.0
2,760,25000,0.2833174169063568,0.32052215933799744,3.11012081510853e-05,1.0,3.11012081510853e-05,0.005323152523487806,0.016192726790905,0.03591720387339592,0.07091803103685379,0.13252098858356476,0.24046064913272858,0.49313443899154663,0.5,1.0,1.0
2,770,25000,0.2834170162677765,0.3203863501548767,3.581413329811767e-05,1.0,3.581413329811767e-05,0.005354253575205803,0.016173461452126503,0.03580457717180252,0.0709669440984726,0.1325211375951767,0.2417118102312088,0.4939051866531372,0.5,1.0,1.0
2,780,25000,0.28336331248283386,0.3205271065235138,2.911267802119255e-05,1.0,2.911267802119255e-05,0.005377138499170542,0.016185516491532326,0.035853173583745956,0.07118743658065796,0.13226908445358276,0.24046891927719116,0.4953113794326782,0.5,1.0,1.0
2,790,25000,0.2835270166397095,0.3205503225326538,3.051422390853986e-05,1.0,3.051422390853986e-05,0.00535453949123621,0.01622442901134491,0.035893719643354416,0.07113050669431686,0.13307920098304749,0.24157363176345825,0.49546200037002563,0.5,1.0,1.0
2,800,25000,0.28325942158699036,0.32052525877952576,2.579055399110075e-05,1.0,2.579055399110075e-05,0.005302652716636658,0.01616145484149456,0.03595089912414551,0.07120294868946075,0.1324080228805542,0.24037018418312073,0.4941416084766388,0.5,1.0,1.0
2,810,25000,0.2834044396877289,0.3204621970653534,3.1449817470274866e-05,1.0,3.1449817470274866e-05,0.005345912184566259,0.01614433154463768,0.03585214912891388,0.07104150205850601,0.13236817717552185,0.24111874401569366,0.494427353143692,0.5,1.0,1.0
2,820,25000,0.28336504101753235,0.32049283385276794,2.773803316813428e-05,1.0,2.773803316813428e-05,0.0053007169626653194,0.016197767108678818,0.03594198077917099,0.07108715176582336,0.13279427587985992,0.24088357388973236,0.4945545494556427,0.5,1.0,1.0
2,830,25000,0.28352880477905273,0.3205268383026123,3.090930113103241e-05,1.0,3.090930113103241e-05,0.005368521437048912,0.016149699687957764,0.03585344925522804,0.07134624570608139,0.13289636373519897,0.24169522523880005,0.4940214455127716,0.5,1.0,1.0
2,840,25000,0.2833685278892517,0.3205210268497467,3.267190186306834e-05,1.0,3.267190186306834e-05,0.0053435214795172215,0.016254400834441185,0.03610936924815178,0.07117763161659241,0.13205236196517944,0.24183689057826996,0.49495163559913635,0.5,1.0,1.0
2,850,25000,0.28333044052124023,0.32045403122901917,2.8762919100699946e-05,1.0,2.8762919100699946e-05,0.0053494651801884174,0.016205279156565666,0.03598049655556679,0.07091276347637177,0.13258573412895203,0.24076466262340546,0.49385833740234375,0.5,1.0,1.0
2,860,25000,0.28344598412513733,0.3204980194568634,3.637268309830688e-05,1.0,3.637268309830688e-05,0.005388771183788776,0.016205409541726112,0.035859931260347366,0.07130595296621323,0.13259083032608032,0.2411055564880371,0.49514156579971313,0.5,1.0,1.0
2,870,25000,0.2832595407962799,0.32053473591804504,3.129436299786903e-05,1.0,3.129436299786903e-05,0.0052972338162362576,0.016185713931918144,0.03582898899912834,0.07102065533399582,0.13206854462623596,0.24057866632938385,0.493941068649292,0.5,1.0,1.0
2,880,25000,0.28332796692848206,0.32044917345046997,3.386075695743784e-05,1.0,3.386075695743784e-05,0.0053305490873754025,0.01609415002167225,0.035905905067920685,0.07138629257678986,0.13296577334403992,0.24107490479946136,0.4938885569572449,0.5,1.0,1.0
2,890,25000,0.2834933400154114,0.32061654329299927,3.146639937767759e-05,1.0,3.146639937767759e-05,0.005324521102011204,0.01611030474305153,0.03589943051338196,0.070997454226017,0.1327092945575714,0.24110853672027588,0.49513059854507446,0.5,1.0,1.0
2,900,25000,0.28338122367858887,0.32058265805244446,3.5287019272800535e-05,1.0,3.5287019272800535e-05,0.0053534372709691525,0.016161059960722923,0.03599497675895691,0.07075303792953491,0.13228057324886322,0.2405121922492981,0.4952253997325897,0.5,1.0,1.0
2,910,25000,0.28333529829978943,0.3204783797264099,2.8119289709138684e-05,1.0,2.8119289709138684e-05,0.005347447004169226,0.01609637774527073,0.03593243658542633,0.07135482132434845,0.13267925381660461,0.24071726202964783,0.49372240900993347,0.5,1.0,1.0
2,920,25000,0.2832697033882141,0.32047027349472046,2.8933127396157943e-05,1.0,2.8933127396157943e-05,0.00532892718911171,0.016154998913407326,0.03589437156915665,0.07112546265125275,0.13218051195144653,0.24111764132976532,0.4962121248245239,0.5,1.0,1.0
2,930,25000,0.2834153175354004,0.32053837180137634,2.852018405974377e-05,1.0,2.852018405974377e-05,0.005333113484084606,0.01613253727555275,0.03588421642780304,0.07090099900960922,0.1325686275959015,0.2411976456642151,0.49432915449142456,0.5,1.0,1.0
2,940,25000,0.2833811044692993,0.3204234540462494,3.2698866561986506e-05,1.0,3.2698866561986506e-05,0.005331107415258884,0.01610780507326126,0.035808686167001724,0.07123243063688278,0.132595032453537,0.2419368028640747,0.494647741317749,0.5,1.0,1.0
2,950,25000,0.2832241952419281,0.32035893201828003,2.893333657993935e-05,1.0,2.893333657993935e-05,0.005339042283594608,0.016204873099923134,0.03602927178144455,0.07144591957330704,0.13242080807685852,0.24088171124458313,0.49255332350730896,0.5,1.0,1.0
2,960,25000,0.2832377552986145,0.32037046551704407,3.0571296520065516e-05,1.0,3.0571296520065516e-05,0.005320900119841099,0.01615402102470398,0.035773564130067825,0.0713663399219513,0.1324484944343567,0.24034136533737183,0.49340197443962097,0.5,1.0,1.0
2,970,25000,0.28326159715652466,0.32035452127456665,2.9023696697549894e-05,1.0,2.9023696697549894e-05,0.0053287991322577,0.016210107132792473,0.035989224910736084,0.07133740931749344,0.1327979564666748,0.2411760836839676,0.4938323497772217,0.5,1.0,1.0
2,980,25000,0.28343838453292847,0.32057398557662964,3.239314173697494e-05,1.0,3.239314173697494e-05,0.005367422942072153,0.01613534241914749,0.03599189221858978,0.07117219269275665,0.13243596255779266,0.24089133739471436,0.49635055661201477,0.5,1.0,1.0
2,990,25000,0.28335902094841003,0.32039132714271545,3.6520781577564776e-05,1.0,3.6520781577564776e-05,0.005277018994092941,0.016215855255723,0.0361713208258152,0.0712500810623169,0.13294044137001038,0.24184873700141907,0.49419447779655457,0.5,1.0,1.0
2,1000,25000,0.2833239734172821,0.3203745186328888,3.117007145192474e-05,1.0,3.117007145192474e-05,0.005354337859898806,0.01623370684683323,0.0359552726149559,0.07097110152244568,0.13260334730148315,0.2405349463224411,0.4942467212677002,0.5,1.0,1.0
2,1010,25000,0.283293217420578,0.320389062166214,3.162511711707339e-05,1.0,3.162511711707339e-05,0.00534724909812212,0.016162104904651642,0.035934582352638245,0.07102889567613602,0.1324748545885086,0.24151864647865295,0.4937586784362793,0.5,1.0,1.0
2,1020,25000,0.2831660807132721,0.32035285234451294,3.25694345519878e-05,1.0,3.25694345519878e-05,0.005353360436856747,0.01628609001636505,0.03590255230665207,0.07103583216667175,0.13275569677352905,0.2405180186033249,0.49234479665756226,0.5,1.0,1.0
2,1030,25000,0.28328701853752136,0.32045137882232666,2.764900455076713e-05,1.0,2.764900455076713e-05,0.005304994527250528,0.01616591587662697,0.03599829599261284,0.07123284786939621,0.13252896070480347,0.24094943702220917,0.4942985773086548,0.5,1.0,1.0
2,1040,25000,0.28337007761001587,0.3204696476459503,2.8333752197795548e-05,1.0,2.8333752197795548e-05,0.005316269584000111,0.016150107607245445,0.035926032811403275,0.07127455621957779,0.13297316431999207,0.24113541841506958,0.49640101194381714,0.5,1.0,1.0
2,1050,25000,0.2834450602531433,0.3203791677951813,2.871680771932006e-05,1.0,2.871680771932006e-05,0.005398949142545462,0.01625063642859459,0.036079276353120804,0.07104752957820892,0.13278038799762726,0.24142196774482727,0.49428004026412964,0.5,1.0,1.0
2,1060,25000,0.28335535526275635,0.32046324014663696,2.7791042157332413e-05,1.0,2.7791042157332413e-05,0.005302359350025654,0.01620725356042385,0.03572355955839157,0.07105500251054764,0.1326068788766861,0.2408481240272522,0.4936675429344177,0.5,1.0,1.0
2,1070,25000,0.28343909978866577,0.32035505771636963,2.7316322302795015e-05,1.0,2.7316322302795015e-05,0.005350581835955381,0.016262613236904144,0.03605202957987785,0.07088924944400787,0.1325693428516388,0.24168482422828674,0.4953800141811371,0.5,1.0,1.0
2,1080,25000,0.28339964151382446,0.32044827938079834,2.7584004783420824e-05,1.0,2.7584004783420824e-05,0.005348880309611559,0.01622481271624565,0.03597502037882805,0.07111088186502457,0.13180673122406006,0.2415720671415329,0.4958837032318115,0.5,1.0,1.0
2,1090,25000,0.2832593619823456,0.32052087783813477,3.066334829782136e-05,1.0,3.066334829782136e-05,0.005302916746586561,0.01616416871547699,0.03576665744185448,0.07053504884243011,0.1322936713695526,0.24114122986793518,0.4949249029159546,0.5,1.0,1.0
2,1100,25000,0.28337615728378296,0.3204520642757416,3.0999392038211226e-05,1.0,3.0999392038211226e-05,0.005313829984515905,0.016248945146799088,0.03597818315029144,0.07114844769239426,0.13261303305625916,0.24053391814231873,0.4963192641735077,0.5,1.0,1.0
2,1110,25000,0.28346481919288635,0.32051074504852295,3.1657931685913354e-05,1.0,3.1657931685913354e-05,0.0053573958575725555,0.016157737001776695,0.03586260974407196,0.07132812589406967,0.1323748677968979,0.2417673021554947,0.4966394901275635,0.5,1.0,1.0
2,1120,25000,0.2834050953388214,0.3204838037490845,3.573728827177547e-05,1.0,3.573728827177547e-05,0.005282825790345669,0.01619541645050049,0.03595290705561638,0.07127490639686584,0.13246408104896545,0.24079090356826782,0.49761590361595154,0.5,1.0,1.0
2,1130,25000,0.2833593487739563,0.320424348115921,2.8932774512213655e-05,1.0,2.8932774512213655e-05,0.005320217460393906,0.016181865707039833,0.03607269003987312,0.07121142745018005,0.13268530368804932,0.24001993238925934,0.49525290727615356,0.5,1.0,1.0
2,1140,25000,0.2834191620349884,0.3205515146255493,2.994828719238285e-05,1.0,2.994828719238285e-05,0.005316425580531359,0.01615609973669052,0.035999976098537445,0.07119877636432648,0.13229164481163025,0.241029754281044,0.4971080422401428,0.5,1.0,1.0
2,1150,25000,0.2832332253456116,0.32044848799705505,3.3908891055034474e-05,1.0,3.3908891055034474e-05,0.005352155305445194,0.016176575794816017,0.03593169152736664,0.07115112990140915,0.13215039670467377,0.24142451584339142,0.49282512068748474,0.5,1.0,1.0
2,1160,25000,0.2832021117210388,0.32041579484939575,2.7135312848258764e-05,1.0,2.7135312848258764e-05,0.005339066963642836,0.01620306633412838,0.035896897315979004,0.0710640475153923,0.13265645503997803,0.23952019214630127,0.49640703201293945,0.5,1.0,1.0
2,1170,25000,0.2832150161266327,0.3204461932182312,3.0265297027654015e-05,1.0,3.0265297027654015e-05,0.00538000138476491,0.016171270981431007,0.035998549312353134,0.07096914201974869,0.1319664716720581,0.24064679443836212,0.49444136023521423,0.5,1.0,1.0
2,1180,25000,0.28343597054481506,0.32038944959640503,2.6742727641249076e-05,1.0,2.6742727641249076e-05,0.005364215932786465,0.016243239864706993,0.03591535985469818,0.07104235142469406,0.13298332691192627,0.24145883321762085,0.49559321999549866,0.5,1.0,1.0
2,1190,25000,0.28341448307037354,0.32048261165618896,2.9910206649219617e-05,1.0,2.9910206649219617e-05,0.00530523806810379,0.016075793653726578,0.03594855219125748,0.07124478369951248,0.13289013504981995,0.24123774468898773,0.4954511523246765,0.5,1.0,1.0
2,1200,25000,0.2834590673446655,0.3204360008239746,3.2082916732179e-05,1.0,3.2082916732179e-05,0.005318837705999613,0.016125008463859558,0.03600286692380905,0.07111088186502457,0.13246259093284607,0.2419942319393158,0.4943273067474365,0.5,1.0,1.0
2,1210,25000,0.28341764211654663,0.3205028772354126,2.8028756787534803e-05,1.0,2.8028756787534803e-05,0.005332971457391977,0.016094494611024857,0.035833850502967834,0.07119877636432648,0.13246969878673553,0.2412271648645401,0.4957354664802551,0.5,1.0,1.0
2,1220,25000,0.283275306224823,0.3204568922519684,2.797517845465336e-05,1.0,2.797517845465336e-05,0.005336327012628317,0.016158977523446083,0.03583807870745659,0.07106083631515503,0.13220521807670593,0.24128717184066772,0.49468979239463806,0.5,1.0,1.0
2,1230,25000,0.2835139334201813,0.32049646973609924,3.0351064197020605e-05,1.0,3.0351064197020605e-05,0.005306638777256012,0.01622089184820652,0.03592992201447487,0.07114988565444946,0.13317281007766724,0.24237455427646637,0.4946598410606384,0.5,1.0,1.0
2,1240,25000,0.28336459398269653,0.3204991817474365,3.557005038601346e-05,1.0,3.557005038601346e-05,0.005363298114389181,0.016205836087465286,0.03589684143662453,0.07105015963315964,0.1322803497314453,0.24201896786689758,0.49372270703315735,0.5,1.0,1.0
2,1250,25000,0.28324174880981445,0.32047295570373535,2.7231997592025436e-05,1.0,2.7231997592025436e-05,0.0053157866932451725,0.01607106626033783,0.035980306565761566,0.0711517333984375,0.13272392749786377,0.2407243400812149,0.4953180253505707,0.5,1.0,1.0
2,1260,25000,0.2832774817943573,0.3204135596752167,2.8243792257853784e-05,1.0,2.8243792257853784e-05,0.005352243781089783,0.016180621460080147,0.03587028756737709,0.07122203707695007,0.13271862268447876,0.24061812460422516,0.4947931170463562,0.5,1.0,1.0
2,1270,25000,0.283312052488327,0.3203727602958679,2.7291695005260408e-05,1.0,2.7291695005260408e-05,0.0053267101757228374,0.016106747090816498,0.035988908261060715,0.07109671831130981,0.13299620151519775,0.24084676802158356,0.49444881081581116,0.5,1.0,1.0
2,1280,25000,0.2834300994873047,0.32056936621665955,3.30964321619831e-05,1.0,3.30964321619831e-05,0.005373884458094835,0.016067111864686012,0.03585217520594597,0.07119334489107132,0.132761150598526,0.24061430990695953,0.4934121072292328,0.5,1.0,1.0
2,1290,25000,0.2834109663963318,0.32052454352378845,3.129706237814389e-05,1.0,3.129706237814389e-05,0.005290577653795481,0.0162605382502079,0.03579006344079971,0.0711793377995491,0.13266883790493011,0.24092353880405426,0.4945979416370392,0.5,1.0,1.0
2,1300,25000,0.2834787964820862,0.3205925524234772,3.2685795304132625e-05,1.0,3.2685795304132625e-05,0.005356186535209417,0.016198452562093735,0.03577014058828354,0.07110033929347992,0.13280433416366577,0.24158915877342224,0.49521905183792114,0.5,1.0,1.0
2,1310,25000,0.28348419070243835,0.3205600082874298,2.6404615709907375e-05,1.0,2.6404615709907375e-05,0.005308734253048897,0.016083287075161934,0.035798512399196625,0.07136200368404388,0.1323276162147522,0.2412804514169693,0.49467188119888306,0.5,1.0,1.0
2,1320,25000,0.2833758592605591,0.320591539144516,2.8377877242746763e-05,1.0,2.8377877242746763e-05,0.005366351455450058,0.016130706295371056,0.035993870347738266,0.07138236612081528,0.13235348463058472,0.2406020313501358,0.4951654374599457,0.5,1.0,1.0
2,1330,25000,0.283258318901062,0.32045796513557434,3.3704429370118305e-05,1.0,3.3704429370118305e-05,0.005329732317477465,0.016140423715114594,0.035722751170396805,0.07135562598705292,0.13254618644714355,0.24037086963653564,0.49355727434158325,0.5,1.0,1.0
2,1340,25000,0.28333014249801636,0.3205132782459259,2.7165473511558957e-05,1.0,2.7165473511558957e-05,0.005337067414075136,0.016190357506275177,0.03583391755819321,0.07124125957489014,0.1327749490737915,0.23979952931404114,0.4942626357078552,0.5,1.0,1.0
2,1350,25000,0.283412367105484,0.3205896317958832,3.3906184398802e-05,1.0,3.3906184398802e-05,0.005314963404089212,0.016069486737251282,0.035849396139383316,0.0714028924703598,0.13282164931297302,0.2407199740409851,0.4957605302333832,0.5,1.0,1.0
2,1360,25000,0.2835288941860199,0.32059431076049805,2.7424075597082265e-05,1.0,2.7424075597082265e-05,0.005322067067027092,0.01622515730559826,0.03604011610150337,0.07154934108257294,0.13285574316978455,0.24147021770477295,0.4958530068397522,0.5,1.0,1.0
2,1370,25000,0.283424973487854,0.32054993510246277,3.197892874595709e-05,1.0,3.197892874595709e-05,0.0053307353518903255,0.016068365424871445,0.035876136273145676,0.07111842930316925,0.13314828276634216,0.24079330265522003,0.4957287311553955,0.5,1.0,1.0
2,1380,25000,0.2834688723087311,0.32047969102859497,3.079286398133263e-05,1.0,3.079286398133263e-05,0.005344891920685768,0.016300613060593605,0.03598826006054878,0.07090622186660767,0.1330062448978424,0.2412920743227005,0.49417856335639954,0.5,1.0,1.0
2,1390,25000,0.2834055721759796,0.3205024302005768,2.8363554520183243e-05,1.0,2.8363554520183243e-05,0.005357543472200632,0.016325661912560463,0.03596910834312439,0.07120145857334137,0.13248059153556824,0.2417188137769699,0.495711088180542,0.5,1.0,1.0
2,1400,25000,0.2833075225353241,0.3204944133758545,2.918101745308377e-05,1.0,2.918101745308377e-05,0.005363463889807463,0.016161836683750153,0.035782307386398315,0.07118387520313263,0.13229140639305115,0.2413686215877533,0.4936539828777313,0.5,1.0,1.0
2,1410,25000,0.2833538353443146,0.32053232192993164,3.1385410693474114e-05,1.0,3.1385410693474114e-05,0.005274771247059107,0.01609424501657486,0.03588733449578285,0.07130809128284454,0.1325780749320984,0.2414976954460144,0.49376609921455383,0.5,1.0,1.0
2,1420,25000,0.2833057940006256,0.3204547166824341,3.0496692488668486e-05,1.0,3.0496692488668486e-05,0.005360401701182127,0.016168802976608276,0.03599019721150398,0.07118822634220123,0.13269060850143433,0.2401883602142334,0.4952303469181061,0.5,1.0,1.0
2,1430,25000,0.28330641984939575,0.32052454352378845,3.200774153810926e-05,1.0,3.200774153810926e-05,0.0053412169218063354,0.016267618164420128,0.03589427098631859,0.07113558053970337,0.13234004378318787,0.24108166992664337,0.49515268206596375,0.5,1.0,1.0
2,1440,25000,0.283562034368515,0.3206280767917633,3.607950930017978e-05,1.0,3.607950930017978e-05,0.0053212265484035015,0.016187433153390884,0.036024026572704315,0.0714181661605835,0.1326395869255066,0.24056954681873322,0.49661409854888916,0.5,1.0,1.0
2,1450,25000,0.2833874821662903,0.32054996490478516,3.15024662995711e-05,1.0,3.15024662995711e-05,0.005342915188521147,0.016130223870277405,0.035889796912670135,0.07122079282999039,0.13268956542015076,0.24112407863140106,0.4941364526748657,0.5,1.0,1.0
2,1460,25000,0.28324100375175476,0.32054901123046875,2.743291224760469e-05,1.0,2.743291224760469e-05,0.005355190485715866,0.016120338812470436,0.035946935415267944,0.07114192843437195,0.13186192512512207,0.24067755043506622,0.49334585666656494,0.5,1.0,1.0
2,1470,25000,0.28335532546043396,0.32050153613090515,2.9642520530615002e-05,1.0,2.9642520530615002e-05,0.00533144548535347,0.016184091567993164,0.03610580787062645,0.07155779004096985,0.13233982026576996,0.24153798818588257,0.4949144721031189,0.5,1.0,1.0
2,1480,25000,0.2834109365940094,0.3205293118953705,2.9804579753545113e-05,1.0,2.9804579753545113e-05,0.0053163133561611176,0.016179576516151428,0.03585045039653778,0.07128381729125977,0.13307109475135803,0.24150671064853668,0.49514827132225037,0.5,1.0,1.0
2,1490,25000,0.28338056802749634,0.3204837143421173,2.8182968890178017e-05,1.0,2.8182968890178017e-05,0.005297425203025341,0.016195612028241158,0.03580741584300995,0.07092101871967316,0.1323738992214203,0.2419031262397766,0.4948906898498535,0.5,1.0,1.0
2,1500,25000,0.28346240520477295,0.32047969102859497,3.286839273641817e-05,1.0,3.286839273641817e-05,0.0053376383148133755,0.016149938106536865,0.03582305833697319,0.07140235602855682,0.13284605741500854,0.24066248536109924,0.4953945279121399,0.5,1.0,1.0
2,1510,25000,0.2833923399448395,0.3204917907714844,3.471156378509477e-05,1.0,3.471156378509477e-05,0.0053720842115581036,0.016235334798693657,0.03598974272608757,0.07127270847558975,0.1324523687362671,0.24032475054264069,0.49655160307884216,0.5,1.0,1.0
2,1520,25000,0.28335028886795044,0.32050028443336487,3.2172149076359347e-05,1.0,3.2172149076359347e-05,0.005307333543896675,0.016173653304576874,0.03578231483697891,0.07139568775892258,0.1325993835926056,0.24038414657115936,0.492872029542923,0.5,1.0,1.0
2,1530,25000,0.28338292241096497,0.32053086161613464,2.9772216294077225e-05,1.0,2.9772216294077225e-05,0.0053102439269423485,0.01620269939303398,0.03575236350297928,0.07126647979021072,0.13302850723266602,0.24099798500537872,0.49510642886161804,0.5,1.0,1.0
2,1540,25000,0.2834565043449402,0.3205483555793762,3.0073168090893887e-05,1.0,3.0073168090893887e-05,0.0053415787406265736,0.016193466261029243,0.035962797701358795,0.07133519649505615,0.1325051337480545,0.24101917445659637,0.4965854585170746,0.5,1.0,1.0
2,1550,25000,0.28344064950942993,0.3205435574054718,2.9645938411704265e-05,1.0,2.9645938411704265e-05,0.005338737275451422,0.01619381457567215,0.036065228283405304,0.07102880626916885,0.132971853017807,0.2410549521446228,0.49484866857528687,0.5,1.0,1.0
2,1560,25000,0.28334420919418335,0.32054904103279114,3.2274125260300934e-05,1.0,3.2274125260300934e-05,0.0053802914917469025,0.016203487291932106,0.035796526819467545,0.0709768757224083,0.13233861327171326,0.24089503288269043,0.49504244327545166,0.5,1.0,1.0
2,1570,25000,0.2835141718387604,0.320556640625,3.1819370633456856e-05,1.0,3.1819370633456856e-05,0.005379866808652878,0.01628144085407257,0.03603890538215637,0.0713949203491211,0.13270103931427002,0.24142087996006012,0.4952164888381958,0.5,1.0,1.0
2,1580,25000,0.2833421230316162,0.3205280303955078,2.7091851734439842e-05,1.0,2.7091851734439842e-05,0.005364906508475542,0.016084084287285805,0.03596024587750435,0.07119489461183548,0.13260722160339355,0.2401328831911087,0.4946677088737488,0.5,1.0,1.0
2,1590,25000,0.2832089960575104,0.3203939199447632,3.074570122407749e-05,1.0,3.074570122407749e-05,0.00533420592546463,0.016154924407601357,0.03596731647849083,0.07136283814907074,0.13258644938468933,0.23996421694755554,0.4931856691837311,0.5,1.0,1.0
2,1600,25000,0.28328609466552734,0.3205016851425171,2.69149513769662e-05,1.0,2.69149513769662e-05,0.005330856889486313,0.01622965931892395,0.03600341081619263,0.07090679556131363,0.132199227809906,0.24071551859378815,0.49541154503822327,0.5,1.0,1.0
2,1610,25000,0.28349828720092773,0.32058531045913696,2.537899672461208e-05,1.0,2.537899672461208e-05,0.005350231658667326,0.016207436099648476,0.035679422318935394,0.07102818042039871,0.13294711709022522,0.24126335978507996,0.4962780773639679,0.5,1.0,1.0
2,1620,25000,0.28338614106178284,0.3205641508102417,3.056735295103863e-05,1.0,3.056735295103863e-05,0.005357007030397654,0.01618468202650547,0.035808078944683075,0.07119011133909225,0.13244879245758057,0.24120710790157318,0.4946160912513733,0.5,1.0,1.0
2,1630,25000,0.2834796905517578,0.32059136033058167,3.259742516092956e-05,1.0,3.259742516092956e-05,0.005336765665560961,0.016146553680300713,0.035841986536979675,0.07102978229522705,0.13268712162971497,0.2411642074584961,0.4947403371334076,0.5,1.0,1.0
2,1640,25000,0.28344660997390747,0.32062408328056335,3.0271878131316043e-05,1.0,3.0271878131316043e-05,0.005320783704519272,0.01630205288529396,0.035860516130924225,0.07107118517160416,0.1325703263282776,0.24127045273780823,0.4947476387023926,0.5,1.0,1.0
2,1650,25000,0.28342750668525696,0.32050850987434387,3.008005842275452e-05,1.0,3.008005842275452e-05,0.005333106964826584,0.01625039614737034,0.03578139469027519,0.07084308564662933,0.13297802209854126,0.24178452789783478,0.4960486590862274,0.5,1.0,1.0
2,1660,25000,0.2834939956665039,0.3205251097679138,3.113630737061612e-05,1.0,3.113630737061612e-05,0.005349789746105671,0.01613810658454895,0.03587599843740463,0.07126544415950775,0.1329951286315918,0.24107317626476288,0.49378010630607605,0.5,1.0,1.0
2,1670,25000,0.2835150361061096,0.320578008890152,2.9353010177146643e-05,1.0,2.9353010177146643e-05,0.005346076097339392,0.016249816864728928,0.035899318754673004,0.07142080366611481,0.13272447884082794,0.24197928607463837,0.4953928589820862,0.5,1.0,1.0
2,1680,25000,0.2833798825740814,0.32055243849754333,2.733208384597674e-05,1.0,2.733208384597674e-05,0.005316461902111769,0.016257936134934425,0.03606167063117027,0.07089203596115112,0.13261714577674866,0.24075046181678772,0.4937608242034912,0.5,1.0,1.0
2,1690,25000,0.28349247574806213,0.3205524981021881,3.0318467906909063e-05,1.0,3.0318467906909063e-05,0.005372968502342701,0.016257356852293015,0.03593311086297035,0.07143353670835495,0.13221411406993866,0.24084793031215668,0.49385032057762146,0.5,1.0,1.0
2,1700,25000,0.28333935141563416,0.32045626640319824,3.124828799627721e-05,1.0,3.124828799627721e-05,0.005325491074472666,0.016194185242056847,0.036023665219545364,0.07110446691513062,0.13253289461135864,0.24054890871047974,0.49597886204719543,0.5,1.0,1.0
2,1710,25000,0.2833935618400574,0.32056620717048645,3.461684173089452e-05,1.0,3.461684173089452e-05,0.005343151744455099,0.01614401862025261,0.03588656336069107,0.0710931345820427,0.13265421986579895,0.24058640003204346,0.49461451172828674,0.5,1.0,1.0
2,1720,25000,0.28339827060699463,0.3205711841583252,2.8849521186202765e-05,1.0,2.8849521186202765e-05,0.0053713275119662285,0.0161654781550169,0.0358644537627697,0.07148845493793488,0.13282960653305054,0.24022305011749268,0.49730464816093445,0.5,1.0,1.0
2,1730,25000,0.2833501398563385,0.3205399513244629,2.898104503401555e-05,1.0,2.898104503401555e-05,0.005361739546060562,0.01624765247106552,0.035925690084695816,0.07121580839157104,0.1326572597026825,0.2404700219631195,0.49432656168937683,0.5,1.0,1.0
2,1740,25000,0.283292680978775,0.3205207884311676,2.7901562134502456e-05,1.0,2.7901562134502456e-05,0.005332424771040678,0.01616557314991951,0.03587595745921135,0.07131437957286835,0.13308756053447723,0.2400023639202118,0.49487757682800293,0.5,1.0,1.0
2,1750,25000,0.2833520472049713,0.32045778632164,3.0688806873513386e-05,1.0,3.0688806873513386e-05,0.005323553923517466,0.016148388385772705,0.035929564386606216,0.07134127616882324,0.13237619400024414,0.24177052080631256,0.4940081536769867,0.5,1.0,1.0
2,1760,25000,0.2832608222961426,0.3204183578491211,2.8136768378317356e-05,1.0,2.8136768378317356e-05,0.005369353108108044,0.016240524128079414,0.035941608250141144,0.07125519961118698,0.13262417912483215,0.240228533744812,0.49399271607398987,0.5,1.0,1.0
2,1770,25000,0.28341183066368103,0.32050207257270813,3.0936062103137374e-05,1.0,3.0936062103137374e-05,0.0053537869825959206,0.016239525750279427,0.03589128702878952,0.07115540653467178,0.1325373649597168,0.24131691455841064,0.4935165047645569,0.5,1.0,1.0
2,1780,25000,0.28334149718284607,0.320527046918869,3.092449696850963e-05,1.0,3.092449696850963e-05,0.005323765333741903,0.01608530804514885,0.03582291305065155,0.07128872722387314,0.1320863664150238,0.24146659672260284,0.49559590220451355,0.5,1.0,1.0
2,1790,25000,0.28338631987571716,0.32042866945266724,3.371456841705367e-05,1.0,3.371456841705367e-05,0.005323872901499271,0.01625276915729046,0.03591819480061531,0.07120518386363983,0.13263125717639923,0.24087919294834137,0.49323055148124695,0.5,1.0,1.0
2,1800,25000,0.2832345962524414,0.3204701244831085,3.0114457331364974e-05,1.0,3.0114457331364974e-05,0.005370089318603277,0.016193708404898643,0.03566313907504082,0.0710853710770607,0.13251978158950806,0.24053800106048584,0.4939124584197998,0.5,1.0,1.0
2,1810,25000,0.2833762764930725,0.32044917345046997,2.613601645862218e-05,1.0,2.613601645862218e-05,0.005342018790543079,0.016104213893413544,0.03590931370854378,0.07145904749631882,0.13229796290397644,0.2421916127204895,0.49448075890541077,0.5,1.0,1.0
2,1820,25000,0.2832893133163452,0.32049793004989624,3.097244189120829e-05,1.0,3.097244189120829e-05,0.005319313146173954,0.016246553510427475,0.03599349409341812,0.07088878750801086,0.13294744491577148,0.2408679723739624,0.49631980061531067,0.5,1.0,1.0
2,1830,25000,0.2833303213119507,0.3205540180206299,3.0660961783723906e-05,1.0,3.0660961783723906e-05,0.005351140163838863,0.016203073784708977,0.035774607211351395,0.07114241272211075,0.13279438018798828,0.2407718449831009,0.4931686520576477,0.5,1.0,1.0
2,1840,25000,0.28349658846855164,0.3205225467681885,3.304401980130933e-05,1.0,3.304401980130933e-05,0.005337828770279884,0.016106953844428062,0.035799119621515274,0.07116997987031937,0.13300180435180664,0.2417880892753601,0.49582237005233765,0.5,1.0,1.0
2,1850,25000,0.2832995653152466,0.32055729627609253,2.9485418053809553e-05,1.0,2.9485418053809553e-05,0.0053470553830266,0.016210662201046944,0.03572097048163414,0.07094760239124298,0.13227201998233795,0.24154870212078094,0.49489274621009827,0.5,1.0,1.0
2,1860,25000,0.28336459398269653,0.3206084966659546,2.984529965033289e-05,1.0,2.984529965033289e-05,0.005302955862134695,0.016148798167705536,0.03577645868062973,0.07083944231271744,0.13176465034484863,0.2415376901626587,0.49243178963661194,0.5,1.0,1.0
2,1870,25000,0.2833876311779022,0.32058247923851013,3.2047173590399325e-05,1.0,3.2047173590399325e-05,0.005359714385122061,0.016161996871232986,0.03584849461913109,0.07128632068634033,0.13274356722831726,0.24087409675121307,0.49426892399787903,0.5,1.0,1.0
2,1880,25000,0.2833922207355499,0.32056790590286255,3.362192728673108e-05,1.0,3.362192728673108e-05,0.00536066759377718,0.016079211607575417,0.035845398902893066,0.071045882999897,0.13283425569534302,0.24094414710998535,0.4945935606956482,0.5,1.0,1.0
2,1890,25000,0.28333574533462524,0.32051852345466614,3.37367455358617e-05,1.0,3.37367455358617e-05,0.005333251319825649,0.016267389059066772,0.03590547293424606,0.07103785127401352,0.132106751203537,0.24083715677261353,0.4944048523902893,0.5,1.0,1.0
2,1900,25000,0.2832634747028351,0.32047367095947266,2.8452221158659086e-05,1.0,2.8452221158659086e-05,0.005330296233296394,0.016136839985847473,0.03588061034679413,0.07091182470321655,0.1326112151145935,0.24062711000442505,0.4934270977973938,0.5,1.0,1.0
2,1910,25000,0.2833652198314667,0.3205280601978302,3.0028875698917545e-05,1.0,3.0028875698917545e-05,0.005387929733842611,0.01612156257033348,0.035919949412345886,0.07111900299787521,0.132216677069664,0.24112321436405182,0.4934389591217041,0.5,1.0,1.0
2,1920,25000,0.28336188197135925,0.32049304246902466,3.0443965442827903e-05,1.0,3.0443965442827903e-05,0.0053246160969138145,0.016205811873078346,0.036116573959589005,0.07137271016836166,0.13268721103668213,0.24049295485019684,0.4964379370212555,0.5,1.0,1.0
2,1930,25000,0.2833920419216156,0.3205551505088806,2.763063821475953e-05,1.0,2.763063821475953e-05,0.0053411866538226604,0.016166122630238533,0.03606690093874931,0.07121502608060837,0.13216648995876312,0.2413153052330017,0.4929839074611664,0.5,1.0,1.0
2,1940,25000,0.2833597958087921,0.32041311264038086,2.717541065067053e-05,1.0,2.717541065067053e-05,0.005346397403627634,0.01627928391098976,0.03598971292376518,0.07149247080087662,0.13301372528076172,0.24127097427845,0.4924214780330658,0.5,1.0,1.0
2,1950,25000,0.2832213342189789,0.3204730153083801,2.601782944111619e-05,1.0,2.601782944111619e-05,0.005310419946908951,0.016186336055397987,0.035785213112831116,0.0709555596113205,0.1327216923236847,0.2410881668329239,0.49381330609321594,0.5,1.0,1.0
2,1960,25000,0.28344622254371643,0.32070380449295044,2.587713061075192e-05,1.0,2.587713061075192e-05,0.005340836476534605,0.016179202124476433,0.03580706566572189,0.07095416635274887,0.13245682418346405,0.24089182913303375,0.49685338139533997,0.5,1.0,1.0
2,1970,25000,0.28318214416503906,0.32052406668663025,3.326532896608114e-05,1.0,3.326532896608114e-05,0.0052947080694139,0.016289951279759407,0.03568162024021149,0.07086147367954254,0.13254156708717346,0.24085254967212677,0.49277326464653015,0.5,1.0,1.0
2,1980,25000,0.2833755314350128,0.32052361965179443,3.297242074040696e-05,1.0,3.297242074040696e-05,0.005390610545873642,0.016132542863488197,0.035813674330711365,0.0713910311460495,0.13330873847007751,0.2403872162103653,0.4948233366012573,0.5,1.0,1.0
2,1990,25000,0.2833854556083679,0.3205060660839081,3.0262697691796347e-05,1.0,3.0262697691796347e-05,0.005365621764212847,0.01611851155757904,0.035963453352451324,0.07082169502973557,0.1325986087322235,0.24033278226852417,0.4956182539463043,0.5,1.0,1.0
2,2000,25000,0.2834065854549408,0.320541113615036,3.1742416467750445e-05,1.0,3.1742416467750445e-05,0.005342437420040369,0.01613730564713478,0.03599974140524864,0.07116915285587311,0.1326781064271927,0.2406955063343048,0.49358367919921875,0.5,1.0,1.0
2,2010,25000,0.2833639979362488,0.32052165269851685,2.9056534913252108e-05,1.0,2.9056534913252108e-05,0.005362391006201506,0.016171636059880257,0.03584996610879898,0.070954330265522,0.1330815702676773,0.24056276679039001,0.4939059317111969,0.5,1.0,1.0
2,2020,25000,0.2834031283855438,0.320605993270874,3.070393358939327e-05,1.0,3.070393358939327e-05,0.005375820677727461,0.016156652942299843,0.03584984689950943,0.07101938873529434,0.13269826769828796,0.24109825491905212,0.49518823623657227,0.5,1.0,1.0
2,2030,25000,0.28337588906288147,0.3204958140850067,3.2304709748132154e-05,1.0,3.2304709748132154e-05,0.005364046897739172,0.016170451417565346,0.035955529659986496,0.0711180716753006,0.13259008526802063,0.24136555194854736,0.4930380880832672,0.5,1.0,1.0
2,2040,25000,0.28333696722984314,0.3205219507217407,3.062672112719156e-05,1.0,3.062672112719156e-05,0.005341320298612118,0.016048016026616096,0.03592202812433243,0.07125154882669449,0.13242095708847046,0.24073275923728943,0.49596667289733887,0.5,1.0,1.0
2,2050,25000,0.28338882327079773,0.32060983777046204,2.9597067623399198e-05,1.0,2.9597067623399198e-05,0.00534201692789793,0.016161972656846046,0.035928305238485336,0.07072784751653671,0.1325802505016327,0.24055789411067963,0.4935356676578522,0.5,1.0,1.0
2,2060,25000,0.2833975553512573,0.3205074667930603,3.375507003511302e-05,1.0,3.375507003511302e-05,0.005385397467762232,0.0162030179053545,0.03598427399992943,0.0712655633687973,0.13288024067878723,0.24074052274227142,0.49489325284957886,0.5,1.0,1.0
2,2070,25000,0.2832948565483093,0.3205803632736206,3.413248487049714e-05,1.0,3.413248487049714e-05,0.0053261020220816135,0.016111692413687706,0.03602512180805206,0.07104947417974472,0.13246887922286987,0.24043147265911102,0.49456870555877686,0.5,1.0,1.0
2,2080,25000,0.2834426462650299,0.3204536736011505,2.7970487280981615e-05,1.0,2.7970487280981615e-05,0.00531308026984334,0.016196561977267265,0.03591863811016083,0.07122854888439178,0.13343879580497742,0.24196135997772217,0.4937581419944763,0.5,1.0,1.0
2,2090,25000,0.2835272252559662,0.32056865096092224,2.9756207368336618e-05,1.0,2.9756207368336618e-05,0.005348145961761475,0.01627437025308609,0.03592254966497421,0.07084979861974716,0.1326444149017334,0.24220648407936096,0.49375924468040466,0.5,1.0,1.0
2,2100,25000,0.28352415561676025,0.3206096589565277,3.249595465604216e-05,1.0,3.249595465604216e-05,0.0053627160377800465,0.016222337260842323,0.03562255948781967,0.07119020819664001,0.13264670968055725,0.24111714959144592,0.49556922912597656,0.5,1.0,1.0
2,2110,25000,0.28359684348106384,0.32073187828063965,3.319007737445645e-05,1.0,3.319007737445645e-05,0.0052755968645215034,0.01619800180196762,0.03565472364425659,0.0712350532412529,0.13272559642791748,0.24142348766326904,0.4967897832393646,0.5,1.0,1.0
2,2120,25000,0.283282071352005,0.3205524981021881,3.127592208329588e-05,1.0,3.127592208329588e-05,0.005344780627638102,0.016117610037326813,0.03592461720108986,0.07124868780374527,0.13195711374282837,0.24100781977176666,0.4919719696044922,0.5,1.0,1.0
2,2130,25000,0.28357353806495667,0.3205453157424927,2.8760498025803827e-05,1.0,2.8760498025803827e-05,0.0053624557331204414,0.016281304880976677,0.03594671189785004,0.07106271386146545,0.13279037177562714,0.24178080260753632,0.49734386801719666,0.5,1.0,1.0
2,2140,25000,0.2834094166755676,0.32061201333999634,3.238888530177064e-05,1.0,3.238888530177064e-05,0.005318641196936369,0.016138002276420593,0.0359661765396595,0.07099658995866776,0.1323128491640091,0.24140508472919464,0.49575650691986084,0.5,1.0,1.0
2,2150,25000,0.2834048569202423,0.32059386372566223,3.055275738006458e-05,1.0,3.055275738006458e-05,0.0052938312292099,0.016121502965688705,0.03593764454126358,0.07077241688966751,0.13265034556388855,0.24165305495262146,0.49409976601600647,0.5,1.0,1.0
2,2160,25000,0.28332993388175964,0.3205801844596863,2.9071932658553123e-05,1.0,2.9071932658553123e-05,0.005341724958270788,0.01611785776913166,0.03598102182149887,0.07114632427692413,0.13267970085144043,0.23969344794750214,0.4957576394081116,0.5,1.0,1.0
2,2170,25000,0.2834841012954712,0.3206094205379486,2.8402593670762144e-05,1.0,2.8402593670762144e-05,0.005349526181817055,0.016288243234157562,0.0359647236764431,0.07125213742256165,0.13235291838645935,0.24139131605625153,0.4950733184814453,0.5,1.0,1.0
2,2180,25000,0.28318557143211365,0.3205958306789398,3.266951171099208e-05,1.0,3.266951171099208e-05,0.005344291217625141,0.016121981665492058,0.035769928246736526,0.07082691788673401,0.132400780916214,0.2402864694595337,0.49415820837020874,0.5,1.0,1.0
2,2190,25000,0.2834014594554901,0.3205990791320801,3.4462002076907083e-05,1.0,3.4462002076907083e-05,0.0053822994232177734,0.016173893585801125,0.03575696051120758,0.07096043229103088,0.13273145258426666,0.24094535410404205,0.4950828552246094,0.5,1.0,1.0
2,2200,25000,0.28329432010650635,0.3204549252986908,2.592392593214754e-05,1.0,2.592392593214754e-05,0.005377077963203192,0.016227392479777336,0.03598430007696152,0.07118270546197891,0.1325114369392395,0.24074141681194305,0.4938427209854126,0.5,1.0,1.0
2,2210,25000,0.2835356593132019,0.32067927718162537,3.0173408958944492e-05,1.0,3.0173408958944492e-05,0.00531514547765255,0.016138065606355667,0.035850074142217636,0.07150856405496597,0.13209055364131927,0.24149595201015472,0.49542108178138733,0.5,1.0,1.0
2,2220,25000,0.28330907225608826,0.3205631971359253,2.8316853786236607e-05,1.0,2.8316853786236607e-05,0.005324031691998243,0.016110751777887344,0.03578878566622734,0.07092846930027008,0.13262803852558136,0.2410593181848526,0.49393197894096375,0.5,1.0,1.0
2,2230,25000,0.28349751234054565,0.320535808801651,3.330246181576513e-05,1.0,3.330246181576513e-05,0.005323044024407864,0.016204187646508217,0.03594951704144478,0.07138179987668991,0.13235431909561157,0.24173477292060852,0.49596717953681946,0.5,1.0,1.0
2,2240,25000,0.2835100591182709,0.32057029008865356,2.735933412623126e-05,1.0,2.735933412623126e-05,0.00538732809945941,0.01624385267496109,0.03590294346213341,0.07121694087982178,0.13286137580871582,0.2409953773021698,0.49366599321365356,0.5,1.0,1.0
2,2250,25000,0.28345417976379395,0.3207082152366638,2.8387054044287652e-05,1.0,2.8387054044287652e-05,0.005303309299051762,0.01625978574156761,0.03582001477479935,0.07146680355072021,0.1325628161430359,0.2402346134185791,0.49611884355545044,0.5,1.0,1.0
2,2260,25000,0.2833870053291321,0.3205288052558899,2.665315696503967e-05,1.0,2.665315696503967e-05,0.0053286380134522915,0.016227925196290016,0.03610211983323097,0.07104148715734482,0.13246658444404602,0.24108076095581055,0.4949514865875244,0.5,1.0,1.0
2,2270,25000,0.2834414541721344,0.32062146067619324,2.9095806894474663e-05,1.0,2.9095806894474663e-05,0.005343297030776739,0.016244597733020782,0.0360780693590641,0.07136564701795578,0.1319718360900879,0.24115243554115295,0.4948655664920807,0.5,1.0,1.0
2,2280,25000,0.2833513617515564,0.3205272853374481,3.1781168218003586e-05,1.0,3.1781168218003586e-05,0.005368220619857311,0.016242029145359993,0.03607979044318199,0.07133876532316208,0.13198859989643097,0.24129875004291534,0.49556559324264526,0.5,1.0,1.0
2,2290,25000,0.2833942174911499,0.3205548822879791,3.1850708182901144e-05,1.0,3.1850708182901144e-05,0.005300766322761774,0.016212616115808487,0.03586135804653168,0.07093171775341034,0.13269057869911194,0.2405318319797516,0.49540776014328003,0.5,1.0,1.0
2,2300,25000,0.2834600508213043,0.3205758035182953,2.8624590413528495e-05,1.0,2.8624590413528495e-05,0.0053159864619374275,0.016032064333558083,0.035732656717300415,0.07117227464914322,0.13316695392131805,0.24121157824993134,0.4956980347633362,0.5,1.0,1.0
2,2310,25000,0.28330034017562866,0.32047125697135925,3.253474642406218e-05,1.0,3.253474642406218e-05,0.005355871748179197,0.016189077869057655,0.03599134460091591,0.0714116021990776,0.13268941640853882,0.2404322773218155,0.4949471950531006,0.5,1.0,1.0
2,2320,25000,0.2835029661655426,0.320552259683609,3.0978564609540626e-05,1.0,3.0978564609540626e-05,0.005382032133638859,0.016344362869858742,0.03606105223298073,0.07136300951242447,0.13228300213813782,0.24142515659332275,0.4945259094238281,0.5,1.0,1.0
2,2330,25000,0.2834232747554779,0.3205459713935852,3.1391038646688685e-05,1.0,3.1391038646688685e-05,0.005344499833881855,0.016190117225050926,0.035919856280088425,0.07108838856220245,0.13254672288894653,0.241278737783432,0.4942818880081177,0.5,1.0,1.0
2,2340,25000,0.2833414375782013,0.320451945066452,2.9199005439295433e-05,1.0,2.9199005439295433e-05,0.005316413007676601,0.016273314133286476,0.036159269511699677,0.07158981263637543,0.1324649453163147,0.24123381078243256,0.49329033493995667,0.5,1.0,1.0
2,2350,25000,0.28348538279533386,0.3205629885196686,3.2177027605939656e-05,1.0,3.2177027605939656e-05,0.005394604988396168,0.01622191071510315,0.03591182827949524,0.0712924376130104,0.1326889991760254,0.24109411239624023,0.4963749051094055,0.5,1.0,1.0
2,2360,25000,0.2834337055683136,0.32063785195350647,3.095907231909223e-05,1.0,3.095907231909223e-05,0.005318609066307545,0.016258174553513527,0.035802096128463745,0.07131591439247131,0.13254086673259735,0.24133828282356262,0.4950188398361206,0.5,1.0,1.0
2,2370,25000,0.28334054350852966,0.3206254839897156,2.968306580442004e-05,1.0,2.968306580442004e-05,0.005345404613763094,0.016105368733406067,0.0356910340487957,0.07128102332353592,0.1322222501039505,0.24080076813697815,0.49346455931663513,0.5,1.0,1.0
2,2380,25000,0.2833916246891022,0.32050397992134094,2.9965032808831893e-05,1.0,2.9965032808831893e-05,0.005346104968339205,0.016180099919438362,0.0360240638256073,0.07114702463150024,0.13319137692451477,0.24135038256645203,0.49368205666542053,0.5,1.0,1.0
2,2390,25000,0.2833057940006256,0.320555180311203,3.208987254765816e-05,1.0,3.208987254765816e-05,0.005294153932482004,0.016192937269806862,0.0357709638774395,0.07123587280511856,0.13258442282676697,0.24123503267765045,0.4931638240814209,0.5,1.0,1.0
2,2400,25000,0.2833483815193176,0.32056835293769836,2.819551264110487e-05,1.0,2.819551264110487e-05,0.005291883833706379,0.016262320801615715,0.035975560545921326,0.07094756513834,0.1323668509721756,0.24171724915504456,0.4943109452724457,0.5,1.0,1.0
2,2410,25000,0.28347933292388916,0.3205600380897522,3.081086833844893e-05,1.0,3.081086833844893e-05,0.005347666796296835,0.016175121068954468,0.03581688925623894,0.07125604897737503,0.13238310813903809,0.24132058024406433,0.49477171897888184,0.5,1.0,1.0
2,2420,25000,0.2832537293434143,0.3204847276210785,2.6886204068432562e-05,1.0,2.6886204068432562e-05,0.005345527548342943,0.016117479652166367,0.03590824455022812,0.07106814533472061,0.13229474425315857,0.2407216876745224,0.4928610920906067,0.5,1.0,1.0
2,2430,25000,0.28339189291000366,0.32056930661201477,3.082166949752718e-05,1.0,3.082166949752718e-05,0.005356556735932827,0.016096360981464386,0.03612147644162178,0.07090688496828079,0.13292062282562256,0.24079833924770355,0.4955073297023773,0.5,1.0,1.0
2,2440,25000,0.28347817063331604,0.32060763239860535,3.261014717281796e-05,1.0,3.261014717281796e-05,0.005359072703868151,0.016209224238991737,0.03590511903166771,0.07102092355489731,0.13245190680027008,0.24107642471790314,0.4955756664276123,0.5,1.0,1.0
2,2450,25000,0.28331369161605835,0.32055753469467163,2.8682121410383843e-05,1.0,2.8682121410383843e-05,0.005362480878829956,0.016202179715037346,0.03610958904027939,0.07081596553325653,0.13246360421180725,0.24119386076927185,0.4935643970966339,0.5,1.0,1.0
2,2460,25000,0.283493310213089,0.32061317563056946,3.250062945880927e-05,1.0,3.250062945880927e-05,0.005329945590347052,0.016218936070799828,0.03586491569876671,0.07109412550926208,0.1324922740459442,0.2407200187444687,0.4938851296901703,0.5,1.0,1.0
2,2470,25000,0.2834404706954956,0.3205372989177704,2.7525364203029312e-05,1.0,2.7525364203029312e-05,0.005334456451237202,0.016159869730472565,0.0358831062912941,0.07124128192663193,0.13302895426750183,0.24174484610557556,0.49488526582717896,0.5,1.0,1.0
2,2480,25000,0.2834434509277344,0.3206855356693268,2.932646202680189e-05,1.0,2.932646202680189e-05,0.005333541892468929,0.016067424789071083,0.03596298396587372,0.07084877043962479,0.13289305567741394,0.24146941304206848,0.49372273683547974,0.5,1.0,1.0
2,2490,25000,0.28330326080322266,0.3206076920032501,3.0740720831090584e-05,1.0,3.0740720831090584e-05,0.0053104436956346035,0.016062378883361816,0.03564596548676491,0.07128334790468216,0.1317492425441742,0.24124237895011902,0.49483391642570496,0.5,1.0,1.0
2,2500,25000,0.28341078758239746,0.320597380399704,2.9374747100519016e-05,1.0,2.9374747100519016e-05,0.005334762390702963,0.016155051067471504,0.03578535094857216,0.07120197266340256,0.13248181343078613,0.240983247756958,0.49647924304008484,0.5,1.0,1.0
2,2510,25000,0.2835725247859955,0.3205883800983429,2.8217493309057318e-05,1.0,2.8217493309057318e-05,0.005365503951907158,0.016119394451379776,0.03608718514442444,0.07092653959989548,0.13281595706939697,0.2426588237285614,0.49656960368156433,0.5,1.0,1.0
2,2520,25000,0.28344976902008057,0.32048505544662476,2.9845157769159414e-05,1.0,2.9845157769159414e-05,0.005325631238520145,0.016161246225237846,0.03604907914996147,0.07120612263679504,0.13265129923820496,0.2412404865026474,0.4958473742008209,0.5,1.0,1.0
2,2530,25000,0.28341951966285706,0.32053232192993164,2.9796090529998764e-05,1.0,2.9796090529998764e-05,0.005323866382241249,0.016152827069163322,0.03594810515642166,0.07115744799375534,0.13306057453155518,0.2414463758468628,0.4939688444137573,0.5,1.0,1.0
2,2540,25000,0.2834492027759552,0.32054823637008667,3.12966039928142e-05,1.0,3.12966039928142e-05,0.005328546743839979,0.016197776421904564,0.03593779355287552,0.071187824010849,0.13223814964294434,0.2409905344247818,0.49515512585639954,0.5,1.0,1.0
2,2550,25000,0.2833251357078552,0.32053354382514954,2.9829598133801483e-05,1.0,2.9829598133801483e-05,0.005341810639947653,0.01623353734612465,0.03579312935471535,0.07140586525201797,0.1325257569551468,0.240900918841362,0.49232447147369385,0.5,1.0,1.0
2,2560,25000,0.2832491397857666,0.3205084800720215,3.171715070493519e-05,1.0,3.171715070493519e-05,0.005351953208446503,0.016253355890512466,0.03593869507312775,0.07137705385684967,0.13248029351234436,0.2403843253850937,0.49463778734207153,0.5,1.0,1.0
2,2570,25000,0.28351154923439026,0.32055363059043884,2.6501145839574747e-05,1.0,2.6501145839574747e-05,0.005357164423912764,0.016113927587866783,0.03588169440627098,0.07109439373016357,0.13313639163970947,0.24165929853916168,0.4949765205383301,0.5,1.0,1.0
2,2580,25000,0.28333351016044617,0.3205144703388214,3.1261926778825e-05,1.0,3.1261926778825e-05,0.005363915115594864,0.016207149252295494,0.0359761118888855,0.07073543965816498,0.1324814260005951,0.2412559688091278,0.4939652681350708,0.5,1.0,1.0
2,2590,25000,0.28338396549224854,0.320659875869751,2.3484046323574148e-05,1.0,2.3484046323574148e-05,0.005289493594318628,0.01628755033016205,0.035997580736875534,0.07106669247150421,0.13259240984916687,0.2405785620212555,0.4954014718532562,0.5,1.0,1.0
2,2600,25000,0.28333088755607605,0.3205278813838959,2.7391752155381255e-05,1.0,2.7391752155381255e-05,0.005301597062498331,0.016206659376621246,0.035720668733119965,0.07090865075588226,0.13237488269805908,0.24086438119411469,0.4948597848415375,0.5,1.0,1.0
2,2610,25000,0.2834492027759552,0.32055848836898804,3.516878132359125e-05,1.0,3.516878132359125e-05,0.005385864991694689,0.01627090945839882,0.035761985927820206,0.07124000042676926,0.13285835087299347,0.24100792407989502,0.4929352104663849,0.5,1.0,1.0
2,2620,25000,0.28341105580329895,0.32053303718566895,2.7962472813669592e-05,1.0,2.7962472813669592e-05,0.005301530938595533,0.016230052337050438,0.035762857645750046,0.07144848257303238,0.1322513222694397,0.24086150527000427,0.4940119981765747,0.5,1.0,1.0
2,2630,25000,0.28351733088493347,0.32054856419563293,2.9825432648067363e-05,1.0,2.9825432648067363e-05,0.0053178309462964535,0.016194956377148628,0.03604430332779884,0.0714244470000267,0.1324625164270401,0.2410707324743271,0.4946155846118927,0.5,1.0,1.0
2,2640,25000,0.2832822799682617,0.3205952048301697,3.00490646623075e-05,1.0,3.00490646623075e-05,0.005322958808392286,0.01607087254524231,0.036005839705467224,0.07113036513328552,0.13206106424331665,0.24018803238868713,0.49336838722229004,0.5,1.0,1.0
2,2650,25000,0.2834721803665161,0.3206294775009155,3.229075809940696e-05,1.0,3.229075809940696e-05,0.005309492815285921,0.016188273206353188,0.03592456504702568,0.07111421972513199,0.13226458430290222,0.24076268076896667,0.49521604180336,0.5,1.0,1.0
2,2660,25000,0.28339171409606934,0.3205704391002655,3.2241488952422515e-05,1.0,3.2241488952422515e-05,0.005345775280147791,0.016225656494498253,0.035811897367239,0.07108957320451736,0.13197025656700134,0.24138031899929047,0.4945897161960602,0.5,1.0,1.0
2,2670,25000,0.2833668291568756,0.3206244707107544,3.301248943898827e-05,1.0,3.301248943898827e-05,0.005334651563316584,0.01617606170475483,0.035784777253866196,0.07093527168035507,0.13265064358711243,0.24083854258060455,0.49674710631370544,0.5,1.0,1.0
2,2680,25000,0.28340333700180054,0.32054582238197327,3.068119622184895e-05,1.0,3.068119622184895e-05,0.005375368520617485,0.016124384477734566,0.0359642431139946,0.07132436335086823,0.13253486156463623,0.24104543030261993,0.4927525818347931,0.5,1.0,1.0
2,2690,25000,0.2835247814655304,0.32067638635635376,3.092674887739122e-05,1.0,3.092674887739122e-05,0.00535131711512804,0.016192423179745674,0.03606046363711357,0.07093136012554169,0.13277611136436462,0.2409057766199112,0.49383431673049927,0.5,1.0,1.0
2,2700,25000,0.28344061970710754,0.3205486834049225,2.7786400096374564e-05,1.0,2.7786400096374564e-05,0.005296748131513596,0.016221320256590843,0.03586772829294205,0.07096197456121445,0.13273648917675018,0.24151335656642914,0.49573755264282227,0.5,1.0,1.0
2,2710,25000,0.28372204303741455,0.3207632303237915,3.062085306737572e-05,1.0,3.062085306737572e-05,0.005377067252993584,0.016106192022562027,0.03592778742313385,0.07122724503278732,0.13286197185516357,0.2414770871400833,0.49703896045684814,0.5,1.0,1.0
2,2720,25000,0.2833107113838196,0.32056277990341187,2.8716231099679135e-05,1.0,2.8716231099679135e-05,0.005355458706617355,0.016114138066768646,0.035755690187215805,0.0714537724852562,0.13300222158432007,0.2412855625152588,0.49420368671417236,0.5,1.0,1.0
2,2730,25000,0.2835110127925873,0.32055914402008057,2.9388191251200624e-05,1.0,2.9388191251200624e-05,0.005334706045687199,0.01624683476984501,0.035976946353912354,0.07111488282680511,0.13273462653160095,0.24170401692390442,0.49425023794174194,0.5,1.0,1.0
2,2740,25000,0.2833540737628937,0.32062825560569763,3.096757791354321e-05,1.0,3.096757791354321e-05,0.005314792040735483,0.016096793115139008,0.03577195107936859,0.07091663032770157,0.1325739026069641,0.24054864048957825,0.4941033720970154,0.5,1.0,1.0
2,2750,25000,0.28346478939056396,0.32065239548683167,3.109112731181085e-05,1.0,3.109112731181085e-05,0.005314999260008335,0.016130201518535614,0.03603529557585716,0.07124019414186478,0.13263507187366486,0.24004141986370087,0.4953787624835968,0.5,1.0,1.0
2,2760,25000,0.28354451060295105,0.3207317590713501,2.8834625481977127e-05,1.0,2.8834625481977127e-05,0.005364942830055952,0.01612892560660839,0.03588106110692024,0.07132183015346527,0.13254892826080322,0.2412777841091156,0.4959062933921814,0.5,1.0,1.0
2,2770,25000,0.28356945514678955,0.3205685317516327,2.9212969820946455e-05,1.0,2.9212969820946455e-05,0.005351916421204805,0.016173461452126503,0.03601427376270294,0.07132754474878311,0.13290691375732422,0.24178607761859894,0.4952801465988159,0.5,1.0,1.0
2,2780,25000,0.2834918200969696,0.3206435441970825,3.0079527277848683e-05,1.0,3.0079527277848683e-05,0.005325663834810257,0.016165297478437424,0.03595827892422676,0.0711091011762619,0.1325071156024933,0.2418750524520874,0.49528035521507263,0.5,1.0,1.0
2,2790,25000,0.28357943892478943,0.320639431476593,2.9860184440622106e-05,1.0,2.9860184440622106e-05,0.005363545846194029,0.01622132584452629,0.03597778081893921,0.07113330066204071,0.13280069828033447,0.2421850562095642,0.4953230619430542,0.5,1.0,1.0
2,2800,25000,0.28348344564437866,0.32070493698120117,2.9579192414530553e-05,1.0,2.9579192414530553e-05,0.005343950353562832,0.016191557049751282,0.035881463438272476,0.07139347493648529,0.13251015543937683,0.2405868023633957,0.4935373067855835,0.5,1.0,1.0
2,2810,25000,0.28334829211235046,0.3205689489841461,3.300111347925849e-05,1.0,3.300111347925849e-05,0.005344968754798174,0.016244234517216682,0.03590443730354309,0.07101640850305557,0.13268233835697174,0.24072544276714325,0.4951478838920593,0.5,1.0,1.0
2,2820,25000,0.28346771001815796,0.3206920027732849,3.163907240377739e-05,1.0,3.163907240377739e-05,0.005326780024915934,0.01618727669119835,0.03573976829648018,0.0710429921746254,0.13251790404319763,0.24166737496852875,0.4939095973968506,0.5,1.0,1.0
2,2830,25000,0.2835035026073456,0.3207046389579773,2.8903139536851086e-05,1.0,2.8903139536851086e-05,0.005371345207095146,0.016076426953077316,0.035932693630456924,0.07078506797552109,0.13297376036643982,0.24079576134681702,0.4934489130973816,0.5,1.0,1.0
2,2840,25000,0.2834700644016266,0.32075977325439453,3.679899964481592e-05,1.0,3.679899964481592e-05,0.005345742683857679,0.016097117215394974,0.035703614354133606,0.07103085517883301,0.1320846825838089,0.24110428988933563,0.4940474331378937,0.5,1.0,1.0
2,2850,25000,0.2834189832210541,0.3206726908683777,3.183523585903458e-05,1.0,3.183523585903458e-05,0.005322321783751249,0.016139741986989975,0.036043621599674225,0.07124612480401993,0.13250048458576202,0.24044233560562134,0.49432963132858276,0.5,1.0,1.0
2,2860,25000,0.2833700180053711,0.3206421434879303,2.9897177228122018e-05,1.0,2.9897177228122018e-05,0.0052874828688800335,0.016218002885580063,0.03594448044896126,0.07137094438076019,0.13248875737190247,0.2405283898115158,0.49423983693122864,0.5,1.0,1.0
2,2870,25000,0.283435195684433,0.3206956088542938,3.211301373085007e-05,1.0,3.211301373085007e-05,0.005321672186255455,0.016136808320879936,0.03587309643626213,0.07113707065582275,0.13262778520584106,0.24090604484081268,0.4950264096260071,0.5,1.0,1.0
2,2880,25000,0.283475399017334,0.320770263671875,3.472903699730523e-05,1.0,3.472903699730523e-05,0.005352912005037069,0.01616894267499447,0.035897351801395416,0.07081484794616699,0.13318923115730286,0.24084018170833588,0.49611127376556396,0.5,1.0,1.0
2,2890,25000,0.2834780812263489,0.3206784129142761,3.348206155351363e-05,1.0,3.348206155351363e-05,0.00531676784157753,0.016230620443820953,0.035785265266895294,0.07106654345989227,0.13238543272018433,0.24145981669425964,0.4937025010585785,0.5,1.0,1.0
2,2900,25000,0.2835102081298828,0.320768266916275,2.8827580536017194e-05,1.0,2.8827580536017194e-05,0.00529874674975872,0.016266968101263046,0.03624609112739563,0.07109446823596954,0.13252268731594086,0.24042120575904846,0.4962466061115265,0.5,1.0,1.0
2,2910,25000,0.2835831642150879,0.32075685262680054,2.9869341233279556e-05,1.0,2.9869341233279556e-05,0.005339405033737421,0.016143644228577614,0.035921141505241394,0.07139425724744797,0.13258901238441467,0.24121664464473724,0.49444717168807983,0.5,1.0,1.0
2,2920,25000,0.28358975052833557,0.3207097351551056,3.153362558805384e-05,1.0,3.153362558805384e-05,0.005362715106457472,0.016170989722013474,0.03591164946556091,0.0713139995932579,0.13249312341213226,0.24184218049049377,0.4943206012248993,0.5,1.0,1.0
2,2930,25000,0.2833917737007141,0.3207096457481384,3.576302697183564e-05,1.0,3.576302697183564e-05,0.005301040597259998,0.01613791659474373,0.035860106348991394,0.07121407985687256,0.13238844275474548,0.2399652600288391,0.49429184198379517,0.5,1.0,1.0
2,2940,25000,0.2835255265235901,0.3207680583000183,3.032395943591837e-05,1.0,3.032395943591837e-05,0.005317849572747946,0.016136329621076584,0.03568396717309952,0.0716034322977066,0.13288119435310364,0.24077840149402618,0.49455365538597107,0.5,1.0,1.0
2,2950,25000,0.28354865312576294,0.32070407271385193,2.7137088181916624e-05,1.0,2.7137088181916624e-05,0.005354355089366436,0.016209304332733154,0.035855960100889206,0.0711107850074768,0.1328473836183548,0.24103489518165588,0.49602794647216797,0.5,1.0,1.0
2,2960,25000,0.2835037112236023,0.32078829407691956,3.069903686991893e-05,1.0,3.069903686991893e-05,0.005364531185477972,0.016133742406964302,0.03579014912247658,0.07126592844724655,0.13219594955444336,0.24049416184425354,0.4949285387992859,0.5,1.0,1.0
2,2970,25000,0.2837158441543579,0.3208733797073364,3.192191070411354e-05,1.0,3.192191070411354e-05,0.005371302831918001,0.016192328184843063,0.03597716614603996,0.07124695926904678,0.13312870264053345,0.24155214428901672,0.4956982433795929,0.5,1.0,1.0
2,2980,25000,0.2836526334285736,0.3208433985710144,3.270422894274816e-05,1.0,3.270422894274816e-05,0.005311021581292152,0.016210239380598068,0.03593865782022476,0.07141090929508209,0.13240954279899597,0.24164828658103943,0.49453452229499817,0.5,1.0,1.0
2,2990,25000,0.28354477882385254,0.32089224457740784,2.7926396796829067e-05,1.0,2.7926396796829067e-05,0.0053589241579174995,0.016173996031284332,0.03577808663249016,0.07108911871910095,0.13257665932178497,0.24076728522777557,0.4939751923084259,0.5,1.0,1.0
2,3000,25000,0.2835312783718109,0.3207888901233673,2.75180736934999e-05,1.0,2.75180736934999e-05,0.005360382609069347,0.01622697152197361,0.03592238202691078,0.07096652686595917,0.1323452591896057,0.24144041538238525,0.494728684425354,0.5,1.0,1.0
2,3010,25000,0.2836132049560547,0.32085418701171875,3.310908141429536e-05,1.0,3.310908141429536e-05,0.005373879801481962,0.01623675599694252,0.035837773233652115,0.07114492356777191,0.13229970633983612,0.24120275676250458,0.4954775869846344,0.5,1.0,1.0
2,3020,25000,0.2834644317626953,0.32080304622650146,2.666689942998346e-05,1.0,2.666689942998346e-05,0.005370745435357094,0.016208413988351822,0.035914503037929535,0.07093066722154617,0.13259097933769226,0.24079056084156036,0.4943443834781647,0.5,1.0,1.0
2,3030,25000,0.2833668291568756,0.3207440972328186,3.116615698672831e-05,1.0,3.116615698672831e-05,0.005358643364161253,0.016109755262732506,0.03566834330558777,0.07104910910129547,0.1325884461402893,0.2409186214208603,0.4924120008945465,0.5,1.0,1.0
2,3040,25000,0.2835077941417694,0.32080885767936707,3.193048178218305e-05,1.0,3.193048178218305e-05,0.005314579699188471,0.016065334901213646,0.03592754155397415,0.07111171633005142,0.13261224329471588,0.24111516773700714,0.49366065859794617,0.5,1.0,1.0
2,3050,25000,0.283566415309906,0.32084766030311584,3.080797614529729e-05,1.0,3.080797614529729e-05,0.005327918101102114,0.016234837472438812,0.03589935600757599,0.07107998430728912,0.1324293464422226,0.24091856181621552,0.49620506167411804,0.5,1.0,1.0
2,3060,25000,0.28354230523109436,0.3208931088447571,2.882204898924101e-05,1.0,2.882204898924101e-05,0.00536946440115571,0.016208244487643242,0.03563288226723671,0.07081925868988037,0.13221798837184906,0.241095632314682,0.493895560503006,0.5,1.0,1.0
2,3070,25000,0.28356215357780457,0.3208320140838623,2.8907381420140155e-05,1.0,2.8907381420140155e-05,0.005350576248019934,0.01616380177438259,0.03585093468427658,0.07112840563058853,0.13316741585731506,0.24149899184703827,0.49313226342201233,0.5,1.0,1.0
2,3080,25000,0.28354936838150024,0.32086119055747986,3.1154642783803865e-05,1.0,3.1154642783803865e-05,0.005303662270307541,0.016208603978157043,0.03586394339799881,0.0710824653506279,0.13298669457435608,0.24133728444576263,0.4948764145374298,0.5,1.0,1.0
2,3090,25000,0.28348636627197266,0.3208072781562805,3.0345945560839027e-05,1.0,3.0345945560839027e-05,0.005325851030647755,0.01618301123380661,0.035720035433769226,0.07099902629852295,0.13222749531269073,0.24201318621635437,0.49480825662612915,0.5,1.0,1.0
2,3100,25000,0.28353917598724365,0.32090529799461365,3.2033287425292656e-05,1.0,3.2033287425292656e-05,0.005329684820026159,0.016215378418564796,0.03595379739999771,0.07088372856378555,0.1318763941526413,0.24068525433540344,0.4944520592689514,0.5,1.0,1.0
2,3110,25000,0.28352802991867065,0.3208177089691162,2.7825686629512347e-05,1.0,2.7825686629512347e-05,0.005346429999917746,0.01610194519162178,0.036018453538417816,0.07122921943664551,0.13219968974590302,0.24176357686519623,0.4933622479438782,0.5,1.0,1.0
2,3120,25000,0.28359726071357727,0.3208301067352295,2.9846789402654395e-05,1.0,2.9846789402654395e-05,0.005321932956576347,0.016094988211989403,0.03587368130683899,0.07144937664270401,0.13272657990455627,0.24158386886119843,0.4943905770778656,0.5,1.0,1.0
2,3130,25000,0.2835819721221924,0.3208235502243042,2.7512069209478796e-05,1.0,2.7512069209478796e-05,0.005370441824197769,0.016258643940091133,0.03583409637212753,0.07098976522684097,0.13265788555145264,0.24137604236602783,0.4948430359363556,0.5,1.0,1.0
2,3140,25000,0.2836035192012787,0.3209143877029419,2.9465454645105638e-05,1.0,2.9465454645105638e-05,0.005354471039026976,0.01627427712082863,0.03613003343343735,0.07140261679887772,0.13228850066661835,0.24088849127292633,0.4945465326309204,0.5,1.0,1.0
2,3150,25000,0.2837494909763336,0.3209134340286255,3.013403147633653e-05,1.0,3.013403147633653e-05,0.005315094720572233,0.016146156936883926,0.035979483276605606,0.07154565304517746,0.13229778409004211,0.24261167645454407,0.4942496418952942,0.5,1.0,1.0
2,3160,25000,0.2834886610507965,0.3208543658256531,2.7067444534623064e-05,1.0,2.7067444534623064e-05,0.005349187180399895,0.01617286168038845,0.03599200397729874,0.07094921171665192,0.1324419379234314,0.24093839526176453,0.4945422112941742,0.5,1.0,1.0
2,3170,25000,0.28350144624710083,0.32090631127357483,3.0886349122738466e-05,1.0,3.0886349122738466e-05,0.005337562877684832,0.016101133078336716,0.03580290079116821,0.07098561525344849,0.13282188773155212,0.24141216278076172,0.494045615196228,0.5,1.0,1.0
2,3180,25000,0.28359121084213257,0.32089635729789734,2.9920425731688738e-05,1.0,2.9920425731688738e-05,0.0053462255746126175,0.016245614737272263,0.0359727218747139,0.07104143500328064,0.13258035480976105,0.24119216203689575,0.4944527745246887,0.5,1.0,1.0
2,3190,25000,0.283691942691803,0.3208767771720886,3.272476533311419e-05,1.0,3.272476533311419e-05,0.00531428400427103,0.016198530793190002,0.03600296750664711,0.07101427018642426,0.13287092745304108,0.24072180688381195,0.4957912862300873,0.5,1.0,1.0
2,3200,25000,0.28349101543426514,0.32083314657211304,3.4784196031978354e-05,1.0,3.4784196031978354e-05,0.005308961495757103,0.01618965156376362,0.0358504056930542,0.07119656354188919,0.13244949281215668,0.24090814590454102,0.49512413144111633,0.5,1.0,1.0
2,3210,25000,0.28362199664115906,0.32093146443367004,3.0049101042095572e-05,1.0,3.0049101042095572e-05,0.005306952632963657,0.016142230480909348,0.03581647574901581,0.0716128796339035,0.1322978138923645,0.2410489022731781,0.49431225657463074,0.5,1.0,1.0
2,3220,25000,0.28356555104255676,0.32087549567222595,2.7738327844417654e-05,1.0,2.7738327844417654e-05,0.005388986319303513,0.016163485124707222,0.036036718636751175,0.07081790268421173,0.13241595029830933,0.24192801117897034,0.4948694109916687,0.5,1.0,1.0
2,3230,25000,0.2836567461490631,0.3209706246852875,2.869008130801376e-05,1.0,2.869008130801376e-05,0.005322052165865898,0.016181580722332,0.03599775955080986,0.07092863321304321,0.1324370801448822,0.24077670276165009,0.4963234066963196,0.5,1.0,1.0
2,3240,25000,0.28360751271247864,0.3209473192691803,2.9326503863558173e-05,1.0,2.9326503863558173e-05,0.005364685785025358,0.01615288108587265,0.03590722754597664,0.07092051953077316,0.1324061155319214,0.2413499355316162,0.49491095542907715,0.5,1.0,1.0
2,3250,25000,0.28367146849632263,0.3208893835544586,2.9331933546927758e-05,1.0,2.9331933546927758e-05,0.005331671331077814,0.01617874577641487,0.035947561264038086,0.07114830613136292,0.13269899785518646,0.24194662272930145,0.49509507417678833,0.5,1.0,1.0
2,3260,25000,0.2835857570171356,0.32087329030036926,3.1079613108886406e-05,1.0,3.1079613108886406e-05,0.00538266496732831,0.016118863597512245,0.03592086583375931,0.07083697617053986,0.13316753506660461,0.24109184741973877,0.49508193135261536,0.5,1.0,1.0
2,3270,25000,0.2835591733455658,0.32083243131637573,3.178752012900077e-05,1.0,3.178752012900077e-05,0.005330517888069153,0.016173774376511574,0.03615507110953331,0.07126834988594055,0.13207361102104187,0.24106574058532715,0.49456989765167236,0.5,1.0,1.0
2,3280,25000,0.28346800804138184,0.3208209276199341,3.4425873309373856e-05,1.0,3.4425873309373856e-05,0.005341905634850264,0.016236821189522743,0.0359363779425621,0.07143274694681168,0.13223198056221008,0.2405635267496109,0.49389588832855225,0.5,1.0,1.0
2,3290,25000,0.2835201025009155,0.32085028290748596,3.2297390134772286e-05,1.0,3.2297390134772286e-05,0.00534465117380023,0.01615311950445175,0.035898350179195404,0.0714903175830841,0.13280142843723297,0.24179241061210632,0.4926995038986206,0.5,1.0,1.0
2,3300,25000,0.2835763394832611,0.32084301114082336,2.9103835913701914e-05,1.0,2.9103835913701914e-05,0.00527144456282258,0.016171438619494438,0.03598276898264885,0.07090786099433899,0.13301290571689606,0.24166865646839142,0.4928334951400757,0.5,1.0,1.0
2,3310,25000,0.2834778130054474,0.32094112038612366,3.1083927751751617e-05,1.0,3.1083927751751617e-05,0.005333154462277889,0.01613987237215042,0.03594512119889259,0.0707719475030899,0.13237503170967102,0.2411271631717682,0.4935695230960846,0.5,1.0,1.0
2,3320,25000,0.2833987772464752,0.3208390474319458,3.1137042242335156e-05,1.0,3.1137042242335156e-05,0.005321592558175325,0.01620631478726864,0.03574238717556,0.07106281816959381,0.1321766972541809,0.24098840355873108,0.493405282497406,0.5,1.0,1.0
2,3330,25000,0.2834915220737457,0.32084810733795166,3.171610660501756e-05,1.0,3.171610660501756e-05,0.005346555728465319,0.016247380524873734,0.03601201996207237,0.07099931687116623,0.1325959861278534,0.24016624689102173,0.4929080605506897,0.5,1.0,1.0
2,3340,25000,0.28358590602874756,0.3209769129753113,2.968559056171216e-05,1.0,2.968559056171216e-05,0.005339974537491798,0.016129020601511,0.035880375653505325,0.07105620205402374,0.13250741362571716,0.24044013023376465,0.4958397448062897,0.5,1.0,1.0
2,3350,25000,0.28365558385849,0.3208986222743988,2.5965095119317994e-05,1.0,2.5965095119317994e-05,0.005312368739396334,0.016164187341928482,0.03610002249479294,0.07129915803670883,0.13256195187568665,0.2423093318939209,0.495151162147522,0.5,1.0,1.0
2,3360,25000,0.28360846638679504,0.3209420144557953,3.052820829907432e-05,1.0,3.052820829907432e-05,0.005333609413355589,0.016136011108756065,0.03580920025706291,0.07079008966684341,0.13292856514453888,0.24078352749347687,0.49423930048942566,0.5,1.0,1.0
2,3370,25000,0.2836337983608246,0.32094836235046387,3.468532668193802e-05,1.0,3.468532668193802e-05,0.0053496756590902805,0.01617375575006008,0.03600544482469559,0.07130894064903259,0.1327858865261078,0.2416061908006668,0.4946582019329071,0.5,1.0,1.0
2,3380,25000,0.2837558686733246,0.32101649045944214,2.9982771593495272e-05,1.0,2.9982771593495272e-05,0.005356142297387123,0.0162107665091753,0.03598110005259514,0.07130177319049835,0.1330534815788269,0.24084532260894775,0.4957899749279022,0.5,1.0,1.0
2,3390,25000,0.2836780846118927,0.32100358605384827,2.94485071208328e-05,1.0,2.94485071208328e-05,0.005303744692355394,0.01625145971775055,0.0361284501850605,0.07128603011369705,0.1324850469827652,0.24041181802749634,0.4964543879032135,0.5,1.0,1.0
2,3400,25000,0.2837533950805664,0.3210948407649994,3.1115952879190445e-05,1.0,3.1115952879190445e-05,0.005325433798134327,0.016276730224490166,0.03595007583498955,0.0709448829293251,0.13240176439285278,0.24161194264888763,0.4954608678817749,0.5,1.0,1.0
2,3410,25000,0.28377240896224976,0.3209713399410248,2.9378392355283722e-05,1.0,2.9378392355283722e-05,0.005361700896173716,0.016158228740096092,0.035942185670137405,0.07128451764583588,0.13275055587291718,0.2424195259809494,0.4958099126815796,0.5,1.0,1.0
2,3420,25000,0.28348302841186523,0.3208650052547455,2.7915870305150747e-05,1.0,2.7915870305150747e-05,0.005385607946664095,0.016203852370381355,0.03570632264018059,0.0711899995803833,0.13266587257385254,0.240817129611969,0.4931669533252716,0.5,1.0,1.0
2,3430,25000,0.2835610806941986,0.3209032416343689,3.194922101101838e-05,1.0,3.194922101101838e-05,0.00531798368319869,0.01622246392071247,0.03578260913491249,0.07120992988348007,0.13274720311164856,0.24104583263397217,0.49587124586105347,0.5,1.0,1.0
2,3440,25000,0.28355488181114197,0.3209306299686432,3.0177114240359515e-05,1.0,3.0177114240359515e-05,0.005368294660001993,0.016137337312102318,0.03584146499633789,0.07115296274423599,0.1328786462545395,0.2413327991962433,0.4925052523612976,0.5,1.0,1.0
2,3450,25000,0.28355729579925537,0.32088592648506165,2.979223063448444e-05,1.0,2.979223063448444e-05,0.00533378217369318,0.01605149917304516,0.03585478290915489,0.07105883210897446,0.13264338672161102,0.24134503304958344,0.4936453104019165,0.5,1.0,1.0
2,3460,25000,0.283515602350235,0.32086578011512756,3.495593773550354e-05,1.0,3.495593773550354e-05,0.005377757828682661,0.0161412563174963,0.035876668989658356,0.0711015909910202,0.13240361213684082,0.24089165031909943,0.4940849840641022,0.5,1.0,1.0
2,3470,25000,0.2835248112678528,0.32084885239601135,3.4914264688268304e-05,1.0,3.4914264688268304e-05,0.0053233434446156025,0.016231905668973923,0.03589112311601639,0.07115505635738373,0.13282042741775513,0.24059046804904938,0.49314212799072266,0.5,1.0,1.0
2,3480,25000,0.28352656960487366,0.3209037780761719,2.7922214940190315e-05,1.0,2.7922214940190315e-05,0.0053429980762302876,0.016134826466441154,0.03591293841600418,0.0710846409201622,0.13263387978076935,0.2410689741373062,0.49446821212768555,0.5,1.0,1.0
2,3490,25000,0.28352728486061096,0.32094794511795044,3.4034805139526725e-05,1.0,3.4034805139526725e-05,0.005385519936680794,0.016273094341158867,0.03606494888663292,0.07110368460416794,0.13224123418331146,0.24095746874809265,0.49311748147010803,0.5,1.0,1.0
2,3500,25000,0.2837955057621002,0.32103919982910156,3.079978341702372e-05,1.0,3.079978341702372e-05,0.0053360676392912865,0.01625378057360649,0.0360984168946743,0.07135061174631119,0.1324247419834137,0.24209709465503693,0.49521198868751526,0.5,1.0,1.0
2,3510,25000,0.28357169032096863,0.32082682847976685,2.569474236224778e-05,1.0,2.569474236224778e-05,0.005309451371431351,0.016185320913791656,0.03591713681817055,0.07126840949058533,0.13281553983688354,0.2412455677986145,0.4945799708366394,0.5,1.0,1.0
2,3520,25000,0.2837129831314087,0.3209454417228699,3.187194306519814e-05,1.0,3.187194306519814e-05,0.005301089026033878,0.016158118844032288,0.03592526167631149,0.07116380333900452,0.1330738216638565,0.24155697226524353,0.49563562870025635,0.5,1.0,1.0
2,3530,25000,0.2836722433567047,0.3210400342941284,2.5960433049476705e-05,1.0,2.5960433049476705e-05,0.005318573676049709,0.016179891303181648,0.035953160375356674,0.07098829746246338,0.13216011226177216,0.24101193249225616,0.4946306347846985,0.5,1.0,1.0
2,3540,25000,0.2836523950099945,0.32090210914611816,3.3660537155810744e-05,1.0,3.3660537155810744e-05,0.005360687617212534,0.01603114791214466,0.03601490706205368,0.07138381898403168,0.13244718313217163,0.2416801154613495,0.49438732862472534,0.5,1.0,1.0
2,3550,25000,0.2836112678050995,0.3209671676158905,2.854592094081454e-05,1.0,2.854592094081454e-05,0.005319911986589432,0.016003580763936043,0.035813331604003906,0.07122042030096054,0.13208486139774323,0.24107542634010315,0.4954652190208435,0.5,1.0,1.0
2,3560,25000,0.2836642265319824,0.3208863437175751,3.2875170290935785e-05,1.0,3.2875170290935785e-05,0.005329677369445562,0.01622343249619007,0.03601871058344841,0.07109531760215759,0.1329951286315918,0.24160729348659515,0.49426576495170593,0.5,1.0,1.0
2,3570,25000,0.283664733171463,0.32099494338035583,3.163488145219162e-05,1.0,3.163488145219162e-05,0.005327316466718912,0.01615825854241848,0.036060504615306854,0.07113640755414963,0.13263477385044098,0.24041788280010223,0.49443215131759644,0.5,1.0,1.0
2,3580,25000,0.28357914090156555,0.32094240188598633,3.142288187518716e-05,1.0,3.142288187518716e-05,0.005338333547115326,0.016268819570541382,0.035805195569992065,0.07081679999828339,0.13258075714111328,0.24077670276165009,0.4950583279132843,0.5,1.0,1.0
2,3590,25000,0.28357595205307007,0.3209246098995209,2.950841917481739e-05,1.0,2.950841917481739e-05,0.005329334642738104,0.01607530377805233,0.03592073544859886,0.0709560289978981,0.1324268877506256,0.2411191612482071,0.49391502141952515,0.5,1.0,1.0
2,3600,25000,0.28357258439064026,0.32104232907295227,3.264630140620284e-05,1.0,3.264630140620284e-05,0.005331328138709068,0.016068143770098686,0.035984523594379425,0.07092611491680145,0.13226906955242157,0.24078607559204102,0.49432212114334106,0.5,1.0,1.0
2,3610,25000,0.2835361957550049,0.32087793946266174,3.0560051527572796e-05,1.0,3.0560051527572796e-05,0.005338284652680159,0.016325563192367554,0.03586523234844208,0.07112462818622589,0.13241137564182281,0.24113470315933228,0.493679404258728,0.5,1.0,1.0
2,3620,25000,0.2837890088558197,0.3210901916027069,3.1273051718017086e-05,1.0,3.1273051718017086e-05,0.005343892145901918,0.016165411099791527,0.03586793690919876,0.07096633315086365,0.13212862610816956,0.2414204329252243,0.4976343512535095,0.5,1.0,1.0
2,3630,25000,0.28374698758125305,0.32098013162612915,3.0144619813654572e-05,1.0,3.0144619813654572e-05,0.00530031556263566,0.016110718250274658,0.035833049565553665,0.0713571086525917,0.13265401124954224,0.24077904224395752,0.49636098742485046,0.5,1.0,1.0
2,3640,25000,0.2837193012237549,0.32100117206573486,2.9153996365494095e-05,1.0,2.9153996365494095e-05,0.00528911454603076,0.016256142407655716,0.03585755079984665,0.0713915303349495,0.13283562660217285,0.24032285809516907,0.4963269531726837,0.5,1.0,1.0
2,3650,25000,0.28369495272636414,0.32092323899269104,2.4771366952336393e-05,1.0,2.4771366952336393e-05,0.005363771691918373,0.016188472509384155,0.03598723188042641,0.07124648243188858,0.13292858004570007,0.24103505909442902,0.49392813444137573,0.5,1.0,1.0
2,3660,25000,0.28350183367729187,0.32095614075660706,3.046695564989932e-05,1.0,3.046695564989932e-05,0.0053815580904483795,0.016181372106075287,0.03576241433620453,0.07121481746435165,0.13232967257499695,0.24032603204250336,0.49405479431152344,0.5,1.0,1.0
2,3670,25000,0.28375759720802307,0.3210526704788208,2.9750633984804153e-05,1.0,2.9750633984804153e-05,0.00534864654764533,0.016109701246023178,0.035867173224687576,0.07110150158405304,0.13242611289024353,0.24160483479499817,0.4952833652496338,0.5,1.0,1.0
2,3680,25000,0.28353437781333923,0.3209528923034668,2.9390314011834562e-05,1.0,2.9390314011834562e-05,0.0053724911995232105,0.016031835228204727,0.035930830985307693,0.0709061399102211,0.13265036046504974,0.2411968857049942,0.49388131499290466,0.5,1.0,1.0
2,3690,25000,0.2836557626724243,0.32089561223983765,2.683231832634192e-05,1.0,2.683231832634192e-05,0.005360596813261509,0.01625090278685093,0.03610166534781456,0.07133667916059494,0.13285282254219055,0.24155095219612122,0.49462375044822693,0.5,1.0,1.0
2,3700,25000,0.2836301624774933,0.3209715783596039,2.7250269340584055e-05,1.0,2.7250269340584055e-05,0.0053357919678092,0.016231222078204155,0.035811711102724075,0.07108292728662491,0.13273394107818604,0.2407568097114563,0.4950757622718811,0.5,1.0,1.0
2,3710,25000,0.2837790846824646,0.3209949731826782,3.1062252674018964e-05,1.0,3.1062252674018964e-05,0.0053167883306741714,0.016202330589294434,0.03579710051417351,0.07111639529466629,0.13342596590518951,0.2417706698179245,0.49615898728370667,0.5,1.0,1.0
2,3720,25000,0.28354498744010925,0.3210059404373169,2.935654811153654e-05,1.0,2.935654811153654e-05,0.005298178177326918,0.01619677059352398,0.03589941933751106,0.07083456218242645,0.13252833485603333,0.2407953441143036,0.49329856038093567,0.5,1.0,1.0
2,3730,25000,0.2837153673171997,0.32106339931488037,2.610105548228603e-05,1.0,2.610105548228603e-05,0.005382911302149296,0.0161642637103796,0.03602290526032448,0.07130485773086548,0.1327173113822937,0.24152562022209167,0.4948614537715912,0.5,1.0,1.0
2,3740,25000,0.28358525037765503,0.32088059186935425,2.859972846636083e-05,1.0,2.859972846636083e-05,0.005312554072588682,0.016143931075930595,0.03589602932333946,0.07122458517551422,0.1326485574245453,0.24133950471878052,0.49443674087524414,0.5,1.0,1.0
2,3750,25000,0.28373804688453674,0.320902019739151,2.8095499146729708e-05,1.0,2.8095499146729708e-05,0.005359344650059938,0.01627817377448082,0.035920776426792145,0.07121767848730087,0.13347384333610535,0.2418185919523239,0.495313823223114,0.5,1.0,1.0
2,3760,25000,0.2836002707481384,0.320864200592041,2.7622483685263433e-05,1.0,2.7622483685263433e-05,0.005330564919859171,0.016232246533036232,0.03594702482223511,0.07119302451610565,0.1330425888299942,0.24082182347774506,0.4923045039176941,0.5,1.0,1.0
2,3770,25000,0.2836797535419464,0.3209226429462433,3.474370532785542e-05,1.0,3.474370532785542e-05,0.005302951205521822,0.016244739294052124,0.03587285056710243,0.07125683128833771,0.1327553391456604,0.2417808324098587,0.4959770739078522,0.5,1.0,1.0
2,3780,25000,0.2836399972438812,0.32098791003227234,3.113417551503517e-05,1.0,3.113417551503517e-05,0.0053296745754778385,0.016244124621152878,0.0359460823237896,0.07103230804204941,0.13274091482162476,0.240659698843956,0.4935757517814636,0.5,1.0,1.0
2,3790,25000,0.28373557329177856,0.3209872543811798,2.59127737081144e-05,1.0,2.59127737081144e-05,0.005366837605834007,0.01614604890346527,0.035886455327272415,0.07118067890405655,0.13306593894958496,0.24093708395957947,0.4947764277458191,0.5,1.0,1.0
2,3800,25000,0.28357937932014465,0.3209210932254791,3.0087248887866735e-05,1.0,3.0087248887866735e-05,0.00533937057480216,0.01616773009300232,0.03591013327240944,0.07109833508729935,0.13221459090709686,0.2414640635251999,0.49355199933052063,0.5,1.0,1.0
2,3810,25000,0.283646821975708,0.3210047483444214,3.0368044463102706e-05,1.0,3.0368044463102706e-05,0.0053006503731012344,0.01611361652612686,0.03570994362235069,0.07099746912717819,0.13247723877429962,0.24187162518501282,0.49628663063049316,0.5,1.0,1.0
2,3820,25000,0.28363409638404846,0.32089728116989136,2.9069864467601292e-05,1.0,2.9069864467601292e-05,0.005333338398486376,0.01622815802693367,0.03585241362452507,0.07106880843639374,0.13262119889259338,0.24159230291843414,0.493731826543808,0.5,1.0,1.0
2,3830,25000,0.2834794819355011,0.320965975522995,2.99290240945993e-05,1.0,2.99290240945993e-05,0.0053683118894696236,0.016110900789499283,0.03573618084192276,0.07130631059408188,0.1326737403869629,0.24020995199680328,0.49483615159988403,0.5,1.0,1.0
2,3840,25000,0.2835720479488373,0.32099902629852295,2.9265474950079806e-05,1.0,2.9265474950079806e-05,0.005352324340492487,0.016249559819698334,0.03577966243028641,0.07112608104944229,0.1327044516801834,0.24048030376434326,0.4937494993209839,0.5,1.0,1.0
2,3850,25000,0.2835290729999542,0.3209635019302368,3.1297935493057594e-05,1.0,3.1297935493057594e-05,0.005373343359678984,0.016315199434757233,0.03588053956627846,0.07112065702676773,0.13255488872528076,0.2404070943593979,0.49444493651390076,0.5,1.0,1.0
2,3860,25000,0.2836361825466156,0.3210746943950653,3.0463341317954473e-05,1.0,3.0463341317954473e-05,0.005316896829754114,0.01616864837706089,0.035931605845689774,0.07078071683645248,0.13237687945365906,0.24095956981182098,0.49415212869644165,0.5,1.0,1.0
2,3870,25000,0.2836802899837494,0.3210192620754242,3.008027488249354e-05,1.0,3.008027488249354e-05,0.005314740352332592,0.016131306067109108,0.03606173023581505,0.07106275856494904,0.1324896663427353,0.24129843711853027,0.49468564987182617,0.5,1.0,1.0
2,3880,25000,0.28356224298477173,0.3208782374858856,3.201635627192445e-05,1.0,3.201635627192445e-05,0.005347932688891888,0.016164906322956085,0.03591165691614151,0.07128077745437622,0.1323830783367157,0.24118764698505402,0.49487224221229553,0.5,1.0,1.0
2,3890,25000,0.2836358845233917,0.32096943259239197,3.087996810791083e-05,1.0,3.087996810791083e-05,0.00531401950865984,0.01622484065592289,0.03588441386818886,0.07103100419044495,0.13293412327766418,0.2404194176197052,0.49376556277275085,0.5,1.0,1.0
2,3900,25000,0.2837497293949127,0.32101431488990784,2.8965339879505336e-05,1.0,2.8965339879505336e-05,0.005338515620678663,0.016094079241156578,0.036013413220644,0.07140803337097168,0.13272647559642792,0.2414558082818985,0.49385228753089905,0.5,1.0,1.0
2,3910,25000,0.28372323513031006,0.32094553112983704,2.9605966119561344e-05,1.0,2.9605966119561344e-05,0.00540163042023778,0.01615097187459469,0.03588765114545822,0.07136262208223343,0.13308033347129822,0.24129194021224976,0.49584105610847473,0.5,1.0,1.0
2,3920,25000,0.2836209237575531,0.32085806131362915,3.109098906861618e-05,1.0,3.109098906861618e-05,0.005337383598089218,0.016226831823587418,0.035985928028821945,0.07132790237665176,0.13246268033981323,0.24229390919208527,0.4942539930343628,0.5,1.0,1.0
2,3930,25000,0.2835012972354889,0.32088565826416016,2.7276635591988452e-05,1.0,2.7276635591988452e-05,0.005303508602082729,0.016160810366272926,0.03585546091198921,0.07133567333221436,0.13255012035369873,0.24094340205192566,0.49365419149398804,0.5,1.0,1.0
2,3940,25000,0.2836616635322571,0.32099607586860657,3.550219116732478e-05,1.0,3.550219116732478e-05,0.005340441595762968,0.016306638717651367,0.035845883190631866,0.07134249806404114,0.13264423608779907,0.24107982218265533,0.4951098561286926,0.5,1.0,1.0
2,3950,25000,0.2837631106376648,0.3210240304470062,3.067457510042004e-05,1.0,3.067457510042004e-05,0.005324694328010082,0.016227951273322105,0.03606896474957466,0.07117065787315369,0.13248422741889954,0.2408924102783203,0.49542003870010376,0.5,1.0,1.0
2,3960,25000,0.28365039825439453,0.32101714611053467,3.515580829116516e-05,1.0,3.515580829116516e-05,0.005346035584807396,0.016227325424551964,0.035890866070985794,0.0710211992263794,0.13276734948158264,0.2410447746515274,0.494961678981781,0.5,1.0,1.0
2,3970,25000,0.2835368812084198,0.3209979236125946,3.0198860258678906e-05,1.0,3.0198860258678906e-05,0.005298513453453779,0.016200009733438492,0.035868383944034576,0.07072213292121887,0.13275101780891418,0.24151611328125,0.49427804350852966,0.5,1.0,1.0
2,3980,25000,0.28372010588645935,0.3210586905479431,2.8284373911446892e-05,1.0,2.8284373911446892e-05,0.0053699202835559845,0.01618928462266922,0.03578944131731987,0.07130840420722961,0.13257598876953125,0.24117566645145416,0.4951680302619934,0.5,1.0,1.0
2,3990,25000,0.28385210037231445,0.3210920989513397,3.2761763577582315e-05,1.0,3.2761763577582315e-05,0.005343772005289793,0.016195839270949364,0.03594924136996269,0.07119988650083542,0.1329174041748047,0.24116846919059753,0.4953553378582001,0.5,1.0,1.0
2,4000,25000,0.2835453450679779,0.3210291266441345,2.9823007935192436e-05,1.0,2.9823007935192436e-05,0.005408074706792831,0.016013585031032562,0.03598484769463539,0.07059000432491302,0.13230693340301514,0.24053414165973663,0.4949794411659241,0.5,1.0,1.0
2,4010,25000,0.28357675671577454,0.3209647834300995,3.4710905310930684e-05,1.0,3.4710905310930684e-05,0.005368563812226057,0.016186196357011795,0.03609105944633484,0.07094655930995941,0.13221845030784607,0.24133871495723724,0.4956091046333313,0.5,1.0,1.0
2,4020,25000,0.2836429178714752,0.32102712988853455,3.158113031531684e-05,1.0,3.158113031531684e-05,0.00538960937410593,0.01625165157020092,0.035807374864816666,0.07082559913396835,0.13246119022369385,0.24117369949817657,0.4961124062538147,0.5,1.0,1.0
2,4030,25000,0.28368815779685974,0.32097503542900085,3.0491863071802072e-05,1.0,3.0491863071802072e-05,0.005324447527527809,0.016179662197828293,0.03597032651305199,0.07106127589941025,0.13239619135856628,0.2414935827255249,0.49421921372413635,0.5,1.0,1.0
2,4040,25000,0.28364166617393494,0.32092857360839844,3.3047283068299294e-05,1.0,3.3047283068299294e-05,0.005386861506849527,0.01620452105998993,0.03580622002482414,0.07140088826417923,0.1328432410955429,0.24153222143650055,0.493954062461853,0.5,1.0,1.0
2,4050,25000,0.283456951379776,0.32084643840789795,2.9155280572012998e-05,1.0,2.9155280572012998e-05,0.00533961970359087,0.016079813241958618,0.03599775582551956,0.07100705057382584,0.1325845718383789,0.241356760263443,0.4941014051437378,0.5,1.0,1.0
2,4060,25000,0.2834964990615845,0.3209368884563446,2.539680281188339e-05,1.0,2.539680281188339e-05,0.005296755116432905,0.016158973798155785,0.03578074648976326,0.07127789407968521,0.13215377926826477,0.24002093076705933,0.4951683282852173,0.5,1.0,1.0
2,4070,25000,0.2836627662181854,0.3210046887397766,2.7744443286792375e-05,1.0,2.7744443286792375e-05,0.005323906894773245,0.016199326142668724,0.03581076115369797,0.07109368592500687,0.13240692019462585,0.24064978957176208,0.4954136908054352,0.5,1.0,1.0
2,4080,25000,0.2835642695426941,0.3209661543369293,3.209905480616726e-05,1.0,3.209905480616726e-05,0.0053530302830040455,0.01617562770843506,0.03590463474392891,0.0711216926574707,0.13255491852760315,0.24081866443157196,0.494130402803421,0.5,1.0,1.0
2,4090,25000,0.28357377648353577,0.3209599554538727,3.2397187169408426e-05,1.0,3.2397187169408426e-05,0.005347926169633865,0.016159605234861374,0.03591550514101982,0.07104487717151642,0.1326667070388794,0.24097056686878204,0.49570876359939575,0.5,1.0,1.0
2,4100,25000,0.2836077809333801,0.32096484303474426,3.22507148666773e-05,1.0,3.22507148666773e-05,0.0053305188193917274,0.01616205833852291,0.03562686964869499,0.0713559240102768,0.13273194432258606,0.24103644490242004,0.49292269349098206,0.5,1.0,1.0
2,4110,25000,0.2836511731147766,0.32105523347854614,2.8492069759522565e-05,1.0,2.8492069759522565e-05,0.0053294384852051735,0.016166843473911285,0.0358375683426857,0.07127343863248825,0.132485032081604,0.24104924499988556,0.4951535165309906,0.5,1.0,1.0
2,4120,25000,0.2835819721221924,0.3209788203239441,3.204212771379389e-05,1.0,3.204212771379389e-05,0.005266683176159859,0.01620442606508732,0.03564458340406418,0.07129120081663132,0.1330765187740326,0.2410292774438858,0.49309584498405457,0.5,1.0,1.0
2,4130,25000,0.28361016511917114,0.3210217356681824,2.9582506613223813e-05,1.0,2.9582506613223813e-05,0.005396534688770771,0.016156760975718498,0.035873305052518845,0.07143670320510864,0.1331126093864441,0.24040520191192627,0.4944743514060974,0.5,1.0,1.0
2,4140,25000,0.28378787636756897,0.32103416323661804,2.6792995413416065e-05,1.0,2.6792995413416065e-05,0.005375930108129978,0.016082536429166794,0.036015018820762634,0.07115313410758972,0.13310357928276062,0.24208472669124603,0.4942817986011505,0.5,1.0,1.0
2,4150,25000,0.283682256937027,0.3209607005119324,2.774521090032067e-05,1.0,2.774521090032067e-05,0.005309946835041046,0.016157062724232674,0.03599843010306358,0.07152958959341049,0.13315916061401367,0.24158626794815063,0.4947282373905182,0.5,1.0,1.0
2,4160,25000,0.28355318307876587,0.3209367096424103,3.1030842364998534e-05,1.0,3.1030842364998534e-05,0.005322618409991264,0.016100268810987473,0.03590672090649605,0.07124153524637222,0.13281863927841187,0.24148541688919067,0.49201446771621704,0.5,1.0,1.0
2,4170,25000,0.2835620939731598,0.3209800720214844,2.8899365133838728e-05,1.0,2.8899365133838728e-05,0.00530772190541029,0.016104159876704216,0.035873040556907654,0.07094258069992065,0.13256539404392242,0.24058495461940765,0.4943346679210663,0.5,1.0,1.0
2,4180,25000,0.2835826277732849,0.32094329595565796,3.0425346267293207e-05,1.0,3.0425346267293207e-05,0.005345670972019434,0.01611694134771824,0.03575339913368225,0.07116327434778214,0.13245466351509094,0.24087516963481903,0.4928550720214844,0.5,1.0,1.0
2,4190,25000,0.28360921144485474,0.32095807790756226,3.0148023142828606e-05,1.0,3.0148023142828606e-05,0.0052775051444768906,0.016205038875341415,0.03596636652946472,0.07131721079349518,0.13219591975212097,0.24139808118343353,0.49504148960113525,0.5,1.0,1.0
2,4200,25000,0.28370004892349243,0.3210354745388031,3.188534901710227e-05,1.0,3.188534901710227e-05,0.0053255595266819,0.01617443934082985,0.035896964371204376,0.07134535908699036,0.132438063621521,0.2416304051876068,0.49507954716682434,0.5,1.0,1.0
2,4210,25000,0.283633828163147,0.32101762294769287,3.1961109925759956e-05,1.0,3.1961109925759956e-05,0.005359640810638666,0.016201874241232872,0.035872314125299454,0.0711231529712677,0.13231149315834045,0.24231061339378357,0.4950037896633148,0.5,1.0,1.0
2,4220,25000,0.28365662693977356,0.32105711102485657,3.3169806556543335e-05,1.0,3.3169806556543335e-05,0.0053375475108623505,0.016213666647672653,0.03586829826235771,0.07134590297937393,0.13261732459068298,0.24039743840694427,0.4948188364505768,0.5,1.0,1.0
2,4230,25000,0.2836351692676544,0.3209863305091858,2.9597924367408268e-05,1.0,2.9597924367408268e-05,0.005367197096347809,0.016149094328284264,0.035963162779808044,0.07096856087446213,0.13267461955547333,0.24132074415683746,0.49432069063186646,0.5,1.0,1.0
2,4240,25000,0.2836918234825134,0.32104092836380005,3.093283885391429e-05,1.0,3.093283885391429e-05,0.005340224131941795,0.016095561906695366,0.0358378104865551,0.07109764218330383,0.1326662003993988,0.24061019718647003,0.49530431628227234,0.5,1.0,1.0
2,4250,25000,0.2836652100086212,0.3209760785102844,3.2211704819928855e-05,1.0,3.2211704819928855e-05,0.005331137217581272,0.016142308712005615,0.035730939358472824,0.0709853246808052,0.13275212049484253,0.24175359308719635,0.4936971962451935,0.5,1.0,1.0
2,4260,25000,0.2835552394390106,0.3209647834300995,2.5505290977889672e-05,1.0,2.5505290977889672e-05,0.00534375524148345,0.016165683045983315,0.03584945574402809,0.07100515812635422,0.13288509845733643,0.24084840714931488,0.49396660923957825,0.5,1.0,1.0
2,4270,25000,0.2836323380470276,0.3209337294101715,3.0066517865634523e-05,1.0,3.0066517865634523e-05,0.005317797884345055,0.016185404732823372,0.03601608797907829,0.07117143273353577,0.13289648294448853,0.2413375824689865,0.4944460988044739,0.5,1.0,1.0
2,4280,25000,0.2836518883705139,0.32099273800849915,3.06766050925944e-05,1.0,3.06766050925944e-05,0.005351613275706768,0.016178695484995842,0.035962216556072235,0.07160522043704987,0.13219788670539856,0.24094069004058838,0.49496325850486755,0.5,1.0,1.0
2,4290,25000,0.2834613025188446,0.32094693183898926,3.1142422812990844e-05,1.0,3.1142422812990844e-05,0.005346226040273905,0.016167649999260902,0.03574782982468605,0.07099473476409912,0.1325177252292633,0.24089358747005463,0.49371448159217834,0.5,1.0,1.0
2,4300,25000,0.2836751937866211,0.320993572473526,3.2253145036520436e-05,1.0,3.2253145036520436e-05,0.005355041939765215,0.016298124566674232,0.03607133403420448,0.07143993675708771,0.13253800570964813,0.24137713015079498,0.4946064054965973,0.5,1.0,1.0
2,4310,25000,0.2837274372577667,0.3209739029407501,3.2523741538170725e-05,1.0,3.2523741538170725e-05,0.005375605542212725,0.01617971807718277,0.0358988419175148,0.07126177102327347,0.1327362060546875,0.24223202466964722,0.4937208592891693,0.5,1.0,1.0
2,4320,25000,0.2836326062679291,0.3210296034812927,3.092593397013843e-05,1.0,3.092593397013843e-05,0.005330524407327175,0.01620076783001423,0.0358673557639122,0.07118161767721176,0.13236811757087708,0.24131394922733307,0.49617165327072144,0.5,1.0,1.0
2,4330,25000,0.28367993235588074,0.3210158348083496,2.8423370167729445e-05,1.0,2.8423370167729445e-05,0.005307153798639774,0.016076743602752686,0.035885900259017944,0.07128243148326874,0.13248494267463684,0.24140070378780365,0.49449270963668823,0.5,1.0,1.0
2,4340,25000,0.2835635542869568,0.32095396518707275,3.543122511473484e-05,1.0,3.543122511473484e-05,0.005318007431924343,0.016176268458366394,0.03589659184217453,0.07121150940656662,0.13264301419258118,0.2405688613653183,0.4963133633136749,0.5,1.0,1.0
2,4350,25000,0.2836749255657196,0.3210028409957886,3.466786438366398e-05,1.0,3.466786438366398e-05,0.0053102681413292885,0.016275571659207344,0.03587441146373749,0.07098724693059921,0.1326649934053421,0.24149279296398163,0.49545854330062866,0.5,1.0,1.0
2,4360,25000,0.2836962640285492,0.32101258635520935,2.950706402771175e-05,1.0,2.950706402771175e-05,0.0053198011592030525,0.016096148639917374,0.035735178738832474,0.07159730792045593,0.13265781104564667,0.24057899415493011,0.494594544172287,0.5,1.0,1.0
2,4370,25000,0.28348881006240845,0.3209918737411499,3.2099698728416115e-05,1.0,3.2099698728416115e-05,0.005335978697985411,0.01616537943482399,0.03588452935218811,0.07106573134660721,0.13247478008270264,0.2415250539779663,0.49390316009521484,0.5,1.0,1.0
2,4380,25000,0.283789724111557,0.3209773600101471,2.868135015887674e-05,1.0,2.868135015887674e-05,0.005340659059584141,0.01612510159611702,0.03604423999786377,0.07103366404771805,0.1328386664390564,0.24165375530719757,0.49540841579437256,0.5,1.0,1.0
2,4390,25000,0.2837940752506256,0.32110166549682617,3.046600795642007e-05,1.0,3.046600795642007e-05,0.00537912780418992,0.016101600602269173,0.035966429859399796,0.07115006446838379,0.13264253735542297,0.24150429666042328,0.4954689145088196,0.5,1.0,1.0
2,4400,25000,0.2836744487285614,0.3210623562335968,3.166000169585459e-05,1.0,3.166000169585459e-05,0.005292953923344612,0.016271673142910004,0.03573273494839668,0.07125528156757355,0.13278086483478546,0.24142813682556152,0.4956595301628113,0.5,1.0,1.0
2,4410,25000,0.2836015224456787,0.32097458839416504,3.001452387252357e-05,1.0,3.001452387252357e-05,0.0053208391182124615,0.01621362753212452,0.0359204038977623,0.07115239650011063,0.1326732039451599,0.24075552821159363,0.4963997006416321,0.5,1.0,1.0
2,4420,25000,0.2836521863937378,0.3209648132324219,2.720256998145487e-05,1.0,2.720256998145487e-05,0.00535140885040164,0.01620766520500183,0.03571015223860741,0.07105143368244171,0.13297630846500397,0.24138468503952026,0.4945535957813263,0.5,1.0,1.0
2,4430,25000,0.28365978598594666,0.32101255655288696,2.6473448087926954e-05,1.0,2.6473448087926954e-05,0.005330738145858049,0.016233308240771294,0.035954613238573074,0.0710671916604042,0.13225601613521576,0.24163109064102173,0.4952627122402191,0.5,1.0,1.0
2,4440,25000,0.28366243839263916,0.32096099853515625,3.133439531666227e-05,1.0,3.133439531666227e-05,0.005351434461772442,0.016083786264061928,0.03589881211519241,0.07122442126274109,0.13250483572483063,0.24165914952754974,0.4941636621952057,0.5,1.0,1.0
2,4450,25000,0.2837028503417969,0.3209349513053894,3.0047169275349006e-05,1.0,3.0047169275349006e-05,0.005356779787689447,0.016202891245484352,0.03577052801847458,0.07125034183263779,0.13280165195465088,0.24158838391304016,0.49490517377853394,0.5,1.0,1.0
2,4460,25000,0.2836006283760071,0.3209940791130066,2.9538196031353436e-05,1.0,2.9538196031353436e-05,0.005349485669285059,0.01623251475393772,0.03580569475889206,0.07079236209392548,0.13264405727386475,0.24185198545455933,0.49422404170036316,0.5,1.0,1.0
2,4470,25000,0.2838509976863861,0.32111161947250366,3.32641793647781e-05,1.0,3.32641793647781e-05,0.00535300187766552,0.0161683838814497,0.03563235327601433,0.07104558497667313,0.13263095915317535,0.24135467410087585,0.4962383210659027,0.5,1.0,1.0
2,4480,25000,0.283584326505661,0.3210459053516388,3.0228095056372695e-05,1.0,3.0228095056372695e-05,0.005384769756346941,0.016084996983408928,0.0357835590839386,0.07117058336734772,0.13228072226047516,0.2405211180448532,0.49388542771339417,0.5,1.0,1.0
2,4490,25000,0.28349217772483826,0.3209546208381653,2.9270246159285307e-05,1.0,2.9270246159285307e-05,0.005328530445694923,0.016151396557688713,0.035922978073358536,0.07101269066333771,0.13268601894378662,0.2397925853729248,0.4906874895095825,0.5,1.0,1.0
2,4500,25000,0.28362640738487244,0.320872038602829,3.0473633159999736e-05,1.0,3.0473633159999736e-05,0.005284974351525307,0.016243398189544678,0.035994790494441986,0.0712197870016098,0.1325998157262802,0.24188050627708435,0.49217352271080017,0.5,1.0,1.0
2,4510,25000,0.283701628446579,0.3209381699562073,3.089245728915557e-05,1.0,3.089245728915557e-05,0.005304852034896612,0.016347398981451988,0.03582851216197014,0.0714113861322403,0.13305416703224182,0.24179844558238983,0.4907996654510498,0.5,1.0,1.0
2,4520,25000,0.28360509872436523,0.3209648132324219,3.1818271963857114e-05,1.0,3.1818271963857114e-05,0.0053158970549702644,0.016197122633457184,0.03593844175338745,0.07097332924604416,0.13307464122772217,0.2407381385564804,0.4946513772010803,0.5,1.0,1.0
2,4530,25000,0.2836036682128906,0.32091090083122253,3.158302934025414e-05,1.0,3.158302934025414e-05,0.005333715118467808,0.016206255182623863,0.03590535745024681,0.07138050347566605,0.1322697401046753,0.24154320359230042,0.4942784905433655,0.5,1.0,1.0
2,4540,25000,0.28360503911972046,0.32092735171318054,3.248971188440919e-05,1.0,3.248971188440919e-05,0.005322427023202181,0.01620466075837612,0.03614826872944832,0.07128889113664627,0.13273495435714722,0.24121153354644775,0.49412646889686584,0.5,1.0,1.0
2,4550,25000,0.28355175256729126,0.32103031873703003,3.104993447777815e-05,1.0,3.104993447777815e-05,0.005330343265086412,0.016132492572069168,0.035947252064943314,0.07098668813705444,0.1321754902601242,0.2401384711265564,0.49409666657447815,0.5,1.0,1.0
2,4560,25000,0.2836451828479767,0.32091984152793884,3.0766987038077787e-05,1.0,3.0766987038077787e-05,0.005351902451366186,0.01610911637544632,0.035928256809711456,0.07108357548713684,0.13251332938671112,0.241048201918602,0.4953728914260864,0.5,1.0,1.0
2,4570,25000,0.28372302651405334,0.32108670473098755,2.874625351978466e-05,1.0,2.874625351978466e-05,0.005282567348331213,0.01623302884399891,0.035994112491607666,0.07125303894281387,0.13258372247219086,0.24066734313964844,0.4941995143890381,0.5,1.0,1.0
2,4580,25000,0.28353065252304077,0.3210001289844513,3.125460716546513e-05,1.0,3.125460716546513e-05,0.005347488448023796,0.016188664361834526,0.03586152568459511,0.07124695926904678,0.13234993815422058,0.24107582867145538,0.49296483397483826,0.5,1.0,1.0
2,4590,25000,0.2837287187576294,0.320987343788147,3.076045686611906e-05,1.0,3.076045686611906e-05,0.0053446730598807335,0.0162056777626276,0.03589116036891937,0.07121312618255615,0.1327555775642395,0.24132569134235382,0.4959409534931183,0.5,1.0,1.0
2,4600,25000,0.28366410732269287,0.3210323452949524,3.0943367164582014e-05,1.0,3.0943367164582014e-05,0.005312205292284489,0.016203338280320168,0.0359799861907959,0.07143037021160126,0.13253098726272583,0.24041515588760376,0.4948456585407257,0.5,1.0,1.0
2,4610,25000,0.28366562724113464,0.3209739625453949,2.9932371035101824e-05,1.0,2.9932371035101824e-05,0.005363402888178825,0.016128860414028168,0.03604913502931595,0.07122459262609482,0.1322953701019287,0.2414010465145111,0.49759870767593384,0.5,1.0,1.0
2,4620,25000,0.28372490406036377,0.32101982831954956,3.00829215120757e-05,1.0,3.00829215120757e-05,0.0053905644454061985,0.016268674284219742,0.035883061587810516,0.0712294727563858,0.13305799663066864,0.24095775187015533,0.4954824149608612,0.5,1.0,1.0
2,4630,25000,0.2836993932723999,0.32114216685295105,2.7232181309955195e-05,1.0,2.7232181309955195e-05,0.005314411595463753,0.016152510419487953,0.03592902049422264,0.07109823077917099,0.13185738027095795,0.2407233715057373,0.4959503412246704,0.5,1.0,1.0
2,4640,25000,0.28356990218162537,0.32100409269332886,3.0858991522109136e-05,1.0,3.0858991522109136e-05,0.005348427686840296,0.016177445650100708,0.03596390783786774,0.07089963555335999,0.13255280256271362,0.24043594300746918,0.4939565658569336,0.5,1.0,1.0
2,4650,25000,0.28362607955932617,0.3210247755050659,2.8410626327968203e-05,1.0,2.8410626327968203e-05,0.0053167641162872314,0.01617559976875782,0.035731371492147446,0.07113336026668549,0.13235487043857574,0.24094446003437042,0.49468958377838135,0.5,1.0,1.0
2,4660,25000,0.28388434648513794,0.32108554244041443,3.064003976760432e-05,1.0,3.064003976760432e-05,0.005333099514245987,0.016189629212021828,0.03596801683306694,0.07126198709011078,0.13246113061904907,0.24153542518615723,0.49610257148742676,0.5,1.0,1.0
2,4670,25000,0.28371715545654297,0.32103827595710754,3.2495132472831756e-05,1.0,3.2495132472831756e-05,0.005294804461300373,0.016171805560588837,0.03586941584944725,0.07102694362401962,0.13262048363685608,0.2410924881696701,0.49347227811813354,0.5,1.0,1.0
2,4680,25000,0.2836597263813019,0.32102811336517334,3.1967596441973e-05,1.0,3.1967596441973e-05,0.005350642837584019,0.016148630529642105,0.03581858426332474,0.0712672770023346,0.13246674835681915,0.24096104502677917,0.49395519495010376,0.5,1.0,1.0
2,4690,25000,0.2836468517780304,0.321087121963501,2.969550587295089e-05,1.0,2.969550587295089e-05,0.005293008405715227,0.016197578981518745,0.03595108911395073,0.07088879495859146,0.1323690414428711,0.2402583807706833,0.4967115521430969,0.5,1.0,1.0
2,4700,25000,0.28367066383361816,0.32101500034332275,3.277727955719456e-05,1.0,3.277727955719456e-05,0.005392416380345821,0.01630590297281742,0.03584227338433266,0.07087770104408264,0.13293710350990295,0.24104245007038116,0.4947127103805542,0.5,1.0,1.0
2,4710,25000,0.28362858295440674,0.32101118564605713,2.7832493287860416e-05,1.0,2.7832493287860416e-05,0.005356407258659601,0.016119087114930153,0.03587610274553299,0.07122014462947845,0.13288304209709167,0.24092042446136475,0.4936554431915283,0.5,1.0,1.0
2,4720,25000,0.28362926840782166,0.3211357295513153,2.7528443752089515e-05,1.0,2.7528443752089515e-05,0.005292246118187904,0.016061263158917427,0.035745758563280106,0.07123290002346039,0.13245923817157745,0.24040666222572327,0.49576783180236816,0.5,1.0,1.0
2,4730,25000,0.2835833728313446,0.32103317975997925,2.7152838811161928e-05,1.0,2.7152838811161928e-05,0.005363061558455229,0.016298644244670868,0.036002013832330704,0.07111644744873047,0.13251188397407532,0.2408135086297989,0.4938262701034546,0.5,1.0,1.0
2,4740,25000,0.28369173407554626,0.3210617005825043,3.2737083529355004e-05,1.0,3.2737083529355004e-05,0.005366801749914885,0.016134828329086304,0.03573622182011604,0.0709725171327591,0.13273346424102783,0.24126167595386505,0.49428069591522217,0.5,1.0,1.0
2,4750,25000,0.2836533188819885,0.3209720849990845,2.937822137027979e-05,1.0,2.937822137027979e-05,0.005334928631782532,0.016079429537057877,0.03588954731822014,0.07118991017341614,0.132303386926651,0.2413502335548401,0.4943840801715851,0.5,1.0,1.0
2,4760,25000,0.2835613489151001,0.32106903195381165,2.8090382329537533e-05,1.0,2.8090382329537533e-05,0.005345617886632681,0.016150852665305138,0.035775404423475266,0.07136605679988861,0.13210490345954895,0.24063640832901,0.4962276518344879,0.5,1.0,1.0
2,4770,25000,0.28373754024505615,0.3211069703102112,2.742770448094234e-05,1.0,2.742770448094234e-05,0.005289044696837664,0.016155460849404335,0.035809800028800964,0.07115744054317474,0.13268741965293884,0.24106758832931519,0.4949584901332855,0.5,1.0,1.0
2,4780,25000,0.28380632400512695,0.32104402780532837,2.779012174869422e-05,1.0,2.779012174869422e-05,0.005339144263416529,0.0162358321249485,0.03591093420982361,0.07089850306510925,0.1329358071088791,0.24231594800949097,0.49410444498062134,0.5,1.0,1.0
2,4790,25000,0.2837199568748474,0.32094982266426086,3.324079079902731e-05,1.0,3.324079079902731e-05,0.005351712461560965,0.016201021149754524,0.03604975342750549,0.07125326991081238,0.13305455446243286,0.24070483446121216,0.49536997079849243,0.5,1.0,1.0
2,4800,25000,0.28376489877700806,0.32099851965904236,2.9509936211979948e-05,1.0,2.9509936211979948e-05,0.005310369189828634,0.0161050483584404,0.0361361987888813,0.07113087922334671,0.13240015506744385,0.24244347214698792,0.4948480427265167,0.5,1.0,1.0
2,4810,25000,0.2836928963661194,0.32103946805000305,2.9829705454176292e-05,1.0,2.9829705454176292e-05,0.00534784747287631,0.01611371524631977,0.035712745040655136,0.07093312591314316,0.1327875852584839,0.24076898396015167,0.49466177821159363,0.5,1.0,1.0
2,4820,25000,0.2836820185184479,0.32105812430381775,2.6525014618528076e-05,1.0,2.6525014618528076e-05,0.005365373101085424,0.01615714840590954,0.03569916635751724,0.07122296839952469,0.1329832673072815,0.2411319762468338,0.4945831596851349,0.5,1.0,1.0
2,4830,25000,0.2836155593395233,0.3209969997406006,2.8122300136601552e-05,1.0,2.8122300136601552e-05,0.005327821709215641,0.016189131885766983,0.035849153995513916,0.07118057459592819,0.1326218545436859,0.23981855809688568,0.49431347846984863,0.5,1.0,1.0
2,4840,25000,0.28370553255081177,0.3209763467311859,3.284684498794377e-05,1.0,3.284684498794377e-05,0.005340853240340948,0.01623348891735077,0.03589398413896561,0.07103395462036133,0.13295608758926392,0.24231134355068207,0.49293220043182373,0.5,1.0,1.0
2,4850,25000,0.2835453748703003,0.32093796133995056,3.141752313240431e-05,1.0,3.141752313240431e-05,0.005298638250678778,0.01626785844564438,0.03595598042011261,0.0711517259478569,0.13303038477897644,0.24047403037548065,0.49358564615249634,0.5,1.0,1.0
2,4860,25000,0.28361597657203674,0.32106807827949524,2.417641917418223e-05,1.0,2.417641917418223e-05,0.005312394816428423,0.016133172437548637,0.03586547449231148,0.0709061399102211,0.13220784068107605,0.24070656299591064,0.495856374502182,0.5,1.0,1.0
2,4870,25000,0.2836068868637085,0.32092592120170593,2.8285849111853167e-05,1.0,2.8285849111853167e-05,0.005363271106034517,0.01625247672200203,0.03588375076651573,0.07106087356805801,0.1326456367969513,0.24046006798744202,0.4973208010196686,0.5,1.0,1.0
2,4880,25000,0.2836391031742096,0.3210199475288391,3.24674547300674e-05,1.0,3.24674547300674e-05,0.005326578393578529,0.016205977648496628,0.035867977887392044,0.07111409306526184,0.1326635181903839,0.24093756079673767,0.4942484498023987,0.5,1.0,1.0
2,4890,25000,0.28366756439208984,0.3209669888019562,3.0227916795411147e-05,1.0,3.0227916795411147e-05,0.005324077792465687,0.016235511749982834,0.03582554683089256,0.07120883464813232,0.13297975063323975,0.24160411953926086,0.49395543336868286,0.5,1.0,1.0
2,4900,25000,0.28381621837615967,0.3209655284881592,2.7803667762782425e-05,1.0,2.7803667762782425e-05,0.00535439420491457,0.016208915039896965,0.03569917008280754,0.07132335752248764,0.133841872215271,0.2416357398033142,0.49576762318611145,0.5,1.0,1.0
2,4910,25000,0.28355643153190613,0.32105758786201477,2.791906263155397e-05,1.0,2.791906263155397e-05,0.005321556236594915,0.016132902354002,0.035925500094890594,0.07102764397859573,0.13257935643196106,0.24049508571624756,0.4947964549064636,0.5,1.0,1.0
2,4920,25000,0.2836674153804779,0.3209485709667206,3.187758193234913e-05,1.0,3.187758193234913e-05,0.005344147328287363,0.01621398702263832,0.035771723836660385,0.0714578777551651,0.13284438848495483,0.2401886284351349,0.4932553470134735,0.5,1.0,1.0
2,4930,25000,0.2835552990436554,0.3209685683250427,2.8537100661196746e-05,1.0,2.8537100661196746e-05,0.005305267404764891,0.016155023127794266,0.03581588715314865,0.07098520547151566,0.1323549598455429,0.24182692170143127,0.4934694170951843,0.5,1.0,1.0
2,4940,25000,0.28356730937957764,0.3210239112377167,2.9471721063600853e-05,1.0,2.9471721063600853e-05,0.005327009595930576,0.0160626582801342,0.03583589196205139,0.07125633209943771,0.13235291838645935,0.2403370440006256,0.4953325092792511,0.5,1.0,1.0
2,4950,25000,0.28353363275527954,0.3210473954677582,3.075443237321451e-05,1.0,3.075443237321451e-05,0.005311545915901661,0.01607554964721203,0.035986341536045074,0.0709366425871849,0.13219478726387024,0.24034452438354492,0.49436381459236145,0.5,1.0,1.0
2,4960,25000,0.28376638889312744,0.3209744095802307,2.9407496185740456e-05,1.0,2.9407496185740456e-05,0.005318280775099993,0.01616765558719635,0.03583688288927078,0.07159125059843063,0.13272392749786377,0.24181373417377472,0.49405187368392944,0.5,1.0,1.0
2,4970,25000,0.28355076909065247,0.32102200388908386,3.2256899430649355e-05,1.0,3.2256899430649355e-05,0.005309779662638903,0.016196735203266144,0.035954613238573074,0.07114046066999435,0.13242998719215393,0.24099096655845642,0.49414536356925964,0.5,1.0,1.0
2,4980,25000,0.28367191553115845,0.32096192240715027,3.1589479476679116e-05,1.0,3.1589479476679116e-05,0.005354872904717922,0.01622834801673889,0.03596557676792145,0.0710015743970871,0.13276174664497375,0.2412540316581726,0.49546295404434204,0.5,1.0,1.0
2,4990,25000,0.283883661031723,0.3211544454097748,3.028018727491144e-05,1.0,3.028018727491144e-05,0.005323972553014755,0.016187360510230064,0.035862091928720474,0.07115646451711655,0.13305871188640594,0.24081580340862274,0.4973086416721344,0.5,1.0,1.0
2,5000,25000,0.2837008833885193,0.32103848457336426,3.315620051580481e-05,1.0,3.315620051580481e-05,0.005344973877072334,0.016283659264445305,0.036227863281965256,0.07121645659208298,0.13246123492717743,0.24051325023174286,0.49452629685401917,0.5,1.0,1.0
2,5010,25000,0.28364458680152893,0.3209870457649231,3.0558439902961254e-05,1.0,3.0558439902961254e-05,0.005311767570674419,0.016142385080456734,0.03581748902797699,0.07112153619527817,0.13260740041732788,0.24088963866233826,0.4956700801849365,0.5,1.0,1.0
2,5020,25000,0.2836143672466278,0.32102102041244507,2.875420614145696e-05,1.0,2.875420614145696e-05,0.0053116315975785255,0.016157986596226692,0.0359470471739769,0.07118119299411774,0.13259392976760864,0.2410982847213745,0.49413397908210754,0.5,1.0,1.0
2,5030,25000,0.28366363048553467,0.3209613263607025,3.510131864459254e-05,1.0,3.510131864459254e-05,0.00534494873136282,0.016196519136428833,0.03590259328484535,0.07129973918199539,0.1332247257232666,0.24109406769275665,0.4940716028213501,0.5,1.0,1.0
2,5040,25000,0.28361961245536804,0.3211129307746887,3.066264616791159e-05,1.0,3.066264616791159e-05,0.005313469097018242,0.016102733090519905,0.035833340138196945,0.07093285769224167,0.13267691433429718,0.24066735804080963,0.4956830143928528,0.5,1.0,1.0
2,5050,25000,0.28363412618637085,0.32102683186531067,2.7549338483368047e-05,1.0,2.7549338483368047e-05,0.005287660751491785,0.016178270801901817,0.03585239127278328,0.07124383002519608,0.1318044364452362,0.24098563194274902,0.49592795968055725,0.5,1.0,1.0
2,5060,25000,0.2836267650127411,0.3209954798221588,3.35675613314379e-05,1.0,3.35675613314379e-05,0.005317761562764645,0.01612868532538414,0.03564770147204399,0.0710902065038681,0.13305772840976715,0.24201670289039612,0.4943830966949463,0.5,1.0,1.0
2,5070,25000,0.28361424803733826,0.32104435563087463,2.6192939913016744e-05,1.0,2.6192939913016744e-05,0.005360622890293598,0.01615193299949169,0.03574630245566368,0.07118388265371323,0.13240757584571838,0.24147237837314606,0.4945467412471771,0.5,1.0,1.0
2,5080,25000,0.2836853265762329,0.3210476338863373,2.9877446650061756e-05,1.0,2.9877446650061756e-05,0.00535070663318038,0.01619449071586132,0.03585735335946083,0.07125799357891083,0.1324901580810547,0.2417759895324707,0.4934796690940857,0.5,1.0,1.0
2,5090,25000,0.28376373648643494,0.32111385464668274,3.0243178116506897e-05,1.0,3.0243178116506897e-05,0.0053359209559857845,0.016321152448654175,0.03587743639945984,0.07119683176279068,0.13273286819458008,0.24078664183616638,0.49586766958236694,0.5,1.0,1.0
2,5100,25000,0.2835690677165985,0.3210614025592804,3.0058310585445724e-05,1.0,3.0058310585445724e-05,0.005345320329070091,0.01621815748512745,0.035973500460386276,0.07111790031194687,0.13216091692447662,0.24078157544136047,0.49449342489242554,0.5,1.0,1.0
2,5110,25000,0.2835800051689148,0.32100796699523926,2.8979256967431866e-05,1.0,2.8979256967431866e-05,0.005366641096770763,0.016174692660570145,0.03597463294863701,0.07117689400911331,0.13227252662181854,0.2407354712486267,0.4950215816497803,0.5,1.0,1.0
2,5120,25000,0.2835666835308075,0.3210400342941284,2.915109507739544e-05,1.0,2.915109507739544e-05,0.005374108906835318,0.01613360084593296,0.03572450205683708,0.07098691165447235,0.13226713240146637,0.24172712862491608,0.4943835437297821,0.5,1.0,1.0
2,5130,25000,0.2835976183414459,0.32097986340522766,3.130003096885048e-05,1.0,3.130003096885048e-05,0.00536851491779089,0.016260936856269836,0.03576120361685753,0.0707755759358406,0.1328989565372467,0.24072405695915222,0.49330660700798035,0.5,1.0,1.0
2,5140,25000,0.2837398052215576,0.3210027515888214,3.628815829870291e-05,1.0,3.628815829870291e-05,0.0053526354022324085,0.016149306669831276,0.03589532524347305,0.0711505189538002,0.1326846182346344,0.24129414558410645,0.4946793019771576,0.5,1.0,1.0
2,5150,25000,0.28360500931739807,0.3209911286830902,2.8950622436241247e-05,1.0,2.8950622436241247e-05,0.005332891829311848,0.016191229224205017,0.035917818546295166,0.07129780203104019,0.13230493664741516,0.2409147173166275,0.4948054552078247,0.5,1.0,1.0
2,5160,25000,0.28376883268356323,0.320981502532959,3.1325653253588825e-05,1.0,3.1325653253588825e-05,0.005412301979959011,0.01622983254492283,0.0358540415763855,0.07104726135730743,0.13302113115787506,0.2421002835035324,0.4942619800567627,0.5,1.0,1.0
2,5170,25000,0.2838112711906433,0.32109591364860535,2.943069557659328e-05,1.0,2.943069557659328e-05,0.005353109445422888,0.016219032928347588,0.035814400762319565,0.07106048613786697,0.13317948579788208,0.2414337694644928,0.4953177273273468,0.5,1.0,1.0
2,5180,25000,0.283784955739975,0.3210751414299011,2.8734228180837817e-05,1.0,2.8734228180837817e-05,0.005333543289452791,0.0162988118827343,0.03600480034947395,0.07117531448602676,0.132643461227417,0.24198828637599945,0.4950900971889496,0.5,1.0,1.0
2,5190,25000,0.283830463886261,0.32117411494255066,3.0835199140710756e-05,1.0,3.0835199140710756e-05,0.005342291668057442,0.016081534326076508,0.03578541800379753,0.07145347446203232,0.1325673758983612,0.24153545498847961,0.4962780177593231,0.5,1.0,1.0
2,5200,25000,0.28379082679748535,0.32092347741127014,2.904420944105368e-05,1.0,2.904420944105368e-05,0.005346654914319515,0.016125502064824104,0.03595615178346634,0.07129242271184921,0.1331174671649933,0.24238848686218262,0.4936966896057129,0.5,1.0,1.0
2,5210,25000,0.28351548314094543,0.3209786117076874,2.844266055035405e-05,1.0,2.844266055035405e-05,0.005317946895956993,0.016161061823368073,0.035999756306409836,0.07138042896986008,0.1322833001613617,0.23987863957881927,0.4942193627357483,0.5,1.0,1.0
2,5220,25000,0.2836196720600128,0.32095178961753845,2.9447874112520367e-05,1.0,2.9447874112520367e-05,0.005316193215548992,0.016222871840000153,0.03615250438451767,0.07124298065900803,0.13230624794960022,0.24158720672130585,0.49451738595962524,0.5,1.0,1.0
2,5230,25000,0.2836647033691406,0.32099393010139465,3.411875877645798e-05,1.0,3.411875877645798e-05,0.005329524632543325,0.016125543043017387,0.0361030213534832,0.07139002531766891,0.13267013430595398,0.24080988764762878,0.49480336904525757,0.5,1.0,1.0
2,5240,25000,0.2837359607219696,0.32111164927482605,2.8732352802762762e-05,1.0,2.8732352802762762e-05,0.005376072134822607,0.01620637997984886,0.03583849221467972,0.07113590836524963,0.1323162168264389,0.24108870327472687,0.49484944343566895,0.5,1.0,1.0
2,5250,25000,0.28361785411834717,0.32100987434387207,3.0256047466536984e-05,1.0,3.0256047466536984e-05,0.005291657987982035,0.016136975958943367,0.03592068329453468,0.07110510766506195,0.13255584239959717,0.24081046879291534,0.4937937259674072,0.5,1.0,1.0
2,5260,25000,0.2836872637271881,0.3210076689720154,3.105655559920706e-05,1.0,3.105655559920706e-05,0.005358493886888027,0.01612677238881588,0.03581656515598297,0.07119156420230865,0.13277791440486908,0.24181586503982544,0.49363943934440613,0.5,1.0,1.0
2,5270,25000,0.28371861577033997,0.32108351588249207,2.903135828091763e-05,1.0,2.903135828091763e-05,0.0053004068322479725,0.016185203567147255,0.03590312972664833,0.07109592854976654,0.1329682469367981,0.2411317378282547,0.4963310658931732,0.5,1.0,1.0
2,5280,25000,0.2837049067020416,0.3209831714630127,2.7333438993082382e-05,1.0,2.7333438993082382e-05,0.005327768158167601,0.016198473051190376,0.03582550212740898,0.07115346193313599,0.13253465294837952,0.2416631430387497,0.4944290518760681,0.5,1.0,1.0
2,5290,25000,0.2837406396865845,0.3210170269012451,2.5067838578252122e-05,1.0,2.5067838578252122e-05,0.005343278404325247,0.016169695183634758,0.03564687445759773,0.07130150496959686,0.13325800001621246,0.24114029109477997,0.4932490587234497,0.5,1.0,1.0
2,5300,25000,0.2835138440132141,0.3208777606487274,3.195853059878573e-05,1.0,3.195853059878573e-05,0.005308918654918671,0.01628825254738331,0.03588275983929634,0.07125340402126312,0.13220538198947906,0.24223333597183228,0.4924057126045227,0.5,1.0,1.0
2,5310,25000,0.2837075889110565,0.32101306319236755,2.9105030989740044e-05,1.0,2.9105030989740044e-05,0.005307309329509735,0.01612165942788124,0.03616657853126526,0.0710696429014206,0.13228055834770203,0.24233181774616241,0.4933112561702728,0.5,1.0,1.0
2,5320,25000,0.2837460935115814,0.3209558427333832,2.883598608605098e-05,1.0,2.883598608605098e-05,0.005367725156247616,0.01613582856953144,0.03592090681195259,0.07121481001377106,0.13323433697223663,0.24167943000793457,0.49493208527565,0.5,1.0,1.0
2,5330,25000,0.28370463848114014,0.32112884521484375,2.9628890843014233e-05,1.0,2.9628890843014233e-05,0.005342996213585138,0.016361813992261887,0.036053575575351715,0.07119546830654144,0.1324889212846756,0.2412594109773636,0.49441781640052795,0.5,1.0,1.0
2,5340,25000,0.2838030159473419,0.32100942730903625,2.8852342438767664e-05,1.0,2.8852342438767664e-05,0.005330957937985659,0.01622195541858673,0.03588103502988815,0.0712050125002861,0.13278958201408386,0.24173420667648315,0.4953993856906891,0.5,1.0,1.0
2,5350,25000,0.28364792466163635,0.3209744691848755,3.1826100894249976e-05,1.0,3.1826100894249976e-05,0.005328225437551737,0.01622498594224453,0.03597106784582138,0.07116226851940155,0.13278934359550476,0.24154895544052124,0.492856502532959,0.5,1.0,1.0
2,5360,25000,0.28353023529052734,0.32097598910331726,2.9973400160088204e-05,1.0,2.9973400160088204e-05,0.0053642219863832,0.016123443841934204,0.03564128652215004,0.07110314071178436,0.13287967443466187,0.24081136286258698,0.49430322647094727,0.5,1.0,1.0
2,5370,25000,0.2836849093437195,0.321054071187973,2.864862108253874e-05,1.0,2.864862108253874e-05,0.00529559375718236,0.016193831339478493,0.035854365676641464,0.07092402130365372,0.1323316991329193,0.24170631170272827,0.49337634444236755,0.5,1.0,1.0
2,5380,25000,0.28367629647254944,0.3211047649383545,3.089835445280187e-05,1.0,3.089835445280187e-05,0.0053494768217206,0.016237784177064896,0.03609676659107208,0.0711793452501297,0.13248470425605774,0.2410477250814438,0.4960307776927948,0.5,1.0,1.0
2,5390,25000,0.2836286425590515,0.321077436208725,2.999897515110206e-05,1.0,2.999897515110206e-05,0.005332039203494787,0.01608971320092678,0.03580788895487785,0.070854552090168,0.13225120306015015,0.24035407602787018,0.49574464559555054,0.5,1.0,1.0
2,5400,25000,0.2834860384464264,0.32100048661231995,3.2015075703384355e-05,1.0,3.2015075703384355e-05,0.005326308310031891,0.016168741509318352,0.03593972697854042,0.07057789713144302,0.1330450475215912,0.24035421013832092,0.49370089173316956,0.5,1.0,1.0
2,5410,25000,0.2835092842578888,0.3209530711174011,2.7202064302400686e-05,1.0,2.7202064302400686e-05,0.005364921409636736,0.01616937480866909,0.0356970950961113,0.07123950868844986,0.13240490853786469,0.24047566950321198,0.4938778281211853,0.5,1.0,1.0
2,5420,25000,0.28362661600112915,0.32101932168006897,3.3221458579646423e-05,1.0,3.3221458579646423e-05,0.005299897398799658,0.01616031304001808,0.03579385206103325,0.07117112725973129,0.1324889361858368,0.2412565052509308,0.4940679371356964,0.5,1.0,1.0
2,5430,25000,0.28352653980255127,0.3209925591945648,2.7178492018720135e-05,1.0,2.7178492018720135e-05,0.005333660636097193,0.016182810068130493,0.03588064759969711,0.07112230360507965,0.1326298713684082,0.24056746065616608,0.4935494065284729,0.5,1.0,1.0
2,5440,25000,0.28376179933547974,0.3210163712501526,3.059487426071428e-05,1.0,3.059487426071428e-05,0.005366560071706772,0.016187846660614014,0.03572571277618408,0.0717160627245903,0.1329062283039093,0.24123868346214294,0.4947293996810913,0.5,1.0,1.0
2,5450,25000,0.2835647463798523,0.3210796117782593,2.888107337639667e-05,1.0,2.888107337639667e-05,0.005376619286835194,0.016219384968280792,0.03588216006755829,0.07102660089731216,0.13223934173583984,0.24015451967716217,0.4954269826412201,0.5,1.0,1.0
2,5460,25000,0.2836846113204956,0.3210359513759613,3.5039302019868046e-05,1.0,3.5039302019868046e-05,0.005388293880969286,0.016180889680981636,0.03585628420114517,0.07114657759666443,0.13248638808727264,0.2419508993625641,0.4938626289367676,0.5,1.0,1.0
2,5470,25000,0.2834920287132263,0.32105520367622375,3.047963764402084e-05,1.0,3.047963764402084e-05,0.0053356424905359745,0.016193896532058716,0.03581982105970383,0.07144273817539215,0.13245394825935364,0.23946215212345123,0.49262726306915283,0.5,1.0,1.0
2,5480,25000,0.2835885286331177,0.3210268020629883,3.056920468225144e-05,1.0,3.056920468225144e-05,0.005326177459210157,0.016170479357242584,0.035754088312387466,0.07115191966295242,0.13285431265830994,0.24090071022510529,0.4938833713531494,0.5,1.0,1.0
2,5490,25000,0.2836306095123291,0.32106757164001465,3.2396663300460204e-05,1.0,3.2396663300460204e-05,0.005350232589989901,0.016105616465210915,0.0358092375099659,0.0711202397942543,0.13266320526599884,0.24083490669727325,0.49464666843414307,0.5,1.0,1.0
2,5500,25000,0.2837560176849365,0.3209720253944397,2.8369084247970022e-05,1.0,2.8369084247970022e-05,0.005327692721039057,0.016197148710489273,0.03588288649916649,0.07131613790988922,0.13320305943489075,0.24126724898815155,0.4941433370113373,0.5,1.0,1.0
2,5510,25000,0.2837072014808655,0.32103976607322693,2.8067384846508503e-05,1.0,2.8067384846508503e-05,0.005279614124447107,0.016077404841780663,0.03574325889348984,0.0714750736951828,0.13247637450695038,0.24107655882835388,0.4962941110134125,0.5,1.0,1.0
2,5520,25000,0.2837117314338684,0.32109588384628296,2.9818846087437123e-05,1.0,2.9818846087437123e-05,0.00534265860915184,0.016061440110206604,0.03598242998123169,0.07122467458248138,0.13310794532299042,0.24078968167304993,0.495868444442749,0.5,1.0,1.0
2,5530,25000,0.28374984860420227,0.3210410177707672,3.2041269150795415e-05,1.0,3.2041269150795415e-05,0.005336589179933071,0.016185743734240532,0.03579509258270264,0.07103431224822998,0.1325935572385788,0.24180853366851807,0.49507707357406616,0.5,1.0,1.0
2,5540,25000,0.28374868631362915,0.3211098909378052,3.0802013498032466e-05,1.0,3.0802013498032466e-05,0.00534391263499856,0.016126956790685654,0.03617198020219803,0.07110413163900375,0.13260522484779358,0.2410079687833786,0.4962843954563141,0.5,1.0,1.0
2,5550,25000,0.2836548984050751,0.3210159242153168,2.7219424737268128e-05,1.0,2.7219424737268128e-05,0.0053363279439508915,0.01614820584654808,0.03582832217216492,0.07097476720809937,0.13304167985916138,0.24120298027992249,0.49403658509254456,0.5,1.0,1.0
2,5560,25000,0.28374290466308594,0.3211035132408142,3.026107333425898e-05,1.0,3.026107333425898e-05,0.005353173241019249,0.016213607043027878,0.035798270255327225,0.07120132446289062,0.13272719085216522,0.24110180139541626,0.496359258890152,0.5,1.0,1.0
2,5570,25000,0.2837209403514862,0.32111239433288574,2.9135133445379324e-05,1.0,2.9135133445379324e-05,0.005280005745589733,0.01616802252829075,0.03592401742935181,0.07132720202207565,0.1327134668827057,0.24129672348499298,0.4952865242958069,0.5,1.0,1.0
2,5580,25000,0.2836831510066986,0.32108157873153687,3.12647498503793e-05,1.0,3.12647498503793e-05,0.005283034406602383,0.016125034540891647,0.03589952737092972,0.07098936289548874,0.13252303004264832,0.24099577963352203,0.49531060457229614,0.5,1.0,1.0
2,5590,25000,0.28372782468795776,0.3210238516330719,3.208816997357644e-05,1.0,3.208816997357644e-05,0.005341208074241877,0.016135459765791893,0.035662803798913956,0.07129073143005371,0.13269178569316864,0.241932213306427,0.4949999153614044,0.5,1.0,1.0
2,5600,25000,0.2836996912956238,0.3210475444793701,3.235769327147864e-05,1.0,3.235769327147864e-05,0.005359900649636984,0.01619625650346279,0.035827331244945526,0.07096807658672333,0.1329514980316162,0.24066069722175598,0.49458861351013184,0.5,1.0,1.0
2,5610,25000,0.2836281657218933,0.3210887908935547,3.049101542274002e-05,1.0,3.049101542274002e-05,0.0053280312567949295,0.01625056192278862,0.03576299920678139,0.07080194354057312,0.1329144835472107,0.24083976447582245,0.49354514479637146,0.5,1.0,1.0
2,5620,25000,0.283638060092926,0.32104209065437317,3.195356475771405e-05,1.0,3.195356475771405e-05,0.005320859607309103,0.016193218529224396,0.03597560152411461,0.07105139642953873,0.1325203776359558,0.24085326492786407,0.49529191851615906,0.5,1.0,1.0
2,5630,25000,0.2837182879447937,0.32106688618659973,3.1828039936954156e-05,1.0,3.1828039936954156e-05,0.005354819819331169,0.0161640252918005,0.03586827591061592,0.0709209144115448,0.13321155309677124,0.24010297656059265,0.4961821138858795,0.5,1.0,1.0
2,5640,25000,0.283786416053772,0.3210383355617523,3.160426422255114e-05,1.0,3.160426422255114e-05,0.005370632279664278,0.016163287684321404,0.03604961559176445,0.07092319428920746,0.1329248547554016,0.2417261302471161,0.49464333057403564,0.5,1.0,1.0
2,5650,25000,0.2836752235889435,0.32108256220817566,3.320657924632542e-05,1.0,3.320657924632542e-05,0.005354404915124178,0.016180291771888733,0.03575190156698227,0.07089010626077652,0.1323491930961609,0.24111393094062805,0.49394193291664124,0.5,1.0,1.0
2,5660,25000,0.28369221091270447,0.3209584653377533,3.06238689518068e-05,1.0,3.06238689518068e-05,0.005322104319930077,0.01613163761794567,0.035847343504428864,0.0712488517165184,0.13284379243850708,0.24155175685882568,0.49564045667648315,0.5,1.0,1.0
2,5670,25000,0.2836693525314331,0.3210160434246063,3.0294389944174327e-05,1.0,3.0294389944174327e-05,0.005358255002647638,0.016186105087399483,0.0358637236058712,0.07112561166286469,0.1327572464942932,0.24085848033428192,0.49418002367019653,0.5,1.0,1.0
2,5680,25000,0.28356072306632996,0.32102638483047485,2.9257606001920067e-05,1.0,2.9257606001920067e-05,0.005350496154278517,0.01621614396572113,0.03600354120135307,0.07121767848730087,0.13190317153930664,0.24041344225406647,0.4932784140110016,0.5,1.0,1.0
2,5690,25000,0.28372102975845337,0.3210718035697937,2.9807662940584123e-05,1.0,2.9807662940584123e-05,0.0053577180951833725,0.01616809330880642,0.03595199063420296,0.07105886191129684,0.1327243447303772,0.2412678599357605,0.495240181684494,0.5,1.0,1.0
2,5700,25000,0.2834896147251129,0.3208722174167633,3.235127223888412e-05,1.0,3.235127223888412e-05,0.005335494410246611,0.016126111149787903,0.0359942689538002,0.07114898413419724,0.1327030211687088,0.24119941890239716,0.49277999997138977,0.5,1.0,1.0
2,5710,25000,0.2837645709514618,0.3209885060787201,3.161051790812053e-05,1.0,3.161051790812053e-05,0.005349533632397652,0.016158198937773705,0.03611825034022331,0.07154928147792816,0.1326269507408142,0.24121004343032837,0.49679258465766907,0.5,1.0,1.0
2,5720,25000,0.283768892288208,0.32101696729660034,3.217516132281162e-05,1.0,3.217516132281162e-05,0.005315180867910385,0.016342272982001305,0.03579932451248169,0.07121609896421432,0.13294151425361633,0.2411697506904602,0.49573996663093567,0.5,1.0,1.0
2,5730,25000,0.28371647000312805,0.3210817277431488,2.7050227799918503e-05,1.0,2.7050227799918503e-05,0.005352821666747332,0.016129223629832268,0.035808123648166656,0.07108268141746521,0.13286274671554565,0.24072380363941193,0.4952270984649658,0.5,1.0,1.0
2,5740,25000,0.28375568985939026,0.3210623264312744,2.8456155632738955e-05,1.0,2.8456155632738955e-05,0.005353365559130907,0.016135409474372864,0.03612372651696205,0.07139823585748672,0.13258138298988342,0.24124380946159363,0.49321648478507996,0.5,1.0,1.0
2,5750,25000,0.283730685710907,0.3209700584411621,2.6642288503353484e-05,1.0,2.6642288503353484e-05,0.005345711950212717,0.016178203746676445,0.0361853651702404,0.07143385708332062,0.13260555267333984,0.24222443997859955,0.494637668132782,0.5,1.0,1.0
2,5760,25000,0.28373295068740845,0.3210362493991852,2.815108200593386e-05,1.0,2.815108200593386e-05,0.0053388564847409725,0.016117122024297714,0.03593090921640396,0.07144147902727127,0.13284745812416077,0.24140428006649017,0.495554655790329,0.5,1.0,1.0
2,5770,25000,0.28383374214172363,0.32104191184043884,2.9334634746192023e-05,1.0,2.9334634746192023e-05,0.005351297091692686,0.016127275303006172,0.03585958480834961,0.07140123099088669,0.13284528255462646,0.2417013943195343,0.4941943287849426,0.5,1.0,1.0
2,5780,25000,0.2837425172328949,0.3211304843425751,2.6632820663508028e-05,1.0,2.6632820663508028e-05,0.00531502952799201,0.016257651150226593,0.0359555147588253,0.07091712951660156,0.13263216614723206,0.2410636693239212,0.4960392713546753,0.5,1.0,1.0
2,5790,25000,0.2836650311946869,0.32103508710861206,3.367934550624341e-05,1.0,3.367934550624341e-05,0.005347786471247673,0.01622508466243744,0.03607958182692528,0.07147384434938431,0.13273820281028748,0.24128358066082,0.4939024746417999,0.5,1.0,1.0
2,5800,25000,0.28357887268066406,0.3208855390548706,2.8807457056245767e-05,1.0,2.8807457056245767e-05,0.005315839778631926,0.016174161806702614,0.03593948483467102,0.07123592495918274,0.13226696848869324,0.24168060719966888,0.4933086931705475,0.5,1.0,1.0
2,5810,25000,0.2837211787700653,0.32107019424438477,3.159735570079647e-05,1.0,3.159735570079647e-05,0.005312349181622267,0.016168421134352684,0.0360494963824749,0.07097604870796204,0.13222602009773254,0.24143826961517334,0.49650639295578003,0.5,1.0,1.0
2,5820,25000,0.2835695445537567,0.3209661543369293,2.8088366889278404e-05,1.0,2.8088366889278404e-05,0.005313110537827015,0.016185566782951355,0.03604111820459366,0.07117562741041183,0.13211685419082642,0.24165743589401245,0.49473217129707336,0.5,1.0,1.0
2,5830,25000,0.28370770812034607,0.3210902512073517,2.9715280106756836e-05,1.0,2.9715280106756836e-05,0.005342218093574047,0.01615031622350216,0.03585081547498703,0.07102906703948975,0.13237354159355164,0.24157103896141052,0.49481523036956787,0.5,1.0,1.0
2,5840,25000,0.2835390865802765,0.3210277855396271,3.300222670077346e-05,1.0,3.300222670077346e-05,0.00531278271228075,0.016322141513228416,0.03601696342229843,0.07096368074417114,0.13226503133773804,0.24072253704071045,0.49353641271591187,0.5,1.0,1.0
2,5850,25000,0.2835788130760193,0.3209863007068634,2.8569300411618315e-05,1.0,2.8569300411618315e-05,0.0053182607516646385,0.016037695109844208,0.03580526262521744,0.07131964713335037,0.13222718238830566,0.24107259511947632,0.4916420578956604,0.5,1.0,1.0
2,5860,25000,0.28378215432167053,0.3210850954055786,3.0245715606724843e-05,1.0,3.0245715606724843e-05,0.005347787402570248,0.016306506469845772,0.03594004362821579,0.07111869007349014,0.13274669647216797,0.2409118264913559,0.49627694487571716,0.5,1.0,1.0
2,5870,25000,0.283684104681015,0.32107406854629517,2.593947465356905e-05,1.0,2.593947465356905e-05,0.005332861095666885,0.01624482497572899,0.03590292111039162,0.07130218297243118,0.1325102299451828,0.24142557382583618,0.49524083733558655,0.5,1.0,1.0
2,5880,25000,0.28365737199783325,0.3210589289665222,3.2450076105305925e-05,1.0,3.2450076105305925e-05,0.005358600988984108,0.016236381605267525,0.036059584468603134,0.07123341411352158,0.13242703676223755,0.24060849845409393,0.4961041510105133,0.5,1.0,1.0
2,5890,25000,0.28371405601501465,0.32104775309562683,3.081615795963444e-05,1.0,3.081615795963444e-05,0.005308274645358324,0.016239352524280548,0.03603261336684227,0.07116139680147171,0.13246023654937744,0.24163031578063965,0.4951772391796112,0.5,1.0,1.0
2,5900,25000,0.2837555408477783,0.3210562467575073,3.110293982899748e-05,1.0,3.110293982899748e-05,0.005309638101607561,0.016167473047971725,0.03575752303004265,0.0712147131562233,0.13323140144348145,0.24138686060905457,0.4957987666130066,0.5,1.0,1.0
2,5910,25000,0.28367915749549866,0.3210721015930176,3.201928120688535e-05,1.0,3.201928120688535e-05,0.005343480501323938,0.01622300036251545,0.0359019860625267,0.07116947323083878,0.13232451677322388,0.2408697009086609,0.4956612288951874,0.5,1.0,1.0
2,5920,25000,0.2836831510066986,0.32109782099723816,2.7897256586584263e-05,1.0,2.7897256586584263e-05,0.005367302801460028,0.016257479786872864,0.03595590963959694,0.07117187231779099,0.13232365250587463,0.24117454886436462,0.49412044882774353,0.5,1.0,1.0
2,5930,25000,0.28364792466163635,0.321122407913208,2.9393531804089434e-05,1.0,2.9393531804089434e-05,0.005371540319174528,0.01627468131482601,0.03581175208091736,0.07089681178331375,0.13247361779212952,0.2408258020877838,0.4951918423175812,0.5,1.0,1.0
2,5940,25000,0.2836204171180725,0.3210298418998718,2.863032386812847e-05,1.0,2.863032386812847e-05,0.005323458928614855,0.016097653657197952,0.03583258017897606,0.07137835025787354,0.1328085958957672,0.2405301034450531,0.4957839548587799,0.5,1.0,1.0
2,5950,25000,0.28356313705444336,0.3210313022136688,3.313644992886111e-05,1.0,3.313644992886111e-05,0.00533134862780571,0.016112657263875008,0.035711102187633514,0.0709436684846878,0.13283932209014893,0.24087926745414734,0.493003249168396,0.5,1.0,1.0
2,5960,25000,0.2837979197502136,0.3211032450199127,2.8128339181421325e-05,1.0,2.8128339181421325e-05,0.005335417576134205,0.016112636774778366,0.03584631532430649,0.07105769217014313,0.13268771767616272,0.24148178100585938,0.49593597650527954,0.5,1.0,1.0
2,5970,25000,0.28364238142967224,0.3210606575012207,2.874645360861905e-05,1.0,2.874645360861905e-05,0.00530921621248126,0.01614699326455593,0.03562721982598305,0.0710194930434227,0.132296621799469,0.2417716383934021,0.4954633414745331,0.5,1.0,1.0
2,5980,25000,0.28378620743751526,0.321074515581131,2.766664511000272e-05,1.0,2.766664511000272e-05,0.005320812575519085,0.01618756353855133,0.03590575233101845,0.0712963417172432,0.1327178031206131,0.2417195588350296,0.49552714824676514,0.5,1.0,1.0
2,5990,25000,0.2836030125617981,0.3210430145263672,2.973825394292362e-05,1.0,2.973825394292362e-05,0.005313393194228411,0.01621074229478836,0.035708002746105194,0.07109915465116501,0.13255666196346283,0.24104055762290955,0.4948221743106842,0.5,1.0,1.0
2,6000,25000,0.2834726572036743,0.32097625732421875,3.0311044611153193e-05,1.0,3.0311044611153193e-05,0.005352279637008905,0.016136715188622475,0.0359712578356266,0.07104673981666565,0.1319299042224884,0.24119539558887482,0.49268245697021484,0.5,1.0,1.0
2,6010,25000,0.28361451625823975,0.3210175335407257,3.0778122891206294e-05,1.0,3.0778122891206294e-05,0.005331854335963726,0.016166016459465027,0.036057665944099426,0.07081566751003265,0.1328255832195282,0.2406725138425827,0.4934518337249756,0.5,1.0,1.0
2,6020,25000,0.28363028168678284,0.3210331201553345,2.76731498161098e-05,1.0,2.76731498161098e-05,0.005340538453310728,0.016133476048707962,0.03573553264141083,0.07132545858621597,0.1328594982624054,0.2403481900691986,0.49470236897468567,0.5,1.0,1.0
2,6030,25000,0.2836427092552185,0.3210363984107971,3.177934559062123e-05,1.0,3.177934559062123e-05,0.005332359578460455,0.016185080632567406,0.035849396139383316,0.07065121829509735,0.13262194395065308,0.24141520261764526,0.4943964183330536,0.5,1.0,1.0
2,6040,25000,0.2838332951068878,0.3211216926574707,3.157125320285559e-05,1.0,3.157125320285559e-05,0.005320900585502386,0.01620040461421013,0.03580009937286377,0.07100429385900497,0.13266998529434204,0.2409825474023819,0.49504366517066956,0.5,1.0,1.0
2,6050,25000,0.2836664617061615,0.32103386521339417,2.8952767024748027e-05,1.0,2.8952767024748027e-05,0.005359501577913761,0.01621744967997074,0.035819608718156815,0.07124577462673187,0.13296565413475037,0.24145671725273132,0.4948486089706421,0.5,1.0,1.0
2,6060,25000,0.2837151288986206,0.3210079073905945,3.0268216505646706e-05,1.0,3.0268216505646706e-05,0.005320926662534475,0.016156546771526337,0.03577732294797897,0.07137240469455719,0.1327207386493683,0.2411281317472458,0.49652528762817383,0.5,1.0,1.0
2,6070,25000,0.2837366759777069,0.3210589289665222,3.4480777685530484e-05,1.0,3.4480777685530484e-05,0.005331779830157757,0.016308382153511047,0.03597685694694519,0.07118117064237595,0.1329289972782135,0.24085187911987305,0.49511486291885376,0.5,1.0,1.0
2,6080,25000,0.28355830907821655,0.3210793733596802,3.0002584026078694e-05,1.0,3.0002584026078694e-05,0.005289130378514528,0.01607954315841198,0.035861074924468994,0.0710001140832901,0.13249099254608154,0.24025215208530426,0.4945519268512726,0.5,1.0,1.0
2,6090,25000,0.28368496894836426,0.3210863173007965,3.20773760904558e-05,1.0,3.20773760904558e-05,0.005342311691492796,0.01604384556412697,0.03593788295984268,0.07089956849813461,0.1326163113117218,0.24034041166305542,0.49471092224121094,0.5,1.0,1.0
2,6100,25000,0.2836347818374634,0.3210451900959015,3.5472101444611326e-05,1.0,3.5472101444611326e-05,0.00535180326551199,0.016200531274080276,0.03597549721598625,0.07100213319063187,0.1325349509716034,0.24103020131587982,0.4964204430580139,0.5,1.0,1.0
2,6110,25000,0.28368228673934937,0.32104527950286865,3.107164229732007e-05,1.0,3.107164229732007e-05,0.005418711341917515,0.0162140354514122,0.03597773611545563,0.07087294012308121,0.13269846141338348,0.241108238697052,0.49505648016929626,0.5,1.0,1.0
2,6120,25000,0.28379306197166443,0.32105594873428345,2.9520122552639805e-05,1.0,2.9520122552639805e-05,0.00533269951120019,0.016146311536431313,0.036049775779247284,0.07082788646221161,0.13325271010398865,0.2413976490497589,0.49476954340934753,0.5,1.0,1.0
2,6130,25000,0.2837981879711151,0.32107022404670715,3.288473453721963e-05,1.0,3.288473453721963e-05,0.005339452996850014,0.01622251607477665,0.03590361401438713,0.07111143320798874,0.1329375058412552,0.24106237292289734,0.4947698414325714,0.5,1.0,1.0
2,6140,25000,0.2836739718914032,0.32105720043182373,2.8032836780766957e-05,1.0,2.8032836780766957e-05,0.005344980396330357,0.016160618513822556,0.035804156213998795,0.071194589138031,0.1323550045490265,0.2416694015264511,0.4934769868850708,0.5,1.0,1.0
2,6150,25000,0.28367915749549866,0.3210148513317108,2.749708619376179e-05,1.0,2.749708619376179e-05,0.005311873741447926,0.01619746908545494,0.035964056849479675,0.07126626372337341,0.1329832673072815,0.24074983596801758,0.4947279989719391,0.5,1.0,1.0
2,6160,25000,0.28372740745544434,0.3211241364479065,2.4495251636835746e-05,1.0,2.4495251636835746e-05,0.005308779887855053,0.016216980293393135,0.03574949502944946,0.07141590863466263,0.13215985894203186,0.2407665103673935,0.4961180090904236,0.5,1.0,1.0
2,6170,25000,0.28362277150154114,0.321138471364975,3.232074959669262e-05,1.0,3.232074959669262e-05,0.005307348445057869,0.01617857627570629,0.035775020718574524,0.07100977748632431,0.1322205662727356,0.2412015199661255,0.4940219223499298,0.5,1.0,1.0
2,6180,25000,0.28365764021873474,0.3210236728191376,3.236114207538776e-05,1.0,3.236114207538776e-05,0.005319449119269848,0.01613883301615715,0.03595853969454765,0.07130551338195801,0.13254983723163605,0.2410421073436737,0.495019793510437,0.5,1.0,1.0
2,6190,25000,0.28355342149734497,0.32098016142845154,2.9566137527581304e-05,1.0,2.9566137527581304e-05,0.005373295396566391,0.016092419624328613,0.03576633334159851,0.07118207961320877,0.13285404443740845,0.2398790568113327,0.4945509433746338,0.5,1.0,1.0
2,6200,25000,0.28370150923728943,0.32097673416137695,2.882215085264761e-05,1.0,2.882215085264761e-05,0.005314208567142487,0.01610988937318325,0.03586248308420181,0.07133334875106812,0.13260510563850403,0.2412959784269333,0.4936692714691162,0.5,1.0,1.0
2,6210,25000,0.28371578454971313,0.3210830092430115,2.9212729714345187e-05,1.0,2.9212729714345187e-05,0.005345278885215521,0.016126509755849838,0.035980116575956345,0.07108385860919952,0.13238093256950378,0.24168246984481812,0.4966541826725006,0.5,1.0,1.0
2,6220,25000,0.28366607427597046,0.3210766911506653,3.2725038181524724e-05,1.0,3.2725038181524724e-05,0.005336678121238947,0.016170300543308258,0.03571300208568573,0.07125721871852875,0.1328527331352234,0.2410641461610794,0.49673423171043396,0.5,1.0,1.0
2,6230,25000,0.2838709354400635,0.32108035683631897,3.06989204545971e-05,1.0,3.06989204545971e-05,0.005299266427755356,0.016221975907683372,0.035922080278396606,0.07128270715475082,0.13335195183753967,0.24163463711738586,0.49425628781318665,0.5,1.0,1.0
2,6240,25000,0.2836299240589142,0.32107236981391907,3.2606651075184345e-05,1.0,3.2606651075184345e-05,0.005359320901334286,0.016131961718201637,0.03585785627365112,0.07114379107952118,0.13301008939743042,0.24057509005069733,0.49273785948753357,0.5,1.0,1.0
2,6250,25000,0.2837059199810028,0.3210245370864868,2.751637111941818e-05,1.0,2.751637111941818e-05,0.005294331815093756,0.0162747111171484,0.03614704683423042,0.07131848484277725,0.13298878073692322,0.24121679365634918,0.49456149339675903,0.5,1.0,1.0
2,6260,25000,0.28366178274154663,0.321087509393692,3.23450549331028e-05,1.0,3.23450549331028e-05,0.005331219173967838,0.016109460964798927,0.03599107265472412,0.07114331424236298,0.1324067860841751,0.2406749576330185,0.4954901337623596,0.5,1.0,1.0
2,6270,25000,0.2836046814918518,0.32105058431625366,2.72662473435048e-05,1.0,2.72662473435048e-05,0.005340873263776302,0.016132576391100883,0.03588349372148514,0.07119481265544891,0.13265854120254517,0.24045301973819733,0.49218079447746277,0.5,1.0,1.0
2,6280,25000,0.28371661901474,0.32106977701187134,3.024525722139515e-05,1.0,3.024525722139515e-05,0.005363993812352419,0.016228022053837776,0.03589845448732376,0.07111494988203049,0.13274610042572021,0.2407538741827011,0.49403831362724304,0.5,1.0,1.0
2,6290,25000,0.28362101316452026,0.32096657156944275,2.947854773083236e-05,1.0,2.947854773083236e-05,0.005347229540348053,0.016156796365976334,0.03602978587150574,0.07122474908828735,0.13273391127586365,0.24061188101768494,0.49322476983070374,0.5,1.0,1.0
2,6300,25000,0.28368499875068665,0.3210618197917938,3.212271258234978e-05,1.0,3.212271258234978e-05,0.005369669292122126,0.016033697873353958,0.03598422929644585,0.07113548368215561,0.13305312395095825,0.2405763417482376,0.49415600299835205,0.5,1.0,1.0
2,6310,25000,0.28356364369392395,0.3210233151912689,3.2332078262697905e-05,1.0,3.2332078262697905e-05,0.005367962643504143,0.016226407140493393,0.03600597381591797,0.07106713950634003,0.13262656331062317,0.24099266529083252,0.49430856108665466,0.5,1.0,1.0
2,6320,25000,0.28387245535850525,0.3210940361022949,3.1052157282829285e-05,1.0,3.1052157282829285e-05,0.005370562430471182,0.016179734840989113,0.0360075943171978,0.07125819474458694,0.13299159705638885,0.2414502501487732,0.4970611333847046,0.5,1.0,1.0
2,6330,25000,0.28355270624160767,0.32094743847846985,3.1232309993356466e-05,1.0,3.1232309993356466e-05,0.00533208018168807,0.016139423474669456,0.035945720970630646,0.07131925225257874,0.13257423043251038,0.24085989594459534,0.4945201873779297,0.5,1.0,1.0
2,6340,25000,0.2836375832557678,0.3211285173892975,3.192126314388588e-05,1.0,3.192126314388588e-05,0.0053451042622327805,0.01613030955195427,0.03573590889573097,0.07126674801111221,0.13288135826587677,0.24041202664375305,0.49456268548965454,0.5,1.0,1.0
2,6350,25000,0.28367242217063904,0.32105427980422974,2.8886724976473488e-05,1.0,2.8886724976473488e-05,0.005325795616954565,0.016173366457223892,0.035935211926698685,0.07129313796758652,0.13238292932510376,0.24089296162128448,0.49524179100990295,0.5,1.0,1.0
2,6360,25000,0.28366991877555847,0.32103124260902405,3.0326880732900463e-05,1.0,3.0326880732900463e-05,0.005358644295483828,0.01628459058701992,0.03587495535612106,0.07112808525562286,0.13198140263557434,0.2411441206932068,0.494232177734375,0.5,1.0,1.0
2,6370,25000,0.28358855843544006,0.32100075483322144,3.0816423532087356e-05,1.0,3.0816423532087356e-05,0.005328959785401821,0.016167914494872093,0.035777658224105835,0.07123219966888428,0.13222083449363708,0.24117697775363922,0.4935624897480011,0.5,1.0,1.0
2,6380,25000,0.2837011516094208,0.321100652217865,3.098248998867348e-05,1.0,3.098248998867348e-05,0.005332120228558779,0.01624009571969509,0.03576432913541794,0.07113035023212433,0.13245311379432678,0.24086177349090576,0.4959271550178528,0.5,1.0,1.0
2,6390,25000,0.2837420105934143,0.321041077375412,3.4178196074208245e-05,1.0,3.4178196074208245e-05,0.00534200482070446,0.016123631969094276,0.035893455147743225,0.07128727436065674,0.13264009356498718,0.24190472066402435,0.4941011071205139,0.5,1.0,1.0
2,6400,25000,0.2836169898509979,0.3210906684398651,3.080063106608577e-05,1.0,3.080063106608577e-05,0.0053156279027462006,0.016213277354836464,0.03580200672149658,0.07084948569536209,0.1323419213294983,0.24008195102214813,0.49404188990592957,0.5,1.0,1.0
2,6410,25000,0.2837925851345062,0.32105517387390137,2.914287142630201e-05,1.0,2.914287142630201e-05,0.005360834300518036,0.01622670888900757,0.03585076332092285,0.07121867686510086,0.13289135694503784,0.2415267825126648,0.4942191541194916,0.5,1.0,1.0
2,6420,25000,0.2837575078010559,0.3210226595401764,3.343373100506142e-05,1.0,3.343373100506142e-05,0.005340157076716423,0.016155097633600235,0.03593328595161438,0.07108430564403534,0.13282206654548645,0.2409428060054779,0.4946768283843994,0.5,1.0,1.0
2,6430,25000,0.28372102975845337,0.32103416323661804,2.7153590053785592e-05,1.0,2.7153590053785592e-05,0.005317519418895245,0.016162369400262833,0.03604060783982277,0.07131229341030121,0.1325794756412506,0.24102747440338135,0.49584662914276123,0.5,1.0,1.0
2,6440,25000,0.28365358710289,0.3209994435310364,3.4216383937746286e-05,1.0,3.4216383937746286e-05,0.005302711855620146,0.016231166198849678,0.035861413925886154,0.07110773026943207,0.132615864276886,0.24142645299434662,0.4952998459339142,0.5,1.0,1.0
2,6450,25000,0.2835574150085449,0.32099074125289917,3.087511140620336e-05,1.0,3.087511140620336e-05,0.005344484932720661,0.016071723774075508,0.035997357219457626,0.0714617669582367,0.13279099762439728,0.24055910110473633,0.49262869358062744,0.5,1.0,1.0
2,6460,25000,0.2836357355117798,0.3209417462348938,3.071342143812217e-05,1.0,3.071342143812217e-05,0.005320532247424126,0.016149017959833145,0.03586529195308685,0.07124289870262146,0.1326294243335724,0.2414253205060959,0.4941958785057068,0.5,1.0,1.0
2,6470,25000,0.28372958302497864,0.32108303904533386,3.150115298922174e-05,1.0,3.150115298922174e-05,0.005347267258912325,0.01606706716120243,0.035864852368831635,0.07126676291227341,0.13286863267421722,0.24107371270656586,0.4950498044490814,0.5,1.0,1.0
2,6480,25000,0.28370922803878784,0.32118305563926697,3.0514605896314606e-05,1.0,3.0514605896314606e-05,0.005364914890378714,0.016094058752059937,0.035865601152181625,0.07129782438278198,0.13208280503749847,0.24107055366039276,0.4960983395576477,0.5,1.0,1.0
2,6490,25000,0.2836715877056122,0.32101675868034363,3.0133749532978982e-05,1.0,3.0133749532978982e-05,0.005356315989047289,0.01611451432108879,0.0358901172876358,0.07120470702648163,0.1332046389579773,0.2411227524280548,0.49279654026031494,0.5,1.0,1.0
2,6500,25000,0.2836293876171112,0.3210219442844391,3.4301549021620303e-05,1.0,3.4301549021620303e-05,0.005375641398131847,0.016232063993811607,0.035947803407907486,0.07083632797002792,0.13294844329357147,0.24160805344581604,0.49401387572288513,0.5,1.0,1.0
2,6510,25000,0.2837134897708893,0.3210068643093109,2.9632457881234586e-05,1.0,2.9632457881234586e-05,0.005368185695260763,0.01621919311583042,0.03605511784553528,0.07126541435718536,0.13270477950572968,0.24031956493854523,0.49682682752609253,0.5,1.0,1.0
2,6520,25000,0.28376591205596924,0.3211539387702942,2.6911240638582967e-05,1.0,2.6911240638582967e-05,0.005346642807126045,0.016161751002073288,0.03590872511267662,0.0708836242556572,0.13226968050003052,0.24144916236400604,0.49386531114578247,0.5,1.0,1.0
2,6530,25000,0.28376099467277527,0.3211170434951782,3.116559310001321e-05,1.0,3.116559310001321e-05,0.005336349364370108,0.01616254448890686,0.036108408123254776,0.07147151231765747,0.1322845220565796,0.2403087019920349,0.4938882887363434,0.5,1.0,1.0
2,6540,25000,0.2835594415664673,0.32105347514152527,3.2139025279320776e-05,1.0,3.2139025279320776e-05,0.005345632322132587,0.016224099323153496,0.035714492201805115,0.07080329209566116,0.13246288895606995,0.24096019566059113,0.4938465356826782,0.5,1.0,1.0
2,6550,25000,0.28360089659690857,0.3210061490535736,3.06681904476136e-05,1.0,3.06681904476136e-05,0.005322933662682772,0.016122428700327873,0.03591674193739891,0.07104801386594772,0.13221576809883118,0.24016959965229034,0.49484139680862427,0.5,1.0,1.0
2,6560,25000,0.2836921811103821,0.3209863305091858,3.083688716287725e-05,1.0,3.083688716287725e-05,0.0053466022945940495,0.01624760590493679,0.03608381748199463,0.07113099843263626,0.1328575611114502,0.24229063093662262,0.49261653423309326,0.5,1.0,1.0
2,6570,25000,0.2835645377635956,0.3210788667201996,3.284782724222168e-05,1.0,3.284782724222168e-05,0.00536344712600112,0.01611679047346115,0.03576533868908882,0.07083940505981445,0.13214589655399323,0.24131067097187042,0.4946567118167877,0.5,1.0,1.0
2,6580,25000,0.2836211323738098,0.32102280855178833,3.019460382347461e-05,1.0,3.019460382347461e-05,0.005378196481615305,0.01623578369617462,0.035832732915878296,0.07091415673494339,0.13196775317192078,0.241001695394516,0.49507662653923035,0.5,1.0,1.0
2,6590,25000,0.28359276056289673,0.32100600004196167,2.561569090175908e-05,1.0,2.561569090175908e-05,0.005354746710509062,0.016219917684793472,0.035947348922491074,0.07114692032337189,0.13234513998031616,0.24133215844631195,0.4923860430717468,0.5,1.0,1.0
2,6600,25000,0.28370246291160583,0.3209454119205475,3.1195511837722734e-05,1.0,3.1195511837722734e-05,0.005319719202816486,0.016130026429891586,0.03607461228966713,0.07155626267194748,0.13301852345466614,0.2412855476140976,0.49453315138816833,0.5,1.0,1.0
2,6610,25000,0.2839430570602417,0.32120299339294434,2.8018652301398106e-05,1.0,2.8018652301398106e-05,0.0053565544076263905,0.016166070476174355,0.035960957407951355,0.07119051367044449,0.13288849592208862,0.24176281690597534,0.4960619807243347,0.5,1.0,1.0
2,6620,25000,0.2836783826351166,0.32113394141197205,2.9632024961756542e-05,1.0,2.9632024961756542e-05,0.005345826968550682,0.016112975776195526,0.0357653982937336,0.07090841233730316,0.1328119933605194,0.2408912181854248,0.49550366401672363,0.5,1.0,1.0
2,6630,25000,0.28363126516342163,0.3210432827472687,3.2178617402678356e-05,1.0,3.2178617402678356e-05,0.005333518609404564,0.01616259291768074,0.03590686246752739,0.07127340137958527,0.13263480365276337,0.24096092581748962,0.49476802349090576,0.5,1.0,1.0
2,6640,25000,0.28377074003219604,0.3210902214050293,3.276326970080845e-05,1.0,3.276326970080845e-05,0.005305455066263676,0.01628020405769348,0.035858068615198135,0.07088490575551987,0.13234996795654297,0.24199333786964417,0.49430087208747864,0.5,1.0,1.0
2,6650,25000,0.2836908996105194,0.32106804847717285,2.823397699103225e-05,1.0,2.823397699103225e-05,0.005362314637750387,0.016121963039040565,0.03594854474067688,0.0710572749376297,0.1327754557132721,0.2416096180677414,0.4943573474884033,0.5,1.0,1.0
2,6660,25000,0.28367868065834045,0.3210572302341461,3.352034400450066e-05,1.0,3.352034400450066e-05,0.005361881572753191,0.01616378128528595,0.035817038267850876,0.07123778015375137,0.1332390159368515,0.24122977256774902,0.49534860253334045,0.5,1.0,1.0
2,6670,25000,0.28371357917785645,0.3210977017879486,3.071476021432318e-05,1.0,3.071476021432318e-05,0.005355160683393478,0.016221733763813972,0.0359078049659729,0.07108712196350098,0.13297761976718903,0.24095258116722107,0.49473536014556885,0.5,1.0,1.0
2,6680,25000,0.28370702266693115,0.3210441768169403,3.0342405807459727e-05,1.0,3.0342405807459727e-05,0.005336997099220753,0.016132760792970657,0.03587598726153374,0.07143294811248779,0.13285952806472778,0.24112309515476227,0.49515581130981445,0.5,1.0,1.0
2,6690,25000,0.28372177481651306,0.32114455103874207,3.622224903665483e-05,1.0,3.622224903665483e-05,0.0053344243206083775,0.016203058883547783,0.03568319231271744,0.0706840455532074,0.13262605667114258,0.24076084792613983,0.49549469351768494,0.5,1.0,1.0
2,6700,25000,0.2835739254951477,0.3209364116191864,2.5619710868340917e-05,1.0,2.5619710868340917e-05,0.0053400807082653046,0.016184750944375992,0.035852301865816116,0.0714958906173706,0.13289913535118103,0.23997671902179718,0.4940677285194397,0.5,1.0,1.0
2,6710,25000,0.2838570773601532,0.321028470993042,3.1930099794408306e-05,1.0,3.1930099794408306e-05,0.005356132984161377,0.016172604635357857,0.03595218434929848,0.07133515924215317,0.13346517086029053,0.24190808832645416,0.4950639009475708,0.5,1.0,1.0
2,6720,25000,0.28360041975975037,0.3210897147655487,3.2328938686987385e-05,1.0,3.2328938686987385e-05,0.005310840904712677,0.016157424077391624,0.036002568900585175,0.07093128561973572,0.13230538368225098,0.24171829223632812,0.49340417981147766,0.5,1.0,1.0
2,6730,25000,0.28366607427597046,0.32093876600265503,2.8690879844361916e-05,1.0,2.8690879844361916e-05,0.005328941624611616,0.016242967918515205,0.03592348098754883,0.07119240611791611,0.1331532895565033,0.241854727268219,0.4935450553894043,0.5,1.0,1.0
2,6740,25000,0.28357258439064026,0.3209451735019684,2.811123340507038e-05,1.0,2.811123340507038e-05,0.005304643418639898,0.01628096215426922,0.035691238939762115,0.07126549631357193,0.13277500867843628,0.2408953607082367,0.49268683791160583,0.5,1.0,1.0
2,6750,25000,0.2835270166397095,0.32099875807762146,3.3067506592487916e-05,1.0,3.3067506592487916e-05,0.005361539777368307,0.016221608966588974,0.03588242828845978,0.07111790776252747,0.13252544403076172,0.24137912690639496,0.4950096309185028,0.5,1.0,1.0
2,6760,25000,0.2834700644016266,0.3209446668624878,3.265730265411548e-05,1.0,3.265730265411548e-05,0.005337817594408989,0.016112934798002243,0.03587111830711365,0.07093729823827744,0.1327124536037445,0.24041377007961273,0.49286794662475586,0.5,1.0,1.0
2,6770,25000,0.28376826643943787,0.3210393488407135,2.8449223464122042e-05,1.0,2.8449223464122042e-05,0.005328325554728508,0.01621876284480095,0.03590783104300499,0.0713772401213646,0.13308215141296387,0.24088242650032043,0.4954853653907776,0.5,1.0,1.0
2,6780,25000,0.2837049961090088,0.3211902678012848,3.064509655814618e-05,1.0,3.064509655814618e-05,0.005332880187779665,0.016139904037117958,0.03588118404150009,0.07105929404497147,0.13240614533424377,0.24106229841709137,0.4953499436378479,0.5,1.0,1.0
2,6790,25000,0.28380876779556274,0.3211900591850281,2.8837881473009475e-05,1.0,2.8837881473009475e-05,0.005321834236383438,0.01606566458940506,0.03584101051092148,0.07131357491016388,0.13262978196144104,0.24137267470359802,0.4957142174243927,0.5,1.0,1.0
2,6800,25000,0.28381824493408203,0.3210756778717041,2.8007401851937175e-05,1.0,2.8007401851937175e-05,0.005344577133655548,0.016181066632270813,0.035897281020879745,0.07148908823728561,0.13256728649139404,0.24171403050422668,0.49695202708244324,0.5,1.0,1.0
2,6810,25000,0.28369686007499695,0.32108068466186523,2.8328584448900074e-05,1.0,2.8328584448900074e-05,0.005332718603312969,0.016304481774568558,0.035864632576704025,0.0706465020775795,0.1326565146446228,0.2411506175994873,0.4939718246459961,0.5,1.0,1.0
2,6820,25000,0.28372734785079956,0.32115450501441956,3.0327866625157185e-05,1.0,3.0327866625157185e-05,0.005334434099495411,0.016184644773602486,0.03582298010587692,0.07117417454719543,0.13252225518226624,0.24089378118515015,0.49418631196022034,0.5,1.0,1.0
2,6830,25000,0.28372085094451904,0.32116779685020447,3.3328695280943066e-05,1.0,3.3328695280943066e-05,0.005373660009354353,0.016194695606827736,0.035895757377147675,0.0709637925028801,0.13262470066547394,0.24146710336208344,0.4954211711883545,0.5,1.0,1.0
2,6840,25000,0.28370827436447144,0.321059912443161,3.1449519156012684e-05,1.0,3.1449519156012684e-05,0.005346530117094517,0.01611367054283619,0.03600100800395012,0.07138723134994507,0.13273939490318298,0.240811288356781,0.49262669682502747,0.5,1.0,1.0
2,6850,25000,0.28356969356536865,0.3210645318031311,3.1953717552823946e-05,1.0,3.1953717552823946e-05,0.005369559396058321,0.016158299520611763,0.03575997054576874,0.07074116915464401,0.13208377361297607,0.24097058176994324,0.4954335391521454,0.5,1.0,1.0
2,6860,25000,0.283794641494751,0.32110702991485596,3.4170563594670966e-05,1.0,3.4170563594670966e-05,0.005312351044267416,0.016237648203969002,0.03578280285000801,0.07131834328174591,0.13304820656776428,0.24147990345954895,0.49304112792015076,0.5,1.0,1.0
2,6870,25000,0.2836802899837494,0.32112863659858704,3.245782863814384e-05,1.0,3.245782863814384e-05,0.005307695362716913,0.016166917979717255,0.03601010516285896,0.07101579755544662,0.13222822546958923,0.24131320416927338,0.49372029304504395,0.5,1.0,1.0
2,6880,25000,0.283784955739975,0.32107338309288025,2.9699345759581774e-05,1.0,2.9699345759581774e-05,0.005289163440465927,0.01610087975859642,0.03596729785203934,0.07091439515352249,0.1332862675189972,0.2408227175474167,0.4952901005744934,0.5,1.0,1.0
2,6890,25000,0.28358906507492065,0.32114431262016296,3.182940781698562e-05,1.0,3.182940781698562e-05,0.005371347535401583,0.01615244150161743,0.035769373178482056,0.07088156789541245,0.13242805004119873,0.24061259627342224,0.49466606974601746,0.5,1.0,1.0
2,6900,25000,0.28376054763793945,0.3211286962032318,3.328445745864883e-05,1.0,3.328445745864883e-05,0.005366485565900803,0.01619056425988674,0.03586265817284584,0.07085969299077988,0.13270241022109985,0.24147796630859375,0.49390509724617004,0.5,1.0,1.0
2,6910,25000,0.28364098072052,0.32111191749572754,3.437153281993233e-05,1.0,3.437153281993233e-05,0.005350183695554733,0.016114933416247368,0.03584626689553261,0.07063698023557663,0.1324998140335083,0.24183394014835358,0.4943840503692627,0.5,1.0,1.0
2,6920,25000,0.28364551067352295,0.3209710121154785,2.9058399377390742e-05,1.0,2.9058399377390742e-05,0.005313190631568432,0.016165010631084442,0.03595178201794624,0.07075145095586777,0.1324593424797058,0.24202042818069458,0.49247169494628906,0.5,1.0,1.0
2,6930,25000,0.2836070954799652,0.32106631994247437,3.2780513720354065e-05,1.0,3.2780513720354065e-05,0.005344301462173462,0.016136838123202324,0.03581009432673454,0.07100581377744675,0.13246408104896545,0.24046690762043,0.4958825707435608,0.5,1.0,1.0
2,6940,25000,0.2837260365486145,0.3210862874984741,2.4542712708353065e-05,1.0,2.4542712708353065e-05,0.005353051237761974,0.016336655244231224,0.03597349300980568,0.07139379531145096,0.13216343522071838,0.24183908104896545,0.49491655826568604,0.5,1.0,1.0
2,6950,25000,0.28385886549949646,0.3210235834121704,2.859364940377418e-05,1.0,2.859364940377418e-05,0.005342779215425253,0.016401953995227814,0.03596218675374985,0.07107541710138321,0.1328429877758026,0.24217873811721802,0.495400995016098,0.5,1.0,1.0
2,6960,25000,0.28359395265579224,0.3210790455341339,2.9059072403470054e-05,1.0,2.9059072403470054e-05,0.005401577800512314,0.016200412064790726,0.035991132259368896,0.07113177329301834,0.1325501948595047,0.24128012359142303,0.49375662207603455,0.5,1.0,1.0
2,6970,25000,0.2836010456085205,0.3210095763206482,2.866093382181134e-05,1.0,2.866093382181134e-05,0.005366073455661535,0.016202246770262718,0.03606613725423813,0.07143952697515488,0.13257573544979095,0.24123188853263855,0.4937800168991089,0.5,1.0,1.0
2,6980,25000,0.2836499810218811,0.3209567666053772,3.0706130928592756e-05,1.0,3.0706130928592756e-05,0.005333623383194208,0.016186928376555443,0.035938940942287445,0.0712079182267189,0.13256536424160004,0.24155588448047638,0.49404340982437134,0.5,1.0,1.0
2,6990,25000,0.28363123536109924,0.3209969699382782,3.256120180594735e-05,1.0,3.256120180594735e-05,0.005332128144800663,0.016171371564269066,0.03600379079580307,0.07128027826547623,0.13256798684597015,0.24002738296985626,0.49569171667099,0.5,1.0,1.0
2,7000,25000,0.2836725115776062,0.32106488943099976,3.3248612453462556e-05,1.0,3.3248612453462556e-05,0.0053510526195168495,0.016161810606718063,0.03588581085205078,0.07109994441270828,0.13270746171474457,0.24061664938926697,0.49480992555618286,0.5,1.0,1.0
