step,epoch,n_refreshed,mean,std,min,max,q00,q10,q20,q30,q40,q50,q60,q70,q80,q90,q100
6,0,,0.6122326254844666,0.2013864666223526,0.5,1.0,0.5,0.5,0.5,0.5,0.5,0.5,0.5,0.5199999809265137,1.0,1.0,1.0
6,10,25000,0.30266493558883667,0.3939072787761688,9.99999905104687e-09,1.0,9.99999905104687e-09,2.143449819413945e-05,0.00023732961562927812,0.001501375576481223,0.007315414026379585,0.03291941434144974,0.16535213589668274,0.5,0.8981242179870605,1.0,1.0
6,20,25000,0.3025303781032562,0.3939018249511719,9.99999905104687e-09,1.0,9.99999905104687e-09,2.1095172996865585e-05,0.00023494510969612747,0.001501786638982594,0.007377309259027243,0.032821230590343475,0.16400788724422455,0.5,0.9086437225341797,1.0,1.0
6,30,25000,0.30252376198768616,0.3938678205013275,9.99999905104687e-09,1.0,9.99999905104687e-09,2.132752342731692e-05,0.00023657685960642993,0.0014865167904645205,0.0073488205671310425,0.03301485627889633,0.16295035183429718,0.5,0.8973726630210876,1.0,1.0
6,40,25000,0.302568644285202,0.3939041495323181,9.99999905104687e-09,1.0,9.99999905104687e-09,2.1455280148074962e-05,0.0002355391625314951,0.001494287047535181,0.007289531175047159,0.032876208424568176,0.16382047533988953,0.5,0.9184352159500122,1.0,1.0
6,50,25000,0.30264854431152344,0.39397481083869934,9.99999905104687e-09,1.0,9.99999905104687e-09,2.1572115656454116e-05,0.0002367382840020582,0.0014937741216272116,0.007408351171761751,0.033155620098114014,0.16326403617858887,0.5,0.9454452395439148,1.0,1.0
6,60,25000,0.3026944398880005,0.3940954804420471,9.99999905104687e-09,1.0,9.99999905104687e-09,2.1370520698837936e-05,0.00023502331168856472,0.0015019807033240795,0.007273491472005844,0.03264649957418442,0.1642463356256485,0.5,1.0,1.0,1.0
6,70,25000,0.30266937613487244,0.3941494822502136,9.99999905104687e-09,1.0,9.99999905104687e-09,2.1436091628856957e-05,0.00023844867246225476,0.0014953800709918141,0.007334715686738491,0.033057697117328644,0.16389767825603485,0.5,1.0,1.0,1.0
6,80,25000,0.302676260471344,0.39414289593696594,9.99999905104687e-09,1.0,9.99999905104687e-09,2.150184263882693e-05,0.00023654069809708744,0.0015065479092299938,0.00727312546223402,0.03269921988248825,0.16361911594867706,0.5,1.0,1.0,1.0
6,90,25000,0.30277219414711,0.3941091001033783,9.99999905104687e-09,1.0,9.99999905104687e-09,2.1713916794396937e-05,0.0002378314675297588,0.0015043688472360373,0.00729473726823926,0.03305872529745102,0.1636406034231186,0.5,1.0,1.0,1.0
6,100,25000,0.3027433753013611,0.39420244097709656,9.99999905104687e-09,1.0,9.99999905104687e-09,2.133493580913637e-05,0.00023450879962183535,0.0015094212722033262,0.00737743591889739,0.033132925629615784,0.16274097561836243,0.5,1.0,1.0,1.0
6,110,25000,0.30275219678878784,0.3941991925239563,9.99999905104687e-09,1.0,9.99999905104687e-09,2.146767837984953e-05,0.00023642051382921636,0.0015036987606436014,0.007283681072294712,0.03282805532217026,0.16372856497764587,0.5,1.0,1.0,1.0
6,120,25000,0.3027244210243225,0.3942655920982361,9.99999905104687e-09,1.0,9.99999905104687e-09,2.1543719412875362e-05,0.0002402591344434768,0.001505271065980196,0.007324681151658297,0.03288751840591431,0.16335755586624146,0.5,1.0,1.0,1.0
6,130,25000,0.3030146062374115,0.39433619379997253,9.99999905104687e-09,1.0,9.99999905104687e-09,2.129580570908729e-05,0.00023674011754337698,0.0014994479715824127,0.007349964696913958,0.033138077706098557,0.16485585272312164,0.5,1.0,1.0,1.0
6,140,25000,0.3028784394264221,0.3944682776927948,9.99999905104687e-09,1.0,9.99999905104687e-09,2.1336794816306792e-05,0.000235081315622665,0.001485080225393176,0.007321332115679979,0.03290892392396927,0.16337698698043823,0.5,1.0,1.0,1.0
6,150,25000,0.3030145764350891,0.39472466707229614,9.99999905104687e-09,1.0,9.99999905104687e-09,2.1224117517704144e-05,0.00023680218146182597,0.0014745467342436314,0.007335016503930092,0.032898787409067154,0.16176311671733856,0.5,1.0,1.0,1.0
6,160,25000,0.30336472392082214,0.3952130079269409,9.99999905104687e-09,1.0,9.99999905104687e-09,2.1378693418228067e-05,0.0002399859658908099,0.0014903011033311486,0.007338087540119886,0.03275424987077713,0.1634208858013153,0.5,1.0,1.0,1.0
6,170,25000,0.3036368191242218,0.3956257104873657,9.99999905104687e-09,1.0,9.99999905104687e-09,2.130560460500419e-05,0.0002357588818995282,0.0015132664702832699,0.007383158430457115,0.03282129019498825,0.16220898926258087,0.5,1.0,1.0,1.0
6,180,25000,0.304099977016449,0.396004319190979,9.99999905104687e-09,1.0,9.99999905104687e-09,2.1491359802894294e-05,0.00023454564507119358,0.001497916760854423,0.0073623801581561565,0.033004485070705414,0.1619379222393036,0.5,1.0,1.0,1.0
6,190,25000,0.3042955994606018,0.39624592661857605,9.99999905104687e-09,1.0,9.99999905104687e-09,2.1014606318203732e-05,0.0002355041797272861,0.0015092897228896618,0.007357503287494183,0.03282264620065689,0.16412346065044403,0.5,1.0,1.0,1.0
6,200,25000,0.30444252490997314,0.3964115381240845,9.99999905104687e-09,1.0,9.99999905104687e-09,2.0960944311809726e-05,0.00023657605925109237,0.0014884014381095767,0.007367298938333988,0.03311332315206528,0.16206303238868713,0.5,1.0,1.0,1.0
6,210,25000,0.30460724234580994,0.39642682671546936,9.99999905104687e-09,1.0,9.99999905104687e-09,2.1476980691659264e-05,0.0002353211457375437,0.0014882569666951895,0.007355901878327131,0.032949235290288925,0.1644015908241272,0.5,1.0,1.0,1.0
6,220,25000,0.3044204115867615,0.39652207493782043,9.99999905104687e-09,1.0,9.99999905104687e-09,2.1459214622154832e-05,0.00023512412735726684,0.0015101301250979304,0.007382337469607592,0.03289201855659485,0.16288825869560242,0.5,1.0,1.0,1.0
6,230,25000,0.30452001094818115,0.39646655321121216,9.99999905104687e-09,1.0,9.99999905104687e-09,2.1652116629411466e-05,0.00023913024051580578,0.0014909268356859684,0.00731488736346364,0.03293221443891525,0.16254101693630219,0.5,1.0,1.0,1.0
6,240,25000,0.30460619926452637,0.39649486541748047,9.99999905104687e-09,1.0,9.99999905104687e-09,2.1579107851721346e-05,0.00023855407198425382,0.0015121378237381577,0.007314994465559721,0.03270107880234718,0.16367517411708832,0.5,1.0,1.0,1.0
6,250,25000,0.3045194149017334,0.3965483605861664,9.99999905104687e-09,1.0,9.99999905104687e-09,2.1346702851587906e-05,0.00023794255685061216,0.0015336348442360759,0.007294737733900547,0.032655976712703705,0.16320925951004028,0.5,1.0,1.0,1.0
6,260,25000,0.30454787611961365,0.3964952826499939,9.99999905104687e-09,1.0,9.99999905104687e-09,2.1484747776412405e-05,0.0002376634511165321,0.001506931846961379,0.007355636451393366,0.03304425626993179,0.16363966464996338,0.5,1.0,1.0,1.0
6,270,25000,0.30457791686058044,0.39651769399642944,9.99999905104687e-09,1.0,9.99999905104687e-09,2.141845652658958e-05,0.00023796794994268566,0.0014968860195949674,0.007371930871158838,0.03308490291237831,0.16322585940361023,0.5,1.0,1.0,1.0
6,280,25000,0.30459997057914734,0.3965821862220764,9.99999905104687e-09,1.0,9.99999905104687e-09,2.1420930352178402e-05,0.00023660458100493997,0.00150981021579355,0.007293323054909706,0.032810647040605545,0.16314105689525604,0.5,1.0,1.0,1.0
6,290,25000,0.3046320676803589,0.39661192893981934,9.99999905104687e-09,1.0,9.99999905104687e-09,2.126670915458817e-05,0.00023680977756157517,0.0015021911822259426,0.007310151122510433,0.032892562448978424,0.1634896695613861,0.5,1.0,1.0,1.0
6,300,25000,0.30465465784072876,0.3965877294540405,9.99999905104687e-09,1.0,9.99999905104687e-09,2.143256460840348e-05,0.0002356959303142503,0.0015124996425583959,0.007353238761425018,0.032906658947467804,0.16340318322181702,0.5,1.0,1.0,1.0
6,310,25000,0.3044636845588684,0.3966268002986908,9.99999905104687e-09,1.0,9.99999905104687e-09,2.1300282242009416e-05,0.00023465488629881293,0.0015029239002615213,0.007343372330069542,0.03280284255743027,0.16216574609279633,0.5,1.0,1.0,1.0
6,320,25000,0.30459868907928467,0.3966166377067566,9.99999905104687e-09,1.0,9.99999905104687e-09,2.162586315535009e-05,0.00023784219229128212,0.0014954805374145508,0.007264771033078432,0.032915711402893066,0.16305747628211975,0.5,1.0,1.0,1.0
6,330,25000,0.3045697510242462,0.39664891362190247,9.99999905104687e-09,1.0,9.99999905104687e-09,2.1366440705605783e-05,0.0002340961218578741,0.0014889190206304193,0.007226610090583563,0.032856643199920654,0.16308531165122986,0.5,1.0,1.0,1.0
6,340,25000,0.3045409619808197,0.3966042995452881,9.99999905104687e-09,1.0,9.99999905104687e-09,2.1830790501553565e-05,0.0002346070104977116,0.001499981852248311,0.007352708838880062,0.033035822212696075,0.1618676632642746,0.5,1.0,1.0,1.0
6,350,25000,0.30456265807151794,0.39663439989089966,9.99999905104687e-09,1.0,9.99999905104687e-09,2.128251981048379e-05,0.00023691360547672957,0.0015036260010674596,0.0072523062117397785,0.03284773230552673,0.1632779985666275,0.5,1.0,1.0,1.0
6,360,25000,0.3046775460243225,0.39668378233909607,9.99999905104687e-09,1.0,9.99999905104687e-09,2.1520601876545697e-05,0.00023340771440416574,0.0014944602735340595,0.007343856152147055,0.033005669713020325,0.16410726308822632,0.5,1.0,1.0,1.0
6,370,25000,0.3047206401824951,0.39668434858322144,9.99999905104687e-09,1.0,9.99999905104687e-09,2.153173045371659e-05,0.00023988491739146411,0.0015100102173164487,0.007371764630079269,0.03291724622249603,0.16325144469738007,0.5,1.0,1.0,1.0
6,380,25000,0.30467715859413147,0.39661845564842224,9.99999905104687e-09,1.0,9.99999905104687e-09,2.1407753592939116e-05,0.00023561624402645975,0.0015071637462824583,0.007315773516893387,0.03302532061934471,0.1640302836894989,0.5,1.0,1.0,1.0
6,390,25000,0.3046025037765503,0.39664125442504883,9.99999905104687e-09,1.0,9.99999905104687e-09,2.1382164050010033e-05,0.000234433522564359,0.0015057384734973311,0.007339086849242449,0.03281524032354355,0.16264736652374268,0.5,1.0,1.0,1.0
6,400,25000,0.30454230308532715,0.39667922258377075,9.99999905104687e-09,1.0,9.99999905104687e-09,2.166886224586051e-05,0.00023949670139700174,0.0015276557533070445,0.0073645347729325294,0.03287160396575928,0.16261111199855804,0.5,1.0,1.0,1.0
6,410,25000,0.30465278029441833,0.3966157138347626,9.99999905104687e-09,1.0,9.99999905104687e-09,2.097343713103328e-05,0.00023566136951558292,0.001512171351350844,0.007291632238775492,0.03315036743879318,0.16378992795944214,0.5,1.0,1.0,1.0
6,420,25000,0.3046413064002991,0.39656862616539,9.99999905104687e-09,1.0,9.99999905104687e-09,2.1602723791147582e-05,0.00023260396847035736,0.001506576663814485,0.0072840917855501175,0.03283771872520447,0.1642494648694992,0.5,1.0,1.0,1.0
6,430,25000,0.30457526445388794,0.39663368463516235,9.99999905104687e-09,1.0,9.99999905104687e-09,2.1556930732913315e-05,0.0002372548042330891,0.0015117144212126732,0.007373498752713203,0.03285760432481766,0.16272272169589996,0.5,1.0,1.0,1.0
6,440,25000,0.30454498529434204,0.39661943912506104,9.99999905104687e-09,1.0,9.99999905104687e-09,2.179476541641634e-05,0.0002371627342654392,0.0014956400264054537,0.007414316758513451,0.03300239145755768,0.16292226314544678,0.5,1.0,1.0,1.0
6,450,25000,0.3045501410961151,0.39662855863571167,9.99999905104687e-09,1.0,9.99999905104687e-09,2.1685362298740074e-05,0.00023296418657992035,0.0015193524304777384,0.007370415143668652,0.032881878316402435,0.16419023275375366,0.5,1.0,1.0,1.0
6,460,25000,0.3045099377632141,0.3966490626335144,9.99999905104687e-09,1.0,9.99999905104687e-09,2.140015749318991e-05,0.0002358851779717952,0.0014928756281733513,0.007345953490585089,0.032798781991004944,0.1626332402229309,0.5,1.0,1.0,1.0
6,470,25000,0.30457156896591187,0.39661288261413574,9.99999905104687e-09,1.0,9.99999905104687e-09,2.1557059881160967e-05,0.00023668345238547772,0.0015047875931486487,0.007292856927961111,0.033031947910785675,0.16287323832511902,0.5,1.0,1.0,1.0
6,480,25000,0.3046520948410034,0.39667826890945435,9.99999905104687e-09,1.0,9.99999905104687e-09,2.1310766896931455e-05,0.0002340776554774493,0.0015079505974426866,0.007379776332527399,0.032756127417087555,0.1624603420495987,0.5,1.0,1.0,1.0
6,490,25000,0.304548442363739,0.396621972322464,9.99999905104687e-09,1.0,9.99999905104687e-09,2.1491427105502225e-05,0.00023488618899136782,0.0014956097584217787,0.007316925097256899,0.03290075436234474,0.1636733114719391,0.5,1.0,1.0,1.0
6,500,25000,0.30467966198921204,0.3966878354549408,9.99999905104687e-09,1.0,9.99999905104687e-09,2.1036265025031753e-05,0.00023742241319268942,0.0014923668932169676,0.007330861873924732,0.03298895061016083,0.16341160237789154,0.5,1.0,1.0,1.0
6,510,25000,0.3046009838581085,0.3966975510120392,9.99999905104687e-09,1.0,9.99999905104687e-09,2.1449208361445926e-05,0.00023591058561578393,0.0014925954164937139,0.00727836973965168,0.032709307968616486,0.16307100653648376,0.5,1.0,1.0,1.0
6,520,25000,0.30459436774253845,0.3966602385044098,9.99999905104687e-09,1.0,9.99999905104687e-09,2.1233408915577456e-05,0.0002337705227546394,0.0014867708086967468,0.00734336581081152,0.03300784155726433,0.16369962692260742,0.5,1.0,1.0,1.0
6,530,25000,0.30459845066070557,0.3966338634490967,9.99999905104687e-09,1.0,9.99999905104687e-09,2.1156552975298837e-05,0.00023671721282880753,0.0014774909941479564,0.007327258121222258,0.03303978964686394,0.1639000028371811,0.5,1.0,1.0,1.0
6,540,25000,0.3045979142189026,0.39670565724372864,9.99999905104687e-09,1.0,9.99999905104687e-09,2.144381323887501e-05,0.00023431646695826203,0.0015144634526222944,0.007302708923816681,0.03288106620311737,0.16305799782276154,0.5,1.0,1.0,1.0
6,550,25000,0.30447572469711304,0.3966468274593353,9.99999905104687e-09,1.0,9.99999905104687e-09,2.1372594346757978e-05,0.00023933094053063542,0.0014800589997321367,0.007329118438065052,0.03297741338610649,0.16126981377601624,0.5,1.0,1.0,1.0
6,560,25000,0.30454206466674805,0.39663803577423096,9.99999905104687e-09,1.0,9.99999905104687e-09,2.1182657292229123e-05,0.0002347001718590036,0.0015065185725688934,0.007381877396255732,0.03296149894595146,0.16276490688323975,0.5,1.0,1.0,1.0
6,570,25000,0.30457645654678345,0.39663630723953247,9.99999905104687e-09,1.0,9.99999905104687e-09,2.1690842913812958e-05,0.00023479595256503671,0.0014956346713006496,0.007395746652036905,0.03303585574030876,0.16265076398849487,0.5,1.0,1.0,1.0
6,580,25000,0.30458274483680725,0.39665600657463074,9.99999905104687e-09,1.0,9.99999905104687e-09,2.1626559828291647e-05,0.00023638403217773885,0.0015010067727416754,0.007300698664039373,0.032702554017305374,0.163145512342453,0.5,1.0,1.0,1.0
6,590,25000,0.3046606183052063,0.3965930938720703,9.99999905104687e-09,1.0,9.99999905104687e-09,2.145707367162686e-05,0.00023658257850911468,0.001515198964625597,0.007286050356924534,0.03329692780971527,0.16444087028503418,0.5,1.0,1.0,1.0
6,600,25000,0.30465251207351685,0.39663517475128174,9.99999905104687e-09,1.0,9.99999905104687e-09,2.1142661353223957e-05,0.00023725310165900737,0.0014884421834722161,0.007333569228649139,0.03331824392080307,0.16348709166049957,0.5,1.0,1.0,1.0
6,610,25000,0.3045603930950165,0.3966127634048462,9.99999905104687e-09,1.0,9.99999905104687e-09,2.189952829212416e-05,0.00023929562303237617,0.00149709009565413,0.007368691265583038,0.03293819725513458,0.16358302533626556,0.5,1.0,1.0,1.0
6,620,25000,0.3047081530094147,0.3966046869754791,9.99999905104687e-09,1.0,9.99999905104687e-09,2.12610302696703e-05,0.00023651290393900126,0.0015090275555849075,0.007380025926977396,0.033205367624759674,0.1633865088224411,0.5,1.0,1.0,1.0
6,630,25000,0.30458712577819824,0.39659085869789124,9.99999905104687e-09,1.0,9.99999905104687e-09,2.1223655494395643e-05,0.00023376349417958409,0.0014890395104885101,0.007347577251493931,0.03296778351068497,0.16445016860961914,0.5,1.0,1.0,1.0
6,640,25000,0.304610937833786,0.3966203033924103,9.99999905104687e-09,1.0,9.99999905104687e-09,2.133620364475064e-05,0.0002387048734817654,0.0015029673231765628,0.007366807200014591,0.032915737479925156,0.16393303871154785,0.5,1.0,1.0,1.0
6,650,25000,0.3046516180038452,0.39664241671562195,9.99999905104687e-09,1.0,9.99999905104687e-09,2.1400888726930134e-05,0.00023642148880753666,0.0014822110533714294,0.007320391945540905,0.033015891909599304,0.1635071188211441,0.5,1.0,1.0,1.0
6,660,25000,0.304505318403244,0.3965815603733063,9.99999905104687e-09,1.0,9.99999905104687e-09,2.160626172553748e-05,0.00023604559828527272,0.0014898459194228053,0.007410973776131868,0.03291192650794983,0.16336172819137573,0.5,1.0,1.0,1.0
6,670,25000,0.30449339747428894,0.3965999186038971,9.99999905104687e-09,1.0,9.99999905104687e-09,2.1245110474410467e-05,0.00023713120026513934,0.0014972144272178411,0.007383797317743301,0.03279619663953781,0.16318365931510925,0.5,1.0,1.0,1.0
6,680,25000,0.3046000897884369,0.3966454267501831,9.99999905104687e-09,1.0,9.99999905104687e-09,2.1535675841732882e-05,0.0002354648895561695,0.0015027051558718085,0.007330600172281265,0.03288056701421738,0.16318196058273315,0.5,1.0,1.0,1.0
6,690,25000,0.3045536279678345,0.3966640532016754,9.99999905104687e-09,1.0,9.99999905104687e-09,2.1425148588605225e-05,0.00023812183644622564,0.0015041886363178492,0.007279100827872753,0.03277523070573807,0.16271577775478363,0.5,1.0,1.0,1.0
6,700,25000,0.30459287762641907,0.3966696858406067,9.99999905104687e-09,1.0,9.99999905104687e-09,2.137387309630867e-05,0.00023456061899196357,0.0015021390281617641,0.007369385566562414,0.03279982507228851,0.16357727348804474,0.5,1.0,1.0,1.0
6,710,25000,0.30464205145835876,0.39669257402420044,9.99999905104687e-09,1.0,9.99999905104687e-09,2.100209349009674e-05,0.0002368124114582315,0.001492569805122912,0.007310038432478905,0.03262855112552643,0.16327165067195892,0.5,1.0,1.0,1.0
6,720,25000,0.3046233654022217,0.39665406942367554,9.99999905104687e-09,1.0,9.99999905104687e-09,2.1593603378278203e-05,0.0002373528404859826,0.0015030500944703817,0.007379911839962006,0.033053163439035416,0.16311036050319672,0.5,1.0,1.0,1.0
6,730,25000,0.3046014904975891,0.39665868878364563,9.99999905104687e-09,1.0,9.99999905104687e-09,2.1346388166421093e-05,0.00023563881404697895,0.0014914186904206872,0.0072908103466033936,0.032726138830184937,0.16299280524253845,0.5,1.0,1.0,1.0
6,740,25000,0.30456963181495667,0.39668649435043335,9.99999905104687e-09,1.0,9.99999905104687e-09,2.1382960767368786e-05,0.00023575240629725158,0.0015071211382746696,0.0072816237807273865,0.03253154084086418,0.16306814551353455,0.5,1.0,1.0,1.0
6,750,25000,0.3044925630092621,0.3966572880744934,9.99999905104687e-09,1.0,9.99999905104687e-09,2.136694274668116e-05,0.0002343626692891121,0.0014717699959874153,0.007374047767370939,0.03270101547241211,0.16293151676654816,0.5,1.0,1.0,1.0
6,760,25000,0.30461370944976807,0.39665496349334717,9.99999905104687e-09,1.0,9.99999905104687e-09,2.1619596736854874e-05,0.0002337246696697548,0.0015057865530252457,0.007417724467813969,0.03290824592113495,0.16211479902267456,0.5,1.0,1.0,1.0
6,770,25000,0.30467623472213745,0.39662739634513855,9.99999905104687e-09,1.0,9.99999905104687e-09,2.133516318281181e-05,0.00023710790264885873,0.001508797169663012,0.007365841418504715,0.03288136422634125,0.16461431980133057,0.5,1.0,1.0,1.0
6,780,25000,0.3045348525047302,0.3966358006000519,9.99999905104687e-09,1.0,9.99999905104687e-09,2.1703726815758273e-05,0.00023480647359974682,0.001507175387814641,0.0072833881713449955,0.032804470509290695,0.16306757926940918,0.5,1.0,1.0,1.0
6,790,25000,0.30457109212875366,0.39666128158569336,9.99999905104687e-09,1.0,9.99999905104687e-09,2.150851287296973e-05,0.00023635932302568108,0.0015063800383359194,0.0073291826993227005,0.032899513840675354,0.16249927878379822,0.5,1.0,1.0,1.0
6,800,25000,0.30448946356773376,0.3966594338417053,9.99999905104687e-09,1.0,9.99999905104687e-09,2.1336243662517518e-05,0.0002346004912396893,0.001492021605372429,0.007372432388365269,0.03289201110601425,0.16183826327323914,0.5,1.0,1.0,1.0
6,810,25000,0.30458515882492065,0.3966313302516937,9.99999905104687e-09,1.0,9.99999905104687e-09,2.146200495189987e-05,0.00023603500449098647,0.0014892935287207365,0.007343541365116835,0.03277833014726639,0.1634444147348404,0.5,1.0,1.0,1.0
6,820,25000,0.30460041761398315,0.3965919315814972,9.99999905104687e-09,1.0,9.99999905104687e-09,2.0947873053955846e-05,0.0002379270299570635,0.001509673660621047,0.007327245082706213,0.033165402710437775,0.16336682438850403,0.5,1.0,1.0,1.0
6,830,25000,0.3045825660228729,0.39658790826797485,9.99999905104687e-09,1.0,9.99999905104687e-09,2.1455794922076166e-05,0.00023622505250386894,0.001499641453847289,0.007277997210621834,0.032791607081890106,0.1643371284008026,0.5,1.0,1.0,1.0
6,840,25000,0.30465278029441833,0.396633118391037,9.99999905104687e-09,1.0,9.99999905104687e-09,2.1378342353273183e-05,0.00023741371114738286,0.001507957000285387,0.007330776192247868,0.03337379917502403,0.1638505458831787,0.5,1.0,1.0,1.0
6,850,25000,0.30465254187583923,0.39662253856658936,9.99999905104687e-09,1.0,9.99999905104687e-09,2.1360676328185946e-05,0.00023364716616924852,0.0014795007882639766,0.007368790917098522,0.03322359547019005,0.1631132811307907,0.5,1.0,1.0,1.0
6,860,25000,0.30470141768455505,0.3965905010700226,9.99999905104687e-09,1.0,9.99999905104687e-09,2.1118888980709016e-05,0.0002371318405494094,0.0015221275389194489,0.0073358407244086266,0.03330877795815468,0.16463911533355713,0.5,1.0,1.0,1.0
6,870,25000,0.3045753240585327,0.396569162607193,9.99999905104687e-09,1.0,9.99999905104687e-09,2.1293326426530257e-05,0.00023546932789031416,0.0014978701947256923,0.007377976551651955,0.03289763629436493,0.1646973192691803,0.5,1.0,1.0,1.0
6,880,25000,0.3045123219490051,0.39663979411125183,9.99999905104687e-09,1.0,9.99999905104687e-09,2.154361573047936e-05,0.00023686158237978816,0.0014873337931931019,0.00730647100135684,0.03283029794692993,0.16296832263469696,0.5,1.0,1.0,1.0
6,890,25000,0.30459654331207275,0.39657890796661377,9.99999905104687e-09,1.0,9.99999905104687e-09,2.1511170416488312e-05,0.00023434979084413499,0.0015029723290354013,0.007349965628236532,0.032852061092853546,0.1645260602235794,0.5,1.0,1.0,1.0
6,900,25000,0.30451253056526184,0.396572083234787,9.99999905104687e-09,1.0,9.99999905104687e-09,2.1132158508407883e-05,0.00023599709675181657,0.001507628709077835,0.007325172424316406,0.033055566251277924,0.1633283495903015,0.5,1.0,1.0,1.0
6,910,25000,0.3046098053455353,0.3966332972049713,9.99999905104687e-09,1.0,9.99999905104687e-09,2.15524087252561e-05,0.00023730401881039143,0.0015199489425867796,0.007317478768527508,0.033168621361255646,0.16357964277267456,0.5,1.0,1.0,1.0
6,920,25000,0.3045022785663605,0.3966482877731323,9.99999905104687e-09,1.0,9.99999905104687e-09,2.153984496544581e-05,0.00023627937480341643,0.0015193542931228876,0.007381842937320471,0.0326182097196579,0.16095317900180817,0.5,1.0,1.0,1.0
6,930,25000,0.3044852614402771,0.39666882157325745,9.99999905104687e-09,1.0,9.99999905104687e-09,2.1467394617502578e-05,0.00023195311950985342,0.001483309781178832,0.007320096250623465,0.03293914347887039,0.16212095320224762,0.5,1.0,1.0,1.0
6,940,25000,0.3045095205307007,0.3966064751148224,9.99999905104687e-09,1.0,9.99999905104687e-09,2.1585410650004633e-05,0.000237958476645872,0.0014969903277233243,0.007335723377764225,0.03309183195233345,0.16282300651073456,0.5,1.0,1.0,1.0
6,950,25000,0.30446234345436096,0.3966258466243744,9.99999905104687e-09,1.0,9.99999905104687e-09,2.1129395463503897e-05,0.00023934569617267698,0.001475834404118359,0.0073725939728319645,0.03292883187532425,0.1624125987291336,0.5,1.0,1.0,1.0
6,960,25000,0.30453526973724365,0.39659273624420166,9.99999905104687e-09,1.0,9.99999905104687e-09,2.1422507415991277e-05,0.00023964053252711892,0.001514346688054502,0.00746240746229887,0.03278046101331711,0.16406194865703583,0.5,1.0,1.0,1.0
6,970,25000,0.3045566976070404,0.39662522077560425,9.99999905104687e-09,1.0,9.99999905104687e-09,2.1391138943727128e-05,0.00023385841632261872,0.0014989529736340046,0.0073814005590975285,0.032981909811496735,0.16332924365997314,0.5,1.0,1.0,1.0
6,980,25000,0.30446213483810425,0.39663583040237427,9.99999905104687e-09,1.0,9.99999905104687e-09,2.1312338503776118e-05,0.00023500907991547137,0.0015068891225382686,0.007335671689361334,0.03279142826795578,0.1620262861251831,0.5,1.0,1.0,1.0
6,990,25000,0.3046084940433502,0.39657390117645264,9.99999905104687e-09,1.0,9.99999905104687e-09,2.145973667211365e-05,0.00023681808670517057,0.0014823287492617965,0.007352250628173351,0.033061861991882324,0.16361254453659058,0.5,1.0,1.0,1.0
6,1000,25000,0.3046346604824066,0.3966253697872162,9.99999905104687e-09,1.0,9.99999905104687e-09,2.159850009775255e-05,0.00023630687792319804,0.0015026062028482556,0.007276030257344246,0.032674141228199005,0.16330549120903015,0.5,1.0,1.0,1.0
6,1010,25000,0.3046066462993622,0.39656010270118713,9.99999905104687e-09,1.0,9.99999905104687e-09,2.1447427570819855e-05,0.00023517070803791285,0.001509449677541852,0.0073510752990841866,0.03289135545492172,0.16440491378307343,0.5,1.0,1.0,1.0
6,1020,25000,0.3046124279499054,0.3966282606124878,9.99999905104687e-09,1.0,9.99999905104687e-09,2.141923141607549e-05,0.0002347438712604344,0.001508302753791213,0.007333900313824415,0.03266787528991699,0.16405965387821198,0.5,1.0,1.0,1.0
6,1030,25000,0.30458754301071167,0.3966410756111145,9.99999905104687e-09,1.0,9.99999905104687e-09,2.1641695639118552e-05,0.00023502885596826673,0.0015007865149527788,0.007302476093173027,0.033109694719314575,0.16340307891368866,0.5,1.0,1.0,1.0
6,1040,25000,0.30462396144866943,0.396573930978775,9.99999905104687e-09,1.0,9.99999905104687e-09,2.135136310243979e-05,0.00023589958436787128,0.0015000064158812165,0.007365726865828037,0.03301698714494705,0.16425706446170807,0.5,1.0,1.0,1.0
6,1050,25000,0.30466341972351074,0.3965921998023987,9.99999905104687e-09,1.0,9.99999905104687e-09,2.154474896087777e-05,0.00023390063142869622,0.0015018853591755033,0.007286214269697666,0.03295629099011421,0.16375373303890228,0.5,1.0,1.0,1.0
6,1060,25000,0.3045230805873871,0.39662787318229675,9.99999905104687e-09,1.0,9.99999905104687e-09,2.0996154489694163e-05,0.0002395815827185288,0.0015034027164801955,0.007280862890183926,0.032653093338012695,0.16280736029148102,0.5,1.0,1.0,1.0
6,1070,25000,0.3045354187488556,0.39658603072166443,9.99999905104687e-09,1.0,9.99999905104687e-09,2.1240390196908265e-05,0.0002339152415515855,0.001508944435045123,0.007375047076493502,0.03299583122134209,0.1630748212337494,0.5,1.0,1.0,1.0
6,1080,25000,0.3045649528503418,0.3966084420681,9.99999905104687e-09,1.0,9.99999905104687e-09,2.112640686391387e-05,0.0002335571771254763,0.001509948750026524,0.007276195101439953,0.03263767808675766,0.1632312387228012,0.5,1.0,1.0,1.0
6,1090,25000,0.304563969373703,0.39664095640182495,9.99999905104687e-09,1.0,9.99999905104687e-09,2.1565752831520513e-05,0.00023768444953020662,0.001501789316534996,0.007320529315620661,0.03302204608917236,0.16237342357635498,0.5,1.0,1.0,1.0
6,1100,25000,0.30475619435310364,0.3966817557811737,9.99999905104687e-09,1.0,9.99999905104687e-09,2.128312917193398e-05,0.00023741653421893716,0.0015072558308020234,0.007418117485940456,0.03279126062989235,0.16348284482955933,0.5,1.0,1.0,1.0
6,1110,25000,0.3045516610145569,0.39665457606315613,9.99999905104687e-09,1.0,9.99999905104687e-09,2.1546213247347623e-05,0.00023623055312782526,0.0014665777562186122,0.007280141115188599,0.03293360024690628,0.16263367235660553,0.5,1.0,1.0,1.0
6,1120,25000,0.3044692575931549,0.3966143727302551,9.99999905104687e-09,1.0,9.99999905104687e-09,2.1314397599780932e-05,0.00023445991973858327,0.0014890520833432674,0.007263320963829756,0.032987456768751144,0.163099005818367,0.5,1.0,1.0,1.0
6,1130,25000,0.30463913083076477,0.396630197763443,9.99999905104687e-09,1.0,9.99999905104687e-09,2.1556408682954498e-05,0.00023745340877212584,0.0015115368878468871,0.007294498849660158,0.03298383206129074,0.16483616828918457,0.5,1.0,1.0,1.0
6,1140,25000,0.30462729930877686,0.39661484956741333,9.99999905104687e-09,1.0,9.99999905104687e-09,2.1460113202920184e-05,0.0002339950588066131,0.0015118357259780169,0.007344467099756002,0.03321181237697601,0.1629335880279541,0.5,1.0,1.0,1.0
6,1150,25000,0.30447307229042053,0.3966123163700104,9.99999905104687e-09,1.0,9.99999905104687e-09,2.1357402147259563e-05,0.00023822055663913488,0.0014937430387362838,0.007362066768109798,0.03282168507575989,0.16278740763664246,0.5,1.0,1.0,1.0
6,1160,25000,0.30456775426864624,0.39658910036087036,9.99999905104687e-09,1.0,9.99999905104687e-09,2.1724596081185155e-05,0.00023648052592761815,0.0015130572719499469,0.0073677594773471355,0.03259536251425743,0.16496874392032623,0.5,1.0,1.0,1.0
6,1170,25000,0.3045943081378937,0.3966407775878906,9.99999905104687e-09,1.0,9.99999905104687e-09,2.1596686565317214e-05,0.00023588872863911092,0.0014923266135156155,0.007326686289161444,0.032804347574710846,0.1638665795326233,0.5,1.0,1.0,1.0
6,1180,25000,0.30461040139198303,0.3966583013534546,9.99999905104687e-09,1.0,9.99999905104687e-09,2.120496537827421e-05,0.00023039094230625778,0.001494552125222981,0.007329881191253662,0.03276897966861725,0.16248592734336853,0.5,1.0,1.0,1.0
6,1190,25000,0.3045978248119354,0.39665356278419495,9.99999905104687e-09,1.0,9.99999905104687e-09,2.152818524336908e-05,0.0002334207674721256,0.0015030594076961279,0.007296519819647074,0.03274862468242645,0.16396118700504303,0.5,1.0,1.0,1.0
6,1200,25000,0.30470699071884155,0.39662715792655945,9.99999905104687e-09,1.0,9.99999905104687e-09,2.1235568055999465e-05,0.0002319979394087568,0.0014893849147483706,0.007387781050056219,0.032944198697805405,0.1644033044576645,0.5,1.0,1.0,1.0
6,1210,25000,0.30463045835494995,0.3966464400291443,9.99999905104687e-09,1.0,9.99999905104687e-09,2.1530546291614883e-05,0.00023256173881236464,0.0014966604067012668,0.007323440629988909,0.03284634277224541,0.1630188375711441,0.5,1.0,1.0,1.0
6,1220,25000,0.3046008348464966,0.3966352939605713,9.99999905104687e-09,1.0,9.99999905104687e-09,2.167549610021524e-05,0.00023809485719539225,0.001491797505877912,0.00728741567581892,0.03262539207935333,0.16330678761005402,0.5,1.0,1.0,1.0
6,1230,25000,0.3046421408653259,0.3966413140296936,9.99999905104687e-09,1.0,9.99999905104687e-09,2.1501538867596537e-05,0.00023646447516512126,0.00150846759788692,0.007331960368901491,0.033149927854537964,0.16320404410362244,0.5,1.0,1.0,1.0
6,1240,25000,0.3045581877231598,0.39666256308555603,9.99999905104687e-09,1.0,9.99999905104687e-09,2.1258299966575578e-05,0.00023263592447619885,0.0014979741536080837,0.007272953633219004,0.03280409425497055,0.16263286769390106,0.5,1.0,1.0,1.0
6,1250,25000,0.3046249747276306,0.3965907692909241,9.99999905104687e-09,1.0,9.99999905104687e-09,2.1427696992759593e-05,0.000237524276599288,0.0015026903711259365,0.007313424255698919,0.03279613330960274,0.16396403312683105,0.5,1.0,1.0,1.0
6,1260,25000,0.30447086691856384,0.39659979939460754,9.99999905104687e-09,1.0,9.99999905104687e-09,2.143758138117846e-05,0.00023447810963261873,0.00150978600140661,0.007377739064395428,0.03297174349427223,0.16281116008758545,0.5,1.0,1.0,1.0
6,1270,25000,0.30440714955329895,0.3966319262981415,9.99999905104687e-09,1.0,9.99999905104687e-09,2.1327212380128913e-05,0.0002373509923927486,0.0015177775640040636,0.007358662784099579,0.03263039141893387,0.16284972429275513,0.5,1.0,1.0,1.0
6,1280,25000,0.3045875132083893,0.3965897560119629,9.99999905104687e-09,1.0,9.99999905104687e-09,2.1420419216156006e-05,0.0002363674429943785,0.0015031094662845135,0.00730434525758028,0.03276094049215317,0.16371382772922516,0.5,1.0,1.0,1.0
6,1290,25000,0.30455633997917175,0.3966470956802368,9.99999905104687e-09,1.0,9.99999905104687e-09,2.1674399249604903e-05,0.00023521602270193398,0.0015025190077722073,0.007327640429139137,0.03253841772675514,0.16419005393981934,0.5,1.0,1.0,1.0
6,1300,25000,0.3046363890171051,0.3966020941734314,9.99999905104687e-09,1.0,9.99999905104687e-09,2.1716870833188295e-05,0.00023827384575270116,0.001491161878220737,0.007361667696386576,0.0329623818397522,0.1640394926071167,0.5,1.0,1.0,1.0
6,1310,25000,0.30460184812545776,0.3966015577316284,9.99999905104687e-09,1.0,9.99999905104687e-09,2.1037447368144058e-05,0.00023779482580721378,0.001499530510045588,0.007348684594035149,0.03306005522608757,0.1630253940820694,0.5,1.0,1.0,1.0
6,1320,25000,0.3045312166213989,0.396625816822052,9.99999905104687e-09,1.0,9.99999905104687e-09,2.1455251044244505e-05,0.00023523751588072628,0.001495572505518794,0.0073260036297142506,0.03273570537567139,0.16219374537467957,0.5,1.0,1.0,1.0
6,1330,25000,0.30462780594825745,0.39662086963653564,9.99999905104687e-09,1.0,9.99999905104687e-09,2.1625421140925027e-05,0.00023685424821451306,0.001508310902863741,0.0073275030590593815,0.03296352177858353,0.16347087919712067,0.5,1.0,1.0,1.0
6,1340,25000,0.3045513927936554,0.3965897560119629,9.99999905104687e-09,1.0,9.99999905104687e-09,2.1532616301556118e-05,0.00024006646708585322,0.0015149997780099511,0.007376475725322962,0.03292364254593849,0.1638168841600418,0.5,1.0,1.0,1.0
6,1350,25000,0.30454811453819275,0.3966504633426666,9.99999905104687e-09,1.0,9.99999905104687e-09,2.1175108486204408e-05,0.00023806706303730607,0.0014868301805108786,0.0073453341610729694,0.032684147357940674,0.16375987231731415,0.5,1.0,1.0,1.0
6,1360,25000,0.30454686284065247,0.39664512872695923,9.99999905104687e-09,1.0,9.99999905104687e-09,2.1712094167014584e-05,0.00023635565594304353,0.0015135767171159387,0.007351755630224943,0.03283459320664406,0.16187883913516998,0.5,1.0,1.0,1.0
6,1370,25000,0.30462443828582764,0.39660465717315674,9.99999905104687e-09,1.0,9.99999905104687e-09,2.165947989851702e-05,0.00023394942400045693,0.0015042475424706936,0.007346173748373985,0.033068593591451645,0.1635618954896927,0.5,1.0,1.0,1.0
6,1380,25000,0.30448782444000244,0.39663684368133545,9.99999905104687e-09,1.0,9.99999905104687e-09,2.1156771254027262e-05,0.00023492510081268847,0.0014853484462946653,0.007304640952497721,0.03300061821937561,0.16123875975608826,0.5,1.0,1.0,1.0
6,1390,25000,0.304673433303833,0.39660629630088806,9.99999905104687e-09,1.0,9.99999905104687e-09,2.1188163373153657e-05,0.00023052164760883898,0.001483276137150824,0.00734173646196723,0.033242009580135345,0.1633104383945465,0.5,1.0,1.0,1.0
6,1400,25000,0.3046554625034332,0.3966205418109894,9.99999905104687e-09,1.0,9.99999905104687e-09,2.122087244060822e-05,0.00023545196745544672,0.001510165398940444,0.007354882080107927,0.03292401134967804,0.16324198246002197,0.5,1.0,1.0,1.0
6,1410,25000,0.3045526146888733,0.3966440260410309,9.99999905104687e-09,1.0,9.99999905104687e-09,2.14591473195469e-05,0.00023283353948500007,0.0015050156507641077,0.007360285148024559,0.03314633667469025,0.162997767329216,0.5,1.0,1.0,1.0
6,1420,25000,0.30449599027633667,0.39662811160087585,9.99999905104687e-09,1.0,9.99999905104687e-09,2.169349136238452e-05,0.00023548102763015777,0.001495440723374486,0.007357352413237095,0.03288273513317108,0.1628957837820053,0.5,1.0,1.0,1.0
6,1430,25000,0.30453208088874817,0.39664921164512634,9.99999905104687e-09,1.0,9.99999905104687e-09,2.1336421923479065e-05,0.00024047965416684747,0.0015092490939423442,0.007263258099555969,0.03259921818971634,0.1621525138616562,0.5,1.0,1.0,1.0
6,1440,25000,0.3045315146446228,0.3966313302516937,9.99999905104687e-09,1.0,9.99999905104687e-09,2.1660267520928755e-05,0.00023592615616507828,0.001499949605204165,0.0072836605831980705,0.03279509395360947,0.16258040070533752,0.5,1.0,1.0,1.0
6,1450,25000,0.3044924736022949,0.39667847752571106,9.99999905104687e-09,1.0,9.99999905104687e-09,2.1118756194482557e-05,0.00023503672855440527,0.001496997894719243,0.007273170165717602,0.032779909670352936,0.1624394655227661,0.5,1.0,1.0,1.0
6,1460,25000,0.30463892221450806,0.3966093063354492,9.99999905104687e-09,1.0,9.99999905104687e-09,2.15206546272384e-05,0.00023711330140940845,0.001489442540332675,0.007296743802726269,0.03273274749517441,0.16420529782772064,0.5,1.0,1.0,1.0
6,1470,25000,0.3045330047607422,0.3966422379016876,9.99999905104687e-09,1.0,9.99999905104687e-09,2.1529152945731767e-05,0.00023752724518999457,0.0015211337013170123,0.0073186662048101425,0.03274451941251755,0.1624041199684143,0.5,1.0,1.0,1.0
6,1480,25000,0.30460137128829956,0.396652489900589,9.99999905104687e-09,1.0,9.99999905104687e-09,2.1500110960914753e-05,0.0002374493924435228,0.0014863248215988278,0.007304189261049032,0.033096492290496826,0.1623617559671402,0.5,1.0,1.0,1.0
6,1490,25000,0.3045583665370941,0.39666181802749634,9.99999905104687e-09,1.0,9.99999905104687e-09,2.1531934180529788e-05,0.00023851223522797227,0.001484207808971405,0.007406609132885933,0.03296712040901184,0.1624336987733841,0.5,1.0,1.0,1.0
6,1500,25000,0.30465248227119446,0.396626740694046,9.99999905104687e-09,1.0,9.99999905104687e-09,2.1417790776467882e-05,0.00023430283181369305,0.001499869511462748,0.007258936762809753,0.03295352682471275,0.16408680379390717,0.5,1.0,1.0,1.0
6,1510,25000,0.30456510186195374,0.39663973450660706,9.99999905104687e-09,1.0,9.99999905104687e-09,2.18109562410973e-05,0.0002364566462347284,0.0014985279412940145,0.007352212909609079,0.03303760290145874,0.16291096806526184,0.5,1.0,1.0,1.0
6,1520,25000,0.30456751585006714,0.39661073684692383,9.99999905104687e-09,1.0,9.99999905104687e-09,2.116543873853516e-05,0.00023831214639358222,0.00153140421025455,0.007320203352719545,0.032960981130599976,0.1640462577342987,0.5,1.0,1.0,1.0
6,1530,25000,0.30450722575187683,0.3966057598590851,9.99999905104687e-09,1.0,9.99999905104687e-09,2.1520652808248997e-05,0.00023414150928147137,0.0015062347520142794,0.007322407327592373,0.0328998789191246,0.16281303763389587,0.5,1.0,1.0,1.0
6,1540,25000,0.3046559691429138,0.3966032862663269,9.99999905104687e-09,1.0,9.99999905104687e-09,2.159897849196568e-05,0.0002353892632527277,0.0015057064592838287,0.007322350982576609,0.03279814124107361,0.16401520371437073,0.5,1.0,1.0,1.0
6,1550,25000,0.30454349517822266,0.3966606855392456,9.99999905104687e-09,1.0,9.99999905104687e-09,2.163357930839993e-05,0.0002377859054831788,0.0014952747151255608,0.007351661566644907,0.03281614929437637,0.16274414956569672,0.5,1.0,1.0,1.0
6,1560,25000,0.3046230673789978,0.39659684896469116,9.99999905104687e-09,1.0,9.99999905104687e-09,2.1400324840215035e-05,0.0002347656263737008,0.001488226349465549,0.007414999417960644,0.0329720713198185,0.1631159633398056,0.5,1.0,1.0,1.0
6,1570,25000,0.30457162857055664,0.39662763476371765,9.99999905104687e-09,1.0,9.99999905104687e-09,2.1798932721139863e-05,0.0002370794245507568,0.0014978665858507156,0.007284499239176512,0.032931193709373474,0.16430076956748962,0.5,1.0,1.0,1.0
6,1580,25000,0.30461907386779785,0.39662811160087585,9.99999905104687e-09,1.0,9.99999905104687e-09,2.1352048861444928e-05,0.00023611396318301558,0.0014968240866437554,0.0072961547411978245,0.03272427245974541,0.16373567283153534,0.5,1.0,1.0,1.0
6,1590,25000,0.30452463030815125,0.39656105637550354,9.99999905104687e-09,1.0,9.99999905104687e-09,2.1567610019701533e-05,0.00023773941211402416,0.0015057862037792802,0.007271066308021545,0.03290991485118866,0.16382786631584167,0.5,1.0,1.0,1.0
6,1600,25000,0.30449897050857544,0.3966079354286194,9.99999905104687e-09,1.0,9.99999905104687e-09,2.1602607375825755e-05,0.0002380424994044006,0.0014887333381921053,0.007302488666027784,0.03278380632400513,0.16225741803646088,0.5,1.0,1.0,1.0
6,1610,25000,0.30466601252555847,0.39663946628570557,9.99999905104687e-09,1.0,9.99999905104687e-09,2.11332953767851e-05,0.00023575135855935514,0.0014943956630304456,0.0072769420221447945,0.033144302666187286,0.16433396935462952,0.5,1.0,1.0,1.0
6,1620,25000,0.3045434355735779,0.39666372537612915,9.99999905104687e-09,1.0,9.99999905104687e-09,2.1257030311971903e-05,0.00023348102695308626,0.0015044313622638583,0.007333549205213785,0.032768212258815765,0.16287928819656372,0.5,1.0,1.0,1.0
6,1630,25000,0.3046359419822693,0.396605521440506,9.99999905104687e-09,1.0,9.99999905104687e-09,2.098759614455048e-05,0.00023703223268967122,0.0015115293208509684,0.007322357967495918,0.0332181453704834,0.16352690756320953,0.5,1.0,1.0,1.0
6,1640,25000,0.3045620918273926,0.39667809009552,9.99999905104687e-09,1.0,9.99999905104687e-09,2.0995908926124685e-05,0.0002382512466283515,0.0015180261107161641,0.0074186245910823345,0.03306187316775322,0.1624833345413208,0.5,1.0,1.0,1.0
6,1650,25000,0.3046391010284424,0.39661315083503723,9.99999905104687e-09,1.0,9.99999905104687e-09,2.1356023353291675e-05,0.00023649126524105668,0.0014914899365976453,0.007380098570138216,0.03298436850309372,0.16394579410552979,0.5,1.0,1.0,1.0
6,1660,25000,0.30464595556259155,0.3966445326805115,9.99999905104687e-09,1.0,9.99999905104687e-09,2.145053440472111e-05,0.0002343839150853455,0.0015089884400367737,0.007307528518140316,0.032681263983249664,0.16426265239715576,0.5,1.0,1.0,1.0
6,1670,25000,0.30464401841163635,0.3966823220252991,9.99999905104687e-09,1.0,9.99999905104687e-09,2.186188066843897e-05,0.00023546014563180506,0.001503923092968762,0.0073778643272817135,0.03289517015218735,0.16320163011550903,0.5,1.0,1.0,1.0
6,1680,25000,0.3044532537460327,0.39662978053092957,9.99999905104687e-09,1.0,9.99999905104687e-09,2.1604137145914137e-05,0.00023373197473119944,0.0014837589114904404,0.007280462887138128,0.032786354422569275,0.16201569139957428,0.5,1.0,1.0,1.0
6,1690,25000,0.3046629726886749,0.39660727977752686,9.99999905104687e-09,1.0,9.99999905104687e-09,2.1574522179435007e-05,0.00023854168830439448,0.00151264073792845,0.00731167895719409,0.03257045894861221,0.16417819261550903,0.5,1.0,1.0,1.0
6,1700,25000,0.30457058548927307,0.3967166543006897,9.99999905104687e-09,1.0,9.99999905104687e-09,2.152211163775064e-05,0.0002382901293458417,0.001518875127658248,0.007345038931816816,0.03291594237089157,0.16173110902309418,0.5,1.0,1.0,1.0
6,1710,25000,0.304612398147583,0.3966118395328522,9.99999905104687e-09,1.0,9.99999905104687e-09,2.147938903362956e-05,0.00023762526689097285,0.0014853227185085416,0.007397631648927927,0.03277450054883957,0.1634853482246399,0.5,1.0,1.0,1.0
6,1720,25000,0.3044756352901459,0.39664357900619507,9.99999905104687e-09,1.0,9.99999905104687e-09,2.1461808501044288e-05,0.0002356450422666967,0.0014881149400025606,0.0073173874989151955,0.0328294113278389,0.1624336689710617,0.5,1.0,1.0,1.0
6,1730,25000,0.30444929003715515,0.39659327268600464,9.99999905104687e-09,1.0,9.99999905104687e-09,2.129334279743489e-05,0.00023617282568011433,0.0014964161673560739,0.007323554717004299,0.0330875962972641,0.1616952270269394,0.5,1.0,1.0,1.0
6,1740,25000,0.30453094840049744,0.3965945243835449,9.99999905104687e-09,1.0,9.99999905104687e-09,2.139777825505007e-05,0.00023758699535392225,0.0015064977342262864,0.007418194320052862,0.03294563293457031,0.16298314929008484,0.5,1.0,1.0,1.0
6,1750,25000,0.30457988381385803,0.39652547240257263,9.99999905104687e-09,1.0,9.99999905104687e-09,2.1471267245942727e-05,0.00023393952869810164,0.0014959214022383094,0.0073151970282197,0.033038072288036346,0.1632315069437027,0.5,1.0,1.0,1.0
6,1760,25000,0.30461516976356506,0.3966032564640045,9.99999905104687e-09,1.0,9.99999905104687e-09,2.1225323507678695e-05,0.00023669902293477207,0.0014896761858835816,0.00731339817866683,0.03285413980484009,0.163743793964386,0.5,1.0,1.0,1.0
6,1770,25000,0.30471640825271606,0.39657846093177795,9.99999905104687e-09,1.0,9.99999905104687e-09,2.1127405489096418e-05,0.00023242652241606265,0.0015064424369484186,0.0073816110379993916,0.03300648182630539,0.16496284306049347,0.5,1.0,1.0,1.0
6,1780,25000,0.30470576882362366,0.3966469168663025,9.99999905104687e-09,1.0,9.99999905104687e-09,2.135775503120385e-05,0.00023479582159779966,0.001513795810751617,0.007336381822824478,0.032979272305965424,0.16390269994735718,0.5,1.0,1.0,1.0
6,1790,25000,0.30451953411102295,0.3966306447982788,9.99999905104687e-09,1.0,9.99999905104687e-09,2.1221198039711453e-05,0.0002347351110074669,0.0015086657367646694,0.007314405869692564,0.032961156219244,0.16357803344726562,0.5,1.0,1.0,1.0
6,1800,25000,0.30455517768859863,0.3966250419616699,9.99999905104687e-09,1.0,9.99999905104687e-09,2.141211007256061e-05,0.00023317478189710528,0.0014924207935109735,0.0072575961239635944,0.032762955874204636,0.16343416273593903,0.5,1.0,1.0,1.0
6,1810,25000,0.30453363060951233,0.39662566781044006,9.99999905104687e-09,1.0,9.99999905104687e-09,2.1176660084165633e-05,0.00023400965437758714,0.0014814382884651423,0.007319490425288677,0.032672006636857986,0.16242000460624695,0.5,1.0,1.0,1.0
6,1820,25000,0.30465254187583923,0.3966306447982788,9.99999905104687e-09,1.0,9.99999905104687e-09,2.1155201466172002e-05,0.00023597863037139177,0.0015001444844529033,0.007322925608605146,0.03297007828950882,0.1633271425962448,0.5,1.0,1.0,1.0
6,1830,25000,0.3046018183231354,0.39663267135620117,9.99999905104687e-09,1.0,9.99999905104687e-09,2.1323659893823788e-05,0.00024014913651626557,0.001490631839260459,0.007361004129052162,0.03307008370757103,0.16366557776927948,0.5,1.0,1.0,1.0
6,1840,25000,0.3046598434448242,0.39660584926605225,9.99999905104687e-09,1.0,9.99999905104687e-09,2.1461226424435154e-05,0.0002397484058747068,0.0015067961066961288,0.007367415353655815,0.033262528479099274,0.16292056441307068,0.5,1.0,1.0,1.0
6,1850,25000,0.3044920861721039,0.3966289758682251,9.99999905104687e-09,1.0,9.99999905104687e-09,2.12525665119756e-05,0.00023366592358797789,0.0014889800222590566,0.007370460778474808,0.03272034227848053,0.1625402420759201,0.5,1.0,1.0,1.0
6,1860,25000,0.3045474588871002,0.39663243293762207,9.99999905104687e-09,1.0,9.99999905104687e-09,2.1207662939559668e-05,0.00023700330348219723,0.0014931869227439165,0.007335292175412178,0.03295481577515602,0.1615406721830368,0.5,1.0,1.0,1.0
6,1870,25000,0.30450302362442017,0.39661815762519836,9.99999905104687e-09,1.0,9.99999905104687e-09,2.104599479935132e-05,0.00023272134421858937,0.0014973414363339543,0.007346319500356913,0.03287482634186745,0.1626136153936386,0.5,1.0,1.0,1.0
6,1880,25000,0.30466368794441223,0.3966340124607086,9.99999905104687e-09,1.0,9.99999905104687e-09,2.159973155357875e-05,0.00023783011420164257,0.001510903355665505,0.007250399328768253,0.032834865152835846,0.16487206518650055,0.5,1.0,1.0,1.0
6,1890,25000,0.30470597743988037,0.39665475487709045,9.99999905104687e-09,1.0,9.99999905104687e-09,2.1324291083146818e-05,0.00023973488714545965,0.0015101637691259384,0.0073732007294893265,0.033095378428697586,0.16451092064380646,0.5,1.0,1.0,1.0
6,1900,25000,0.30458587408065796,0.39663854241371155,9.99999905104687e-09,1.0,9.99999905104687e-09,2.1304169422364794e-05,0.0002340157370781526,0.0015063666505739093,0.0073336949571967125,0.03244681656360626,0.16319870948791504,0.5,1.0,1.0,1.0
6,1910,25000,0.30461281538009644,0.3966204524040222,9.99999905104687e-09,1.0,9.99999905104687e-09,2.1528361685341224e-05,0.0002369576832279563,0.001508642453700304,0.0073458547703921795,0.033225253224372864,0.16349725425243378,0.5,1.0,1.0,1.0
6,1920,25000,0.3046896755695343,0.396625280380249,9.99999905104687e-09,1.0,9.99999905104687e-09,2.157637027266901e-05,0.00023396477627102286,0.0015022092266008258,0.007314940448850393,0.033146582543849945,0.16443337500095367,0.5,1.0,1.0,1.0
6,1930,25000,0.30460187792778015,0.3966856002807617,9.99999905104687e-09,1.0,9.99999905104687e-09,2.1394560462795198e-05,0.0002359224163228646,0.001499807694926858,0.007357187103480101,0.0329977422952652,0.16265390813350677,0.5,1.0,1.0,1.0
6,1940,25000,0.30457162857055664,0.39662355184555054,9.99999905104687e-09,1.0,9.99999905104687e-09,2.1378724341047928e-05,0.0002362031809752807,0.0014904903946444392,0.007305489853024483,0.032893769443035126,0.16281405091285706,0.5,1.0,1.0,1.0
6,1950,25000,0.3046431839466095,0.39660561084747314,9.99999905104687e-09,1.0,9.99999905104687e-09,2.1943376850686036e-05,0.0002359330974286422,0.0014930778415873647,0.007432728074491024,0.033062949776649475,0.1634865403175354,0.5,1.0,1.0,1.0
6,1960,25000,0.30469998717308044,0.3966638445854187,9.99999905104687e-09,1.0,9.99999905104687e-09,2.1448962797876447e-05,0.00023533243802376091,0.001501214923337102,0.0073180911131203175,0.032913245260715485,0.16347144544124603,0.5,1.0,1.0,1.0
6,1970,25000,0.3046932518482208,0.39667052030563354,9.99999905104687e-09,1.0,9.99999905104687e-09,2.1677094991900958e-05,0.00023342191707342863,0.0015015412354841828,0.007343084551393986,0.03314409404993057,0.16374488174915314,0.5,1.0,1.0,1.0
6,1980,25000,0.3045847415924072,0.39663663506507874,9.99999905104687e-09,1.0,9.99999905104687e-09,2.124485035892576e-05,0.00023388434783555567,0.001489752670750022,0.007342098280787468,0.03280480206012726,0.1634112447500229,0.5,1.0,1.0,1.0
6,1990,25000,0.3045160174369812,0.396668404340744,9.99999905104687e-09,1.0,9.99999905104687e-09,2.1601741536869667e-05,0.00023786853125784546,0.0014964076690375805,0.007309849839657545,0.03266371786594391,0.1624700278043747,0.5,1.0,1.0,1.0
6,2000,25000,0.30456778407096863,0.3966318666934967,9.99999905104687e-09,1.0,9.99999905104687e-09,2.1514802938327193e-05,0.00023481243988499045,0.0015167496167123318,0.007362112402915955,0.032851189374923706,0.16342438757419586,0.5,1.0,1.0,1.0
6,2010,25000,0.30452775955200195,0.3966464698314667,9.99999905104687e-09,1.0,9.99999905104687e-09,2.1404659491963685e-05,0.0002317509934073314,0.0014977153623476624,0.007329929620027542,0.032577335834503174,0.16183462738990784,0.5,1.0,1.0,1.0
6,2020,25000,0.30452853441238403,0.3966403603553772,9.99999905104687e-09,1.0,9.99999905104687e-09,2.151215994672384e-05,0.00023580426932312548,0.0015009447233751416,0.007386410143226385,0.03278188407421112,0.16282667219638824,0.5,1.0,1.0,1.0
6,2030,25000,0.304605096578598,0.39660078287124634,9.99999905104687e-09,1.0,9.99999905104687e-09,2.1569867385551333e-05,0.0002365269756410271,0.0015035468386486173,0.007338543422520161,0.033108629286289215,0.16399811208248138,0.5,1.0,1.0,1.0
6,2040,25000,0.3045669198036194,0.3966391682624817,9.99999905104687e-09,1.0,9.99999905104687e-09,2.1396503143478185e-05,0.0002365656546317041,0.0015174699947237968,0.007361517287790775,0.03295563906431198,0.16260148584842682,0.5,1.0,1.0,1.0
6,2050,25000,0.30463939905166626,0.3966110050678253,9.99999905104687e-09,1.0,9.99999905104687e-09,2.1444708181661554e-05,0.00023807643447071314,0.0014931000769138336,0.007306372281163931,0.032932206988334656,0.16374236345291138,0.5,1.0,1.0,1.0
6,2060,25000,0.304529070854187,0.39655566215515137,9.99999905104687e-09,1.0,9.99999905104687e-09,2.1673935407307e-05,0.00023520358081441373,0.0015093511901795864,0.007375696208328009,0.03292913734912872,0.16375654935836792,0.5,1.0,1.0,1.0
6,2070,25000,0.30457594990730286,0.3966102600097656,9.99999905104687e-09,1.0,9.99999905104687e-09,2.1307652787072584e-05,0.00023726862855255604,0.0015201241476461291,0.007348422892391682,0.032854095101356506,0.16388723254203796,0.5,1.0,1.0,1.0
6,2080,25000,0.3046429753303528,0.39672213792800903,9.99999905104687e-09,1.0,9.99999905104687e-09,2.1232806830084883e-05,0.00023697363212704659,0.0014990427298471332,0.007339066825807095,0.03299463540315628,0.1635914444923401,0.5,1.0,1.0,1.0
6,2090,25000,0.3045671284198761,0.3966706693172455,9.99999905104687e-09,1.0,9.99999905104687e-09,2.1404352082754485e-05,0.0002305132948094979,0.0014921687543392181,0.007395556196570396,0.032500848174095154,0.1636350154876709,0.5,1.0,1.0,1.0
6,2100,25000,0.3047340214252472,0.3966004252433777,9.99999905104687e-09,1.0,9.99999905104687e-09,2.0935010979883373e-05,0.00023547798627987504,0.001499605132266879,0.007343677803874016,0.03309362381696701,0.1647622138261795,0.5,1.0,1.0,1.0
6,2110,25000,0.3045806884765625,0.3967209458351135,9.99999905104687e-09,1.0,9.99999905104687e-09,2.1371550246840343e-05,0.00023904780391603708,0.0015035740798339248,0.007359149865806103,0.03267020732164383,0.16312019526958466,0.5,1.0,1.0,1.0
6,2120,25000,0.3046737611293793,0.39661067724227905,9.99999905104687e-09,1.0,9.99999905104687e-09,2.141697405022569e-05,0.00023381339269690216,0.0014931999612599611,0.0073884702287614346,0.033051446080207825,0.16437989473342896,0.5,1.0,1.0,1.0
6,2130,25000,0.3046171963214874,0.39667317271232605,9.99999905104687e-09,1.0,9.99999905104687e-09,2.160753501811996e-05,0.00023771448468323797,0.0014939907705411315,0.007370817009359598,0.0328274741768837,0.16275088489055634,0.5,1.0,1.0,1.0
6,2140,25000,0.3046152889728546,0.3966057598590851,9.99999905104687e-09,1.0,9.99999905104687e-09,2.124902130162809e-05,0.0002329900598851964,0.0014935301151126623,0.007356982212513685,0.03302280232310295,0.16347898542881012,0.5,1.0,1.0,1.0
6,2150,25000,0.3046475648880005,0.39658692479133606,9.99999905104687e-09,1.0,9.99999905104687e-09,2.1165935322642326e-05,0.00023376215540338308,0.001499166595749557,0.007364876102656126,0.03323885053396225,0.1642848402261734,0.5,1.0,1.0,1.0
6,2160,25000,0.3045749068260193,0.3966211676597595,9.99999905104687e-09,1.0,9.99999905104687e-09,2.1131021640030667e-05,0.00023846293333917856,0.0014926812145859003,0.007352207787334919,0.03297627717256546,0.16265343129634857,0.5,1.0,1.0,1.0
6,2170,25000,0.30458176136016846,0.3965856432914734,9.99999905104687e-09,1.0,9.99999905104687e-09,2.1631472918670624e-05,0.00023831527505535632,0.0015115797286853194,0.007364100310951471,0.03302910178899765,0.16364377737045288,0.5,1.0,1.0,1.0
6,2180,25000,0.30463117361068726,0.39662498235702515,9.99999905104687e-09,1.0,9.99999905104687e-09,2.1217660105321556e-05,0.0002341097715543583,0.0014988967450335622,0.007303080055862665,0.032933346927165985,0.16274547576904297,0.5,1.0,1.0,1.0
6,2190,25000,0.30461135506629944,0.3966657817363739,9.99999905104687e-09,1.0,9.99999905104687e-09,2.121590841852594e-05,0.00023694308765698224,0.0014973932411521673,0.007297882344573736,0.03296862915158272,0.16323252022266388,0.5,1.0,1.0,1.0
6,2200,25000,0.30452966690063477,0.39664578437805176,9.99999905104687e-09,1.0,9.99999905104687e-09,2.1097086573718116e-05,0.00023519912792835385,0.001505984109826386,0.007304549682885408,0.03290660306811333,0.16244177520275116,0.5,1.0,1.0,1.0
6,2210,25000,0.30467820167541504,0.3966309726238251,9.99999905104687e-09,1.0,9.99999905104687e-09,2.1606700101983733e-05,0.00023572141071781516,0.0014945361763238907,0.0073703876696527,0.03327140957117081,0.16295145452022552,0.5,1.0,1.0,1.0
6,2220,25000,0.30457523465156555,0.3965650200843811,9.99999905104687e-09,1.0,9.99999905104687e-09,2.14177489397116e-05,0.00023842166410759091,0.001504194806329906,0.007352371700108051,0.03323161602020264,0.1637641191482544,0.5,1.0,1.0,1.0
6,2230,25000,0.3046528398990631,0.39657047390937805,9.99999905104687e-09,1.0,9.99999905104687e-09,2.13614221138414e-05,0.00023729140229988843,0.001500419806689024,0.007363741751760244,0.03300604969263077,0.16323427855968475,0.5,1.0,1.0,1.0
6,2240,25000,0.3047028183937073,0.3966388702392578,9.99999905104687e-09,1.0,9.99999905104687e-09,2.1353966076276265e-05,0.00023596877872478217,0.001504512270912528,0.007363755255937576,0.03267333656549454,0.16452467441558838,0.5,1.0,1.0,1.0
6,2250,25000,0.3045596480369568,0.3966180980205536,9.99999905104687e-09,1.0,9.99999905104687e-09,2.132369627361186e-05,0.0002388429711572826,0.0014982394641265273,0.007308908272534609,0.03272083029150963,0.16366638243198395,0.5,1.0,1.0,1.0
6,2260,25000,0.3046112358570099,0.396625816822052,9.99999905104687e-09,1.0,9.99999905104687e-09,2.1556872525252402e-05,0.00023351292475126684,0.0014986064052209258,0.007360989227890968,0.033102307468652725,0.1633676141500473,0.5,1.0,1.0,1.0
6,2270,25000,0.3044484555721283,0.3965780436992645,9.99999905104687e-09,1.0,9.99999905104687e-09,2.139020580216311e-05,0.00023512632469646633,0.0015023768646642566,0.007334563881158829,0.03319116681814194,0.1620231419801712,0.5,1.0,1.0,1.0
6,2280,25000,0.30465182662010193,0.3966256380081177,9.99999905104687e-09,1.0,9.99999905104687e-09,2.11735659831902e-05,0.0002365274413023144,0.0014984543668106198,0.007399790454655886,0.03296162560582161,0.1628347933292389,0.5,1.0,1.0,1.0
6,2290,25000,0.3046227991580963,0.39667239785194397,9.99999905104687e-09,1.0,9.99999905104687e-09,2.165011756005697e-05,0.00023642246378585696,0.0014992888318374753,0.007331703323870897,0.032622527331113815,0.16412512958049774,0.5,1.0,1.0,1.0
6,2300,25000,0.3046213388442993,0.3966730833053589,9.99999905104687e-09,1.0,9.99999905104687e-09,2.1113593902555294e-05,0.00023267573851626366,0.0015097949653863907,0.007314925082027912,0.03282109275460243,0.16371990740299225,0.5,1.0,1.0,1.0
6,2310,25000,0.3046448826789856,0.3965958058834076,9.99999905104687e-09,1.0,9.99999905104687e-09,2.184052391385194e-05,0.00023628184862900525,0.0014960415428504348,0.007383449003100395,0.032803092151880264,0.16424618661403656,0.5,1.0,1.0,1.0
6,2320,25000,0.3045993745326996,0.39662832021713257,9.99999905104687e-09,1.0,9.99999905104687e-09,2.1393276256276295e-05,0.00023717082513030618,0.0015140763716772199,0.007366932462900877,0.032926999032497406,0.16448162496089935,0.5,1.0,1.0,1.0
6,2330,25000,0.30450135469436646,0.3966153562068939,9.99999905104687e-09,1.0,9.99999905104687e-09,2.1312342141754925e-05,0.00023639039136469364,0.0014979878906160593,0.007302550598978996,0.033000558614730835,0.1623188853263855,0.5,1.0,1.0,1.0
6,2340,25000,0.304523766040802,0.39661309123039246,9.99999905104687e-09,1.0,9.99999905104687e-09,2.1154401110834442e-05,0.00023483032418880612,0.001496950164437294,0.00736507261171937,0.03293329477310181,0.16213276982307434,0.5,1.0,1.0,1.0
6,2350,25000,0.3046289086341858,0.3966360092163086,9.99999905104687e-09,1.0,9.99999905104687e-09,2.1369776732171886e-05,0.00023643887834623456,0.0015021598665043712,0.007368144113570452,0.033083029091358185,0.1635119765996933,0.5,1.0,1.0,1.0
6,2360,25000,0.30470094084739685,0.3966147303581238,9.99999905104687e-09,1.0,9.99999905104687e-09,2.1733074390795082e-05,0.00023880669323261827,0.0015158567111939192,0.007328989915549755,0.032891035079956055,0.16502675414085388,0.5,1.0,1.0,1.0
6,2370,25000,0.30465710163116455,0.3966214656829834,9.99999905104687e-09,1.0,9.99999905104687e-09,2.1400772311608307e-05,0.00023535659420304,0.0015082771424204111,0.007330365478992462,0.033094748854637146,0.16368497908115387,0.5,1.0,1.0,1.0
6,2380,25000,0.30458495020866394,0.3966670036315918,9.99999905104687e-09,1.0,9.99999905104687e-09,2.1514897525776178e-05,0.00023551142658106983,0.0015166884986683726,0.007369574159383774,0.032915569841861725,0.16295498609542847,0.5,1.0,1.0,1.0
6,2390,25000,0.3045036494731903,0.39660778641700745,9.99999905104687e-09,1.0,9.99999905104687e-09,2.146692895621527e-05,0.00023694473202340305,0.001498440164141357,0.007239181082695723,0.032845351845026016,0.16294875741004944,0.5,1.0,1.0,1.0
6,2400,25000,0.30470848083496094,0.3966302275657654,9.99999905104687e-09,1.0,9.99999905104687e-09,2.128238156728912e-05,0.00023427950509358197,0.0014986632158979774,0.007351448759436607,0.03302175551652908,0.1639450192451477,0.5,1.0,1.0,1.0
6,2410,25000,0.3046598434448242,0.3967401087284088,9.99999905104687e-09,1.0,9.99999905104687e-09,2.1352743715397082e-05,0.000236354157095775,0.0015061961021274328,0.007298315409570932,0.03266759216785431,0.16289637982845306,0.5,1.0,1.0,1.0
6,2420,25000,0.3046461045742035,0.39667487144470215,9.99999905104687e-09,1.0,9.99999905104687e-09,2.1386462321970612e-05,0.00023836499894969165,0.0015054951654747128,0.007395588792860508,0.03309379890561104,0.16329248249530792,0.5,1.0,1.0,1.0
6,2430,25000,0.30467480421066284,0.39665037393569946,9.99999905104687e-09,1.0,9.99999905104687e-09,2.1698386262869462e-05,0.00023520801914855838,0.0014945841394364834,0.007369635161012411,0.03282511979341507,0.16395187377929688,0.5,1.0,1.0,1.0
6,2440,25000,0.3046681880950928,0.3966624140739441,9.99999905104687e-09,1.0,9.99999905104687e-09,2.1388199456850998e-05,0.00023578970285598189,0.0015065184561535716,0.007432795595377684,0.033171769231557846,0.16353505849838257,0.5,1.0,1.0,1.0
6,2450,25000,0.3045632243156433,0.39665570855140686,9.99999905104687e-09,1.0,9.99999905104687e-09,2.131341716449242e-05,0.00023184534802567214,0.0014844470424577594,0.0073596639558672905,0.03272392600774765,0.1632569581270218,0.5,1.0,1.0,1.0
6,2460,25000,0.3045935034751892,0.3966163694858551,9.99999905104687e-09,1.0,9.99999905104687e-09,2.159435643989127e-05,0.00023699647863395512,0.0014896242646500468,0.007341388147324324,0.032792650163173676,0.16316428780555725,0.5,1.0,1.0,1.0
6,2470,25000,0.3046034276485443,0.3966101109981537,9.99999905104687e-09,1.0,9.99999905104687e-09,2.167058664781507e-05,0.00023411119764205068,0.0015069496585056186,0.007371583953499794,0.0329279899597168,0.164168119430542,0.5,1.0,1.0,1.0
6,2480,25000,0.3045962452888489,0.3966465890407562,9.99999905104687e-09,1.0,9.99999905104687e-09,2.1123834812897258e-05,0.00023982871789485216,0.001512065064162016,0.007387411314994097,0.03295361250638962,0.1630445271730423,0.5,1.0,1.0,1.0
6,2490,25000,0.3046550452709198,0.3966170847415924,9.99999905104687e-09,1.0,9.99999905104687e-09,2.146652332157828e-05,0.00023760170734021813,0.0014841511147096753,0.007330758962780237,0.032810553908348083,0.16524790227413177,0.5,1.0,1.0,1.0
6,2500,25000,0.3045566976070404,0.39668723940849304,9.99999905104687e-09,1.0,9.99999905104687e-09,2.1096620912430808e-05,0.0002357664197916165,0.0014924693387001753,0.007348369341343641,0.03271210566163063,0.1630876511335373,0.5,1.0,1.0,1.0
6,2510,25000,0.3046382665634155,0.3966595232486725,9.99999905104687e-09,1.0,9.99999905104687e-09,2.176262751163449e-05,0.00023505851277150214,0.001508329063653946,0.007347816601395607,0.03297818452119827,0.1629750281572342,0.5,1.0,1.0,1.0
6,2520,25000,0.30450689792633057,0.39666566252708435,9.99999905104687e-09,1.0,9.99999905104687e-09,2.1371166440076195e-05,0.0002343606756767258,0.0015282195527106524,0.0073895761743187904,0.032948434352874756,0.16219072043895721,0.5,1.0,1.0,1.0
6,2530,25000,0.3046245574951172,0.3965740501880646,9.99999905104687e-09,1.0,9.99999905104687e-09,2.1060037397546694e-05,0.00023504225828219205,0.001511028385721147,0.007357858121395111,0.03300147503614426,0.16366815567016602,0.5,1.0,1.0,1.0
6,2540,25000,0.30463382601737976,0.3966323435306549,9.99999905104687e-09,1.0,9.99999905104687e-09,2.1557982108788565e-05,0.00023279088782146573,0.0015011514769867063,0.007395689841359854,0.0327957384288311,0.16327108442783356,0.5,1.0,1.0,1.0
6,2550,25000,0.30455416440963745,0.39658841490745544,9.99999905104687e-09,1.0,9.99999905104687e-09,2.1510169972316362e-05,0.00023630625219084322,0.001491075730882585,0.007377299014478922,0.03301013261079788,0.16349779069423676,0.5,1.0,1.0,1.0
6,2560,25000,0.30449172854423523,0.3966209590435028,9.99999905104687e-09,1.0,9.99999905104687e-09,2.1449248379212804e-05,0.00023451901506632566,0.0015002856962382793,0.007332792971283197,0.032917290925979614,0.16192759573459625,0.5,1.0,1.0,1.0
6,2570,25000,0.3046213388442993,0.39666247367858887,9.99999905104687e-09,1.0,9.99999905104687e-09,2.1275913240970112e-05,0.00023404022795148194,0.00151267577894032,0.007264555897563696,0.03316459059715271,0.16286727786064148,0.5,1.0,1.0,1.0
6,2580,25000,0.30459120869636536,0.3966521918773651,9.99999905104687e-09,1.0,9.99999905104687e-09,2.1249550627544522e-05,0.00023357955797109753,0.001495115109719336,0.007359502837061882,0.03308003395795822,0.16289547085762024,0.5,1.0,1.0,1.0
6,2590,25000,0.3047196567058563,0.3966277241706848,9.99999905104687e-09,1.0,9.99999905104687e-09,2.1395355361164548e-05,0.0002369159774389118,0.0014865127159282565,0.007305064704269171,0.03340865671634674,0.16343142092227936,0.5,1.0,1.0,1.0
6,2600,25000,0.3047245442867279,0.3966340124607086,9.99999905104687e-09,1.0,9.99999905104687e-09,2.116421819664538e-05,0.0002355828764848411,0.0014824704267084599,0.007353657390922308,0.03342850133776665,0.16333377361297607,0.5,1.0,1.0,1.0
6,2610,25000,0.3045584261417389,0.39663344621658325,9.99999905104687e-09,1.0,9.99999905104687e-09,2.139146272384096e-05,0.0002370230358792469,0.0014947406016290188,0.007281547877937555,0.03287743031978607,0.16274185478687286,0.5,1.0,1.0,1.0
6,2620,25000,0.30454665422439575,0.3966292142868042,9.99999905104687e-09,1.0,9.99999905104687e-09,2.159859286621213e-05,0.00023852993035688996,0.0015043240273371339,0.0073609622195363045,0.032954439520835876,0.16295669972896576,0.5,1.0,1.0,1.0
6,2630,25000,0.30457428097724915,0.39667677879333496,9.99999905104687e-09,1.0,9.99999905104687e-09,2.1499152353499085e-05,0.00023470043379347771,0.0014819045318290591,0.0072756558656692505,0.032904043793678284,0.16292764246463776,0.5,1.0,1.0,1.0
6,2640,25000,0.30461356043815613,0.396634966135025,9.99999905104687e-09,1.0,9.99999905104687e-09,2.113071968778968e-05,0.0002371133305132389,0.0015052016824483871,0.00734924478456378,0.03296710550785065,0.1632135659456253,0.5,1.0,1.0,1.0
6,2650,25000,0.3045099079608917,0.39666834473609924,9.99999905104687e-09,1.0,9.99999905104687e-09,2.152318847947754e-05,0.0002375690673943609,0.0015272489981725812,0.007362461648881435,0.03298196941614151,0.16283836960792542,0.5,1.0,1.0,1.0
6,2660,25000,0.30473002791404724,0.396666556596756,9.99999905104687e-09,1.0,9.99999905104687e-09,2.1581134205916896e-05,0.00023349799448624253,0.001503301435150206,0.007430715952068567,0.032726094126701355,0.16446757316589355,0.5,1.0,1.0,1.0
6,2670,25000,0.3046966791152954,0.39670172333717346,9.99999905104687e-09,1.0,9.99999905104687e-09,2.1249383280519396e-05,0.00023617497936356813,0.0014921653782948852,0.007335771806538105,0.03274985030293465,0.16379006206989288,0.5,1.0,1.0,1.0
6,2680,25000,0.30460125207901,0.3966633379459381,9.99999905104687e-09,1.0,9.99999905104687e-09,2.158180723199621e-05,0.0002360305079491809,0.00150504510384053,0.007308030501008034,0.03290800750255585,0.16197410225868225,0.5,1.0,1.0,1.0
6,2690,25000,0.3046482801437378,0.3966313600540161,9.99999905104687e-09,1.0,9.99999905104687e-09,2.142151970474515e-05,0.00024049868807196617,0.0015091190580278635,0.00745033985003829,0.03308385983109474,0.1633206158876419,0.5,1.0,1.0,1.0
6,2700,25000,0.30469006299972534,0.3967392146587372,9.99999905104687e-09,1.0,9.99999905104687e-09,2.1497840862139128e-05,0.00023783984943293035,0.0015063969185575843,0.00728777889162302,0.03282986208796501,0.16380463540554047,0.5,1.0,1.0,1.0
6,2710,25000,0.30470597743988037,0.39669448137283325,9.99999905104687e-09,1.0,9.99999905104687e-09,2.1415869923657738e-05,0.0002328817790839821,0.0014785571256652474,0.007316767703741789,0.03295914828777313,0.16280709207057953,0.5,1.0,1.0,1.0
6,2720,25000,0.30455759167671204,0.39665284752845764,9.99999905104687e-09,1.0,9.99999905104687e-09,2.1511757950065657e-05,0.00023522169794887304,0.001496512908488512,0.007255989126861095,0.032674744725227356,0.16391292214393616,0.5,1.0,1.0,1.0
6,2730,25000,0.30464422702789307,0.39665544033050537,9.99999905104687e-09,1.0,9.99999905104687e-09,2.1085401385789737e-05,0.00023594209051225334,0.001490799244493246,0.007292468566447496,0.03289920836687088,0.16399826109409332,0.5,1.0,1.0,1.0
6,2740,25000,0.3046538829803467,0.3967074453830719,9.99999905104687e-09,1.0,9.99999905104687e-09,2.1627442038152367e-05,0.00023858984059188515,0.0015072299866005778,0.00736607238650322,0.03292963653802872,0.16395339369773865,0.5,1.0,1.0,1.0
6,2750,25000,0.3045659363269806,0.3966470956802368,9.99999905104687e-09,1.0,9.99999905104687e-09,2.1359895981731825e-05,0.00023776001762598753,0.0014996378449723125,0.0073712058365345,0.0326339453458786,0.1637907177209854,0.5,1.0,1.0,1.0
6,2760,25000,0.3045722544193268,0.3966144621372223,9.99999905104687e-09,1.0,9.99999905104687e-09,2.1209702026681043e-05,0.00023266415519174188,0.0014773766743019223,0.007364816963672638,0.03312362730503082,0.16260142624378204,0.5,1.0,1.0,1.0
6,2770,25000,0.30460917949676514,0.39664003252983093,9.99999905104687e-09,1.0,9.99999905104687e-09,2.1216927052591927e-05,0.00023532840714324266,0.0015059701399877667,0.007348816841840744,0.03270266577601433,0.16416124999523163,0.5,1.0,1.0,1.0
6,2780,25000,0.3047325909137726,0.39667847752571106,9.99999905104687e-09,1.0,9.99999905104687e-09,2.1259776985971257e-05,0.00023374393640551716,0.0014845640398561954,0.007324982434511185,0.033027153462171555,0.16348661482334137,0.5,1.0,1.0,1.0
6,2790,25000,0.304575651884079,0.39667636156082153,9.99999905104687e-09,1.0,9.99999905104687e-09,2.142850644304417e-05,0.00023505883291363716,0.0015057771233841777,0.007396793458610773,0.03285200893878937,0.1626870036125183,0.5,1.0,1.0,1.0
6,2800,25000,0.3045203387737274,0.39667201042175293,9.99999905104687e-09,1.0,9.99999905104687e-09,2.1619678591378033e-05,0.00023814229643903673,0.0015030393842607737,0.007262266706675291,0.03291185200214386,0.16357110440731049,0.5,1.0,1.0,1.0
6,2810,25000,0.30467742681503296,0.3966495990753174,9.99999905104687e-09,1.0,9.99999905104687e-09,2.151676562789362e-05,0.00023775729641783983,0.0014860265655443072,0.007244612090289593,0.03318200260400772,0.16413049399852753,0.5,1.0,1.0,1.0
6,2820,25000,0.30455946922302246,0.39668506383895874,9.99999905104687e-09,1.0,9.99999905104687e-09,2.1852971258340403e-05,0.00023922936816234142,0.001507773413322866,0.007390689104795456,0.033158279955387115,0.16230584681034088,0.5,1.0,1.0,1.0
6,2830,25000,0.3045337200164795,0.3966307044029236,9.99999905104687e-09,1.0,9.99999905104687e-09,2.1449868654599413e-05,0.00023743303609080613,0.0015168077079579234,0.007341575343161821,0.03281453251838684,0.1620958000421524,0.5,1.0,1.0,1.0
6,2840,25000,0.30461958050727844,0.3966495096683502,9.99999905104687e-09,1.0,9.99999905104687e-09,2.1460215066326782e-05,0.00023302501358557492,0.0015042644226923585,0.0073967985808849335,0.032775767147541046,0.16299115121364594,0.5,1.0,1.0,1.0
6,2850,25000,0.30468061566352844,0.3967163562774658,9.99999905104687e-09,1.0,9.99999905104687e-09,2.1402238417067565e-05,0.0002347733679926023,0.0015175241278484464,0.007396656088531017,0.032773517072200775,0.16305287182331085,0.5,1.0,1.0,1.0
6,2860,25000,0.30462008714675903,0.39667659997940063,9.99999905104687e-09,1.0,9.99999905104687e-09,2.128061169059947e-05,0.00023689953377470374,0.0015086786588653922,0.007327698636800051,0.032706961035728455,0.16318455338478088,0.5,1.0,1.0,1.0
6,2870,25000,0.3045414090156555,0.3966293931007385,9.99999905104687e-09,1.0,9.99999905104687e-09,2.150247382814996e-05,0.00023452661116607487,0.0015116212889552116,0.007323533296585083,0.032896414399147034,0.16391132771968842,0.5,1.0,1.0,1.0
6,2880,25000,0.3046271502971649,0.3966653048992157,9.99999905104687e-09,1.0,9.99999905104687e-09,2.122416117344983e-05,0.00023482361575588584,0.0014961230335757136,0.0073776524513959885,0.03283914551138878,0.16299086809158325,0.5,1.0,1.0,1.0
6,2890,25000,0.30467432737350464,0.39662694931030273,9.99999905104687e-09,1.0,9.99999905104687e-09,2.1548574295593426e-05,0.00023686277563683689,0.0015020712744444609,0.007339112926274538,0.03308601677417755,0.16343441605567932,0.5,1.0,1.0,1.0
6,2900,25000,0.3046782910823822,0.39668795466423035,9.99999905104687e-09,1.0,9.99999905104687e-09,2.1466386897373013e-05,0.00023905729176476598,0.0014904687413945794,0.0071703591383993626,0.032965295016765594,0.165230393409729,0.5,1.0,1.0,1.0
6,2910,25000,0.30447572469711304,0.3966705799102783,9.99999905104687e-09,1.0,9.99999905104687e-09,2.142280209227465e-05,0.00023844168754294515,0.001497743185609579,0.007354038301855326,0.03280226141214371,0.16220635175704956,0.5,1.0,1.0,1.0
6,2920,25000,0.30454015731811523,0.3965955972671509,9.99999905104687e-09,1.0,9.99999905104687e-09,2.1160785763640888e-05,0.0002342040097573772,0.0014974690275266767,0.0073129162192344666,0.03289102762937546,0.1633005291223526,0.5,1.0,1.0,1.0
6,2930,25000,0.3047325015068054,0.3966740667819977,9.99999905104687e-09,1.0,9.99999905104687e-09,2.1404130166047253e-05,0.00023245805641636252,0.0014977274695411325,0.007426513358950615,0.03287361562252045,0.16420432925224304,0.5,1.0,1.0,1.0
6,2940,25000,0.30453142523765564,0.39663517475128174,9.99999905104687e-09,1.0,9.99999905104687e-09,2.116273572028149e-05,0.0002373778697801754,0.0015007967595010996,0.0073965466581285,0.03289594501256943,0.16364215314388275,0.5,1.0,1.0,1.0
6,2950,25000,0.3046223223209381,0.3966449499130249,9.99999905104687e-09,1.0,9.99999905104687e-09,2.1216495952103287e-05,0.00023564936418551952,0.001509093213826418,0.007374315056949854,0.032939936965703964,0.16320230066776276,0.5,1.0,1.0,1.0
6,2960,25000,0.3046826124191284,0.3966919481754303,9.99999905104687e-09,1.0,9.99999905104687e-09,2.1919004211667925e-05,0.00023861794034019113,0.001491648843511939,0.007275336887687445,0.03272867575287819,0.1637411117553711,0.5,1.0,1.0,1.0
6,2970,25000,0.3046106696128845,0.39668136835098267,9.99999905104687e-09,1.0,9.99999905104687e-09,2.0899826267850585e-05,0.00023411873553413898,0.0015157926827669144,0.007349698804318905,0.032889045774936676,0.1628095805644989,0.5,1.0,1.0,1.0
6,2980,25000,0.30475977063179016,0.39658382534980774,9.99999905104687e-09,1.0,9.99999905104687e-09,2.0901632524328306e-05,0.00023743532074149698,0.0015139163006097078,0.007364584133028984,0.033354952931404114,0.1636905074119568,0.5,1.0,1.0,1.0
6,2990,25000,0.30459681153297424,0.3967054486274719,9.99999905104687e-09,1.0,9.99999905104687e-09,2.159009818569757e-05,0.000237851680140011,0.001491531147621572,0.007275716867297888,0.032815128564834595,0.16302843391895294,0.5,1.0,1.0,1.0
6,3000,25000,0.30468422174453735,0.3966633081436157,9.99999905104687e-09,1.0,9.99999905104687e-09,2.1211992134340107e-05,0.00023773169959895313,0.00149713852442801,0.00729926023632288,0.033037178218364716,0.1636810600757599,0.5,1.0,1.0,1.0
6,3010,25000,0.30464455485343933,0.3967028856277466,9.99999905104687e-09,1.0,9.99999905104687e-09,2.122843943652697e-05,0.00023687547945883125,0.0015191452112048864,0.007375913206487894,0.03291329741477966,0.16229119896888733,0.5,1.0,1.0,1.0
6,3020,25000,0.30469879508018494,0.3967110216617584,9.99999905104687e-09,1.0,9.99999905104687e-09,2.1462616132339463e-05,0.00023400201462209225,0.001492776209488511,0.00727065559476614,0.03310099244117737,0.16299578547477722,0.5,1.0,1.0,1.0
6,3030,25000,0.30452999472618103,0.39665985107421875,9.99999905104687e-09,1.0,9.99999905104687e-09,2.1168520106584765e-05,0.00023649119248148054,0.00150392297655344,0.007339722942560911,0.03296704962849617,0.16253922879695892,0.5,1.0,1.0,1.0
6,3040,25000,0.3046097457408905,0.39662355184555054,9.99999905104687e-09,1.0,9.99999905104687e-09,2.1271498553687707e-05,0.00023646382032893598,0.0014867925783619285,0.007332948036491871,0.032945048063993454,0.16367420554161072,0.5,1.0,1.0,1.0
6,3050,25000,0.3046479821205139,0.39673176407814026,9.99999905104687e-09,1.0,9.99999905104687e-09,2.1393783754319884e-05,0.000234920036746189,0.0014989315532147884,0.00729939341545105,0.03276457637548447,0.16285276412963867,0.5,1.0,1.0,1.0
6,3060,25000,0.30462417006492615,0.39668118953704834,9.99999905104687e-09,1.0,9.99999905104687e-09,2.1260519133647904e-05,0.00023434642935171723,0.001505252905189991,0.007424343377351761,0.03291938081383705,0.16331666707992554,0.5,1.0,1.0,1.0
6,3070,25000,0.30470040440559387,0.39665716886520386,9.99999905104687e-09,1.0,9.99999905104687e-09,2.155092624889221e-05,0.00023458981013391167,0.0015079256845638156,0.007365440018475056,0.03289469704031944,0.16344887018203735,0.5,1.0,1.0,1.0
6,3080,25000,0.30466270446777344,0.3966430127620697,9.99999905104687e-09,1.0,9.99999905104687e-09,2.107402542605996e-05,0.0002355385513510555,0.0014930082252249122,0.007368091493844986,0.03290804475545883,0.16379332542419434,0.5,1.0,1.0,1.0
6,3090,25000,0.30461782217025757,0.39662879705429077,9.99999905104687e-09,1.0,9.99999905104687e-09,2.177784153900575e-05,0.00023735131253488362,0.0015014419332146645,0.007391653954982758,0.03288578614592552,0.16361162066459656,0.5,1.0,1.0,1.0
6,3100,25000,0.3045218586921692,0.39666250348091125,9.99999905104687e-09,1.0,9.99999905104687e-09,2.0956347725586966e-05,0.00023295862774830312,0.001508955261670053,0.0074035790748894215,0.03285235911607742,0.1635292023420334,0.5,1.0,1.0,1.0
6,3110,25000,0.3045716881752014,0.39667612314224243,9.99999905104687e-09,1.0,9.99999905104687e-09,2.1491805455298163e-05,0.00023919239174574614,0.0014932688791304827,0.007284779567271471,0.032873377203941345,0.16268610954284668,0.5,1.0,1.0,1.0
6,3120,25000,0.3046000003814697,0.396710067987442,9.99999905104687e-09,1.0,9.99999905104687e-09,2.1368887246353552e-05,0.0002329209673916921,0.0015107730869203806,0.007309257052838802,0.03295740485191345,0.16296422481536865,0.5,1.0,1.0,1.0
6,3130,25000,0.30473530292510986,0.396632581949234,9.99999905104687e-09,1.0,9.99999905104687e-09,2.1233152438071556e-05,0.00023940118262544274,0.0015245287213474512,0.007351059000939131,0.03294557332992554,0.1648007035255432,0.5,1.0,1.0,1.0
6,3140,25000,0.30470576882362366,0.3966815769672394,9.99999905104687e-09,1.0,9.99999905104687e-09,2.136923467332963e-05,0.00023850273282732815,0.0014926533913239837,0.0072879972867667675,0.03326883167028427,0.1639004945755005,0.5,1.0,1.0,1.0
6,3150,25000,0.30458834767341614,0.396636426448822,9.99999905104687e-09,1.0,9.99999905104687e-09,2.1386766093201004e-05,0.00023131174384616315,0.0015050587244331837,0.007321941666305065,0.032716065645217896,0.16375304758548737,0.5,1.0,1.0,1.0
6,3160,25000,0.3046032786369324,0.39664554595947266,9.99999905104687e-09,1.0,9.99999905104687e-09,2.1191912310314365e-05,0.0002356236072955653,0.0015089482767507434,0.007354384288191795,0.03303813561797142,0.1625148206949234,0.5,1.0,1.0,1.0
6,3170,25000,0.3046795427799225,0.39663293957710266,9.99999905104687e-09,1.0,9.99999905104687e-09,2.1721980374422856e-05,0.00023830391000956297,0.0015051244990900159,0.007389088161289692,0.03305315226316452,0.1637793481349945,0.5,1.0,1.0,1.0
6,3180,25000,0.30451297760009766,0.39669695496559143,9.99999905104687e-09,1.0,9.99999905104687e-09,2.1054403987363912e-05,0.00023798462643753737,0.0014933677157387137,0.007274013012647629,0.032839614897966385,0.16206231713294983,0.5,1.0,1.0,1.0
6,3190,25000,0.30464866757392883,0.3966282308101654,9.99999905104687e-09,1.0,9.99999905104687e-09,2.1588935851468705e-05,0.00024036176910158247,0.0015082609606906772,0.007256465032696724,0.03303811699151993,0.1638776957988739,0.5,1.0,1.0,1.0
6,3200,25000,0.30464479327201843,0.3966643512248993,9.99999905104687e-09,1.0,9.99999905104687e-09,2.127232619386632e-05,0.00023625872563570738,0.0014951899647712708,0.007406563963741064,0.032898932695388794,0.16357751190662384,0.5,1.0,1.0,1.0
6,3210,25000,0.3046126365661621,0.39667215943336487,9.99999905104687e-09,1.0,9.99999905104687e-09,2.1193452994339168e-05,0.00023651581432204694,0.0015155670698732138,0.0074613261967897415,0.03267046436667442,0.16262510418891907,0.5,1.0,1.0,1.0
6,3220,25000,0.3045196235179901,0.39667558670043945,9.99999905104687e-09,1.0,9.99999905104687e-09,2.154287722078152e-05,0.0002338165504625067,0.0014947635354474187,0.007353734225034714,0.03292454034090042,0.16215233504772186,0.5,1.0,1.0,1.0
6,3230,25000,0.3045244514942169,0.39662355184555054,9.99999905104687e-09,1.0,9.99999905104687e-09,2.142398625437636e-05,0.00023491939646191895,0.001497373217716813,0.0072561283595860004,0.032600514590740204,0.16306060552597046,0.5,1.0,1.0,1.0
6,3240,25000,0.30461743474006653,0.3966541886329651,9.99999905104687e-09,1.0,9.99999905104687e-09,2.1114496121299453e-05,0.00023692216200288385,0.0015166467055678368,0.0072920541279017925,0.03283028304576874,0.16312362253665924,0.5,1.0,1.0,1.0
6,3250,25000,0.30465689301490784,0.39676666259765625,9.99999905104687e-09,1.0,9.99999905104687e-09,2.164765101042576e-05,0.0002360742655582726,0.0014912986662238836,0.007351534906774759,0.03270367532968521,0.16365666687488556,0.5,1.0,1.0,1.0
6,3260,25000,0.3045019209384918,0.39663147926330566,9.99999905104687e-09,1.0,9.99999905104687e-09,2.122904515999835e-05,0.00023580173728987575,0.0015045603504404426,0.0073412642814219,0.032906241714954376,0.1622338891029358,0.5,1.0,1.0,1.0
6,3270,25000,0.30448371171951294,0.39664241671562195,9.99999905104687e-09,1.0,9.99999905104687e-09,2.136869625246618e-05,0.0002366005937801674,0.0014815405011177063,0.007258544210344553,0.032939836382865906,0.1616293489933014,0.5,1.0,1.0,1.0
6,3280,25000,0.30461302399635315,0.3967197835445404,9.99999905104687e-09,1.0,9.99999905104687e-09,2.1298517822287977e-05,0.0002361105289310217,0.0015013348311185837,0.007331076078116894,0.03281664848327637,0.16198725998401642,0.5,1.0,1.0,1.0
6,3290,25000,0.3045746982097626,0.3966389298439026,9.99999905104687e-09,1.0,9.99999905104687e-09,2.1030120478826575e-05,0.0002358355704927817,0.0015142248012125492,0.007295552175492048,0.0327826589345932,0.1635848730802536,0.5,1.0,1.0,1.0
6,3300,25000,0.3046138882637024,0.39662694931030273,9.99999905104687e-09,1.0,9.99999905104687e-09,2.1676847609342076e-05,0.00023442672681994736,0.0015028025954961777,0.007348427549004555,0.032866545021533966,0.16349974274635315,0.5,1.0,1.0,1.0
6,3310,25000,0.30473431944847107,0.3966839015483856,9.99999905104687e-09,1.0,9.99999905104687e-09,2.1722586097894236e-05,0.00023677489662077278,0.0015108113875612617,0.0073617869056761265,0.032912727445364,0.16358543932437897,0.5,1.0,1.0,1.0
6,3320,25000,0.30475544929504395,0.39668524265289307,9.99999905104687e-09,1.0,9.99999905104687e-09,2.1420122720883228e-05,0.00023637345293536782,0.0014891467289999127,0.007304198574274778,0.0326300784945488,0.16415217518806458,0.5,1.0,1.0,1.0
6,3330,25000,0.30466118454933167,0.39665457606315613,9.99999905104687e-09,1.0,9.99999905104687e-09,2.1400981495389715e-05,0.0002345049288123846,0.0014955525984987617,0.00731009291484952,0.032915569841861725,0.16306836903095245,0.5,1.0,1.0,1.0
6,3340,25000,0.3046089708805084,0.396655410528183,9.99999905104687e-09,1.0,9.99999905104687e-09,2.1911215299041942e-05,0.0002360658545512706,0.001515766722150147,0.007224776782095432,0.03281163424253464,0.16266390681266785,0.5,1.0,1.0,1.0
6,3350,25000,0.30464765429496765,0.3966825008392334,9.99999905104687e-09,1.0,9.99999905104687e-09,2.1252117221592925e-05,0.00023139957920648158,0.0014862488023936749,0.007303188089281321,0.0328221470117569,0.16395290195941925,0.5,1.0,1.0,1.0
6,3360,25000,0.30460110306739807,0.39670106768608093,9.99999905104687e-09,1.0,9.99999905104687e-09,2.1532379832933657e-05,0.00023544735449831933,0.0014903427800163627,0.007273944094777107,0.03302469849586487,0.1633022576570511,0.5,1.0,1.0,1.0
6,3370,25000,0.3046090304851532,0.39668363332748413,9.99999905104687e-09,1.0,9.99999905104687e-09,2.1272235244396143e-05,0.00023686920758336782,0.0014920927351340652,0.007397362031042576,0.03274388611316681,0.16285520792007446,0.5,1.0,1.0,1.0
6,3380,25000,0.30460307002067566,0.3966423273086548,9.99999905104687e-09,1.0,9.99999905104687e-09,2.1449541236506775e-05,0.00023507919104304165,0.00148740503937006,0.0073108430951833725,0.0327778086066246,0.16310256719589233,0.5,1.0,1.0,1.0
6,3390,25000,0.3047042191028595,0.39662811160087585,9.99999905104687e-09,1.0,9.99999905104687e-09,2.1285501134116203e-05,0.0002379536017542705,0.001506492611952126,0.007297319360077381,0.03313598781824112,0.1655111312866211,0.5,1.0,1.0,1.0
6,3400,25000,0.3045877516269684,0.39666447043418884,9.99999905104687e-09,1.0,9.99999905104687e-09,2.1450412532431073e-05,0.00023627579503227025,0.0014926217263564467,0.007336816750466824,0.03273935616016388,0.16369213163852692,0.5,1.0,1.0,1.0
6,3410,25000,0.30452975630760193,0.3966975212097168,9.99999905104687e-09,1.0,9.99999905104687e-09,2.1399677279987372e-05,0.00023529240570496768,0.001502660452388227,0.0073617384769022465,0.0329117476940155,0.16224656999111176,0.5,1.0,1.0,1.0
6,3420,25000,0.3046838939189911,0.396636039018631,9.99999905104687e-09,1.0,9.99999905104687e-09,2.1206024030107073e-05,0.00023571049678139389,0.001504596322774887,0.007384188007563353,0.032979536801576614,0.16387952864170074,0.5,1.0,1.0,1.0
6,3430,25000,0.30455026030540466,0.3966754674911499,9.99999905104687e-09,1.0,9.99999905104687e-09,2.158941606467124e-05,0.00023870822042226791,0.0015100986929610372,0.007383192423731089,0.03297984600067139,0.16270388662815094,0.5,1.0,1.0,1.0
6,3440,25000,0.30470266938209534,0.39669176936149597,9.99999905104687e-09,1.0,9.99999905104687e-09,2.1429905245895498e-05,0.0002365269756410271,0.0014966835733503103,0.007358252536505461,0.0328754223883152,0.16415844857692719,0.5,1.0,1.0,1.0
6,3450,25000,0.3046668767929077,0.3966977000236511,9.99999905104687e-09,1.0,9.99999905104687e-09,2.1629553884849884e-05,0.00023309665266424417,0.0014832400484010577,0.007330622524023056,0.03297988325357437,0.16357068717479706,0.5,1.0,1.0,1.0
6,3460,25000,0.30466288328170776,0.3966785967350006,9.99999905104687e-09,1.0,9.99999905104687e-09,2.1395358999143355e-05,0.0002351321600144729,0.0014925656141713262,0.007326982915401459,0.03274853527545929,0.16374334692955017,0.5,1.0,1.0,1.0
6,3470,25000,0.3046518862247467,0.396710067987442,9.99999905104687e-09,1.0,9.99999905104687e-09,2.1481891963048838e-05,0.00023489083105232567,0.0014978846302255988,0.007334927562624216,0.03262878209352493,0.16375863552093506,0.5,1.0,1.0,1.0
6,3480,25000,0.30463892221450806,0.39669695496559143,9.99999905104687e-09,1.0,9.99999905104687e-09,2.144587051589042e-05,0.0002367951674386859,0.0014856718480587006,0.007368646562099457,0.033077601343393326,0.1629662811756134,0.5,1.0,1.0,1.0
6,3490,25000,0.3046827018260956,0.39669615030288696,9.99999905104687e-09,1.0,9.99999905104687e-09,2.1282321540638804e-05,0.0002359788486501202,0.001512320595793426,0.007404884323477745,0.03284996375441551,0.16257256269454956,0.5,1.0,1.0,1.0
6,3500,25000,0.3046553432941437,0.39673861861228943,9.99999905104687e-09,1.0,9.99999905104687e-09,2.1337042198865674e-05,0.00023532631166744977,0.0014993209624662995,0.007296867668628693,0.03293786197900772,0.16302409768104553,0.5,1.0,1.0,1.0
6,3510,25000,0.3045154809951782,0.3966784179210663,9.99999905104687e-09,1.0,9.99999905104687e-09,2.1222462237346917e-05,0.0002347875852137804,0.0014806699473410845,0.0073192063719034195,0.032617874443531036,0.16321144998073578,0.5,1.0,1.0,1.0
6,3520,25000,0.3045310378074646,0.3966274857521057,9.99999905104687e-09,1.0,9.99999905104687e-09,2.1515834305319004e-05,0.0002373234019614756,0.001496605691500008,0.0073501416482031345,0.03270953148603439,0.16279353201389313,0.5,1.0,1.0,1.0
6,3530,25000,0.30451542139053345,0.3966631293296814,9.99999905104687e-09,1.0,9.99999905104687e-09,2.12610302696703e-05,0.00023981531558092684,0.0015026428736746311,0.007411591708660126,0.03251391649246216,0.1618497669696808,0.5,1.0,1.0,1.0
6,3540,25000,0.3045921325683594,0.3966515362262726,9.99999905104687e-09,1.0,9.99999905104687e-09,2.1477853806572966e-05,0.0002381064696237445,0.0014929501339793205,0.007316507864743471,0.0327504426240921,0.16315627098083496,0.5,1.0,1.0,1.0
6,3550,25000,0.3047032356262207,0.3966951370239258,9.99999905104687e-09,1.0,9.99999905104687e-09,2.126942308677826e-05,0.00023756924201734364,0.0015062401071190834,0.0073782214894890785,0.032934367656707764,0.16389741003513336,0.5,1.0,1.0,1.0
6,3560,25000,0.30459266901016235,0.3967508375644684,9.99999905104687e-09,1.0,9.99999905104687e-09,2.11924943869235e-05,0.00023367643007077277,0.0014920721296221018,0.00729513680562377,0.032943569123744965,0.162126362323761,0.5,1.0,1.0,1.0
6,3570,25000,0.3047747015953064,0.3967600166797638,9.99999905104687e-09,1.0,9.99999905104687e-09,2.1180932890274562e-05,0.00023738002346362919,0.0015102368779480457,0.00733764236792922,0.032979816198349,0.1630374938249588,0.5,1.0,1.0,1.0
6,3580,25000,0.3046247959136963,0.39671000838279724,9.99999905104687e-09,1.0,9.99999905104687e-09,2.157419476134237e-05,0.0002354221069253981,0.001496087876148522,0.007391150109469891,0.033021848648786545,0.16300562024116516,0.5,1.0,1.0,1.0
6,3590,25000,0.304645836353302,0.39664387702941895,9.99999905104687e-09,1.0,9.99999905104687e-09,2.12972990993876e-05,0.00023589693591929972,0.001500744721852243,0.007306313142180443,0.03289356082677841,0.16351035237312317,0.5,1.0,1.0,1.0
6,3600,25000,0.30463701486587524,0.39658427238464355,9.99999905104687e-09,1.0,9.99999905104687e-09,2.1191515770624392e-05,0.00023467199935112149,0.0015056878328323364,0.007427317090332508,0.03304144740104675,0.16270238161087036,0.5,1.0,1.0,1.0
6,3610,25000,0.3046320974826813,0.39666661620140076,9.99999905104687e-09,1.0,9.99999905104687e-09,2.12257364182733e-05,0.00023495036293752491,0.0015077247517183423,0.007352419197559357,0.032854124903678894,0.1633319854736328,0.5,1.0,1.0,1.0
6,3620,25000,0.3045707941055298,0.3966749608516693,9.99999905104687e-09,1.0,9.99999905104687e-09,2.178507565986365e-05,0.00023810326820239425,0.001496327924542129,0.007311233319342136,0.033163294196128845,0.16270765662193298,0.5,1.0,1.0,1.0
6,3630,25000,0.3046426475048065,0.3966108560562134,9.99999905104687e-09,1.0,9.99999905104687e-09,2.1631294657709077e-05,0.00023720154422335327,0.001483446336351335,0.007367785554379225,0.033004336059093475,0.16475674510002136,0.5,1.0,1.0,1.0
6,3640,25000,0.304584801197052,0.39667415618896484,9.99999905104687e-09,1.0,9.99999905104687e-09,2.169667641283013e-05,0.0002361742517678067,0.0015004582237452269,0.007273167837411165,0.032894015312194824,0.16214847564697266,0.5,1.0,1.0,1.0
6,3650,25000,0.30460551381111145,0.39666756987571716,9.99999905104687e-09,1.0,9.99999905104687e-09,2.158950337616261e-05,0.00023775571025907993,0.0015154802240431309,0.007298144977539778,0.03276650235056877,0.1619184911251068,0.5,1.0,1.0,1.0
6,3660,25000,0.30468493700027466,0.39660418033599854,9.99999905104687e-09,1.0,9.99999905104687e-09,2.1271476725814864e-05,0.00023413590679410845,0.0014891591854393482,0.007327650208026171,0.03295290470123291,0.16449874639511108,0.5,1.0,1.0,1.0
6,3670,25000,0.30471959710121155,0.3966691195964813,9.99999905104687e-09,1.0,9.99999905104687e-09,2.1401734557002783e-05,0.00023774201690685004,0.0015029935166239738,0.007284799590706825,0.033025700598955154,0.164639413356781,0.5,1.0,1.0,1.0
6,3680,25000,0.3046543002128601,0.39670613408088684,9.99999905104687e-09,1.0,9.99999905104687e-09,2.1646364984917454e-05,0.000234715043916367,0.0015021853614598513,0.007316384464502335,0.03315622732043266,0.16299176216125488,0.5,1.0,1.0,1.0
6,3690,25000,0.30452245473861694,0.3966924846172333,9.99999905104687e-09,1.0,9.99999905104687e-09,2.1470008505275473e-05,0.00023736890580039471,0.0014993781223893166,0.007317444775253534,0.033017564564943314,0.16234251856803894,0.5,1.0,1.0,1.0
6,3700,25000,0.30461442470550537,0.39669269323349,9.99999905104687e-09,1.0,9.99999905104687e-09,2.1772135369246826e-05,0.00023969894391484559,0.0014934877399355173,0.007370112929493189,0.03254371136426926,0.16320140659809113,0.5,1.0,1.0,1.0
6,3710,25000,0.3046815097332001,0.39668920636177063,9.99999905104687e-09,1.0,9.99999905104687e-09,2.124586535501294e-05,0.00023467444407287985,0.0014862774405628443,0.007333396002650261,0.03334721177816391,0.16269080340862274,0.5,1.0,1.0,1.0
6,3720,25000,0.3047303855419159,0.39666321873664856,9.99999905104687e-09,1.0,9.99999905104687e-09,2.128008782165125e-05,0.00023641639563720673,0.0014918636297807097,0.007394243497401476,0.03319118916988373,0.16374602913856506,0.5,1.0,1.0,1.0
6,3730,25000,0.3046838939189911,0.3967088758945465,9.99999905104687e-09,1.0,9.99999905104687e-09,2.1472780645126477e-05,0.0002381090453127399,0.001492125098593533,0.007324393838644028,0.03287632018327713,0.16409115493297577,0.5,1.0,1.0,1.0
6,3740,25000,0.3045722246170044,0.39663684368133545,9.99999905104687e-09,1.0,9.99999905104687e-09,2.1580213797278702e-05,0.00023584606242366135,0.001481754006817937,0.007308247499167919,0.033070772886276245,0.16309963166713715,0.5,1.0,1.0,1.0
6,3750,25000,0.3047437369823456,0.39669376611709595,9.99999905104687e-09,1.0,9.99999905104687e-09,2.134247733920347e-05,0.00023417361080646515,0.001494369818829,0.007407581899315119,0.033036623150110245,0.1636216789484024,0.5,1.0,1.0,1.0
6,3760,25000,0.3047047257423401,0.39670097827911377,9.99999905104687e-09,1.0,9.99999905104687e-09,2.137007686542347e-05,0.00023506487195845693,0.0015069226501509547,0.007370582316070795,0.03291024640202522,0.16276724636554718,0.5,1.0,1.0,1.0
6,3770,25000,0.30457571148872375,0.3966866433620453,9.99999905104687e-09,1.0,9.99999905104687e-09,2.135555951099377e-05,0.00024092887178994715,0.0015005654422566295,0.007307685445994139,0.03296390175819397,0.162955641746521,0.5,1.0,1.0,1.0
6,3780,25000,0.30471473932266235,0.3966694474220276,9.99999905104687e-09,1.0,9.99999905104687e-09,2.1508580175577663e-05,0.00023944942222442478,0.0015189433470368385,0.007400818634778261,0.03303377702832222,0.16412165760993958,0.5,1.0,1.0,1.0
6,3790,25000,0.30464819073677063,0.39669114351272583,9.99999905104687e-09,1.0,9.99999905104687e-09,2.1396124793682247e-05,0.0002336914330953732,0.001504091895185411,0.007343846373260021,0.03287573158740997,0.16311763226985931,0.5,1.0,1.0,1.0
6,3800,25000,0.3045579195022583,0.3967061936855316,9.99999905104687e-09,1.0,9.99999905104687e-09,2.116233554261271e-05,0.0002365032851230353,0.0014979986008256674,0.007266276516020298,0.032660871744155884,0.16333766281604767,0.5,1.0,1.0,1.0
6,3810,25000,0.3045703172683716,0.3966373801231384,9.99999905104687e-09,1.0,9.99999905104687e-09,2.142052471754141e-05,0.0002373015449848026,0.00150111666880548,0.007359337527304888,0.03291448578238487,0.1625102013349533,0.5,1.0,1.0,1.0
6,3820,25000,0.30453237891197205,0.3966611623764038,9.99999905104687e-09,1.0,9.99999905104687e-09,2.1330864910851233e-05,0.00023146184685174376,0.001495111151598394,0.007360367104411125,0.032750166952610016,0.16270188987255096,0.5,1.0,1.0,1.0
6,3830,25000,0.3045588731765747,0.39672163128852844,9.99999905104687e-09,1.0,9.99999905104687e-09,2.1152038243599236e-05,0.00023541921109426767,0.0014848161954432726,0.007320628501474857,0.03252153471112251,0.16271953284740448,0.5,1.0,1.0,1.0
6,3840,25000,0.3045792877674103,0.3967159688472748,9.99999905104687e-09,1.0,9.99999905104687e-09,2.15707732422743e-05,0.00023733208945486695,0.0015074241673573852,0.007258120458573103,0.03256182372570038,0.16302314400672913,0.5,1.0,1.0,1.0
6,3850,25000,0.3045669198036194,0.3966955244541168,9.99999905104687e-09,1.0,9.99999905104687e-09,2.1244633899186738e-05,0.00023778961622156203,0.0015015322715044022,0.0073326583951711655,0.03281000629067421,0.1627814918756485,0.5,1.0,1.0,1.0
6,3860,25000,0.3047240674495697,0.39668115973472595,9.99999905104687e-09,1.0,9.99999905104687e-09,2.1635703888023272e-05,0.00023468413564842194,0.001502130413427949,0.007357228547334671,0.032898206263780594,0.16407279670238495,0.5,1.0,1.0,1.0
6,3870,25000,0.3046245574951172,0.39673757553100586,9.99999905104687e-09,1.0,9.99999905104687e-09,2.1243451556074433e-05,0.00023692450486123562,0.0015036953845992684,0.007402864750474691,0.032942503690719604,0.16223058104515076,0.5,1.0,1.0,1.0
6,3880,25000,0.3046222925186157,0.39664068818092346,9.99999905104687e-09,1.0,9.99999905104687e-09,2.169137223972939e-05,0.00023791326384525746,0.001502250088378787,0.007348315324634314,0.03296734392642975,0.16455209255218506,0.5,1.0,1.0,1.0
6,3890,25000,0.3044811189174652,0.39665165543556213,9.99999905104687e-09,1.0,9.99999905104687e-09,2.1344823835534044e-05,0.00023624383902642876,0.0015132158296182752,0.007327301427721977,0.03287121653556824,0.16262707114219666,0.5,1.0,1.0,1.0
6,3900,25000,0.3045566976070404,0.3966386020183563,9.99999905104687e-09,1.0,9.99999905104687e-09,2.1403135178843513e-05,0.00023461889941245317,0.001495637116022408,0.007316778879612684,0.03289377689361572,0.16193029284477234,0.5,1.0,1.0,1.0
6,3910,25000,0.3045683205127716,0.39659741520881653,9.99999905104687e-09,1.0,9.99999905104687e-09,2.1393285351223312e-05,0.00023200313444249332,0.0014896137872710824,0.007390330079942942,0.03285065293312073,0.16299888491630554,0.5,1.0,1.0,1.0
6,3920,25000,0.3046454191207886,0.3966210186481476,9.99999905104687e-09,1.0,9.99999905104687e-09,2.1189953258726746e-05,0.00023887347197160125,0.001503975479863584,0.007331088185310364,0.03303264454007149,0.1628093719482422,0.5,1.0,1.0,1.0
6,3930,25000,0.3046550750732422,0.3966687023639679,9.99999905104687e-09,1.0,9.99999905104687e-09,2.1457584807649255e-05,0.0002341617364436388,0.0015210781712085009,0.007359143812209368,0.03312838077545166,0.1631738692522049,0.5,1.0,1.0,1.0
6,3940,25000,0.3045618534088135,0.39669209718704224,9.99999905104687e-09,1.0,9.99999905104687e-09,2.1650259441230446e-05,0.00023606049944646657,0.0014833519235253334,0.007294767070561647,0.032914403825998306,0.1627427339553833,0.5,1.0,1.0,1.0
6,3950,25000,0.3044999837875366,0.3967514932155609,9.99999905104687e-09,1.0,9.99999905104687e-09,2.1297690182109363e-05,0.0002375757903791964,0.001513113034889102,0.007293954025954008,0.03259439393877983,0.16082486510276794,0.5,1.0,1.0,1.0
6,3960,25000,0.3046957850456238,0.39667901396751404,9.99999905104687e-09,1.0,9.99999905104687e-09,2.161734300898388e-05,0.0002330735296709463,0.0014855493791401386,0.007338891737163067,0.03294093906879425,0.1628667116165161,0.5,1.0,1.0,1.0
6,3970,25000,0.3047580420970917,0.39667555689811707,9.99999905104687e-09,1.0,9.99999905104687e-09,2.1424753867904656e-05,0.00023830574355088174,0.001503182458691299,0.007291399408131838,0.03288589417934418,0.16488569974899292,0.5,1.0,1.0,1.0
6,3980,25000,0.30470025539398193,0.3967282474040985,9.99999905104687e-09,1.0,9.99999905104687e-09,2.1259873392409645e-05,0.00023808321566320956,0.0015175503212958574,0.00734397117048502,0.032685987651348114,0.1631535142660141,0.5,1.0,1.0,1.0
6,3990,25000,0.30472105741500854,0.3967263102531433,9.99999905104687e-09,1.0,9.99999905104687e-09,2.1484007447725162e-05,0.00023988330212887377,0.001515137148089707,0.007361445110291243,0.03316481411457062,0.1637161672115326,0.5,1.0,1.0,1.0
6,4000,25000,0.30467817187309265,0.39669543504714966,9.99999905104687e-09,1.0,9.99999905104687e-09,2.135648173862137e-05,0.00023407825210597366,0.0014756573364138603,0.007362977135926485,0.03286357969045639,0.16375184059143066,0.5,1.0,1.0,1.0
6,4010,25000,0.3046516478061676,0.3966887295246124,9.99999905104687e-09,1.0,9.99999905104687e-09,2.141837467206642e-05,0.00023595182574354112,0.001519870711490512,0.007395362947136164,0.03311007469892502,0.16334471106529236,0.5,1.0,1.0,1.0
6,4020,25000,0.30465829372406006,0.3967110514640808,9.99999905104687e-09,1.0,9.99999905104687e-09,2.1516292690648697e-05,0.00023526037693955004,0.0015007811598479748,0.007352632470428944,0.03277214989066124,0.16311554610729218,0.5,1.0,1.0,1.0
6,4030,25000,0.30463799834251404,0.3967229127883911,9.99999905104687e-09,1.0,9.99999905104687e-09,2.159703399229329e-05,0.00023560563568025827,0.0014868612634018064,0.007441200315952301,0.032959483563899994,0.16241401433944702,0.5,1.0,1.0,1.0
6,4040,25000,0.30464261770248413,0.3966413140296936,9.99999905104687e-09,1.0,9.99999905104687e-09,2.1264300812617876e-05,0.0002365621185163036,0.0014952364144846797,0.0073554194532334805,0.0332690104842186,0.1637508124113083,0.5,1.0,1.0,1.0
6,4050,25000,0.3045627474784851,0.3966817259788513,9.99999905104687e-09,1.0,9.99999905104687e-09,2.1508201825781725e-05,0.00023524476273451,0.0015101609751582146,0.007401897571980953,0.03306107968091965,0.16225159168243408,0.5,1.0,1.0,1.0
6,4060,25000,0.3046838641166687,0.39670443534851074,9.99999905104687e-09,1.0,9.99999905104687e-09,2.1581709006568417e-05,0.00023680710000917315,0.0014912582701072097,0.007315557915717363,0.03283720836043358,0.16251282393932343,0.5,1.0,1.0,1.0
6,4070,25000,0.30463531613349915,0.3966867923736572,9.99999905104687e-09,1.0,9.99999905104687e-09,2.1299780200934038e-05,0.0002378981007495895,0.001519154291599989,0.007269588299095631,0.03307080641388893,0.16342172026634216,0.5,1.0,1.0,1.0
6,4080,25000,0.30455198884010315,0.3967031240463257,9.99999905104687e-09,1.0,9.99999905104687e-09,2.1586862203548662e-05,0.00023909899755381048,0.0015123564517125487,0.007344448007643223,0.032813284546136856,0.16310909390449524,0.5,1.0,1.0,1.0
6,4090,25000,0.30460789799690247,0.396670401096344,9.99999905104687e-09,1.0,9.99999905104687e-09,2.148345811292529e-05,0.000234155886573717,0.001499391975812614,0.007292373105883598,0.03286829590797424,0.16238228976726532,0.5,1.0,1.0,1.0
6,4100,25000,0.3047216534614563,0.39669349789619446,9.99999905104687e-09,1.0,9.99999905104687e-09,2.1417721654870547e-05,0.00023966131266206503,0.0015081185847520828,0.007449932862073183,0.03285510092973709,0.16348694264888763,0.5,1.0,1.0,1.0
6,4110,25000,0.3046325445175171,0.3966825306415558,9.99999905104687e-09,1.0,9.99999905104687e-09,2.147274608432781e-05,0.0002380662044743076,0.0014875801280140877,0.007314378395676613,0.032915081828832626,0.16336672008037567,0.5,1.0,1.0,1.0
6,4120,25000,0.30462321639060974,0.3966963589191437,9.99999905104687e-09,1.0,9.99999905104687e-09,2.124665661540348e-05,0.00023422259255312383,0.0014755860902369022,0.0073455278761684895,0.03282542526721954,0.16288071870803833,0.5,1.0,1.0,1.0
6,4130,25000,0.3046450614929199,0.39664244651794434,9.99999905104687e-09,1.0,9.99999905104687e-09,2.1480698706000112e-05,0.00023421054356731474,0.001513098948635161,0.007355916313827038,0.03307580202817917,0.1630135029554367,0.5,1.0,1.0,1.0
6,4140,25000,0.3045380115509033,0.39669328927993774,9.99999905104687e-09,1.0,9.99999905104687e-09,2.1216324967099354e-05,0.00023452716413885355,0.00149290612898767,0.007331963628530502,0.032779961824417114,0.16224603354930878,0.5,1.0,1.0,1.0
6,4150,25000,0.3045887351036072,0.39669111371040344,9.99999905104687e-09,1.0,9.99999905104687e-09,2.1470828869496472e-05,0.00023853202583268285,0.001483827130869031,0.007390725892037153,0.03256338834762573,0.16272085905075073,0.5,1.0,1.0,1.0
6,4160,25000,0.3047791123390198,0.39666709303855896,9.99999905104687e-09,1.0,9.99999905104687e-09,2.1286521587171592e-05,0.0002376591000938788,0.0014954917132854462,0.007334113586694002,0.033122334629297256,0.1650310754776001,0.5,1.0,1.0,1.0
6,4170,25000,0.30466264486312866,0.39667919278144836,9.99999905104687e-09,1.0,9.99999905104687e-09,2.1575551727437414e-05,0.0002350252034375444,0.001517188735306263,0.0074024382047355175,0.03288347274065018,0.1633906215429306,0.5,1.0,1.0,1.0
6,4180,25000,0.30472052097320557,0.39665380120277405,9.99999905104687e-09,1.0,9.99999905104687e-09,2.115711322403513e-05,0.00023809357662685215,0.0015147492522373796,0.0073604341596364975,0.0331483818590641,0.16363298892974854,0.5,1.0,1.0,1.0
6,4190,25000,0.30466580390930176,0.3966747522354126,9.99999905104687e-09,1.0,9.99999905104687e-09,2.1576855942839757e-05,0.00023536111984867603,0.0014906367287039757,0.007315128110349178,0.03313475847244263,0.16351218521595,0.5,1.0,1.0,1.0
6,4200,25000,0.3045802116394043,0.3967347741127014,9.99999905104687e-09,1.0,9.99999905104687e-09,2.1261277652229182e-05,0.00023744904319755733,0.0015222399961203337,0.007434084080159664,0.032753780484199524,0.16236184537410736,0.5,1.0,1.0,1.0
6,4210,25000,0.30478203296661377,0.3967057764530182,9.99999905104687e-09,1.0,9.99999905104687e-09,2.1640562408720143e-05,0.00023673323448747396,0.0014937196392565966,0.007379554212093353,0.03319619596004486,0.16465042531490326,0.5,1.0,1.0,1.0
6,4220,25000,0.3046194314956665,0.3966293931007385,9.99999905104687e-09,1.0,9.99999905104687e-09,2.1728914362029172e-05,0.0002393926988588646,0.0015055384719744325,0.0073395781219005585,0.0329865887761116,0.1637418121099472,0.5,1.0,1.0,1.0
6,4230,25000,0.3045406937599182,0.39669108390808105,9.99999905104687e-09,1.0,9.99999905104687e-09,2.1269383069011383e-05,0.0002357015764573589,0.001498358091339469,0.007279104087501764,0.032867658883333206,0.16293226182460785,0.5,1.0,1.0,1.0
6,4240,25000,0.30461007356643677,0.3966638743877411,9.99999905104687e-09,1.0,9.99999905104687e-09,2.1446723621920682e-05,0.00023467655410058796,0.0014880483504384756,0.00736011378467083,0.033022429794073105,0.1631079912185669,0.5,1.0,1.0,1.0
6,4250,25000,0.30463263392448425,0.39668068289756775,9.99999905104687e-09,1.0,9.99999905104687e-09,2.1803150957566686e-05,0.00023454621259588748,0.0015037953853607178,0.00731175160035491,0.032765552401542664,0.16291488707065582,0.5,1.0,1.0,1.0
6,4260,25000,0.30461573600769043,0.3967115879058838,9.99999905104687e-09,1.0,9.99999905104687e-09,2.1226955141173676e-05,0.00023587263422086835,0.001484433887526393,0.007358334492892027,0.032950520515441895,0.16302688419818878,0.5,1.0,1.0,1.0
6,4270,25000,0.3046362102031708,0.3967227637767792,9.99999905104687e-09,1.0,9.99999905104687e-09,2.1395686417235993e-05,0.00023769940889906138,0.0014976058155298233,0.007309864740818739,0.03263338655233383,0.16263897716999054,0.5,1.0,1.0,1.0
6,4280,25000,0.3046000003814697,0.39666223526000977,9.99999905104687e-09,1.0,9.99999905104687e-09,2.1365040083765052e-05,0.00023822109505999833,0.0014862879179418087,0.007370995823293924,0.032973431050777435,0.16220612823963165,0.5,1.0,1.0,1.0
6,4290,25000,0.30462390184402466,0.39666885137557983,9.99999905104687e-09,1.0,9.99999905104687e-09,2.1399771867436357e-05,0.00023386509565170854,0.0015123027842491865,0.007418318185955286,0.03299810737371445,0.16302332282066345,0.5,1.0,1.0,1.0
6,4300,25000,0.3047190010547638,0.39662206172943115,9.99999905104687e-09,1.0,9.99999905104687e-09,2.1365554857766256e-05,0.00023521996627096087,0.0014919588575139642,0.007315896451473236,0.03307604044675827,0.1641784906387329,0.5,1.0,1.0,1.0
6,4310,25000,0.3047075569629669,0.39675047993659973,9.99999905104687e-09,1.0,9.99999905104687e-09,2.1305600967025384e-05,0.00023784903169143945,0.001500407699495554,0.007306541316211224,0.032728664577007294,0.16361713409423828,0.5,1.0,1.0,1.0
6,4320,25000,0.30465492606163025,0.39667192101478577,9.99999905104687e-09,1.0,9.99999905104687e-09,2.1235066014924087e-05,0.00023282597248908132,0.001469644601456821,0.007354055996984243,0.03297862410545349,0.1643363982439041,0.5,1.0,1.0,1.0
6,4330,25000,0.30470022559165955,0.3966994881629944,9.99999905104687e-09,1.0,9.99999905104687e-09,2.1539659428526647e-05,0.00023523355775978416,0.0015045169275254011,0.0073822843842208385,0.032831840217113495,0.1629289835691452,0.5,1.0,1.0,1.0
6,4340,25000,0.30464550852775574,0.3967421352863312,9.99999905104687e-09,1.0,9.99999905104687e-09,2.1452184228110127e-05,0.00023521410184912384,0.0014869376318529248,0.007275609765201807,0.03276044875383377,0.16295556724071503,0.5,1.0,1.0,1.0
6,4350,25000,0.30460867285728455,0.3966744542121887,9.99999905104687e-09,1.0,9.99999905104687e-09,2.1383259081630968e-05,0.00023529633472207934,0.0015142817283049226,0.007362439297139645,0.03300219774246216,0.16157902777194977,0.5,1.0,1.0,1.0
6,4360,25000,0.3046135902404785,0.3967027962207794,9.99999905104687e-09,1.0,9.99999905104687e-09,2.151828448404558e-05,0.0002329705748707056,0.0014863422838971019,0.0072899614460766315,0.03270809352397919,0.16322167217731476,0.5,1.0,1.0,1.0
6,4370,25000,0.3047073781490326,0.3966839611530304,9.99999905104687e-09,1.0,9.99999905104687e-09,2.1459325580508448e-05,0.00023626415350008756,0.0014966842718422413,0.007368352264165878,0.032719217240810394,0.1630977839231491,0.5,1.0,1.0,1.0
6,4380,25000,0.3046801686286926,0.3967362344264984,9.99999905104687e-09,1.0,9.99999905104687e-09,2.1327581634977832e-05,0.00023426707775797695,0.001502585131675005,0.007344329264014959,0.032803572714328766,0.16356341540813446,0.5,1.0,1.0,1.0
6,4390,25000,0.3044997751712799,0.39668434858322144,9.99999905104687e-09,1.0,9.99999905104687e-09,2.13690145756118e-05,0.000236661231610924,0.0014675152488052845,0.007391690276563168,0.03289388120174408,0.1631879061460495,0.5,1.0,1.0,1.0
6,4400,25000,0.3045854866504669,0.3966827392578125,9.99999905104687e-09,1.0,9.99999905104687e-09,2.1494988686754368e-05,0.00023579862318001688,0.0014947986928746104,0.007253205869346857,0.032930344343185425,0.1625576615333557,0.5,1.0,1.0,1.0
6,4410,25000,0.30463963747024536,0.3966904580593109,9.99999905104687e-09,1.0,9.99999905104687e-09,2.1113270122441463e-05,0.00023740442702546716,0.0014997714897617698,0.007262335158884525,0.03267355263233185,0.1638852059841156,0.5,1.0,1.0,1.0
6,4420,25000,0.3046306371688843,0.39668476581573486,9.99999905104687e-09,1.0,9.99999905104687e-09,2.146524639101699e-05,0.00023537881497759372,0.0015103877522051334,0.0074403914622962475,0.032904304563999176,0.16362953186035156,0.5,1.0,1.0,1.0
6,4430,25000,0.3045886158943176,0.39669549465179443,9.99999905104687e-09,1.0,9.99999905104687e-09,2.1762400137959048e-05,0.00023787458485458046,0.0014927539741620421,0.00730380043387413,0.03266313299536705,0.16222451627254486,0.5,1.0,1.0,1.0
6,4440,25000,0.30468952655792236,0.3966808617115021,9.99999905104687e-09,1.0,9.99999905104687e-09,2.1209601982263848e-05,0.0002389779401710257,0.001487676170654595,0.0073716044425964355,0.03311008960008621,0.16414900124073029,0.5,1.0,1.0,1.0
6,4450,25000,0.30471542477607727,0.3966684937477112,9.99999905104687e-09,1.0,9.99999905104687e-09,2.1377716620918363e-05,0.00023331203556153923,0.0015061069279909134,0.0073587303049862385,0.03296060487627983,0.16485953330993652,0.5,1.0,1.0,1.0
6,4460,25000,0.30463066697120667,0.3967294991016388,9.99999905104687e-09,1.0,9.99999905104687e-09,2.145677717635408e-05,0.0002374562027398497,0.0015017102705314755,0.007358625065535307,0.03269249200820923,0.1641310453414917,0.5,1.0,1.0,1.0
6,4470,25000,0.304677277803421,0.3966793119907379,9.99999905104687e-09,1.0,9.99999905104687e-09,2.123781814589165e-05,0.00023852151934988797,0.0014974341029301286,0.007339329458773136,0.033105164766311646,0.16368456184864044,0.5,1.0,1.0,1.0
6,4480,25000,0.3046630322933197,0.3966849744319916,9.99999905104687e-09,1.0,9.99999905104687e-09,2.1526469936361536e-05,0.000235679472098127,0.0015022141160443425,0.007309065666049719,0.03274177014827728,0.16423478722572327,0.5,1.0,1.0,1.0
6,4490,25000,0.3046168088912964,0.39666876196861267,9.99999905104687e-09,1.0,9.99999905104687e-09,2.132927875209134e-05,0.00023732398403808475,0.0015068422071635723,0.007359348237514496,0.03301995247602463,0.16283035278320312,0.5,1.0,1.0,1.0
6,4500,25000,0.3046514391899109,0.3966495096683502,9.99999905104687e-09,1.0,9.99999905104687e-09,2.1592633856926113e-05,0.00023578402760904282,0.001521222642622888,0.007399299647659063,0.03280904144048691,0.16406355798244476,0.5,1.0,1.0,1.0
6,4510,25000,0.3046879470348358,0.39667633175849915,9.99999905104687e-09,1.0,9.99999905104687e-09,2.1516532797249965e-05,0.0002390639274381101,0.0015084997285157442,0.007378232665359974,0.032960548996925354,0.16309058666229248,0.5,1.0,1.0,1.0
6,4520,25000,0.3046110272407532,0.39670589566230774,9.99999905104687e-09,1.0,9.99999905104687e-09,2.1226805984042585e-05,0.00023540099209640175,0.0014863513642922044,0.007353272754698992,0.032498762011528015,0.16264161467552185,0.5,1.0,1.0,1.0
6,4530,25000,0.3046141266822815,0.39668557047843933,9.99999905104687e-09,1.0,9.99999905104687e-09,2.1727972125518136e-05,0.00023750362743157893,0.0015117471339181066,0.007329197600483894,0.03301785886287689,0.16360856592655182,0.5,1.0,1.0,1.0
6,4540,25000,0.3045922517776489,0.39669135212898254,9.99999905104687e-09,1.0,9.99999905104687e-09,2.141960067092441e-05,0.0002377041382715106,0.001515614683739841,0.007338067516684532,0.03278254717588425,0.1637205332517624,0.5,1.0,1.0,1.0
6,4550,25000,0.30465200543403625,0.3966977894306183,9.99999905104687e-09,1.0,9.99999905104687e-09,2.1376014046836644e-05,0.0002369886642554775,0.0014962527202442288,0.007277257740497589,0.03267892450094223,0.1629457026720047,0.5,1.0,1.0,1.0
6,4560,25000,0.30473899841308594,0.39668750762939453,9.99999905104687e-09,1.0,9.99999905104687e-09,2.134494025085587e-05,0.00023786810925230384,0.001498506055213511,0.007351412903517485,0.03289727121591568,0.16326001286506653,0.5,1.0,1.0,1.0
6,4570,25000,0.30465787649154663,0.3966520130634308,9.99999905104687e-09,1.0,9.99999905104687e-09,2.126705840055365e-05,0.0002347498229937628,0.0014982125721871853,0.007355100009590387,0.03312534838914871,0.16341425478458405,0.5,1.0,1.0,1.0
6,4580,25000,0.304574579000473,0.39672431349754333,9.99999905104687e-09,1.0,9.99999905104687e-09,2.1447762264870107e-05,0.00023549534671474248,0.0014773356961086392,0.007292003836482763,0.032872043550014496,0.16236577928066254,0.5,1.0,1.0,1.0
6,4590,25000,0.3045346140861511,0.39668548107147217,9.99999905104687e-09,1.0,9.99999905104687e-09,2.1013796867919154e-05,0.00023661597515456378,0.0014861709205433726,0.007312816102057695,0.03267349675297737,0.16429398953914642,0.5,1.0,1.0,1.0
6,4600,25000,0.3045833706855774,0.39667952060699463,9.99999905104687e-09,1.0,9.99999905104687e-09,2.1686928448616527e-05,0.00023562743444927037,0.0015014788368716836,0.007361745461821556,0.03290613368153572,0.1629572957754135,0.5,1.0,1.0,1.0
6,4610,25000,0.304575115442276,0.39667266607284546,9.99999905104687e-09,1.0,9.99999905104687e-09,2.11832102650078e-05,0.0002370885049458593,0.0014918082160875201,0.00724308704957366,0.03313890099525452,0.16330207884311676,0.5,1.0,1.0,1.0
6,4620,25000,0.30457958579063416,0.39666882157325745,9.99999905104687e-09,1.0,9.99999905104687e-09,2.120435055985581e-05,0.00023554153449367732,0.001502874307334423,0.007320183329284191,0.032902173697948456,0.16347646713256836,0.5,1.0,1.0,1.0
6,4630,25000,0.30469775199890137,0.39672553539276123,9.99999905104687e-09,1.0,9.99999905104687e-09,2.1510360966203734e-05,0.0002359554637223482,0.0015034973621368408,0.007368482183665037,0.03276265040040016,0.1632472276687622,0.5,1.0,1.0,1.0
6,4640,25000,0.30465370416641235,0.39671850204467773,9.99999905104687e-09,1.0,9.99999905104687e-09,2.1862291760044172e-05,0.00023486196005251259,0.001499359612353146,0.007351023145020008,0.03279193490743637,0.16360168159008026,0.5,1.0,1.0,1.0
6,4650,25000,0.30478912591934204,0.39670616388320923,9.99999905104687e-09,1.0,9.99999905104687e-09,2.1663428924512118e-05,0.00023631428484804928,0.00152702652849257,0.007388144265860319,0.03309310972690582,0.16396237909793854,0.5,1.0,1.0,1.0
6,4660,25000,0.3047301769256592,0.39665743708610535,9.99999905104687e-09,1.0,9.99999905104687e-09,2.131739165633917e-05,0.00023941579274833202,0.0014975161757320166,0.007388065569102764,0.03326552361249924,0.16325169801712036,0.5,1.0,1.0,1.0
6,4670,25000,0.304730087518692,0.39671000838279724,9.99999905104687e-09,1.0,9.99999905104687e-09,2.154800131393131e-05,0.00023613554367329925,0.0014758931938558817,0.007338218856602907,0.0327405110001564,0.16415739059448242,0.5,1.0,1.0,1.0
6,4680,25000,0.30467328429222107,0.39670610427856445,9.99999905104687e-09,1.0,9.99999905104687e-09,2.099730772897601e-05,0.00023774555302225053,0.0014964262954890728,0.007348351646214724,0.033091820776462555,0.16350233554840088,0.5,1.0,1.0,1.0
6,4690,25000,0.3047701120376587,0.3967057466506958,9.99999905104687e-09,1.0,9.99999905104687e-09,2.1647376343025826e-05,0.00023709858942311257,0.0015079773729667068,0.0073439497500658035,0.03290381282567978,0.16368505358695984,0.5,1.0,1.0,1.0
6,4700,25000,0.3047477900981903,0.39665770530700684,9.99999905104687e-09,1.0,9.99999905104687e-09,2.125413084286265e-05,0.0002337414480280131,0.0014883863041177392,0.007248430512845516,0.0330917164683342,0.16445058584213257,0.5,1.0,1.0,1.0
6,4710,25000,0.30456987023353577,0.3967023491859436,9.99999905104687e-09,1.0,9.99999905104687e-09,2.1488578568096273e-05,0.0002374488685745746,0.001496011740528047,0.007310434244573116,0.03274310380220413,0.16268828511238098,0.5,1.0,1.0,1.0
6,4720,25000,0.30478712916374207,0.39667996764183044,9.99999905104687e-09,1.0,9.99999905104687e-09,2.168274841096718e-05,0.00023643449821975082,0.0014840791700407863,0.007390707731246948,0.03286609798669815,0.16531643271446228,0.5,1.0,1.0,1.0
6,4730,25000,0.30458760261535645,0.39670228958129883,9.99999905104687e-09,1.0,9.99999905104687e-09,2.1412995920400135e-05,0.00023382288054563105,0.0014994093216955662,0.007329545449465513,0.03283079341053963,0.16372287273406982,0.5,1.0,1.0,1.0
6,4740,25000,0.30469027161598206,0.396702378988266,9.99999905104687e-09,1.0,9.99999905104687e-09,2.1144423953955993e-05,0.00023718860757071525,0.0014897366054356098,0.0073086111806333065,0.03271181881427765,0.1640866994857788,0.5,1.0,1.0,1.0
6,4750,25000,0.30466553568840027,0.3967211842536926,9.99999905104687e-09,1.0,9.99999905104687e-09,2.1381836631917395e-05,0.00023513427004218102,0.0014917594380676746,0.007365860044956207,0.0329989418387413,0.16312618553638458,0.5,1.0,1.0,1.0
6,4760,25000,0.3047228157520294,0.3966912031173706,9.99999905104687e-09,1.0,9.99999905104687e-09,2.177303576900158e-05,0.00023901501845102757,0.0014958451502025127,0.007256129290908575,0.032939862459897995,0.1645306646823883,0.5,1.0,1.0,1.0
6,4770,25000,0.30465567111968994,0.3966555595397949,9.99999905104687e-09,1.0,9.99999905104687e-09,2.170098559872713e-05,0.00023502738622482866,0.0014914796920493245,0.007424741517752409,0.0328831821680069,0.16330507397651672,0.5,1.0,1.0,1.0
6,4780,25000,0.30458810925483704,0.39668312668800354,9.99999905104687e-09,1.0,9.99999905104687e-09,2.1483356249518692e-05,0.0002353662421228364,0.0015033949166536331,0.007349662948399782,0.03283106908202171,0.16350379586219788,0.5,1.0,1.0,1.0
6,4790,25000,0.3047160804271698,0.39669856429100037,9.99999905104687e-09,1.0,9.99999905104687e-09,2.1437486793729477e-05,0.00023745177895762026,0.0015081356978043914,0.007299767341464758,0.03298487886786461,0.1632850170135498,0.5,1.0,1.0,1.0
6,4800,25000,0.3046815097332001,0.39662832021713257,9.99999905104687e-09,1.0,9.99999905104687e-09,2.1438763724290766e-05,0.000233957456657663,0.001486325985752046,0.007422314025461674,0.033238284289836884,0.1646457314491272,0.5,1.0,1.0,1.0
6,4810,25000,0.3046780228614807,0.3966912627220154,9.99999905104687e-09,1.0,9.99999905104687e-09,2.12888862733962e-05,0.0002381849189987406,0.0015176640590652823,0.007344157434999943,0.03271474689245224,0.1634654551744461,0.5,1.0,1.0,1.0
6,4820,25000,0.3046541213989258,0.3966648280620575,9.99999905104687e-09,1.0,9.99999905104687e-09,2.1507032215595245e-05,0.00023674994008615613,0.0014981195563450456,0.007380135357379913,0.03290039300918579,0.16380076110363007,0.5,1.0,1.0,1.0
6,4830,25000,0.30466902256011963,0.3966934084892273,9.99999905104687e-09,1.0,9.99999905104687e-09,2.1522184397326782e-05,0.00023859244538471103,0.001500156824477017,0.007300041150301695,0.03286128491163254,0.16273629665374756,0.5,1.0,1.0,1.0
6,4840,25000,0.30453673005104065,0.39667797088623047,9.99999905104687e-09,1.0,9.99999905104687e-09,2.1293921236065216e-05,0.00023920019157230854,0.001493892166763544,0.007316659204661846,0.032867372035980225,0.16274955868721008,0.5,1.0,1.0,1.0
6,4850,25000,0.30450746417045593,0.39667436480522156,9.99999905104687e-09,1.0,9.99999905104687e-09,2.1559955712291412e-05,0.00023883185349404812,0.0014968023169785738,0.007342958822846413,0.03272022679448128,0.16267557442188263,0.5,1.0,1.0,1.0
6,4860,25000,0.30466634035110474,0.39669033885002136,9.99999905104687e-09,1.0,9.99999905104687e-09,2.1738633222412318e-05,0.00023600574058946222,0.0014951758785173297,0.007315295748412609,0.032834190875291824,0.1622568964958191,0.5,1.0,1.0,1.0
6,4870,25000,0.30464857816696167,0.3967568576335907,9.99999905104687e-09,1.0,9.99999905104687e-09,2.1288416974130087e-05,0.0002356601762585342,0.0014888053992763162,0.007298916112631559,0.03250918164849281,0.1635931134223938,0.5,1.0,1.0,1.0
6,4880,25000,0.3046049475669861,0.39673951268196106,9.99999905104687e-09,1.0,9.99999905104687e-09,2.1092129827593453e-05,0.00023261821479536593,0.0015070328954607248,0.007348005194216967,0.0326659232378006,0.1620643585920334,0.5,1.0,1.0,1.0
6,4890,25000,0.3046567738056183,0.3967243432998657,9.99999905104687e-09,1.0,9.99999905104687e-09,2.1423056750791147e-05,0.00023485053679905832,0.001481529208831489,0.0072965133003890514,0.03305710107088089,0.16377492249011993,0.5,1.0,1.0,1.0
6,4900,25000,0.3046693801879883,0.3966774046421051,9.99999905104687e-09,1.0,9.99999905104687e-09,2.137661795131862e-05,0.0002392401365796104,0.0014876289060339332,0.007193002849817276,0.03272724896669388,0.1649598926305771,0.5,1.0,1.0,1.0
6,4910,25000,0.3046371042728424,0.3967048227787018,9.99999905104687e-09,1.0,9.99999905104687e-09,2.1528090655920096e-05,0.00023824228264857084,0.0015033710515126586,0.007300538010895252,0.03269904851913452,0.16326244175434113,0.5,1.0,1.0,1.0
6,4920,25000,0.3045312464237213,0.3966614603996277,9.99999905104687e-09,1.0,9.99999905104687e-09,2.14274441532325e-05,0.00023563399736303836,0.001512122806161642,0.007288054563105106,0.03274434059858322,0.16335105895996094,0.5,1.0,1.0,1.0
6,4930,25000,0.30456677079200745,0.3966495394706726,9.99999905104687e-09,1.0,9.99999905104687e-09,2.106949068547692e-05,0.00023514438362326473,0.0015119386371225119,0.00730436434969306,0.03302135318517685,0.16264621913433075,0.5,1.0,1.0,1.0
6,4940,25000,0.3046075403690338,0.3967140316963196,9.99999905104687e-09,1.0,9.99999905104687e-09,2.1507585188373923e-05,0.00023429369321092963,0.0014987732283771038,0.007330036256462336,0.03269799426198006,0.16281665861606598,0.5,1.0,1.0,1.0
6,4950,25000,0.30472856760025024,0.39670512080192566,9.99999905104687e-09,1.0,9.99999905104687e-09,2.129305539710913e-05,0.00023596524260938168,0.0015039985300973058,0.007261306047439575,0.032725103199481964,0.16281302273273468,0.5,1.0,1.0,1.0
6,4960,25000,0.30456119775772095,0.3966902494430542,9.99999905104687e-09,1.0,9.99999905104687e-09,2.167618731618859e-05,0.00023381020582746714,0.0014987423783168197,0.0074067432433366776,0.03316541761159897,0.16219359636306763,0.5,1.0,1.0,1.0
6,4970,25000,0.30466538667678833,0.396701842546463,9.99999905104687e-09,1.0,9.99999905104687e-09,2.142071934940759e-05,0.00023632195370737463,0.0015229639830067754,0.007369316648691893,0.032948579639196396,0.16298092901706696,0.5,1.0,1.0,1.0
6,4980,25000,0.30461931228637695,0.3967142701148987,9.99999905104687e-09,1.0,9.99999905104687e-09,2.1312240278348327e-05,0.00023118089302442968,0.0015087401261553168,0.007312903180718422,0.0329914391040802,0.16278749704360962,0.5,1.0,1.0,1.0
6,4990,25000,0.3046821653842926,0.3966687023639679,9.99999905104687e-09,1.0,9.99999905104687e-09,2.127701009158045e-05,0.00023352072457782924,0.0014971356140449643,0.007356060668826103,0.033094774931669235,0.1626223474740982,0.5,1.0,1.0,1.0
6,5000,25000,0.30460280179977417,0.39665576815605164,9.99999905104687e-09,1.0,9.99999905104687e-09,2.1214644220890477e-05,0.00024314949405379593,0.0015089063672348857,0.007315189111977816,0.03279857337474823,0.16341832280158997,0.5,1.0,1.0,1.0
6,5010,25000,0.30446547269821167,0.3966618478298187,9.99999905104687e-09,1.0,9.99999905104687e-09,2.162728924304247e-05,0.00023623502056580037,0.0014883659314364195,0.007362723350524902,0.03295958787202835,0.1626969575881958,0.5,1.0,1.0,1.0
6,5020,25000,0.304574191570282,0.3966669738292694,9.99999905104687e-09,1.0,9.99999905104687e-09,2.1706944608013146e-05,0.0002368809364270419,0.0015197909669950604,0.007412934210151434,0.03269076347351074,0.16284149885177612,0.5,1.0,1.0,1.0
6,5030,25000,0.3046320378780365,0.39668598771095276,9.99999905104687e-09,1.0,9.99999905104687e-09,2.128635605913587e-05,0.00023567354946862906,0.0014945233706384897,0.007353821769356728,0.032720454037189484,0.16369643807411194,0.5,1.0,1.0,1.0
6,5040,25000,0.3046075105667114,0.3966696560382843,9.99999905104687e-09,1.0,9.99999905104687e-09,2.1223615476628765e-05,0.00023577977844979614,0.0014939288375899196,0.007267066277563572,0.032978881150484085,0.16352632641792297,0.5,1.0,1.0,1.0
6,5050,25000,0.3045600950717926,0.3966791331768036,9.99999905104687e-09,1.0,9.99999905104687e-09,2.149832835129928e-05,0.00023542396957054734,0.0015129831153899431,0.007288689259439707,0.03284987434744835,0.16351667046546936,0.5,1.0,1.0,1.0
6,5060,25000,0.3046846389770508,0.39673009514808655,9.99999905104687e-09,1.0,9.99999905104687e-09,2.1297548300935887e-05,0.00023421805235557258,0.0014952438650652766,0.007356239948421717,0.03273281082510948,0.1639641672372818,0.5,1.0,1.0,1.0
6,5070,25000,0.3047102689743042,0.39670172333717346,9.99999905104687e-09,1.0,9.99999905104687e-09,2.1270896468195133e-05,0.0002391688758507371,0.0014984988374635577,0.007352815475314856,0.033184655010700226,0.16232885420322418,0.5,1.0,1.0,1.0
6,5080,25000,0.3046417534351349,0.3967069685459137,9.99999905104687e-09,1.0,9.99999905104687e-09,2.1350040697143413e-05,0.00023703888291493058,0.0014964300207793713,0.007312852889299393,0.03296374902129173,0.16427186131477356,0.5,1.0,1.0,1.0
6,5090,25000,0.3046717345714569,0.39674508571624756,9.99999905104687e-09,1.0,9.99999905104687e-09,2.1760388335678726e-05,0.00023386336397379637,0.0015183445066213608,0.007415108382701874,0.032857947051525116,0.16313064098358154,0.5,1.0,1.0,1.0
6,5100,25000,0.304779589176178,0.39667922258377075,9.99999905104687e-09,1.0,9.99999905104687e-09,2.1328713046386838e-05,0.00023791188141331077,0.0015160571783781052,0.007352769840508699,0.03298833221197128,0.1646895408630371,0.5,1.0,1.0,1.0
6,5110,25000,0.3046403229236603,0.3967476785182953,9.99999905104687e-09,1.0,9.99999905104687e-09,2.147011400666088e-05,0.00023340218467637897,0.0014912907499819994,0.007272885646671057,0.032882265746593475,0.16295236349105835,0.5,1.0,1.0,1.0
6,5120,25000,0.3046478033065796,0.39675021171569824,9.99999905104687e-09,1.0,9.99999905104687e-09,2.1587289666058496e-05,0.00023600169515702873,0.0015151987317949533,0.007304827217012644,0.03279682993888855,0.1622154861688614,0.5,1.0,1.0,1.0
6,5130,25000,0.3046523630619049,0.39670342206954956,9.99999905104687e-09,1.0,9.99999905104687e-09,2.147689156117849e-05,0.00023431656882166862,0.0015079841250553727,0.007257607765495777,0.033148761838674545,0.16312792897224426,0.5,1.0,1.0,1.0
6,5140,25000,0.30471310019493103,0.3966993987560272,9.99999905104687e-09,1.0,9.99999905104687e-09,2.1547784854192287e-05,0.00023364921798929572,0.0014906300930306315,0.007362822536379099,0.032933130860328674,0.16313792765140533,0.5,1.0,1.0,1.0
6,5150,25000,0.30467933416366577,0.3967057764530182,9.99999905104687e-09,1.0,9.99999905104687e-09,2.1057574485894293e-05,0.00023587586474604905,0.0015151944244280457,0.0073703317902982235,0.032799433916807175,0.16208717226982117,0.5,1.0,1.0,1.0
6,5160,25000,0.3046114444732666,0.39672258496284485,9.99999905104687e-09,1.0,9.99999905104687e-09,2.1514810214284807e-05,0.00023641998996026814,0.0014986254973337054,0.0073436954990029335,0.032871268689632416,0.1630503535270691,0.5,1.0,1.0,1.0
6,5170,25000,0.3046771287918091,0.3966495394706726,9.99999905104687e-09,1.0,9.99999905104687e-09,2.1648513211403042e-05,0.00023603808949701488,0.0015161653282120824,0.007373064756393433,0.03306429088115692,0.16465024650096893,0.5,1.0,1.0,1.0
6,5180,25000,0.3046974241733551,0.3966582119464874,9.99999905104687e-09,1.0,9.99999905104687e-09,2.153104287572205e-05,0.0002354998141527176,0.0014978601830080152,0.0073425378650426865,0.032894834876060486,0.1640942096710205,0.5,1.0,1.0,1.0
6,5190,25000,0.30466243624687195,0.3966926336288452,9.99999905104687e-09,1.0,9.99999905104687e-09,2.1359839593060315e-05,0.00023443083046004176,0.0014936048537492752,0.007312876638025045,0.03299497067928314,0.16279882192611694,0.5,1.0,1.0,1.0
6,5200,25000,0.30458977818489075,0.39672771096229553,9.99999905104687e-09,1.0,9.99999905104687e-09,2.144793324987404e-05,0.0002367040578974411,0.0015102248871698976,0.007297435309737921,0.03281126543879509,0.16253912448883057,0.5,1.0,1.0,1.0
6,5210,25000,0.3046969771385193,0.39669740200042725,9.99999905104687e-09,1.0,9.99999905104687e-09,2.1055426259408705e-05,0.0002340251812711358,0.0014982696156948805,0.0073743946850299835,0.03287322446703911,0.16364367306232452,0.5,1.0,1.0,1.0
6,5220,25000,0.3045857846736908,0.3967244625091553,9.99999905104687e-09,1.0,9.99999905104687e-09,2.1808316887472756e-05,0.000234658204135485,0.0014880179660394788,0.007281084079295397,0.03275492787361145,0.16320335865020752,0.5,1.0,1.0,1.0
6,5230,25000,0.3047860264778137,0.396678626537323,9.99999905104687e-09,1.0,9.99999905104687e-09,2.118868360412307e-05,0.00023749742831569165,0.0015012898948043585,0.007395366672426462,0.03294333070516586,0.16398924589157104,0.5,1.0,1.0,1.0
6,5240,25000,0.3047986328601837,0.3967118561267853,9.99999905104687e-09,1.0,9.99999905104687e-09,2.1361835024436004e-05,0.00023791294370312244,0.0015160472830757499,0.007406320888549089,0.03295911103487015,0.1644568145275116,0.5,1.0,1.0,1.0
6,5250,25000,0.304602712392807,0.3967537581920624,9.99999905104687e-09,1.0,9.99999905104687e-09,2.1400857804110274e-05,0.00023587534087710083,0.001484191743656993,0.007322291843593121,0.032704006880521774,0.16243420541286469,0.5,1.0,1.0,1.0
6,5260,25000,0.3046356439590454,0.3967443108558655,9.99999905104687e-09,1.0,9.99999905104687e-09,2.177038913941942e-05,0.00023599447740707546,0.0014968684408813715,0.007419135887175798,0.032930366694927216,0.16253310441970825,0.5,1.0,1.0,1.0
6,5270,25000,0.3045348525047302,0.3967313766479492,9.99999905104687e-09,1.0,9.99999905104687e-09,2.1391284462879412e-05,0.0002361561928410083,0.0014895634958520532,0.007312559522688389,0.03260455280542374,0.16177316009998322,0.5,1.0,1.0,1.0
6,5280,25000,0.3047060966491699,0.396676629781723,9.99999905104687e-09,1.0,9.99999905104687e-09,2.1157531591597944e-05,0.00023875398619566113,0.0015081553719937801,0.0073635694570839405,0.03303579241037369,0.1630471795797348,0.5,1.0,1.0,1.0
6,5290,25000,0.304597407579422,0.3967214822769165,9.99999905104687e-09,1.0,9.99999905104687e-09,2.116517862305045e-05,0.00023575536033604294,0.0015146557707339525,0.007298855576664209,0.033006347715854645,0.16284514963626862,0.5,1.0,1.0,1.0
6,5300,25000,0.30463528633117676,0.3966757357120514,9.99999905104687e-09,1.0,9.99999905104687e-09,2.1364370695664547e-05,0.00023538281675428152,0.0014968978939577937,0.007337997201830149,0.0330323651432991,0.16391301155090332,0.5,1.0,1.0,1.0
6,5310,25000,0.30464044213294983,0.39667871594429016,9.99999905104687e-09,1.0,9.99999905104687e-09,2.154343565052841e-05,0.0002359400095883757,0.0015024119056761265,0.007327622268348932,0.032963838428258896,0.16253159940242767,0.5,1.0,1.0,1.0
6,5320,25000,0.3046105206012726,0.39670446515083313,9.99999905104687e-09,1.0,9.99999905104687e-09,2.1305519112502225e-05,0.00023796023742761463,0.0014910323079675436,0.0073364186100661755,0.03285428136587143,0.16316621005535126,0.5,1.0,1.0,1.0
6,5330,25000,0.30473393201828003,0.3966809809207916,9.99999905104687e-09,1.0,9.99999905104687e-09,2.1540858142543584e-05,0.00023649370996281505,0.0015127749647945166,0.007376374211162329,0.03336356580257416,0.16233767569065094,0.5,1.0,1.0,1.0
6,5340,25000,0.3045976161956787,0.3967399001121521,9.99999905104687e-09,1.0,9.99999905104687e-09,2.1304509573383257e-05,0.00023450248409062624,0.0014795527094975114,0.007282549981027842,0.0326974019408226,0.1617174595594406,0.5,1.0,1.0,1.0
6,5350,25000,0.30469292402267456,0.39671218395233154,9.99999905104687e-09,1.0,9.99999905104687e-09,2.1254527382552624e-05,0.00023518840316683054,0.0015073885442689061,0.007327419705688953,0.03300592675805092,0.16221527755260468,0.5,1.0,1.0,1.0
6,5360,25000,0.3047543168067932,0.39673689007759094,9.99999905104687e-09,1.0,9.99999905104687e-09,2.1554966224357486e-05,0.00023896587663330138,0.0014977118698880076,0.00746844382956624,0.033173661679029465,0.16361576318740845,0.5,1.0,1.0,1.0
6,5370,25000,0.3047080338001251,0.396762490272522,9.99999905104687e-09,1.0,9.99999905104687e-09,2.1352221665438265e-05,0.00023718332522548735,0.0014847958227619529,0.007356785703450441,0.03291700780391693,0.1626916080713272,0.5,1.0,1.0,1.0
6,5380,25000,0.30465197563171387,0.3967139720916748,9.99999905104687e-09,1.0,9.99999905104687e-09,2.174390283471439e-05,0.0002385936677455902,0.0015075819101184607,0.007402602583169937,0.032861992716789246,0.1642129123210907,0.5,1.0,1.0,1.0
6,5390,25000,0.304470956325531,0.3967428505420685,9.99999905104687e-09,1.0,9.99999905104687e-09,2.14821793633746e-05,0.00023434725881088525,0.0015109240775927901,0.00734905106946826,0.03263793885707855,0.16097776591777802,0.5,1.0,1.0,1.0
6,5400,25000,0.3045766353607178,0.3967258036136627,9.99999905104687e-09,1.0,9.99999905104687e-09,2.1268475393299013e-05,0.00023430857982020825,0.0014999066479504108,0.007366359233856201,0.033041421324014664,0.16229528188705444,0.5,1.0,1.0,1.0
6,5410,25000,0.3046279549598694,0.39669519662857056,9.99999905104687e-09,1.0,9.99999905104687e-09,2.15744676097529e-05,0.00023430115834344178,0.001503255683928728,0.007399649824947119,0.03267684578895569,0.16351976990699768,0.5,1.0,1.0,1.0
6,5420,25000,0.30465009808540344,0.3966518044471741,9.99999905104687e-09,1.0,9.99999905104687e-09,2.1473206288646907e-05,0.00023505144054070115,0.0014832322485744953,0.007298295386135578,0.033044781535863876,0.16334252059459686,0.5,1.0,1.0,1.0
6,5430,25000,0.30461812019348145,0.3967140316963196,9.99999905104687e-09,1.0,9.99999905104687e-09,2.1514768377528526e-05,0.00023358115868177265,0.0014945846050977707,0.007310300134122372,0.0326676219701767,0.16185498237609863,0.5,1.0,1.0,1.0
6,5440,25000,0.3045412600040436,0.3966742753982544,9.99999905104687e-09,1.0,9.99999905104687e-09,2.1241894501144998e-05,0.00023538549430668354,0.0014988206094130874,0.007400481961667538,0.032923951745033264,0.16271856427192688,0.5,1.0,1.0,1.0
6,5450,25000,0.30449962615966797,0.39666786789894104,9.99999905104687e-09,1.0,9.99999905104687e-09,2.12935028685024e-05,0.00023554966901428998,0.0015050999354571104,0.0073713501915335655,0.03283042833209038,0.16205136477947235,0.5,1.0,1.0,1.0
6,5460,25000,0.3046952784061432,0.39671799540519714,9.99999905104687e-09,1.0,9.99999905104687e-09,2.1306766939233057e-05,0.00023350394621957093,0.0014896903885528445,0.007388153579086065,0.032866790890693665,0.16259588301181793,0.5,1.0,1.0,1.0
6,5470,25000,0.3046071231365204,0.3967519998550415,9.99999905104687e-09,1.0,9.99999905104687e-09,2.1290310542099178e-05,0.00023785750090610236,0.0014997139805927873,0.00734339002519846,0.03295319527387619,0.16271182894706726,0.5,1.0,1.0,1.0
6,5480,25000,0.3046185076236725,0.39673906564712524,9.99999905104687e-09,1.0,9.99999905104687e-09,2.1161942640901543e-05,0.00023696670541539788,0.0014939946122467518,0.00728856073692441,0.03282210975885391,0.16343918442726135,0.5,1.0,1.0,1.0
6,5490,25000,0.3046458959579468,0.3967117965221405,9.99999905104687e-09,1.0,9.99999905104687e-09,2.151901753677521e-05,0.00023806699027772993,0.0014966740272939205,0.007300913333892822,0.03284763544797897,0.1626615822315216,0.5,1.0,1.0,1.0
6,5500,25000,0.30466243624687195,0.3966847062110901,9.99999905104687e-09,1.0,9.99999905104687e-09,2.1631714844261296e-05,0.0002362068771617487,0.0015010751085355878,0.007294630631804466,0.033121638000011444,0.16374583542346954,0.5,1.0,1.0,1.0
6,5510,25000,0.30456212162971497,0.396663635969162,9.99999905104687e-09,1.0,9.99999905104687e-09,2.1237254259176552e-05,0.00023711653193458915,0.0014814528403803706,0.0073475013487041,0.03262585774064064,0.16263329982757568,0.5,1.0,1.0,1.0
6,5520,25000,0.30460819602012634,0.39668989181518555,9.99999905104687e-09,1.0,9.99999905104687e-09,2.148618659703061e-05,0.00023284800408873707,0.0015134508721530437,0.007286457810550928,0.03262696415185928,0.16238360106945038,0.5,1.0,1.0,1.0
6,5530,25000,0.30469799041748047,0.39664700627326965,9.99999905104687e-09,1.0,9.99999905104687e-09,2.1376747099566273e-05,0.00023789571423549205,0.0015175816370174289,0.007318705320358276,0.032870180904865265,0.1645304262638092,0.5,1.0,1.0,1.0
6,5540,25000,0.30464863777160645,0.396647572517395,9.99999905104687e-09,1.0,9.99999905104687e-09,2.1481468138517812e-05,0.0002360042417421937,0.0015101543394848704,0.007290667854249477,0.03270428627729416,0.16405124962329865,0.5,1.0,1.0,1.0
6,5550,25000,0.30464231967926025,0.39670586585998535,9.99999905104687e-09,1.0,9.99999905104687e-09,2.1388519598986022e-05,0.0002374607720412314,0.001498851110227406,0.007397666107863188,0.03279539942741394,0.16335444152355194,0.5,1.0,1.0,1.0
6,5560,25000,0.3046283721923828,0.3966720700263977,9.99999905104687e-09,1.0,9.99999905104687e-09,2.1870184355066158e-05,0.0002379669458605349,0.0014976821839809418,0.007364428602159023,0.03281917795538902,0.1632297933101654,0.5,1.0,1.0,1.0
6,5570,25000,0.30459606647491455,0.39667415618896484,9.99999905104687e-09,1.0,9.99999905104687e-09,2.1246294636512175e-05,0.00023349559342022985,0.0015036669792607427,0.007378638722002506,0.032919157296419144,0.16459646821022034,0.5,1.0,1.0,1.0
6,5580,25000,0.3046502470970154,0.39670947194099426,9.99999905104687e-09,1.0,9.99999905104687e-09,2.1527084754779935e-05,0.00023547193268314004,0.0014979317784309387,0.007319362834095955,0.03262955695390701,0.16354401409626007,0.5,1.0,1.0,1.0
6,5590,25000,0.3047022819519043,0.3966940939426422,9.99999905104687e-09,1.0,9.99999905104687e-09,2.143041456292849e-05,0.00023524457355961204,0.0014922929694876075,0.007295886054635048,0.032880544662475586,0.16364717483520508,0.5,1.0,1.0,1.0
6,5600,25000,0.3046087920665741,0.39672672748565674,9.99999905104687e-09,1.0,9.99999905104687e-09,2.1241306967567652e-05,0.00023569859331473708,0.0014988312032073736,0.0073239849880337715,0.03284666687250137,0.1624557077884674,0.5,1.0,1.0,1.0
6,5610,25000,0.3046647012233734,0.3967372477054596,9.99999905104687e-09,1.0,9.99999905104687e-09,2.1515515982173383e-05,0.00023372750729322433,0.0015012617222964764,0.007332855369895697,0.032922517508268356,0.1619226485490799,0.5,1.0,1.0,1.0
6,5620,25000,0.3047427833080292,0.3966978192329407,9.99999905104687e-09,1.0,9.99999905104687e-09,2.1559746528510004e-05,0.00023769041581545025,0.0015068532666191459,0.00734492065384984,0.03302177041769028,0.16535386443138123,0.5,1.0,1.0,1.0
6,5630,25000,0.304733008146286,0.3966890275478363,9.99999905104687e-09,1.0,9.99999905104687e-09,2.0923711417708546e-05,0.0002340954088140279,0.0015061674639582634,0.00727975694462657,0.033003270626068115,0.16421280801296234,0.5,1.0,1.0,1.0
6,5640,25000,0.3045614957809448,0.39667806029319763,9.99999905104687e-09,1.0,9.99999905104687e-09,2.1691086658393033e-05,0.00023359245096798986,0.001496738288551569,0.007298069540411234,0.03279184550046921,0.16286331415176392,0.5,1.0,1.0,1.0
6,5650,25000,0.3046397864818573,0.39668187499046326,9.99999905104687e-09,1.0,9.99999905104687e-09,2.1318492144928314e-05,0.00023593612422700971,0.0015028993366286159,0.007372232154011726,0.032815344631671906,0.16389717161655426,0.5,1.0,1.0,1.0
6,5660,25000,0.3045935332775116,0.39674651622772217,9.99999905104687e-09,1.0,9.99999905104687e-09,2.1563120753853582e-05,0.00023665967455599457,0.0014980778796598315,0.007367234211415052,0.03271113336086273,0.1621936708688736,0.5,1.0,1.0,1.0
6,5670,25000,0.30471277236938477,0.3967110812664032,9.99999905104687e-09,1.0,9.99999905104687e-09,2.1658914192812517e-05,0.00023685023188591003,0.0015078916912898421,0.007338470313698053,0.032956987619400024,0.1629685014486313,0.5,1.0,1.0,1.0
6,5680,25000,0.3046906590461731,0.39674773812294006,9.99999905104687e-09,1.0,9.99999905104687e-09,2.1538093278650194e-05,0.0002341025829082355,0.0014983671717345715,0.007324669044464827,0.032846786081790924,0.16383683681488037,0.5,1.0,1.0,1.0
6,5690,25000,0.30476051568984985,0.3966912031173706,9.99999905104687e-09,1.0,9.99999905104687e-09,2.1562316760537215e-05,0.00024013301299419254,0.0015204624505713582,0.0073000164702534676,0.03330816328525543,0.1652195006608963,0.5,1.0,1.0,1.0
6,5700,25000,0.3046673834323883,0.3967386484146118,9.99999905104687e-09,1.0,9.99999905104687e-09,2.1318668586900458e-05,0.00023672690440434963,0.0014903245028108358,0.007310240529477596,0.03304075449705124,0.1625973880290985,0.5,1.0,1.0,1.0
6,5710,25000,0.3046475946903229,0.3967384099960327,9.99999905104687e-09,1.0,9.99999905104687e-09,2.154105095542036e-05,0.00023458483337890357,0.0015045931795611978,0.00738306762650609,0.032618507742881775,0.16341131925582886,0.5,1.0,1.0,1.0
6,5720,25000,0.3047538697719574,0.3967345952987671,9.99999905104687e-09,1.0,9.99999905104687e-09,2.1585432477877475e-05,0.00023667111236136407,0.0015096986899152398,0.00740013225004077,0.0327988937497139,0.1631462723016739,0.5,1.0,1.0,1.0
6,5730,25000,0.3047117590904236,0.3966883718967438,9.99999905104687e-09,1.0,9.99999905104687e-09,2.1779194867121987e-05,0.00023689764202572405,0.0014996130485087633,0.007407327648252249,0.03293544054031372,0.16369087994098663,0.5,1.0,1.0,1.0
6,5740,25000,0.3047019839286804,0.3967266082763672,9.99999905104687e-09,1.0,9.99999905104687e-09,2.1523497707676142e-05,0.00023406105174217373,0.0014910937752574682,0.00733179273083806,0.0330447256565094,0.16399823129177094,0.5,1.0,1.0,1.0
6,5750,25000,0.3045656085014343,0.3966522216796875,9.99999905104687e-09,1.0,9.99999905104687e-09,2.1317993741831742e-05,0.00023832404986023903,0.001505628228187561,0.00735438009724021,0.03280232846736908,0.16338562965393066,0.5,1.0,1.0,1.0
6,5760,25000,0.30467185378074646,0.39670923352241516,9.99999905104687e-09,1.0,9.99999905104687e-09,2.1581183318630792e-05,0.00023592649085912853,0.0015045559266582131,0.007397441193461418,0.032725606113672256,0.16361840069293976,0.5,1.0,1.0,1.0
6,5770,25000,0.3045964539051056,0.3967522382736206,9.99999905104687e-09,1.0,9.99999905104687e-09,2.1764615667052567e-05,0.00023372683790512383,0.0015188512625172734,0.007326563820242882,0.03277720883488655,0.1640024036169052,0.5,1.0,1.0,1.0
6,5780,25000,0.30462974309921265,0.3967134654521942,9.99999905104687e-09,1.0,9.99999905104687e-09,2.0953862986061722e-05,0.00023334324941970408,0.0014790307031944394,0.007314340677112341,0.0326971709728241,0.1629796326160431,0.5,1.0,1.0,1.0
6,5790,25000,0.30460572242736816,0.39674898982048035,9.99999905104687e-09,1.0,9.99999905104687e-09,2.1230049242149107e-05,0.0002355223405174911,0.001507607870735228,0.007347888313233852,0.03286055475473404,0.1620073765516281,0.5,1.0,1.0,1.0
6,5800,25000,0.30460992455482483,0.3966944217681885,9.99999905104687e-09,1.0,9.99999905104687e-09,2.140649849025067e-05,0.00023104867432266474,0.001484825275838375,0.007307075429707766,0.0325264073908329,0.16402454674243927,0.5,1.0,1.0,1.0
6,5810,25000,0.3046521842479706,0.39672404527664185,9.99999905104687e-09,1.0,9.99999905104687e-09,2.1017069229856133e-05,0.0002341289073228836,0.0014949149917811155,0.007318118587136269,0.0329306498169899,0.16375866532325745,0.5,1.0,1.0,1.0
6,5820,25000,0.30469152331352234,0.39666038751602173,9.99999905104687e-09,1.0,9.99999905104687e-09,2.1470990759553388e-05,0.00024073474924080074,0.0015022738371044397,0.007378605660051107,0.03287588432431221,0.16410787403583527,0.5,1.0,1.0,1.0
6,5830,25000,0.3045395314693451,0.3966076374053955,9.99999905104687e-09,1.0,9.99999905104687e-09,2.1730589651269838e-05,0.00023756703012622893,0.0015072334790602326,0.007409308105707169,0.032976098358631134,0.16280172765254974,0.5,1.0,1.0,1.0
6,5840,25000,0.3045288920402527,0.396615207195282,9.99999905104687e-09,1.0,9.99999905104687e-09,2.126733488694299e-05,0.00023509925813414156,0.0014996406389400363,0.007323050405830145,0.03281237185001373,0.16387146711349487,0.5,1.0,1.0,1.0
6,5850,25000,0.30474305152893066,0.3965854346752167,9.99999905104687e-09,1.0,9.99999905104687e-09,2.156965456379112e-05,0.00023779972980264574,0.0015148620586842299,0.007363226264715195,0.03327510133385658,0.163413405418396,0.5,1.0,1.0,1.0
6,5860,25000,0.304654061794281,0.39661669731140137,9.99999905104687e-09,1.0,9.99999905104687e-09,2.1267993361107074e-05,0.00023511977633461356,0.00152228819206357,0.007389720994979143,0.03317192196846008,0.16308631002902985,0.5,1.0,1.0,1.0
6,5870,25000,0.30460458993911743,0.39661848545074463,9.99999905104687e-09,1.0,9.99999905104687e-09,2.092883369186893e-05,0.00023480782692786306,0.001520314603112638,0.0073752929456532,0.03305696323513985,0.16341759264469147,0.5,1.0,1.0,1.0
6,5880,25000,0.3044799268245697,0.3967401087284088,9.99999905104687e-09,1.0,9.99999905104687e-09,2.1492851374205202e-05,0.0002332819130970165,0.001509506837464869,0.0073050884529948235,0.03273630887269974,0.1615516096353531,0.5,1.0,1.0,1.0
6,5890,25000,0.3047740161418915,0.3966900408267975,9.99999905104687e-09,1.0,9.99999905104687e-09,2.1455547539517283e-05,0.00023722129117231816,0.0015053799143061042,0.007387729361653328,0.032811325043439865,0.16454942524433136,0.5,1.0,1.0,1.0
6,5900,25000,0.30470630526542664,0.3967302143573761,9.99999905104687e-09,1.0,9.99999905104687e-09,2.1886940885451622e-05,0.00023766575031913817,0.0015108863590285182,0.007299460936337709,0.03280522674322128,0.1643010675907135,0.5,1.0,1.0,1.0
6,5910,25000,0.3046523332595825,0.3967036306858063,9.99999905104687e-09,1.0,9.99999905104687e-09,2.155298352590762e-05,0.0002368390851188451,0.001510576345026493,0.0073548853397369385,0.03274334967136383,0.1639656126499176,0.5,1.0,1.0,1.0
6,5920,25000,0.30455687642097473,0.39667466282844543,9.99999905104687e-09,1.0,9.99999905104687e-09,2.142346784239635e-05,0.0002352967276237905,0.0014940478140488267,0.007365797180682421,0.03282123804092407,0.16284245252609253,0.5,1.0,1.0,1.0
6,5930,25000,0.30468669533729553,0.39674586057662964,9.99999905104687e-09,1.0,9.99999905104687e-09,2.1356638171710074e-05,0.00023343681823462248,0.0014825441176071763,0.007351418025791645,0.03284312039613724,0.16304969787597656,0.5,1.0,1.0,1.0
6,5940,25000,0.304616242647171,0.39674896001815796,9.99999905104687e-09,1.0,9.99999905104687e-09,2.1530671801883727e-05,0.000232333957683295,0.0015000352868810296,0.007329720538109541,0.03267613425850868,0.16391687095165253,0.5,1.0,1.0,1.0
6,5950,25000,0.3045414984226227,0.3967219293117523,9.99999905104687e-09,1.0,9.99999905104687e-09,2.118160409736447e-05,0.00023589147895108908,0.0014971483033150434,0.0073738317005336285,0.03285869210958481,0.1617680937051773,0.5,1.0,1.0,1.0
6,5960,25000,0.304701030254364,0.3967069983482361,9.99999905104687e-09,1.0,9.99999905104687e-09,2.139916250598617e-05,0.0002364021202083677,0.001487542293034494,0.00736113078892231,0.033081986010074615,0.16442835330963135,0.5,1.0,1.0,1.0
6,5970,25000,0.3046633303165436,0.3967133164405823,9.99999905104687e-09,1.0,9.99999905104687e-09,2.1490905055543408e-05,0.0002376566408202052,0.0015030733775347471,0.007317069452255964,0.03290922939777374,0.16270530223846436,0.5,1.0,1.0,1.0
6,5980,25000,0.304554283618927,0.3967316448688507,9.99999905104687e-09,1.0,9.99999905104687e-09,2.1291925804689527e-05,0.00023640008294023573,0.00150285754352808,0.007325378246605396,0.03272167593240738,0.16238924860954285,0.5,1.0,1.0,1.0
6,5990,25000,0.3046078085899353,0.3966841399669647,9.99999905104687e-09,1.0,9.99999905104687e-09,2.1498721253010444e-05,0.00023740877804812044,0.0015017077093943954,0.007338003255426884,0.032574549317359924,0.16320791840553284,0.5,1.0,1.0,1.0
6,6000,25000,0.3045995533466339,0.3966692090034485,9.99999905104687e-09,1.0,9.99999905104687e-09,2.1565909264609218e-05,0.0002373746392549947,0.0015130330575630069,0.007396357599645853,0.03293824940919876,0.1639009714126587,0.5,1.0,1.0,1.0
6,6010,25000,0.30460768938064575,0.39666154980659485,9.99999905104687e-09,1.0,9.99999905104687e-09,2.1197913156356663e-05,0.0002376373013248667,0.001488673617132008,0.007291036192327738,0.033072732388973236,0.1634232997894287,0.5,1.0,1.0,1.0
6,6020,25000,0.3046937882900238,0.39671772718429565,9.99999905104687e-09,1.0,9.99999905104687e-09,2.1236985048744828e-05,0.0002352934388909489,0.0015040396247059107,0.0073869479820132256,0.032969601452350616,0.16319701075553894,0.5,1.0,1.0,1.0
6,6030,25000,0.3046487867832184,0.39667439460754395,9.99999905104687e-09,1.0,9.99999905104687e-09,2.152340857719537e-05,0.00023433376918546855,0.0014788152184337378,0.007313536945730448,0.03295084834098816,0.16351602971553802,0.5,1.0,1.0,1.0
6,6040,25000,0.30467459559440613,0.39663898944854736,9.99999905104687e-09,1.0,9.99999905104687e-09,2.1517118511837907e-05,0.00023720311583019793,0.001498259138315916,0.007333830464631319,0.03316386789083481,0.16391049325466156,0.5,1.0,1.0,1.0
6,6050,25000,0.30453357100486755,0.39665427803993225,9.99999905104687e-09,1.0,9.99999905104687e-09,2.1474786990438588e-05,0.00023776700254529715,0.0015042423037812114,0.0073611256666481495,0.03299234062433243,0.16283977031707764,0.5,1.0,1.0,1.0
6,6060,25000,0.30460238456726074,0.3966062068939209,9.99999905104687e-09,1.0,9.99999905104687e-09,2.14749470615061e-05,0.00023596375831402838,0.0014976098900660872,0.007327238563448191,0.0330355241894722,0.16433487832546234,0.5,1.0,1.0,1.0
6,6070,25000,0.3044973611831665,0.39664793014526367,9.99999905104687e-09,1.0,9.99999905104687e-09,2.161728662031237e-05,0.00023809603590052575,0.0014929866883903742,0.007342508062720299,0.03280307352542877,0.16244545578956604,0.5,1.0,1.0,1.0
6,6080,25000,0.3046989440917969,0.3966078758239746,9.99999905104687e-09,1.0,9.99999905104687e-09,2.11658189073205e-05,0.0002361802471568808,0.0014945819275453687,0.007395751774311066,0.0332581102848053,0.16321764886379242,0.5,1.0,1.0,1.0
6,6090,25000,0.30470824241638184,0.3966703414916992,9.99999905104687e-09,1.0,9.99999905104687e-09,2.135198883479461e-05,0.0002345794055145234,0.0014902359107509255,0.007391804363578558,0.03266112133860588,0.16398759186267853,0.5,1.0,1.0,1.0
6,6100,25000,0.3047250807285309,0.39664673805236816,9.99999905104687e-09,1.0,9.99999905104687e-09,2.1318770450307056e-05,0.00024086305347736925,0.001510714297182858,0.007345348596572876,0.03308143839240074,0.1633843183517456,0.5,1.0,1.0,1.0
6,6110,25000,0.30468985438346863,0.3966994285583496,9.99999905104687e-09,1.0,9.99999905104687e-09,2.1483951059053652e-05,0.00023129410692490637,0.0015015435637906194,0.007328631356358528,0.03294829651713371,0.1624588966369629,0.5,1.0,1.0,1.0
6,6120,25000,0.30466562509536743,0.39674749970436096,9.99999905104687e-09,1.0,9.99999905104687e-09,2.145865983038675e-05,0.00023703246552031487,0.0014788579428568482,0.0073411413468420506,0.0330454558134079,0.16274777054786682,0.5,1.0,1.0,1.0
6,6130,25000,0.3046428859233856,0.3967001736164093,9.99999905104687e-09,1.0,9.99999905104687e-09,2.1381445549195632e-05,0.00023854244500398636,0.001481697428971529,0.007308647036552429,0.03284738212823868,0.16263951361179352,0.5,1.0,1.0,1.0
6,6140,25000,0.3047608733177185,0.3967359662055969,9.99999905104687e-09,1.0,9.99999905104687e-09,2.1597070372081362e-05,0.00023720912577118725,0.0015107088256627321,0.0073775239288806915,0.03281895071268082,0.16450518369674683,0.5,1.0,1.0,1.0
6,6150,25000,0.30477744340896606,0.3967176675796509,9.99999905104687e-09,1.0,9.99999905104687e-09,2.1512187231564894e-05,0.0002355920005356893,0.0014893343904986978,0.0073853749781847,0.032788511365652084,0.1632666438817978,0.5,1.0,1.0,1.0
6,6160,25000,0.3047286570072174,0.39675843715667725,9.99999905104687e-09,1.0,9.99999905104687e-09,2.1397831005742773e-05,0.00023417946067638695,0.0014993194490671158,0.007263443898409605,0.033016737550497055,0.1620541661977768,0.5,1.0,1.0,1.0
6,6170,25000,0.30461496114730835,0.39676201343536377,9.99999905104687e-09,1.0,9.99999905104687e-09,2.1932253730483353e-05,0.00023275750572793186,0.0014992100186645985,0.007319010328501463,0.03280279040336609,0.16303758323192596,0.5,1.0,1.0,1.0
6,6180,25000,0.3046741783618927,0.3967379629611969,9.99999905104687e-09,1.0,9.99999905104687e-09,2.1370224203565158e-05,0.00023597654944751412,0.001485559856519103,0.007354652974754572,0.03302846848964691,0.16256976127624512,0.5,1.0,1.0,1.0
6,6190,25000,0.30469420552253723,0.39674556255340576,9.99999905104687e-09,1.0,9.99999905104687e-09,2.1301491869962774e-05,0.0002345042594242841,0.0014767214888706803,0.007270010653883219,0.03261741250753403,0.1626143604516983,0.5,1.0,1.0,1.0
6,6200,25000,0.3046801686286926,0.39678657054901123,9.99999905104687e-09,1.0,9.99999905104687e-09,2.1481517251231708e-05,0.00023669053916819394,0.0015128005761653185,0.007323055062443018,0.03291849046945572,0.1622914969921112,0.5,1.0,1.0,1.0
6,6210,25000,0.30477818846702576,0.3967733383178711,9.99999905104687e-09,1.0,9.99999905104687e-09,2.1418265532702208e-05,0.00023462717945221812,0.0014877290232107043,0.00732107600197196,0.03295425325632095,0.1626160591840744,0.5,1.0,1.0,1.0
6,6220,25000,0.30460116267204285,0.396746426820755,9.99999905104687e-09,1.0,9.99999905104687e-09,2.174533437937498e-05,0.00023593685182277113,0.0014856461202725768,0.007276810240000486,0.032765358686447144,0.16316795349121094,0.5,1.0,1.0,1.0
6,6230,25000,0.3046221435070038,0.39675116539001465,9.99999905104687e-09,1.0,9.99999905104687e-09,2.139473508577794e-05,0.00023434053582604975,0.001523639541119337,0.007378053851425648,0.03292055055499077,0.16201184689998627,0.5,1.0,1.0,1.0
6,6240,25000,0.30466508865356445,0.39671212434768677,9.99999905104687e-09,1.0,9.99999905104687e-09,2.140550896001514e-05,0.0002346774999750778,0.0014909564051777124,0.007387020159512758,0.032758161425590515,0.16445276141166687,0.5,1.0,1.0,1.0
6,6250,25000,0.3046262562274933,0.3967093229293823,9.99999905104687e-09,1.0,9.99999905104687e-09,2.1602083506877534e-05,0.00023275284911505878,0.0015052241506054997,0.007318349555134773,0.03255438059568405,0.16297303140163422,0.5,1.0,1.0,1.0
6,6260,25000,0.30466440320014954,0.3966140151023865,9.99999905104687e-09,1.0,9.99999905104687e-09,2.170885454688687e-05,0.0002403445541858673,0.0015086071798577905,0.007304447703063488,0.033045001327991486,0.16462008655071259,0.5,1.0,1.0,1.0
6,6270,25000,0.3046598732471466,0.39664697647094727,9.99999905104687e-09,1.0,9.99999905104687e-09,2.1740812371717766e-05,0.0002358124911552295,0.0014956454979255795,0.0073161255568265915,0.032992828637361526,0.1640019416809082,0.5,1.0,1.0,1.0
6,6280,25000,0.30459579825401306,0.3966318368911743,9.99999905104687e-09,1.0,9.99999905104687e-09,2.1143892809050158e-05,0.0002383985702181235,0.0015016047982499003,0.007409298326820135,0.032890014350414276,0.16311974823474884,0.5,1.0,1.0,1.0
6,6290,25000,0.30459293723106384,0.39666810631752014,9.99999905104687e-09,1.0,9.99999905104687e-09,2.1379282770794816e-05,0.0002371770970057696,0.0014929849421605468,0.007349533960223198,0.032914899289608,0.16318508982658386,0.5,1.0,1.0,1.0
6,6300,25000,0.30459699034690857,0.39664986729621887,9.99999905104687e-09,1.0,9.99999905104687e-09,2.1154561181901954e-05,0.00023815914755687118,0.0015173217980191112,0.0073523917235434055,0.033029794692993164,0.1629757583141327,0.5,1.0,1.0,1.0
6,6310,25000,0.3046501874923706,0.3966626524925232,9.99999905104687e-09,1.0,9.99999905104687e-09,2.1294412363204174e-05,0.00024015939561650157,0.0014952427009120584,0.007343740668147802,0.03281935304403305,0.16408631205558777,0.5,1.0,1.0,1.0
6,6320,25000,0.30465126037597656,0.39673325419425964,9.99999905104687e-09,1.0,9.99999905104687e-09,2.1276418920024298e-05,0.00023596276878379285,0.0014897577930241823,0.007303282152861357,0.03329642862081528,0.1625293642282486,0.5,1.0,1.0,1.0
6,6330,25000,0.3046417832374573,0.3967166841030121,9.99999905104687e-09,1.0,9.99999905104687e-09,2.1410805857158266e-05,0.00023534041247330606,0.0014878138899803162,0.007340248208492994,0.0329228974878788,0.16267333924770355,0.5,1.0,1.0,1.0
6,6340,25000,0.304678738117218,0.3966551721096039,9.99999905104687e-09,1.0,9.99999905104687e-09,2.143769415852148e-05,0.00023742417397443205,0.0014899743255227804,0.007355330511927605,0.03287115693092346,0.16344137489795685,0.5,1.0,1.0,1.0
6,6350,25000,0.3047170341014862,0.39668747782707214,9.99999905104687e-09,1.0,9.99999905104687e-09,2.1381503756856546e-05,0.00023597675317432731,0.0015139656607061625,0.0073722111992537975,0.03285074979066849,0.1623573899269104,0.5,1.0,1.0,1.0
6,6360,25000,0.3045174479484558,0.3966773450374603,9.99999905104687e-09,1.0,9.99999905104687e-09,2.1305251721059904e-05,0.00023752826382406056,0.0014874875778332353,0.007264753803610802,0.0327938050031662,0.1632833331823349,0.5,1.0,1.0,1.0
6,6370,25000,0.3045804798603058,0.3966999351978302,9.99999905104687e-09,1.0,9.99999905104687e-09,2.15594373003114e-05,0.00023435924958903342,0.0015053974930197,0.007403661031275988,0.032538458704948425,0.16370119154453278,0.5,1.0,1.0,1.0
6,6380,25000,0.3046434223651886,0.3966664969921112,9.99999905104687e-09,1.0,9.99999905104687e-09,2.1386960725067183e-05,0.00023473278270103037,0.001505956519395113,0.007406408898532391,0.032628148794174194,0.16419246792793274,0.5,1.0,1.0,1.0
6,6390,25000,0.30468884110450745,0.3966769874095917,9.99999905104687e-09,1.0,9.99999905104687e-09,2.1733152607339434e-05,0.00023688600049354136,0.0014876022469252348,0.007290438283234835,0.03311077505350113,0.1639418751001358,0.5,1.0,1.0,1.0
6,6400,25000,0.3046033978462219,0.3966901898384094,9.99999905104687e-09,1.0,9.99999905104687e-09,2.1163768906262703e-05,0.0002360113285249099,0.0015069714281708002,0.00735978689044714,0.03239445388317108,0.1630314439535141,0.5,1.0,1.0,1.0
6,6410,25000,0.3046492040157318,0.3966869115829468,9.99999905104687e-09,1.0,9.99999905104687e-09,2.1277621272020042e-05,0.00023663905449211597,0.0014940141700208187,0.007312456611543894,0.032954271882772446,0.16402648389339447,0.5,1.0,1.0,1.0
6,6420,25000,0.3047487735748291,0.3967217803001404,9.99999905104687e-09,1.0,9.99999905104687e-09,2.1023488443461247e-05,0.00023647963826078922,0.001504860119894147,0.007397784851491451,0.03296070545911789,0.16485996544361115,0.5,1.0,1.0,1.0
6,6430,25000,0.3046785891056061,0.39670616388320923,9.99999905104687e-09,1.0,9.99999905104687e-09,2.122024307027459e-05,0.0002358988713240251,0.001490150229074061,0.0072822957299649715,0.03276357799768448,0.16362877190113068,0.5,1.0,1.0,1.0
6,6440,25000,0.3046882748603821,0.3967490792274475,9.99999905104687e-09,1.0,9.99999905104687e-09,2.1691523215849884e-05,0.0002337265177629888,0.0015047811903059483,0.007346568629145622,0.03286992385983467,0.16213293373584747,0.5,1.0,1.0,1.0
6,6450,25000,0.30462753772735596,0.3967209756374359,9.99999905104687e-09,1.0,9.99999905104687e-09,2.1402960555860773e-05,0.0002353073941776529,0.0014940632972866297,0.007473742589354515,0.03297214210033417,0.16262531280517578,0.5,1.0,1.0,1.0
6,6460,25000,0.30467063188552856,0.39672455191612244,9.99999905104687e-09,1.0,9.99999905104687e-09,2.1374622519942932e-05,0.00023517926456406713,0.0015020391438156366,0.007454853504896164,0.03294862061738968,0.16371668875217438,0.5,1.0,1.0,1.0
6,6470,25000,0.3047070801258087,0.3966737985610962,9.99999905104687e-09,1.0,9.99999905104687e-09,2.1452002329169773e-05,0.00023801211500540376,0.001501666847616434,0.007363539654761553,0.0331992506980896,0.1638985574245453,0.5,1.0,1.0,1.0
6,6480,25000,0.30471673607826233,0.39670905470848083,9.99999905104687e-09,1.0,9.99999905104687e-09,2.105638304783497e-05,0.0002350517170270905,0.0015033726813271642,0.007305570878088474,0.033176176249980927,0.16421695053577423,0.5,1.0,1.0,1.0
6,6490,25000,0.3046279549598694,0.3966488540172577,9.99999905104687e-09,1.0,9.99999905104687e-09,2.1418181859189644e-05,0.0002352987212361768,0.0015129861421883106,0.007334019057452679,0.032895199954509735,0.1635209023952484,0.5,1.0,1.0,1.0
6,6500,25000,0.30469831824302673,0.39672037959098816,9.99999905104687e-09,1.0,9.99999905104687e-09,2.1592992197838612e-05,0.00023514722124673426,0.0015013722004368901,0.007302084006369114,0.03298165649175644,0.16255460679531097,0.5,1.0,1.0,1.0
6,6510,25000,0.3045531213283539,0.3967512249946594,9.99999905104687e-09,1.0,9.99999905104687e-09,2.1130215827724896e-05,0.00023952045012265444,0.001480561913922429,0.007312566041946411,0.03254332393407822,0.16306433081626892,0.5,1.0,1.0,1.0
6,6520,25000,0.3045942485332489,0.3966676592826843,9.99999905104687e-09,1.0,9.99999905104687e-09,2.1632980860886164e-05,0.00023873872123658657,0.0015083425678312778,0.007400020956993103,0.03282856196165085,0.16277095675468445,0.5,1.0,1.0,1.0
6,6530,25000,0.3047422170639038,0.3967095613479614,9.99999905104687e-09,1.0,9.99999905104687e-09,2.1585654394584708e-05,0.00023535994114354253,0.001485662185586989,0.007314510177820921,0.032694194465875626,0.16373273730278015,0.5,1.0,1.0,1.0
6,6540,25000,0.3046785295009613,0.3967682421207428,9.99999905104687e-09,1.0,9.99999905104687e-09,2.117846452165395e-05,0.00023640505969524384,0.0015032559167593718,0.007306369487196207,0.032920725643634796,0.16243599355220795,0.5,1.0,1.0,1.0
6,6550,25000,0.304612398147583,0.39672839641571045,9.99999905104687e-09,1.0,9.99999905104687e-09,2.119804958056193e-05,0.00023664702894166112,0.0015136756701394916,0.007242806721478701,0.03290168195962906,0.16325798630714417,0.5,1.0,1.0,1.0
6,6560,25000,0.3046923577785492,0.39670389890670776,9.99999905104687e-09,1.0,9.99999905104687e-09,2.1924724933342077e-05,0.00023858148779254407,0.001502260216511786,0.007343208882957697,0.032848771661520004,0.16331647336483002,0.5,1.0,1.0,1.0
6,6570,25000,0.3046567142009735,0.39673885703086853,9.99999905104687e-09,1.0,9.99999905104687e-09,2.154420508304611e-05,0.00023795707966201007,0.001509504858404398,0.007357316557317972,0.032842233777046204,0.1631236970424652,0.5,1.0,1.0,1.0
6,6580,25000,0.30458661913871765,0.39666542410850525,9.99999905104687e-09,1.0,9.99999905104687e-09,2.1249412384349853e-05,0.00023390505521092564,0.0014884769916534424,0.00729130394756794,0.03281543403863907,0.16292360424995422,0.5,1.0,1.0,1.0
6,6590,25000,0.3046504557132721,0.3965890407562256,9.99999905104687e-09,1.0,9.99999905104687e-09,2.176820817112457e-05,0.00023632160446140915,0.0015093364054337144,0.007379619404673576,0.032897256314754486,0.16403527557849884,0.5,1.0,1.0,1.0
6,6600,25000,0.304592102766037,0.3966839611530304,9.99999905104687e-09,1.0,9.99999905104687e-09,2.123114791174885e-05,0.0002351762814214453,0.00149745331145823,0.007252438459545374,0.033114343881607056,0.1621846854686737,0.5,1.0,1.0,1.0
6,6610,25000,0.3046115040779114,0.3967307507991791,9.99999905104687e-09,1.0,9.99999905104687e-09,2.1465997633640654e-05,0.00023663847241550684,0.0014835539041087031,0.007345394231379032,0.03274627402424812,0.16215619444847107,0.5,1.0,1.0,1.0
6,6620,25000,0.30466318130493164,0.39671626687049866,9.99999905104687e-09,1.0,9.99999905104687e-09,2.130270513589494e-05,0.00023333780700340867,0.0015012226067483425,0.007419991306960583,0.03280367702245712,0.16225667297840118,0.5,1.0,1.0,1.0
6,6630,25000,0.3047088384628296,0.3967437446117401,9.99999905104687e-09,1.0,9.99999905104687e-09,2.135150680260267e-05,0.00023695739218965173,0.0015159198082983494,0.0073365718126297,0.03284188359975815,0.16323156654834747,0.5,1.0,1.0,1.0
6,6640,25000,0.30476751923561096,0.3967931568622589,9.99999905104687e-09,1.0,9.99999905104687e-09,2.146010592696257e-05,0.00023734568094369024,0.0014964801957830787,0.007311288733035326,0.03316294774413109,0.16320841014385223,0.5,1.0,1.0,1.0
6,6650,25000,0.304689884185791,0.3967645764350891,9.99999905104687e-09,1.0,9.99999905104687e-09,2.1686757463612594e-05,0.00023925375717226416,0.0014864422846585512,0.007405061274766922,0.03287675604224205,0.16418564319610596,0.5,1.0,1.0,1.0
6,6660,25000,0.3047018349170685,0.39675018191337585,9.99999905104687e-09,1.0,9.99999905104687e-09,2.1580086468020454e-05,0.0002370211877860129,0.0015001004794612527,0.007384537253528833,0.03302314132452011,0.16281984746456146,0.5,1.0,1.0,1.0
6,6670,25000,0.30467748641967773,0.3967435657978058,9.99999905104687e-09,1.0,9.99999905104687e-09,2.127483458025381e-05,0.00023708338267169893,0.0015067957574501634,0.007351243402808905,0.03258100152015686,0.16312381625175476,0.5,1.0,1.0,1.0
6,6680,25000,0.30463263392448425,0.3967260420322418,9.99999905104687e-09,1.0,9.99999905104687e-09,2.1197562091401778e-05,0.0002354286116315052,0.0014960858970880508,0.007271437905728817,0.032915472984313965,0.1628936231136322,0.5,1.0,1.0,1.0
6,6690,25000,0.3047996461391449,0.3967350125312805,9.99999905104687e-09,1.0,9.99999905104687e-09,2.129763197444845e-05,0.00023347526439465582,0.001519909012131393,0.007442837115377188,0.032768189907073975,0.16412879526615143,0.5,1.0,1.0,1.0
6,6700,25000,0.30478712916374207,0.3967260420322418,9.99999905104687e-09,1.0,9.99999905104687e-09,2.14905940083554e-05,0.00023774337023496628,0.0015013188822194934,0.007315144408494234,0.033034175634384155,0.16286112368106842,0.5,1.0,1.0,1.0
6,6710,25000,0.30467239022254944,0.3967282474040985,9.99999905104687e-09,1.0,9.99999905104687e-09,2.1259738787193783e-05,0.00023517438967246562,0.0014989569317549467,0.007301992271095514,0.03289586678147316,0.16437576711177826,0.5,1.0,1.0,1.0
6,6720,25000,0.3047026991844177,0.3967064321041107,9.99999905104687e-09,1.0,9.99999905104687e-09,2.107577347487677e-05,0.00023738553863950074,0.0015209964476525784,0.007466609589755535,0.03287694975733757,0.1641027331352234,0.5,1.0,1.0,1.0
6,6730,25000,0.30465689301490784,0.39670059084892273,9.99999905104687e-09,1.0,9.99999905104687e-09,2.1590845790342428e-05,0.00023688947840128094,0.00150001619476825,0.007382936775684357,0.03312080353498459,0.16323527693748474,0.5,1.0,1.0,1.0
6,6740,25000,0.3045554757118225,0.3967299163341522,9.99999905104687e-09,1.0,9.99999905104687e-09,2.1417043171823025e-05,0.00023778884497005492,0.0014800979988649487,0.007303943857550621,0.033080652356147766,0.16154120862483978,0.5,1.0,1.0,1.0
6,6750,25000,0.30466359853744507,0.39669427275657654,9.99999905104687e-09,1.0,9.99999905104687e-09,2.1036923499195836e-05,0.000234805018408224,0.0014870065497234464,0.0073409476317465305,0.032894574105739594,0.16266706585884094,0.5,1.0,1.0,1.0
6,6760,25000,0.30463576316833496,0.3967466354370117,9.99999905104687e-09,1.0,9.99999905104687e-09,2.1390669644461013e-05,0.00023617966508027166,0.0014723495114594698,0.007256949786096811,0.03280458226799965,0.16314414143562317,0.5,1.0,1.0,1.0
6,6770,25000,0.3046361207962036,0.39666086435317993,9.99999905104687e-09,1.0,9.99999905104687e-09,2.1469284547492862e-05,0.0002382075326750055,0.00151153770275414,0.00726825837045908,0.03304537758231163,0.16270573437213898,0.5,1.0,1.0,1.0
6,6780,25000,0.30465859174728394,0.39672067761421204,9.99999905104687e-09,1.0,9.99999905104687e-09,2.1295532860676758e-05,0.0002334451419301331,0.001511409878730774,0.007311348803341389,0.032894473522901535,0.16287900507450104,0.5,1.0,1.0,1.0
6,6790,25000,0.3045801520347595,0.39671218395233154,9.99999905104687e-09,1.0,9.99999905104687e-09,2.1669546185876243e-05,0.00023423942911904305,0.001507459906861186,0.007285253144800663,0.032935187220573425,0.16221944987773895,0.5,1.0,1.0,1.0
6,6800,25000,0.30465108156204224,0.39671796560287476,9.99999905104687e-09,1.0,9.99999905104687e-09,2.186924211855512e-05,0.00023841987422201782,0.001522253849543631,0.007261140272021294,0.03307294845581055,0.16358783841133118,0.5,1.0,1.0,1.0
6,6810,25000,0.3046823740005493,0.3967113196849823,9.99999905104687e-09,1.0,9.99999905104687e-09,2.127799962181598e-05,0.00023830647114664316,0.0014900474343448877,0.007275797426700592,0.0331120640039444,0.1624053716659546,0.5,1.0,1.0,1.0
6,6820,25000,0.3047492206096649,0.3967057764530182,9.99999905104687e-09,1.0,9.99999905104687e-09,2.1436824681586586e-05,0.00023641208827029914,0.0014931473415344954,0.007262622471898794,0.032908227294683456,0.1644936352968216,0.5,1.0,1.0,1.0
6,6830,25000,0.30472344160079956,0.3967711925506592,9.99999905104687e-09,1.0,9.99999905104687e-09,2.143470737792086e-05,0.00023548015451524407,0.0015078223077580333,0.0073443506844341755,0.03290778025984764,0.1639486402273178,0.5,1.0,1.0,1.0
6,6840,25000,0.30465254187583923,0.396666020154953,9.99999905104687e-09,1.0,9.99999905104687e-09,2.149141982954461e-05,0.00023854100436437875,0.001511091715656221,0.007326239719986916,0.03317079693078995,0.16336078941822052,0.5,1.0,1.0,1.0
6,6850,25000,0.3046148419380188,0.3967210352420807,9.99999905104687e-09,1.0,9.99999905104687e-09,2.1388910681707785e-05,0.0002393195900367573,0.0015008149202913046,0.007223259191960096,0.032856058329343796,0.1635836660861969,0.5,1.0,1.0,1.0
6,6860,25000,0.30454516410827637,0.39669477939605713,9.99999905104687e-09,1.0,9.99999905104687e-09,2.1229436242720112e-05,0.00023355771554633975,0.0015013302909210324,0.007425457704812288,0.03259999305009842,0.1628096103668213,0.5,1.0,1.0,1.0
6,6870,25000,0.30450472235679626,0.3966487646102905,9.99999905104687e-09,1.0,9.99999905104687e-09,2.126784238498658e-05,0.0002335560420760885,0.001484473468735814,0.007363064214587212,0.0331498384475708,0.16219502687454224,0.5,1.0,1.0,1.0
6,6880,25000,0.3046063482761383,0.3966003656387329,9.99999905104687e-09,1.0,9.99999905104687e-09,2.119294549629558e-05,0.00023494375636801124,0.0015031653456389904,0.007432650774717331,0.03292220085859299,0.164677694439888,0.5,1.0,1.0,1.0
6,6890,25000,0.3045949935913086,0.3965897560119629,9.99999905104687e-09,1.0,9.99999905104687e-09,2.1586980437859893e-05,0.00023536432127002627,0.0015166213270276785,0.007309725973755121,0.03321383148431778,0.16381490230560303,0.5,1.0,1.0,1.0
6,6900,25000,0.30463674664497375,0.3966381251811981,9.99999905104687e-09,1.0,9.99999905104687e-09,2.1222214854788035e-05,0.0002337728947168216,0.0014876058558002114,0.007371215149760246,0.033181704580783844,0.16277621686458588,0.5,1.0,1.0,1.0
6,6910,25000,0.3046485483646393,0.3966433107852936,9.99999905104687e-09,1.0,9.99999905104687e-09,2.1365345673984848e-05,0.00023342116037383676,0.0014721363550052047,0.007345694582909346,0.032689377665519714,0.1632746458053589,0.5,1.0,1.0,1.0
6,6920,25000,0.30467426776885986,0.3967271149158478,9.99999905104687e-09,1.0,9.99999905104687e-09,2.1027115508331917e-05,0.00023343448992818594,0.0014884741976857185,0.007333303801715374,0.03297874331474304,0.16274383664131165,0.5,1.0,1.0,1.0
6,6930,25000,0.30463457107543945,0.3967103064060211,9.99999905104687e-09,1.0,9.99999905104687e-09,2.1294177713571116e-05,0.000234529550652951,0.001505047082901001,0.007336651440709829,0.0329740047454834,0.16352955996990204,0.5,1.0,1.0,1.0
6,6940,25000,0.30465951561927795,0.3967398703098297,9.99999905104687e-09,1.0,9.99999905104687e-09,2.1327459762687795e-05,0.0002366131666349247,0.0014808911364525557,0.00721714086830616,0.03287825360894203,0.1642402559518814,0.5,1.0,1.0,1.0
6,6950,25000,0.30472174286842346,0.3967246413230896,9.99999905104687e-09,1.0,9.99999905104687e-09,2.1411584384622984e-05,0.00023704671184532344,0.0015052671078592539,0.007376119494438171,0.03301255404949188,0.16312970221042633,0.5,1.0,1.0,1.0
6,6960,25000,0.30459707975387573,0.3967151343822479,9.99999905104687e-09,1.0,9.99999905104687e-09,2.1258543711155653e-05,0.0002347650151932612,0.0015151668339967728,0.007369584869593382,0.03288000822067261,0.16228289902210236,0.5,1.0,1.0,1.0
6,6970,25000,0.3047321140766144,0.39671245217323303,9.99999905104687e-09,1.0,9.99999905104687e-09,2.125327409885358e-05,0.0002342829102417454,0.001513459486886859,0.007312542758882046,0.03284809738397598,0.1641739010810852,0.5,1.0,1.0,1.0
6,6980,25000,0.304640531539917,0.39673516154289246,9.99999905104687e-09,1.0,9.99999905104687e-09,2.1724799807998352e-05,0.0002367346896789968,0.0014954652870073915,0.007296929135918617,0.03300733119249344,0.16364526748657227,0.5,1.0,1.0,1.0
6,6990,25000,0.3046492040157318,0.39670106768608093,9.99999905104687e-09,1.0,9.99999905104687e-09,2.162218515877612e-05,0.00023730473185423762,0.001487958594225347,0.007252382580190897,0.03267057612538338,0.16286039352416992,0.5,1.0,1.0,1.0
6,7000,25000,0.3047105073928833,0.39670732617378235,9.99999905104687e-09,1.0,9.99999905104687e-09,2.13579332921654e-05,0.0002341359795536846,0.0014812577283009887,0.007365594618022442,0.032993562519550323,0.16216911375522614,0.5,1.0,1.0,1.0
