step,epoch,n_refreshed,mean,std,min,max,q00,q10,q20,q30,q40,q50,q60,q70,q80,q90,q100
7,0,,0.6217647790908813,0.20774060487747192,0.5,1.0,0.5,0.5,0.5,0.5,0.5,0.5,0.5,0.5299999713897705,1.0,1.0,1.0
7,10,25000,0.30714067816734314,0.40663978457450867,9.99999905104687e-09,1.0,9.99999905104687e-09,9.271580552194791e-07,1.9898987375199795e-05,0.00022202612308319658,0.0018948258366435766,0.014300601556897163,0.13000686466693878,0.5,1.0,1.0,1.0
7,20,25000,0.30708348751068115,0.40664300322532654,9.99999905104687e-09,1.0,9.99999905104687e-09,8.896595318219624e-07,1.969257391465362e-05,0.00021807935263495892,0.0018931174417957664,0.014440950006246567,0.12960447371006012,0.5,1.0,1.0,1.0
7,30,25000,0.3071061074733734,0.4067043662071228,9.99999905104687e-09,1.0,9.99999905104687e-09,9.016520721161214e-07,2.0153654986643232e-05,0.00021991219546180218,0.0018524450715631247,0.014419463463127613,0.13093243539333344,0.5,1.0,1.0,1.0
7,40,25000,0.3071129024028778,0.40664154291152954,9.99999905104687e-09,1.0,9.99999905104687e-09,8.915824309951859e-07,1.9833354599541053e-05,0.00022069177066441625,0.0018780215177685022,0.01433930080384016,0.1302613765001297,0.5,1.0,1.0,1.0
7,50,25000,0.30712953209877014,0.4067547023296356,9.99999905104687e-09,1.0,9.99999905104687e-09,9.071582667274924e-07,1.9893035641871393e-05,0.0002226813230663538,0.0018971171230077744,0.01446225494146347,0.12976808845996857,0.5,1.0,1.0,1.0
7,60,25000,0.30718615651130676,0.4066621959209442,9.99999905104687e-09,1.0,9.99999905104687e-09,9.008585948322434e-07,1.9954048184445128e-05,0.00022159432410262525,0.0018654647283256054,0.0143272140994668,0.1307927817106247,0.5,1.0,1.0,1.0
7,70,25000,0.30717936158180237,0.4067729413509369,9.99999905104687e-09,1.0,9.99999905104687e-09,9.073009437088331e-07,2.0118053726037033e-05,0.00022328007617034018,0.0018652259605005383,0.01435764692723751,0.13023409247398376,0.5,1.0,1.0,1.0
7,80,25000,0.30724620819091797,0.40678930282592773,9.99999905104687e-09,1.0,9.99999905104687e-09,9.160165745925042e-07,2.064194814010989e-05,0.00022492476273328066,0.001885519945062697,0.014115804806351662,0.13107003271579742,0.5,1.0,1.0,1.0
7,90,25000,0.30725598335266113,0.40678316354751587,9.99999905104687e-09,1.0,9.99999905104687e-09,9.112184216064634e-07,1.9789829821093008e-05,0.00022097649343777448,0.0018638160545378923,0.01429758220911026,0.13201580941677094,0.5,1.0,1.0,1.0
7,100,25000,0.3071826994419098,0.40683043003082275,9.99999905104687e-09,1.0,9.99999905104687e-09,9.020009201776702e-07,1.9709190382855013e-05,0.00022207754955161363,0.0018833710346370935,0.014162715524435043,0.12798111140727997,0.5,1.0,1.0,1.0
7,110,25000,0.3072815239429474,0.40686920285224915,9.99999905104687e-09,1.0,9.99999905104687e-09,8.944311389313953e-07,2.0298750314395875e-05,0.00022305719903670251,0.0018760133534669876,0.01444722805172205,0.1305701583623886,0.5,1.0,1.0,1.0
7,120,25000,0.3072974979877472,0.40692245960235596,9.99999905104687e-09,1.0,9.99999905104687e-09,9.119223136622168e-07,2.0009127183584496e-05,0.00021959329023957253,0.0018875391688197851,0.014492304064333439,0.13035614788532257,0.5,1.0,1.0,1.0
7,130,25000,0.3072842061519623,0.4068824052810669,9.99999905104687e-09,1.0,9.99999905104687e-09,9.050335734173132e-07,1.9877277736668475e-05,0.00021999888122081757,0.0018409767653793097,0.014290887862443924,0.1321457177400589,0.5,1.0,1.0,1.0
7,140,25000,0.3074111342430115,0.40706148743629456,9.99999905104687e-09,1.0,9.99999905104687e-09,9.094542292586993e-07,2.035557190538384e-05,0.00022219345555640757,0.0018706205300986767,0.014445662498474121,0.12924189865589142,0.5,1.0,1.0,1.0
7,150,25000,0.3073505461215973,0.40717029571533203,9.99999905104687e-09,1.0,9.99999905104687e-09,9.07724484022765e-07,2.0249421140761115e-05,0.00021920721337664872,0.0018428090261295438,0.014227455481886864,0.12981314957141876,0.5,1.0,1.0,1.0
7,160,25000,0.3077663779258728,0.407504141330719,9.99999905104687e-09,1.0,9.99999905104687e-09,9.06478476281336e-07,1.9963938029832207e-05,0.0002227730437880382,0.001889020437374711,0.01417197659611702,0.12946666777133942,0.5,1.0,1.0,1.0
7,170,25000,0.3081371784210205,0.4079452455043793,9.99999905104687e-09,1.0,9.99999905104687e-09,8.966936206888931e-07,2.0034653061884455e-05,0.00022178515791893005,0.0018574935384094715,0.014367034658789635,0.13017567992210388,0.5,1.0,1.0,1.0
7,180,25000,0.3084891736507416,0.40840351581573486,9.99999905104687e-09,1.0,9.99999905104687e-09,9.041969519785198e-07,1.9962599253631197e-05,0.00022601998352911323,0.0018821354024112225,0.01436999998986721,0.12963750958442688,0.5,1.0,1.0,1.0
7,190,25000,0.30869510769844055,0.4087163805961609,9.99999905104687e-09,1.0,9.99999905104687e-09,9.257053079636535e-07,1.9944716768804938e-05,0.00021978440054226667,0.0018867087783291936,0.014184118248522282,0.1291908621788025,0.5,1.0,1.0,1.0
7,200,25000,0.30869022011756897,0.4087686240673065,9.99999905104687e-09,1.0,9.99999905104687e-09,9.124065059040731e-07,1.9979655917268246e-05,0.00021503533935174346,0.0018824940780177712,0.01441718079149723,0.12906338274478912,0.5,1.0,1.0,1.0
7,210,25000,0.30892765522003174,0.4088977873325348,9.99999905104687e-09,1.0,9.99999905104687e-09,9.066350230568787e-07,2.0571091226884164e-05,0.0002182047173846513,0.0018766591092571616,0.0143470149487257,0.12978142499923706,0.5,1.0,1.0,1.0
7,220,25000,0.30890703201293945,0.40887242555618286,9.99999905104687e-09,1.0,9.99999905104687e-09,8.923516929826292e-07,1.9881783373421058e-05,0.00022013905982021242,0.0018640203634276986,0.014171458780765533,0.12988807260990143,0.5,1.0,1.0,1.0
7,230,25000,0.3089408278465271,0.40893468260765076,9.99999905104687e-09,1.0,9.99999905104687e-09,8.848170409692102e-07,2.0130777556914836e-05,0.0002198537258664146,0.0018672945443540812,0.01409609243273735,0.12990698218345642,0.5,1.0,1.0,1.0
7,240,25000,0.30884236097335815,0.4090048372745514,9.99999905104687e-09,1.0,9.99999905104687e-09,9.041436328516284e-07,1.9943037841585465e-05,0.00021879169798921794,0.0018691392615437508,0.014136390760540962,0.12741640210151672,0.5,1.0,1.0,1.0
7,250,25000,0.30892136693000793,0.40891268849372864,9.99999905104687e-09,1.0,9.99999905104687e-09,9.052345149029861e-07,1.9755858374992386e-05,0.00022209672897588462,0.0018902425654232502,0.014456136152148247,0.12962427735328674,0.5,1.0,1.0,1.0
7,260,25000,0.3089016377925873,0.4089549779891968,9.99999905104687e-09,1.0,9.99999905104687e-09,9.218838954438979e-07,1.9474184227874503e-05,0.0002171387168345973,0.001850102562457323,0.01435170229524374,0.12846878170967102,0.5,1.0,1.0,1.0
7,270,25000,0.3090709447860718,0.40898534655570984,9.99999905104687e-09,1.0,9.99999905104687e-09,8.944331852944742e-07,1.9957225958933122e-05,0.00022412162797991186,0.0018886375473812222,0.014448481611907482,0.13078440725803375,0.5,1.0,1.0,1.0
7,280,25000,0.3089084327220917,0.4089663624763489,9.99999905104687e-09,1.0,9.99999905104687e-09,9.180751021631295e-07,2.025108005909715e-05,0.00021779992675874382,0.001886882702820003,0.014061201363801956,0.12914693355560303,0.5,1.0,1.0,1.0
7,290,25000,0.3089982569217682,0.40898698568344116,9.99999905104687e-09,1.0,9.99999905104687e-09,9.070178066394874e-07,1.9819233784801327e-05,0.0002186119818361476,0.0018402758287265897,0.014246632345020771,0.12896816432476044,0.5,1.0,1.0,1.0
7,300,25000,0.3089572787284851,0.4089251756668091,9.99999905104687e-09,1.0,9.99999905104687e-09,9.028453860082664e-07,2.0196153855067678e-05,0.00022351762163452804,0.001853612600825727,0.014331109821796417,0.12971556186676025,0.5,1.0,1.0,1.0
7,310,25000,0.3089963495731354,0.4090326428413391,9.99999905104687e-09,1.0,9.99999905104687e-09,9.136359722106135e-07,1.988189796975348e-05,0.00022438504674937576,0.0018634594744071364,0.014216920360922813,0.12892092764377594,0.5,1.0,1.0,1.0
7,320,25000,0.3089587986469269,0.40900370478630066,9.99999905104687e-09,1.0,9.99999905104687e-09,9.008892334350094e-07,1.9965038518421352e-05,0.00022143012029118836,0.0018716914346441627,0.014277657493948936,0.12820059061050415,0.5,1.0,1.0,1.0
7,330,25000,0.30901071429252625,0.4090063273906708,9.99999905104687e-09,1.0,9.99999905104687e-09,9.016083595270175e-07,1.996091850742232e-05,0.00022187600552570075,0.0018883929587900639,0.014179046265780926,0.12936744093894958,0.5,1.0,1.0,1.0
7,340,25000,0.30899959802627563,0.4089471399784088,9.99999905104687e-09,1.0,9.99999905104687e-09,9.218894092555274e-07,2.009076160902623e-05,0.0002222782204626128,0.0018583324272185564,0.01428312063217163,0.1305340677499771,0.5,1.0,1.0,1.0
7,350,25000,0.3089733123779297,0.4090268015861511,9.99999905104687e-09,1.0,9.99999905104687e-09,9.096219741877576e-07,2.0031260646646842e-05,0.00022270585759542882,0.0018706739647313952,0.014288647100329399,0.13029174506664276,0.5,1.0,1.0,1.0
7,360,25000,0.3089284300804138,0.4090261161327362,9.99999905104687e-09,1.0,9.99999905104687e-09,8.867605743034801e-07,1.9885592337232083e-05,0.0002185571938753128,0.0018345587886869907,0.014217602089047432,0.12792125344276428,0.5,1.0,1.0,1.0
7,370,25000,0.30899959802627563,0.40895527601242065,9.99999905104687e-09,1.0,9.99999905104687e-09,9.015026307679364e-07,2.005371243285481e-05,0.00021885053138248622,0.0018558119190856814,0.014464262872934341,0.1287582516670227,0.5,1.0,1.0,1.0
7,380,25000,0.3090038001537323,0.40899768471717834,9.99999905104687e-09,1.0,9.99999905104687e-09,9.072529110198957e-07,2.016579128394369e-05,0.00021735491463914514,0.0018736229976639152,0.01431770995259285,0.12923413515090942,0.5,1.0,1.0,1.0
7,390,25000,0.308980256319046,0.4089955687522888,9.99999905104687e-09,1.0,9.99999905104687e-09,9.024977316585137e-07,2.0075040083611384e-05,0.00022099177294876426,0.0018487767083570361,0.014416513964533806,0.12971429526805878,0.5,1.0,1.0,1.0
7,400,25000,0.3090488910675049,0.4089846611022949,9.99999905104687e-09,1.0,9.99999905104687e-09,9.20754700928228e-07,1.993796649912838e-05,0.00022055987210478634,0.00185827212408185,0.014298931695520878,0.12942415475845337,0.5,1.0,1.0,1.0
7,410,25000,0.30894529819488525,0.40901505947113037,9.99999905104687e-09,1.0,9.99999905104687e-09,9.141312489191478e-07,2.0051089450134896e-05,0.00022097938926890492,0.0018583862110972404,0.014258762821555138,0.12929704785346985,0.5,1.0,1.0,1.0
7,420,25000,0.30905866622924805,0.4089813530445099,9.99999905104687e-09,1.0,9.99999905104687e-09,9.081280722966767e-07,1.9764553144341335e-05,0.00022056547459214926,0.0018822528654709458,0.014321928843855858,0.13102135062217712,0.5,1.0,1.0,1.0
7,430,25000,0.3089390993118286,0.40901607275009155,9.99999905104687e-09,1.0,9.99999905104687e-09,8.965315032583021e-07,2.0399005734361708e-05,0.00022130942670628428,0.0018686973489820957,0.014386209659278393,0.12841452658176422,0.5,1.0,1.0,1.0
7,440,25000,0.3090305030345917,0.40902096033096313,9.99999905104687e-09,1.0,9.99999905104687e-09,9.0916728368029e-07,1.9966000763815828e-05,0.00021814012143295258,0.0018466036999598145,0.014195270836353302,0.12966986000537872,0.5,1.0,1.0,1.0
7,450,25000,0.3090275526046753,0.40900978446006775,9.99999905104687e-09,1.0,9.99999905104687e-09,9.116835144595825e-07,1.9700535631272942e-05,0.00022386467026080936,0.0018897033296525478,0.01432991586625576,0.12875592708587646,0.5,1.0,1.0,1.0
7,460,25000,0.30898424983024597,0.4089268445968628,9.99999905104687e-09,1.0,9.99999905104687e-09,8.925778729462763e-07,1.958770189958159e-05,0.00022063168580643833,0.0018710524309426546,0.014437820762395859,0.13006657361984253,0.5,1.0,1.0,1.0
7,470,25000,0.30904150009155273,0.4089195728302002,9.99999905104687e-09,1.0,9.99999905104687e-09,9.071007980310242e-07,2.009056697716005e-05,0.0002248302334919572,0.0018806792795658112,0.014276448637247086,0.13063745200634003,0.5,1.0,1.0,1.0
7,480,25000,0.30904620885849,0.4089238941669464,9.99999905104687e-09,1.0,9.99999905104687e-09,9.140981092059519e-07,2.0017041606479324e-05,0.0002214066917076707,0.0018834515940397978,0.014465542510151863,0.13121673464775085,0.5,1.0,1.0,1.0
7,490,25000,0.3090170919895172,0.4089396297931671,9.99999905104687e-09,1.0,9.99999905104687e-09,9.114920658248593e-07,1.9764886019402184e-05,0.00022063861251808703,0.0018703968962654471,0.014235788956284523,0.1290944218635559,0.5,1.0,1.0,1.0
7,500,25000,0.3090451955795288,0.40888839960098267,9.99999905104687e-09,1.0,9.99999905104687e-09,9.172604791274352e-07,1.977761166926939e-05,0.000217346430872567,0.001865366823039949,0.014273256063461304,0.13172128796577454,0.5,1.0,1.0,1.0
7,510,25000,0.30892130732536316,0.40889185667037964,9.99999905104687e-09,1.0,9.99999905104687e-09,9.137047527474351e-07,1.9852855984936468e-05,0.00021731473680119962,0.0018443480366840959,0.014253674075007439,0.13021215796470642,0.5,1.0,1.0,1.0
7,520,25000,0.3088553547859192,0.40893495082855225,9.99999905104687e-09,1.0,9.99999905104687e-09,9.119754054154328e-07,1.9912313291570172e-05,0.0002188223006669432,0.0018473705276846886,0.014346761628985405,0.12843374907970428,0.5,1.0,1.0,1.0
7,530,25000,0.3090527653694153,0.40892234444618225,9.99999905104687e-09,1.0,9.99999905104687e-09,9.106981337936304e-07,1.974393853743095e-05,0.00022049371909815818,0.0018912609666585922,0.014370272867381573,0.1308242380619049,0.5,1.0,1.0,1.0
7,540,25000,0.30899709463119507,0.4089665114879608,9.99999905104687e-09,1.0,9.99999905104687e-09,9.067146606867027e-07,1.9835710190818645e-05,0.0002223295159637928,0.0018857016693800688,0.01435348391532898,0.1301092803478241,0.5,1.0,1.0,1.0
7,550,25000,0.3088997006416321,0.4089721441268921,9.99999905104687e-09,1.0,9.99999905104687e-09,9.000212344290048e-07,2.0185687390039675e-05,0.00021894858218729496,0.00185587618034333,0.014172451570630074,0.12901918590068817,0.5,1.0,1.0,1.0
7,560,25000,0.309000164270401,0.4089725911617279,9.99999905104687e-09,1.0,9.99999905104687e-09,9.077862728190667e-07,1.982499634323176e-05,0.00022273979266174138,0.0018588703824207187,0.014242570847272873,0.13001607358455658,0.5,1.0,1.0,1.0
7,570,25000,0.30904167890548706,0.408978670835495,9.99999905104687e-09,1.0,9.99999905104687e-09,9.054550105247472e-07,1.958523534995038e-05,0.00022189709125086665,0.0018699847860261798,0.014359953813254833,0.12990619242191315,0.5,1.0,1.0,1.0
7,580,25000,0.30891770124435425,0.40897056460380554,9.99999905104687e-09,1.0,9.99999905104687e-09,8.944012961364933e-07,1.966100353456568e-05,0.00021738540090154856,0.0018674239981919527,0.014270275831222534,0.13008607923984528,0.5,1.0,1.0,1.0
7,590,25000,0.30887556076049805,0.4089745283126831,9.99999905104687e-09,1.0,9.99999905104687e-09,9.134786296272068e-07,2.0134315491304733e-05,0.00022060959599912167,0.0018840456614270806,0.014236207120120525,0.12859882414340973,0.5,1.0,1.0,1.0
7,600,25000,0.30900830030441284,0.4089851677417755,9.99999905104687e-09,1.0,9.99999905104687e-09,9.019855156111589e-07,2.032575685007032e-05,0.00022041019110474735,0.001872108317911625,0.014258590526878834,0.1300354152917862,0.5,1.0,1.0,1.0
7,610,25000,0.30903542041778564,0.4090122580528259,9.99999905104687e-09,1.0,9.99999905104687e-09,9.03391935480613e-07,1.9897664969903417e-05,0.00021875063248444349,0.001866312581114471,0.014214669354259968,0.12997758388519287,0.5,1.0,1.0,1.0
7,620,25000,0.3089721202850342,0.40902942419052124,9.99999905104687e-09,1.0,9.99999905104687e-09,9.107561140808684e-07,2.0200732251396403e-05,0.0002220544556621462,0.0018594678258523345,0.014251351356506348,0.12903046607971191,0.5,1.0,1.0,1.0
7,630,25000,0.3090015649795532,0.408995121717453,9.99999905104687e-09,1.0,9.99999905104687e-09,8.908739914659236e-07,2.0131545170443133e-05,0.00022316449030768126,0.001906701480038464,0.014396384358406067,0.13025498390197754,0.5,1.0,1.0,1.0
7,640,25000,0.30901309847831726,0.4089711904525757,9.99999905104687e-09,1.0,9.99999905104687e-09,9.099595104089531e-07,1.9771729057538323e-05,0.0002199031296186149,0.00186681910417974,0.014345955103635788,0.12975504994392395,0.5,1.0,1.0,1.0
7,650,25000,0.3089238703250885,0.4090289771556854,9.99999905104687e-09,1.0,9.99999905104687e-09,9.084509997592249e-07,2.007404873438645e-05,0.00022037318558432162,0.001863716752268374,0.014295758679509163,0.12947672605514526,0.5,1.0,1.0,1.0
7,660,25000,0.30893683433532715,0.4089926779270172,9.99999905104687e-09,1.0,9.99999905104687e-09,9.008971915136499e-07,1.980859087780118e-05,0.00021791168546769768,0.001880789757706225,0.014414919540286064,0.1303158551454544,0.5,1.0,1.0,1.0
7,670,25000,0.3091166913509369,0.4089222848415375,9.99999905104687e-09,1.0,9.99999905104687e-09,8.991426625470922e-07,1.9992869056295604e-05,0.00022486735542770475,0.0018711176235228777,0.014306295663118362,0.13191479444503784,0.5,1.0,1.0,1.0
7,680,25000,0.3090428411960602,0.40904104709625244,9.99999905104687e-09,1.0,9.99999905104687e-09,9.106357197197212e-07,1.995495222217869e-05,0.0002205870987381786,0.0018995446152985096,0.014210300520062447,0.13076284527778625,0.5,1.0,1.0,1.0
7,690,25000,0.3089829385280609,0.40900948643684387,9.99999905104687e-09,1.0,9.99999905104687e-09,9.028258318721782e-07,1.9887600501533598e-05,0.0002198007859988138,0.001881423988379538,0.014403026551008224,0.1287817656993866,0.5,1.0,1.0,1.0
7,700,25000,0.30894404649734497,0.4090239703655243,9.99999905104687e-09,1.0,9.99999905104687e-09,9.113795158555149e-07,2.0137575120315887e-05,0.00022231560433283448,0.0018691571895033121,0.014243229292333126,0.13040775060653687,0.5,1.0,1.0,1.0
7,710,25000,0.30898070335388184,0.4090013802051544,9.99999905104687e-09,1.0,9.99999905104687e-09,9.164391485683154e-07,2.0084495190531015e-05,0.0002250740071758628,0.0018858109833672643,0.01434771716594696,0.1286790370941162,0.5,1.0,1.0,1.0
7,720,25000,0.3090440630912781,0.4090108275413513,9.99999905104687e-09,1.0,9.99999905104687e-09,9.070141118172614e-07,2.010395473917015e-05,0.000218042972846888,0.0018655317835509777,0.014305859804153442,0.12918302416801453,0.5,1.0,1.0,1.0
7,730,25000,0.30904316902160645,0.40898534655570984,9.99999905104687e-09,1.0,9.99999905104687e-09,9.184199143419391e-07,1.977785177587066e-05,0.00022054550936445594,0.001846207189373672,0.014319965615868568,0.13008853793144226,0.5,1.0,1.0,1.0
7,740,25000,0.3089723289012909,0.40897104144096375,9.99999905104687e-09,1.0,9.99999905104687e-09,9.056434464582708e-07,1.9908791728084907e-05,0.00022505458036903292,0.0018667490221560001,0.014329258352518082,0.12996216118335724,0.5,1.0,1.0,1.0
7,750,25000,0.30903923511505127,0.4090687036514282,9.99999905104687e-09,1.0,9.99999905104687e-09,8.992853395284328e-07,2.0238339857314713e-05,0.00022162831737659872,0.0018451461801305413,0.014139399863779545,0.1300424337387085,0.5,1.0,1.0,1.0
7,760,25000,0.30897608399391174,0.40903356671333313,9.99999905104687e-09,1.0,9.99999905104687e-09,9.213943030772498e-07,1.99191508727381e-05,0.00022378412541002035,0.0018765918212011456,0.014218487776815891,0.13035927712917328,0.5,1.0,1.0,1.0
7,770,25000,0.30915555357933044,0.4090725779533386,9.99999905104687e-09,1.0,9.99999905104687e-09,9.162887977254286e-07,2.008895535254851e-05,0.00022797955898568034,0.001878561219200492,0.01439710333943367,0.12905029952526093,0.5,1.0,1.0,1.0
7,780,25000,0.3089732825756073,0.4090907871723175,9.99999905104687e-09,1.0,9.99999905104687e-09,9.057376360033231e-07,2.0156943719484843e-05,0.00021336959616746753,0.0018668619450181723,0.014196311123669147,0.12738105654716492,0.5,1.0,1.0,1.0
7,790,25000,0.3089573085308075,0.40901613235473633,9.99999905104687e-09,1.0,9.99999905104687e-09,9.109905363402504e-07,1.9809373043244705e-05,0.0002201173483626917,0.0018792471382766962,0.014192970469594002,0.12972082197666168,0.5,1.0,1.0,1.0
7,800,25000,0.30895376205444336,0.4090202748775482,9.99999905104687e-09,1.0,9.99999905104687e-09,8.999749638860521e-07,2.0398038031999022e-05,0.0002216723223682493,0.0018618697067722678,0.014434564858675003,0.12812680006027222,0.5,1.0,1.0,1.0
7,810,25000,0.30898913741111755,0.40895897150039673,9.99999905104687e-09,1.0,9.99999905104687e-09,9.131721299127094e-07,1.979215448955074e-05,0.00021983456099405885,0.0018737072823569179,0.014208497479557991,0.12978163361549377,0.5,1.0,1.0,1.0
7,820,25000,0.30900371074676514,0.4090310037136078,9.99999905104687e-09,1.0,9.99999905104687e-09,8.812320402284968e-07,1.9639466700027697e-05,0.00022197894577402622,0.0018665436655282974,0.014324075542390347,0.1289520263671875,0.5,1.0,1.0,1.0
7,830,25000,0.3090533912181854,0.40900591015815735,9.99999905104687e-09,1.0,9.99999905104687e-09,8.991164008875785e-07,2.021338696067687e-05,0.00022069628175813705,0.0018899602582678199,0.014378441497683525,0.1295560747385025,0.5,1.0,1.0,1.0
7,840,25000,0.3090418875217438,0.4089910686016083,9.99999905104687e-09,1.0,9.99999905104687e-09,9.112005159295222e-07,1.9808507204288617e-05,0.00022263145365286618,0.0018706276314333081,0.01427449006587267,0.1317814290523529,0.5,1.0,1.0,1.0
7,850,25000,0.3091197907924652,0.4090679883956909,9.99999905104687e-09,1.0,9.99999905104687e-09,9.067551900443505e-07,2.001301800191868e-05,0.0002178977447329089,0.0018688795389607549,0.014060555957257748,0.1296844482421875,0.5,1.0,1.0,1.0
7,860,25000,0.3091351389884949,0.40900665521621704,9.99999905104687e-09,1.0,9.99999905104687e-09,9.054513725459401e-07,2.0403709640959278e-05,0.00021903522429056466,0.001861658995039761,0.014438282698392868,0.13092492520809174,0.5,1.0,1.0,1.0
7,870,25000,0.30902090668678284,0.40899544954299927,9.99999905104687e-09,1.0,9.99999905104687e-09,9.11734787223395e-07,2.0394058083184063e-05,0.0002239807799924165,0.0018854673253372312,0.014337833970785141,0.12916886806488037,0.5,1.0,1.0,1.0
7,880,25000,0.30905798077583313,0.4090403914451599,9.99999905104687e-09,1.0,9.99999905104687e-09,9.113020951190265e-07,2.0048628357471898e-05,0.00022070469276513904,0.0018700554501265287,0.014263652265071869,0.1304338574409485,0.5,1.0,1.0,1.0
7,890,25000,0.30904850363731384,0.40900540351867676,9.99999905104687e-09,1.0,9.99999905104687e-09,9.167825396616536e-07,2.009414129133802e-05,0.00022054069268051535,0.0018745483830571175,0.014465412124991417,0.1296423375606537,0.5,1.0,1.0,1.0
7,900,25000,0.3090614676475525,0.40904757380485535,9.99999905104687e-09,1.0,9.99999905104687e-09,9.06772925191035e-07,1.9789757061516866e-05,0.00021861876302864403,0.0018755128839984536,0.014238341711461544,0.1290820837020874,0.5,1.0,1.0,1.0
7,910,25000,0.30903321504592896,0.4089948832988739,9.99999905104687e-09,1.0,9.99999905104687e-09,8.989494517663843e-07,1.9970035282312892e-05,0.0002207010256825015,0.0018841229612007737,0.014557194896042347,0.12883776426315308,0.5,1.0,1.0,1.0
7,920,25000,0.3090561330318451,0.409000962972641,9.99999905104687e-09,1.0,9.99999905104687e-09,9.0387709406059e-07,2.029572169703897e-05,0.00022347136109601706,0.0018656355096027255,0.01431206427514553,0.13077346980571747,0.5,1.0,1.0,1.0
7,930,25000,0.3090483844280243,0.40902459621429443,9.99999905104687e-09,1.0,9.99999905104687e-09,9.157938052339887e-07,1.9937886463594623e-05,0.0002179081056965515,0.0019043907523155212,0.014502838253974915,0.1293403059244156,0.5,1.0,1.0,1.0
7,940,25000,0.30895209312438965,0.4089507758617401,9.99999905104687e-09,1.0,9.99999905104687e-09,9.089340551327041e-07,2.022627268161159e-05,0.00022195356723386794,0.0018839543918147683,0.014328446239233017,0.12908457219600677,0.5,1.0,1.0,1.0
7,950,25000,0.30893516540527344,0.4090697169303894,9.99999905104687e-09,1.0,9.99999905104687e-09,9.219069738719554e-07,1.9892622731276788e-05,0.0002192309038946405,0.001860042568296194,0.014228206127882004,0.12923559546470642,0.5,1.0,1.0,1.0
7,960,25000,0.30910566449165344,0.4090113639831543,9.99999905104687e-09,1.0,9.99999905104687e-09,9.070831197277585e-07,1.9866280126734637e-05,0.00022089866979513317,0.0018833602080121636,0.014336667954921722,0.13136857748031616,0.5,1.0,1.0,1.0
7,970,25000,0.30914098024368286,0.4090386629104614,9.99999905104687e-09,1.0,9.99999905104687e-09,9.113147712014324e-07,2.041829429799691e-05,0.00022128051205072552,0.0018784587737172842,0.014503100886940956,0.13035115599632263,0.5,1.0,1.0,1.0
7,980,25000,0.30902913212776184,0.40903258323669434,9.99999905104687e-09,1.0,9.99999905104687e-09,8.804506137494172e-07,2.0118644897593185e-05,0.0002195015549659729,0.001860064803622663,0.014191879890859127,0.12948447465896606,0.5,1.0,1.0,1.0
7,990,25000,0.30902454257011414,0.4090422987937927,9.99999905104687e-09,1.0,9.99999905104687e-09,9.010026360556367e-07,2.0003853933303617e-05,0.00022140525106806308,0.001885681413114071,0.014374461024999619,0.1289329081773758,0.5,1.0,1.0,1.0
7,1000,25000,0.30892568826675415,0.40898463129997253,9.99999905104687e-09,1.0,9.99999905104687e-09,9.068244821719418e-07,2.0154860976617783e-05,0.0002253987913718447,0.0019190874882042408,0.01434934139251709,0.12983182072639465,0.5,1.0,1.0,1.0
7,1010,25000,0.3090527653694153,0.4090510308742523,9.99999905104687e-09,1.0,9.99999905104687e-09,9.056949465957587e-07,2.0342904463177547e-05,0.0002195074484916404,0.00187952839769423,0.014235435053706169,0.13039201498031616,0.5,1.0,1.0,1.0
7,1020,25000,0.30892816185951233,0.40902867913246155,9.99999905104687e-09,1.0,9.99999905104687e-09,9.072500688489527e-07,2.024789500865154e-05,0.00022290738706942648,0.0018828139873221517,0.014377242885529995,0.12936851382255554,0.5,1.0,1.0,1.0
7,1030,25000,0.3089876174926758,0.4090607464313507,9.99999905104687e-09,1.0,9.99999905104687e-09,9.091020274354378e-07,1.9926033928641118e-05,0.00022139739303383976,0.0018670180579647422,0.014292723499238491,0.12883621454238892,0.5,1.0,1.0,1.0
7,1040,25000,0.30902740359306335,0.4090554118156433,9.99999905104687e-09,1.0,9.99999905104687e-09,9.149036372946284e-07,2.0297067749197595e-05,0.00022374217223841697,0.0018665315583348274,0.014161328785121441,0.1292656660079956,0.5,1.0,1.0,1.0
7,1050,25000,0.3090132772922516,0.40897658467292786,9.99999905104687e-09,1.0,9.99999905104687e-09,9.088906836041133e-07,1.9930423150071874e-05,0.00021987724176142365,0.0018774301279336214,0.01446884498000145,0.12978331744670868,0.5,1.0,1.0,1.0
7,1060,25000,0.3090871274471283,0.40906134247779846,9.99999905104687e-09,1.0,9.99999905104687e-09,8.955546491051791e-07,1.975222949113231e-05,0.00022222221014089882,0.0018625068478286266,0.01415290031582117,0.1302070915699005,0.5,1.0,1.0,1.0
7,1070,25000,0.3091696500778198,0.40905436873435974,9.99999905104687e-09,1.0,9.99999905104687e-09,9.074618105842092e-07,2.00821268663276e-05,0.00021996855502948165,0.0018663941882550716,0.014390617609024048,0.13114459812641144,0.5,1.0,1.0,1.0
7,1080,25000,0.30905964970588684,0.4090641140937805,9.99999905104687e-09,1.0,9.99999905104687e-09,9.025320082400867e-07,2.0195720935589634e-05,0.00021751044550910592,0.0018513782415539026,0.014351263642311096,0.1295115351676941,0.5,1.0,1.0,1.0
7,1090,25000,0.3091461956501007,0.40903469920158386,9.99999905104687e-09,1.0,9.99999905104687e-09,9.139352528109157e-07,1.970403900486417e-05,0.0002200683084083721,0.0018724838737398386,0.014489956200122833,0.13084973394870758,0.5,1.0,1.0,1.0
7,1100,25000,0.3091154396533966,0.40908992290496826,9.99999905104687e-09,1.0,9.99999905104687e-09,9.115486818700447e-07,2.0165040041320026e-05,0.00021992233814671636,0.0018674277234822512,0.014187082648277283,0.13011722266674042,0.5,1.0,1.0,1.0
7,1110,25000,0.30896610021591187,0.4090977907180786,9.99999905104687e-09,1.0,9.99999905104687e-09,9.050861535797594e-07,1.9852957848343067e-05,0.00022200121020432562,0.0018619709881022573,0.01417182944715023,0.1287347823381424,0.5,1.0,1.0,1.0
7,1120,25000,0.3090209662914276,0.40900564193725586,9.99999905104687e-09,1.0,9.99999905104687e-09,9.066620236808376e-07,2.014837991737295e-05,0.00022381896269507706,0.0018757764482870698,0.014279264025390148,0.13076618313789368,0.5,1.0,1.0,1.0
7,1130,25000,0.3090168833732605,0.4090398848056793,9.99999905104687e-09,1.0,9.99999905104687e-09,8.798088515504787e-07,1.9436671209405176e-05,0.0002223885094281286,0.0018748387228697538,0.014308122918009758,0.13041366636753082,0.5,1.0,1.0,1.0
7,1140,25000,0.3089689612388611,0.40909531712532043,9.99999905104687e-09,1.0,9.99999905104687e-09,8.998413250083104e-07,2.0123865397181362e-05,0.000225267416681163,0.0018553880508989096,0.014247611165046692,0.12872107326984406,0.5,1.0,1.0,1.0
7,1150,25000,0.3089574873447418,0.409086674451828,9.99999905104687e-09,1.0,9.99999905104687e-09,9.024923315337219e-07,2.005328133236617e-05,0.0002167525381082669,0.0018762663239613175,0.014218462631106377,0.12879380583763123,0.5,1.0,1.0,1.0
7,1160,25000,0.3090667724609375,0.409024715423584,9.99999905104687e-09,1.0,9.99999905104687e-09,8.934627544476825e-07,1.995698403334245e-05,0.00022220071696210653,0.001861509750597179,0.01442013680934906,0.12975339591503143,0.5,1.0,1.0,1.0
7,1170,25000,0.3089629113674164,0.40906181931495667,9.99999905104687e-09,1.0,9.99999905104687e-09,9.082252176995098e-07,1.9884033463313244e-05,0.0002229375095339492,0.0018883958691731095,0.014294041320681572,0.1295585185289383,0.5,1.0,1.0,1.0
7,1180,25000,0.3091351091861725,0.40898361802101135,9.99999905104687e-09,1.0,9.99999905104687e-09,9.215173690790834e-07,2.0103640054003336e-05,0.00022323780285660177,0.0018703092355281115,0.014294633641839027,0.1308683604001999,0.5,1.0,1.0,1.0
7,1190,25000,0.3090004026889801,0.40908968448638916,9.99999905104687e-09,1.0,9.99999905104687e-09,9.066456527762057e-07,2.00142585526919e-05,0.00022144334798213094,0.0018685873365029693,0.014191964641213417,0.13007430732250214,0.5,1.0,1.0,1.0
7,1200,25000,0.309019535779953,0.4090437889099121,9.99999905104687e-09,1.0,9.99999905104687e-09,8.856769113663177e-07,1.9657447410281748e-05,0.00021844852017238736,0.0018807214219123125,0.014233318157494068,0.13006527721881866,0.5,1.0,1.0,1.0
7,1210,25000,0.30895623564720154,0.4090571701526642,9.99999905104687e-09,1.0,9.99999905104687e-09,9.177982747132774e-07,2.001185748667922e-05,0.00021875729726161808,0.0018670435529202223,0.01425604335963726,0.1289900541305542,0.5,1.0,1.0,1.0
7,1220,25000,0.3090159296989441,0.4090093672275543,9.99999905104687e-09,1.0,9.99999905104687e-09,9.026583711602143e-07,1.977745159820188e-05,0.00021960488811600953,0.0018560965545475483,0.014384971931576729,0.12961135804653168,0.5,1.0,1.0,1.0
7,1230,25000,0.3090335726737976,0.409024178981781,9.99999905104687e-09,1.0,9.99999905104687e-09,8.88447232227918e-07,2.007933653658256e-05,0.00022316037211567163,0.0018889635102823377,0.014394067227840424,0.1309366226196289,0.5,1.0,1.0,1.0
7,1240,25000,0.3092283308506012,0.4090120196342468,9.99999905104687e-09,1.0,9.99999905104687e-09,9.084496355171723e-07,1.973094913410023e-05,0.000218057946767658,0.0018610366387292743,0.014387443661689758,0.1313382238149643,0.5,1.0,1.0,1.0
7,1250,25000,0.30920448899269104,0.4090796113014221,9.99999905104687e-09,1.0,9.99999905104687e-09,8.933608341976651e-07,2.0038345610373653e-05,0.00021952667157165706,0.0018737069331109524,0.01420668512582779,0.13205654919147491,0.5,1.0,1.0,1.0
7,1260,25000,0.30896738171577454,0.4090820550918579,9.99999905104687e-09,1.0,9.99999905104687e-09,9.052653240360087e-07,1.973282269318588e-05,0.00021857133833691478,0.0018352335318922997,0.014221211895346642,0.12932546436786652,0.5,1.0,1.0,1.0
7,1270,25000,0.3089827001094818,0.4091104567050934,9.99999905104687e-09,1.0,9.99999905104687e-09,8.938708333516843e-07,2.0069843230885454e-05,0.00021921287407167256,0.0018493854440748692,0.014151548966765404,0.12909094989299774,0.5,1.0,1.0,1.0
7,1280,25000,0.30909374356269836,0.4090275168418884,9.99999905104687e-09,1.0,9.99999905104687e-09,9.18824696327647e-07,1.981123205041513e-05,0.00021785861463285983,0.0018824113067239523,0.014264652505517006,0.1305542290210724,0.5,1.0,1.0,1.0
7,1290,25000,0.3090347945690155,0.40903741121292114,9.99999905104687e-09,1.0,9.99999905104687e-09,9.026908287523838e-07,1.9979930584668182e-05,0.00022160356456879526,0.0018813835922628641,0.014399416744709015,0.12947893142700195,0.5,1.0,1.0,1.0
7,1300,25000,0.30916669964790344,0.40909844636917114,9.99999905104687e-09,1.0,9.99999905104687e-09,9.087174817068444e-07,1.9840585082420148e-05,0.0002222697075922042,0.0018602206837385893,0.014421536587178707,0.12950336933135986,0.5,1.0,1.0,1.0
7,1310,25000,0.3090789020061493,0.4090723991394043,9.99999905104687e-09,1.0,9.99999905104687e-09,9.131767342296371e-07,1.987011819437612e-05,0.00021987738728057593,0.0018630153499543667,0.014282574877142906,0.12938876450061798,0.5,1.0,1.0,1.0
7,1320,25000,0.3090510368347168,0.40906283259391785,9.99999905104687e-09,1.0,9.99999905104687e-09,9.046651143762574e-07,2.009232593991328e-05,0.00022264131985139102,0.0018703980604186654,0.01425484474748373,0.1300235092639923,0.5,1.0,1.0,1.0
7,1330,25000,0.30902352929115295,0.40911635756492615,9.99999905104687e-09,1.0,9.99999905104687e-09,8.835165772325126e-07,1.998099105549045e-05,0.00022060429910197854,0.0018593063578009605,0.014116785489022732,0.12917637825012207,0.5,1.0,1.0,1.0
7,1340,25000,0.30905675888061523,0.40905463695526123,9.99999905104687e-09,1.0,9.99999905104687e-09,9.102785725190188e-07,2.0283716366975568e-05,0.00022124200768303126,0.0018737936625257134,0.014392693527042866,0.13025645911693573,0.5,1.0,1.0,1.0
7,1350,25000,0.3090977966785431,0.40909865498542786,9.99999905104687e-09,1.0,9.99999905104687e-09,8.784119245319744e-07,2.011372271226719e-05,0.00022228737361729145,0.0018744055414572358,0.014237465336918831,0.12978945672512054,0.5,1.0,1.0,1.0
7,1360,25000,0.3090469241142273,0.409034788608551,9.99999905104687e-09,1.0,9.99999905104687e-09,9.027829150909383e-07,1.9786759366979823e-05,0.00022060815535951406,0.0019002436893060803,0.014387362636625767,0.13081413507461548,0.5,1.0,1.0,1.0
7,1370,25000,0.3090760409832001,0.40911272168159485,9.99999905104687e-09,1.0,9.99999905104687e-09,9.035917400979088e-07,1.997767685679719e-05,0.00022164972324389964,0.0019008272793143988,0.014355650171637535,0.12976764142513275,0.5,1.0,1.0,1.0
7,1380,25000,0.3091682493686676,0.4090690314769745,9.99999905104687e-09,1.0,9.99999905104687e-09,8.853535291564185e-07,2.0158884581178427e-05,0.00022389790683519095,0.0018700793152675033,0.01427748054265976,0.13074804842472076,0.5,1.0,1.0,1.0
7,1390,25000,0.30900880694389343,0.40907326340675354,9.99999905104687e-09,1.0,9.99999905104687e-09,8.737442271922191e-07,1.9904618966393173e-05,0.00022049271501600742,0.0018819528631865978,0.014218788594007492,0.12873268127441406,0.5,1.0,1.0,1.0
7,1400,25000,0.309106707572937,0.40907713770866394,9.99999905104687e-09,1.0,9.99999905104687e-09,9.019293543133244e-07,1.9819792214548215e-05,0.00022097138571552932,0.0018693357706069946,0.014347635209560394,0.12997834384441376,0.5,1.0,1.0,1.0
7,1410,25000,0.3090466260910034,0.4090634882450104,9.99999905104687e-09,1.0,9.99999905104687e-09,9.060158845386468e-07,1.9960683857789263e-05,0.00022100459318608046,0.0018709313590079546,0.014277003705501556,0.13084527850151062,0.5,1.0,1.0,1.0
7,1420,25000,0.3089917302131653,0.40908050537109375,9.99999905104687e-09,1.0,9.99999905104687e-09,9.007673043015529e-07,2.0062114344909787e-05,0.0002150894288206473,0.0018519102595746517,0.014345996081829071,0.12839645147323608,0.5,1.0,1.0,1.0
7,1430,25000,0.3090328872203827,0.4090478718280792,9.99999905104687e-09,1.0,9.99999905104687e-09,9.049866207533341e-07,2.008651790674776e-05,0.00022363418247550726,0.0018927844939753413,0.014505719766020775,0.12918083369731903,0.5,1.0,1.0,1.0
7,1440,25000,0.3089635372161865,0.40902024507522583,9.99999905104687e-09,1.0,9.99999905104687e-09,9.224369250659947e-07,1.9826111383736134e-05,0.00022128521231934428,0.0018746190471574664,0.014229334890842438,0.12900041043758392,0.5,1.0,1.0,1.0
7,1450,25000,0.3090916574001312,0.40900352597236633,9.99999905104687e-09,1.0,9.99999905104687e-09,9.168634278466925e-07,2.0249473891453817e-05,0.0002237110020359978,0.001862137927673757,0.014455624856054783,0.13037598133087158,0.5,1.0,1.0,1.0
7,1460,25000,0.30904513597488403,0.4090258777141571,9.99999905104687e-09,1.0,9.99999905104687e-09,9.214756460096396e-07,2.0088507881155238e-05,0.0002227758232038468,0.0018898117123171687,0.014245772734284401,0.12986187636852264,0.5,1.0,1.0,1.0
7,1470,25000,0.3090752065181732,0.4090787172317505,9.99999905104687e-09,1.0,9.99999905104687e-09,9.164018024421239e-07,2.001639768423047e-05,0.00021765755082014948,0.0018473032396286726,0.014295161701738834,0.12996329367160797,0.5,1.0,1.0,1.0
7,1480,25000,0.30904096364974976,0.40906092524528503,9.99999905104687e-09,1.0,9.99999905104687e-09,8.958122634794563e-07,2.004043744818773e-05,0.00021864126028958708,0.0018647389952093363,0.01412242092192173,0.12918083369731903,0.5,1.0,1.0,1.0
7,1490,25000,0.3090646266937256,0.4090304374694824,9.99999905104687e-09,1.0,9.99999905104687e-09,8.994614972834825e-07,1.9698689357028343e-05,0.0002191134844906628,0.0018871478969231248,0.014274894259870052,0.13062667846679688,0.5,1.0,1.0,1.0
7,1500,25000,0.30918338894844055,0.40904948115348816,9.99999905104687e-09,1.0,9.99999905104687e-09,8.967956546257483e-07,2.0050627426826395e-05,0.0002230016398243606,0.0018970102537423372,0.014491192996501923,0.13087239861488342,0.5,1.0,1.0,1.0
7,1510,25000,0.3090550899505615,0.40902864933013916,9.99999905104687e-09,1.0,9.99999905104687e-09,8.970053499979258e-07,2.018744999077171e-05,0.0002204289921792224,0.001850103260949254,0.014469711109995842,0.12924472987651825,0.5,1.0,1.0,1.0
7,1520,25000,0.30895835161209106,0.4090575873851776,9.99999905104687e-09,1.0,9.99999905104687e-09,8.998258635983802e-07,1.9636423530755565e-05,0.00021760741947218776,0.0018531435634940863,0.014268014580011368,0.13015998899936676,0.5,1.0,1.0,1.0
7,1530,25000,0.3089853525161743,0.4090399444103241,9.99999905104687e-09,1.0,9.99999905104687e-09,8.841066687637067e-07,1.99402857106179e-05,0.0002187770587624982,0.0018943548202514648,0.014284834265708923,0.1293126940727234,0.5,1.0,1.0,1.0
7,1540,25000,0.30894944071769714,0.4090219736099243,9.99999905104687e-09,1.0,9.99999905104687e-09,8.975644618658407e-07,2.0140645574429072e-05,0.0002233463164884597,0.0018850916530936956,0.01426826510578394,0.1294691413640976,0.5,1.0,1.0,1.0
7,1550,25000,0.30905336141586304,0.4090329110622406,9.99999905104687e-09,1.0,9.99999905104687e-09,9.030487717609503e-07,1.9851140677928925e-05,0.00022182420070748776,0.0018484098836779594,0.014390092343091965,0.12933003902435303,0.5,1.0,1.0,1.0
7,1560,25000,0.3090580105781555,0.409079372882843,9.99999905104687e-09,1.0,9.99999905104687e-09,8.959415822573646e-07,1.967093521670904e-05,0.00022209130111150444,0.0018868970219045877,0.014302646741271019,0.1283254623413086,0.5,1.0,1.0,1.0
7,1570,25000,0.3090445101261139,0.4090757668018341,9.99999905104687e-09,1.0,9.99999905104687e-09,9.121051220972731e-07,2.0166906324448064e-05,0.00022178485232871026,0.0018544208724051714,0.014247266575694084,0.13051313161849976,0.5,1.0,1.0,1.0
7,1580,25000,0.30905255675315857,0.4090724289417267,9.99999905104687e-09,1.0,9.99999905104687e-09,8.913084457162768e-07,2.0061193936271593e-05,0.00022392049140762538,0.0018879882991313934,0.014255842193961143,0.13012850284576416,0.5,1.0,1.0,1.0
7,1590,25000,0.3090777099132538,0.40907353162765503,9.99999905104687e-09,1.0,9.99999905104687e-09,8.8738380554787e-07,1.9816350686596707e-05,0.00022006803192198277,0.0018592991400510073,0.014410827308893204,0.12955811619758606,0.5,1.0,1.0,1.0
7,1600,25000,0.3091239929199219,0.4091005027294159,9.99999905104687e-09,1.0,9.99999905104687e-09,8.951657832767523e-07,1.9861878172378056e-05,0.00022077471658121794,0.0019125774269923568,0.014340970665216446,0.1290683001279831,0.5,1.0,1.0,1.0
7,1610,25000,0.30900681018829346,0.4091068506240845,9.99999905104687e-09,1.0,9.99999905104687e-09,9.138547056863899e-07,2.0136254534008913e-05,0.0002169803628930822,0.001840476761572063,0.0142362080514431,0.12870536744594574,0.5,1.0,1.0,1.0
7,1620,25000,0.30915531516075134,0.4090568721294403,9.99999905104687e-09,1.0,9.99999905104687e-09,8.991405024971755e-07,2.0046765712322667e-05,0.00022131255536805838,0.0018992708064615726,0.014304596930742264,0.13011614978313446,0.5,1.0,1.0,1.0
7,1630,25000,0.3090835213661194,0.40905341506004333,9.99999905104687e-09,1.0,9.99999905104687e-09,9.195840107167896e-07,1.9763054297072813e-05,0.000219049456063658,0.001886746846139431,0.014290355145931244,0.1306898593902588,0.5,1.0,1.0,1.0
7,1640,25000,0.30901360511779785,0.40910929441452026,9.99999905104687e-09,1.0,9.99999905104687e-09,9.01426403743244e-07,1.9937031538574956e-05,0.0002211715909652412,0.0018767531728371978,0.01429885346442461,0.12976710498332977,0.5,1.0,1.0,1.0
7,1650,25000,0.30905988812446594,0.409142404794693,9.99999905104687e-09,1.0,9.99999905104687e-09,9.005341894408048e-07,1.974916085600853e-05,0.00021970427769701928,0.0019000803586095572,0.014268252067267895,0.12910816073417664,0.5,1.0,1.0,1.0
7,1660,25000,0.3091334402561188,0.4090629816055298,9.99999905104687e-09,1.0,9.99999905104687e-09,8.93624701348017e-07,1.9981383957201615e-05,0.00022024275676812977,0.0018607379170134664,0.014366935938596725,0.12990713119506836,0.5,1.0,1.0,1.0
7,1670,25000,0.3090634346008301,0.4090755581855774,9.99999905104687e-09,1.0,9.99999905104687e-09,9.134233209806553e-07,2.0139435946475714e-05,0.00022267735039349645,0.0018876675749197602,0.014279361814260483,0.12969939410686493,0.5,1.0,1.0,1.0
7,1680,25000,0.3090759515762329,0.4090922176837921,9.99999905104687e-09,1.0,9.99999905104687e-09,8.89284024196968e-07,2.0044415578013286e-05,0.00022036668087821454,0.0018908337224274874,0.014370856806635857,0.12792950868606567,0.5,1.0,1.0,1.0
7,1690,25000,0.30904412269592285,0.4091021418571472,9.99999905104687e-09,1.0,9.99999905104687e-09,9.11141398773907e-07,2.0156481696176343e-05,0.00021676764299627393,0.0018906152108684182,0.0142155010253191,0.12969182431697845,0.5,1.0,1.0,1.0
7,1700,25000,0.30899566411972046,0.4090850055217743,9.99999905104687e-09,1.0,9.99999905104687e-09,8.735390224501316e-07,1.982011781365145e-05,0.00022093603911343962,0.0018939676228910685,0.014236828312277794,0.12882915139198303,0.5,1.0,1.0,1.0
7,1710,25000,0.30909252166748047,0.40901920199394226,9.99999905104687e-09,1.0,9.99999905104687e-09,9.095455197893898e-07,2.0056215362274088e-05,0.0002226598298875615,0.0019033916760236025,0.014310421422123909,0.12996217608451843,0.5,1.0,1.0,1.0
7,1720,25000,0.3089911937713623,0.40908083319664,9.99999905104687e-09,1.0,9.99999905104687e-09,9.14457871203922e-07,1.989327574847266e-05,0.00022193300537765026,0.0018816193332895637,0.014221038669347763,0.12925496697425842,0.5,1.0,1.0,1.0
7,1730,25000,0.3090972304344177,0.4090568423271179,9.99999905104687e-09,1.0,9.99999905104687e-09,9.037625545715855e-07,1.9832354155369103e-05,0.00022406379866879433,0.0019010533578693867,0.014342141337692738,0.12986353039741516,0.5,1.0,1.0,1.0
7,1740,25000,0.30912765860557556,0.4091021716594696,9.99999905104687e-09,1.0,9.99999905104687e-09,9.222486596627277e-07,1.9934157535317354e-05,0.00021767472208011895,0.0018688277341425419,0.014350643381476402,0.12971541285514832,0.5,1.0,1.0,1.0
7,1750,25000,0.309148371219635,0.40907740592956543,9.99999905104687e-09,1.0,9.99999905104687e-09,9.25783922411938e-07,1.9891051124432124e-05,0.00021915337129030377,0.0018978507723659277,0.01429496519267559,0.13091015815734863,0.5,1.0,1.0,1.0
7,1760,25000,0.3090173006057739,0.40911659598350525,9.99999905104687e-09,1.0,9.99999905104687e-09,9.09009656879789e-07,1.9885248548234813e-05,0.0002169422514270991,0.0018354461062699556,0.014290823601186275,0.1296813040971756,0.5,1.0,1.0,1.0
7,1770,25000,0.3090052008628845,0.40905389189720154,9.99999905104687e-09,1.0,9.99999905104687e-09,9.116425303545839e-07,1.9848885131068528e-05,0.00021966097119729966,0.001879461226053536,0.014396648854017258,0.12950901687145233,0.5,1.0,1.0,1.0
7,1780,25000,0.3090624213218689,0.4091120958328247,9.99999905104687e-09,1.0,9.99999905104687e-09,9.020559446071275e-07,2.0099596440559253e-05,0.00022199512750376016,0.0018604628276079893,0.014214430004358292,0.12969642877578735,0.5,1.0,1.0,1.0
7,1790,25000,0.3090996742248535,0.4090285003185272,9.99999905104687e-09,1.0,9.99999905104687e-09,8.919586207412067e-07,1.9835608327412046e-05,0.00022342317970469594,0.0018983377376571298,0.014258233830332756,0.13091284036636353,0.5,1.0,1.0,1.0
7,1800,25000,0.30902931094169617,0.4090937077999115,9.99999905104687e-09,1.0,9.99999905104687e-09,8.918361800169805e-07,2.007579132623505e-05,0.00022262413403950632,0.001857057330198586,0.014228511601686478,0.12897339463233948,0.5,1.0,1.0,1.0
7,1810,25000,0.30906760692596436,0.4090687334537506,9.99999905104687e-09,1.0,9.99999905104687e-09,9.051374831869907e-07,2.0161956854281016e-05,0.0002242047485196963,0.001852808054536581,0.014147104695439339,0.12954197824001312,0.5,1.0,1.0,1.0
7,1820,25000,0.3090565502643585,0.4090677499771118,9.99999905104687e-09,1.0,9.99999905104687e-09,9.140289307651983e-07,2.0007766579510644e-05,0.00021896400721743703,0.0018821543781086802,0.014235388487577438,0.12929829955101013,0.5,1.0,1.0,1.0
7,1830,25000,0.3090565502643585,0.4090671241283417,9.99999905104687e-09,1.0,9.99999905104687e-09,9.026919087773422e-07,2.0058141672052443e-05,0.0002231090038549155,0.0018777670338749886,0.014216034673154354,0.13051743805408478,0.5,1.0,1.0,1.0
7,1840,25000,0.30894750356674194,0.4091385304927826,9.99999905104687e-09,1.0,9.99999905104687e-09,9.259998705601902e-07,2.022050648520235e-05,0.0002211962710134685,0.0018942991737276316,0.014248627237975597,0.1277935951948166,0.5,1.0,1.0,1.0
7,1850,25000,0.3090629279613495,0.4090651273727417,9.99999905104687e-09,1.0,9.99999905104687e-09,8.747990136726003e-07,1.982474532269407e-05,0.0002220642491010949,0.0018539194716140628,0.01423521339893341,0.1292559653520584,0.5,1.0,1.0,1.0
7,1860,25000,0.30908069014549255,0.40908217430114746,9.99999905104687e-09,1.0,9.99999905104687e-09,8.837408245199185e-07,1.9736507965717465e-05,0.00022192146570887417,0.0018609544495120645,0.014301120303571224,0.13013023138046265,0.5,1.0,1.0,1.0
7,1870,25000,0.309025377035141,0.40908607840538025,9.99999905104687e-09,1.0,9.99999905104687e-09,9.027347687151632e-07,1.9551631339709274e-05,0.00021968220244161785,0.0018614665605127811,0.014199480414390564,0.12889240682125092,0.5,1.0,1.0,1.0
7,1880,25000,0.30899977684020996,0.40904131531715393,9.99999905104687e-09,1.0,9.99999905104687e-09,9.053685516846599e-07,1.9939605408580974e-05,0.00022061570780351758,0.0018774977652356029,0.014199445024132729,0.1293957382440567,0.5,1.0,1.0,1.0
7,1890,25000,0.3089999556541443,0.4090210199356079,9.99999905104687e-09,1.0,9.99999905104687e-09,9.170587986773171e-07,1.9872501070494764e-05,0.00021854550868738443,0.00183121208101511,0.014212064445018768,0.1294512152671814,0.5,1.0,1.0,1.0
7,1900,25000,0.3090564012527466,0.40900468826293945,9.99999905104687e-09,1.0,9.99999905104687e-09,9.134934657595295e-07,2.012920958804898e-05,0.00022212762269191444,0.0018730484880506992,0.014272340573370457,0.13073405623435974,0.5,1.0,1.0,1.0
7,1910,25000,0.30908769369125366,0.40910252928733826,9.99999905104687e-09,1.0,9.99999905104687e-09,9.038083135237684e-07,1.987424366234336e-05,0.00022249651374295354,0.001859265030361712,0.014316455461084843,0.12929531931877136,0.5,1.0,1.0,1.0
7,1920,25000,0.30910569429397583,0.40906646847724915,9.99999905104687e-09,1.0,9.99999905104687e-09,8.948422305365966e-07,1.984549089684151e-05,0.000220725400140509,0.0018582743359729648,0.014399966225028038,0.13005779683589935,0.5,1.0,1.0,1.0
7,1930,25000,0.3090645372867584,0.40905579924583435,9.99999905104687e-09,1.0,9.99999905104687e-09,8.834751383801631e-07,2.035484794760123e-05,0.00021944752370472997,0.0018698569620028138,0.01446544285863638,0.13064587116241455,0.5,1.0,1.0,1.0
7,1940,25000,0.30909398198127747,0.40905290842056274,9.99999905104687e-09,1.0,9.99999905104687e-09,9.030169962898071e-07,1.9777322449954227e-05,0.00022001445177011192,0.0018752793548628688,0.014412772841751575,0.13025036454200745,0.5,1.0,1.0,1.0
7,1950,25000,0.30918243527412415,0.40904709696769714,9.99999905104687e-09,1.0,9.99999905104687e-09,8.990559194899106e-07,1.9786304619628936e-05,0.0002213128173025325,0.0018560851458460093,0.014425033703446388,0.13066208362579346,0.5,1.0,1.0,1.0
7,1960,25000,0.3089766204357147,0.40905776619911194,9.99999905104687e-09,1.0,9.99999905104687e-09,9.000242471302045e-07,1.9981753212050535e-05,0.00022372686362359673,0.0018811472691595554,0.014119504019618034,0.12878306210041046,0.5,1.0,1.0,1.0
7,1970,25000,0.3090813457965851,0.40908148884773254,9.99999905104687e-09,1.0,9.99999905104687e-09,9.069625548363547e-07,1.982449430215638e-05,0.00022266810992732644,0.0018577566370368004,0.014162085950374603,0.13100557029247284,0.5,1.0,1.0,1.0
7,1980,25000,0.3090377449989319,0.4091361165046692,9.99999905104687e-09,1.0,9.99999905104687e-09,9.085892429538944e-07,1.9800525478785858e-05,0.00021932763047516346,0.0018330083694308996,0.014261492528021336,0.12788715958595276,0.5,1.0,1.0,1.0
7,1990,25000,0.3091233968734741,0.4090556204319,9.99999905104687e-09,1.0,9.99999905104687e-09,9.092083814721263e-07,1.9897619495168328e-05,0.00022017555602360517,0.0018815082730725408,0.014462978579103947,0.12972398102283478,0.5,1.0,1.0,1.0
7,2000,25000,0.3090583384037018,0.40904128551483154,9.99999905104687e-09,1.0,9.99999905104687e-09,9.015961381919624e-07,1.9524406525306404e-05,0.00022247362358029932,0.0018777796067297459,0.014433974400162697,0.13088181614875793,0.5,1.0,1.0,1.0
7,2010,25000,0.3090151846408844,0.4090214669704437,9.99999905104687e-09,1.0,9.99999905104687e-09,9.118064099311596e-07,2.0362524082884192e-05,0.0002200393209932372,0.001877667149528861,0.014145972207188606,0.13017341494560242,0.5,1.0,1.0,1.0
7,2020,25000,0.3090861439704895,0.4090757966041565,9.99999905104687e-09,1.0,9.99999905104687e-09,9.014427746478759e-07,2.000303902605083e-05,0.00022092650760896504,0.0018693174934014678,0.014218311756849289,0.13059242069721222,0.5,1.0,1.0,1.0
7,2030,25000,0.30922746658325195,0.40909528732299805,9.99999905104687e-09,1.0,9.99999905104687e-09,8.996461815513612e-07,2.005579517572187e-05,0.00021965841006021947,0.0018600563053041697,0.014367472380399704,0.13056403398513794,0.5,1.0,1.0,1.0
7,2040,25000,0.309034138917923,0.4090538024902344,9.99999905104687e-09,1.0,9.99999905104687e-09,9.012869668367784e-07,1.9757018890231848e-05,0.00022054421424400061,0.0018441082211211324,0.014426961541175842,0.1295943558216095,0.5,1.0,1.0,1.0
7,2050,25000,0.30909624695777893,0.409090131521225,9.99999905104687e-09,1.0,9.99999905104687e-09,8.989206889964407e-07,1.971955680346582e-05,0.00022120101493783295,0.0019118024501949549,0.01431073434650898,0.1295255869626999,0.5,1.0,1.0,1.0
7,2060,25000,0.3090755343437195,0.40911704301834106,9.99999905104687e-09,1.0,9.99999905104687e-09,8.948945833253674e-07,1.984255686693359e-05,0.00022191234165802598,0.0018482835730537772,0.014215629547834396,0.1301523745059967,0.5,1.0,1.0,1.0
7,2070,25000,0.3090002238750458,0.4090873897075653,9.99999905104687e-09,1.0,9.99999905104687e-09,9.08533877463924e-07,1.9870578398695216e-05,0.00021922009182162583,0.0018858395051211119,0.014255003072321415,0.12843027710914612,0.5,1.0,1.0,1.0
7,2080,25000,0.3090255856513977,0.40908172726631165,9.99999905104687e-09,1.0,9.99999905104687e-09,9.160950185105321e-07,2.0394212697283365e-05,0.00022448159870691597,0.0018617919413372874,0.014253737404942513,0.12937895953655243,0.5,1.0,1.0,1.0
7,2090,25000,0.30905425548553467,0.40907859802246094,9.99999905104687e-09,1.0,9.99999905104687e-09,9.184556688524026e-07,1.9629702364909463e-05,0.00021989723609294742,0.0018702097004279494,0.014243027195334435,0.1300516426563263,0.5,1.0,1.0,1.0
7,2100,25000,0.3091077208518982,0.40908685326576233,9.99999905104687e-09,1.0,9.99999905104687e-09,8.937147413234925e-07,2.0240224330336787e-05,0.0002228646189905703,0.0018849435728043318,0.014230821281671524,0.12895213067531586,0.5,1.0,1.0,1.0
7,2110,25000,0.3090360462665558,0.40910282731056213,9.99999905104687e-09,1.0,9.99999905104687e-09,9.037470363182365e-07,1.9859677195199765e-05,0.0002212831750512123,0.001873356755822897,0.014378394931554794,0.1285458207130432,0.5,1.0,1.0,1.0
7,2120,25000,0.30912625789642334,0.40908151865005493,9.99999905104687e-09,1.0,9.99999905104687e-09,9.054849670064868e-07,2.0093604689463973e-05,0.0002189442893723026,0.001852557878009975,0.01444284524768591,0.13052532076835632,0.5,1.0,1.0,1.0
7,2130,25000,0.3090515732765198,0.40905603766441345,9.99999905104687e-09,1.0,9.99999905104687e-09,9.0725768586708e-07,1.9732753571588546e-05,0.00022036150039639324,0.0018642776412889361,0.014162582345306873,0.13110792636871338,0.5,1.0,1.0,1.0
7,2140,25000,0.3091047704219818,0.4091002643108368,9.99999905104687e-09,1.0,9.99999905104687e-09,9.180226925309398e-07,2.0174002202111296e-05,0.0002229109959444031,0.0018563993507996202,0.014122433960437775,0.13013955950737,0.5,1.0,1.0,1.0
7,2150,25000,0.30909496545791626,0.40911561250686646,9.99999905104687e-09,1.0,9.99999905104687e-09,9.06918728560413e-07,2.0143779693171382e-05,0.0002203235198976472,0.0018789619207382202,0.014381751418113708,0.12889686226844788,0.5,1.0,1.0,1.0
7,2160,25000,0.3090675473213196,0.4090816378593445,9.99999905104687e-09,1.0,9.99999905104687e-09,8.979281460597122e-07,1.9623024854809046e-05,0.00022382182942237705,0.001910627936013043,0.014333846978843212,0.1302746832370758,0.5,1.0,1.0,1.0
7,2170,25000,0.309075266122818,0.40908461809158325,9.99999905104687e-09,1.0,9.99999905104687e-09,8.938869768826407e-07,1.9781606169999577e-05,0.00021912557713221759,0.0018891002982854843,0.014156067743897438,0.13040496408939362,0.5,1.0,1.0,1.0
7,2180,25000,0.30906689167022705,0.4090595841407776,9.99999905104687e-09,1.0,9.99999905104687e-09,9.049459777088487e-07,2.0084042262169532e-05,0.00022139752400107682,0.0018744474509730935,0.014370759949088097,0.13095316290855408,0.5,1.0,1.0,1.0
7,2190,25000,0.309091717004776,0.40907779335975647,9.99999905104687e-09,1.0,9.99999905104687e-09,9.091143056139117e-07,2.0009110812679864e-05,0.00022275233641266823,0.001898313290439546,0.014311317354440689,0.13000895082950592,0.5,1.0,1.0,1.0
7,2200,25000,0.30911338329315186,0.40909889340400696,9.99999905104687e-09,1.0,9.99999905104687e-09,9.102149647333135e-07,1.9815031919279136e-05,0.00022034600260667503,0.0018742397660389543,0.014276641421020031,0.12976078689098358,0.5,1.0,1.0,1.0
7,2210,25000,0.3090842068195343,0.409074604511261,9.99999905104687e-09,1.0,9.99999905104687e-09,9.182265898743935e-07,2.0124769434914924e-05,0.00022184093541000038,0.00184411252848804,0.014303894713521004,0.13015995919704437,0.5,1.0,1.0,1.0
7,2220,25000,0.30908262729644775,0.4090992212295532,9.99999905104687e-09,1.0,9.99999905104687e-09,8.950555638875812e-07,1.999207779590506e-05,0.00021946745982859284,0.0018558255396783352,0.01425669901072979,0.1294289082288742,0.5,1.0,1.0,1.0
7,2230,25000,0.3090791404247284,0.4091072380542755,9.99999905104687e-09,1.0,9.99999905104687e-09,9.069328825717093e-07,1.984111440833658e-05,0.00022164982510730624,0.0018681808141991496,0.014254366979002953,0.1306556910276413,0.5,1.0,1.0,1.0
7,2240,25000,0.30914121866226196,0.40907275676727295,9.99999905104687e-09,1.0,9.99999905104687e-09,9.03484647096775e-07,1.961083398782648e-05,0.00021898149861954153,0.0018410790944471955,0.014162465929985046,0.13116297125816345,0.5,1.0,1.0,1.0
7,2250,25000,0.309044748544693,0.40907299518585205,9.99999905104687e-09,1.0,9.99999905104687e-09,8.960338959695946e-07,2.014769233937841e-05,0.00022043655917514116,0.0018709917785599828,0.014391351491212845,0.12946078181266785,0.5,1.0,1.0,1.0
7,2260,25000,0.30907171964645386,0.4090726673603058,9.99999905104687e-09,1.0,9.99999905104687e-09,9.071733870769094e-07,2.0152563593001105e-05,0.0002216410357505083,0.001863511628471315,0.014422268606722355,0.13033105432987213,0.5,1.0,1.0,1.0
7,2270,25000,0.3091863691806793,0.40912869572639465,9.99999905104687e-09,1.0,9.99999905104687e-09,9.0298192390037e-07,2.01929342438234e-05,0.00021853408543393016,0.0018581632757559419,0.01431254856288433,0.1325947493314743,0.5,1.0,1.0,1.0
7,2280,25000,0.30910587310791016,0.40907201170921326,9.99999905104687e-09,1.0,9.99999905104687e-09,9.107490086535108e-07,1.951096965058241e-05,0.0002192431566072628,0.0018629408441483974,0.014321774244308472,0.12951485812664032,0.5,1.0,1.0,1.0
7,2290,25000,0.3091512620449066,0.40909433364868164,9.99999905104687e-09,1.0,9.99999905104687e-09,9.068248232324549e-07,1.9715753296623006e-05,0.0002233552950201556,0.001878399751149118,0.014280635863542557,0.1292981058359146,0.5,1.0,1.0,1.0
7,2300,25000,0.30908653140068054,0.4091358482837677,9.99999905104687e-09,1.0,9.99999905104687e-09,9.096012831832923e-07,2.0047524230903946e-05,0.00022275763330981135,0.0018345591379329562,0.014335826970636845,0.12943854928016663,0.5,1.0,1.0,1.0
7,2310,25000,0.3090255856513977,0.4091258645057678,9.99999905104687e-09,1.0,9.99999905104687e-09,8.937096822592139e-07,1.987462746910751e-05,0.00021851289784535766,0.001887914608232677,0.014578072354197502,0.128617063164711,0.5,1.0,1.0,1.0
7,2320,25000,0.30906686186790466,0.4090809226036072,9.99999905104687e-09,1.0,9.99999905104687e-09,9.067172754839703e-07,2.005012720474042e-05,0.00021899731655139476,0.0018892865628004074,0.014358500018715858,0.12885773181915283,0.5,1.0,1.0,1.0
7,2330,25000,0.3089492917060852,0.40913814306259155,9.99999905104687e-09,1.0,9.99999905104687e-09,9.167538905785477e-07,2.0193750970065594e-05,0.00021767051657661796,0.001865232246927917,0.014178398996591568,0.128838911652565,0.5,1.0,1.0,1.0
7,2340,25000,0.3090618848800659,0.4090936779975891,9.99999905104687e-09,1.0,9.99999905104687e-09,9.013489830067556e-07,2.0108516764594242e-05,0.0002240427420474589,0.0018850528867915273,0.014401307329535484,0.1288832724094391,0.5,1.0,1.0,1.0
7,2350,25000,0.309024840593338,0.4090903103351593,9.99999905104687e-09,1.0,9.99999905104687e-09,9.089427521757898e-07,1.9693348804139532e-05,0.00022380176233127713,0.0018974998965859413,0.014406727626919746,0.12845097482204437,0.5,1.0,1.0,1.0
7,2360,25000,0.3090439736843109,0.4090651273727417,9.99999905104687e-09,1.0,9.99999905104687e-09,9.183224278785929e-07,1.9745517420233227e-05,0.0002240898902527988,0.001850782078690827,0.014356729574501514,0.12977468967437744,0.5,1.0,1.0,1.0
7,2370,25000,0.30906155705451965,0.40908414125442505,9.99999905104687e-09,1.0,9.99999905104687e-09,9.069387942872709e-07,1.9723864170373417e-05,0.00022043926583137363,0.0018750547897070646,0.014499083161354065,0.12975136935710907,0.5,1.0,1.0,1.0
7,2380,25000,0.30907052755355835,0.4090765416622162,9.99999905104687e-09,1.0,9.99999905104687e-09,9.093756716538337e-07,2.0090112229809165e-05,0.00022006148356013,0.0018755026394501328,0.014482952654361725,0.12994137406349182,0.5,1.0,1.0,1.0
7,2390,25000,0.3090457320213318,0.40910279750823975,9.99999905104687e-09,1.0,9.99999905104687e-09,8.800525961305539e-07,1.9515326130203903e-05,0.00021946850756648928,0.0018742247484624386,0.014410536736249924,0.12952396273612976,0.5,1.0,1.0,1.0
7,2400,25000,0.30903103947639465,0.4091011881828308,9.99999905104687e-09,1.0,9.99999905104687e-09,9.086209047381999e-07,1.9926497770939022e-05,0.00022104615345597267,0.001895653665997088,0.014239707961678505,0.12965752184391022,0.5,1.0,1.0,1.0
7,2410,25000,0.30914780497550964,0.4090995192527771,9.99999905104687e-09,1.0,9.99999905104687e-09,8.870169949659612e-07,2.0078445231774822e-05,0.00022301118588075042,0.0018855726812034845,0.01443612389266491,0.1291324496269226,0.5,1.0,1.0,1.0
7,2420,25000,0.3090831935405731,0.4091247618198395,9.99999905104687e-09,1.0,9.99999905104687e-09,9.077549520952743e-07,1.9923816580558196e-05,0.00022112064471002668,0.0018793169874697924,0.014567237347364426,0.128660649061203,0.5,1.0,1.0,1.0
7,2430,25000,0.30906087160110474,0.40910011529922485,9.99999905104687e-09,1.0,9.99999905104687e-09,8.979321250990324e-07,1.988645817618817e-05,0.00021903183369431645,0.0018896362744271755,0.014192622154951096,0.12913355231285095,0.5,1.0,1.0,1.0
7,2440,25000,0.3091298043727875,0.4090498983860016,9.99999905104687e-09,1.0,9.99999905104687e-09,9.026548468682449e-07,1.9938621335313655e-05,0.00022043574426788837,0.00185307371430099,0.014369220472872257,0.13118557631969452,0.5,1.0,1.0,1.0
7,2450,25000,0.3091510236263275,0.40909191966056824,9.99999905104687e-09,1.0,9.99999905104687e-09,8.975790137810691e-07,2.0054709239047952e-05,0.0002188448706874624,0.0019108714768663049,0.014168405905365944,0.13021975755691528,0.5,1.0,1.0,1.0
7,2460,25000,0.3090941607952118,0.4090983271598816,9.99999905104687e-09,1.0,9.99999905104687e-09,9.124518101089052e-07,2.014884194068145e-05,0.00022097521286923438,0.0018656732281669974,0.014265565201640129,0.12981170415878296,0.5,1.0,1.0,1.0
7,2470,25000,0.3091430068016052,0.40910622477531433,9.99999905104687e-09,1.0,9.99999905104687e-09,9.035085781761154e-07,1.994174817809835e-05,0.00021978328004479408,0.0018854541704058647,0.01421451848000288,0.13136503100395203,0.5,1.0,1.0,1.0
7,2480,25000,0.3091403543949127,0.4090951681137085,9.99999905104687e-09,1.0,9.99999905104687e-09,8.883673103809997e-07,2.01085986191174e-05,0.00021812148042954504,0.001906165387481451,0.014379125088453293,0.12992538511753082,0.5,1.0,1.0,1.0
7,2490,25000,0.3091444671154022,0.40914028882980347,9.99999905104687e-09,1.0,9.99999905104687e-09,9.169541499431944e-07,1.9860706743202172e-05,0.00021943982574157417,0.0018641810165718198,0.014441732317209244,0.1298046112060547,0.5,1.0,1.0,1.0
7,2500,25000,0.3090791404247284,0.4090995192527771,9.99999905104687e-09,1.0,9.99999905104687e-09,9.135261507253745e-07,1.990008240682073e-05,0.00022138706117402762,0.001898905262351036,0.01420203223824501,0.13000915944576263,0.5,1.0,1.0,1.0
7,2510,25000,0.3090522587299347,0.4091414213180542,9.99999905104687e-09,1.0,9.99999905104687e-09,9.102962508222845e-07,2.0074810890946537e-05,0.00022005883511155844,0.0018461619038134813,0.014305585995316505,0.12894761562347412,0.5,1.0,1.0,1.0
7,2520,25000,0.30907827615737915,0.4090860188007355,9.99999905104687e-09,1.0,9.99999905104687e-09,9.112123393606453e-07,1.979113949346356e-05,0.0002201671013608575,0.001900755800306797,0.014423400163650513,0.12948520481586456,0.5,1.0,1.0,1.0
7,2530,25000,0.3090485632419586,0.4091361165046692,9.99999905104687e-09,1.0,9.99999905104687e-09,9.076067613023042e-07,2.0069966922164895e-05,0.000221598194912076,0.0018814869690686464,0.014158446341753006,0.12990529835224152,0.5,1.0,1.0,1.0
7,2540,25000,0.3091413378715515,0.40913230180740356,9.99999905104687e-09,1.0,9.99999905104687e-09,8.870767373991839e-07,2.0293480702093802e-05,0.00021954186377115548,0.0018833301728591323,0.014270363375544548,0.1308031976222992,0.5,1.0,1.0,1.0
7,2550,25000,0.30913740396499634,0.40907174348831177,9.99999905104687e-09,1.0,9.99999905104687e-09,9.160784770756436e-07,1.9860386601067148e-05,0.00021783070405945182,0.0018879331182688475,0.014462154358625412,0.13059277832508087,0.5,1.0,1.0,1.0
7,2560,25000,0.30919909477233887,0.40908530354499817,9.99999905104687e-09,1.0,9.99999905104687e-09,9.052893119587679e-07,2.0062991097802296e-05,0.00022030333639122546,0.001880632247775793,0.01441133487969637,0.13068720698356628,0.5,1.0,1.0,1.0
7,2570,25000,0.30910125374794006,0.40910911560058594,9.99999905104687e-09,1.0,9.99999905104687e-09,8.883911846169212e-07,1.9939943740610033e-05,0.00022393955441657454,0.0018723439425230026,0.014150111004710197,0.12962770462036133,0.5,1.0,1.0,1.0
7,2580,25000,0.30912259221076965,0.4091102182865143,9.99999905104687e-09,1.0,9.99999905104687e-09,8.994897484626563e-07,1.992281249840744e-05,0.00021935072436463088,0.0018598029855638742,0.014277641661465168,0.13159850239753723,0.5,1.0,1.0,1.0
7,2590,25000,0.3091224730014801,0.40910130739212036,9.99999905104687e-09,1.0,9.99999905104687e-09,8.993818028102396e-07,1.991928365896456e-05,0.00021843025751877576,0.0018501877784729004,0.014310836791992188,0.1295124888420105,0.5,1.0,1.0,1.0
7,2600,25000,0.3090365529060364,0.4090856909751892,9.99999905104687e-09,1.0,9.99999905104687e-09,9.192123116008588e-07,1.970171433640644e-05,0.00022138953499961644,0.0018658771878108382,0.014138337224721909,0.13081137835979462,0.5,1.0,1.0,1.0
7,2610,25000,0.30896127223968506,0.40913131833076477,9.99999905104687e-09,1.0,9.99999905104687e-09,9.073122555491864e-07,2.0328216123743914e-05,0.00022235380311030895,0.001881684991531074,0.014168850146234035,0.1283877193927765,0.5,1.0,1.0,1.0
7,2620,25000,0.309055358171463,0.40909165143966675,9.99999905104687e-09,1.0,9.99999905104687e-09,8.903239177016076e-07,1.957765744009521e-05,0.00022230912873055786,0.0019003689521923661,0.014334388077259064,0.13010047376155853,0.5,1.0,1.0,1.0
7,2630,25000,0.3090638518333435,0.4091309607028961,9.99999905104687e-09,1.0,9.99999905104687e-09,9.283842246077256e-07,1.9766406694543548e-05,0.00022198722581379116,0.0018879580311477184,0.014509659260511398,0.12879671156406403,0.5,1.0,1.0,1.0
7,2640,25000,0.30906611680984497,0.4090906083583832,9.99999905104687e-09,1.0,9.99999905104687e-09,9.185897056340764e-07,2.0110615878365934e-05,0.0002223883057013154,0.0018670052522793412,0.014393455348908901,0.12952923774719238,0.5,1.0,1.0,1.0
7,2650,25000,0.3091229498386383,0.4090745747089386,9.99999905104687e-09,1.0,9.99999905104687e-09,9.281916391046252e-07,2.0191171643091366e-05,0.00022411080135498196,0.001870072796009481,0.014277137815952301,0.1293220967054367,0.5,1.0,1.0,1.0
7,2660,25000,0.309176504611969,0.40909409523010254,9.99999905104687e-09,1.0,9.99999905104687e-09,8.995068583317334e-07,1.9878678358509205e-05,0.00021948982612229884,0.0018790782196447253,0.014306962490081787,0.13095560669898987,0.5,1.0,1.0,1.0
7,2670,25000,0.3090156316757202,0.4091319739818573,9.99999905104687e-09,1.0,9.99999905104687e-09,9.034660024553887e-07,2.0050052626174875e-05,0.0002190772647736594,0.0018941807793453336,0.014247383922338486,0.12845292687416077,0.5,1.0,1.0,1.0
7,2680,25000,0.30911678075790405,0.4090994894504547,9.99999905104687e-09,1.0,9.99999905104687e-09,9.007339940581005e-07,1.9644179701572284e-05,0.00022220185201149434,0.001878302893601358,0.014248296618461609,0.12931238114833832,0.5,1.0,1.0,1.0
7,2690,25000,0.3090527653694153,0.40913596749305725,9.99999905104687e-09,1.0,9.99999905104687e-09,9.230713544639002e-07,2.0381219655973837e-05,0.0002228000812465325,0.0018670829012989998,0.014222060330212116,0.12947416305541992,0.5,1.0,1.0,1.0
7,2700,25000,0.30915340781211853,0.40910476446151733,9.99999905104687e-09,1.0,9.99999905104687e-09,9.052679388332763e-07,2.0118966858717613e-05,0.00022057695605326444,0.0018820366822183132,0.014291448518633842,0.13082723319530487,0.5,1.0,1.0,1.0
7,2710,25000,0.30912888050079346,0.4090948700904846,9.99999905104687e-09,1.0,9.99999905104687e-09,9.02663373381074e-07,2.0013814719277434e-05,0.0002233885898021981,0.0018913195235654712,0.014423053711652756,0.130353182554245,0.5,1.0,1.0,1.0
7,2720,25000,0.30924856662750244,0.40903452038764954,9.99999905104687e-09,1.0,9.99999905104687e-09,9.102698186325142e-07,2.0232906535966322e-05,0.00022087813704274595,0.001906306715682149,0.014480458572506905,0.13161811232566833,0.5,1.0,1.0,1.0
7,2730,25000,0.3090415894985199,0.4091147482395172,9.99999905104687e-09,1.0,9.99999905104687e-09,9.248843753084657e-07,2.0267931176931597e-05,0.00021701966761611402,0.00188065052498132,0.014245000667870045,0.12867340445518494,0.5,1.0,1.0,1.0
7,2740,25000,0.3091471493244171,0.40910428762435913,9.99999905104687e-09,1.0,9.99999905104687e-09,9.012199484459416e-07,2.029873212450184e-05,0.00022173312027007341,0.001860767719335854,0.014323413372039795,0.12902094423770905,0.5,1.0,1.0,1.0
7,2750,25000,0.3090710937976837,0.4090571701526642,9.99999905104687e-09,1.0,9.99999905104687e-09,9.072113584807084e-07,2.0383520677569322e-05,0.00022134195023681968,0.0018686591647565365,0.014502275735139847,0.1303131878376007,0.5,1.0,1.0,1.0
7,2760,25000,0.3090425133705139,0.4091041088104248,9.99999905104687e-09,1.0,9.99999905104687e-09,8.994177278509596e-07,2.0109164324821904e-05,0.00022129918215796351,0.0018789921887218952,0.01420658826828003,0.12957800924777985,0.5,1.0,1.0,1.0
7,2770,25000,0.3091132342815399,0.4090983271598816,9.99999905104687e-09,1.0,9.99999905104687e-09,8.959339652392373e-07,1.988018811971415e-05,0.00022058813192415982,0.0018634865991771221,0.01430516131222248,0.13072949647903442,0.5,1.0,1.0,1.0
7,2780,25000,0.3090537488460541,0.409122109413147,9.99999905104687e-09,1.0,9.99999905104687e-09,9.207829521074018e-07,1.9886501831933856e-05,0.00022158592764753848,0.001901772222481668,0.01452917605638504,0.12917429208755493,0.5,1.0,1.0,1.0
7,2790,25000,0.30905604362487793,0.4090625047683716,9.99999905104687e-09,1.0,9.99999905104687e-09,8.995594953375985e-07,2.0159664927632548e-05,0.00022320947027765214,0.0018803385319188237,0.014312917366623878,0.1293603926897049,0.5,1.0,1.0,1.0
7,2800,25000,0.3090004622936249,0.40911635756492615,9.99999905104687e-09,1.0,9.99999905104687e-09,9.07164576346986e-07,1.9908000467694364e-05,0.00022471083502750844,0.0018637344473972917,0.01439095288515091,0.12912718951702118,0.5,1.0,1.0,1.0
7,2810,25000,0.30915433168411255,0.40905413031578064,9.99999905104687e-09,1.0,9.99999905104687e-09,8.938000632952026e-07,1.986900497286115e-05,0.00021906268375460058,0.001862221397459507,0.014571921899914742,0.13162861764431,0.5,1.0,1.0,1.0
7,2820,25000,0.3091185986995697,0.4091426432132721,9.99999905104687e-09,1.0,9.99999905104687e-09,9.057986289917608e-07,2.005503665714059e-05,0.00022220078972168267,0.0018855850212275982,0.014308653771877289,0.12949299812316895,0.5,1.0,1.0,1.0
7,2830,25000,0.30913063883781433,0.4091150760650635,9.99999905104687e-09,1.0,9.99999905104687e-09,9.075457114704477e-07,1.9995672118966468e-05,0.00021946812921669334,0.0018514356343075633,0.014240365475416183,0.1288546472787857,0.5,1.0,1.0,1.0
7,2840,25000,0.3092249035835266,0.40910714864730835,9.99999905104687e-09,1.0,9.99999905104687e-09,9.003009608932189e-07,1.9568586139939725e-05,0.00021613205899484456,0.0019054331351071596,0.014297671616077423,0.1310073584318161,0.5,1.0,1.0,1.0
7,2850,25000,0.3091881573200226,0.4091132879257202,9.99999905104687e-09,1.0,9.99999905104687e-09,9.158927696262253e-07,2.03613999474328e-05,0.0002153997920686379,0.001869732397608459,0.014437813311815262,0.1308339685201645,0.5,1.0,1.0,1.0
7,2860,25000,0.30916550755500793,0.4091093838214874,9.99999905104687e-09,1.0,9.99999905104687e-09,9.038710118147719e-07,2.021180625888519e-05,0.00021866607130505145,0.0018553127301856875,0.014299649745225906,0.13044168055057526,0.5,1.0,1.0,1.0
7,2870,25000,0.30924782156944275,0.4090888798236847,9.99999905104687e-09,1.0,9.99999905104687e-09,9.058440468834306e-07,1.9775383407250047e-05,0.00022203796834219247,0.001849845633842051,0.01436110120266676,0.13165925443172455,0.5,1.0,1.0,1.0
7,2880,25000,0.3091641068458557,0.4090976119041443,9.99999905104687e-09,1.0,9.99999905104687e-09,9.096610824599338e-07,2.0162849978078157e-05,0.0002207378565799445,0.0018618182512000203,0.014206867665052414,0.13045857846736908,0.5,1.0,1.0,1.0
7,2890,25000,0.3090302050113678,0.4091285765171051,9.99999905104687e-09,1.0,9.99999905104687e-09,9.038931807481276e-07,2.0474453776841983e-05,0.0002243992203148082,0.0018491233931854367,0.014439107850193977,0.12820816040039062,0.5,1.0,1.0,1.0
7,2900,25000,0.309154748916626,0.4091164767742157,9.99999905104687e-09,1.0,9.99999905104687e-09,9.027098712977022e-07,2.014255187532399e-05,0.0002193522232118994,0.001868533086962998,0.014338838867843151,0.12984895706176758,0.5,1.0,1.0,1.0
7,2910,25000,0.3089810311794281,0.4091259837150574,9.99999905104687e-09,1.0,9.99999905104687e-09,9.143092825070198e-07,1.9951921785832383e-05,0.0002239031164208427,0.001864151912741363,0.014266015961766243,0.12885747849941254,0.5,1.0,1.0,1.0
7,2920,25000,0.30907386541366577,0.40911057591438293,9.99999905104687e-09,1.0,9.99999905104687e-09,8.750499205234519e-07,1.9409762899158522e-05,0.00021906162146478891,0.0018922057934105396,0.014270683750510216,0.12967824935913086,0.5,1.0,1.0,1.0
7,2930,25000,0.3091954290866852,0.40911877155303955,9.99999905104687e-09,1.0,9.99999905104687e-09,9.039263773047423e-07,2.0066294382559136e-05,0.00021872772776987404,0.001886800047941506,0.014441542327404022,0.1302688717842102,0.5,1.0,1.0,1.0
7,2940,25000,0.3091585636138916,0.4091336131095886,9.99999905104687e-09,1.0,9.99999905104687e-09,9.058812224793655e-07,1.9673518181662075e-05,0.00022110750433057547,0.0018668583361431956,0.014333000406622887,0.12925396859645844,0.5,1.0,1.0,1.0
7,2950,25000,0.30908191204071045,0.40911608934402466,9.99999905104687e-09,1.0,9.99999905104687e-09,9.012517239170847e-07,2.005501664825715e-05,0.00022237253142520785,0.0018628546968102455,0.014382564462721348,0.12858359515666962,0.5,1.0,1.0,1.0
7,2960,25000,0.3091837465763092,0.40911412239074707,9.99999905104687e-09,1.0,9.99999905104687e-09,8.75044975146011e-07,1.982533467526082e-05,0.0002220386522822082,0.0018762643449008465,0.014243567362427711,0.1306189000606537,0.5,1.0,1.0,1.0
7,2970,25000,0.3091917037963867,0.4091595709323883,9.99999905104687e-09,1.0,9.99999905104687e-09,8.97252334652876e-07,1.9852172044920735e-05,0.00021922583982814103,0.0018736091442406178,0.014235110953450203,0.13050627708435059,0.5,1.0,1.0,1.0
7,2980,25000,0.30909597873687744,0.40914270281791687,9.99999905104687e-09,1.0,9.99999905104687e-09,9.070425903701107e-07,1.985008748306427e-05,0.0002206710632890463,0.0018722921377047896,0.014309320598840714,0.12970583140850067,0.5,1.0,1.0,1.0
7,2990,25000,0.30914488434791565,0.4090630114078522,9.99999905104687e-09,1.0,9.99999905104687e-09,8.965749316303118e-07,1.9707496903720312e-05,0.00021505840413738042,0.0018607524689286947,0.014334212988615036,0.13072068989276886,0.5,1.0,1.0,1.0
7,3000,25000,0.3090757727622986,0.40904340147972107,9.99999905104687e-09,1.0,9.99999905104687e-09,9.065525432561117e-07,2.020887768594548e-05,0.00022047119273338467,0.001862386125139892,0.014323853887617588,0.12983901798725128,0.5,1.0,1.0,1.0
7,3010,25000,0.3090500235557556,0.4090688228607178,9.99999905104687e-09,1.0,9.99999905104687e-09,9.056733460965916e-07,1.9906861780327745e-05,0.00022145900584291667,0.0018668366828933358,0.014405117370188236,0.1299746185541153,0.5,1.0,1.0,1.0
7,3020,25000,0.3088979423046112,0.4091285467147827,9.99999905104687e-09,1.0,9.99999905104687e-09,8.961715138866566e-07,2.003492772928439e-05,0.00021952703536953777,0.0018834859365597367,0.014125618152320385,0.12852253019809723,0.5,1.0,1.0,1.0
7,3030,25000,0.30904078483581543,0.40909543633461,9.99999905104687e-09,1.0,9.99999905104687e-09,8.997396321319684e-07,1.9956056348746642e-05,0.00022014685964677483,0.001893034903332591,0.014261852949857712,0.12836593389511108,0.5,1.0,1.0,1.0
7,3040,25000,0.3090742528438568,0.4090840518474579,9.99999905104687e-09,1.0,9.99999905104687e-09,8.934307516028639e-07,2.034695353358984e-05,0.00022008955420460552,0.0018616047454997897,0.014440538361668587,0.12975698709487915,0.5,1.0,1.0,1.0
7,3050,25000,0.30908170342445374,0.4090864360332489,9.99999905104687e-09,1.0,9.99999905104687e-09,9.116720889323915e-07,1.9989654902019538e-05,0.00022271562193054706,0.0018345568096265197,0.014322610571980476,0.13080886006355286,0.5,1.0,1.0,1.0
7,3060,25000,0.3091433346271515,0.40907028317451477,9.99999905104687e-09,1.0,9.99999905104687e-09,9.040085160449962e-07,1.9861779946950264e-05,0.00021535137784667313,0.0018617416499182582,0.014316653832793236,0.13092830777168274,0.5,1.0,1.0,1.0
7,3070,25000,0.309016615152359,0.409151166677475,9.99999905104687e-09,1.0,9.99999905104687e-09,9.104030027629051e-07,1.9836192223010585e-05,0.00021819432731717825,0.001901860348880291,0.014238831587135792,0.12789486348628998,0.5,1.0,1.0,1.0
7,3080,25000,0.30911532044410706,0.4091082513332367,9.99999905104687e-09,1.0,9.99999905104687e-09,8.93396418177872e-07,1.97952631424414e-05,0.0002190110390074551,0.0018548488151282072,0.014529095962643623,0.12868256866931915,0.5,1.0,1.0,1.0
7,3090,25000,0.3090447187423706,0.4091227054595947,9.99999905104687e-09,1.0,9.99999905104687e-09,9.211805718223331e-07,2.04348089027917e-05,0.0002194835979025811,0.0018634862499311566,0.014210613444447517,0.12978583574295044,0.5,1.0,1.0,1.0
7,3100,25000,0.30908089876174927,0.4090924859046936,9.99999905104687e-09,1.0,9.99999905104687e-09,9.005411243379058e-07,1.9864164642058313e-05,0.00021944793115835637,0.0018627153476700187,0.01428370364010334,0.13028067350387573,0.5,1.0,1.0,1.0
7,3110,25000,0.3090514540672302,0.4090624749660492,9.99999905104687e-09,1.0,9.99999905104687e-09,9.120664685724478e-07,1.9847842850140296e-05,0.00022018894378561527,0.0018447190523147583,0.014347715303301811,0.13024182617664337,0.5,1.0,1.0,1.0
7,3120,25000,0.309123158454895,0.4090754985809326,9.99999905104687e-09,1.0,9.99999905104687e-09,8.83542156771e-07,2.0017308997921646e-05,0.00021840454428456724,0.0018585189245641232,0.014342217706143856,0.12953965365886688,0.5,1.0,1.0,1.0
7,3130,25000,0.3090774416923523,0.40909522771835327,9.99999905104687e-09,1.0,9.99999905104687e-09,9.005186711874558e-07,1.988733492908068e-05,0.0002179158036597073,0.0018886366160586476,0.014275036752223969,0.1284923106431961,0.5,1.0,1.0,1.0
7,3140,25000,0.3090210556983948,0.40910911560058594,9.99999905104687e-09,1.0,9.99999905104687e-09,9.141661507783283e-07,2.012086770264432e-05,0.00022232999617699534,0.0018763354746624827,0.014256908558309078,0.12855498492717743,0.5,1.0,1.0,1.0
7,3150,25000,0.3091244697570801,0.40907585620880127,9.99999905104687e-09,1.0,9.99999905104687e-09,8.860756679496262e-07,1.984767550311517e-05,0.000216892542084679,0.0018492820672690868,0.014276530593633652,0.1293300986289978,0.5,1.0,1.0,1.0
7,3160,25000,0.30901193618774414,0.4090878665447235,9.99999905104687e-09,1.0,9.99999905104687e-09,8.93766411991237e-07,2.0077102817595005e-05,0.00022543744125869125,0.0019077161559835076,0.014409583061933517,0.12970533967018127,0.5,1.0,1.0,1.0
7,3170,25000,0.30907583236694336,0.4090560972690582,9.99999905104687e-09,1.0,9.99999905104687e-09,9.005002539197449e-07,2.0128110918449238e-05,0.00022240777616389096,0.0018558376468718052,0.014276852831244469,0.1298847794532776,0.5,1.0,1.0,1.0
7,3180,25000,0.30906912684440613,0.4090558886528015,9.99999905104687e-09,1.0,9.99999905104687e-09,9.090719004234415e-07,2.0257999494788237e-05,0.00022123286908026785,0.0018636255990713835,0.014397237449884415,0.12925806641578674,0.5,1.0,1.0,1.0
7,3190,25000,0.30905911326408386,0.4091203808784485,9.99999905104687e-09,1.0,9.99999905104687e-09,9.050302764990192e-07,1.9577548300730996e-05,0.00022154394537210464,0.001865690341219306,0.01404602825641632,0.12820276618003845,0.5,1.0,1.0,1.0
7,3200,25000,0.30907219648361206,0.4091174006462097,9.99999905104687e-09,1.0,9.99999905104687e-09,9.00906115930411e-07,1.9723613149835728e-05,0.00022196370991878211,0.0018407535972073674,0.014152327552437782,0.1283888816833496,0.5,1.0,1.0,1.0
7,3210,25000,0.3091036379337311,0.4091685116291046,9.99999905104687e-09,1.0,9.99999905104687e-09,8.788234140411078e-07,1.97630997718079e-05,0.00021684948296751827,0.001848309999331832,0.014178149402141571,0.12895110249519348,0.5,1.0,1.0,1.0
7,3220,25000,0.30916115641593933,0.4091442823410034,9.99999905104687e-09,1.0,9.99999905104687e-09,9.151461313194886e-07,2.0207324268994853e-05,0.0002209318772656843,0.0018523716134950519,0.014335256069898605,0.12890088558197021,0.5,1.0,1.0,1.0
7,3230,25000,0.309101939201355,0.4091469347476959,9.99999905104687e-09,1.0,9.99999905104687e-09,8.980720167528489e-07,2.0140041669947095e-05,0.00021978084987495095,0.0018840261036530137,0.01438095048069954,0.12971536815166473,0.5,1.0,1.0,1.0
7,3240,25000,0.309036523103714,0.4090994596481323,9.99999905104687e-09,1.0,9.99999905104687e-09,9.159697924587817e-07,1.9881495973095298e-05,0.00022301457647699863,0.001867878483608365,0.014414030127227306,0.13035446405410767,0.5,1.0,1.0,1.0
7,3250,25000,0.30905959010124207,0.4091208875179291,9.99999905104687e-09,1.0,9.99999905104687e-09,9.071220006262593e-07,1.992026409425307e-05,0.0002201390016125515,0.0018858006224036217,0.014348209835588932,0.128555029630661,0.5,1.0,1.0,1.0
7,3260,25000,0.30909058451652527,0.4090884029865265,9.99999905104687e-09,1.0,9.99999905104687e-09,9.125054134528909e-07,1.976754174393136e-05,0.00022322284348774701,0.0018651626305654645,0.014192869886755943,0.12932798266410828,0.5,1.0,1.0,1.0
7,3270,25000,0.3091139495372772,0.4091084897518158,9.99999905104687e-09,1.0,9.99999905104687e-09,9.052549216903572e-07,2.014385609072633e-05,0.000220286485273391,0.001894173095934093,0.014216529205441475,0.12989066541194916,0.5,1.0,1.0,1.0
7,3280,25000,0.3091423213481903,0.40906569361686707,9.99999905104687e-09,1.0,9.99999905104687e-09,9.0440352096266e-07,2.0095230865990743e-05,0.00022106266987975687,0.0018859803676605225,0.014285705983638763,0.13010719418525696,0.5,1.0,1.0,1.0
7,3290,25000,0.3090848922729492,0.4091549217700958,9.99999905104687e-09,1.0,9.99999905104687e-09,9.233990567736328e-07,1.9746166799450293e-05,0.0002185655466746539,0.0018287913408130407,0.014255842193961143,0.12935136258602142,0.5,1.0,1.0,1.0
7,3300,25000,0.3091775178909302,0.40909910202026367,9.99999905104687e-09,1.0,9.99999905104687e-09,9.051767051460047e-07,1.9741468349820934e-05,0.00022059974435251206,0.0018552467226982117,0.014353482984006405,0.13064974546432495,0.5,1.0,1.0,1.0
7,3310,25000,0.3091469705104828,0.4091285169124603,9.99999905104687e-09,1.0,9.99999905104687e-09,9.198335533255886e-07,1.9992659872514196e-05,0.00021893533994443715,0.0018530517118051648,0.014354626648128033,0.13031138479709625,0.5,1.0,1.0,1.0
7,3320,25000,0.308986097574234,0.40909716486930847,9.99999905104687e-09,1.0,9.99999905104687e-09,9.038575967679208e-07,1.993034857150633e-05,0.00021864369045943022,0.0018283615354448557,0.014298861846327782,0.12913957238197327,0.5,1.0,1.0,1.0
7,3330,25000,0.309009313583374,0.4091346263885498,9.99999905104687e-09,1.0,9.99999905104687e-09,9.143893748841947e-07,2.0151115677435882e-05,0.0002178810245823115,0.0018698355415835977,0.014097638428211212,0.1290103942155838,0.5,1.0,1.0,1.0
7,3340,25000,0.3091685175895691,0.4090959131717682,9.99999905104687e-09,1.0,9.99999905104687e-09,8.990108995021728e-07,2.017196675296873e-05,0.00021947316417936236,0.0018661996582522988,0.014506177976727486,0.12968048453330994,0.5,1.0,1.0,1.0
7,3350,25000,0.3090759515762329,0.4090501368045807,9.99999905104687e-09,1.0,9.99999905104687e-09,9.151443123300851e-07,2.0096413209103048e-05,0.00021663110237568617,0.0018729791045188904,0.0143054174259305,0.13136327266693115,0.5,1.0,1.0,1.0
7,3360,25000,0.3090600371360779,0.40910863876342773,9.99999905104687e-09,1.0,9.99999905104687e-09,8.831813715914905e-07,2.0176621546852402e-05,0.00022226579312700778,0.0018822273705154657,0.014512529596686363,0.12942853569984436,0.5,1.0,1.0,1.0
7,3370,25000,0.3090319037437439,0.40912336111068726,9.99999905104687e-09,1.0,9.99999905104687e-09,9.014534612106218e-07,2.0361549104563892e-05,0.00022163505491334945,0.0018874647794291377,0.014398314990103245,0.12900222837924957,0.5,1.0,1.0,1.0
7,3380,25000,0.3091045320034027,0.40909716486930847,9.99999905104687e-09,1.0,9.99999905104687e-09,8.932224773161579e-07,1.9866398361045867e-05,0.0002221085742348805,0.0018895897082984447,0.01426438707858324,0.12929324805736542,0.5,1.0,1.0,1.0
7,3390,25000,0.30906400084495544,0.4091484844684601,9.99999905104687e-09,1.0,9.99999905104687e-09,9.005497076941538e-07,1.9958253687946126e-05,0.00022293510846793652,0.0018553404370322824,0.014209085144102573,0.129215806722641,0.5,1.0,1.0,1.0
7,3400,25000,0.3091466426849365,0.4091344475746155,9.99999905104687e-09,1.0,9.99999905104687e-09,9.213530915985757e-07,1.9808578144875355e-05,0.00022311067732516676,0.0018641289789229631,0.014309350401163101,0.13000570237636566,0.5,1.0,1.0,1.0
7,3410,25000,0.30910176038742065,0.40913861989974976,9.99999905104687e-09,1.0,9.99999905104687e-09,8.92477942215919e-07,2.00650956685422e-05,0.0002210385719081387,0.0018751391908153892,0.014436537399888039,0.1292547732591629,0.5,1.0,1.0,1.0
7,3420,25000,0.30907168984413147,0.40919187664985657,9.99999905104687e-09,1.0,9.99999905104687e-09,9.06619789020624e-07,1.9785915355896577e-05,0.00022236346558202058,0.0018557761795818806,0.014291467145085335,0.1279880404472351,0.5,1.0,1.0,1.0
7,3430,25000,0.3091771602630615,0.4091184437274933,9.99999905104687e-09,1.0,9.99999905104687e-09,9.20677905469347e-07,1.98363541130675e-05,0.0002192482352256775,0.0019020363688468933,0.014392894692718983,0.1304604709148407,0.5,1.0,1.0,1.0
7,3440,25000,0.3091394603252411,0.40912559628486633,9.99999905104687e-09,1.0,9.99999905104687e-09,9.158102329820395e-07,2.0058474547113292e-05,0.00021669697889592499,0.0018650478450581431,0.014357861131429672,0.12950894236564636,0.5,1.0,1.0,1.0
7,3450,25000,0.3091109097003937,0.40911316871643066,9.99999905104687e-09,1.0,9.99999905104687e-09,9.00914301382727e-07,2.002230758080259e-05,0.00022228495799936354,0.0018741582753136754,0.014364808797836304,0.12950557470321655,0.5,1.0,1.0,1.0
7,3460,25000,0.30907008051872253,0.409093976020813,9.99999905104687e-09,1.0,9.99999905104687e-09,9.102462854571058e-07,2.0360792404972017e-05,0.00022268379689194262,0.001891323016025126,0.01442496757954359,0.12838073074817657,0.5,1.0,1.0,1.0
7,3470,25000,0.3091379702091217,0.40909910202026367,9.99999905104687e-09,1.0,9.99999905104687e-09,8.968738711701008e-07,2.0218576537445188e-05,0.0002218828594777733,0.0019043650245293975,0.014325890690088272,0.12986600399017334,0.5,1.0,1.0,1.0
7,3480,25000,0.3090505301952362,0.4091172218322754,9.99999905104687e-09,1.0,9.99999905104687e-09,9.018751825351501e-07,2.0066916476935148e-05,0.0002231785183539614,0.001894494635052979,0.014245091006159782,0.13085436820983887,0.5,1.0,1.0,1.0
7,3490,25000,0.3090982139110565,0.4091378450393677,9.99999905104687e-09,1.0,9.99999905104687e-09,9.010230996864266e-07,2.027755181188695e-05,0.00022238760720938444,0.0018782977713271976,0.0142907053232193,0.1287195086479187,0.5,1.0,1.0,1.0
7,3500,25000,0.30901309847831726,0.40915554761886597,9.99999905104687e-09,1.0,9.99999905104687e-09,9.021856612889678e-07,2.0365358068374917e-05,0.00022648973390460014,0.001857801340520382,0.014211593195796013,0.12911398708820343,0.5,1.0,1.0,1.0
7,3510,25000,0.30910441279411316,0.40917354822158813,9.99999905104687e-09,1.0,9.99999905104687e-09,8.945457352638186e-07,1.9731287466129288e-05,0.00021981861209496856,0.001882466720417142,0.014229646883904934,0.12946432828903198,0.5,1.0,1.0,1.0
7,3520,25000,0.3091212809085846,0.40916070342063904,9.99999905104687e-09,1.0,9.99999905104687e-09,9.01773944406159e-07,2.0011741071357392e-05,0.00022102848743088543,0.0018771259346976876,0.014194469898939133,0.12983596324920654,0.5,1.0,1.0,1.0
7,3530,25000,0.3092115819454193,0.4091876447200775,9.99999905104687e-09,1.0,9.99999905104687e-09,8.863146376825171e-07,1.9805145711870864e-05,0.0002236022992292419,0.0018937906716018915,0.014325045049190521,0.1297157257795334,0.5,1.0,1.0,1.0
7,3540,25000,0.3091287314891815,0.40920981764793396,9.99999905104687e-09,1.0,9.99999905104687e-09,8.945190188569541e-07,1.9873003111570142e-05,0.00022355400142259896,0.001876727445051074,0.014287281781435013,0.1294136792421341,0.5,1.0,1.0,1.0
7,3550,25000,0.3091884255409241,0.4091418385505676,9.99999905104687e-09,1.0,9.99999905104687e-09,9.038805615091405e-07,1.9883642380591482e-05,0.00022160651860758662,0.0018534312257543206,0.014332876540720463,0.12934395670890808,0.5,1.0,1.0,1.0
7,3560,25000,0.30911147594451904,0.4091196060180664,9.99999905104687e-09,1.0,9.99999905104687e-09,9.055879104380438e-07,1.9956754840677604e-05,0.0002215920976595953,0.0018686699913814664,0.01436896063387394,0.13045237958431244,0.5,1.0,1.0,1.0
7,3570,25000,0.3090910017490387,0.4091525673866272,9.99999905104687e-09,1.0,9.99999905104687e-09,9.069531188288238e-07,1.99182777578244e-05,0.0002223819465143606,0.0018685328541323543,0.01425353903323412,0.1297755092382431,0.5,1.0,1.0,1.0
7,3580,25000,0.30907124280929565,0.4091128706932068,9.99999905104687e-09,1.0,9.99999905104687e-09,8.977326615422498e-07,2.016148209804669e-05,0.00022095032909419388,0.0018541404278948903,0.01409565843641758,0.1310047060251236,0.5,1.0,1.0,1.0
7,3590,25000,0.30923500657081604,0.4091107249259949,9.99999905104687e-09,1.0,9.99999905104687e-09,9.164577363662829e-07,1.973044709302485e-05,0.00022138396161608398,0.0018602010095492005,0.014348858967423439,0.13038569688796997,0.5,1.0,1.0,1.0
7,3600,25000,0.30917853116989136,0.4091143310070038,9.99999905104687e-09,1.0,9.99999905104687e-09,9.054165275301784e-07,1.989368138310965e-05,0.0002224202617071569,0.0018851407803595066,0.01437744963914156,0.13077859580516815,0.5,1.0,1.0,1.0
7,3610,25000,0.30916520953178406,0.4091351628303528,9.99999905104687e-09,1.0,9.99999905104687e-09,8.841432759254531e-07,2.019642670347821e-05,0.00022456860460806638,0.0018883284647017717,0.01426228042691946,0.13030128180980682,0.5,1.0,1.0,1.0
7,3620,25000,0.3091179132461548,0.40913617610931396,9.99999905104687e-09,1.0,9.99999905104687e-09,9.192615380015923e-07,1.9990111468359828e-05,0.0002244480128865689,0.001883271848782897,0.014331240206956863,0.12916019558906555,0.5,1.0,1.0,1.0
7,3630,25000,0.3091579079627991,0.4091114103794098,9.99999905104687e-09,1.0,9.99999905104687e-09,9.30765736484318e-07,2.0404022507136688e-05,0.00022347120102494955,0.001878115232102573,0.014398995786905289,0.13078610599040985,0.5,1.0,1.0,1.0
7,3640,25000,0.30910998582839966,0.4091305732727051,9.99999905104687e-09,1.0,9.99999905104687e-09,9.00138786619209e-07,1.9788361896644346e-05,0.00022663289564661682,0.0018736479105427861,0.01422133669257164,0.12988704442977905,0.5,1.0,1.0,1.0
7,3650,25000,0.30908629298210144,0.40909552574157715,9.99999905104687e-09,1.0,9.99999905104687e-09,9.045489832715248e-07,1.9798868379439227e-05,0.0002203118783654645,0.001865125261247158,0.014428220689296722,0.12964393198490143,0.5,1.0,1.0,1.0
7,3660,25000,0.30908238887786865,0.40912583470344543,9.99999905104687e-09,1.0,9.99999905104687e-09,9.028520935316919e-07,2.0111980120418593e-05,0.00022159128275234252,0.0018564605852589011,0.014265361241996288,0.12961545586585999,0.5,1.0,1.0,1.0
7,3670,25000,0.30908358097076416,0.4091026782989502,9.99999905104687e-09,1.0,9.99999905104687e-09,8.950378287408967e-07,2.025306093855761e-05,0.00022288116451818496,0.0018717710627242923,0.014301864430308342,0.13026162981987,0.5,1.0,1.0,1.0
7,3680,25000,0.309068888425827,0.40916046500205994,9.99999905104687e-09,1.0,9.99999905104687e-09,9.040066970555927e-07,2.0024526747874916e-05,0.00021979752636980265,0.0018469474744051695,0.014337033033370972,0.12949225306510925,0.5,1.0,1.0,1.0
7,3690,25000,0.30916276574134827,0.4091184437274933,9.99999905104687e-09,1.0,9.99999905104687e-09,8.961473554336408e-07,1.9912089555873536e-05,0.0002162627934012562,0.0018544739577919245,0.01434581633657217,0.13053955137729645,0.5,1.0,1.0,1.0
7,3700,25000,0.30910438299179077,0.4091030955314636,9.99999905104687e-09,1.0,9.99999905104687e-09,9.243563567906676e-07,1.9930130292777903e-05,0.00022196136706043035,0.0018730774754658341,0.014119177125394344,0.13136617839336395,0.5,1.0,1.0,1.0
7,3710,25000,0.3091300129890442,0.4091300964355469,9.99999905104687e-09,1.0,9.99999905104687e-09,9.156996156889363e-07,2.0164619854767807e-05,0.00021978963923174888,0.0018562835175544024,0.014273231849074364,0.1300913393497467,0.5,1.0,1.0,1.0
7,3720,25000,0.3091016411781311,0.40918177366256714,9.99999905104687e-09,1.0,9.99999905104687e-09,9.145904869001242e-07,1.9756329493247904e-05,0.00021845073206350207,0.0018575238063931465,0.014364814385771751,0.12958534061908722,0.5,1.0,1.0,1.0
7,3730,25000,0.30917972326278687,0.40918251872062683,9.99999905104687e-09,1.0,9.99999905104687e-09,8.984100645648141e-07,1.9933218936785124e-05,0.00022153159079607576,0.0018508229404687881,0.014265554025769234,0.1304657906293869,0.5,1.0,1.0,1.0
7,3740,25000,0.3091190755367279,0.40913480520248413,9.99999905104687e-09,1.0,9.99999905104687e-09,9.037988206728187e-07,1.9639788661152124e-05,0.00022105613606981933,0.0018939066212624311,0.014350016601383686,0.1304628998041153,0.5,1.0,1.0,1.0
7,3750,25000,0.30907121300697327,0.4091152250766754,9.99999905104687e-09,1.0,9.99999905104687e-09,8.825074928608956e-07,1.9573637473513372e-05,0.00021973394905216992,0.001895287074148655,0.014321360737085342,0.1302013248205185,0.5,1.0,1.0,1.0
7,3760,25000,0.3090963661670685,0.4090997576713562,9.99999905104687e-09,1.0,9.99999905104687e-09,9.187787668452074e-07,1.976810017367825e-05,0.0002165087644243613,0.001875555724836886,0.014294620603322983,0.13022030889987946,0.5,1.0,1.0,1.0
7,3770,25000,0.309043824672699,0.40916135907173157,9.99999905104687e-09,1.0,9.99999905104687e-09,9.248236096937035e-07,2.0035689885844477e-05,0.00022254270152188838,0.0019065802916884422,0.01422027312219143,0.128383070230484,0.5,1.0,1.0,1.0
7,3780,25000,0.3091786205768585,0.4091522991657257,9.99999905104687e-09,1.0,9.99999905104687e-09,9.107114919970627e-07,2.01882139663212e-05,0.00022208000882528722,0.0018549365922808647,0.014237054623663425,0.12984052300453186,0.5,1.0,1.0,1.0
7,3790,25000,0.3091258406639099,0.4091896414756775,9.99999905104687e-09,1.0,9.99999905104687e-09,9.009123118630669e-07,1.9770679500652477e-05,0.00021804602874908596,0.0018438028637319803,0.01447124220430851,0.12954220175743103,0.5,1.0,1.0,1.0
7,3800,25000,0.30908018350601196,0.40914827585220337,9.99999905104687e-09,1.0,9.99999905104687e-09,8.908702398002788e-07,2.002294968406204e-05,0.00022495124721899629,0.001887893071398139,0.014303555712103844,0.12902498245239258,0.5,1.0,1.0,1.0
7,3810,25000,0.30905452370643616,0.4091389775276184,9.99999905104687e-09,1.0,9.99999905104687e-09,9.077589879780135e-07,1.9878509192494676e-05,0.000219832785660401,0.001843752572312951,0.014239035546779633,0.1300050914287567,0.5,1.0,1.0,1.0
7,3820,25000,0.3090340495109558,0.4091742932796478,9.99999905104687e-09,1.0,9.99999905104687e-09,9.039010819833493e-07,1.992095712921582e-05,0.00022119376808404922,0.0018297720234841108,0.01419604942202568,0.12821055948734283,0.5,1.0,1.0,1.0
7,3830,25000,0.30908113718032837,0.4091663956642151,9.99999905104687e-09,1.0,9.99999905104687e-09,9.050534686139144e-07,2.0085512005607598e-05,0.0002229328965768218,0.0018748658476397395,0.014245443977415562,0.12932410836219788,0.5,1.0,1.0,1.0
7,3840,25000,0.30915698409080505,0.40913763642311096,9.99999905104687e-09,1.0,9.99999905104687e-09,8.859155400386953e-07,2.005618080147542e-05,0.00022270920453593135,0.0018650168785825372,0.014186415821313858,0.13104623556137085,0.5,1.0,1.0,1.0
7,3850,25000,0.30915573239326477,0.4091716408729553,9.99999905104687e-09,1.0,9.99999905104687e-09,8.87149383288488e-07,1.9597169739427045e-05,0.0002219521556980908,0.00186068844050169,0.014183970168232918,0.12996746599674225,0.5,1.0,1.0,1.0
7,3860,25000,0.30907171964645386,0.4091428518295288,9.99999905104687e-09,1.0,9.99999905104687e-09,8.883087048161542e-07,1.998490006371867e-05,0.0002193666878156364,0.001875945832580328,0.01441260613501072,0.1290820986032486,0.5,1.0,1.0,1.0
7,3870,25000,0.3091745972633362,0.4091273248195648,9.99999905104687e-09,1.0,9.99999905104687e-09,8.982792110145965e-07,1.9894318029400893e-05,0.00022254708164837211,0.001886002253741026,0.014246146194636822,0.1299242079257965,0.5,1.0,1.0,1.0
7,3880,25000,0.3091524541378021,0.4091534912586212,9.99999905104687e-09,1.0,9.99999905104687e-09,9.077857612282969e-07,1.9926417735405266e-05,0.00022062919742893428,0.0018601353513076901,0.014448864385485649,0.12868846952915192,0.5,1.0,1.0,1.0
7,3890,25000,0.30915704369544983,0.4091806411743164,9.99999905104687e-09,1.0,9.99999905104687e-09,8.882016686584393e-07,2.00472950382391e-05,0.00022083039220888168,0.001856931601651013,0.014430603943765163,0.12963154911994934,0.5,1.0,1.0,1.0
7,3900,25000,0.30914410948753357,0.409181147813797,9.99999905104687e-09,1.0,9.99999905104687e-09,8.979047834145604e-07,1.958990833372809e-05,0.00021496022236533463,0.0018480450380593538,0.014174990355968475,0.12996287643909454,0.5,1.0,1.0,1.0
7,3910,25000,0.3092913031578064,0.4091615378856659,9.99999905104687e-09,1.0,9.99999905104687e-09,9.115340731113974e-07,1.999406777031254e-05,0.00022317552065942436,0.001846368657425046,0.014406193047761917,0.13038930296897888,0.5,1.0,1.0,1.0
7,3920,25000,0.3091789186000824,0.40920042991638184,9.99999905104687e-09,1.0,9.99999905104687e-09,8.987551609607181e-07,2.007000512094237e-05,0.00022018401068635285,0.0018373916391283274,0.014366604387760162,0.12901374697685242,0.5,1.0,1.0,1.0
7,3930,25000,0.30911916494369507,0.40914371609687805,9.99999905104687e-09,1.0,9.99999905104687e-09,8.987867090581858e-07,1.9863715351675637e-05,0.00021864144946448505,0.0018685057293623686,0.014236477203667164,0.1291273534297943,0.5,1.0,1.0,1.0
7,3940,25000,0.3091326951980591,0.4090810716152191,9.99999905104687e-09,1.0,9.99999905104687e-09,9.121091579800122e-07,2.0018174836877733e-05,0.0002205250784754753,0.0018536923453211784,0.014346333220601082,0.12998005747795105,0.5,1.0,1.0,1.0
7,3950,25000,0.309141606092453,0.40913546085357666,9.99999905104687e-09,1.0,9.99999905104687e-09,8.973750027507776e-07,1.9582106688176282e-05,0.00021852932695765048,0.0018741610692813993,0.014153387397527695,0.13002672791481018,0.5,1.0,1.0,1.0
7,3960,25000,0.30921053886413574,0.409170538187027,9.99999905104687e-09,1.0,9.99999905104687e-09,8.897827115106338e-07,1.9929055270040408e-05,0.00022453568817581981,0.0018750551389530301,0.014347348362207413,0.12897957861423492,0.5,1.0,1.0,1.0
7,3970,25000,0.30917710065841675,0.40920329093933105,9.99999905104687e-09,1.0,9.99999905104687e-09,8.883428108674707e-07,1.9980825527454726e-05,0.00022137739870231599,0.0018757244106382132,0.014375672675669193,0.12818539142608643,0.5,1.0,1.0,1.0
7,3980,25000,0.30912938714027405,0.40915748476982117,9.99999905104687e-09,1.0,9.99999905104687e-09,9.059951935341815e-07,1.9889985196641646e-05,0.00021877247490920126,0.0018637832254171371,0.01420317217707634,0.13054175674915314,0.5,1.0,1.0,1.0
7,3990,25000,0.3092113137245178,0.4091002941131592,9.99999905104687e-09,1.0,9.99999905104687e-09,9.161672664959042e-07,2.0013842004118487e-05,0.0002168879145756364,0.0018806542502716184,0.014360334724187851,0.13191400468349457,0.5,1.0,1.0,1.0
7,4000,25000,0.3091214597225189,0.40915799140930176,9.99999905104687e-09,1.0,9.99999905104687e-09,8.953739438766206e-07,1.9704841179191135e-05,0.00021749413281213492,0.0018578411545604467,0.014297452755272388,0.12947458028793335,0.5,1.0,1.0,1.0
7,4010,25000,0.30917003750801086,0.4091329574584961,9.99999905104687e-09,1.0,9.99999905104687e-09,9.042577744367009e-07,1.9599692677729763e-05,0.0002188211801694706,0.0018648888217285275,0.014339983463287354,0.12997983396053314,0.5,1.0,1.0,1.0
7,4020,25000,0.3091548681259155,0.40914061665534973,9.99999905104687e-09,1.0,9.99999905104687e-09,9.100095326175506e-07,1.949653415067587e-05,0.0002190031373174861,0.0018795900978147984,0.014359686523675919,0.13005752861499786,0.5,1.0,1.0,1.0
7,4030,25000,0.3091749846935272,0.40915098786354065,9.99999905104687e-09,1.0,9.99999905104687e-09,9.039889050654892e-07,1.993017031054478e-05,0.00021814709180034697,0.0018803547136485577,0.01442650705575943,0.13024096190929413,0.5,1.0,1.0,1.0
7,4040,25000,0.30909547209739685,0.4091234505176544,9.99999905104687e-09,1.0,9.99999905104687e-09,8.967912208390771e-07,1.964288458111696e-05,0.00022171679302118719,0.0018721885280683637,0.014226540923118591,0.12992969155311584,0.5,1.0,1.0,1.0
7,4050,25000,0.30918532609939575,0.40914294123649597,9.99999905104687e-09,1.0,9.99999905104687e-09,9.117627541854745e-07,1.9736857211682945e-05,0.00021894215024076402,0.001883730641566217,0.014226285740733147,0.1306302547454834,0.5,1.0,1.0,1.0
7,4060,25000,0.30914032459259033,0.4091290533542633,9.99999905104687e-09,1.0,9.99999905104687e-09,9.070783448805742e-07,1.9995110051240772e-05,0.00022263673599809408,0.0018823762657120824,0.014380823820829391,0.1297326385974884,0.5,1.0,1.0,1.0
7,4070,25000,0.3090798258781433,0.40912723541259766,9.99999905104687e-09,1.0,9.99999905104687e-09,8.889567197911674e-07,1.9683910068124533e-05,0.00022010687098372728,0.001905297045595944,0.014336172491312027,0.1294587403535843,0.5,1.0,1.0,1.0
7,4080,25000,0.30911439657211304,0.4091084599494934,9.99999905104687e-09,1.0,9.99999905104687e-09,8.931041861615086e-07,1.9613991753431037e-05,0.0002187343197874725,0.0018735843477770686,0.014395495876669884,0.12873567640781403,0.5,1.0,1.0,1.0
7,4090,25000,0.3091287612915039,0.4091554284095764,9.99999905104687e-09,1.0,9.99999905104687e-09,9.160447120848403e-07,2.0251591195119545e-05,0.000217872962821275,0.0018598322058096528,0.014295997098088264,0.1305273175239563,0.5,1.0,1.0,1.0
7,4100,25000,0.3091445565223694,0.4091249704360962,9.99999905104687e-09,1.0,9.99999905104687e-09,9.134049605563632e-07,1.9767083358601667e-05,0.00022423750488087535,0.0018911742372438312,0.01435515470802784,0.12962941825389862,0.5,1.0,1.0,1.0
7,4110,25000,0.30915167927742004,0.4090665280818939,9.99999905104687e-09,1.0,9.99999905104687e-09,9.14356576231512e-07,2.0022351236548275e-05,0.00022117819753475487,0.0018784473650157452,0.0143058430403471,0.13059696555137634,0.5,1.0,1.0,1.0
7,4120,25000,0.3093084990978241,0.4091661870479584,9.99999905104687e-09,1.0,9.99999905104687e-09,9.064236792255542e-07,2.0373745428514667e-05,0.00022119907953310758,0.001884697237983346,0.014197301119565964,0.13172776997089386,0.5,1.0,1.0,1.0
7,4130,25000,0.30913665890693665,0.4091235101222992,9.99999905104687e-09,1.0,9.99999905104687e-09,9.025270628626458e-07,2.0024455807288177e-05,0.00022224157874006778,0.0018636275781318545,0.01410679891705513,0.12988367676734924,0.5,1.0,1.0,1.0
7,4140,25000,0.30919763445854187,0.4091484844684601,9.99999905104687e-09,1.0,9.99999905104687e-09,9.131920819527295e-07,1.993839214264881e-05,0.00022390040976461023,0.001885127043351531,0.014224804006516933,0.13074688613414764,0.5,1.0,1.0,1.0
7,4150,25000,0.3091302216053009,0.409160315990448,9.99999905104687e-09,1.0,9.99999905104687e-09,9.052650966623332e-07,1.963381509995088e-05,0.00022089292178861797,0.0018798173405230045,0.014228219166398048,0.13065291941165924,0.5,1.0,1.0,1.0
7,4160,25000,0.3090393543243408,0.4091283679008484,9.99999905104687e-09,1.0,9.99999905104687e-09,9.043821478371683e-07,1.985749986488372e-05,0.00022196439385879785,0.0018874283414334059,0.014261333271861076,0.12902140617370605,0.5,1.0,1.0,1.0
7,4170,25000,0.30916628241539,0.40915805101394653,9.99999905104687e-09,1.0,9.99999905104687e-09,8.836366305331467e-07,2.0093291823286563e-05,0.00021760376694146544,0.0018608957761898637,0.014352282509207726,0.12968593835830688,0.5,1.0,1.0,1.0
7,4180,25000,0.3091433644294739,0.40913668274879456,9.99999905104687e-09,1.0,9.99999905104687e-09,8.991046342998743e-07,1.9765338947763667e-05,0.00021965084306430072,0.001875667949207127,0.014206355437636375,0.13036541640758514,0.5,1.0,1.0,1.0
7,4190,25000,0.30904853343963623,0.4091080129146576,9.99999905104687e-09,1.0,9.99999905104687e-09,9.028088925333577e-07,1.9912007701350376e-05,0.00022499771148432046,0.0019033907447010279,0.014339437708258629,0.1302073895931244,0.5,1.0,1.0,1.0
7,4200,25000,0.3091176450252533,0.4091182351112366,9.99999905104687e-09,1.0,9.99999905104687e-09,8.91509273515112e-07,2.0489627786446363e-05,0.00022216487559489906,0.0018944676266983151,0.01422059629112482,0.12914539873600006,0.5,1.0,1.0,1.0
7,4210,25000,0.3092428147792816,0.4091481566429138,9.99999905104687e-09,1.0,9.99999905104687e-09,9.124516395786486e-07,2.001247412408702e-05,0.0002211880637332797,0.0018534341361373663,0.014330558478832245,0.13042140007019043,0.5,1.0,1.0,1.0
7,4220,25000,0.3091585338115692,0.40915653109550476,9.99999905104687e-09,1.0,9.99999905104687e-09,9.11292488581239e-07,1.984290429390967e-05,0.00021930848015472293,0.0018889581551775336,0.0144556425511837,0.13014835119247437,0.5,1.0,1.0,1.0
7,4230,25000,0.309186190366745,0.40913692116737366,9.99999905104687e-09,1.0,9.99999905104687e-09,9.063624020200223e-07,2.001355096581392e-05,0.00021703711536247283,0.0018231843132525682,0.014350498095154762,0.1300448477268219,0.5,1.0,1.0,1.0
7,4240,25000,0.30906835198402405,0.40913981199264526,9.99999905104687e-09,1.0,9.99999905104687e-09,8.947673109105381e-07,2.0042100004502572e-05,0.00022389703372027725,0.0018752082251012325,0.014273254200816154,0.12951086461544037,0.5,1.0,1.0,1.0
7,4250,25000,0.30900365114212036,0.40910762548446655,9.99999905104687e-09,1.0,9.99999905104687e-09,8.852094310896064e-07,2.008501542150043e-05,0.0002237129519926384,0.0018724040128290653,0.01426536776125431,0.13018110394477844,0.5,1.0,1.0,1.0
7,4260,25000,0.30909717082977295,0.4090946316719055,9.99999905104687e-09,1.0,9.99999905104687e-09,9.193826144837658e-07,1.983165020646993e-05,0.00021746718266513199,0.001852317014709115,0.01421673409640789,0.13047488033771515,0.5,1.0,1.0,1.0
7,4270,25000,0.3091215193271637,0.40906232595443726,9.99999905104687e-09,1.0,9.99999905104687e-09,9.042643682732887e-07,1.9913679352612235e-05,0.0002244210336357355,0.0018662678776308894,0.014442214742302895,0.1301058679819107,0.5,1.0,1.0,1.0
7,4280,25000,0.3091414272785187,0.40908628702163696,9.99999905104687e-09,1.0,9.99999905104687e-09,8.923005339056544e-07,1.979149237740785e-05,0.00022388067736756057,0.0018695920007303357,0.014418762177228928,0.1311081498861313,0.5,1.0,1.0,1.0
7,4290,25000,0.30913838744163513,0.40911731123924255,9.99999905104687e-09,1.0,9.99999905104687e-09,9.040150530381652e-07,2.0033216060255654e-05,0.00021987951186019927,0.0018747980939224362,0.01434524729847908,0.12946264445781708,0.5,1.0,1.0,1.0
7,4300,25000,0.3091438114643097,0.4091024398803711,9.99999905104687e-09,1.0,9.99999905104687e-09,9.093238304558326e-07,2.0090357793378644e-05,0.00021847867174074054,0.001850202796049416,0.014669466763734818,0.1296224594116211,0.5,1.0,1.0,1.0
7,4310,25000,0.30913907289505005,0.4091136157512665,9.99999905104687e-09,1.0,9.99999905104687e-09,9.084102998713206e-07,2.0331033738330007e-05,0.00022077688481658697,0.001860340009443462,0.014412149786949158,0.1287560909986496,0.5,1.0,1.0,1.0
7,4320,25000,0.30909624695777893,0.40912362933158875,9.99999905104687e-09,1.0,9.99999905104687e-09,9.263841320716892e-07,1.9817114662146196e-05,0.00022226080182008445,0.0018503818428143859,0.014369433745741844,0.12946417927742004,0.5,1.0,1.0,1.0
7,4330,25000,0.30913442373275757,0.40909361839294434,9.99999905104687e-09,1.0,9.99999905104687e-09,8.95809137091419e-07,1.9860563043039292e-05,0.0002218331937910989,0.0018812763737514615,0.01419593021273613,0.1316877156496048,0.5,1.0,1.0,1.0
7,4340,25000,0.3092307150363922,0.4091571569442749,9.99999905104687e-09,1.0,9.99999905104687e-09,8.99573990409408e-07,2.0588908228091896e-05,0.00022135896142572165,0.001853632158599794,0.014471556060016155,0.13130448758602142,0.5,1.0,1.0,1.0
7,4350,25000,0.30911722779273987,0.40917471051216125,9.99999905104687e-09,1.0,9.99999905104687e-09,9.245745786756743e-07,2.0052095351275057e-05,0.0002236733998870477,0.0018618997419252992,0.014094999991357327,0.12869033217430115,0.5,1.0,1.0,1.0
7,4360,25000,0.30907535552978516,0.40915802121162415,9.99999905104687e-09,1.0,9.99999905104687e-09,8.915968692235765e-07,1.9989041902590543e-05,0.0002222735492978245,0.001881169737316668,0.014261346310377121,0.12978388369083405,0.5,1.0,1.0,1.0
7,4370,25000,0.30906030535697937,0.40913623571395874,9.99999905104687e-09,1.0,9.99999905104687e-09,8.965366191659996e-07,1.9753140804823488e-05,0.0002226232027169317,0.0018913985695689917,0.01409424189478159,0.129314586520195,0.5,1.0,1.0,1.0
7,4380,25000,0.30914831161499023,0.4091110825538635,9.99999905104687e-09,1.0,9.99999905104687e-09,9.138331051872228e-07,2.0175903046038002e-05,0.00021902224398218095,0.0018845575395971537,0.014332536607980728,0.13029778003692627,0.5,1.0,1.0,1.0
7,4390,25000,0.30907511711120605,0.40914487838745117,9.99999905104687e-09,1.0,9.99999905104687e-09,9.104926448344486e-07,2.0115101506235078e-05,0.00022272433852776885,0.001847841078415513,0.014107204973697662,0.1296936720609665,0.5,1.0,1.0,1.0
7,4400,25000,0.30912038683891296,0.4091416597366333,9.99999905104687e-09,1.0,9.99999905104687e-09,8.973492526820337e-07,1.9966782929259352e-05,0.00022117668413557112,0.0018610559636726975,0.014421913772821426,0.12990066409111023,0.5,1.0,1.0,1.0
7,4410,25000,0.30910736322402954,0.4091675281524658,9.99999905104687e-09,1.0,9.99999905104687e-09,9.016468993650051e-07,2.015583959291689e-05,0.00022003758931532502,0.0018627161625772715,0.01415773294866085,0.1292864829301834,0.5,1.0,1.0,1.0
7,4420,25000,0.30913659930229187,0.40912169218063354,9.99999905104687e-09,1.0,9.99999905104687e-09,8.878834023562376e-07,2.013390803767834e-05,0.0002174455439671874,0.0018668677657842636,0.014427775517106056,0.12943071126937866,0.5,1.0,1.0,1.0
7,4430,25000,0.30910366773605347,0.40918779373168945,9.99999905104687e-09,1.0,9.99999905104687e-09,8.970621365733678e-07,1.9968898413935676e-05,0.00022192468168213964,0.0018474600510671735,0.01429151650518179,0.13003620505332947,0.5,1.0,1.0,1.0
7,4440,25000,0.3090936839580536,0.40913206338882446,9.99999905104687e-09,1.0,9.99999905104687e-09,9.032270895659167e-07,1.9803508621407673e-05,0.0002214068517787382,0.0018789736786857247,0.014396900311112404,0.1284904181957245,0.5,1.0,1.0,1.0
7,4450,25000,0.3091088831424713,0.4091668128967285,9.99999905104687e-09,1.0,9.99999905104687e-09,9.091238553082803e-07,1.986574352486059e-05,0.00021838067914359272,0.001856380607932806,0.014324439689517021,0.12995414435863495,0.5,1.0,1.0,1.0
7,4460,25000,0.3091624081134796,0.40909191966056824,9.99999905104687e-09,1.0,9.99999905104687e-09,9.238610232387146e-07,2.004077032324858e-05,0.00022430502576753497,0.001914257649332285,0.014607559889554977,0.13064482808113098,0.5,1.0,1.0,1.0
7,4470,25000,0.3090963661670685,0.40912213921546936,9.99999905104687e-09,1.0,9.99999905104687e-09,9.088242904908839e-07,2.006890281336382e-05,0.00022112303122412413,0.0018659401684999466,0.014373729936778545,0.1296594887971878,0.5,1.0,1.0,1.0
7,4480,25000,0.3091570734977722,0.409125417470932,9.99999905104687e-09,1.0,9.99999905104687e-09,9.059060062099888e-07,1.9843251720885746e-05,0.00022153777536004782,0.0018645789241418242,0.014218238182365894,0.13010364770889282,0.5,1.0,1.0,1.0
7,4490,25000,0.3091578185558319,0.4091718792915344,9.99999905104687e-09,1.0,9.99999905104687e-09,9.040168151841499e-07,2.0096227672183886e-05,0.0002225979114882648,0.0018827979220077395,0.014207319356501102,0.129876047372818,0.5,1.0,1.0,1.0
7,4500,25000,0.30907583236694336,0.4091258645057678,9.99999905104687e-09,1.0,9.99999905104687e-09,8.978972232398519e-07,2.01229104277445e-05,0.0002205063938163221,0.0019098784541711211,0.014372546225786209,0.13012512028217316,0.5,1.0,1.0,1.0
7,4510,25000,0.30919337272644043,0.40913069248199463,9.99999905104687e-09,1.0,9.99999905104687e-09,9.154446161119267e-07,2.0446937924134545e-05,0.00021950880181975663,0.0018779224483296275,0.014353589154779911,0.13132505118846893,0.5,1.0,1.0,1.0
7,4520,25000,0.3091738522052765,0.4091383218765259,9.99999905104687e-09,1.0,9.99999905104687e-09,8.897614520719799e-07,1.9788611098192632e-05,0.00022304372396320105,0.0018656530883163214,0.01422975119203329,0.13135965168476105,0.5,1.0,1.0,1.0
7,4530,25000,0.3091433048248291,0.4091675877571106,9.99999905104687e-09,1.0,9.99999905104687e-09,8.857194870870444e-07,2.018680788751226e-05,0.00022036192240193486,0.001863399869762361,0.014269012957811356,0.12922173738479614,0.5,1.0,1.0,1.0
7,4540,25000,0.3090760409832001,0.4091293215751648,9.99999905104687e-09,1.0,9.99999905104687e-09,8.951175232141395e-07,2.050045077339746e-05,0.00022040777548681945,0.0018477332778275013,0.014333451166749,0.128989115357399,0.5,1.0,1.0,1.0
7,4550,25000,0.30910319089889526,0.40913280844688416,9.99999905104687e-09,1.0,9.99999905104687e-09,9.154999247584783e-07,2.002486689889338e-05,0.0002183805627282709,0.001857649884186685,0.014278069138526917,0.1289239078760147,0.5,1.0,1.0,1.0
7,4560,25000,0.30905401706695557,0.4091282784938812,9.99999905104687e-09,1.0,9.99999905104687e-09,9.102369631364127e-07,1.99307960428996e-05,0.00022379578149411827,0.0018421877175569534,0.014239480718970299,0.12943445146083832,0.5,1.0,1.0,1.0
7,4570,25000,0.30906689167022705,0.40914830565452576,9.99999905104687e-09,1.0,9.99999905104687e-09,9.143454917648342e-07,2.0233579562045634e-05,0.0002250122488476336,0.0018642747309058905,0.01431320235133171,0.12860822677612305,0.5,1.0,1.0,1.0
7,4580,25000,0.3089754283428192,0.4090843200683594,9.99999905104687e-09,1.0,9.99999905104687e-09,9.076471201296954e-07,2.0184033928671852e-05,0.00021740965894423425,0.0018718474311754107,0.014203093945980072,0.12822936475276947,0.5,1.0,1.0,1.0
7,4590,25000,0.30914565920829773,0.40909552574157715,9.99999905104687e-09,1.0,9.99999905104687e-09,9.014074180413445e-07,2.015710560954176e-05,0.00021700270008295774,0.00187413499224931,0.01444773655384779,0.13048775494098663,0.5,1.0,1.0,1.0
7,4600,25000,0.3090774416923523,0.4091644585132599,9.99999905104687e-09,1.0,9.99999905104687e-09,8.98390908332658e-07,1.9992141460534185e-05,0.00021884504531044513,0.0018769125454127789,0.014288047328591347,0.13084736466407776,0.5,1.0,1.0,1.0
7,4610,25000,0.30916282534599304,0.4090840816497803,9.99999905104687e-09,1.0,9.99999905104687e-09,9.145340413851955e-07,1.9874656572937965e-05,0.00022127847478259355,0.0018830219050869346,0.014378620311617851,0.13149867951869965,0.5,1.0,1.0,1.0
7,4620,25000,0.30917292833328247,0.40921077132225037,9.99999905104687e-09,1.0,9.99999905104687e-09,9.122588835452916e-07,1.9743150915019214e-05,0.00022072377032600343,0.0018727032002061605,0.014297045767307281,0.1291656792163849,0.5,1.0,1.0,1.0
7,4630,25000,0.3090798556804657,0.40919530391693115,9.99999905104687e-09,1.0,9.99999905104687e-09,8.951828363024106e-07,1.9836978026432917e-05,0.0002225111675215885,0.0018938713474199176,0.014403384178876877,0.12760184705257416,0.5,1.0,1.0,1.0
7,4640,25000,0.3091409504413605,0.409089058637619,9.99999905104687e-09,1.0,9.99999905104687e-09,8.907332471608242e-07,1.9562983652576804e-05,0.00022007098596077412,0.00186239427421242,0.014512359164655209,0.12982362508773804,0.5,1.0,1.0,1.0
7,4650,25000,0.3090777099132538,0.4091237783432007,9.99999905104687e-09,1.0,9.99999905104687e-09,9.021310347634426e-07,1.979210355784744e-05,0.0002231213729828596,0.0018455496756359935,0.01444618683308363,0.1296827495098114,0.5,1.0,1.0,1.0
7,4660,25000,0.3090815544128418,0.40906891226768494,9.99999905104687e-09,1.0,9.99999905104687e-09,9.138128689301084e-07,1.965190858754795e-05,0.00022214915952645242,0.0018661245703697205,0.01436692476272583,0.13038337230682373,0.5,1.0,1.0,1.0
7,4670,25000,0.3091309368610382,0.409161776304245,9.99999905104687e-09,1.0,9.99999905104687e-09,9.020413358484802e-07,1.9816618078039028e-05,0.0002219619054812938,0.0018674322636798024,0.01428983360528946,0.130225270986557,0.5,1.0,1.0,1.0
7,4680,25000,0.30907514691352844,0.40918275713920593,9.99999905104687e-09,1.0,9.99999905104687e-09,9.001729495139443e-07,2.0038249203935266e-05,0.00021936628036201,0.0018775679636746645,0.014299752190709114,0.1282208114862442,0.5,1.0,1.0,1.0
7,4690,25000,0.30908626317977905,0.4090728759765625,9.99999905104687e-09,1.0,9.99999905104687e-09,8.981480732472846e-07,2.0322404452599585e-05,0.0002186225465266034,0.001897600363008678,0.014270361512899399,0.1307048350572586,0.5,1.0,1.0,1.0
7,4700,25000,0.3091692328453064,0.40916863083839417,9.99999905104687e-09,1.0,9.99999905104687e-09,9.107320124712714e-07,2.0051313185831532e-05,0.00021840521367266774,0.0018888551276177168,0.014240771532058716,0.1284606009721756,0.5,1.0,1.0,1.0
7,4710,25000,0.3090297281742096,0.4091300070285797,9.99999905104687e-09,1.0,9.99999905104687e-09,9.138234418060165e-07,1.9971887013525702e-05,0.0002241565234726295,0.001898617367260158,0.014221415854990482,0.12892021238803864,0.5,1.0,1.0,1.0
7,4720,25000,0.3091088533401489,0.409145712852478,9.99999905104687e-09,1.0,9.99999905104687e-09,9.039311521519267e-07,1.996709397644736e-05,0.00022020914184395224,0.0018764070700854063,0.014403648674488068,0.12968313694000244,0.5,1.0,1.0,1.0
7,4730,25000,0.3090156316757202,0.409144788980484,9.99999905104687e-09,1.0,9.99999905104687e-09,8.861994160724862e-07,1.9661647456814535e-05,0.0002193793043261394,0.0018844817532226443,0.014277784153819084,0.12845249474048615,0.5,1.0,1.0,1.0
7,4740,25000,0.3090460002422333,0.4091120660305023,9.99999905104687e-09,1.0,9.99999905104687e-09,8.952439429776859e-07,2.0494069758569822e-05,0.00022548474953509867,0.0018929929938167334,0.014428794384002686,0.12889423966407776,0.5,1.0,1.0,1.0
7,4750,25000,0.30909663438796997,0.40909987688064575,9.99999905104687e-09,1.0,9.99999905104687e-09,9.114655199482513e-07,1.9460421754047275e-05,0.00021998122974764556,0.0018775820499286056,0.014157610945403576,0.12950488924980164,0.5,1.0,1.0,1.0
7,4760,25000,0.3090879023075104,0.40912485122680664,9.99999905104687e-09,1.0,9.99999905104687e-09,9.037352128871134e-07,1.986161441891454e-05,0.0002207258075941354,0.0018786813598126173,0.014248644933104515,0.12966476380825043,0.5,1.0,1.0,1.0
7,4770,25000,0.3091249465942383,0.40916258096694946,9.99999905104687e-09,1.0,9.99999905104687e-09,8.888009119800699e-07,1.961491216206923e-05,0.00022485652880277485,0.0018970967503264546,0.014306239783763885,0.12875676155090332,0.5,1.0,1.0,1.0
7,4780,25000,0.30897387862205505,0.4091082513332367,9.99999905104687e-09,1.0,9.99999905104687e-09,9.130453690886497e-07,1.956256528501399e-05,0.00021976616699248552,0.0018715827027335763,0.014459860511124134,0.12846316397190094,0.5,1.0,1.0,1.0
7,4790,25000,0.30907654762268066,0.40918421745300293,9.99999905104687e-09,1.0,9.99999905104687e-09,8.964896096586017e-07,2.0171979485894553e-05,0.00021911130170337856,0.0018561814213171601,0.01416870392858982,0.1291159689426422,0.5,1.0,1.0,1.0
7,4800,25000,0.30919915437698364,0.4091027081012726,9.99999905104687e-09,1.0,9.99999905104687e-09,9.021416644827696e-07,1.979548324015923e-05,0.00022106734104454517,0.001877293922007084,0.014324216172099113,0.13120216131210327,0.5,1.0,1.0,1.0
7,4810,25000,0.3091028332710266,0.4091828465461731,9.99999905104687e-09,1.0,9.99999905104687e-09,8.960209925135132e-07,1.970226912817452e-05,0.00021864092559553683,0.0018782238475978374,0.014367494732141495,0.12864558398723602,0.5,1.0,1.0,1.0
7,4820,25000,0.30917349457740784,0.4091370701789856,9.99999905104687e-09,1.0,9.99999905104687e-09,9.025902727444191e-07,1.986453753488604e-05,0.0002246896765427664,0.0018539935117587447,0.014303477481007576,0.1299782395362854,0.5,1.0,1.0,1.0
7,4830,25000,0.30910420417785645,0.40916723012924194,9.99999905104687e-09,1.0,9.99999905104687e-09,8.996053679766192e-07,1.9841854737023823e-05,0.00021721364464610815,0.001866422244347632,0.014186196029186249,0.12956111133098602,0.5,1.0,1.0,1.0
7,4840,25000,0.3091035783290863,0.40918439626693726,9.99999905104687e-09,1.0,9.99999905104687e-09,9.010840926748642e-07,2.0106357624172233e-05,0.0002256368170492351,0.001874527777545154,0.014292355626821518,0.12896966934204102,0.5,1.0,1.0,1.0
7,4850,25000,0.3090466260910034,0.40918126702308655,9.99999905104687e-09,1.0,9.99999905104687e-09,9.176981734526635e-07,2.030488394666463e-05,0.000220339119550772,0.0018427773611620069,0.014313604682683945,0.1292765736579895,0.5,1.0,1.0,1.0
7,4860,25000,0.30913910269737244,0.409137487411499,9.99999905104687e-09,1.0,9.99999905104687e-09,9.050979201674636e-07,2.002540168177802e-05,0.0002202943287556991,0.0018808747408911586,0.014142990112304688,0.12987786531448364,0.5,1.0,1.0,1.0
7,4870,25000,0.3091503977775574,0.40910881757736206,9.99999905104687e-09,1.0,9.99999905104687e-09,9.084676548809512e-07,2.0028202925459482e-05,0.0002207691577496007,0.0018483356107026339,0.014558679424226284,0.12959307432174683,0.5,1.0,1.0,1.0
7,4880,25000,0.3091204762458801,0.4091269075870514,9.99999905104687e-09,1.0,9.99999905104687e-09,9.066773145605111e-07,1.98511279450031e-05,0.0002193263644585386,0.0018750844756141305,0.014293830841779709,0.12938815355300903,0.5,1.0,1.0,1.0
7,4890,25000,0.30910006165504456,0.40908777713775635,9.99999905104687e-09,1.0,9.99999905104687e-09,9.106270795200544e-07,2.023004344664514e-05,0.00022298905241768807,0.0018561994656920433,0.01443789154291153,0.1300697922706604,0.5,1.0,1.0,1.0
7,4900,25000,0.30913233757019043,0.40913116931915283,9.99999905104687e-09,1.0,9.99999905104687e-09,9.123235145125363e-07,2.0276327632018365e-05,0.00022097618784755468,0.0018088140059262514,0.014128761366009712,0.12865133583545685,0.5,1.0,1.0,1.0
7,4910,25000,0.3090129792690277,0.40916070342063904,9.99999905104687e-09,1.0,9.99999905104687e-09,9.031081731336599e-07,1.9863544366671704e-05,0.00022377903223969042,0.0018597606103867292,0.01435367576777935,0.12872321903705597,0.5,1.0,1.0,1.0
7,4920,25000,0.30916979908943176,0.4091186821460724,9.99999905104687e-09,1.0,9.99999905104687e-09,9.086097634281032e-07,2.0412660887814127e-05,0.00021993597329128534,0.0018567711813375354,0.014239754527807236,0.13079160451889038,0.5,1.0,1.0,1.0
7,4930,25000,0.3091568648815155,0.4091590940952301,9.99999905104687e-09,1.0,9.99999905104687e-09,8.898344390217972e-07,1.9850853277603164e-05,0.00021691825531888753,0.0018680593930184841,0.014542089775204659,0.1290552020072937,0.5,1.0,1.0,1.0
7,4940,25000,0.30910027027130127,0.40911585092544556,9.99999905104687e-09,1.0,9.99999905104687e-09,9.031545573634503e-07,2.003122790483758e-05,0.00022110033023636788,0.0018956382991746068,0.01443294994533062,0.12980704009532928,0.5,1.0,1.0,1.0
7,4950,25000,0.30901938676834106,0.4090791940689087,9.99999905104687e-09,1.0,9.99999905104687e-09,8.918711387195799e-07,2.0117511667194776e-05,0.00022086761600803584,0.0018795927753672004,0.014272144995629787,0.1295199990272522,0.5,1.0,1.0,1.0
7,4960,25000,0.30911245942115784,0.4091486632823944,9.99999905104687e-09,1.0,9.99999905104687e-09,9.060514685188537e-07,1.9810964658972807e-05,0.00022106527467258275,0.001852949964813888,0.014216103591024876,0.12998123466968536,0.5,1.0,1.0,1.0
7,4970,25000,0.3090722858905792,0.4090791344642639,9.99999905104687e-09,1.0,9.99999905104687e-09,8.883583859642386e-07,1.9788787540164776e-05,0.0002165654004784301,0.001872399589046836,0.014227287843823433,0.13014620542526245,0.5,1.0,1.0,1.0
7,4980,25000,0.30911606550216675,0.4091324806213379,9.99999905104687e-09,1.0,9.99999905104687e-09,9.060033221430785e-07,1.9942786821047775e-05,0.00022477444144897163,0.0018578277667984366,0.014404316432774067,0.13022512197494507,0.5,1.0,1.0,1.0
7,4990,25000,0.30908966064453125,0.40908947587013245,9.99999905104687e-09,1.0,9.99999905104687e-09,9.051730103237787e-07,1.993616206164006e-05,0.00022010889369994402,0.0018667213153094053,0.014377912506461143,0.129488006234169,0.5,1.0,1.0,1.0
7,5000,25000,0.3091128468513489,0.40911921858787537,9.99999905104687e-09,1.0,9.99999905104687e-09,9.067436508303217e-07,1.9822740796371363e-05,0.00021531921811401844,0.0018667962867766619,0.01415092870593071,0.13026148080825806,0.5,1.0,1.0,1.0
7,5010,25000,0.3090805113315582,0.4091387987136841,9.99999905104687e-09,1.0,9.99999905104687e-09,9.177032893603609e-07,2.0052371837664396e-05,0.00021875457605347037,0.0018721281085163355,0.014272261410951614,0.12871572375297546,0.5,1.0,1.0,1.0
7,5020,25000,0.309154212474823,0.4091379940509796,9.99999905104687e-09,1.0,9.99999905104687e-09,9.146947945737338e-07,2.0039768060087226e-05,0.00022269299370236695,0.0018601799383759499,0.014365797862410545,0.1284799575805664,0.5,1.0,1.0,1.0
7,5030,25000,0.30911150574684143,0.4091011881828308,9.99999905104687e-09,1.0,9.99999905104687e-09,9.048033575709269e-07,1.996972059714608e-05,0.00022260588593780994,0.0018691275035962462,0.014398230239748955,0.13075745105743408,0.5,1.0,1.0,1.0
7,5040,25000,0.3090210556983948,0.4090940058231354,9.99999905104687e-09,1.0,9.99999905104687e-09,8.948855452217686e-07,1.997975050471723e-05,0.000221288253669627,0.001846020924858749,0.014292208477854729,0.12923049926757812,0.5,1.0,1.0,1.0
7,5050,25000,0.30916139483451843,0.40912050008773804,9.99999905104687e-09,1.0,9.99999905104687e-09,9.03327418200206e-07,2.0038683942402713e-05,0.00022368608915712684,0.0019018204184249043,0.0142267607152462,0.1291969120502472,0.5,1.0,1.0,1.0
7,5060,25000,0.3091405928134918,0.40912434458732605,9.99999905104687e-09,1.0,9.99999905104687e-09,8.921850849219481e-07,1.9958093616878614e-05,0.00022061255003791302,0.0018684520618990064,0.014265108853578568,0.12912610173225403,0.5,1.0,1.0,1.0
7,5070,25000,0.309097558259964,0.4091311991214752,9.99999905104687e-09,1.0,9.99999905104687e-09,8.987211685962393e-07,1.9800441805273294e-05,0.00021849623590242118,0.0018665720708668232,0.014255775138735771,0.1300586462020874,0.5,1.0,1.0,1.0
7,5080,25000,0.3090979754924774,0.40913131833076477,9.99999905104687e-09,1.0,9.99999905104687e-09,9.095164159589331e-07,2.0061917894054204e-05,0.00022006162907928228,0.001860824995674193,0.014258967712521553,0.13038672506809235,0.5,1.0,1.0,1.0
7,5090,25000,0.309118390083313,0.4091338813304901,9.99999905104687e-09,1.0,9.99999905104687e-09,8.897366114979377e-07,1.9579454601625912e-05,0.00021680272766388953,0.0018857509130612016,0.014280514791607857,0.13027144968509674,0.5,1.0,1.0,1.0
7,5100,25000,0.309140145778656,0.4091590642929077,9.99999905104687e-09,1.0,9.99999905104687e-09,9.159749083664792e-07,1.998029438254889e-05,0.00022210131282918155,0.0018797466764226556,0.014387805014848709,0.1294071078300476,0.5,1.0,1.0,1.0
7,5110,25000,0.3091106116771698,0.4091370701789856,9.99999905104687e-09,1.0,9.99999905104687e-09,9.085613896786526e-07,1.9876082660630345e-05,0.00022248255845624954,0.0018699649954214692,0.014325590804219246,0.13016165792942047,0.5,1.0,1.0,1.0
7,5120,25000,0.30900833010673523,0.4091580808162689,9.99999905104687e-09,1.0,9.99999905104687e-09,9.052171208168147e-07,1.9936036551371217e-05,0.0002213178522652015,0.00187922443728894,0.01430455595254898,0.1280757039785385,0.5,1.0,1.0,1.0
7,5130,25000,0.309021919965744,0.40912604331970215,9.99999905104687e-09,1.0,9.99999905104687e-09,8.994250606519927e-07,1.9728317056433298e-05,0.00021983354235999286,0.001884488039650023,0.014156302437186241,0.12880781292915344,0.5,1.0,1.0,1.0
7,5140,25000,0.30899614095687866,0.40909403562545776,9.99999905104687e-09,1.0,9.99999905104687e-09,8.895646601558838e-07,1.959520159289241e-05,0.00021952955285087228,0.0018838001415133476,0.01428813673555851,0.1302674263715744,0.5,1.0,1.0,1.0
7,5150,25000,0.3091733157634735,0.4091252088546753,9.99999905104687e-09,1.0,9.99999905104687e-09,9.078545986085373e-07,2.0083018171135336e-05,0.00022367869678419083,0.0019044410437345505,0.014465570449829102,0.13095475733280182,0.5,1.0,1.0,1.0
7,5160,25000,0.3091764450073242,0.40911099314689636,9.99999905104687e-09,1.0,9.99999905104687e-09,9.023266329677426e-07,1.9927290850318968e-05,0.00022109763813205063,0.0018731097225099802,0.014404071494936943,0.1308908462524414,0.5,1.0,1.0,1.0
7,5170,25000,0.30919256806373596,0.4091314673423767,9.99999905104687e-09,1.0,9.99999905104687e-09,9.060457841769676e-07,1.9732813598238863e-05,0.00022021803306415677,0.0018825955921784043,0.014454150572419167,0.12880319356918335,0.5,1.0,1.0,1.0
7,5180,25000,0.3091506361961365,0.40913107991218567,9.99999905104687e-09,1.0,9.99999905104687e-09,9.089315540222742e-07,2.0037023205077276e-05,0.00022115283354651183,0.0018577182199805975,0.014299572445452213,0.12914367020130157,0.5,1.0,1.0,1.0
7,5190,25000,0.30911609530448914,0.40916144847869873,9.99999905104687e-09,1.0,9.99999905104687e-09,9.086627414944815e-07,2.0082494302187115e-05,0.00022060329501982778,0.0019038328900933266,0.01435870211571455,0.1296006739139557,0.5,1.0,1.0,1.0
7,5200,25000,0.3091205060482025,0.4091234505176544,9.99999905104687e-09,1.0,9.99999905104687e-09,9.101719911086548e-07,1.982856701943092e-05,0.0002194820553995669,0.0018504662439227104,0.01438763178884983,0.13070832192897797,0.5,1.0,1.0,1.0
7,5210,25000,0.3089902997016907,0.40911921858787537,9.99999905104687e-09,1.0,9.99999905104687e-09,9.054381848727644e-07,1.9960998542956077e-05,0.00022002801415510476,0.001878577983006835,0.014327120035886765,0.1285274624824524,0.5,1.0,1.0,1.0
7,5220,25000,0.30910077691078186,0.40911927819252014,9.99999905104687e-09,1.0,9.99999905104687e-09,8.938006317293912e-07,2.004542329814285e-05,0.00021228770492598414,0.0018363319104537368,0.014417227357625961,0.12984952330589294,0.5,1.0,1.0,1.0
7,5230,25000,0.3090037703514099,0.40915584564208984,9.99999905104687e-09,1.0,9.99999905104687e-09,8.965383244685654e-07,1.9911605704692192e-05,0.00022359576541930437,0.0018699998036026955,0.01420888677239418,0.12839728593826294,0.5,1.0,1.0,1.0
7,5240,25000,0.30912506580352783,0.40917345881462097,9.99999905104687e-09,1.0,9.99999905104687e-09,9.10419771571469e-07,1.988982876355294e-05,0.0002203383482992649,0.0018682966474443674,0.01397002674639225,0.13035956025123596,0.5,1.0,1.0,1.0
7,5250,25000,0.3090786635875702,0.40914681553840637,9.99999905104687e-09,1.0,9.99999905104687e-09,9.013460839923937e-07,1.989923111977987e-05,0.00022199357044883072,0.0018515517003834248,0.014158003032207489,0.12979546189308167,0.5,1.0,1.0,1.0
7,5260,25000,0.3091410994529724,0.4091060757637024,9.99999905104687e-09,1.0,9.99999905104687e-09,9.154796885013639e-07,1.9750830688280985e-05,0.00022099720081314445,0.001858015893958509,0.01435999944806099,0.13047802448272705,0.5,1.0,1.0,1.0
7,5270,25000,0.30911895632743835,0.4091671407222748,9.99999905104687e-09,1.0,9.99999905104687e-09,9.244861303159269e-07,2.0156523532932624e-05,0.00022416093270294368,0.0018580079777166247,0.014107408002018929,0.13047203421592712,0.5,1.0,1.0,1.0
7,5280,25000,0.3091219365596771,0.40912914276123047,9.99999905104687e-09,1.0,9.99999905104687e-09,9.081050507120381e-07,2.011300421145279e-05,0.0002230350801255554,0.0018626733217388391,0.014206558465957642,0.130415141582489,0.5,1.0,1.0,1.0
7,5290,25000,0.30920276045799255,0.4090941846370697,9.99999905104687e-09,1.0,9.99999905104687e-09,9.052851055457722e-07,1.9840732420561835e-05,0.00022235594224184752,0.0018762622494250536,0.014309456571936607,0.13102546334266663,0.5,1.0,1.0,1.0
7,5300,25000,0.30923864245414734,0.4091483950614929,9.99999905104687e-09,1.0,9.99999905104687e-09,9.003280183605966e-07,2.0110242985538207e-05,0.00022398502915166318,0.0018765467684715986,0.014236420392990112,0.13062481582164764,0.5,1.0,1.0,1.0
7,5310,25000,0.3090587556362152,0.4091978669166565,9.99999905104687e-09,1.0,9.99999905104687e-09,9.106567517846997e-07,2.0297678929637186e-05,0.00022029619140084833,0.0018379376269876957,0.014117950573563576,0.1289503127336502,0.5,1.0,1.0,1.0
7,5320,25000,0.3090725541114807,0.4091324806213379,9.99999905104687e-09,1.0,9.99999905104687e-09,9.016155217977939e-07,1.996161518036388e-05,0.000218504763324745,0.0018613935681059957,0.014315011911094189,0.12982788681983948,0.5,1.0,1.0,1.0
7,5330,25000,0.3091382384300232,0.4091430902481079,9.99999905104687e-09,1.0,9.99999905104687e-09,9.062613344212878e-07,1.974372389668133e-05,0.00022074230946600437,0.001856065122410655,0.014441931620240211,0.13046003878116608,0.5,1.0,1.0,1.0
7,5340,25000,0.3091419041156769,0.4091115891933441,9.99999905104687e-09,1.0,9.99999905104687e-09,8.911541726774885e-07,2.0051960746059194e-05,0.00022293819347396493,0.0018747946014627814,0.014458611607551575,0.12970219552516937,0.5,1.0,1.0,1.0
7,5350,25000,0.3092470169067383,0.4091281592845917,9.99999905104687e-09,1.0,9.99999905104687e-09,9.00692953109683e-07,2.027229857048951e-05,0.00022432608238887042,0.0018710109870880842,0.014397671446204185,0.1310383528470993,0.5,1.0,1.0,1.0
7,5360,25000,0.3091370165348053,0.40912386775016785,9.99999905104687e-09,1.0,9.99999905104687e-09,9.096332860281109e-07,2.0004546968266368e-05,0.00022085655655246228,0.0018753724871203303,0.014415828511118889,0.129617378115654,0.5,1.0,1.0,1.0
7,5370,25000,0.309104859828949,0.4091396629810333,9.99999905104687e-09,1.0,9.99999905104687e-09,9.009750669974892e-07,1.9984261598438025e-05,0.00022112688748165965,0.00186249113176018,0.014237896539270878,0.13014504313468933,0.5,1.0,1.0,1.0
7,5380,25000,0.3091334104537964,0.409153550863266,9.99999905104687e-09,1.0,9.99999905104687e-09,9.013305088956258e-07,1.9757369955186732e-05,0.00021948131325189024,0.0018930212827399373,0.014360844157636166,0.12991563975811005,0.5,1.0,1.0,1.0
7,5390,25000,0.309062659740448,0.4091343581676483,9.99999905104687e-09,1.0,9.99999905104687e-09,8.902963486434601e-07,1.9831530153169297e-05,0.0002189705119235441,0.001860397052951157,0.014070374891161919,0.1293560415506363,0.5,1.0,1.0,1.0
7,5400,25000,0.3090607225894928,0.409133642911911,9.99999905104687e-09,1.0,9.99999905104687e-09,8.857180660015729e-07,1.9665181753225625e-05,0.00022018160962034017,0.0018856286769732833,0.01421600766479969,0.12962904572486877,0.5,1.0,1.0,1.0
7,5410,25000,0.3091369867324829,0.409131795167923,9.99999905104687e-09,1.0,9.99999905104687e-09,9.089872605727578e-07,2.009031959460117e-05,0.00022023537894710898,0.0018579604802653193,0.01435760222375393,0.12993426620960236,0.5,1.0,1.0,1.0
7,5420,25000,0.3090808391571045,0.4091363251209259,9.99999905104687e-09,1.0,9.99999905104687e-09,9.107890832638077e-07,2.0199549908284098e-05,0.00022056183661334217,0.001883014920167625,0.014273148030042648,0.1291854828596115,0.5,1.0,1.0,1.0
7,5430,25000,0.3091295063495636,0.4090704619884491,9.99999905104687e-09,1.0,9.99999905104687e-09,8.805881748230604e-07,1.9938073819503188e-05,0.00022116070613265038,0.0019041798077523708,0.014291036874055862,0.1310487985610962,0.5,1.0,1.0,1.0
7,5440,25000,0.30906984210014343,0.4090845584869385,9.99999905104687e-09,1.0,9.99999905104687e-09,9.047761295732926e-07,2.0112212951062247e-05,0.00021809418103657663,0.0018974993145093322,0.014141405001282692,0.13112811744213104,0.5,1.0,1.0,1.0
7,5450,25000,0.30909964442253113,0.4091663658618927,9.99999905104687e-09,1.0,9.99999905104687e-09,9.133995604315714e-07,2.008014780585654e-05,0.00022144521062728018,0.0018852702341973782,0.014288468286395073,0.1292368322610855,0.5,1.0,1.0,1.0
7,5460,25000,0.3091195225715637,0.4091554284095764,9.99999905104687e-09,1.0,9.99999905104687e-09,9.035460948325635e-07,1.9905281078536063e-05,0.0002175117697333917,0.0018496447009965777,0.014251124113798141,0.13023598492145538,0.5,1.0,1.0,1.0
7,5470,25000,0.30907177925109863,0.4091942310333252,9.99999905104687e-09,1.0,9.99999905104687e-09,9.165194114757469e-07,1.9551689547370188e-05,0.0002232199622085318,0.0018500114092603326,0.014104904606938362,0.12796050310134888,0.5,1.0,1.0,1.0
7,5480,25000,0.309016615152359,0.40914854407310486,9.99999905104687e-09,1.0,9.99999905104687e-09,8.953359724728216e-07,2.0004063117085025e-05,0.00022148188145365566,0.0018876917893067002,0.014235674403607845,0.12988662719726562,0.5,1.0,1.0,1.0
7,5490,25000,0.3091682493686676,0.4091356098651886,9.99999905104687e-09,1.0,9.99999905104687e-09,8.877928507899924e-07,1.9789249563473277e-05,0.00021875598758924752,0.0018630162812769413,0.014147668145596981,0.13033100962638855,0.5,1.0,1.0,1.0
7,5500,25000,0.30908703804016113,0.40905001759529114,9.99999905104687e-09,1.0,9.99999905104687e-09,8.785995646576339e-07,1.9744598830584437e-05,0.0002243810595246032,0.001871135551482439,0.014236904680728912,0.13058701157569885,0.5,1.0,1.0,1.0
7,5510,25000,0.3092840313911438,0.40913572907447815,9.99999905104687e-09,1.0,9.99999905104687e-09,9.078593166123028e-07,1.98195284610847e-05,0.00022217154037207365,0.0018787122098729014,0.01432017982006073,0.130605548620224,0.5,1.0,1.0,1.0
7,5520,25000,0.30910494923591614,0.4091603457927704,9.99999905104687e-09,1.0,9.99999905104687e-09,9.012729265123198e-07,1.9758976122830063e-05,0.0002235868014395237,0.0018418666440993547,0.014071643352508545,0.12957023084163666,0.5,1.0,1.0,1.0
7,5530,25000,0.30918392539024353,0.40912044048309326,9.99999905104687e-09,1.0,9.99999905104687e-09,8.915148441701604e-07,2.0142293578828685e-05,0.00021894738893024623,0.001885063829831779,0.014287535101175308,0.12924236059188843,0.5,1.0,1.0,1.0
7,5540,25000,0.309112012386322,0.40915772318840027,9.99999905104687e-09,1.0,9.99999905104687e-09,9.078082712221658e-07,1.9950841306126676e-05,0.00021811456826981157,0.0018721205415204167,0.014271717518568039,0.12964479625225067,0.5,1.0,1.0,1.0
7,5550,25000,0.3091523349285126,0.4091409742832184,9.99999905104687e-09,1.0,9.99999905104687e-09,9.09563425466331e-07,2.023370507231448e-05,0.00021822060807608068,0.0019017726881429553,0.01438833400607109,0.1299891471862793,0.5,1.0,1.0,1.0
7,5560,25000,0.3092035949230194,0.40912243723869324,9.99999905104687e-09,1.0,9.99999905104687e-09,9.013837711790984e-07,1.968766810023226e-05,0.00022335902031045407,0.001891267136670649,0.014512956142425537,0.1305934339761734,0.5,1.0,1.0,1.0
7,5570,25000,0.30911770462989807,0.40908971428871155,9.99999905104687e-09,1.0,9.99999905104687e-09,9.007469543576008e-07,1.995505408558529e-05,0.00022267257736530155,0.0019060029881075025,0.014396220445632935,0.1301262229681015,0.5,1.0,1.0,1.0
7,5580,25000,0.30910173058509827,0.409100204706192,9.99999905104687e-09,1.0,9.99999905104687e-09,9.109019174502464e-07,2.0014736946905032e-05,0.00022044742945581675,0.0018552382243797183,0.014191179536283016,0.12935474514961243,0.5,1.0,1.0,1.0
7,5590,25000,0.30910545587539673,0.4091656506061554,9.99999905104687e-09,1.0,9.99999905104687e-09,9.212766372002079e-07,1.9791219528997317e-05,0.0002194328117184341,0.001883247634395957,0.014255748130381107,0.13019655644893646,0.5,1.0,1.0,1.0
7,5600,25000,0.30907344818115234,0.40917420387268066,9.99999905104687e-09,1.0,9.99999905104687e-09,9.006654408949544e-07,2.0005059923278168e-05,0.00022262323182076216,0.0018706913106143475,0.014291669242084026,0.128004252910614,0.5,1.0,1.0,1.0
7,5610,25000,0.30904489755630493,0.40913480520248413,9.99999905104687e-09,1.0,9.99999905104687e-09,9.064743835551781e-07,1.9958166376454756e-05,0.00022141671797726303,0.0018386892043054104,0.014247527346014977,0.12970395386219025,0.5,1.0,1.0,1.0
7,5620,25000,0.3090670704841614,0.40912824869155884,9.99999905104687e-09,1.0,9.99999905104687e-09,9.250259154214291e-07,1.9800731024588458e-05,0.00021885240857955068,0.001879194867797196,0.014217512682080269,0.1292286217212677,0.5,1.0,1.0,1.0
7,5630,25000,0.3091878592967987,0.40910905599594116,9.99999905104687e-09,1.0,9.99999905104687e-09,9.131629781222728e-07,1.975005397980567e-05,0.00022106801043264568,0.0018647814868018031,0.01429773773998022,0.12981724739074707,0.5,1.0,1.0,1.0
7,5640,25000,0.3091365098953247,0.40912628173828125,9.99999905104687e-09,1.0,9.99999905104687e-09,9.088469710150093e-07,1.99364894797327e-05,0.0002229608508059755,0.001865179161541164,0.014278656803071499,0.12995345890522003,0.5,1.0,1.0,1.0
7,5650,25000,0.3091047406196594,0.4091305434703827,9.99999905104687e-09,1.0,9.99999905104687e-09,9.086534760172071e-07,1.9792994862655178e-05,0.00021820550318807364,0.001880452036857605,0.014432717114686966,0.12955644726753235,0.5,1.0,1.0,1.0
7,5660,25000,0.3091467618942261,0.4091256856918335,9.99999905104687e-09,1.0,9.99999905104687e-09,9.014236752591387e-07,1.98472298507113e-05,0.00022088727564550936,0.0018222345970571041,0.01439242996275425,0.1291283667087555,0.5,1.0,1.0,1.0
7,5670,25000,0.30921608209609985,0.4091441035270691,9.99999905104687e-09,1.0,9.99999905104687e-09,9.04133173662558e-07,2.0094641513423994e-05,0.00022119573259260505,0.0019037022721022367,0.014357386156916618,0.13019129633903503,0.5,1.0,1.0,1.0
7,5680,25000,0.30918875336647034,0.4091145396232605,9.99999905104687e-09,1.0,9.99999905104687e-09,9.116624255511852e-07,2.0051369574503042e-05,0.00022153485042508692,0.0018822550773620605,0.014330375008285046,0.13026875257492065,0.5,1.0,1.0,1.0
7,5690,25000,0.30906936526298523,0.40912431478500366,9.99999905104687e-09,1.0,9.99999905104687e-09,8.917129434848903e-07,2.004697671509348e-05,0.00021832549828104675,0.0018901372095569968,0.014296740293502808,0.13024263083934784,0.5,1.0,1.0,1.0
7,5700,25000,0.30918118357658386,0.40909677743911743,9.99999905104687e-09,1.0,9.99999905104687e-09,8.966063091975229e-07,1.9896478988812305e-05,0.00021855196973774582,0.0018915408290922642,0.014353390783071518,0.13097284734249115,0.5,1.0,1.0,1.0
7,5710,25000,0.3091292083263397,0.4091590642929077,9.99999905104687e-09,1.0,9.99999905104687e-09,9.195686061502784e-07,1.9827641153824516e-05,0.00021990523964632303,0.001886427984572947,0.01449650153517723,0.12928707897663116,0.5,1.0,1.0,1.0
7,5720,25000,0.3091503083705902,0.40913087129592896,9.99999905104687e-09,1.0,9.99999905104687e-09,8.925354677558062e-07,2.007696639338974e-05,0.00022002500190865248,0.0018658008193597198,0.014383813366293907,0.1291552484035492,0.5,1.0,1.0,1.0
7,5730,25000,0.3091287910938263,0.40910929441452026,9.99999905104687e-09,1.0,9.99999905104687e-09,9.058906016434776e-07,2.003824192797765e-05,0.000222908376599662,0.001859297975897789,0.014158273115754128,0.1308211386203766,0.5,1.0,1.0,1.0
7,5740,25000,0.3090667724609375,0.4090958833694458,9.99999905104687e-09,1.0,9.99999905104687e-09,9.235571951649035e-07,1.98213747353293e-05,0.00022033196000847965,0.0018984718481078744,0.0143438670784235,0.12952949106693268,0.5,1.0,1.0,1.0
7,5750,25000,0.30906862020492554,0.40914279222488403,9.99999905104687e-09,1.0,9.99999905104687e-09,9.047748221746588e-07,1.989525117096491e-05,0.00022515605087392032,0.0018703575478866696,0.014298140071332455,0.12859611213207245,0.5,1.0,1.0,1.0
7,5760,25000,0.3092099130153656,0.4091111421585083,9.99999905104687e-09,1.0,9.99999905104687e-09,9.052669156517368e-07,1.9928342226194218e-05,0.00022394745610654354,0.0018580087926238775,0.014438888058066368,0.13079501688480377,0.5,1.0,1.0,1.0
7,5770,25000,0.30908527970314026,0.409171462059021,9.99999905104687e-09,1.0,9.99999905104687e-09,9.029895977619162e-07,1.9972587324446067e-05,0.00021997882868163288,0.0018600438488647342,0.014342717826366425,0.12932536005973816,0.5,1.0,1.0,1.0
7,5780,25000,0.3091506361961365,0.4091293215751648,9.99999905104687e-09,1.0,9.99999905104687e-09,9.09991797470866e-07,1.9744773453567177e-05,0.00022309365158434957,0.0018647523829713464,0.014438391663134098,0.13029156625270844,0.5,1.0,1.0,1.0
7,5790,25000,0.30915871262550354,0.4091099202632904,9.99999905104687e-09,1.0,9.99999905104687e-09,9.168950327875791e-07,2.0171113646938466e-05,0.00022210351016838104,0.0018634061561897397,0.014423955231904984,0.12893645465373993,0.5,1.0,1.0,1.0
7,5800,25000,0.3091112971305847,0.4091246426105499,9.99999905104687e-09,1.0,9.99999905104687e-09,8.997041049951804e-07,1.964123839570675e-05,0.00021984291379339993,0.0019045494263991714,0.014341281726956367,0.12919852137565613,0.5,1.0,1.0,1.0
7,5810,25000,0.30912744998931885,0.4091103971004486,9.99999905104687e-09,1.0,9.99999905104687e-09,8.983876114143641e-07,1.974203587451484e-05,0.00022330605133902282,0.001866035396233201,0.014442713931202888,0.12929725646972656,0.5,1.0,1.0,1.0
7,5820,25000,0.3091588318347931,0.4091564416885376,9.99999905104687e-09,1.0,9.99999905104687e-09,8.872464718479023e-07,2.0006729755550623e-05,0.00022186124988365918,0.001876714057289064,0.014389182440936565,0.12937968969345093,0.5,1.0,1.0,1.0
7,5830,25000,0.30897849798202515,0.40915533900260925,9.99999905104687e-09,1.0,9.99999905104687e-09,9.194632184517104e-07,1.9903998691006564e-05,0.00022046097728889436,0.001872883876785636,0.014205748215317726,0.12909722328186035,0.5,1.0,1.0,1.0
7,5840,25000,0.30911076068878174,0.40912389755249023,9.99999905104687e-09,1.0,9.99999905104687e-09,9.202249771078641e-07,2.03388790396275e-05,0.0002206710632890463,0.0018782123224809766,0.014312922954559326,0.12960857152938843,0.5,1.0,1.0,1.0
7,5850,25000,0.30918675661087036,0.4090929329395294,9.99999905104687e-09,1.0,9.99999905104687e-09,8.861583751240687e-07,1.978309046535287e-05,0.00022078868641983718,0.001877262257039547,0.014257671311497688,0.1305558979511261,0.5,1.0,1.0,1.0
7,5860,25000,0.3091425597667694,0.4090900123119354,9.99999905104687e-09,1.0,9.99999905104687e-09,9.000809200188087e-07,1.999552478082478e-05,0.00021968706278130412,0.0018652621656656265,0.014192648231983185,0.13001510500907898,0.5,1.0,1.0,1.0
7,5870,25000,0.30917415022850037,0.4091585576534271,9.99999905104687e-09,1.0,9.99999905104687e-09,9.015012096824648e-07,2.010632488236297e-05,0.00022161347442306578,0.001860952703282237,0.014190658926963806,0.12999917566776276,0.5,1.0,1.0,1.0
7,5880,25000,0.3091343939304352,0.40912485122680664,9.99999905104687e-09,1.0,9.99999905104687e-09,9.027603482536506e-07,2.0029501683893614e-05,0.00022091693244874477,0.0018894956447184086,0.014432011172175407,0.12991023063659668,0.5,1.0,1.0,1.0
7,5890,25000,0.3090544641017914,0.4091434180736542,9.99999905104687e-09,1.0,9.99999905104687e-09,8.869899943420023e-07,1.9634699128801003e-05,0.00021900530555285513,0.0018769640009850264,0.014370059594511986,0.12905025482177734,0.5,1.0,1.0,1.0
7,5900,25000,0.3090284764766693,0.4091428220272064,9.99999905104687e-09,1.0,9.99999905104687e-09,9.024374776345212e-07,2.0023186152684502e-05,0.00021958844445180148,0.0018567368388175964,0.014192549511790276,0.1294420063495636,0.5,1.0,1.0,1.0
7,5910,25000,0.3091588020324707,0.4091308116912842,9.99999905104687e-09,1.0,9.99999905104687e-09,8.985048793874739e-07,1.9918736143154092e-05,0.00021917962294537574,0.0019053868018090725,0.014270331710577011,0.1300879269838333,0.5,1.0,1.0,1.0
7,5920,25000,0.3091845214366913,0.40909120440483093,9.99999905104687e-09,1.0,9.99999905104687e-09,9.100144211515726e-07,2.0034249246236868e-05,0.00021974410628899932,0.0018403803696855903,0.014614591374993324,0.1308044046163559,0.5,1.0,1.0,1.0
7,5930,25000,0.3090948164463043,0.40918463468551636,9.99999905104687e-09,1.0,9.99999905104687e-09,9.13365454380255e-07,2.0379900888656266e-05,0.00022287250612862408,0.0018684676615521312,0.014216317795217037,0.12757331132888794,0.5,1.0,1.0,1.0
7,5940,25000,0.30909204483032227,0.4091428220272064,9.99999905104687e-09,1.0,9.99999905104687e-09,9.020200764098263e-07,1.9921486455132253e-05,0.00022166279086377472,0.0018904292955994606,0.014370742253959179,0.12854965031147003,0.5,1.0,1.0,1.0
7,5950,25000,0.3092277944087982,0.40913957357406616,9.99999905104687e-09,1.0,9.99999905104687e-09,8.870479177858215e-07,1.9965691535617225e-05,0.0002199835580540821,0.001891434658318758,0.014431707561016083,0.1305101066827774,0.5,1.0,1.0,1.0
7,5960,25000,0.3091219961643219,0.4091104567050934,9.99999905104687e-09,1.0,9.99999905104687e-09,9.094959523281432e-07,1.9975961549789645e-05,0.00022276086383499205,0.0018738681683316827,0.014176743105053902,0.13016536831855774,0.5,1.0,1.0,1.0
7,5970,25000,0.3091735243797302,0.4091377556324005,9.99999905104687e-09,1.0,9.99999905104687e-09,9.147906325779331e-07,2.005175338126719e-05,0.0002229927049484104,0.001904586679302156,0.014258953742682934,0.13033567368984222,0.5,1.0,1.0,1.0
7,5980,25000,0.3090483248233795,0.4090980291366577,9.99999905104687e-09,1.0,9.99999905104687e-09,9.144265504801297e-07,2.0306137230363674e-05,0.00022002555488143116,0.0018581742187961936,0.014236267656087875,0.13008403778076172,0.5,1.0,1.0,1.0
7,5990,25000,0.3091311454772949,0.4091532528400421,9.99999905104687e-09,1.0,9.99999905104687e-09,9.14900965653942e-07,1.9647324734251015e-05,0.0002218185254605487,0.0018490632064640522,0.014349814504384995,0.1297256499528885,0.5,1.0,1.0,1.0
7,6000,25000,0.3091681897640228,0.4091392755508423,9.99999905104687e-09,1.0,9.99999905104687e-09,8.942984095483553e-07,1.963712384167593e-05,0.00022134720347821712,0.0018944289768114686,0.014420151710510254,0.13005569577217102,0.5,1.0,1.0,1.0
7,6010,25000,0.30913349986076355,0.40915152430534363,9.99999905104687e-09,1.0,9.99999905104687e-09,9.110383416555123e-07,1.9503762814565562e-05,0.00022246075968723744,0.001878777053207159,0.014451264403760433,0.12816999852657318,0.5,1.0,1.0,1.0
7,6020,25000,0.3091904819011688,0.4090923070907593,9.99999905104687e-09,1.0,9.99999905104687e-09,9.052686777977215e-07,2.0326046069385484e-05,0.0002225628268206492,0.0018938640132546425,0.014440400525927544,0.13139548897743225,0.5,1.0,1.0,1.0
7,6030,25000,0.30909264087677,0.4091194272041321,9.99999905104687e-09,1.0,9.99999905104687e-09,8.995950793178054e-07,1.9717388568096794e-05,0.00021812184422742575,0.0018609808757901192,0.014445863664150238,0.12974128127098083,0.5,1.0,1.0,1.0
7,6040,25000,0.3090761601924896,0.4091114103794098,9.99999905104687e-09,1.0,9.99999905104687e-09,9.036193659994751e-07,1.9615159544628114e-05,0.0002180897572543472,0.0018715184414759278,0.014262180775403976,0.12956233322620392,0.5,1.0,1.0,1.0
7,6050,25000,0.30914732813835144,0.40917307138442993,9.99999905104687e-09,1.0,9.99999905104687e-09,9.067335327017645e-07,1.995443926716689e-05,0.00022252909548114985,0.0018606761004775763,0.014199648052453995,0.12942257523536682,0.5,1.0,1.0,1.0
7,6060,25000,0.30920079350471497,0.40915629267692566,9.99999905104687e-09,1.0,9.99999905104687e-09,9.137551728599647e-07,1.9783363313763402e-05,0.00022278986580204219,0.0018955941777676344,0.01444178819656372,0.12955555319786072,0.5,1.0,1.0,1.0
7,6070,25000,0.30913296341896057,0.4090981185436249,9.99999905104687e-09,1.0,9.99999905104687e-09,8.900385068955075e-07,2.0221457816660404e-05,0.00022246618755161762,0.0018934715772047639,0.014248346909880638,0.13049378991127014,0.5,1.0,1.0,1.0
7,6080,25000,0.3091789186000824,0.40913125872612,9.99999905104687e-09,1.0,9.99999905104687e-09,8.992499829219014e-07,2.0154124285909347e-05,0.00022451535915024579,0.0018535623094066978,0.014403756707906723,0.13148722052574158,0.5,1.0,1.0,1.0
7,6090,25000,0.309186726808548,0.4091304540634155,9.99999905104687e-09,1.0,9.99999905104687e-09,8.944371074903756e-07,2.0062667317688465e-05,0.00022342150623444468,0.001880304072983563,0.014225360006093979,0.13135550916194916,0.5,1.0,1.0,1.0
7,6100,25000,0.3091370165348053,0.40911516547203064,9.99999905104687e-09,1.0,9.99999905104687e-09,9.111378176385188e-07,2.0087214579689316e-05,0.00021920091239735484,0.0018672927981242537,0.014339722692966461,0.1304110735654831,0.5,1.0,1.0,1.0
7,6110,25000,0.3090435862541199,0.40912744402885437,9.99999905104687e-09,1.0,9.99999905104687e-09,8.977083325589774e-07,2.0042394680785947e-05,0.00022352486848831177,0.001857144059613347,0.01418969128280878,0.1297973245382309,0.5,1.0,1.0,1.0
7,6120,25000,0.30918633937835693,0.4091416895389557,9.99999905104687e-09,1.0,9.99999905104687e-09,8.848851962284243e-07,1.999726373469457e-05,0.00022067308600526303,0.001873382250778377,0.014512086287140846,0.1299712061882019,0.5,1.0,1.0,1.0
7,6130,25000,0.3091469407081604,0.4091227054595947,9.99999905104687e-09,1.0,9.99999905104687e-09,9.004942285173456e-07,2.021711588895414e-05,0.0002196298009948805,0.001864084624685347,0.014380285516381264,0.12989875674247742,0.5,1.0,1.0,1.0
7,6140,25000,0.30912497639656067,0.4091245234012604,9.99999905104687e-09,1.0,9.99999905104687e-09,9.333986668025318e-07,2.0170324205537327e-05,0.00022464878566097468,0.0018848072504624724,0.014265384525060654,0.1298745572566986,0.5,1.0,1.0,1.0
7,6150,25000,0.3091759979724884,0.4092276394367218,9.99999905104687e-09,1.0,9.99999905104687e-09,9.073237947632151e-07,2.02369992621243e-05,0.00022379288566298783,0.0018821194535121322,0.014207098633050919,0.1299213171005249,0.5,1.0,1.0,1.0
7,6160,25000,0.30916550755500793,0.4091453552246094,9.99999905104687e-09,1.0,9.99999905104687e-09,8.998404723570275e-07,1.9737790353246965e-05,0.0002188828366342932,0.0018878304399549961,0.014372747391462326,0.12956403195858002,0.5,1.0,1.0,1.0
7,6170,25000,0.3091512620449066,0.4091106951236725,9.99999905104687e-09,1.0,9.99999905104687e-09,9.038529356075742e-07,2.0133864381932653e-05,0.000218711094930768,0.0018909905338659883,0.01437334530055523,0.13042788207530975,0.5,1.0,1.0,1.0
7,6180,25000,0.3091511130332947,0.40915367007255554,9.99999905104687e-09,1.0,9.99999905104687e-09,9.144126238425088e-07,2.0021878299303353e-05,0.00022347105550579727,0.0018699050415307283,0.014266746118664742,0.13003411889076233,0.5,1.0,1.0,1.0
7,6190,25000,0.3092769384384155,0.40918442606925964,9.99999905104687e-09,1.0,9.99999905104687e-09,9.092245250030828e-07,1.975946179300081e-05,0.00022426916984841228,0.0018713733879849315,0.014458239078521729,0.12990227341651917,0.5,1.0,1.0,1.0
7,6200,25000,0.30912843346595764,0.4091535806655884,9.99999905104687e-09,1.0,9.99999905104687e-09,9.161631737697462e-07,2.0270032109692693e-05,0.00021928355272393674,0.0018750999588519335,0.014342933893203735,0.12904898822307587,0.5,1.0,1.0,1.0
7,6210,25000,0.3092389702796936,0.40911492705345154,9.99999905104687e-09,1.0,9.99999905104687e-09,9.253324719793454e-07,2.0152949218754657e-05,0.00022294178779702634,0.0018812586786225438,0.014335930347442627,0.13051378726959229,0.5,1.0,1.0,1.0
7,6220,25000,0.3091203570365906,0.40917325019836426,9.99999905104687e-09,1.0,9.99999905104687e-09,9.139601502283767e-07,2.0295517970225774e-05,0.00021913849923294038,0.0018839609110727906,0.014331711456179619,0.12961259484291077,0.5,1.0,1.0,1.0
7,6230,25000,0.3090803921222687,0.4091455936431885,9.99999905104687e-09,1.0,9.99999905104687e-09,9.120369099946402e-07,2.006941576837562e-05,0.0002190987579524517,0.0018808096647262573,0.014212604612112045,0.12910182774066925,0.5,1.0,1.0,1.0
7,6240,25000,0.3089897930622101,0.40915748476982117,9.99999905104687e-09,1.0,9.99999905104687e-09,8.931872343964642e-07,1.982991670956835e-05,0.00021831170306541026,0.0018557424191385508,0.014120555482804775,0.12806154787540436,0.5,1.0,1.0,1.0
7,6250,25000,0.3091801702976227,0.4091043472290039,9.99999905104687e-09,1.0,9.99999905104687e-09,9.111256531468825e-07,1.9842611436615698e-05,0.00022189784795045853,0.0018715414917096496,0.014361657202243805,0.13080374896526337,0.5,1.0,1.0,1.0
7,6260,25000,0.30917954444885254,0.40913835167884827,9.99999905104687e-09,1.0,9.99999905104687e-09,9.021536584441492e-07,1.9789893485722132e-05,0.00021809061581734568,0.0018638246692717075,0.014284279197454453,0.13017386198043823,0.5,1.0,1.0,1.0
7,6270,25000,0.3091880977153778,0.4092050790786743,9.99999905104687e-09,1.0,9.99999905104687e-09,9.052862992575683e-07,2.0159826817689463e-05,0.0002243113558506593,0.001903700758703053,0.014556577429175377,0.12914259731769562,0.5,1.0,1.0,1.0
7,6280,25000,0.30908048152923584,0.409133642911911,9.99999905104687e-09,1.0,9.99999905104687e-09,9.025011422636453e-07,1.9873554265359417e-05,0.00022265275765676051,0.0018927842611446977,0.014278682880103588,0.1292237639427185,0.5,1.0,1.0,1.0
7,6290,25000,0.30915457010269165,0.40917348861694336,9.99999905104687e-09,1.0,9.99999905104687e-09,9.197233907798363e-07,2.010643765970599e-05,0.00021873461082577705,0.0018620488699525595,0.014288482256233692,0.1302652359008789,0.5,1.0,1.0,1.0
7,6300,25000,0.3091481328010559,0.40909436345100403,9.99999905104687e-09,1.0,9.99999905104687e-09,8.926080568016914e-07,1.9798855646513402e-05,0.00021925184410065413,0.0018820601981133223,0.014349933713674545,0.1291012167930603,0.5,1.0,1.0,1.0
7,6310,25000,0.30912503600120544,0.4091232419013977,9.99999905104687e-09,1.0,9.99999905104687e-09,8.998913472169079e-07,1.9979648641310632e-05,0.000219445995753631,0.0018909067148342729,0.014305176213383675,0.1298639327287674,0.5,1.0,1.0,1.0
7,6320,25000,0.3091774880886078,0.4091598689556122,9.99999905104687e-09,1.0,9.99999905104687e-09,8.921513199311448e-07,2.0362967916298658e-05,0.00022033230925444514,0.001882462645880878,0.014363141730427742,0.13050583004951477,0.5,1.0,1.0,1.0
7,6330,25000,0.30914750695228577,0.40915927290916443,9.99999905104687e-09,1.0,9.99999905104687e-09,9.089483228308382e-07,1.9776196495513432e-05,0.00022100310889072716,0.0018820293480530381,0.014231010340154171,0.12923958897590637,0.5,1.0,1.0,1.0
7,6340,25000,0.30910050868988037,0.4091580808162689,9.99999905104687e-09,1.0,9.99999905104687e-09,9.018408491101582e-07,1.997900653805118e-05,0.00022051059931982309,0.0018694107420742512,0.014210648834705353,0.13004374504089355,0.5,1.0,1.0,1.0
7,6350,25000,0.30913588404655457,0.40913984179496765,9.99999905104687e-09,1.0,9.99999905104687e-09,9.104628588829655e-07,1.9964865714428015e-05,0.00022536049073096365,0.0018797538941726089,0.014356488361954689,0.12915463745594025,0.5,1.0,1.0,1.0
7,6360,25000,0.3091200590133667,0.4091096818447113,9.99999905104687e-09,1.0,9.99999905104687e-09,9.112966381508159e-07,1.9941970094805583e-05,0.00022219246602617204,0.0018836753442883492,0.01436612382531166,0.1296798586845398,0.5,1.0,1.0,1.0
7,6370,25000,0.3091721534729004,0.40908560156822205,9.99999905104687e-09,1.0,9.99999905104687e-09,9.148693038696365e-07,2.0093953935429454e-05,0.00022100932255852968,0.0018554440466687083,0.014364339411258698,0.12981866300106049,0.5,1.0,1.0,1.0
7,6380,25000,0.3091283440589905,0.4091261923313141,9.99999905104687e-09,1.0,9.99999905104687e-09,8.995492635222035e-07,2.013453013205435e-05,0.00022245892614591867,0.0018624267540872097,0.014226730912923813,0.13049852848052979,0.5,1.0,1.0,1.0
7,6390,25000,0.30905774235725403,0.40917307138442993,9.99999905104687e-09,1.0,9.99999905104687e-09,9.160960985354905e-07,2.020865213125944e-05,0.0002233394916402176,0.0018721672240644693,0.014400040730834007,0.1282486915588379,0.5,1.0,1.0,1.0
7,6400,25000,0.3090234398841858,0.4091731011867523,9.99999905104687e-09,1.0,9.99999905104687e-09,9.012568398247822e-07,2.0134184524067678e-05,0.00022090485435910523,0.0018940248992294073,0.014228245243430138,0.12872225046157837,0.5,1.0,1.0,1.0
7,6410,25000,0.3092445135116577,0.40914416313171387,9.99999905104687e-09,1.0,9.99999905104687e-09,8.893173912838392e-07,2.0317931557656266e-05,0.00022473685385193676,0.0018881462747231126,0.014361906796693802,0.12997348606586456,0.5,1.0,1.0,1.0
7,6420,25000,0.309101402759552,0.40912920236587524,9.99999905104687e-09,1.0,9.99999905104687e-09,9.110405585488479e-07,2.0346238670754246e-05,0.0002231738471891731,0.00188801612239331,0.01434347964823246,0.1301746517419815,0.5,1.0,1.0,1.0
7,6430,25000,0.309016615152359,0.4091316759586334,9.99999905104687e-09,1.0,9.99999905104687e-09,9.021342179948988e-07,2.0030856830999255e-05,0.00021869089687243104,0.001859071897342801,0.01402322854846716,0.12888877093791962,0.5,1.0,1.0,1.0
7,6440,25000,0.30904489755630493,0.40914756059646606,9.99999905104687e-09,1.0,9.99999905104687e-09,9.049107916325738e-07,1.9642344341264106e-05,0.00022143725072965026,0.0018828264437615871,0.014378482475876808,0.12982960045337677,0.5,1.0,1.0,1.0
7,6450,25000,0.3090473711490631,0.40916576981544495,9.99999905104687e-09,1.0,9.99999905104687e-09,9.217286560669891e-07,1.995264392462559e-05,0.0002189317310694605,0.0019020541803911328,0.014233019202947617,0.1285434365272522,0.5,1.0,1.0,1.0
7,6460,25000,0.3092285692691803,0.40915536880493164,9.99999905104687e-09,1.0,9.99999905104687e-09,9.268206326851214e-07,1.9944411178585142e-05,0.0002243930211989209,0.001863074954599142,0.01432508509606123,0.13086096942424774,0.5,1.0,1.0,1.0
7,6470,25000,0.3092268109321594,0.409106582403183,9.99999905104687e-09,1.0,9.99999905104687e-09,8.954190207077772e-07,1.976333987840917e-05,0.0002216495922766626,0.0018789429450407624,0.01418694294989109,0.1324794441461563,0.5,1.0,1.0,1.0
7,6480,25000,0.309188574552536,0.40914320945739746,9.99999905104687e-09,1.0,9.99999905104687e-09,9.04162163806177e-07,1.9811282982118428e-05,0.00022165130940265954,0.0019071298884227872,0.014414879493415356,0.13040520250797272,0.5,1.0,1.0,1.0
7,6490,25000,0.3091874122619629,0.4091649353504181,9.99999905104687e-09,1.0,9.99999905104687e-09,9.155938869298552e-07,1.959706423804164e-05,0.00022500535123981535,0.001904068049043417,0.014295514672994614,0.1297389417886734,0.5,1.0,1.0,1.0
7,6500,25000,0.3091772794723511,0.4091489911079407,9.99999905104687e-09,1.0,9.99999905104687e-09,8.932854598242557e-07,1.9851906472467817e-05,0.00022097802138887346,0.0018816058291122317,0.014165039174258709,0.12989158928394318,0.5,1.0,1.0,1.0
7,6510,25000,0.3091471493244171,0.40918242931365967,9.99999905104687e-09,1.0,9.99999905104687e-09,9.017293791657721e-07,2.009768650168553e-05,0.0002210788516094908,0.0018808457534760237,0.014434006065130234,0.1300261914730072,0.5,1.0,1.0,1.0
7,6520,25000,0.309154212474823,0.40917137265205383,9.99999905104687e-09,1.0,9.99999905104687e-09,8.997703844215721e-07,1.9984976461273618e-05,0.00022188638104125857,0.001879839226603508,0.014481739141047001,0.12898559868335724,0.5,1.0,1.0,1.0
7,6530,25000,0.30910319089889526,0.4091602861881256,9.99999905104687e-09,1.0,9.99999905104687e-09,8.980650818557478e-07,1.9822760805254802e-05,0.00022285898739937693,0.0018764935666695237,0.014246126636862755,0.12839102745056152,0.5,1.0,1.0,1.0
7,6540,25000,0.3090543746948242,0.40915215015411377,9.99999905104687e-09,1.0,9.99999905104687e-09,8.992253697215347e-07,2.020655847445596e-05,0.00022457125305663794,0.0018904245225712657,0.014405443333089352,0.1286686658859253,0.5,1.0,1.0,1.0
7,6550,25000,0.3090873658657074,0.40909451246261597,9.99999905104687e-09,1.0,9.99999905104687e-09,9.107890832638077e-07,2.008533920161426e-05,0.00022165884729474783,0.001875584595836699,0.014462052844464779,0.12845483422279358,0.5,1.0,1.0,1.0
7,6560,25000,0.30908769369125366,0.40916863083839417,9.99999905104687e-09,1.0,9.99999905104687e-09,8.914009868021822e-07,1.983368201763369e-05,0.00021811896294821054,0.001844370155595243,0.014385199174284935,0.12921786308288574,0.5,1.0,1.0,1.0
7,6570,25000,0.3092186748981476,0.40911293029785156,9.99999905104687e-09,1.0,9.99999905104687e-09,8.945625040723826e-07,1.9957597032771446e-05,0.00022007552615832537,0.0018692603334784508,0.014338521286845207,0.13066723942756653,0.5,1.0,1.0,1.0
7,6580,25000,0.3091404139995575,0.40914687514305115,9.99999905104687e-09,1.0,9.99999905104687e-09,9.040913369062764e-07,1.991819044633303e-05,0.00021844165166839957,0.0018598256865516305,0.014422262087464333,0.12997806072235107,0.5,1.0,1.0,1.0
7,6590,25000,0.30917954444885254,0.40912556648254395,9.99999905104687e-09,1.0,9.99999905104687e-09,9.081433063329314e-07,2.0362222130643204e-05,0.00022250610345508903,0.001862314878962934,0.014218756929039955,0.13037362694740295,0.5,1.0,1.0,1.0
7,6600,25000,0.30915170907974243,0.40915051102638245,9.99999905104687e-09,1.0,9.99999905104687e-09,8.916903766476025e-07,2.0183313608868048e-05,0.00022158632054924965,0.0018459921702742577,0.014274820685386658,0.13042937219142914,0.5,1.0,1.0,1.0
7,6610,25000,0.309192419052124,0.4091777801513672,9.99999905104687e-09,1.0,9.99999905104687e-09,9.093388939618308e-07,1.9910237824660726e-05,0.00022059060574974865,0.0018667594995349646,0.014302290044724941,0.12944622337818146,0.5,1.0,1.0,1.0
7,6620,25000,0.3090893626213074,0.409150630235672,9.99999905104687e-09,1.0,9.99999905104687e-09,9.087157764042786e-07,2.033511373156216e-05,0.0002253594429930672,0.0018767922883853316,0.014253322035074234,0.13015611469745636,0.5,1.0,1.0,1.0
7,6630,25000,0.30913886427879333,0.4091733992099762,9.99999905104687e-09,1.0,9.99999905104687e-09,8.887838589544117e-07,1.9741282812901773e-05,0.0002222600014647469,0.0018551411340013146,0.014329446479678154,0.12994413077831268,0.5,1.0,1.0,1.0
7,6640,25000,0.309109091758728,0.4091537296772003,9.99999905104687e-09,1.0,9.99999905104687e-09,9.157211025012657e-07,2.022117951128166e-05,0.00021885905880481005,0.0018696105107665062,0.01426970586180687,0.1300431191921234,0.5,1.0,1.0,1.0
7,6650,25000,0.30910393595695496,0.40914052724838257,9.99999905104687e-09,1.0,9.99999905104687e-09,9.044215403264388e-07,1.9939650883316062e-05,0.0002211800601799041,0.0018476673867553473,0.014343081042170525,0.13015826046466827,0.5,1.0,1.0,1.0
7,6660,25000,0.309063583612442,0.40913495421409607,9.99999905104687e-09,1.0,9.99999905104687e-09,9.002612273434352e-07,1.986765164474491e-05,0.0002200676390202716,0.001875926274806261,0.014135178178548813,0.12939324975013733,0.5,1.0,1.0,1.0
7,6670,25000,0.30909931659698486,0.40908780694007874,9.99999905104687e-09,1.0,9.99999905104687e-09,9.050534117704956e-07,1.984354094020091e-05,0.0002241140609839931,0.0018568456871435046,0.01433192752301693,0.12845413386821747,0.5,1.0,1.0,1.0
7,6680,25000,0.3091210424900055,0.4091671407222748,9.99999905104687e-09,1.0,9.99999905104687e-09,8.928672059482778e-07,1.9850886019412428e-05,0.0002207504294347018,0.0018675358733162284,0.014345208182930946,0.12953883409500122,0.5,1.0,1.0,1.0
7,6690,25000,0.3091670274734497,0.4091506898403168,9.99999905104687e-09,1.0,9.99999905104687e-09,8.92907962679601e-07,2.0057916117366403e-05,0.00022058066679164767,0.0018957772990688682,0.014418261125683784,0.12998193502426147,0.5,1.0,1.0,1.0
7,6700,25000,0.30915531516075134,0.40914028882980347,9.99999905104687e-09,1.0,9.99999905104687e-09,8.986798434307275e-07,1.9663140847114846e-05,0.00022059428738430142,0.0018840981647372246,0.014359190128743649,0.1305030882358551,0.5,1.0,1.0,1.0
7,6710,25000,0.30920538306236267,0.4091416001319885,9.99999905104687e-09,1.0,9.99999905104687e-09,8.973806302492449e-07,2.005231181101408e-05,0.00021917249250691384,0.0018408345058560371,0.014308711513876915,0.12993037700653076,0.5,1.0,1.0,1.0
7,6720,25000,0.309146910905838,0.4091304540634155,9.99999905104687e-09,1.0,9.99999905104687e-09,9.298625514020387e-07,1.9786184566328302e-05,0.0002190387313021347,0.0018813034985214472,0.014485815539956093,0.12925295531749725,0.5,1.0,1.0,1.0
7,6730,25000,0.3091593086719513,0.40916889905929565,9.99999905104687e-09,1.0,9.99999905104687e-09,8.95240646059392e-07,2.0062150724697858e-05,0.00022061831259634346,0.0018260678043588996,0.014304268173873425,0.1299668401479721,0.5,1.0,1.0,1.0
7,6740,25000,0.30917394161224365,0.4091868996620178,9.99999905104687e-09,1.0,9.99999905104687e-09,9.087468129109766e-07,2.0268489606678486e-05,0.00022381792950909585,0.0018719388172030449,0.014481628313660622,0.12975116074085236,0.5,1.0,1.0,1.0
7,6750,25000,0.30914735794067383,0.4091913104057312,9.99999905104687e-09,1.0,9.99999905104687e-09,9.111508347814379e-07,1.9929228074033745e-05,0.00021858216496184468,0.0018614146392792463,0.014343136921525002,0.13008025288581848,0.5,1.0,1.0,1.0
7,6760,25000,0.3091851770877838,0.4091792404651642,9.99999905104687e-09,1.0,9.99999905104687e-09,9.021836717693077e-07,2.0153704099357128e-05,0.0002212417166447267,0.0018600319745019078,0.014493601396679878,0.12867805361747742,0.5,1.0,1.0,1.0
7,6770,25000,0.3091614246368408,0.409174382686615,9.99999905104687e-09,1.0,9.99999905104687e-09,9.11455856567045e-07,2.0246819985914044e-05,0.0002241800830233842,0.0019113750895485282,0.014434139244258404,0.1287277340888977,0.5,1.0,1.0,1.0
7,6780,25000,0.30917850136756897,0.40917956829071045,9.99999905104687e-09,1.0,9.99999905104687e-09,9.002384899758908e-07,1.973465441551525e-05,0.0002244697097921744,0.0018614663276821375,0.014268224127590656,0.1290634721517563,0.5,1.0,1.0,1.0
7,6790,25000,0.30916157364845276,0.40917810797691345,9.99999905104687e-09,1.0,9.99999905104687e-09,9.041584121405322e-07,1.9983113816124387e-05,0.00022403303592000157,0.0019064920488744974,0.01436433382332325,0.12783585488796234,0.5,1.0,1.0,1.0
7,6800,25000,0.3091185390949249,0.4091329872608185,9.99999905104687e-09,1.0,9.99999905104687e-09,9.087318630918162e-07,2.022246553678997e-05,0.00021984937484376132,0.001863956800661981,0.014348439872264862,0.13013985753059387,0.5,1.0,1.0,1.0
7,6810,25000,0.3091790974140167,0.40917205810546875,9.99999905104687e-09,1.0,9.99999905104687e-09,9.094259212361067e-07,1.97659719560761e-05,0.000223860377445817,0.0018730803858488798,0.014491468667984009,0.13035710155963898,0.5,1.0,1.0,1.0
7,6820,25000,0.30925342440605164,0.4091890752315521,9.99999905104687e-09,1.0,9.99999905104687e-09,9.159700198324572e-07,2.005265196203254e-05,0.0002182341122534126,0.0018868809565901756,0.014371387660503387,0.13121768832206726,0.5,1.0,1.0,1.0
7,6830,25000,0.3091942369937897,0.4091763198375702,9.99999905104687e-09,1.0,9.99999905104687e-09,8.949100447352976e-07,2.0088131350348704e-05,0.00022159195214044303,0.0018536472925916314,0.014187641441822052,0.1309429109096527,0.5,1.0,1.0,1.0
7,6840,25000,0.3092198669910431,0.40911078453063965,9.99999905104687e-09,1.0,9.99999905104687e-09,8.964890412244131e-07,2.0032579413964413e-05,0.00022038524912204593,0.0018938665743917227,0.014320768415927887,0.13042069971561432,0.5,1.0,1.0,1.0
7,6850,25000,0.30911558866500854,0.4092157185077667,9.99999905104687e-09,1.0,9.99999905104687e-09,8.943486022872094e-07,2.0176217731204815e-05,0.00022069193073548377,0.0018814889481291175,0.014231843873858452,0.1282743215560913,0.5,1.0,1.0,1.0
7,6860,25000,0.3092084527015686,0.40912681818008423,9.99999905104687e-09,1.0,9.99999905104687e-09,9.097834094973223e-07,2.0132860299781896e-05,0.0002237817388959229,0.0018744256813079119,0.01428290270268917,0.13078616559505463,0.5,1.0,1.0,1.0
7,6870,25000,0.30906230211257935,0.40910977125167847,9.99999905104687e-09,1.0,9.99999905104687e-09,9.173147077490285e-07,1.9622799300123006e-05,0.00022032299602869898,0.0018917726119980216,0.014249765314161777,0.13009239733219147,0.5,1.0,1.0,1.0
7,6880,25000,0.3091597259044647,0.4091680347919464,9.99999905104687e-09,1.0,9.99999905104687e-09,9.122485948864778e-07,1.9860764950863086e-05,0.00021893600933253765,0.0018354089697822928,0.014068592339754105,0.12994080781936646,0.5,1.0,1.0,1.0
7,6890,25000,0.3091783821582794,0.4092012345790863,9.99999905104687e-09,1.0,9.99999905104687e-09,9.286018212151248e-07,2.0107903765165247e-05,0.00022308046754915267,0.001879223040305078,0.01441807858645916,0.12969624996185303,0.5,1.0,1.0,1.0
7,6900,25000,0.30913951992988586,0.40918996930122375,9.99999905104687e-09,1.0,9.99999905104687e-09,9.041112889462966e-07,2.00500144273974e-05,0.0002187813661294058,0.0018790147732943296,0.014366097748279572,0.12849600613117218,0.5,1.0,1.0,1.0
7,6910,25000,0.3092326521873474,0.4091549217700958,9.99999905104687e-09,1.0,9.99999905104687e-09,9.064755772669741e-07,2.0243138351361267e-05,0.00022202216496225446,0.0018701574299484491,0.014451302587985992,0.13097764551639557,0.5,1.0,1.0,1.0
7,6920,25000,0.3092415928840637,0.4091589152812958,9.99999905104687e-09,1.0,9.99999905104687e-09,9.079399205802474e-07,1.9919210899388418e-05,0.00022141801309771836,0.0018885763129219413,0.014420313760638237,0.1306191235780716,0.5,1.0,1.0,1.0
7,6930,25000,0.30914756655693054,0.409159392118454,9.99999905104687e-09,1.0,9.99999905104687e-09,9.183248721456039e-07,2.033030250458978e-05,0.00021968570945318788,0.0018708895659074187,0.014142371714115143,0.1302669197320938,0.5,1.0,1.0,1.0
7,6940,25000,0.309182345867157,0.4091298580169678,9.99999905104687e-09,1.0,9.99999905104687e-09,9.06226944152877e-07,1.9725797756109387e-05,0.00022146983246784657,0.0018732358003035188,0.014245456084609032,0.1302553415298462,0.5,1.0,1.0,1.0
7,6950,25000,0.30912497639656067,0.4091137945652008,9.99999905104687e-09,1.0,9.99999905104687e-09,9.128855253948132e-07,1.9788560166489333e-05,0.00022042487398721278,0.001884771161712706,0.014457203447818756,0.12942270934581757,0.5,1.0,1.0,1.0
7,6960,25000,0.3090215027332306,0.4091336131095886,9.99999905104687e-09,1.0,9.99999905104687e-09,9.127272733167047e-07,2.0104374925722368e-05,0.00022214464843273163,0.001886053360067308,0.014247938990592957,0.13009163737297058,0.5,1.0,1.0,1.0
7,6970,25000,0.30911019444465637,0.40912288427352905,9.99999905104687e-09,1.0,9.99999905104687e-09,8.96551966889092e-07,1.9841430912492797e-05,0.00022063564392738044,0.0018663429655134678,0.014297408983111382,0.12958136200904846,0.5,1.0,1.0,1.0
7,6980,25000,0.3091345727443695,0.4091435670852661,9.99999905104687e-09,1.0,9.99999905104687e-09,9.088506658372353e-07,1.996214450628031e-05,0.0002222425682703033,0.0018782266415655613,0.014248945750296116,0.12895172834396362,0.5,1.0,1.0,1.0
7,6990,25000,0.309142142534256,0.40914133191108704,9.99999905104687e-09,1.0,9.99999905104687e-09,9.076908327187994e-07,2.0449626390472986e-05,0.0002231154212495312,0.0018936886917799711,0.014301186427474022,0.1291397362947464,0.5,1.0,1.0,1.0
7,7000,25000,0.30921098589897156,0.40913692116737366,9.99999905104687e-09,1.0,9.99999905104687e-09,8.877332220436074e-07,1.9963188606197946e-05,0.00021984435443300754,0.0018756575882434845,0.014506937935948372,0.13006725907325745,0.5,1.0,1.0,1.0
