step,epoch,n_refreshed,mean,std,min,max,q00,q10,q20,q30,q40,q50,q60,q70,q80,q90,q100
0,0,,0.524504542350769,0.09476616978645325,0.5,1.0,0.5,0.5,0.5,0.5,0.5,0.5,0.5,0.5,0.5,0.5099999904632568,1.0
0,10,25000,0.21482963860034943,0.2579992413520813,0.0022897962480783463,1.0,0.0022897962480783463,0.007783651817589998,0.014940614812076092,0.028614675626158714,0.05364694073796272,0.09510870277881622,0.15756875276565552,0.2568579316139221,0.5,0.5,1.0
0,20,25000,0.214839369058609,0.25814884901046753,0.0023738264571875334,1.0,0.0023738264571875334,0.007781804073601961,0.014924825169146061,0.028608661144971848,0.0535147562623024,0.094974085688591,0.15787577629089355,0.2562023997306824,0.5,0.5,1.0
0,30,25000,0.21489231288433075,0.25824567675590515,0.0023783869110047817,1.0,0.0023783869110047817,0.0077704209834337234,0.014886927790939808,0.0284966342151165,0.053302254527807236,0.09527510404586792,0.15725666284561157,0.25636550784111023,0.5,0.5,1.0
0,40,25000,0.21482588350772858,0.2581186592578888,0.0023054825142025948,1.0,0.0023054825142025948,0.007800110150128603,0.014858868904411793,0.02856490947306156,0.05360665172338486,0.09499743580818176,0.15831051766872406,0.25631770491600037,0.5,0.5,1.0
0,50,25000,0.21491023898124695,0.25821906328201294,0.002272065030410886,1.0,0.002272065030410886,0.007760697044432163,0.014907016418874264,0.02859044261276722,0.05362996459007263,0.09517271816730499,0.15746867656707764,0.25629785656929016,0.5,0.5,1.0
0,60,25000,0.21494880318641663,0.2582502067089081,0.0022158613428473473,1.0,0.0022158613428473473,0.007768430281430483,0.01490793563425541,0.028525544330477715,0.05367200821638107,0.09508149325847626,0.15780429542064667,0.255784273147583,0.5,0.5,1.0
0,70,25000,0.21477662026882172,0.2581557333469391,0.002298964885994792,1.0,0.002298964885994792,0.007783934939652681,0.014858512207865715,0.02861943654716015,0.053450651466846466,0.09517884254455566,0.15747509896755219,0.2554437816143036,0.5,0.5,1.0
0,80,25000,0.21484658122062683,0.25814807415008545,0.0024475809186697006,1.0,0.0024475809186697006,0.007808921858668327,0.01491750217974186,0.028551848605275154,0.05364483967423439,0.09498259425163269,0.1574396789073944,0.2561512291431427,0.5,0.5,1.0
0,90,25000,0.21481549739837646,0.25808900594711304,0.00204999977722764,1.0,0.00204999977722764,0.007796444930136204,0.014909748919308186,0.028613002970814705,0.05347881838679314,0.0953034907579422,0.15831270813941956,0.256488174200058,0.5,0.5,1.0
0,100,25000,0.21483168005943298,0.2582043707370758,0.0023529473692178726,1.0,0.0023529473692178726,0.007777420803904533,0.014897235669195652,0.02857813611626625,0.053362831473350525,0.09532755613327026,0.15743976831436157,0.2555354833602905,0.5,0.5,1.0
0,110,25000,0.21491830050945282,0.2580901086330414,0.0023802826181054115,1.0,0.0023802826181054115,0.007784249261021614,0.01493825949728489,0.028593705967068672,0.05364337936043739,0.09524216502904892,0.1574634164571762,0.2568742036819458,0.5,0.5,1.0
0,120,25000,0.2149251252412796,0.2582024037837982,0.0022447463124990463,1.0,0.0022447463124990463,0.007758357562124729,0.014927137643098831,0.0286346897482872,0.053543321788311005,0.09549269080162048,0.15764416754245758,0.25604820251464844,0.5,0.5,1.0
0,130,25000,0.2152494639158249,0.25924810767173767,0.0024060567375272512,1.0,0.0024060567375272512,0.007759797852486372,0.01497013121843338,0.028580468147993088,0.05335429310798645,0.09534990787506104,0.15758180618286133,0.2559971213340759,0.5,0.5,1.0
0,140,25000,0.21589644253253937,0.26090002059936523,0.0020169278141111135,1.0,0.0020169278141111135,0.007796354126185179,0.014925551600754261,0.02865036390721798,0.053595591336488724,0.0952393114566803,0.15774552524089813,0.2563164532184601,0.5,0.5,1.0
0,150,25000,0.21639616787433624,0.2625793218612671,0.002242893911898136,1.0,0.002242893911898136,0.00777425616979599,0.014917721040546894,0.028564997017383575,0.053438786417245865,0.09526550769805908,0.15709015727043152,0.25628751516342163,0.5,0.5,1.0
0,160,25000,0.2167631983757019,0.26355084776878357,0.0023123444989323616,1.0,0.0023123444989323616,0.007791407406330109,0.014872001484036446,0.0285929124802351,0.05371906980872154,0.0951182097196579,0.15764914453029633,0.2564387619495392,0.5,0.5,1.0
0,170,25000,0.21697993576526642,0.26405420899391174,0.0024292331654578447,1.0,0.0024292331654578447,0.0077383569441735744,0.014876719564199448,0.02860855683684349,0.05359673127532005,0.09519928693771362,0.15764950215816498,0.25611212849617004,0.5,0.5,1.0
0,180,25000,0.21682637929916382,0.2638775408267975,0.0024502247106283903,1.0,0.0024502247106283903,0.007774184457957745,0.014901840128004551,0.028656966984272003,0.053501542657613754,0.0950988233089447,0.15719839930534363,0.255961537361145,0.5,0.5,1.0
0,190,25000,0.21678541600704193,0.2636691629886627,0.002374053932726383,1.0,0.002374053932726383,0.007792443502694368,0.014914339408278465,0.028474582359194756,0.053413305431604385,0.09515712410211563,0.1580302119255066,0.2561519145965576,0.5,0.5,1.0
0,200,25000,0.21686209738254547,0.2636925280094147,0.0023857641499489546,1.0,0.0023857641499489546,0.007780056446790695,0.014946033246815205,0.028591936454176903,0.0534106008708477,0.09503883123397827,0.15785109996795654,0.2568416893482208,0.5,0.5,1.0
0,210,25000,0.21684522926807404,0.2637467384338379,0.0021576490253210068,1.0,0.0021576490253210068,0.007789856754243374,0.014934951439499855,0.02868075482547283,0.05329134687781334,0.09524856507778168,0.1574525088071823,0.25621116161346436,0.5,0.5,1.0
0,220,25000,0.21689946949481964,0.26380521059036255,0.0023376084864139557,1.0,0.0023376084864139557,0.007767039351165295,0.014878529123961926,0.028680384159088135,0.05362433195114136,0.09494468569755554,0.15806043148040771,0.25607624650001526,0.5,0.5,1.0
0,230,25000,0.21676981449127197,0.26368045806884766,0.0023495079949498177,1.0,0.0023495079949498177,0.007771696895360947,0.01489197090268135,0.028613895177841187,0.053310636430978775,0.09520673006772995,0.15751712024211884,0.2558737099170685,0.5,0.5,1.0
0,240,25000,0.21694782376289368,0.26390865445137024,0.0024669307749718428,1.0,0.0024669307749718428,0.007776594255119562,0.014921711757779121,0.02864733524620533,0.05353568494319916,0.09528447687625885,0.15755602717399597,0.25719723105430603,0.5,0.5,1.0
0,250,25000,0.21679140627384186,0.26386916637420654,0.00209600361995399,1.0,0.00209600361995399,0.007764245383441448,0.014945831149816513,0.028517069295048714,0.05341088026762009,0.09520655870437622,0.15708321332931519,0.255515456199646,0.5,0.5,1.0
0,260,25000,0.2169976383447647,0.2639724314212799,0.0022828062064945698,1.0,0.0022828062064945698,0.007772531360387802,0.014931636862456799,0.02866213209927082,0.05354801192879677,0.09553450345993042,0.15770500898361206,0.2568387985229492,0.5,0.5,1.0
0,270,25000,0.21691781282424927,0.2640494406223297,0.0023552384227514267,1.0,0.0023552384227514267,0.007805495522916317,0.014874235726892948,0.02858804538846016,0.053437620401382446,0.0949445366859436,0.1578269749879837,0.2557026743888855,0.5,0.5,1.0
0,280,25000,0.21694636344909668,0.26413124799728394,0.0025915992446243763,1.0,0.0025915992446243763,0.007771951146423817,0.014911140315234661,0.028598351404070854,0.05354011431336403,0.09505373239517212,0.15812547504901886,0.2557692527770996,0.5,0.5,1.0
0,290,25000,0.2169925570487976,0.2642119824886322,0.002253697020933032,1.0,0.002253697020933032,0.0077585563994944096,0.014908025972545147,0.02862454019486904,0.053425926715135574,0.09512269496917725,0.15775148570537567,0.25614064931869507,0.5,0.5,1.0
0,300,25000,0.21709060668945312,0.26436424255371094,0.002240397734567523,1.0,0.002240397734567523,0.0077939145267009735,0.014890577644109726,0.028600309044122696,0.053582437336444855,0.09499306231737137,0.15787704288959503,0.2562844753265381,0.5,0.5,1.0
0,310,25000,0.21712909638881683,0.26444122195243835,0.0022445153445005417,1.0,0.0022445153445005417,0.0077904933132231236,0.01484596822410822,0.02866465412080288,0.053439751267433167,0.09513546526432037,0.15778867900371552,0.2565564811229706,0.5,0.5,1.0
0,320,25000,0.2171408236026764,0.2645667791366577,0.0021003917790949345,1.0,0.0021003917790949345,0.007770191878080368,0.0148845873773098,0.02862056903541088,0.05343696102499962,0.09529489278793335,0.15798485279083252,0.25578558444976807,0.5,0.5,1.0
0,330,25000,0.21716034412384033,0.26462361216545105,0.0023823122028261423,1.0,0.0023823122028261423,0.00778281781822443,0.01490312535315752,0.028638476505875587,0.05351955071091652,0.09506326913833618,0.15742157399654388,0.25633490085601807,0.5,0.5,1.0
0,340,25000,0.2172164022922516,0.26468130946159363,0.002418200019747019,1.0,0.002418200019747019,0.007764005567878485,0.014906779862940311,0.02857443504035473,0.05364570766687393,0.09539017081260681,0.15785519778728485,0.2561182677745819,0.5,0.5,1.0
0,350,25000,0.21720656752586365,0.2647518813610077,0.002372946124523878,1.0,0.002372946124523878,0.007824365980923176,0.01487554982304573,0.02857890911400318,0.053429506719112396,0.09508763998746872,0.1573658138513565,0.25620612502098083,0.5,0.5,1.0
0,360,25000,0.2172325849533081,0.26476797461509705,0.0019841347821056843,1.0,0.0019841347821056843,0.007799760438501835,0.014892127364873886,0.028653107583522797,0.05347670987248421,0.0947800800204277,0.1577981561422348,0.2563559412956238,0.5,0.5,1.0
0,370,25000,0.21724574267864227,0.26489487290382385,0.002134855603799224,1.0,0.002134855603799224,0.007750623859465122,0.014889732003211975,0.028678826987743378,0.05360592529177666,0.09502280503511429,0.15727341175079346,0.2559758126735687,0.5,0.5,1.0
0,380,25000,0.21724958717823029,0.26496052742004395,0.00249664019793272,1.0,0.00249664019793272,0.007772000972181559,0.014934366568922997,0.028688784688711166,0.05348255857825279,0.09527067840099335,0.15763062238693237,0.25638139247894287,0.5,0.5,1.0
0,390,25000,0.21732637286186218,0.2651415169239044,0.0021770598832517862,1.0,0.0021770598832517862,0.007750071119517088,0.01488004345446825,0.028645796701312065,0.0532928891479969,0.09512805193662643,0.15740790963172913,0.25654006004333496,0.5,0.5,1.0
0,400,25000,0.2173311412334442,0.26499876379966736,0.002421444049105048,1.0,0.002421444049105048,0.0077962446957826614,0.014933868311345577,0.02864648960530758,0.053484268486499786,0.09489737451076508,0.15740476548671722,0.2566651403903961,0.5,0.5,1.0
0,410,25000,0.21738341450691223,0.2651393413543701,0.002131546614691615,1.0,0.002131546614691615,0.00776965357363224,0.014905971474945545,0.02865688130259514,0.05357122793793678,0.09545136988162994,0.15766149759292603,0.2559199035167694,0.5,0.5,1.0
0,420,25000,0.2173142284154892,0.2650679349899292,0.002054274082183838,1.0,0.002054274082183838,0.007763990201056004,0.014909886755049229,0.028640173375606537,0.05347204953432083,0.09507147967815399,0.15770532190799713,0.2565946578979492,0.5,0.5,1.0
0,430,25000,0.21738581359386444,0.26510605216026306,0.0023749505635350943,1.0,0.0023749505635350943,0.007777844555675983,0.01492347102612257,0.028659461066126823,0.0535726472735405,0.09504476189613342,0.15757793188095093,0.25669345259666443,0.5,0.5,1.0
0,440,25000,0.21737724542617798,0.26515430212020874,0.0020969456527382135,1.0,0.0020969456527382135,0.007785451132804155,0.014910522848367691,0.0285770446062088,0.05358758941292763,0.09498562663793564,0.1571459174156189,0.2567681670188904,0.5,0.5,1.0
0,450,25000,0.2174249142408371,0.26528075337409973,0.0022411844693124294,1.0,0.0022411844693124294,0.007777873892337084,0.01487909909337759,0.02859625406563282,0.05326313525438309,0.09512647986412048,0.15756233036518097,0.255840003490448,0.5,0.5,1.0
0,460,25000,0.2173682302236557,0.26521992683410645,0.0023288142401725054,1.0,0.0023288142401725054,0.007785568479448557,0.014928895980119705,0.028589913621544838,0.05339629575610161,0.09510926902294159,0.157566100358963,0.2564219832420349,0.5,0.5,1.0
0,470,25000,0.21741510927677155,0.26521193981170654,0.0020932741463184357,1.0,0.0020932741463184357,0.007790027651935816,0.014865636825561523,0.028590423986315727,0.05348328500986099,0.09492890536785126,0.1575286090373993,0.2560356855392456,0.5,0.5,1.0
0,480,25000,0.21743038296699524,0.2652599513530731,0.002353693824261427,1.0,0.002353693824261427,0.007784976623952389,0.014929733239114285,0.028570562601089478,0.05356733128428459,0.09517697989940643,0.1576148122549057,0.25612977147102356,0.5,0.5,1.0
0,490,25000,0.217453271150589,0.2652260363101959,0.0022411567624658346,1.0,0.0022411567624658346,0.0077923620119690895,0.01494170818477869,0.028606515377759933,0.05352473258972168,0.09557969868183136,0.1574346274137497,0.25621524453163147,0.5,0.5,1.0
0,500,25000,0.217420756816864,0.26528921723365784,0.002103714505210519,1.0,0.002103714505210519,0.007797603029757738,0.01489534042775631,0.028636230155825615,0.05338238924741745,0.09506101906299591,0.158219113945961,0.25645992159843445,0.5,0.5,1.0
0,510,25000,0.21731658279895782,0.265198290348053,0.002344086766242981,1.0,0.002344086766242981,0.007789699360728264,0.014839994721114635,0.028447821736335754,0.05353177711367607,0.09517614543437958,0.15785449743270874,0.25609928369522095,0.5,0.5,1.0
0,520,25000,0.21746301651000977,0.2652803361415863,0.0023606130853295326,1.0,0.0023606130853295326,0.007770764175802469,0.01494059432297945,0.0285692997276783,0.0533733032643795,0.09524822235107422,0.15771344304084778,0.2563772201538086,0.5,0.5,1.0
0,530,25000,0.21739055216312408,0.26525601744651794,0.0023063947446644306,1.0,0.0023063947446644306,0.007785493973642588,0.014938355423510075,0.028547845780849457,0.053450003266334534,0.09535584598779678,0.15706084668636322,0.2573561668395996,0.5,0.5,1.0
0,540,25000,0.21744348108768463,0.2653856575489044,0.0024495688267052174,1.0,0.0024495688267052174,0.00779756810516119,0.014928175136446953,0.028617648407816887,0.05337109789252281,0.09534870088100433,0.15807314217090607,0.2557077705860138,0.5,0.5,1.0
0,550,25000,0.21735632419586182,0.26529765129089355,0.002293506171554327,1.0,0.002293506171554327,0.007758160587400198,0.014908717945218086,0.028537336736917496,0.053541142493486404,0.09536624699831009,0.15793505311012268,0.25520050525665283,0.5,0.5,1.0
0,560,25000,0.2174374759197235,0.2653033435344696,0.0021396439988166094,1.0,0.0021396439988166094,0.007786884903907776,0.014864754863083363,0.028538357466459274,0.053616851568222046,0.09513339400291443,0.15780746936798096,0.2560327649116516,0.5,0.5,1.0
0,570,25000,0.21740132570266724,0.26529815793037415,0.00240189372561872,1.0,0.00240189372561872,0.007791400421410799,0.0148864621296525,0.028580741956830025,0.0532265305519104,0.09509912133216858,0.15805873274803162,0.25700893998146057,0.5,0.5,1.0
0,580,25000,0.21744640171527863,0.26532185077667236,0.0023371465504169464,1.0,0.0023371465504169464,0.007778924889862537,0.014941026456654072,0.02849334292113781,0.0535636804997921,0.09530527144670486,0.15803687274456024,0.2560696601867676,0.5,0.5,1.0
0,590,25000,0.21741867065429688,0.2653617858886719,0.00209858943708241,1.0,0.00209858943708241,0.007792941760271788,0.014893602579832077,0.028746243566274643,0.053440503776073456,0.09513438493013382,0.15755750238895416,0.2563931941986084,0.5,0.5,1.0
0,600,25000,0.21744182705879211,0.26539933681488037,0.0022680165711790323,1.0,0.0022680165711790323,0.0077999853529036045,0.014923756010830402,0.028529828414320946,0.05351491644978523,0.09507889300584793,0.1575876772403717,0.2556755542755127,0.5,0.5,1.0
0,610,25000,0.21748273074626923,0.26543402671813965,0.0023170087952166796,1.0,0.0023170087952166796,0.007753149140626192,0.01488732174038887,0.02867846004664898,0.05354028940200806,0.0951504111289978,0.15760043263435364,0.25684159994125366,0.5,0.5,1.0
0,620,25000,0.21744032204151154,0.2653675973415375,0.002470735926181078,1.0,0.002470735926181078,0.007779087405651808,0.01492197997868061,0.02857738547027111,0.053504157811403275,0.09527698159217834,0.15765289962291718,0.25599172711372375,0.5,0.5,1.0
0,630,25000,0.21753720939159393,0.2654399871826172,0.0023903469555079937,1.0,0.0023903469555079937,0.007785953115671873,0.014912380836904049,0.028545336797833443,0.053427763283252716,0.0951729416847229,0.15784209966659546,0.25715139508247375,0.5,0.5,1.0
0,640,25000,0.21744659543037415,0.26539698243141174,0.0021946411579847336,1.0,0.0021946411579847336,0.007771745324134827,0.014893339946866035,0.028564387932419777,0.05362008139491081,0.09531484544277191,0.15789960324764252,0.2554754316806793,0.5,0.5,1.0
0,650,25000,0.21745483577251434,0.26537689566612244,0.00233316863887012,1.0,0.00233316863887012,0.007770202588289976,0.01492359209805727,0.028503241017460823,0.05346756428480148,0.09567536413669586,0.15759259462356567,0.2556578516960144,0.5,0.5,1.0
0,660,25000,0.21742349863052368,0.2654547393321991,0.0021637037862092257,1.0,0.0021637037862092257,0.0077719357796013355,0.014921193942427635,0.02866240032017231,0.053330469876527786,0.09508505463600159,0.15766693651676178,0.2561839520931244,0.5,0.5,1.0
0,670,25000,0.2174544334411621,0.2653963565826416,0.002420700155198574,1.0,0.002420700155198574,0.007780310232192278,0.014886587858200073,0.028603579849004745,0.05365218222141266,0.09511670470237732,0.15781459212303162,0.2562902867794037,0.5,0.5,1.0
0,680,25000,0.21744026243686676,0.26540738344192505,0.0023121535778045654,1.0,0.0023121535778045654,0.0077730328775942326,0.014882764779031277,0.02862625941634178,0.05343825742602348,0.09531436860561371,0.15744708478450775,0.2557695806026459,0.5,0.5,1.0
0,690,25000,0.21753257513046265,0.26544708013534546,0.0022893077693879604,1.0,0.0022893077693879604,0.0077756899408996105,0.014915069565176964,0.02871347963809967,0.05344970524311066,0.09523315727710724,0.15786725282669067,0.25605830550193787,0.5,0.5,1.0
0,700,25000,0.21747124195098877,0.2654067575931549,0.002411913825199008,1.0,0.002411913825199008,0.00778943533077836,0.01490993145853281,0.028607327491044998,0.0535990372300148,0.09506671875715256,0.15787185728549957,0.2560514211654663,0.5,0.5,1.0
0,710,25000,0.21743202209472656,0.26538604497909546,0.0024776055943220854,1.0,0.0024776055943220854,0.007779618725180626,0.014895661734044552,0.02864108979701996,0.05334031209349632,0.09525467455387115,0.1575118899345398,0.25624847412109375,0.5,0.5,1.0
0,720,25000,0.21751722693443298,0.26544955372810364,0.002336149802431464,1.0,0.002336149802431464,0.007777172606438398,0.014926916919648647,0.028713101521134377,0.05351036414504051,0.094990074634552,0.15763674676418304,0.256583571434021,0.5,0.5,1.0
0,730,25000,0.21750511229038239,0.2654932737350464,0.002316076075658202,1.0,0.002316076075658202,0.007789545226842165,0.014956404455006123,0.02866673469543457,0.0536685511469841,0.09522587060928345,0.15784808993339539,0.25641465187072754,0.5,0.5,1.0
0,740,25000,0.21753700077533722,0.2654684782028198,0.002289531286805868,1.0,0.002289531286805868,0.00781367626041174,0.014869244769215584,0.028630385175347328,0.05335120111703873,0.09527415037155151,0.158003568649292,0.2558995187282562,0.5,0.5,1.0
0,750,25000,0.2175733894109726,0.26559874415397644,0.0019602514803409576,1.0,0.0019602514803409576,0.007769032381474972,0.014900431036949158,0.02861354686319828,0.05340217798948288,0.09504924714565277,0.1579096019268036,0.25540441274642944,0.5,0.5,1.0
0,760,25000,0.21753720939159393,0.265548437833786,0.0021850254852324724,1.0,0.0021850254852324724,0.0077822268940508366,0.014887039549648762,0.02853131666779518,0.05347270518541336,0.09529851377010345,0.15765151381492615,0.25665467977523804,0.5,0.5,1.0
0,770,25000,0.21754266321659088,0.2655371427536011,0.002412785543128848,1.0,0.002412785543128848,0.007788549177348614,0.014850253239274025,0.028607618063688278,0.05351993069052696,0.09534873068332672,0.15763890743255615,0.25527524948120117,0.5,0.5,1.0
0,780,25000,0.21752989292144775,0.26552295684814453,0.0023190202191472054,1.0,0.0023190202191472054,0.007750831078737974,0.014937413856387138,0.028714869171380997,0.05343327671289444,0.09525123983621597,0.1577955037355423,0.2561703622341156,0.5,0.5,1.0
0,790,25000,0.21745868027210236,0.2655295729637146,0.0021010993514209986,1.0,0.0021010993514209986,0.007803048472851515,0.014889286831021309,0.02855641581118107,0.05344466120004654,0.09529447555541992,0.15797360241413116,0.255792498588562,0.5,0.5,1.0
0,800,25000,0.21754908561706543,0.2655526101589203,0.0022775791585445404,1.0,0.0022775791585445404,0.007799269165843725,0.014925598166882992,0.028668811544775963,0.053260162472724915,0.09517177939414978,0.15713071823120117,0.256226509809494,0.5,0.5,1.0
0,810,25000,0.21748137474060059,0.26552900671958923,0.002567616757005453,1.0,0.002567616757005453,0.007760212291032076,0.01491607166826725,0.028614606708288193,0.05367051437497139,0.09504853188991547,0.1577037274837494,0.25584450364112854,0.5,0.5,1.0
0,820,25000,0.21757987141609192,0.2656209468841553,0.0021794617641717196,1.0,0.0021794617641717196,0.007792741991579533,0.01485064160078764,0.028521500527858734,0.053470779210329056,0.0948481336236,0.15815624594688416,0.25597622990608215,0.5,0.5,1.0
0,830,25000,0.21755577623844147,0.2656363546848297,0.002427078550681472,1.0,0.002427078550681472,0.007796923629939556,0.01490753423422575,0.028538888320326805,0.05352901294827461,0.0953773558139801,0.15844549238681793,0.2556087076663971,0.5,0.5,1.0
0,840,25000,0.21755607426166534,0.2656324505805969,0.0024124726187437773,1.0,0.0024124726187437773,0.007762869819998741,0.01486974023282528,0.0286601260304451,0.053513649851083755,0.09534089267253876,0.15770380198955536,0.2563958466053009,0.5,0.5,1.0
0,850,25000,0.21749351918697357,0.2656228542327881,0.0020884412806481123,1.0,0.0020884412806481123,0.0077746049501001835,0.014882813207805157,0.02867645025253296,0.053561121225357056,0.09496089071035385,0.15716442465782166,0.25574079155921936,0.5,0.5,1.0
0,860,25000,0.2175329625606537,0.26570597290992737,0.0024706225376576185,1.0,0.0024706225376576185,0.007784944958984852,0.014920571818947792,0.02859633043408394,0.053262121975421906,0.09497494995594025,0.15747928619384766,0.2561517357826233,0.5,0.5,1.0
0,870,25000,0.21759375929832458,0.2656058967113495,0.0020613695960491896,1.0,0.0020613695960491896,0.007788019720464945,0.014913770370185375,0.028676791116595268,0.05376988276839256,0.09528865665197372,0.15787465870380402,0.25645431876182556,0.5,0.5,1.0
0,880,25000,0.21756277978420258,0.2656330466270447,0.002229548990726471,1.0,0.002229548990726471,0.0077996281906962395,0.014899428933858871,0.02861475758254528,0.053446851670742035,0.09498816728591919,0.15741397440433502,0.25571027398109436,0.5,0.5,1.0
0,890,25000,0.21759827435016632,0.2656945288181305,0.0022389593068510294,1.0,0.0022389593068510294,0.00779471080750227,0.014927303418517113,0.0286943931132555,0.05347442626953125,0.09506935626268387,0.1570134460926056,0.2561327815055847,0.5,0.5,1.0
0,900,25000,0.21755531430244446,0.2656174600124359,0.002359349513426423,1.0,0.002359349513426423,0.007811363320797682,0.014890856109559536,0.028593719005584717,0.05340038612484932,0.09534059464931488,0.15793876349925995,0.2566368579864502,0.5,0.5,1.0
0,910,25000,0.21748049557209015,0.26559311151504517,0.0023889446165412664,1.0,0.0023889446165412664,0.00778626324608922,0.014880400151014328,0.028577325865626335,0.05323311686515808,0.09512561559677124,0.15767474472522736,0.2561018764972687,0.5,0.5,1.0
0,920,25000,0.21749870479106903,0.26566529273986816,0.0024786419235169888,1.0,0.0024786419235169888,0.007787410635501146,0.01489019300788641,0.028629465028643608,0.05350089445710182,0.09507692605257034,0.15736442804336548,0.2558539807796478,0.5,0.5,1.0
0,930,25000,0.2175736129283905,0.2657346725463867,0.0023963165003806353,1.0,0.0023963165003806353,0.00780639098957181,0.014926653355360031,0.028546728193759918,0.0533185638487339,0.0952412337064743,0.15811696648597717,0.25646159052848816,0.5,0.5,1.0
0,940,25000,0.21764831244945526,0.26571476459503174,0.0023865588009357452,1.0,0.0023865588009357452,0.007772188168019056,0.014903401024639606,0.02858678810298443,0.053558073937892914,0.09534689784049988,0.1579888015985489,0.25581493973731995,0.5,0.5,1.0
0,950,25000,0.21748743951320648,0.26562684774398804,0.0024557295255362988,1.0,0.0024557295255362988,0.0077993376180529594,0.014888319186866283,0.02857895754277706,0.05347714200615883,0.09546878933906555,0.15769189596176147,0.2558962106704712,0.5,0.5,1.0
0,960,25000,0.21756595373153687,0.2656877934932709,0.0021693024318665266,1.0,0.0021693024318665266,0.0077616553753614426,0.014908631332218647,0.028521910309791565,0.05354270711541176,0.09532104432582855,0.1578473597764969,0.2568046450614929,0.5,0.5,1.0
0,970,25000,0.21754883229732513,0.2656650245189667,0.002336745150387287,1.0,0.002336745150387287,0.007759307511150837,0.014927659183740616,0.02862108312547207,0.05350562930107117,0.09498930722475052,0.15751947462558746,0.2561452388763428,0.5,0.5,1.0
0,980,25000,0.21747934818267822,0.2656385898590088,0.0024099103175103664,1.0,0.0024099103175103664,0.007738427724689245,0.01492107193917036,0.02866954728960991,0.053535256534814835,0.0953797996044159,0.1573248952627182,0.25536537170410156,0.5,0.5,1.0
0,990,25000,0.21752460300922394,0.265706866979599,0.0023050273302942514,1.0,0.0023050273302942514,0.007803380489349365,0.014840556308627129,0.028578350320458412,0.05352655053138733,0.09501819312572479,0.15716250240802765,0.2566435933113098,0.5,0.5,1.0
0,1000,25000,0.2176082581281662,0.26569685339927673,0.002299934858456254,1.0,0.002299934858456254,0.007802164647728205,0.014889892190694809,0.028586020693182945,0.053623683750629425,0.09508746862411499,0.1578410565853119,0.2564138174057007,0.5,0.5,1.0
0,1010,25000,0.21763469278812408,0.26570582389831543,0.00232940842397511,1.0,0.00232940842397511,0.007796980440616608,0.014858861453831196,0.028553010895848274,0.05339961498975754,0.09547123312950134,0.15756289660930634,0.25633013248443604,0.5,0.5,1.0
0,1020,25000,0.21750867366790771,0.2657416760921478,0.0025588476564735174,1.0,0.0025588476564735174,0.007756001316010952,0.014878830872476101,0.028595175594091415,0.053562913089990616,0.0949849858880043,0.15792064368724823,0.2558409571647644,0.5,0.5,1.0
0,1030,25000,0.2175586074590683,0.2656952440738678,0.00239977752789855,1.0,0.00239977752789855,0.007760330568999052,0.014957535080611706,0.028639469295740128,0.053576257079839706,0.09543853998184204,0.15744158625602722,0.2555564045906067,0.5,0.5,1.0
0,1040,25000,0.2175784856081009,0.26584523916244507,0.002375332871451974,1.0,0.002375332871451974,0.007809937000274658,0.01490787323564291,0.0286939088255167,0.05340803042054176,0.09469722211360931,0.15798701345920563,0.25606513023376465,0.5,0.5,1.0
0,1050,25000,0.21760018169879913,0.2657555937767029,0.002373515395447612,1.0,0.002373515395447612,0.007780697196722031,0.014894643798470497,0.028620097786188126,0.05335951969027519,0.09519831091165543,0.15793603658676147,0.25647202134132385,0.5,0.5,1.0
0,1060,25000,0.21761834621429443,0.265706330537796,0.0024973051622509956,1.0,0.0024973051622509956,0.0077634286135435104,0.01488702092319727,0.028650302439928055,0.053412843495607376,0.09551924467086792,0.15770837664604187,0.2558909058570862,0.5,0.5,1.0
0,1070,25000,0.2175607532262802,0.26568302512168884,0.0021608632523566484,1.0,0.0021608632523566484,0.007744424510747194,0.014893591403961182,0.02860654704272747,0.05351490527391434,0.09540188312530518,0.1576288640499115,0.25578826665878296,0.5,0.5,1.0
0,1080,25000,0.21754513680934906,0.2657175660133362,0.0022633697371929884,1.0,0.0022633697371929884,0.007768890354782343,0.014903146773576736,0.0284893736243248,0.05323611944913864,0.09537047147750854,0.1578596979379654,0.25570130348205566,0.5,0.5,1.0
0,1090,25000,0.21749846637248993,0.2657349109649658,0.002264207461848855,1.0,0.002264207461848855,0.007769496645778418,0.01486150547862053,0.028636332601308823,0.053287897258996964,0.09501326829195023,0.15802539885044098,0.2554827332496643,0.5,0.5,1.0
0,1100,25000,0.21759289503097534,0.2657497525215149,0.00216428330168128,1.0,0.00216428330168128,0.007772827986627817,0.014944680966436863,0.02859644591808319,0.05351265147328377,0.09508752822875977,0.15748585760593414,0.2566506862640381,0.5,0.5,1.0
0,1110,25000,0.2176399528980255,0.26580744981765747,0.002437665592879057,1.0,0.002437665592879057,0.007771952077746391,0.014911871403455734,0.02862933650612831,0.053441572934389114,0.09520645439624786,0.15752817690372467,0.25613275170326233,0.5,0.5,1.0
0,1120,25000,0.2175493985414505,0.26574110984802246,0.0020689405500888824,1.0,0.0020689405500888824,0.007785109803080559,0.01488763652741909,0.02864139713346958,0.05338645726442337,0.09519430994987488,0.1572897732257843,0.2549028992652893,0.5,0.5,1.0
0,1130,25000,0.21773822605609894,0.2659033238887787,0.0021695399191230536,1.0,0.0021695399191230536,0.007814425975084305,0.014908154495060444,0.028581535443663597,0.05353384464979172,0.09500355273485184,0.15759654343128204,0.2569602131843567,0.5,0.5,1.0
0,1140,25000,0.21766214072704315,0.26584818959236145,0.00242453976534307,1.0,0.00242453976534307,0.007781959604471922,0.014895976521074772,0.0285416878759861,0.0535094290971756,0.09513893723487854,0.1575552076101303,0.25550004839897156,0.5,0.5,1.0
0,1150,25000,0.21764814853668213,0.2658180892467499,0.0022631308529525995,1.0,0.0022631308529525995,0.007786278147250414,0.014925484545528889,0.028661401942372322,0.05357842147350311,0.09536882489919662,0.15802322328090668,0.25586968660354614,0.5,0.5,1.0
0,1160,25000,0.2175799012184143,0.2657332420349121,0.0023599346168339252,1.0,0.0023599346168339252,0.007791993208229542,0.01492663286626339,0.02863558940589428,0.053600139915943146,0.09519223868846893,0.15775959193706512,0.2559167742729187,0.5,0.5,1.0
0,1170,25000,0.21752001345157623,0.2656996250152588,0.002431110944598913,1.0,0.002431110944598913,0.00778541574254632,0.014924661256372929,0.028778156265616417,0.05344558134675026,0.09534423053264618,0.15730372071266174,0.255240261554718,0.5,0.5,1.0
0,1180,25000,0.21762686967849731,0.2658504843711853,0.0025578620843589306,1.0,0.0025578620843589306,0.007815302349627018,0.014893891289830208,0.02859514020383358,0.05327018350362778,0.09492581337690353,0.15745286643505096,0.2562783658504486,0.5,0.5,1.0
0,1190,25000,0.21770435571670532,0.2658053934574127,0.0023410648573189974,1.0,0.0023410648573189974,0.007755920756608248,0.01493613887578249,0.02856721170246601,0.053407758474349976,0.09544356912374496,0.15783581137657166,0.2568160891532898,0.5,0.5,1.0
0,1200,25000,0.2176375836133957,0.26583343744277954,0.0022557058837264776,1.0,0.0022557058837264776,0.007762941997498274,0.014895381405949593,0.028553670272231102,0.05320948362350464,0.09506586939096451,0.15769022703170776,0.25628572702407837,0.5,0.5,1.0
0,1210,25000,0.21758335828781128,0.2657296657562256,0.002363872714340687,1.0,0.002363872714340687,0.007760216016322374,0.014851315878331661,0.028560392558574677,0.05359121412038803,0.09541445970535278,0.1574213057756424,0.2559906542301178,0.5,0.5,1.0
0,1220,25000,0.21761250495910645,0.2657817602157593,0.0023857976775616407,1.0,0.0023857976775616407,0.00777584221214056,0.014885373413562775,0.028586970642209053,0.053604934364557266,0.09513834118843079,0.15756331384181976,0.2563561499118805,0.5,0.5,1.0
0,1230,25000,0.21760524809360504,0.2657707631587982,0.002270035445690155,1.0,0.002270035445690155,0.007801972329616547,0.01482712384313345,0.028611555695533752,0.05351489037275314,0.09507255256175995,0.15719783306121826,0.256160706281662,0.5,0.5,1.0
0,1240,25000,0.21761466562747955,0.26575255393981934,0.002451849402859807,1.0,0.002451849402859807,0.007806586101651192,0.014921627938747406,0.028613906353712082,0.05362863838672638,0.09530629217624664,0.15791772305965424,0.25562867522239685,0.5,0.5,1.0
0,1250,25000,0.2175690233707428,0.2658163905143738,0.0023141789715737104,1.0,0.0023141789715737104,0.007743199821561575,0.01496487483382225,0.02859707735478878,0.053417157381772995,0.09535789489746094,0.1571962833404541,0.2557837665081024,0.5,0.5,1.0
0,1260,25000,0.21761861443519592,0.26575207710266113,0.002423310186713934,1.0,0.002423310186713934,0.007788063492625952,0.014924826100468636,0.028565749526023865,0.05375726521015167,0.09529635310173035,0.15782617032527924,0.25596877932548523,0.5,0.5,1.0
0,1270,25000,0.21760249137878418,0.2658011019229889,0.00209365994669497,1.0,0.00209365994669497,0.0077599030919373035,0.014885259792208672,0.028609056025743484,0.05350317433476448,0.09540325403213501,0.15702758729457855,0.25562784075737,0.5,0.5,1.0
0,1280,25000,0.21758411824703217,0.26578789949417114,0.002213576575741172,1.0,0.002213576575741172,0.007765771821141243,0.014884189702570438,0.02852192521095276,0.05338672548532486,0.09519067406654358,0.15797442197799683,0.25543320178985596,0.5,0.5,1.0
0,1290,25000,0.21765628457069397,0.26585400104522705,0.0022428317461162806,1.0,0.0022428317461162806,0.007772283162921667,0.014851123094558716,0.028611721470952034,0.053771812468767166,0.09529167413711548,0.1573687493801117,0.25550544261932373,0.5,0.5,1.0
0,1300,25000,0.21763651072978973,0.265911340713501,0.002187296049669385,1.0,0.002187296049669385,0.007792756427079439,0.014868388883769512,0.02861221879720688,0.05343887582421303,0.09492944180965424,0.1573777198791504,0.2557978630065918,0.5,0.5,1.0
0,1310,25000,0.2177024930715561,0.26586535573005676,0.0023229382932186127,1.0,0.0023229382932186127,0.007785793859511614,0.014936456456780434,0.028633413836359978,0.05341847613453865,0.09483787417411804,0.15751339495182037,0.25666946172714233,0.5,0.5,1.0
0,1320,25000,0.2177467942237854,0.2659447193145752,0.0022810855880379677,1.0,0.0022810855880379677,0.007738199550658464,0.014894217252731323,0.028675781562924385,0.053489815443754196,0.09533071517944336,0.15744651854038239,0.25660744309425354,0.5,0.5,1.0
0,1330,25000,0.21763430535793304,0.2659403383731842,0.0023756511509418488,1.0,0.0023756511509418488,0.007765129674226046,0.014843150973320007,0.028647929430007935,0.053538013249635696,0.09518717229366302,0.15787345170974731,0.25574809312820435,0.5,0.5,1.0
0,1340,25000,0.21759693324565887,0.2657875120639801,0.0021335696801543236,1.0,0.0021335696801543236,0.00773566635325551,0.014914128929376602,0.028660092502832413,0.05344622582197189,0.09515650570392609,0.15740109980106354,0.2556062936782837,0.5,0.5,1.0
0,1350,25000,0.21765685081481934,0.2658262848854065,0.0021710635628551245,1.0,0.0021710635628551245,0.007773664779961109,0.01491341833025217,0.028610683977603912,0.053573522716760635,0.0952933132648468,0.15814346075057983,0.2566249966621399,0.5,0.5,1.0
0,1360,25000,0.21763959527015686,0.26592305302619934,0.0023589276243001223,1.0,0.0023589276243001223,0.0077888937667012215,0.014895114116370678,0.028606923297047615,0.0534750260412693,0.09531842172145844,0.15756359696388245,0.2555680274963379,0.5,0.5,1.0
0,1370,25000,0.21769684553146362,0.26595479249954224,0.0022184394765645266,1.0,0.0022184394765645266,0.007783824112266302,0.01493256539106369,0.028719879686832428,0.05356798321008682,0.09516088664531708,0.15773768723011017,0.2561151683330536,0.5,0.5,1.0
0,1380,25000,0.21764466166496277,0.2659423351287842,0.002228302415460348,1.0,0.002228302415460348,0.007810936775058508,0.014875762164592743,0.028605123981833458,0.05342194437980652,0.09518863260746002,0.1575700342655182,0.2557975649833679,0.5,0.5,1.0
0,1390,25000,0.21761460602283478,0.2659075856208801,0.0023951155599206686,1.0,0.0023951155599206686,0.007784795947372913,0.014893452636897564,0.02866608276963234,0.05336466804146767,0.09515701234340668,0.157626211643219,0.255241334438324,0.5,0.5,1.0
0,1400,25000,0.21752969920635223,0.2658121883869171,0.0022366561461240053,1.0,0.0022366561461240053,0.007779594045132399,0.01489634346216917,0.028611592948436737,0.053459689021110535,0.09505945444107056,0.15712013840675354,0.2556975483894348,0.5,0.5,1.0
0,1410,25000,0.21765874326229095,0.2658403217792511,0.0022582500241696835,1.0,0.0022582500241696835,0.007774899713695049,0.01490768138319254,0.02869669534265995,0.053410738706588745,0.09538552165031433,0.15771859884262085,0.2554391026496887,0.5,0.5,1.0
0,1420,25000,0.2176782637834549,0.26593711972236633,0.001956853549927473,1.0,0.001956853549927473,0.007786985021084547,0.014937108382582664,0.028584882616996765,0.05357052758336067,0.09480921924114227,0.15794113278388977,0.25636762380599976,0.5,0.5,1.0
0,1430,25000,0.2176826000213623,0.265910267829895,0.0022551962174475193,1.0,0.0022551962174475193,0.007790433708578348,0.014902092516422272,0.0284425001591444,0.05344439297914505,0.09525810182094574,0.15765884518623352,0.25654274225234985,0.5,0.5,1.0
0,1440,25000,0.21761170029640198,0.265853613615036,0.002124406863003969,1.0,0.002124406863003969,0.007776849437505007,0.01487009134143591,0.02843473106622696,0.053506724536418915,0.09480845183134079,0.15761646628379822,0.2555307447910309,0.5,0.5,1.0
0,1450,25000,0.2175999879837036,0.2657756805419922,0.0023145456798374653,1.0,0.0023145456798374653,0.007774957921355963,0.014947844669222832,0.028682410717010498,0.05319640785455704,0.0950140655040741,0.1574903130531311,0.25661247968673706,0.5,0.5,1.0
0,1460,25000,0.21759937703609467,0.26585373282432556,0.002405059989541769,1.0,0.002405059989541769,0.007795263081789017,0.014928344637155533,0.02856462262570858,0.05333931744098663,0.0953531563282013,0.15779897570610046,0.2559182047843933,0.5,0.5,1.0
0,1470,25000,0.21767589449882507,0.26592278480529785,0.0020106106530874968,1.0,0.0020106106530874968,0.007739277556538582,0.01485883817076683,0.028506210073828697,0.053651709109544754,0.09500107169151306,0.1577235907316208,0.2563517391681671,0.5,0.5,1.0
0,1480,25000,0.2176792174577713,0.26583972573280334,0.0023313311394304037,1.0,0.0023313311394304037,0.007804390974342823,0.014933560974895954,0.028560291975736618,0.05357544496655464,0.09508654475212097,0.15751497447490692,0.2563670873641968,0.5,0.5,1.0
0,1490,25000,0.21747402846813202,0.26575973629951477,0.002252772217616439,1.0,0.002252772217616439,0.007757947780191898,0.014864396303892136,0.028563961386680603,0.053179480135440826,0.09499971568584442,0.15753987431526184,0.2555365264415741,0.5,0.5,1.0
0,1500,25000,0.21777555346488953,0.26587632298469543,0.0022992179729044437,1.0,0.0022992179729044437,0.007781119551509619,0.014824516139924526,0.0285495538264513,0.053651824593544006,0.09510564059019089,0.1582605540752411,0.25677990913391113,0.5,0.5,1.0
0,1510,25000,0.21764187514781952,0.26588019728660583,0.0022898255847394466,1.0,0.0022898255847394466,0.007798678241670132,0.014914165250957012,0.028662297874689102,0.053454820066690445,0.09528769552707672,0.15788878500461578,0.25593018531799316,0.5,0.5,1.0
0,1520,25000,0.2176559418439865,0.2658904194831848,0.0022077192552387714,1.0,0.0022077192552387714,0.007810916751623154,0.014930122531950474,0.02869313582777977,0.053411729633808136,0.09486296772956848,0.15770217776298523,0.2562761604785919,0.5,0.5,1.0
0,1530,25000,0.21769584715366364,0.26587221026420593,0.0021850974299013615,1.0,0.0021850974299013615,0.00779358483850956,0.014862433075904846,0.028659550473093987,0.05367960408329964,0.09524516761302948,0.15734605491161346,0.25665801763534546,0.5,0.5,1.0
0,1540,25000,0.21774041652679443,0.2658802568912506,0.0023095260839909315,1.0,0.0023095260839909315,0.007783154491335154,0.014898605644702911,0.028560880571603775,0.05370086431503296,0.09508892893791199,0.158156156539917,0.25707149505615234,0.5,0.5,1.0
0,1550,25000,0.21768103539943695,0.2659628093242645,0.002244108123704791,1.0,0.002244108123704791,0.007802527863532305,0.014953318051993847,0.02857937663793564,0.05347433313727379,0.0951056033372879,0.1573975533246994,0.2561147212982178,0.5,0.5,1.0
0,1560,25000,0.21763302385807037,0.2659108638763428,0.002382385777309537,1.0,0.002382385777309537,0.007782268337905407,0.014860698021948338,0.028630949556827545,0.053406186401844025,0.09525835514068604,0.1577463448047638,0.2559342384338379,0.5,0.5,1.0
0,1570,25000,0.21759214997291565,0.26586952805519104,0.0025464450009167194,1.0,0.0025464450009167194,0.007749245967715979,0.014906082302331924,0.028532570227980614,0.05368967354297638,0.09511245787143707,0.15744782984256744,0.2563375234603882,0.5,0.5,1.0
0,1580,25000,0.21761097013950348,0.26586318016052246,0.002351843286305666,1.0,0.002351843286305666,0.007756256498396397,0.01486036367714405,0.02870474010705948,0.05347777158021927,0.09513328969478607,0.15756253898143768,0.25586897134780884,0.5,0.5,1.0
0,1590,25000,0.21765513718128204,0.2659614682197571,0.002202671952545643,1.0,0.002202671952545643,0.007766771595925093,0.014891229569911957,0.028558768332004547,0.05323227494955063,0.09478998929262161,0.1575600504875183,0.2559073269367218,0.5,0.5,1.0
0,1600,25000,0.217706561088562,0.26598045229911804,0.0024329449515789747,1.0,0.0024329449515789747,0.007795751094818115,0.01486237533390522,0.02861100062727928,0.05334896221756935,0.09507157653570175,0.1576749086380005,0.2563105523586273,0.5,0.5,1.0
0,1610,25000,0.21773014962673187,0.2659502923488617,0.0021989638917148113,1.0,0.0021989638917148113,0.007771675009280443,0.014943579211831093,0.02853727713227272,0.05353730544447899,0.09549818933010101,0.15749910473823547,0.2562665045261383,0.5,0.5,1.0
0,1620,25000,0.21769145131111145,0.26591286063194275,0.002509788144379854,1.0,0.002509788144379854,0.007783430628478527,0.014906925149261951,0.028571423143148422,0.05336907505989075,0.09539145976305008,0.15808607637882233,0.2561488449573517,0.5,0.5,1.0
0,1630,25000,0.21761809289455414,0.26591670513153076,0.002544507384300232,1.0,0.002544507384300232,0.00777393626049161,0.014942098408937454,0.028554879128932953,0.05354371294379234,0.09496235847473145,0.15727479755878448,0.2569141983985901,0.5,0.5,1.0
0,1640,25000,0.2177060842514038,0.2659292221069336,0.0024751636665314436,1.0,0.0024751636665314436,0.00776098994538188,0.014924375340342522,0.028449930250644684,0.05365705490112305,0.0951993316411972,0.15748907625675201,0.25581109523773193,0.5,0.5,1.0
0,1650,25000,0.21767431497573853,0.2659599483013153,0.0023543518036603928,1.0,0.0023543518036603928,0.007784562651067972,0.014849658124148846,0.028564127162098885,0.053540606051683426,0.09512589871883392,0.15780577063560486,0.2561984956264496,0.5,0.5,1.0
0,1660,25000,0.21762745082378387,0.26596057415008545,0.002288229065015912,1.0,0.002288229065015912,0.007808614056557417,0.01491184439510107,0.028582725673913956,0.05334281548857689,0.09534153342247009,0.15732795000076294,0.25592759251594543,0.5,0.5,1.0
0,1670,25000,0.21774233877658844,0.2660633623600006,0.0023625316098332405,1.0,0.0023625316098332405,0.0077377683483064175,0.014909924007952213,0.028621772304177284,0.053619060665369034,0.09504567086696625,0.15723228454589844,0.25661328434944153,0.5,0.5,1.0
0,1680,25000,0.217728853225708,0.266085684299469,0.002380683086812496,1.0,0.002380683086812496,0.007793703116476536,0.014925522729754448,0.028575103729963303,0.05352284759283066,0.0952388346195221,0.15727712213993073,0.25622865557670593,0.5,0.5,1.0
0,1690,25000,0.21764759719371796,0.2660267651081085,0.0020999533589929342,1.0,0.0020999533589929342,0.007805401459336281,0.014875516295433044,0.02866721898317337,0.05324074998497963,0.09474015235900879,0.1576455533504486,0.25589126348495483,0.5,0.5,1.0
0,1700,25000,0.21773791313171387,0.26594921946525574,0.002261233050376177,1.0,0.002261233050376177,0.007770865224301815,0.014886904507875443,0.028493965044617653,0.05364454165101051,0.09519940614700317,0.15792927145957947,0.256191223859787,0.5,0.5,1.0
0,1710,25000,0.2175980806350708,0.26588883996009827,0.0023045858833938837,1.0,0.0023045858833938837,0.007773456629365683,0.014949996024370193,0.028575720265507698,0.05335814878344536,0.09487618505954742,0.15765021741390228,0.25593456625938416,0.5,0.5,1.0
0,1720,25000,0.21761611104011536,0.26589083671569824,0.0023758301977068186,1.0,0.0023758301977068186,0.007788141258060932,0.014943234622478485,0.028654560446739197,0.05350867286324501,0.09514456242322922,0.15748433768749237,0.255854070186615,0.5,0.5,1.0
0,1730,25000,0.21769197285175323,0.26595720648765564,0.0022987385746091604,1.0,0.0022987385746091604,0.007787680719047785,0.014889026060700417,0.028678055852651596,0.05339384824037552,0.0950283408164978,0.1577262282371521,0.25648707151412964,0.5,0.5,1.0
0,1740,25000,0.21771150827407837,0.26603153347969055,0.002348212758079171,1.0,0.002348212758079171,0.007775404956191778,0.014865692704916,0.028565432876348495,0.05336091294884682,0.09505975246429443,0.1574154943227768,0.25619229674339294,0.5,0.5,1.0
0,1750,25000,0.21767857670783997,0.2659890353679657,0.002247048541903496,1.0,0.002247048541903496,0.007756855804473162,0.01485170517116785,0.028580188751220703,0.053258273750543594,0.09548337012529373,0.1577291339635849,0.2557036280632019,0.5,0.5,1.0
0,1760,25000,0.2177107036113739,0.26591819524765015,0.0025056577287614346,1.0,0.0025056577287614346,0.007784751243889332,0.01492135040462017,0.02872345969080925,0.0536993034183979,0.09491410851478577,0.15793278813362122,0.2559104859828949,0.5,0.5,1.0
0,1770,25000,0.21768935024738312,0.2660118639469147,0.0023185722529888153,1.0,0.0023185722529888153,0.007791703566908836,0.014845477417111397,0.028574263677001,0.05343420431017876,0.09523376077413559,0.15756244957447052,0.2571820020675659,0.5,0.5,1.0
0,1780,25000,0.21765536069869995,0.2660157382488251,0.002297184197232127,1.0,0.002297184197232127,0.00779004069045186,0.014922316186130047,0.028692055493593216,0.05323091521859169,0.09517182409763336,0.15711559355258942,0.25515419244766235,0.5,0.5,1.0
0,1790,25000,0.2177146077156067,0.2659270763397217,0.0025340779684484005,1.0,0.0025340779684484005,0.007790533360093832,0.014911714941263199,0.028698118403553963,0.05351486802101135,0.09496444463729858,0.15801957249641418,0.2557072937488556,0.5,0.5,1.0
0,1800,25000,0.2177271544933319,0.26592302322387695,0.002403577324002981,1.0,0.002403577324002981,0.007768732961267233,0.01495080254971981,0.02860725298523903,0.05366823449730873,0.09519496560096741,0.15794141590595245,0.25641068816185,0.5,0.5,1.0
0,1810,25000,0.21750809252262115,0.2658978998661041,0.002238835906609893,1.0,0.002238835906609893,0.00777899706736207,0.01490973774343729,0.028579484671354294,0.05331500247120857,0.09517110884189606,0.15752972662448883,0.2554260194301605,0.5,0.5,1.0
0,1820,25000,0.2176482230424881,0.26599371433258057,0.0022313736844807863,1.0,0.0022313736844807863,0.007759368512779474,0.01487609650939703,0.028537509962916374,0.05348947271704674,0.0951610803604126,0.15797241032123566,0.25611555576324463,0.5,0.5,1.0
0,1830,25000,0.21766264736652374,0.2659837305545807,0.0020956392399966717,1.0,0.0020956392399966717,0.007772832177579403,0.014919127337634563,0.028545863926410675,0.05332145094871521,0.0953262597322464,0.15823319554328918,0.25603577494621277,0.5,0.5,1.0
0,1840,25000,0.21772140264511108,0.2658856213092804,0.002392612863332033,1.0,0.002392612863332033,0.007776979822665453,0.014902659691870213,0.028528520837426186,0.05341631919145584,0.09538476914167404,0.15825310349464417,0.256578266620636,0.5,0.5,1.0
0,1850,25000,0.217763751745224,0.26597994565963745,0.002422912744805217,1.0,0.002422912744805217,0.007776497397571802,0.01487684715539217,0.028661206364631653,0.05365298315882683,0.09557309746742249,0.15764406323432922,0.2564973533153534,0.5,0.5,1.0
0,1860,25000,0.21775564551353455,0.2660001516342163,0.002242922317236662,1.0,0.002242922317236662,0.00776195153594017,0.014889901503920555,0.028625523671507835,0.05357585847377777,0.09511403739452362,0.15747138857841492,0.2565060257911682,0.5,0.5,1.0
0,1870,25000,0.21776247024536133,0.26604896783828735,0.0023739985190331936,1.0,0.0023739985190331936,0.007799168117344379,0.01494784839451313,0.028493808582425117,0.053438857197761536,0.09521538764238358,0.1576620191335678,0.2567407488822937,0.5,0.5,1.0
0,1880,25000,0.21768632531166077,0.2658746540546417,0.002101741498336196,1.0,0.002101741498336196,0.007800108753144741,0.014852745458483696,0.02859058603644371,0.05334780365228653,0.0954517126083374,0.1576029360294342,0.25603169202804565,0.5,0.5,1.0
0,1890,25000,0.21768024563789368,0.2658286392688751,0.0024185620713979006,1.0,0.0024185620713979006,0.007778642233461142,0.014906730502843857,0.02862837351858616,0.053523629903793335,0.09523294121026993,0.1576835662126541,0.25621297955513,0.5,0.5,1.0
0,1900,25000,0.21763332188129425,0.26585084199905396,0.0022961825598031282,1.0,0.0022961825598031282,0.007754293270409107,0.014887225814163685,0.0285458043217659,0.053489986807107925,0.09505563974380493,0.15787571668624878,0.25620242953300476,0.5,0.5,1.0
0,1910,25000,0.21770615875720978,0.2659682333469391,0.0021529337391257286,1.0,0.0021529337391257286,0.007767893839627504,0.01491527073085308,0.028694961220026016,0.05353895202279091,0.09523962438106537,0.15789751708507538,0.25577646493911743,0.5,0.5,1.0
0,1920,25000,0.21773892641067505,0.26600968837738037,0.0023312391713261604,1.0,0.0023312391713261604,0.0077929990366101265,0.014866333454847336,0.028674717992544174,0.05361225828528404,0.09515982866287231,0.1575232446193695,0.2561536729335785,0.5,0.5,1.0
0,1930,25000,0.2177664339542389,0.26601937413215637,0.0023704073391854763,1.0,0.0023704073391854763,0.0077596972696483135,0.014925236813724041,0.028646035119891167,0.05357899144291878,0.09538237750530243,0.15774500370025635,0.2567227780818939,0.5,0.5,1.0
0,1940,25000,0.21767988801002502,0.2660253942012787,0.002281628083437681,1.0,0.002281628083437681,0.0077598909847438335,0.014874935150146484,0.028730271384119987,0.053357336670160294,0.09505859017372131,0.15759390592575073,0.25624626874923706,0.5,0.5,1.0
0,1950,25000,0.21769092977046967,0.26606321334838867,0.0020225585903972387,1.0,0.0020225585903972387,0.007819882594048977,0.014929838478565216,0.02866925299167633,0.05362491309642792,0.09498822689056396,0.1581675112247467,0.2558165192604065,0.5,0.5,1.0
0,1960,25000,0.21774137020111084,0.2660128176212311,0.0022348735947161913,1.0,0.0022348735947161913,0.007788148708641529,0.014903681352734566,0.028609802946448326,0.0533517450094223,0.09525616466999054,0.15817271173000336,0.2566463351249695,0.5,0.5,1.0
0,1970,25000,0.21767392754554749,0.2659815549850464,0.002370546804741025,1.0,0.002370546804741025,0.0078017315827310085,0.01489017903804779,0.028619959950447083,0.053628984838724136,0.09466234594583511,0.15780511498451233,0.25637534260749817,0.5,0.5,1.0
0,1980,25000,0.21774280071258545,0.2660668194293976,0.0018833536887541413,1.0,0.0018833536887541413,0.007782319560647011,0.014873996376991272,0.028579555451869965,0.05351981520652771,0.09503282606601715,0.15789905190467834,0.25603950023651123,0.5,0.5,1.0
0,1990,25000,0.21764236688613892,0.26592257618904114,0.002363461535423994,1.0,0.002363461535423994,0.007791873998939991,0.014893980696797371,0.02859382890164852,0.05331088975071907,0.09522561728954315,0.15782193839550018,0.2556082606315613,0.5,0.5,1.0
0,2000,25000,0.2177993208169937,0.2659231126308441,0.0022361010778695345,1.0,0.0022361010778695345,0.0077742114663124084,0.01487897988408804,0.0285306666046381,0.05353341996669769,0.0956733226776123,0.15818823873996735,0.25621095299720764,0.5,0.5,1.0
0,2010,25000,0.21770405769348145,0.2660265564918518,0.0021174922585487366,1.0,0.0021174922585487366,0.007773073855787516,0.014897444285452366,0.028577741235494614,0.05349624156951904,0.09541386365890503,0.15730847418308258,0.2556709051132202,0.5,0.5,1.0
0,2020,25000,0.21760708093643188,0.2660566568374634,0.002199683804064989,1.0,0.002199683804064989,0.007787421345710754,0.014848985709249973,0.02859620936214924,0.05350271984934807,0.09520962089300156,0.15743839740753174,0.2557527422904968,0.5,0.5,1.0
0,2030,25000,0.2177484929561615,0.2660631239414215,0.0022185721900314093,1.0,0.0022185721900314093,0.007777287159115076,0.014867270365357399,0.028620902448892593,0.053532861173152924,0.0949755609035492,0.15793170034885406,0.25647661089897156,0.5,0.5,1.0
0,2040,25000,0.21765349805355072,0.2660025954246521,0.0023656266275793314,1.0,0.0023656266275793314,0.007803675252944231,0.014959747903048992,0.02852247655391693,0.05351290851831436,0.09511502087116241,0.15755696594715118,0.25625166296958923,0.5,0.5,1.0
0,2050,25000,0.21771052479743958,0.26605769991874695,0.002362459432333708,1.0,0.002362459432333708,0.007756744045764208,0.014861402101814747,0.02843586355447769,0.05337972939014435,0.09561027586460114,0.1575600653886795,0.2558656334877014,0.5,0.5,1.0
0,2060,25000,0.21783244609832764,0.2660873234272003,0.002253442769870162,1.0,0.002253442769870162,0.007789731491357088,0.014910323545336723,0.028720945119857788,0.053636666387319565,0.09538459032773972,0.15757505595684052,0.25742948055267334,0.5,0.5,1.0
0,2070,25000,0.21789146959781647,0.2662394344806671,0.0022468497045338154,1.0,0.0022468497045338154,0.007776421960443258,0.01484335120767355,0.02864040434360504,0.053615882992744446,0.09509913623332977,0.15778356790542603,0.2565762996673584,0.5,0.5,1.0
0,2080,25000,0.21777448058128357,0.2660852372646332,0.002504634438082576,1.0,0.002504634438082576,0.007796488702297211,0.014886341989040375,0.02852632850408554,0.05346451327204704,0.09538492560386658,0.1580984741449356,0.2562277913093567,0.5,0.5,1.0
0,2090,25000,0.21771474182605743,0.26599323749542236,0.002251650206744671,1.0,0.002251650206744671,0.007768141571432352,0.014920474030077457,0.028686217963695526,0.053320690989494324,0.09541527926921844,0.1575840711593628,0.25670912861824036,0.5,0.5,1.0
0,2100,25000,0.21767450869083405,0.26602450013160706,0.0024088253267109394,1.0,0.0024088253267109394,0.00777178630232811,0.01487420592457056,0.028646288439631462,0.05370425060391426,0.09520073980093002,0.15763473510742188,0.25518086552619934,0.5,0.5,1.0
0,2110,25000,0.21772053837776184,0.266033411026001,0.002254442311823368,1.0,0.002254442311823368,0.007757130544632673,0.014937248080968857,0.028686970472335815,0.05353984609246254,0.09544451534748077,0.15755195915699005,0.2566910982131958,0.5,0.5,1.0
0,2120,25000,0.21761736273765564,0.2659324109554291,0.0022051881533116102,1.0,0.0022051881533116102,0.007773532997816801,0.014859200455248356,0.028523454442620277,0.05350293219089508,0.09494347870349884,0.15806017816066742,0.2553470730781555,0.5,0.5,1.0
0,2130,25000,0.21768605709075928,0.26596808433532715,0.0022167142014950514,1.0,0.0022167142014950514,0.007778519298881292,0.014890959486365318,0.028659174218773842,0.05345498025417328,0.09523528069257736,0.15796764194965363,0.25571081042289734,0.5,0.5,1.0
0,2140,25000,0.21774369478225708,0.2660489082336426,0.0022196024656295776,1.0,0.0022196024656295776,0.0077759865671396255,0.01490701362490654,0.02858441323041916,0.05356794223189354,0.0952509194612503,0.15751056373119354,0.256754070520401,0.5,0.5,1.0
0,2150,25000,0.21767558157444,0.26602551341056824,0.002464833902195096,1.0,0.002464833902195096,0.007773196790367365,0.014898967929184437,0.02864203415811062,0.053541455417871475,0.09507361054420471,0.15774093568325043,0.2560856342315674,0.5,0.5,1.0
0,2160,25000,0.2177397757768631,0.2659382224082947,0.0023218709975481033,1.0,0.0023218709975481033,0.007769364397972822,0.014894995838403702,0.028531979769468307,0.053620025515556335,0.09525275230407715,0.15738756954669952,0.2570326626300812,0.5,0.5,1.0
0,2170,25000,0.21764779090881348,0.2658712565898895,0.002298754407092929,1.0,0.002298754407092929,0.007777046877890825,0.014829867519438267,0.028524251654744148,0.05360598489642143,0.09495095163583755,0.1576002985239029,0.2558846175670624,0.5,0.5,1.0
0,2180,25000,0.2176726758480072,0.2659097909927368,0.0023197040427476168,1.0,0.0023197040427476168,0.007762782741338015,0.014908939599990845,0.028666682541370392,0.05348756164312363,0.09556944668292999,0.15763455629348755,0.2561148405075073,0.5,0.5,1.0
0,2190,25000,0.2177354097366333,0.2660236358642578,0.0021089341025799513,1.0,0.0021089341025799513,0.007765255402773619,0.014894533902406693,0.028551798313856125,0.05350247025489807,0.09524136781692505,0.15734438598155975,0.256253719329834,0.5,0.5,1.0
0,2200,25000,0.21776723861694336,0.26608946919441223,0.0021651850547641516,1.0,0.0021651850547641516,0.0077676731161773205,0.014930744655430317,0.02848122827708721,0.05351194739341736,0.09524142742156982,0.15783508121967316,0.2558274269104004,0.5,0.5,1.0
0,2210,25000,0.2177022397518158,0.26600155234336853,0.0022968288976699114,1.0,0.0022968288976699114,0.007770535070449114,0.01490012463182211,0.028653176501393318,0.05356481671333313,0.09538374841213226,0.15808765590190887,0.2558899521827698,0.5,0.5,1.0
0,2220,25000,0.2176944613456726,0.26606860756874084,0.002282077446579933,1.0,0.002282077446579933,0.007770143914967775,0.014876763336360455,0.028557708486914635,0.05346525460481644,0.09508471190929413,0.15765643119812012,0.25577279925346375,0.5,0.5,1.0
0,2230,25000,0.21768619120121002,0.26604804396629333,0.0021653100848197937,1.0,0.0021653100848197937,0.0077814944088459015,0.014819400385022163,0.028628166764974594,0.05358562991023064,0.09504130482673645,0.15814486145973206,0.25587114691734314,0.5,0.5,1.0
0,2240,25000,0.21768099069595337,0.2660551369190216,0.0022854581475257874,1.0,0.0022854581475257874,0.00778628746047616,0.01486220583319664,0.028519993647933006,0.05352221429347992,0.09519081562757492,0.15761041641235352,0.25565439462661743,0.5,0.5,1.0
0,2250,25000,0.2176935225725174,0.2660018801689148,0.0024393671192228794,1.0,0.0024393671192228794,0.007778690196573734,0.014864688739180565,0.028542986139655113,0.05375494062900543,0.09528516978025436,0.15764713287353516,0.25485527515411377,0.5,0.5,1.0
0,2260,25000,0.21778655052185059,0.2660578489303589,0.0022205763962119818,1.0,0.0022205763962119818,0.007778125815093517,0.014869124628603458,0.02862188033759594,0.053618963807821274,0.09539443254470825,0.15796507894992828,0.25604575872421265,0.5,0.5,1.0
0,2270,25000,0.21775215864181519,0.2661092281341553,0.0024079715367406607,1.0,0.0024079715367406607,0.0077977594919502735,0.014960798434913158,0.028591493144631386,0.05358327180147171,0.09502636641263962,0.15789452195167542,0.2558805048465729,0.5,0.5,1.0
0,2280,25000,0.21764835715293884,0.2659970223903656,0.0022509905975311995,1.0,0.0022509905975311995,0.007796016987413168,0.014911845326423645,0.02867281623184681,0.0535280741751194,0.09522682428359985,0.15750226378440857,0.25631043314933777,0.5,0.5,1.0
0,2290,25000,0.2176341712474823,0.2659817039966583,0.0022461770568042994,1.0,0.0022461770568042994,0.007776452228426933,0.014894460327923298,0.028671924024820328,0.05354087054729462,0.09505876898765564,0.1574467569589615,0.2564151883125305,0.5,0.5,1.0
0,2300,25000,0.217701256275177,0.265995055437088,0.002319339429959655,1.0,0.002319339429959655,0.00775905279442668,0.014888999052345753,0.02867775224149227,0.05360255762934685,0.09483514726161957,0.1577802449464798,0.2562418580055237,0.5,0.5,1.0
0,2310,25000,0.21776646375656128,0.2661455273628235,0.0019103474915027618,1.0,0.0019103474915027618,0.00777917355298996,0.014886139892041683,0.028472017496824265,0.053405873477458954,0.0947657898068428,0.15766750276088715,0.25651025772094727,0.5,0.5,1.0
0,2320,25000,0.2177342176437378,0.2660725712776184,0.0022065346129238605,1.0,0.0022065346129238605,0.007794713601469994,0.014865810982882977,0.02864505723118782,0.053413569927215576,0.0951906219124794,0.15803001821041107,0.2553262710571289,0.5,0.5,1.0
0,2330,25000,0.2176600843667984,0.2659783363342285,0.0023257897701114416,1.0,0.0023257897701114416,0.007780555170029402,0.014892049133777618,0.028511175885796547,0.05333685129880905,0.09527917206287384,0.15769287943840027,0.2565310597419739,0.5,0.5,1.0
0,2340,25000,0.21774481236934662,0.2660742402076721,0.0024935586843639612,1.0,0.0024935586843639612,0.007778179366141558,0.014887929894030094,0.02856777235865593,0.05349572002887726,0.09507209062576294,0.1578180193901062,0.25627925992012024,0.5,0.5,1.0
0,2350,25000,0.21771205961704254,0.2660805881023407,0.002359981881454587,1.0,0.002359981881454587,0.007791708689182997,0.01486683264374733,0.028658533468842506,0.05351592227816582,0.09526224434375763,0.15792210400104523,0.25597572326660156,0.5,0.5,1.0
0,2360,25000,0.21772001683712006,0.265959769487381,0.0021341799292713404,1.0,0.0021341799292713404,0.007786192465573549,0.014919713139533997,0.028617555275559425,0.05360676720738411,0.09534331411123276,0.15804365277290344,0.2562214434146881,0.5,0.5,1.0
0,2370,25000,0.21773838996887207,0.2660369277000427,0.0024066725745797157,1.0,0.0024066725745797157,0.007766083348542452,0.014888284727931023,0.028494209051132202,0.053353652358055115,0.0952402874827385,0.1575230062007904,0.25579050183296204,0.5,0.5,1.0
0,2380,25000,0.2177414447069168,0.2660084664821625,0.002023370238021016,1.0,0.002023370238021016,0.007765021175146103,0.014884877018630505,0.028603119775652885,0.05346590280532837,0.09542031586170197,0.15786178410053253,0.25611573457717896,0.5,0.5,1.0
0,2390,25000,0.21767494082450867,0.2660036087036133,0.0023930456954985857,1.0,0.0023930456954985857,0.007788184564560652,0.014922186732292175,0.028629500418901443,0.05333831161260605,0.09519383311271667,0.15725186467170715,0.25571808218955994,0.5,0.5,1.0
0,2400,25000,0.2177199274301529,0.26593780517578125,0.0025870066601783037,1.0,0.0025870066601783037,0.007779022213071585,0.014873264357447624,0.028604812920093536,0.05345045402646065,0.09534825384616852,0.15807156264781952,0.2564845085144043,0.5,0.5,1.0
0,2410,25000,0.2176421582698822,0.2658846378326416,0.002215406158939004,1.0,0.002215406158939004,0.007764647249132395,0.014933213591575623,0.028571270406246185,0.053558722138404846,0.09513381123542786,0.15833191573619843,0.25580424070358276,0.5,0.5,1.0
0,2420,25000,0.21773582696914673,0.2660152018070221,0.002215959131717682,1.0,0.002215959131717682,0.007803080603480339,0.014924454502761364,0.028541525825858116,0.0535837821662426,0.09510105848312378,0.15781277418136597,0.25711745023727417,0.5,0.5,1.0
0,2430,25000,0.21764498949050903,0.2659931182861328,0.0023719079326838255,1.0,0.0023719079326838255,0.0077585563994944096,0.014892961829900742,0.028629183769226074,0.053413957357406616,0.09527157247066498,0.15738776326179504,0.25537869334220886,0.5,0.5,1.0
0,2440,25000,0.21776750683784485,0.26610156893730164,0.0024723426904529333,1.0,0.0024723426904529333,0.007781611755490303,0.014893299899995327,0.0285102017223835,0.053248997777700424,0.09506911039352417,0.15786369144916534,0.2573879063129425,0.5,0.5,1.0
0,2450,25000,0.21774344146251678,0.2661150097846985,0.002385962288826704,1.0,0.002385962288826704,0.007773383986204863,0.014909593388438225,0.028593217954039574,0.05350553244352341,0.09527189284563065,0.15752847492694855,0.25574538111686707,0.5,0.5,1.0
0,2460,25000,0.21768352389335632,0.2659856081008911,0.0022192676551640034,1.0,0.0022192676551640034,0.007791800890117884,0.014877505600452423,0.028600560501217842,0.053379401564598083,0.09495890140533447,0.15743689239025116,0.25681737065315247,0.5,0.5,1.0
0,2470,25000,0.21759538352489471,0.2659202218055725,0.0023493068292737007,1.0,0.0023493068292737007,0.007779514417052269,0.014921233057975769,0.028608672320842743,0.05380537360906601,0.09537716209888458,0.15736553072929382,0.2563295364379883,0.5,0.5,1.0
0,2480,25000,0.21772807836532593,0.26599061489105225,0.0023184495512396097,1.0,0.0023184495512396097,0.007806867361068726,0.014969540759921074,0.02857755497097969,0.053451236337423325,0.09509608149528503,0.15763279795646667,0.2566668689250946,0.5,0.5,1.0
0,2490,25000,0.217754527926445,0.26608365774154663,0.0022961741778999567,1.0,0.0022961741778999567,0.007767858449369669,0.014886803925037384,0.028597287833690643,0.05333416536450386,0.09543347358703613,0.15765808522701263,0.2568224370479584,0.5,0.5,1.0
0,2500,25000,0.21768338978290558,0.26602745056152344,0.002170940162613988,1.0,0.002170940162613988,0.007773727644234896,0.014891920611262321,0.028628796339035034,0.0536038875579834,0.09535814076662064,0.15736643970012665,0.2560945749282837,0.5,0.5,1.0
0,2510,25000,0.21773646771907806,0.26607611775398254,0.00229392247274518,1.0,0.00229392247274518,0.007751052733510733,0.014867672696709633,0.028585776686668396,0.05344381183385849,0.09527046978473663,0.15791110694408417,0.25584205985069275,0.5,0.5,1.0
0,2520,25000,0.2177228182554245,0.2660597860813141,0.0022721171844750643,1.0,0.0022721171844750643,0.007783681154251099,0.014992191456258297,0.028635110706090927,0.05348057299852371,0.09540608525276184,0.1578543335199356,0.2560858428478241,0.5,0.5,1.0
0,2530,25000,0.21771346032619476,0.266035795211792,0.002407541498541832,1.0,0.002407541498541832,0.007813135161995888,0.014936968684196472,0.028545882552862167,0.053426776081323624,0.09517590701580048,0.1577012985944748,0.2554093897342682,0.5,0.5,1.0
0,2540,25000,0.21770793199539185,0.2659827172756195,0.002329837065190077,1.0,0.002329837065190077,0.007812351454049349,0.014909756369888783,0.028633644804358482,0.05365854874253273,0.094960056245327,0.1577238142490387,0.2560523748397827,0.5,0.5,1.0
0,2550,25000,0.21771551668643951,0.26601341366767883,0.002125678351148963,1.0,0.002125678351148963,0.007749994285404682,0.014854689128696918,0.028524067252874374,0.0535087026655674,0.09531248360872269,0.15782111883163452,0.25605708360671997,0.5,0.5,1.0
0,2560,25000,0.21767008304595947,0.26601338386535645,0.002359444973990321,1.0,0.002359444973990321,0.007761463988572359,0.014932416379451752,0.028658811002969742,0.05359096825122833,0.0951559990644455,0.15754291415214539,0.25556480884552,0.5,0.5,1.0
0,2570,25000,0.21770566701889038,0.2659699618816376,0.0024117431603372097,1.0,0.0024117431603372097,0.00776696065440774,0.014859193004667759,0.028589341789484024,0.05352872610092163,0.09549807012081146,0.1577242761850357,0.2563212513923645,0.5,0.5,1.0
0,2580,25000,0.2176963984966278,0.2660122513771057,0.0024411752820014954,1.0,0.0024411752820014954,0.007768678013235331,0.014864403754472733,0.028607433661818504,0.05353614687919617,0.09523597359657288,0.1577938199043274,0.255348801612854,0.5,0.5,1.0
0,2590,25000,0.21780043840408325,0.26606664061546326,0.002356364857405424,1.0,0.002356364857405424,0.0077575393952429295,0.014910276047885418,0.028540587052702904,0.05356821045279503,0.0952216163277626,0.1582505702972412,0.2563713490962982,0.5,0.5,1.0
0,2600,25000,0.21770572662353516,0.266055166721344,0.0022580712102353573,1.0,0.0022580712102353573,0.007761837914586067,0.014864891767501831,0.02856055088341236,0.05357598885893822,0.09492261707782745,0.15743036568164825,0.2565969228744507,0.5,0.5,1.0
0,2610,25000,0.21767422556877136,0.26608532667160034,0.002218877663835883,1.0,0.002218877663835883,0.007788162212818861,0.014855136163532734,0.028635384514927864,0.05321940407156944,0.09515000879764557,0.15765298902988434,0.25622591376304626,0.5,0.5,1.0
0,2620,25000,0.2177230715751648,0.2660556137561798,0.0022857447620481253,1.0,0.0022857447620481253,0.007753272075206041,0.014878956601023674,0.02849210426211357,0.053376778960227966,0.09539040923118591,0.15766586363315582,0.2567281126976013,0.5,0.5,1.0
0,2630,25000,0.21765825152397156,0.26602935791015625,0.0023822321090847254,1.0,0.0023822321090847254,0.007777213118970394,0.014892758801579475,0.02858038619160652,0.05339879170060158,0.09501108527183533,0.157733753323555,0.2560727596282959,0.5,0.5,1.0
0,2640,25000,0.21766555309295654,0.26599186658859253,0.0024118523579090834,1.0,0.0024118523579090834,0.007791669573634863,0.014918634667992592,0.02859271690249443,0.05354371294379234,0.09493184089660645,0.1579505056142807,0.2556566596031189,0.5,0.5,1.0
0,2650,25000,0.2176341861486435,0.26599377393722534,0.0023198535200208426,1.0,0.0023198535200208426,0.007797786965966225,0.014941002242267132,0.028514740988612175,0.05333137884736061,0.09546729177236557,0.15724919736385345,0.2556929588317871,0.5,0.5,1.0
0,2660,25000,0.21771448850631714,0.26603829860687256,0.002547524869441986,1.0,0.002547524869441986,0.0078021022491157055,0.014926929026842117,0.028600506484508514,0.05352223291993141,0.09499552100896835,0.15767453610897064,0.25609633326530457,0.5,0.5,1.0
0,2670,25000,0.21776661276817322,0.2660673260688782,0.002287745475769043,1.0,0.002287745475769043,0.007759793195873499,0.014953640289604664,0.028573855757713318,0.05334765464067459,0.095071941614151,0.1577380746603012,0.25640568137168884,0.5,0.5,1.0
0,2680,25000,0.21777214109897614,0.26608526706695557,0.002225532429292798,1.0,0.002225532429292798,0.007796795107424259,0.014853274449706078,0.028648389503359795,0.053649839013814926,0.09514058381319046,0.15809929370880127,0.2560083270072937,0.5,0.5,1.0
0,2690,25000,0.2177276760339737,0.2659800946712494,0.0022251324262470007,1.0,0.0022251324262470007,0.007793482858687639,0.014934978447854519,0.02861168421804905,0.053369324654340744,0.09540984034538269,0.15789739787578583,0.25664380192756653,0.5,0.5,1.0
0,2700,25000,0.21777841448783875,0.2660433351993561,0.002277386374771595,1.0,0.002277386374771595,0.007775065489113331,0.014900253154337406,0.028489641845226288,0.05361151322722435,0.0953017994761467,0.15751628577709198,0.2561494708061218,0.5,0.5,1.0
0,2710,25000,0.21777595579624176,0.26610812544822693,0.0022993795573711395,1.0,0.0022993795573711395,0.007774575613439083,0.014935087412595749,0.02864401414990425,0.053536031395196915,0.09494011104106903,0.15771447122097015,0.2564072012901306,0.5,0.5,1.0
0,2720,25000,0.21766266226768494,0.2660315930843353,0.0022132140584290028,1.0,0.0022132140584290028,0.0077804443426430225,0.014912273734807968,0.02862444519996643,0.05347578227519989,0.095271036028862,0.15797680616378784,0.25552797317504883,0.5,0.5,1.0
0,2730,25000,0.21769781410694122,0.26598060131073,0.0021542625036090612,1.0,0.0021542625036090612,0.007810143753886223,0.01493790838867426,0.028667328879237175,0.053511638194322586,0.09487301856279373,0.15748707950115204,0.25690126419067383,0.5,0.5,1.0
0,2740,25000,0.2177123725414276,0.26608097553253174,0.002410684246569872,1.0,0.002410684246569872,0.007821067236363888,0.014904201962053776,0.028589632362127304,0.05357353389263153,0.09519679844379425,0.1577986180782318,0.2556326985359192,0.5,0.5,1.0
0,2750,25000,0.2177446335554123,0.2660403847694397,0.0022765756584703922,1.0,0.0022765756584703922,0.007767958100885153,0.014936243183910847,0.028609484434127808,0.05339745804667473,0.09521079063415527,0.15741018950939178,0.255746990442276,0.5,0.5,1.0
0,2760,25000,0.21776562929153442,0.26613351702690125,0.002307003131136298,1.0,0.002307003131136298,0.007806078530848026,0.014912568964064121,0.028702110052108765,0.05351308360695839,0.09469157457351685,0.157716765999794,0.25583091378211975,0.5,0.5,1.0
0,2770,25000,0.21775391697883606,0.2660405933856964,0.002204621909186244,1.0,0.002204621909186244,0.007763214409351349,0.014871004037559032,0.02851409837603569,0.053651876747608185,0.09514039754867554,0.15742874145507812,0.2567461431026459,0.5,0.5,1.0
0,2780,25000,0.21779277920722961,0.26598677039146423,0.0022948975674808025,1.0,0.0022948975674808025,0.007776366081088781,0.014927896670997143,0.028554750606417656,0.053591515868902206,0.09531950950622559,0.15786701440811157,0.25633659958839417,0.5,0.5,1.0
0,2790,25000,0.2177206575870514,0.26602306962013245,0.0023048457223922014,1.0,0.0023048457223922014,0.0077915252186357975,0.014913859777152538,0.028604961931705475,0.05358126759529114,0.09485946595668793,0.15774878859519958,0.2566620409488678,0.5,0.5,1.0
0,2800,25000,0.21778932213783264,0.26607945561408997,0.002410838147625327,1.0,0.002410838147625327,0.007781303953379393,0.014863255433738232,0.028635311871767044,0.05334215238690376,0.09504960477352142,0.15789319574832916,0.2565356194972992,0.5,0.5,1.0
0,2810,25000,0.21774782240390778,0.2660118341445923,0.0022317483089864254,1.0,0.0022317483089864254,0.0077653564512729645,0.01492827944457531,0.028587855398654938,0.0534372478723526,0.09521984308958054,0.15783444046974182,0.2565859854221344,0.5,0.5,1.0
0,2820,25000,0.21767212450504303,0.2659927308559418,0.002107705222442746,1.0,0.002107705222442746,0.007781440392136574,0.014891345053911209,0.028619103133678436,0.05357031524181366,0.09510475397109985,0.15764302015304565,0.2562474310398102,0.5,0.5,1.0
0,2830,25000,0.21771831810474396,0.2660265564918518,0.0023554526269435883,1.0,0.0023554526269435883,0.00778006948530674,0.014897606335580349,0.02858644910156727,0.05350034683942795,0.09534555673599243,0.1580219715833664,0.2563641369342804,0.5,0.5,1.0
0,2840,25000,0.21766050159931183,0.26599809527397156,0.0024218650069087744,1.0,0.0024218650069087744,0.00779722211882472,0.01497622299939394,0.028583459556102753,0.05337336286902428,0.09524957835674286,0.1573236584663391,0.2555151879787445,0.5,0.5,1.0
0,2850,25000,0.2177201211452484,0.26606979966163635,0.0025076603051275015,1.0,0.0025076603051275015,0.007768153678625822,0.014927647076547146,0.028718627989292145,0.053528185933828354,0.09513036906719208,0.15689271688461304,0.25646477937698364,0.5,0.5,1.0
0,2860,25000,0.21763478219509125,0.26603415608406067,0.0023801601491868496,1.0,0.0023801601491868496,0.007786876056343317,0.014919961802661419,0.028604933992028236,0.05344006419181824,0.09515964984893799,0.156853586435318,0.2553863227367401,0.5,0.5,1.0
0,2870,25000,0.21777431666851044,0.26608166098594666,0.002463635755702853,1.0,0.002463635755702853,0.007775403559207916,0.014880596660077572,0.02857782132923603,0.05366925522685051,0.09538847208023071,0.15739195048809052,0.25707992911338806,0.5,0.5,1.0
0,2880,25000,0.21766522526741028,0.2660638093948364,0.0024589260574430227,1.0,0.0024589260574430227,0.007805097382515669,0.014894175343215466,0.02860797382891178,0.05347298085689545,0.09532046318054199,0.15749652683734894,0.25562965869903564,0.5,0.5,1.0
0,2890,25000,0.21761338412761688,0.26602301001548767,0.0023995712399482727,1.0,0.0023995712399482727,0.007793053984642029,0.01487666368484497,0.028575044125318527,0.05341107398271561,0.09487131237983704,0.1572493463754654,0.256497323513031,0.5,0.5,1.0
0,2900,25000,0.21764732897281647,0.2659907639026642,0.0024457129184156656,1.0,0.0024457129184156656,0.007768282666802406,0.014917650260031223,0.028649507090449333,0.0535164438188076,0.09508918970823288,0.15754853188991547,0.2557082176208496,0.5,0.5,1.0
0,2910,25000,0.21769046783447266,0.26605862379074097,0.002157376380637288,1.0,0.002157376380637288,0.0077951932325959206,0.014906764961779118,0.028531789779663086,0.05369405820965767,0.09516502171754837,0.15733550488948822,0.25595328211784363,0.5,0.5,1.0
0,2920,25000,0.21766233444213867,0.2660134732723236,0.0024304245598614216,1.0,0.0024304245598614216,0.0077794394455850124,0.014877358451485634,0.028655000030994415,0.05358385667204857,0.09529900550842285,0.15743038058280945,0.25622037053108215,0.5,0.5,1.0
0,2930,25000,0.2178110033273697,0.2661302983760834,0.002370854839682579,1.0,0.002370854839682579,0.007796121761202812,0.014933863654732704,0.028589479625225067,0.053498782217502594,0.09542292356491089,0.15716738998889923,0.25618264079093933,0.5,0.5,1.0
0,2940,25000,0.2177005261182785,0.26604777574539185,0.002308681607246399,1.0,0.002308681607246399,0.007768895011395216,0.01491840835660696,0.028611402958631516,0.05349868908524513,0.09504305571317673,0.15752315521240234,0.25642430782318115,0.5,0.5,1.0
0,2950,25000,0.21770739555358887,0.26594290137290955,0.002090166322886944,1.0,0.002090166322886944,0.007782930973917246,0.014961890876293182,0.028606271371245384,0.053490035235881805,0.0950847864151001,0.1575474739074707,0.2559940814971924,0.5,0.5,1.0
0,2960,25000,0.21767930686473846,0.26603788137435913,0.0022510874550789595,1.0,0.0022510874550789595,0.007773634046316147,0.014884887263178825,0.0286408644169569,0.05368519574403763,0.09489299356937408,0.15807722508907318,0.2555448114871979,0.5,0.5,1.0
0,2970,25000,0.21780265867710114,0.26603278517723083,0.0019268214236944914,1.0,0.0019268214236944914,0.007795028854161501,0.014934725128114223,0.028693804517388344,0.05351443216204643,0.0951986014842987,0.15784387290477753,0.25683751702308655,0.5,0.5,1.0
0,2980,25000,0.21773912012577057,0.26600900292396545,0.0023949011228978634,1.0,0.0023949011228978634,0.00779670150950551,0.014891467057168484,0.02859538421034813,0.053638555109500885,0.09541298449039459,0.15750625729560852,0.2566622793674469,0.5,0.5,1.0
0,2990,25000,0.21768231689929962,0.266045480966568,0.002317758509889245,1.0,0.002317758509889245,0.007789404597133398,0.014895075000822544,0.028572237119078636,0.05328858643770218,0.09501785039901733,0.1571177840232849,0.25603026151657104,0.5,0.5,1.0
0,3000,25000,0.21760722994804382,0.26593515276908875,0.0023019532673060894,1.0,0.0023019532673060894,0.007761730346828699,0.014843129552900791,0.028582800179719925,0.053511057049036026,0.09527989476919174,0.15774430334568024,0.255533903837204,0.5,0.5,1.0
0,3010,25000,0.2177146077156067,0.2659539580345154,0.002274203347042203,1.0,0.002274203347042203,0.007803364656865597,0.015005902387201786,0.0285028163343668,0.053644295781850815,0.09543095529079437,0.15765108168125153,0.2562997341156006,0.5,0.5,1.0
0,3020,25000,0.21773836016654968,0.2660822570323944,0.0020473019685596228,1.0,0.0020473019685596228,0.0077721537090837955,0.01493324525654316,0.02854696661233902,0.05334419012069702,0.095407634973526,0.15760256350040436,0.25645017623901367,0.5,0.5,1.0
0,3030,25000,0.21762603521347046,0.2659851908683777,0.0023101677652448416,1.0,0.0023101677652448416,0.0077719613909721375,0.014858460985124111,0.028633443638682365,0.05351422354578972,0.09535525739192963,0.15714839100837708,0.256206750869751,0.5,0.5,1.0
0,3040,25000,0.21766699850559235,0.26593825221061707,0.0022709618788212538,1.0,0.0022709618788212538,0.00779764074832201,0.014895820990204811,0.028558818623423576,0.053378876298666,0.09487126767635345,0.1575544774532318,0.256318062543869,0.5,0.5,1.0
0,3050,25000,0.21768735349178314,0.26604411005973816,0.0022658309899270535,1.0,0.0022658309899270535,0.007756141945719719,0.01491159200668335,0.028659841045737267,0.0533984936773777,0.0951954573392868,0.15788359940052032,0.25594234466552734,0.5,0.5,1.0
0,3060,25000,0.21778257191181183,0.2660754323005676,0.00237392564304173,1.0,0.00237392564304173,0.0077751390635967255,0.014925580471754074,0.028611311689019203,0.05355555936694145,0.09505066275596619,0.15750908851623535,0.2560392916202545,0.5,0.5,1.0
0,3070,25000,0.21776136755943298,0.266018271446228,0.0022634072229266167,1.0,0.0022634072229266167,0.007784245070070028,0.014885681681334972,0.028646238148212433,0.05346287414431572,0.09518232941627502,0.15787018835544586,0.2566555440425873,0.5,0.5,1.0
0,3080,25000,0.21772219240665436,0.2660106122493744,0.0023578666150569916,1.0,0.0023578666150569916,0.007814154028892517,0.014912952668964863,0.02867439016699791,0.053614139556884766,0.09505335241556168,0.15807422995567322,0.25586026906967163,0.5,0.5,1.0
0,3090,25000,0.21767668426036835,0.2659800052642822,0.002340244362130761,1.0,0.002340244362130761,0.007760957814753056,0.014913310296833515,0.02855784073472023,0.0536789707839489,0.09496244788169861,0.15798094868659973,0.2556198239326477,0.5,0.5,1.0
0,3100,25000,0.21767652034759521,0.2660217583179474,0.002215747255831957,1.0,0.002215747255831957,0.007759621366858482,0.014865043573081493,0.02874503657221794,0.05346693471074104,0.09548744559288025,0.15685755014419556,0.25590619444847107,0.5,0.5,1.0
0,3110,25000,0.21768686175346375,0.2660030722618103,0.0023203629534691572,1.0,0.0023203629534691572,0.00779132591560483,0.01488231960684061,0.02865530177950859,0.05358213186264038,0.09526599943637848,0.15739880502223969,0.25562524795532227,0.5,0.5,1.0
0,3120,25000,0.21769282221794128,0.2660176753997803,0.0024022795259952545,1.0,0.0024022795259952545,0.007769985590130091,0.014900722540915012,0.02854693867266178,0.05354657024145126,0.09488850086927414,0.1577049344778061,0.2558577358722687,0.5,0.5,1.0
0,3130,25000,0.21764786541461945,0.26601526141166687,0.0024818803649395704,1.0,0.0024818803649395704,0.007782031316310167,0.01496710255742073,0.028491895645856857,0.0534474141895771,0.09501464664936066,0.1573016345500946,0.2559819221496582,0.5,0.5,1.0
0,3140,25000,0.21773779392242432,0.26607567071914673,0.002271509962156415,1.0,0.002271509962156415,0.007796964608132839,0.014921925961971283,0.02867463044822216,0.05361688882112503,0.09529079496860504,0.15796153247356415,0.2560524642467499,0.5,0.5,1.0
0,3150,25000,0.21777763962745667,0.2660496234893799,0.0023030072916299105,1.0,0.0023030072916299105,0.007766242139041424,0.01483821775764227,0.028555715456604958,0.0536288246512413,0.09529231488704681,0.15769144892692566,0.2570255994796753,0.5,0.5,1.0
0,3160,25000,0.2175968736410141,0.2659645080566406,0.00217634835280478,1.0,0.00217634835280478,0.007798023521900177,0.014859404414892197,0.02854287251830101,0.05357798561453819,0.09528934955596924,0.15753228962421417,0.25531965494155884,0.5,0.5,1.0
0,3170,25000,0.21770499646663666,0.2659885883331299,0.0022451921831816435,1.0,0.0022451921831816435,0.007775545120239258,0.014889063313603401,0.028568945825099945,0.05349237099289894,0.09500183165073395,0.15797168016433716,0.2561345100402832,0.5,0.5,1.0
0,3180,25000,0.21769864857196808,0.2660251259803772,0.0021995508577674627,1.0,0.0021995508577674627,0.007772340439260006,0.014975190162658691,0.02867649309337139,0.05348572880029678,0.09529052674770355,0.15768994390964508,0.2553409934043884,0.5,0.5,1.0
0,3190,25000,0.21769282221794128,0.26600632071495056,0.0022298747207969427,1.0,0.0022298747207969427,0.007758478634059429,0.014863481745123863,0.028669171035289764,0.05353964492678642,0.09532923996448517,0.15756966173648834,0.2554856836795807,0.5,0.5,1.0
0,3200,25000,0.2176760733127594,0.2660210132598877,0.0023724043276160955,1.0,0.0023724043276160955,0.007768477778881788,0.014975418336689472,0.02866256795823574,0.05353657528758049,0.09531863033771515,0.15793131291866302,0.25571662187576294,0.5,0.5,1.0
0,3210,25000,0.2177751362323761,0.2660457193851471,0.0022348484490066767,1.0,0.0022348484490066767,0.007801869884133339,0.014876671135425568,0.02865457534790039,0.05359591543674469,0.09546996653079987,0.15758226811885834,0.2560198903083801,0.5,0.5,1.0
0,3220,25000,0.2177388221025467,0.26607587933540344,0.002003390109166503,1.0,0.002003390109166503,0.007776486687362194,0.014926723204553127,0.02857947163283825,0.05366167426109314,0.09523510932922363,0.15767109394073486,0.2560732662677765,0.5,0.5,1.0
0,3230,25000,0.21774201095104218,0.2660757303237915,0.0022546083200722933,1.0,0.0022546083200722933,0.007762019522488117,0.01487660501152277,0.028715109452605247,0.05338909849524498,0.0950964093208313,0.15779495239257812,0.2553755044937134,0.5,0.5,1.0
0,3240,25000,0.2176668494939804,0.26595479249954224,0.0023007753770798445,1.0,0.0023007753770798445,0.007820180617272854,0.014897515065968037,0.028753584250807762,0.0535195954144001,0.09527231007814407,0.15768493711948395,0.2561272084712982,0.5,0.5,1.0
0,3250,25000,0.21778720617294312,0.2660188376903534,0.002304391236975789,1.0,0.002304391236975789,0.007797486614435911,0.014933465979993343,0.02857653796672821,0.053423017263412476,0.09532733261585236,0.1578132063150406,0.25655049085617065,0.5,0.5,1.0
0,3260,25000,0.21763978898525238,0.2660801410675049,0.002178457099944353,1.0,0.002178457099944353,0.0077499025501310825,0.014858311973512173,0.0285206101834774,0.053458988666534424,0.09560362994670868,0.15796159207820892,0.25521785020828247,0.5,0.5,1.0
0,3270,25000,0.21774613857269287,0.2660748362541199,0.00209582457318902,1.0,0.00209582457318902,0.007760398555546999,0.014888351783156395,0.028579192236065865,0.053562894463539124,0.09494003653526306,0.15810120105743408,0.25646084547042847,0.5,0.5,1.0
0,3280,25000,0.2177598923444748,0.26611918210983276,0.002335738157853484,1.0,0.002335738157853484,0.0077477144077420235,0.014855570159852505,0.028759095817804337,0.05357997864484787,0.09542287886142731,0.15721231698989868,0.2558245062828064,0.5,0.5,1.0
0,3290,25000,0.21777716279029846,0.2661007344722748,0.0024649726692587137,1.0,0.0024649726692587137,0.007755130995064974,0.014863000251352787,0.028562938794493675,0.05352635309100151,0.09547890722751617,0.15740056335926056,0.25518104434013367,0.5,0.5,1.0
0,3300,25000,0.2176584154367447,0.26601776480674744,0.0023794418666511774,1.0,0.0023794418666511774,0.0077415574342012405,0.014857356436550617,0.028577426448464394,0.05342298746109009,0.09519490599632263,0.15730562806129456,0.2557927072048187,0.5,0.5,1.0
0,3310,25000,0.2177773416042328,0.2659895122051239,0.002420745324343443,1.0,0.002420745324343443,0.007779105566442013,0.014949992299079895,0.02855619788169861,0.05361317843198776,0.09518954157829285,0.15794846415519714,0.2568970322608948,0.5,0.5,1.0
0,3320,25000,0.21778234839439392,0.2660384476184845,0.002335798926651478,1.0,0.002335798926651478,0.00778611283749342,0.014937749132514,0.028753921389579773,0.053587496280670166,0.09541023522615433,0.15755507349967957,0.2561994791030884,0.5,0.5,1.0
0,3330,25000,0.2177097648382187,0.26601657271385193,0.0023605162277817726,1.0,0.0023605162277817726,0.007777559570968151,0.01493475865572691,0.028559662401676178,0.05351760610938072,0.09515126049518585,0.1580086052417755,0.25661227107048035,0.5,0.5,1.0
0,3340,25000,0.21761192381381989,0.2659249007701874,0.0024226007517427206,1.0,0.0024226007517427206,0.007755450438708067,0.014895366504788399,0.028479989618062973,0.05341597646474838,0.09493664652109146,0.15778644382953644,0.25534600019454956,0.5,0.5,1.0
0,3350,25000,0.21764400601387024,0.2660354673862457,0.0022636079229414463,1.0,0.0022636079229414463,0.007810188457369804,0.014892252162098885,0.028582127764821053,0.05341706797480583,0.09530135244131088,0.1577218621969223,0.2552953362464905,0.5,0.5,1.0
0,3360,25000,0.21759435534477234,0.2659681737422943,0.0023825729731470346,1.0,0.0023825729731470346,0.007791633252054453,0.014911040663719177,0.028467044234275818,0.05341596528887749,0.09505492448806763,0.15710076689720154,0.2558627426624298,0.5,0.5,1.0
0,3370,25000,0.21770913898944855,0.26594290137290955,0.0022328782361000776,1.0,0.0022328782361000776,0.007777374237775803,0.014940518885850906,0.028639057651162148,0.05360788479447365,0.09551742672920227,0.15775494277477264,0.25671449303627014,0.5,0.5,1.0
0,3380,25000,0.2177087813615799,0.26594123244285583,0.0020496812649071217,1.0,0.0020496812649071217,0.007764081470668316,0.014937842264771461,0.028511950746178627,0.05345546826720238,0.09504953026771545,0.15798181295394897,0.255771279335022,0.5,0.5,1.0
0,3390,25000,0.21774742007255554,0.26606374979019165,0.0024480002466589212,1.0,0.0024480002466589212,0.007744437549263239,0.01492667943239212,0.028546137735247612,0.05325770750641823,0.09469254314899445,0.1577041745185852,0.256163626909256,0.5,0.5,1.0
0,3400,25000,0.21773284673690796,0.26606836915016174,0.0022633031476289034,1.0,0.0022633031476289034,0.0078051439486444,0.01495439000427723,0.02860615961253643,0.053524233400821686,0.09505905210971832,0.15736016631126404,0.25664058327674866,0.5,0.5,1.0
0,3410,25000,0.2176945060491562,0.26597413420677185,0.00215092278085649,1.0,0.00215092278085649,0.007771485950797796,0.014838389120995998,0.028732523322105408,0.053578928112983704,0.09527893364429474,0.15766672790050507,0.2560487985610962,0.5,0.5,1.0
0,3420,25000,0.217604860663414,0.26593783497810364,0.002311164978891611,1.0,0.002311164978891611,0.007747693452984095,0.0149146169424057,0.02862882986664772,0.0534215047955513,0.09532608091831207,0.15742404758930206,0.2555451989173889,0.5,0.5,1.0
0,3430,25000,0.21773062646389008,0.26603007316589355,0.002304410794749856,1.0,0.002304410794749856,0.007762662135064602,0.014905130490660667,0.028689423575997353,0.0535123348236084,0.09516291320323944,0.15821948647499084,0.2556661069393158,0.5,0.5,1.0
0,3440,25000,0.21773448586463928,0.2660606801509857,0.002324402332305908,1.0,0.002324402332305908,0.007779235951602459,0.014876583591103554,0.028576765209436417,0.05335323140025139,0.09491145610809326,0.15778104960918427,0.25586047768592834,0.5,0.5,1.0
0,3450,25000,0.21769197285175323,0.2660626769065857,0.002439687494188547,1.0,0.002439687494188547,0.00777965784072876,0.014883825555443764,0.028536370024085045,0.053426824510097504,0.09507371485233307,0.15734916925430298,0.2565419375896454,0.5,0.5,1.0
0,3460,25000,0.21767835319042206,0.2660026252269745,0.002390971640124917,1.0,0.002390971640124917,0.007774891331791878,0.014853403903543949,0.028636587783694267,0.05364994332194328,0.09546314179897308,0.15776869654655457,0.25559696555137634,0.5,0.5,1.0
0,3470,25000,0.21758155524730682,0.2660037875175476,0.002392706461250782,1.0,0.002392706461250782,0.007749444339424372,0.014891046099364758,0.028596099466085434,0.05345200374722481,0.0948454737663269,0.1580222249031067,0.25481393933296204,0.5,0.5,1.0
0,3480,25000,0.2177460938692093,0.266010582447052,0.0023804125376045704,1.0,0.0023804125376045704,0.007751446217298508,0.014877168461680412,0.028525082394480705,0.05360868573188782,0.09525144100189209,0.15773752331733704,0.25690802931785583,0.5,0.5,1.0
0,3490,25000,0.21770301461219788,0.2660088837146759,0.0024607961531728506,1.0,0.0024607961531728506,0.007767560426145792,0.014915251173079014,0.028526442125439644,0.05372248962521553,0.09554737061262131,0.15697073936462402,0.2561980187892914,0.5,0.5,1.0
0,3500,25000,0.21771036088466644,0.26599088311195374,0.0023785121738910675,1.0,0.0023785121738910675,0.007771790958940983,0.014903577975928783,0.028483398258686066,0.05347684025764465,0.09535982459783554,0.15748703479766846,0.256476491689682,0.5,0.5,1.0
0,3510,25000,0.21769775450229645,0.2660665810108185,0.002389121102169156,1.0,0.002389121102169156,0.007765023037791252,0.014896347187459469,0.02862687036395073,0.053628016263246536,0.09532521665096283,0.15744251012802124,0.2565954625606537,0.5,0.5,1.0
0,3520,25000,0.21779297292232513,0.2661406993865967,0.0023779531475156546,1.0,0.0023779531475156546,0.007797216530889273,0.014929497614502907,0.02861066721379757,0.05365022271871567,0.09507904946804047,0.1575683057308197,0.25601619482040405,0.5,0.5,1.0
0,3530,25000,0.21771857142448425,0.2660984396934509,0.0023233862593770027,1.0,0.0023233862593770027,0.007783039938658476,0.014895002357661724,0.028632093220949173,0.05348697677254677,0.09522612392902374,0.15795810520648956,0.2555336356163025,0.5,0.5,1.0
0,3540,25000,0.21763427555561066,0.26599448919296265,0.0023866130504757166,1.0,0.0023866130504757166,0.0077781942673027515,0.014874196611344814,0.028630487620830536,0.05349574610590935,0.09508734941482544,0.15748649835586548,0.2557035982608795,0.5,0.5,1.0
0,3550,25000,0.2176046073436737,0.2659871280193329,0.002191022504121065,1.0,0.002191022504121065,0.007773296907544136,0.014885807409882545,0.028585199266672134,0.053376778960227966,0.09497938305139542,0.157303124666214,0.25609850883483887,0.5,0.5,1.0
0,3560,25000,0.21776843070983887,0.2660956084728241,0.0024124388583004475,1.0,0.0024124388583004475,0.007789126131683588,0.014852470718324184,0.02856593206524849,0.053562555462121964,0.0953180342912674,0.15804728865623474,0.25605207681655884,0.5,0.5,1.0
0,3570,25000,0.21779656410217285,0.2660883665084839,0.002256369451060891,1.0,0.002256369451060891,0.007776365615427494,0.014906061813235283,0.028727443888783455,0.05348629504442215,0.09496292471885681,0.157733753323555,0.256877064704895,0.5,0.5,1.0
0,3580,25000,0.21776171028614044,0.26602426171302795,0.0021441217977553606,1.0,0.0021441217977553606,0.007769663352519274,0.014913156628608704,0.028683451935648918,0.05348142236471176,0.09531794488430023,0.15767733752727509,0.2565949559211731,0.5,0.5,1.0
0,3590,25000,0.21770313382148743,0.2660157084465027,0.002265560207888484,1.0,0.002265560207888484,0.0077606127597391605,0.014921866357326508,0.028524484485387802,0.05353762209415436,0.09526373445987701,0.15773756802082062,0.25637051463127136,0.5,0.5,1.0
0,3600,25000,0.2177024930715561,0.26605427265167236,0.0024629628751426935,1.0,0.0024629628751426935,0.007781133521348238,0.014865493401885033,0.028526470065116882,0.05335526168346405,0.09495209157466888,0.1577433943748474,0.25626513361930847,0.5,0.5,1.0
0,3610,25000,0.21759629249572754,0.2658790349960327,0.002451190259307623,1.0,0.002451190259307623,0.007777475751936436,0.014854621142148972,0.028610937297344208,0.0534585677087307,0.09516355395317078,0.15784765779972076,0.2559328079223633,0.5,0.5,1.0
0,3620,25000,0.21763963997364044,0.26589706540107727,0.0023227715864777565,1.0,0.0023227715864777565,0.0077723911963403225,0.014953302219510078,0.028579505160450935,0.05344884470105171,0.09528908133506775,0.15761862695217133,0.25609090924263,0.5,0.5,1.0
0,3630,25000,0.21764710545539856,0.2659800946712494,0.0023905052803456783,1.0,0.0023905052803456783,0.007786772213876247,0.014841911382973194,0.02851361408829689,0.053530432283878326,0.09525460004806519,0.15729759633541107,0.255802720785141,0.5,0.5,1.0
0,3640,25000,0.21773290634155273,0.2661190629005432,0.002329884096980095,1.0,0.002329884096980095,0.0077532753348350525,0.014953876845538616,0.028526941314339638,0.05339864268898964,0.09561076760292053,0.1570769101381302,0.2561035454273224,0.5,0.5,1.0
0,3650,25000,0.21772141754627228,0.26607081294059753,0.0022612062748521566,1.0,0.0022612062748521566,0.007747236639261246,0.014921914786100388,0.02863290347158909,0.05349171534180641,0.09546105563640594,0.15771056711673737,0.2556096911430359,0.5,0.5,1.0
0,3660,25000,0.2176423817873001,0.26597994565963745,0.002281131688505411,1.0,0.002281131688505411,0.007799498271197081,0.014922362752258778,0.02863014116883278,0.053459420800209045,0.09511125832796097,0.15737268328666687,0.25621315836906433,0.5,0.5,1.0
0,3670,25000,0.21764017641544342,0.2658948004245758,0.002287436742335558,1.0,0.002287436742335558,0.007769000716507435,0.014908052049577236,0.028555020689964294,0.05338174104690552,0.09495756030082703,0.1576785147190094,0.25628888607025146,0.5,0.5,1.0
0,3680,25000,0.21776320040225983,0.26605701446533203,0.002421189798042178,1.0,0.002421189798042178,0.0078009325079619884,0.014891250059008598,0.028556855395436287,0.05349300429224968,0.094981849193573,0.15793876349925995,0.25689518451690674,0.5,0.5,1.0
0,3690,25000,0.21766836941242218,0.2660379707813263,0.002408941276371479,1.0,0.002408941276371479,0.007784947287291288,0.014905628748238087,0.0286224577575922,0.05344625562429428,0.09521433711051941,0.15754246711730957,0.25556811690330505,0.5,0.5,1.0
0,3700,25000,0.2176172435283661,0.2660543620586395,0.002194587839767337,1.0,0.002194587839767337,0.007775023579597473,0.014896498993039131,0.028510473668575287,0.053363386541604996,0.09489529579877853,0.15698827803134918,0.25619450211524963,0.5,0.5,1.0
0,3710,25000,0.21767279505729675,0.26598647236824036,0.0023739903699606657,1.0,0.0023739903699606657,0.007783928886055946,0.014838140457868576,0.028601504862308502,0.053457923233509064,0.09498973190784454,0.15754108130931854,0.25608742237091064,0.5,0.5,1.0
0,3720,25000,0.2177186906337738,0.2659934163093567,0.002291560173034668,1.0,0.002291560173034668,0.007758792489767075,0.014854002743959427,0.028585586696863174,0.053690508008003235,0.094845250248909,0.1578870564699173,0.2562589645385742,0.5,0.5,1.0
0,3730,25000,0.2176986187696457,0.26598694920539856,0.0023246051277965307,1.0,0.0023246051277965307,0.007767823059111834,0.01485836785286665,0.02861366793513298,0.05328015610575676,0.09523430466651917,0.1576598733663559,0.2561079263687134,0.5,0.5,1.0
0,3740,25000,0.21774587035179138,0.26608115434646606,0.0023148052860051394,1.0,0.0023148052860051394,0.0077738407999277115,0.01489299163222313,0.028523676097393036,0.0534173883497715,0.09509387612342834,0.15732747316360474,0.25610437989234924,0.5,0.5,1.0
0,3750,25000,0.217728853225708,0.2660481035709381,0.0023396844044327736,1.0,0.0023396844044327736,0.007785378955304623,0.014879654161632061,0.028595486655831337,0.05358455330133438,0.09520001709461212,0.15735825896263123,0.25583401322364807,0.5,0.5,1.0
0,3760,25000,0.21768616139888763,0.26597243547439575,0.0023902596440166235,1.0,0.0023902596440166235,0.007775132544338703,0.014917961321771145,0.02856312319636345,0.053566232323646545,0.0951133742928505,0.15779165923595428,0.25612130761146545,0.5,0.5,1.0
0,3770,25000,0.2177124172449112,0.265970379114151,0.002203406998887658,1.0,0.002203406998887658,0.007755701430141926,0.014894717372953892,0.02854444459080696,0.05340670421719551,0.09531813859939575,0.15777702629566193,0.256698876619339,0.5,0.5,1.0
0,3780,25000,0.21773210167884827,0.2660755515098572,0.0019972685258835554,1.0,0.0019972685258835554,0.007748773787170649,0.014904414303600788,0.028602996841073036,0.053477007895708084,0.09523513913154602,0.1578003168106079,0.25611865520477295,0.5,0.5,1.0
0,3790,25000,0.2177973985671997,0.26604562997817993,0.002373836003243923,1.0,0.002373836003243923,0.007795270532369614,0.014964595437049866,0.02870575524866581,0.053411904722452164,0.09565159678459167,0.15759119391441345,0.2569284737110138,0.5,0.5,1.0
0,3800,25000,0.21769395470619202,0.2660512924194336,0.002236918779090047,1.0,0.002236918779090047,0.007801594212651253,0.014860767871141434,0.028557363897562027,0.05346052721142769,0.09521210193634033,0.15762092173099518,0.25639694929122925,0.5,0.5,1.0
0,3810,25000,0.21770286560058594,0.2660667896270752,0.002379949204623699,1.0,0.002379949204623699,0.0077837384305894375,0.01491475012153387,0.028601374477148056,0.05328649282455444,0.09491245448589325,0.15804249048233032,0.25521910190582275,0.5,0.5,1.0
0,3820,25000,0.2177082747220993,0.26602694392204285,0.0023987016174942255,1.0,0.0023987016174942255,0.00774054741486907,0.014873739331960678,0.02870558202266693,0.05356932058930397,0.09507417678833008,0.15748624503612518,0.2559201717376709,0.5,0.5,1.0
0,3830,25000,0.21764202415943146,0.26592835783958435,0.0021818354725837708,1.0,0.0021818354725837708,0.0077916462905704975,0.014883026480674744,0.028590001165866852,0.05327952653169632,0.09510338306427002,0.15793946385383606,0.2559480667114258,0.5,0.5,1.0
0,3840,25000,0.21768146753311157,0.2659485936164856,0.0021102421451359987,1.0,0.0021102421451359987,0.007783300243318081,0.01485509518533945,0.028563853353261948,0.053424034267663956,0.09561291337013245,0.15769656002521515,0.25674664974212646,0.5,0.5,1.0
0,3850,25000,0.2177162617444992,0.2659817337989807,0.002364864805713296,1.0,0.002364864805713296,0.007788980845361948,0.014886973425745964,0.02867879718542099,0.053381167352199554,0.09512658417224884,0.1577380746603012,0.2556172311306,0.5,0.5,1.0
0,3860,25000,0.21775305271148682,0.2659974694252014,0.0024287065025418997,1.0,0.0024287065025418997,0.007795590441673994,0.01494158897548914,0.028601152822375298,0.05351719632744789,0.09504973888397217,0.15809793770313263,0.25696268677711487,0.5,0.5,1.0
0,3870,25000,0.21775276958942413,0.2660876214504242,0.0022734657395631075,1.0,0.0022734657395631075,0.0077880984172225,0.014878406189382076,0.028601784259080887,0.05361077934503555,0.09531331062316895,0.15780244767665863,0.2565367519855499,0.5,0.5,1.0
0,3880,25000,0.21768894791603088,0.2660909593105316,0.002273853635415435,1.0,0.002273853635415435,0.007754294667392969,0.01490612793713808,0.02858578786253929,0.05336394160985947,0.09489278495311737,0.15740373730659485,0.25624582171440125,0.5,0.5,1.0
0,3890,25000,0.21768154203891754,0.26599937677383423,0.0022266842424869537,1.0,0.0022266842424869537,0.007757795043289661,0.014868149533867836,0.028650572523474693,0.053647927939891815,0.09543970227241516,0.157231867313385,0.2557728886604309,0.5,0.5,1.0
0,3900,25000,0.21774815022945404,0.2660706043243408,0.002287666779011488,1.0,0.002287666779011488,0.00777074322104454,0.01489120814949274,0.028571458533406258,0.053395483642816544,0.09507618844509125,0.1572834998369217,0.256543904542923,0.5,0.5,1.0
0,3910,25000,0.21773231029510498,0.2660735547542572,0.0022829982917755842,1.0,0.0022829982917755842,0.0078025381080806255,0.014878115616738796,0.028588321059942245,0.053599268198013306,0.09537617862224579,0.15789838135242462,0.25632140040397644,0.5,0.5,1.0
0,3920,25000,0.21763138473033905,0.2659739553928375,0.0023041334934532642,1.0,0.0023041334934532642,0.007779957726597786,0.01492349710315466,0.028627909719944,0.053545672446489334,0.0948384553194046,0.15720732510089874,0.25612327456474304,0.5,0.5,1.0
0,3930,25000,0.2176925539970398,0.26603102684020996,0.002315232064574957,1.0,0.002315232064574957,0.007763946894556284,0.014938236214220524,0.02872871235013008,0.05345140025019646,0.09493090957403183,0.15796512365341187,0.2556140720844269,0.5,0.5,1.0
0,3940,25000,0.21768610179424286,0.2660047113895416,0.0021223376970738173,1.0,0.0021223376970738173,0.00779214221984148,0.01494502928107977,0.02862505428493023,0.05349937453866005,0.09532582759857178,0.1577683687210083,0.2556062936782837,0.5,0.5,1.0
0,3950,25000,0.217701256275177,0.26605692505836487,0.002276525367051363,1.0,0.002276525367051363,0.007772906683385372,0.01487553957849741,0.02855330891907215,0.053622063249349594,0.09511061757802963,0.15718317031860352,0.25634557008743286,0.5,0.5,1.0
0,3960,25000,0.2177692949771881,0.2660275399684906,0.0020712914410978556,1.0,0.0020712914410978556,0.0077540697529911995,0.0148872509598732,0.0286965761333704,0.053393907845020294,0.09573256969451904,0.15826357901096344,0.2562052011489868,0.5,0.5,1.0
0,3970,25000,0.21772292256355286,0.2660978436470032,0.0023019060026854277,1.0,0.0023019060026854277,0.007767191156744957,0.014899510890245438,0.028601130470633507,0.053486552089452744,0.09524105489253998,0.15720558166503906,0.2558129131793976,0.5,0.5,1.0
0,3980,25000,0.21768710017204285,0.2660215198993683,0.0021174252033233643,1.0,0.0021174252033233643,0.00780910300090909,0.014899675734341145,0.02861068770289421,0.05368531867861748,0.09501047432422638,0.15788118541240692,0.2562006711959839,0.5,0.5,1.0
0,3990,25000,0.21772915124893188,0.26601842045783997,0.0024253278970718384,1.0,0.0024253278970718384,0.0078030540607869625,0.014907080680131912,0.02875458262860775,0.05358722805976868,0.09508810937404633,0.15771834552288055,0.2562211751937866,0.5,0.5,1.0
0,4000,25000,0.2176099270582199,0.26597270369529724,0.0023075600620359182,1.0,0.0023075600620359182,0.007766943424940109,0.014930615201592445,0.02864418365061283,0.05363413691520691,0.09535739570856094,0.15733873844146729,0.25583624839782715,0.5,0.5,1.0
0,4010,25000,0.2177967131137848,0.26602375507354736,0.002271913690492511,1.0,0.002271913690492511,0.007791636511683464,0.014891848899424076,0.028697630390524864,0.05357183888554573,0.0955958142876625,0.1574467569589615,0.2565337121486664,0.5,0.5,1.0
0,4020,25000,0.2177751511335373,0.2660326361656189,0.0023415558971464634,1.0,0.0023415558971464634,0.007755914703011513,0.014865031465888023,0.02853184938430786,0.053378693759441376,0.09516364336013794,0.15805867314338684,0.2563251852989197,0.5,0.5,1.0
0,4030,25000,0.21771572530269623,0.26595339179039,0.002270663855597377,1.0,0.002270663855597377,0.007760796695947647,0.014887675642967224,0.02857583947479725,0.05362262204289436,0.09545251727104187,0.15787699818611145,0.25638318061828613,0.5,0.5,1.0
0,4040,25000,0.21762317419052124,0.2659257650375366,0.0023935562931001186,1.0,0.0023935562931001186,0.007820799015462399,0.014913222752511501,0.02864198014140129,0.053479839116334915,0.09515689313411713,0.15770119428634644,0.2554844319820404,0.5,0.5,1.0
0,4050,25000,0.21763713657855988,0.26589807868003845,0.002305192407220602,1.0,0.002305192407220602,0.007785086520016193,0.01493940781801939,0.028665276244282722,0.05364091694355011,0.094966821372509,0.15760479867458344,0.255817174911499,0.5,0.5,1.0
0,4060,25000,0.21769580245018005,0.26594939827919006,0.0023600414860993624,1.0,0.0023600414860993624,0.007789663504809141,0.014904571697115898,0.02853778749704361,0.05356203392148018,0.09531833231449127,0.15751925110816956,0.25630995631217957,0.5,0.5,1.0
0,4070,25000,0.21774820983409882,0.2660221755504608,0.002334099030122161,1.0,0.002334099030122161,0.0077787102200090885,0.014924971386790276,0.02864830195903778,0.053539253771305084,0.09506018459796906,0.15751111507415771,0.25682657957077026,0.5,0.5,1.0
0,4080,25000,0.21765047311782837,0.26598936319351196,0.0020998732652515173,1.0,0.0020998732652515173,0.007760226726531982,0.014896413311362267,0.028609158471226692,0.05339055508375168,0.0950610339641571,0.15756236016750336,0.2561383843421936,0.5,0.5,1.0
0,4090,25000,0.2177100032567978,0.26594212651252747,0.0021981834433972836,1.0,0.0021981834433972836,0.007783923763781786,0.014898831956088543,0.028641415759921074,0.053501565009355545,0.09537855535745621,0.15798848867416382,0.2557637691497803,0.5,0.5,1.0
0,4100,25000,0.21776002645492554,0.2661082446575165,0.0023064976558089256,1.0,0.0023064976558089256,0.007784312590956688,0.01489565335214138,0.02860511653125286,0.05320432037115097,0.0952644944190979,0.1581803262233734,0.25650840997695923,0.5,0.5,1.0
0,4110,25000,0.2176145762205124,0.2659613788127899,0.002202981151640415,1.0,0.002202981151640415,0.0077801416628062725,0.014865843579173088,0.02860874868929386,0.05350524187088013,0.095298632979393,0.1572389304637909,0.2554839253425598,0.5,0.5,1.0
0,4120,25000,0.21774974465370178,0.26602059602737427,0.002388742985203862,1.0,0.002388742985203862,0.007778153754770756,0.014942409470677376,0.028566505759954453,0.05362330377101898,0.09519845247268677,0.15764398872852325,0.25536033511161804,0.5,0.5,1.0
0,4130,25000,0.2177431732416153,0.2660568952560425,0.0022100971546024084,1.0,0.0022100971546024084,0.007785292342305183,0.014922933652997017,0.028571493923664093,0.053399041295051575,0.09526711702346802,0.15828314423561096,0.25657224655151367,0.5,0.5,1.0
0,4140,25000,0.21768762171268463,0.2660053074359894,0.0022605133708566427,1.0,0.0022605133708566427,0.007811039220541716,0.0148794399574399,0.02860249951481819,0.05329066142439842,0.09528498351573944,0.1575985699892044,0.2561200261116028,0.5,0.5,1.0
0,4150,25000,0.21777193248271942,0.26603424549102783,0.002434292109683156,1.0,0.002434292109683156,0.007769323419779539,0.014961647801101208,0.02852790243923664,0.05361656844615936,0.09532956779003143,0.15809834003448486,0.25628286600112915,0.5,0.5,1.0
0,4160,25000,0.21774537861347198,0.26608753204345703,0.0022716186940670013,1.0,0.0022716186940670013,0.00777447922155261,0.01489243470132351,0.028655892238020897,0.053403936326503754,0.09529456496238708,0.15768614411354065,0.2559557855129242,0.5,0.5,1.0
0,4170,25000,0.2177240252494812,0.2660672962665558,0.002086360938847065,1.0,0.002086360938847065,0.007789677940309048,0.014872349798679352,0.028538143262267113,0.053358957171440125,0.0954371839761734,0.15759077668190002,0.2558076083660126,0.5,0.5,1.0
0,4180,25000,0.21780183911323547,0.2661794424057007,0.0023056017234921455,1.0,0.0023056017234921455,0.007772714365273714,0.0148293636739254,0.028624409809708595,0.05346674844622612,0.09522171318531036,0.15774837136268616,0.2559921145439148,0.5,0.5,1.0
0,4190,25000,0.217813178896904,0.26618731021881104,0.002344487002119422,1.0,0.002344487002119422,0.007769226096570492,0.014902165159583092,0.0287468321621418,0.053629320114851,0.09538684785366058,0.1574048548936844,0.2566833794116974,0.5,0.5,1.0
0,4200,25000,0.21774204075336456,0.26603126525878906,0.0022484424989670515,1.0,0.0022484424989670515,0.007794751785695553,0.014885874465107918,0.0286503117531538,0.05353038012981415,0.0949401706457138,0.1577157974243164,0.25639986991882324,0.5,0.5,1.0
0,4210,25000,0.21778136491775513,0.26609084010124207,0.0024071866646409035,1.0,0.0024071866646409035,0.007795637007802725,0.014869148842990398,0.028518585488200188,0.05360415577888489,0.09522268176078796,0.15788519382476807,0.25575873255729675,0.5,0.5,1.0
0,4220,25000,0.21772423386573792,0.2661000192165375,0.002539966953918338,1.0,0.002539966953918338,0.0077939764596521854,0.014904276467859745,0.028570016846060753,0.053445033729076385,0.09544874727725983,0.15754328668117523,0.25636422634124756,0.5,0.5,1.0
0,4230,25000,0.21773067116737366,0.26599985361099243,0.0021802091505378485,1.0,0.0021802091505378485,0.007742771878838539,0.01490834727883339,0.028612973168492317,0.053516194224357605,0.09526104480028152,0.157841295003891,0.25595319271087646,0.5,0.5,1.0
0,4240,25000,0.21776269376277924,0.26609480381011963,0.0022842546459287405,1.0,0.0022842546459287405,0.007764117326587439,0.014869065023958683,0.028534885495901108,0.053587451577186584,0.09490842372179031,0.15779273211956024,0.2563866674900055,0.5,0.5,1.0
0,4250,25000,0.21774078905582428,0.2660575807094574,0.0023863548412919044,1.0,0.0023863548412919044,0.007791983895003796,0.014850513078272343,0.028593596071004868,0.05352892354130745,0.0949205756187439,0.15771806240081787,0.2564849853515625,0.5,0.5,1.0
0,4260,25000,0.2176518738269806,0.2660141587257385,0.0024317067582160234,1.0,0.0024317067582160234,0.00780543964356184,0.014875954948365688,0.028545372188091278,0.05348881706595421,0.09517031908035278,0.1575457602739334,0.25623416900634766,0.5,0.5,1.0
0,4270,25000,0.2177579551935196,0.26600581407546997,0.0023718485608696938,1.0,0.0023718485608696938,0.0077674491330981255,0.01491667702794075,0.028600206598639488,0.053422655910253525,0.0950755923986435,0.15818572044372559,0.25635719299316406,0.5,0.5,1.0
0,4280,25000,0.21769419312477112,0.266044557094574,0.0022615992929786444,1.0,0.0022615992929786444,0.007773264776915312,0.014886665157973766,0.02852666936814785,0.053405262529850006,0.09538214653730392,0.158025324344635,0.25600048899650574,0.5,0.5,1.0
0,4290,25000,0.21764005720615387,0.26594528555870056,0.0023677737917751074,1.0,0.0023677737917751074,0.007759027648717165,0.01488324161618948,0.02859104983508587,0.05344727635383606,0.09511460363864899,0.15721017122268677,0.2560584247112274,0.5,0.5,1.0
0,4300,25000,0.2177068591117859,0.2660340666770935,0.002298744861036539,1.0,0.002298744861036539,0.007772366050630808,0.014879110269248486,0.028536465018987656,0.05361758917570114,0.09529061615467072,0.15768647193908691,0.2559260129928589,0.5,0.5,1.0
0,4310,25000,0.21766673028469086,0.2660137116909027,0.002387399086728692,1.0,0.002387399086728692,0.0077847810462117195,0.014901130460202694,0.02857937291264534,0.053666237741708755,0.09531889855861664,0.15725354850292206,0.25594767928123474,0.5,0.5,1.0
0,4320,25000,0.21765752136707306,0.26602062582969666,0.0021432428620755672,1.0,0.0021432428620755672,0.007806064561009407,0.014927703887224197,0.0286378376185894,0.05335141345858574,0.09512992948293686,0.15706823766231537,0.25609785318374634,0.5,0.5,1.0
0,4330,25000,0.21766668558120728,0.26603201031684875,0.0023848959244787693,1.0,0.0023848959244787693,0.0078023262321949005,0.014924203045666218,0.02858448401093483,0.05344661325216293,0.09531453996896744,0.1575005203485489,0.2555721402168274,0.5,0.5,1.0
0,4340,25000,0.2177698016166687,0.2661052942276001,0.002261217450723052,1.0,0.002261217450723052,0.007774089463055134,0.014863722957670689,0.028580117970705032,0.0531756654381752,0.0947471559047699,0.1581527590751648,0.25619804859161377,0.5,0.5,1.0
0,4350,25000,0.21770940721035004,0.26598063111305237,0.002389342524111271,1.0,0.002389342524111271,0.007759471889585257,0.014884816482663155,0.028640037402510643,0.05355311185121536,0.09512520581483841,0.1574447751045227,0.2568914294242859,0.5,0.5,1.0
0,4360,25000,0.21770687401294708,0.2660489082336426,0.002437660936266184,1.0,0.002437660936266184,0.007790794130414724,0.014807450585067272,0.028565680608153343,0.05326781049370766,0.09496895968914032,0.15770167112350464,0.2558167278766632,0.5,0.5,1.0
0,4370,25000,0.21772927045822144,0.2660245895385742,0.0023710071109235287,1.0,0.0023710071109235287,0.0077349161729216576,0.01490697544068098,0.028571458533406258,0.05356220528483391,0.09523463994264603,0.15755648910999298,0.25587645173072815,0.5,0.5,1.0
0,4380,25000,0.21771952509880066,0.26606303453445435,0.0020183981396257877,1.0,0.0020183981396257877,0.007803398184478283,0.014921585097908974,0.028658995404839516,0.05348074063658714,0.0950763002038002,0.15758368372917175,0.255930095911026,0.5,0.5,1.0
0,4390,25000,0.21775546669960022,0.26606929302215576,0.002171005355194211,1.0,0.002171005355194211,0.007765399292111397,0.014881175942718983,0.02863886207342148,0.053467124700546265,0.0952058658003807,0.15781591832637787,0.2562187612056732,0.5,0.5,1.0
0,4400,25000,0.21774713695049286,0.26602903008461,0.0024525788612663746,1.0,0.0024525788612663746,0.007783998269587755,0.014900985173881054,0.028523603454232216,0.05338636040687561,0.09529022872447968,0.15792790055274963,0.25679871439933777,0.5,0.5,1.0
0,4410,25000,0.21768370270729065,0.2660561501979828,0.002249181503430009,1.0,0.002249181503430009,0.007776407990604639,0.01493884902447462,0.028539180755615234,0.05349757894873619,0.09519398212432861,0.1573529690504074,0.25563085079193115,0.5,0.5,1.0
0,4420,25000,0.21777936816215515,0.2660539746284485,0.0023786670062690973,1.0,0.0023786670062690973,0.007757911924272776,0.014928366988897324,0.028596611693501472,0.05353621765971184,0.09528160095214844,0.15819604694843292,0.25623610615730286,0.5,0.5,1.0
0,4430,25000,0.21770073473453522,0.26607856154441833,0.002350709168240428,1.0,0.002350709168240428,0.007810981012880802,0.014865952543914318,0.028593705967068672,0.05345941707491875,0.09535466134548187,0.15782515704631805,0.2556561827659607,0.5,0.5,1.0
0,4440,25000,0.2177165150642395,0.26611876487731934,0.0024735527113080025,1.0,0.0024735527113080025,0.007795203011482954,0.014875970780849457,0.028559217229485512,0.05355115979909897,0.09526025503873825,0.15793105959892273,0.25578445196151733,0.5,0.5,1.0
0,4450,25000,0.21775566041469574,0.2659662663936615,0.002388598630204797,1.0,0.002388598630204797,0.0077905296348035336,0.014914303086698055,0.028687892481684685,0.05357452854514122,0.09513889253139496,0.158208429813385,0.2567446529865265,0.5,0.5,1.0
0,4460,25000,0.2175953984260559,0.2659439742565155,0.002341280225664377,1.0,0.002341280225664377,0.007769087329506874,0.014944850467145443,0.028644651174545288,0.053391605615615845,0.09520118683576584,0.15771979093551636,0.2559017837047577,0.5,0.5,1.0
0,4470,25000,0.21770042181015015,0.2659648358821869,0.002325762528926134,1.0,0.002325762528926134,0.007783818524330854,0.01491985097527504,0.028560258448123932,0.05338471010327339,0.09535782784223557,0.1576293408870697,0.2567557096481323,0.5,0.5,1.0
0,4480,25000,0.21771061420440674,0.26603639125823975,0.0020959253888577223,1.0,0.0020959253888577223,0.007797995116561651,0.014920979738235474,0.02859870344400406,0.05342027544975281,0.09482531249523163,0.15763112902641296,0.2563345730304718,0.5,0.5,1.0
0,4490,25000,0.21764859557151794,0.26599031686782837,0.002007539849728346,1.0,0.002007539849728346,0.007770952768623829,0.014873549342155457,0.02860920876264572,0.05341625213623047,0.0953008234500885,0.15734300017356873,0.25659286975860596,0.5,0.5,1.0
0,4500,25000,0.21774403750896454,0.2660158574581146,0.0024238743353635073,1.0,0.0024238743353635073,0.007761884946376085,0.014896843582391739,0.028660370036959648,0.053513530641794205,0.09518028795719147,0.15800879895687103,0.25603535771369934,0.5,0.5,1.0
0,4510,25000,0.2177124321460724,0.2659718692302704,0.0020552303176373243,1.0,0.0020552303176373243,0.00779834995046258,0.014895395375788212,0.028603730723261833,0.053534552454948425,0.09498855471611023,0.15755949914455414,0.2563703656196594,0.5,0.5,1.0
0,4520,25000,0.2177126407623291,0.2659832835197449,0.0020634429529309273,1.0,0.0020634429529309273,0.007759490050375462,0.014910963363945484,0.028618980199098587,0.0535854697227478,0.0953761637210846,0.1581263542175293,0.2557329535484314,0.5,0.5,1.0
0,4530,25000,0.2177758663892746,0.2660799026489258,0.0025148564018309116,1.0,0.0025148564018309116,0.007787394803017378,0.014884061180055141,0.028654998168349266,0.053383439779281616,0.09538711607456207,0.15790913999080658,0.2562381625175476,0.5,0.5,1.0
0,4540,25000,0.21771405637264252,0.265961617231369,0.0024806219153106213,1.0,0.0024806219153106213,0.007774638012051582,0.014877083711326122,0.02854987233877182,0.0534682460129261,0.0954962968826294,0.15748101472854614,0.256014883518219,0.5,0.5,1.0
0,4550,25000,0.21779009699821472,0.2660319209098816,0.0023690846282988787,1.0,0.0023690846282988787,0.007778978906571865,0.014912399463355541,0.028589637950062752,0.0533209927380085,0.09527306258678436,0.15814968943595886,0.2561309039592743,0.5,0.5,1.0
0,4560,25000,0.21770240366458893,0.26612672209739685,0.0024267497938126326,1.0,0.0024267497938126326,0.007779966574162245,0.014944433234632015,0.028511086478829384,0.05338473990559578,0.0950922816991806,0.15779095888137817,0.2555190920829773,0.5,0.5,1.0
0,4570,25000,0.2177056074142456,0.2660437226295471,0.0022567808628082275,1.0,0.0022567808628082275,0.007759472820907831,0.014851238578557968,0.028507476672530174,0.053597018122673035,0.09504874050617218,0.15807609260082245,0.2560688257217407,0.5,0.5,1.0
0,4580,25000,0.21780435740947723,0.2660922408103943,0.002295341808348894,1.0,0.002295341808348894,0.0077947997488081455,0.014933962374925613,0.028500985354185104,0.05343695729970932,0.0953800231218338,0.15726855397224426,0.2561030983924866,0.5,0.5,1.0
0,4590,25000,0.21772059798240662,0.26608890295028687,0.0022062461357563734,1.0,0.0022062461357563734,0.00778288533911109,0.014864274300634861,0.02853694185614586,0.053381405770778656,0.09508147835731506,0.15776468813419342,0.25629380345344543,0.5,0.5,1.0
0,4600,25000,0.21766908466815948,0.2659854292869568,0.002191312378272414,1.0,0.002191312378272414,0.007785220164805651,0.014947924762964249,0.02857210859656334,0.053361259400844574,0.09523805975914001,0.15777917206287384,0.25658246874809265,0.5,0.5,1.0
0,4610,25000,0.21766211092472076,0.26596957445144653,0.0024158693850040436,1.0,0.0024158693850040436,0.00783501099795103,0.014899779111146927,0.028639517724514008,0.05332797393202782,0.09513555467128754,0.15745700895786285,0.25624555349349976,0.5,0.5,1.0
0,4620,25000,0.21775348484516144,0.2660048305988312,0.0020419294014573097,1.0,0.0020419294014573097,0.007786048576235771,0.014910975471138954,0.028709733858704567,0.05364645645022392,0.09506386518478394,0.1578989028930664,0.25625181198120117,0.5,0.5,1.0
0,4630,25000,0.21772941946983337,0.2660202383995056,0.0020318494644016027,1.0,0.0020318494644016027,0.0077635059133172035,0.014932062476873398,0.028688272461295128,0.053462132811546326,0.09520397335290909,0.15742270648479462,0.2557544708251953,0.5,0.5,1.0
0,4640,25000,0.21774889528751373,0.2660151720046997,0.00250037363730371,1.0,0.00250037363730371,0.007794917095452547,0.01484424713999033,0.028527425602078438,0.05354490131139755,0.09557533264160156,0.15717950463294983,0.256258487701416,0.5,0.5,1.0
0,4650,25000,0.2177864909172058,0.26603078842163086,0.0024068497586995363,1.0,0.0024068497586995363,0.007781509310007095,0.014851080253720284,0.02864929847419262,0.05347028374671936,0.09512308239936829,0.15803931653499603,0.2566899061203003,0.5,0.5,1.0
0,4660,25000,0.21770718693733215,0.2660341262817383,0.0023751750122755766,1.0,0.0023751750122755766,0.007776579819619656,0.014866664074361324,0.028473393991589546,0.053470462560653687,0.09509143978357315,0.15775203704833984,0.25617218017578125,0.5,0.5,1.0
0,4670,25000,0.21763744950294495,0.26596295833587646,0.002236088737845421,1.0,0.002236088737845421,0.007760393433272839,0.014865836128592491,0.02855817787349224,0.05331212282180786,0.09517981112003326,0.15806753933429718,0.2559877634048462,0.5,0.5,1.0
0,4680,25000,0.2176242470741272,0.26591381430625916,0.0023271290119737387,1.0,0.0023271290119737387,0.007778639905154705,0.01487121731042862,0.028603505343198776,0.05352167412638664,0.09534256160259247,0.15754899382591248,0.25591710209846497,0.5,0.5,1.0
0,4690,25000,0.2176506519317627,0.2659342885017395,0.002366712549701333,1.0,0.002366712549701333,0.007756588514894247,0.014913464896380901,0.028650647029280663,0.05359470471739769,0.09512124955654144,0.1574048399925232,0.25606781244277954,0.5,0.5,1.0
0,4700,25000,0.21771617233753204,0.26609453558921814,0.0023364557418972254,1.0,0.0023364557418972254,0.007794443983584642,0.014892470091581345,0.028494929894804955,0.05364241078495979,0.09507188946008682,0.1576434075832367,0.25569793581962585,0.5,0.5,1.0
0,4710,25000,0.21779921650886536,0.266101211309433,0.002238873392343521,1.0,0.002238873392343521,0.007793667260557413,0.01486112829297781,0.028590256348252296,0.053521305322647095,0.0950721725821495,0.15782639384269714,0.2563106119632721,0.5,0.5,1.0
0,4720,25000,0.21782846748828888,0.26613783836364746,0.0020949947647750378,1.0,0.0020949947647750378,0.007785910740494728,0.014866765588521957,0.028499271720647812,0.053544506430625916,0.09520190954208374,0.15761592984199524,0.25646770000457764,0.5,0.5,1.0
0,4730,25000,0.21777349710464478,0.2661559581756592,0.00219848845154047,1.0,0.00219848845154047,0.007760048843920231,0.014931411482393742,0.028568783774971962,0.053409408777952194,0.09522965550422668,0.15770076215267181,0.255837619304657,0.5,0.5,1.0
0,4740,25000,0.2176820933818817,0.26603463292121887,0.002466699341312051,1.0,0.002466699341312051,0.007767131086438894,0.014863116666674614,0.028555840253829956,0.053514182567596436,0.09551554918289185,0.15779472887516022,0.2556610405445099,0.5,0.5,1.0
0,4750,25000,0.21767590939998627,0.26598474383354187,0.002302903216332197,1.0,0.002302903216332197,0.007800978608429432,0.014901122078299522,0.028551843017339706,0.05360892787575722,0.09493452310562134,0.15727490186691284,0.2561282217502594,0.5,0.5,1.0
0,4760,25000,0.21774525940418243,0.26595404744148254,0.0022939357440918684,1.0,0.0022939357440918684,0.007744364440441132,0.01492283958941698,0.02852257713675499,0.05350090563297272,0.09520652890205383,0.15739403665065765,0.256255567073822,0.5,0.5,1.0
0,4770,25000,0.21760496497154236,0.26593998074531555,0.0022400296293199062,1.0,0.0022400296293199062,0.0077944123186171055,0.014927406795322895,0.02854287251830101,0.053469765931367874,0.0951623022556305,0.15741518139839172,0.2557305097579956,0.5,0.5,1.0
0,4780,25000,0.21763280034065247,0.2660050392150879,0.002243612427264452,1.0,0.002243612427264452,0.007781743537634611,0.014879308640956879,0.028547346591949463,0.053547512739896774,0.09504794329404831,0.15761752426624298,0.2554384469985962,0.5,0.5,1.0
0,4790,25000,0.21767018735408783,0.26601967215538025,0.001848387997597456,1.0,0.001848387997597456,0.007809092290699482,0.01489498931914568,0.028651095926761627,0.05336955934762955,0.09546820819377899,0.1575702428817749,0.255720317363739,0.5,0.5,1.0
0,4800,25000,0.21783894300460815,0.26612523198127747,0.002220235066488385,1.0,0.002220235066488385,0.007800300605595112,0.014931149780750275,0.028566796332597733,0.05352981388568878,0.09513776004314423,0.15766102075576782,0.25626271963119507,0.5,0.5,1.0
0,4810,25000,0.2177017480134964,0.2660754323005676,0.002296572783961892,1.0,0.002296572783961892,0.007768526673316956,0.014935754239559174,0.028638146817684174,0.053164441138505936,0.09493860602378845,0.15736840665340424,0.25637468695640564,0.5,0.5,1.0
0,4820,25000,0.21768182516098022,0.2660790681838989,0.002353489398956299,1.0,0.002353489398956299,0.007744374219328165,0.014889105223119259,0.02870052680373192,0.05338051915168762,0.095309779047966,0.1576637178659439,0.2557007968425751,0.5,0.5,1.0
0,4830,25000,0.21770425140857697,0.2660112679004669,0.0019078166224062443,1.0,0.0019078166224062443,0.007757056038826704,0.014931014738976955,0.02857648767530918,0.05347418040037155,0.09532953053712845,0.1572982370853424,0.25562596321105957,0.5,0.5,1.0
0,4840,25000,0.21771200001239777,0.2660391330718994,0.002360623562708497,1.0,0.002360623562708497,0.007766596041619778,0.014911666512489319,0.02858784794807434,0.05349033325910568,0.09499722719192505,0.1572626531124115,0.2562156915664673,0.5,0.5,1.0
0,4850,25000,0.21779298782348633,0.2660430073738098,0.002151127438992262,1.0,0.002151127438992262,0.007760129403322935,0.014951503835618496,0.028585191816091537,0.05372804403305054,0.09522604942321777,0.1583525389432907,0.2571907043457031,0.5,0.5,1.0
0,4860,25000,0.21768835186958313,0.2660866677761078,0.0024643780197948217,1.0,0.0024643780197948217,0.007783039938658476,0.014952133409678936,0.02858755551278591,0.0533703975379467,0.09492611885070801,0.15779180824756622,0.2558489143848419,0.5,0.5,1.0
0,4870,25000,0.2177710384130478,0.26608356833457947,0.0023216092959046364,1.0,0.0023216092959046364,0.007814249955117702,0.014930094592273235,0.028559604659676552,0.05354732275009155,0.09547507762908936,0.15742677450180054,0.25555333495140076,0.5,0.5,1.0
0,4880,25000,0.2177061140537262,0.2661217451095581,0.0019961472135037184,1.0,0.0019961472135037184,0.007768157869577408,0.014940410852432251,0.028528744354844093,0.053259436041116714,0.09500354528427124,0.1571197658777237,0.2560341954231262,0.5,0.5,1.0
0,4890,25000,0.21771582961082458,0.2660108208656311,0.0021335529163479805,1.0,0.0021335529163479805,0.007773505058139563,0.014919794164597988,0.028590533882379532,0.05340292677283287,0.09525025635957718,0.1582207828760147,0.25567394495010376,0.5,0.5,1.0
0,4900,25000,0.21780577301979065,0.265980988740921,0.0024427708704024553,1.0,0.0024427708704024553,0.007783235516399145,0.014898636378347874,0.02872752770781517,0.053558845072984695,0.09507118165493011,0.15817134082317352,0.25666365027427673,0.5,0.5,1.0
0,4910,25000,0.2178102731704712,0.26609721779823303,0.0022834150586277246,1.0,0.0022834150586277246,0.0077902087941765785,0.014957377687096596,0.028602758422493935,0.053387776017189026,0.09542728960514069,0.15768317878246307,0.2564462721347809,0.5,0.5,1.0
0,4920,25000,0.21774493157863617,0.2661144435405731,0.002284530084580183,1.0,0.002284530084580183,0.007769059389829636,0.014867586083710194,0.028538482263684273,0.05334142968058586,0.09518126398324966,0.15784555673599243,0.2563842236995697,0.5,0.5,1.0
0,4930,25000,0.2177712321281433,0.2660815417766571,0.0019482620991766453,1.0,0.0019482620991766453,0.007766942959278822,0.01492876373231411,0.028652286157011986,0.0533236525952816,0.0953274518251419,0.15756362676620483,0.2572290897369385,0.5,0.5,1.0
0,4940,25000,0.2177094668149948,0.26607370376586914,0.0023288640659302473,1.0,0.0023288640659302473,0.0077550215646624565,0.014887498691678047,0.028616048395633698,0.053355030715465546,0.0952080637216568,0.15760892629623413,0.256125807762146,0.5,0.5,1.0
0,4950,25000,0.21772652864456177,0.26609617471694946,0.002184859476983547,1.0,0.002184859476983547,0.007783178240060806,0.014891824685037136,0.02863178215920925,0.053518589586019516,0.0952296033501625,0.1577555388212204,0.2556605637073517,0.5,0.5,1.0
0,4960,25000,0.2176695615053177,0.2660098075866699,0.00231535779312253,1.0,0.00231535779312253,0.00778041360899806,0.014900648035109043,0.02859974279999733,0.053331341594457626,0.09523633122444153,0.15734609961509705,0.2559449374675751,0.5,0.5,1.0
0,4970,25000,0.21766909956932068,0.26600754261016846,0.002077790442854166,1.0,0.002077790442854166,0.007771109696477652,0.014848950318992138,0.02858014963567257,0.053521376103162766,0.09519533067941666,0.15758636593818665,0.2555530071258545,0.5,0.5,1.0
0,4980,25000,0.21773850917816162,0.2660699188709259,0.0024921882431954145,1.0,0.0024921882431954145,0.0077490732073783875,0.014885390177369118,0.028513872995972633,0.053559496998786926,0.09500950574874878,0.1575089693069458,0.2562336325645447,0.5,0.5,1.0
0,4990,25000,0.21763667464256287,0.2659861147403717,0.002413031179457903,1.0,0.002413031179457903,0.007766926661133766,0.014882107265293598,0.028677068650722504,0.05347168445587158,0.09513424336910248,0.15772266685962677,0.25615817308425903,0.5,0.5,1.0
0,5000,25000,0.21770630776882172,0.2660090923309326,0.0024633207358419895,1.0,0.0024633207358419895,0.007776451762765646,0.014898997731506824,0.028644857928156853,0.05356232449412346,0.09530524909496307,0.1578434407711029,0.25589868426322937,0.5,0.5,1.0
0,5010,25000,0.21769966185092926,0.2660660743713379,0.002114277333021164,1.0,0.002114277333021164,0.007781492546200752,0.014896214008331299,0.028604665771126747,0.053423281759023666,0.09528258442878723,0.1576528698205948,0.2557346224784851,0.5,0.5,1.0
0,5020,25000,0.21767441928386688,0.266079843044281,0.002455291571095586,1.0,0.002455291571095586,0.007768116891384125,0.014873615466058254,0.028586091473698616,0.053536102175712585,0.09500494599342346,0.15733477473258972,0.256258100271225,0.5,0.5,1.0
0,5030,25000,0.21776936948299408,0.2660861611366272,0.0024440516717731953,1.0,0.0024440516717731953,0.0077718207612633705,0.01488663349300623,0.028465349227190018,0.05345059558749199,0.09558500349521637,0.1575179100036621,0.256439208984375,0.5,0.5,1.0
0,5040,25000,0.21781983971595764,0.2660679519176483,0.0021483376622200012,1.0,0.0021483376622200012,0.0077928341925144196,0.014909768477082253,0.02852177992463112,0.05352942645549774,0.09526855498552322,0.15796469151973724,0.2565686106681824,0.5,0.5,1.0
0,5050,25000,0.21769165992736816,0.2660231292247772,0.00240522064268589,1.0,0.00240522064268589,0.007770712487399578,0.014904010109603405,0.028604311868548393,0.0533597469329834,0.0949544906616211,0.1580640822649002,0.2560645043849945,0.5,0.5,1.0
0,5060,25000,0.21773581206798553,0.26602238416671753,0.0022175912745296955,1.0,0.0022175912745296955,0.007769120391458273,0.014875859022140503,0.028546230867505074,0.053560227155685425,0.09508584439754486,0.15751665830612183,0.2561509311199188,0.5,0.5,1.0
0,5070,25000,0.217654749751091,0.26597675681114197,0.002228159923106432,1.0,0.002228159923106432,0.007801862899214029,0.014970592223107815,0.02857639454305172,0.05348308011889458,0.09508069604635239,0.1572384089231491,0.2556133270263672,0.5,0.5,1.0
0,5080,25000,0.21777641773223877,0.26609036326408386,0.002210336970165372,1.0,0.002210336970165372,0.0077754659578204155,0.014873042702674866,0.028658052906394005,0.05354151502251625,0.0954434871673584,0.15760232508182526,0.2563249468803406,0.5,0.5,1.0
0,5090,25000,0.21772654354572296,0.26606789231300354,0.0023794316221028566,1.0,0.0023794316221028566,0.00778082525357604,0.014910785481333733,0.02859124355018139,0.05356985330581665,0.09517808258533478,0.1579177975654602,0.25582772493362427,0.5,0.5,1.0
0,5100,25000,0.21770621836185455,0.26611363887786865,0.0022907834500074387,1.0,0.0022907834500074387,0.007790392264723778,0.014873204752802849,0.02867325022816658,0.053401436656713486,0.09477481245994568,0.15737341344356537,0.2565724551677704,0.5,0.5,1.0
0,5110,25000,0.21765801310539246,0.2660571038722992,0.0018507669446989894,1.0,0.0018507669446989894,0.007767081260681152,0.014939801767468452,0.028643231838941574,0.0534902885556221,0.09505423903465271,0.15752625465393066,0.2565668225288391,0.5,0.5,1.0
0,5120,25000,0.21773666143417358,0.2661241292953491,0.002370501169934869,1.0,0.002370501169934869,0.0077580539509654045,0.014920685440301895,0.028669197112321854,0.053462062031030655,0.09514378011226654,0.1574571281671524,0.2564748227596283,0.5,0.5,1.0
0,5130,25000,0.21785223484039307,0.2661311626434326,0.0022370032966136932,1.0,0.0022370032966136932,0.007777082733809948,0.01487327367067337,0.028646007180213928,0.053632453083992004,0.09525595605373383,0.15770508348941803,0.25704213976860046,0.5,0.5,1.0
0,5140,25000,0.21774226427078247,0.26613426208496094,0.0023635588586330414,1.0,0.0023635588586330414,0.007807143032550812,0.014854238368570805,0.02854403480887413,0.05363614484667778,0.09500980377197266,0.15766510367393494,0.25635749101638794,0.5,0.5,1.0
0,5150,25000,0.21782776713371277,0.2660727798938751,0.0022856704890727997,1.0,0.0022856704890727997,0.007785180117934942,0.014950241893529892,0.028652388602495193,0.053627222776412964,0.09493890404701233,0.15846703946590424,0.25686168670654297,0.5,0.5,1.0
0,5160,25000,0.21765954792499542,0.2660142183303833,0.0024203176144510508,1.0,0.0024203176144510508,0.007765413261950016,0.014931022189557552,0.02856692671775818,0.053664084523916245,0.09511309862136841,0.1580979973077774,0.2558082342147827,0.5,0.5,1.0
0,5170,25000,0.2176491618156433,0.2660458981990814,0.0022671076003462076,1.0,0.0022671076003462076,0.007764596026390791,0.014919535256922245,0.02861902117729187,0.05357993021607399,0.09522663056850433,0.1575062870979309,0.2560579478740692,0.5,0.5,1.0
0,5180,25000,0.21776512265205383,0.2661031186580658,0.0022542031947523355,1.0,0.0022542031947523355,0.007773571647703648,0.01490362174808979,0.028664272278547287,0.05361003801226616,0.09505613148212433,0.15746738016605377,0.2556054890155792,0.5,0.5,1.0
0,5190,25000,0.2176457941532135,0.26604440808296204,0.002245670184493065,1.0,0.002245670184493065,0.007783707696944475,0.014918051660060883,0.02846832014620304,0.053449902683496475,0.09499413520097733,0.1573200225830078,0.2559646666049957,0.5,0.5,1.0
0,5200,25000,0.21774302423000336,0.2660025656223297,0.0020865057595074177,1.0,0.0020865057595074177,0.007789585739374161,0.014927639625966549,0.028771765530109406,0.05334147810935974,0.0952136367559433,0.15702126920223236,0.2568039000034332,0.5,0.5,1.0
0,5210,25000,0.2177896797657013,0.2660890221595764,0.0023461158853024244,1.0,0.0023461158853024244,0.00774602172896266,0.014914315193891525,0.028560861945152283,0.053472284227609634,0.0953463464975357,0.15781547129154205,0.25670406222343445,0.5,0.5,1.0
0,5220,25000,0.21769320964813232,0.2659872770309448,0.002240391680970788,1.0,0.002240391680970788,0.0077883657068014145,0.014867652207612991,0.028531307354569435,0.05359208956360817,0.09537483751773834,0.15747229754924774,0.25634658336639404,0.5,0.5,1.0
0,5230,25000,0.21770018339157104,0.26609981060028076,0.002554532838985324,1.0,0.002554532838985324,0.007820099592208862,0.014892399311065674,0.02855747751891613,0.05334226042032242,0.09513697028160095,0.15749867260456085,0.2552603781223297,0.5,0.5,1.0
0,5240,25000,0.21778060495853424,0.26617175340652466,0.0024696241598576307,1.0,0.0024696241598576307,0.00776237528771162,0.014888572506606579,0.02859554812312126,0.05342065915465355,0.09513344615697861,0.1576736569404602,0.25651535391807556,0.5,0.5,1.0
0,5250,25000,0.2177128940820694,0.26605224609375,0.002090596593916416,1.0,0.002090596593916416,0.007762629073113203,0.014910505153238773,0.02869117259979248,0.053569648414850235,0.09513696283102036,0.15723803639411926,0.2554081082344055,0.5,0.5,1.0
0,5260,25000,0.21769915521144867,0.2661174535751343,0.0025012295227497816,1.0,0.0025012295227497816,0.00779485609382391,0.01488522533327341,0.02856682799756527,0.05335865914821625,0.09532378613948822,0.1578344851732254,0.2560930848121643,0.5,0.5,1.0
0,5270,25000,0.21776893734931946,0.2661365568637848,0.002396281808614731,1.0,0.002396281808614731,0.0077544646337628365,0.014865313656628132,0.02852676995098591,0.05362723767757416,0.09521745145320892,0.15739648044109344,0.2556558847427368,0.5,0.5,1.0
0,5280,25000,0.21787101030349731,0.2661636471748352,0.0023020203225314617,1.0,0.0023020203225314617,0.007795095909386873,0.014909394085407257,0.028664367273449898,0.053538497537374496,0.09521035850048065,0.15819600224494934,0.2560451626777649,0.5,0.5,1.0
0,5290,25000,0.2177228182554245,0.26601582765579224,0.002299991901963949,1.0,0.002299991901963949,0.007776761893182993,0.014908717013895512,0.028573162853717804,0.05345211550593376,0.09517109394073486,0.1578022986650467,0.25637874007225037,0.5,0.5,1.0
0,5300,25000,0.2177160531282425,0.26606038212776184,0.0023497319780290127,1.0,0.0023497319780290127,0.00777989299967885,0.01491930615156889,0.02858911268413067,0.05348771810531616,0.09497608989477158,0.15745709836483002,0.25578930974006653,0.5,0.5,1.0
0,5310,25000,0.21777033805847168,0.2661149799823761,0.0023079884704202414,1.0,0.0023079884704202414,0.007774767465889454,0.01493315864354372,0.028576452285051346,0.05347159877419472,0.09495127201080322,0.15812966227531433,0.2558414041996002,0.5,0.5,1.0
0,5320,25000,0.21780163049697876,0.26609882712364197,0.0022565582767128944,1.0,0.0022565582767128944,0.0077556162141263485,0.014878831803798676,0.028535963967442513,0.05323321372270584,0.0951404869556427,0.15813976526260376,0.25640809535980225,0.5,0.5,1.0
0,5330,25000,0.21781934797763824,0.26609674096107483,0.0022816902492195368,1.0,0.0022816902492195368,0.007772943936288357,0.014902742579579353,0.02853011153638363,0.053572576493024826,0.09541872143745422,0.15862521529197693,0.2562176287174225,0.5,0.5,1.0
0,5340,25000,0.21762798726558685,0.26601648330688477,0.0022272460628300905,1.0,0.0022272460628300905,0.007799407932907343,0.014940897934138775,0.028628306463360786,0.053454164415597916,0.09520149230957031,0.1572161465883255,0.25575870275497437,0.5,0.5,1.0
0,5350,25000,0.21773509681224823,0.26603975892066956,0.002046220703050494,1.0,0.002046220703050494,0.007792344782501459,0.014924483373761177,0.028612691909074783,0.05340661108493805,0.09510286897420883,0.15768060088157654,0.25608259439468384,0.5,0.5,1.0
0,5360,25000,0.2177344709634781,0.2660987079143524,0.0023651006631553173,1.0,0.0023651006631553173,0.0077813249081373215,0.014899404719471931,0.028571240603923798,0.05356260761618614,0.0953221470117569,0.1575269103050232,0.25634291768074036,0.5,0.5,1.0
0,5370,25000,0.21767914295196533,0.2660522758960724,0.002215367741882801,1.0,0.002215367741882801,0.007778878789395094,0.014921417459845543,0.028716033324599266,0.05356597900390625,0.09512439370155334,0.15772564709186554,0.2562912702560425,0.5,0.5,1.0
0,5380,25000,0.21779625117778778,0.26614126563072205,0.0023804926313459873,1.0,0.0023804926313459873,0.007781098131090403,0.01493017002940178,0.028603652492165565,0.05342699587345123,0.09511345624923706,0.15789569914340973,0.2562662661075592,0.5,0.5,1.0
0,5390,25000,0.21780924499034882,0.2660984992980957,0.0024512484669685364,1.0,0.0024512484669685364,0.007794735487550497,0.014913402497768402,0.028598524630069733,0.05351892113685608,0.09537211060523987,0.15818169713020325,0.25616705417633057,0.5,0.5,1.0
0,5400,25000,0.2177533358335495,0.26608848571777344,0.002306555164977908,1.0,0.002306555164977908,0.007771496195346117,0.014941183850169182,0.02860116958618164,0.05337293818593025,0.09561227262020111,0.15799564123153687,0.2560710906982422,0.5,0.5,1.0
0,5410,25000,0.21778297424316406,0.2661116421222687,0.002258974825963378,1.0,0.002258974825963378,0.007763685658574104,0.014899352565407753,0.028626225888729095,0.053388562053442,0.09502872079610825,0.15812289714813232,0.25618505477905273,0.5,0.5,1.0
0,5420,25000,0.21773181855678558,0.26604580879211426,0.002425883896648884,1.0,0.002425883896648884,0.007792441640049219,0.014876036904752254,0.028606759384274483,0.05358263850212097,0.09510427713394165,0.15792864561080933,0.255619615316391,0.5,0.5,1.0
0,5430,25000,0.21767202019691467,0.2660005986690521,0.002408791333436966,1.0,0.002408791333436966,0.007812893018126488,0.014889396727085114,0.028621559962630272,0.0535971075296402,0.09531471133232117,0.15799672901630402,0.256121963262558,0.5,0.5,1.0
0,5440,25000,0.21775799989700317,0.2660485506057739,0.002253264421597123,1.0,0.002253264421597123,0.007781823165714741,0.014916647225618362,0.028616847470402718,0.05358468368649483,0.09497241675853729,0.15796524286270142,0.2563076317310333,0.5,0.5,1.0
0,5450,25000,0.21770475804805756,0.266076922416687,0.002219187095761299,1.0,0.002219187095761299,0.007799779064953327,0.014826706610620022,0.028548473492264748,0.05335750803351402,0.09512200951576233,0.157417431473732,0.25599610805511475,0.5,0.5,1.0
0,5460,25000,0.21764105558395386,0.2660485506057739,0.0023021765518933535,1.0,0.0023021765518933535,0.007764163427054882,0.014878487214446068,0.028629692271351814,0.05366456136107445,0.09517914056777954,0.15732349455356598,0.25545668601989746,0.5,0.5,1.0
0,5470,25000,0.217696413397789,0.2660108208656311,0.0024159604217857122,1.0,0.0024159604217857122,0.0077751874923706055,0.014934186823666096,0.028660310432314873,0.05359923094511032,0.0949741005897522,0.15756988525390625,0.2557417154312134,0.5,0.5,1.0
0,5480,25000,0.21773327887058258,0.2660466432571411,0.002319188555702567,1.0,0.002319188555702567,0.007801220286637545,0.014899000525474548,0.028538061305880547,0.053614918142557144,0.09555832296609879,0.15769921243190765,0.2557457685470581,0.5,0.5,1.0
0,5490,25000,0.21771277487277985,0.2660750448703766,0.0021860271226614714,1.0,0.0021860271226614714,0.007748384494334459,0.014928963035345078,0.028618210926651955,0.053497835993766785,0.09544602036476135,0.15763317048549652,0.2558276355266571,0.5,0.5,1.0
0,5500,25000,0.2177731692790985,0.266100138425827,0.002428743988275528,1.0,0.002428743988275528,0.007789682596921921,0.014864593744277954,0.028567086905241013,0.0536111555993557,0.09510710835456848,0.15762364864349365,0.25631579756736755,0.5,0.5,1.0
0,5510,25000,0.21771982312202454,0.26601335406303406,0.002263665432110429,1.0,0.002263665432110429,0.0077869282104074955,0.014935784041881561,0.02871285006403923,0.05346924439072609,0.09544230997562408,0.15756699442863464,0.2560775578022003,0.5,0.5,1.0
0,5520,25000,0.21771115064620972,0.2661226987838745,0.0024794968776404858,1.0,0.0024794968776404858,0.007782271597534418,0.014948238618671894,0.028553379699587822,0.05349947139620781,0.09487396478652954,0.15718652307987213,0.2565670311450958,0.5,0.5,1.0
0,5530,25000,0.21775676310062408,0.26603084802627563,0.002245380077511072,1.0,0.002245380077511072,0.0077730268239974976,0.014875548891723156,0.02854875661432743,0.05335134267807007,0.0954589918255806,0.15757864713668823,0.2564162015914917,0.5,0.5,1.0
0,5540,25000,0.21777349710464478,0.2661252021789551,0.0021471017971634865,1.0,0.0021471017971634865,0.0077698249369859695,0.014922664500772953,0.02862819842994213,0.053701937198638916,0.0950327143073082,0.1574775129556656,0.25622716546058655,0.5,0.5,1.0
0,5550,25000,0.21769660711288452,0.26608073711395264,0.002459501614794135,1.0,0.002459501614794135,0.007798629812896252,0.014891759492456913,0.028658434748649597,0.05330755561590195,0.09492425620555878,0.15746690332889557,0.2554157078266144,0.5,0.5,1.0
0,5560,25000,0.2176915556192398,0.26608747243881226,0.0023422730155289173,1.0,0.0023422730155289173,0.007805123459547758,0.014903753995895386,0.028597673401236534,0.0534123033285141,0.09509488940238953,0.15773718059062958,0.25596949458122253,0.5,0.5,1.0
0,5570,25000,0.21767792105674744,0.266043096780777,0.0023191620130091906,1.0,0.0023191620130091906,0.007752244360744953,0.01489514671266079,0.02856595255434513,0.053525373339653015,0.09498051553964615,0.1573278158903122,0.25598907470703125,0.5,0.5,1.0
0,5580,25000,0.21763335168361664,0.2660735249519348,0.002322506858035922,1.0,0.002322506858035922,0.007777581922709942,0.01483059674501419,0.028597412630915642,0.0534062534570694,0.09529052674770355,0.15728002786636353,0.2552680969238281,0.5,0.5,1.0
0,5590,25000,0.21773076057434082,0.266050785779953,0.002306755166500807,1.0,0.002306755166500807,0.007790650241076946,0.014890452846884727,0.02868780307471752,0.05352858826518059,0.09531404078006744,0.1576182097196579,0.2559053301811218,0.5,0.5,1.0
0,5600,25000,0.2177410125732422,0.2660784125328064,0.0023973407223820686,1.0,0.0023973407223820686,0.00777440657839179,0.014953837729990482,0.02855031192302704,0.053397681564092636,0.09536786377429962,0.15708187222480774,0.2560412585735321,0.5,0.5,1.0
0,5610,25000,0.21774174273014069,0.2661474645137787,0.0023426515981554985,1.0,0.0023426515981554985,0.00777013786137104,0.014864127151668072,0.02862744964659214,0.05356554687023163,0.09521535038948059,0.1575087308883667,0.25584927201271057,0.5,0.5,1.0
0,5620,25000,0.21769282221794128,0.26598918437957764,0.002384273102506995,1.0,0.002384273102506995,0.007780988700687885,0.014874481596052647,0.028671419247984886,0.05352608859539032,0.09521874785423279,0.1576005071401596,0.25595319271087646,0.5,0.5,1.0
0,5630,25000,0.21774353086948395,0.26604393124580383,0.002454458037391305,1.0,0.002454458037391305,0.0077962735667824745,0.01487894356250763,0.02867840602993965,0.053452104330062866,0.09542454779148102,0.15761281549930573,0.25625669956207275,0.5,0.5,1.0
0,5640,25000,0.21769951283931732,0.2660425007343292,0.00217609154060483,1.0,0.00217609154060483,0.007793629076331854,0.014879402704536915,0.0284986924380064,0.053471554070711136,0.0952441543340683,0.15761524438858032,0.25575849413871765,0.5,0.5,1.0
0,5650,25000,0.2177177518606186,0.26605188846588135,0.0025849901139736176,1.0,0.0025849901139736176,0.007815994322299957,0.014860927127301693,0.028601426631212234,0.05336260423064232,0.09509050846099854,0.15759219229221344,0.25587379932403564,0.5,0.5,1.0
0,5660,25000,0.21763436496257782,0.26605111360549927,0.0022497582249343395,1.0,0.0022497582249343395,0.007761864922940731,0.014893305487930775,0.028582125902175903,0.053422972559928894,0.09523427486419678,0.15702849626541138,0.2552259862422943,0.5,0.5,1.0
0,5670,25000,0.21775606274604797,0.26603561639785767,0.0024393806234002113,1.0,0.0024393806234002113,0.007765898946672678,0.014954127371311188,0.02867165021598339,0.05352848768234253,0.09557563811540604,0.1581532210111618,0.25654926896095276,0.5,0.5,1.0
0,5680,25000,0.21776215732097626,0.26605406403541565,0.0022979110945016146,1.0,0.0022979110945016146,0.007782673463225365,0.014856018126010895,0.028592586517333984,0.053543683141469955,0.09534198045730591,0.15764664113521576,0.2558552026748657,0.5,0.5,1.0
0,5690,25000,0.21765968203544617,0.26607775688171387,0.0022762566804885864,1.0,0.0022762566804885864,0.0077976020984351635,0.014882147312164307,0.02868850901722908,0.05335395038127899,0.09498287737369537,0.15752355754375458,0.2560020387172699,0.5,0.5,1.0
0,5700,25000,0.21770310401916504,0.2661246061325073,0.0020001784432679415,1.0,0.0020001784432679415,0.007809673435986042,0.014839326031506062,0.028652474284172058,0.05349240452051163,0.09505872428417206,0.15770846605300903,0.25546911358833313,0.5,0.5,1.0
0,5710,25000,0.21772770583629608,0.2661130130290985,0.002197130350396037,1.0,0.002197130350396037,0.0077753071673214436,0.014922363683581352,0.028572017326951027,0.05371991917490959,0.09489059448242188,0.15704898536205292,0.2561401426792145,0.5,0.5,1.0
0,5720,25000,0.2176389843225479,0.2660732567310333,0.002443630015477538,1.0,0.002443630015477538,0.0077622197568416595,0.014875214546918869,0.028424570336937904,0.053469300270080566,0.09523281455039978,0.15757973492145538,0.25617751479148865,0.5,0.5,1.0
0,5730,25000,0.21779277920722961,0.2661019563674927,0.0020205890759825706,1.0,0.0020205890759825706,0.007772832177579403,0.014884972013533115,0.028688032180070877,0.053459834307432175,0.0953167974948883,0.15807245671749115,0.25618574023246765,0.5,0.5,1.0
0,5740,25000,0.21776054799556732,0.2661355435848236,0.0023278987500816584,1.0,0.0023278987500816584,0.0077844359911978245,0.014906738884747028,0.028519529849290848,0.05350752919912338,0.09514226764440536,0.15769830346107483,0.2563779354095459,0.5,0.5,1.0
0,5750,25000,0.21765920519828796,0.266056090593338,0.002215285785496235,1.0,0.002215285785496235,0.007783633191138506,0.014868652448058128,0.028604818508028984,0.053547102957963943,0.09500541538000107,0.15780963003635406,0.2555740177631378,0.5,0.5,1.0
0,5760,25000,0.21775425970554352,0.2660904824733734,0.0023349185939878225,1.0,0.0023349185939878225,0.007779993582516909,0.014925613068044186,0.028577441349625587,0.053604625165462494,0.09498324245214462,0.15807205438613892,0.25562211871147156,0.5,0.5,1.0
0,5770,25000,0.21774761378765106,0.2660794258117676,0.0021930676884949207,1.0,0.0021930676884949207,0.007811448071151972,0.014932500198483467,0.028660206124186516,0.053415048867464066,0.09522061794996262,0.15781082212924957,0.255889356136322,0.5,0.5,1.0
0,5780,25000,0.21765466034412384,0.2659972310066223,0.002342680236324668,1.0,0.002342680236324668,0.007796295452862978,0.014887422323226929,0.028682533651590347,0.05357816070318222,0.09537940472364426,0.1579432487487793,0.25673171877861023,0.5,0.5,1.0
0,5790,25000,0.21768680214881897,0.266015887260437,0.002531235571950674,1.0,0.002531235571950674,0.007799158804118633,0.014895609579980373,0.028567535802721977,0.05337318032979965,0.09540243446826935,0.1577043980360031,0.25620564818382263,0.5,0.5,1.0
0,5800,25000,0.2176225334405899,0.26597461104393005,0.0024117084685713053,1.0,0.0024117084685713053,0.007788375951349735,0.014936658553779125,0.028590884059667587,0.053429633378982544,0.09485439956188202,0.15765616297721863,0.2561652362346649,0.5,0.5,1.0
0,5810,25000,0.2176816612482071,0.2661091089248657,0.0023391677532345057,1.0,0.0023391677532345057,0.007772204931825399,0.014916590414941311,0.02855168655514717,0.053271859884262085,0.09481889009475708,0.15711331367492676,0.25604328513145447,0.5,0.5,1.0
0,5820,25000,0.2177998274564743,0.26613175868988037,0.00229159789159894,1.0,0.00229159789159894,0.007771525997668505,0.014819896779954433,0.02861308492720127,0.053576815873384476,0.09531731903553009,0.15773597359657288,0.2559342384338379,0.5,0.5,1.0
0,5830,25000,0.21775099635124207,0.26606661081314087,0.0023792267311364412,1.0,0.0023792267311364412,0.007817095145583153,0.014884890988469124,0.02855801209807396,0.053514715284109116,0.095557302236557,0.1577940434217453,0.25594624876976013,0.5,0.5,1.0
0,5840,25000,0.21772554516792297,0.2660887837409973,0.002138999290764332,1.0,0.002138999290764332,0.007787077687680721,0.014883638359606266,0.02870902232825756,0.05327652767300606,0.095407634973526,0.157444566488266,0.25628966093063354,0.5,0.5,1.0
0,5850,25000,0.2177475392818451,0.26608869433403015,0.002285374328494072,1.0,0.002285374328494072,0.007790389936417341,0.014857540838420391,0.02869589440524578,0.053358785808086395,0.09549617767333984,0.15752273797988892,0.2559773027896881,0.5,0.5,1.0
0,5860,25000,0.2176552563905716,0.2658775746822357,0.002478586044162512,1.0,0.002478586044162512,0.007743829395622015,0.014918659813702106,0.028568387031555176,0.05343521013855934,0.095320925116539,0.15767332911491394,0.25628477334976196,0.5,0.5,1.0
0,5870,25000,0.21769465506076813,0.2659160792827606,0.0023788963444530964,1.0,0.0023788963444530964,0.00779788289219141,0.014911960810422897,0.028556620702147484,0.05373479798436165,0.09510880708694458,0.15764832496643066,0.25605157017707825,0.5,0.5,1.0
0,5880,25000,0.2175714373588562,0.2658974528312683,0.002446011872962117,1.0,0.002446011872962117,0.007759150117635727,0.01489710807800293,0.02860753796994686,0.0535336509346962,0.09496986120939255,0.15797367691993713,0.2556275427341461,0.5,0.5,1.0
0,5890,25000,0.21773016452789307,0.26610422134399414,0.0024154777638614178,1.0,0.0024154777638614178,0.007756676524877548,0.01489668432623148,0.028582725673913956,0.05340898409485817,0.09511730819940567,0.15770235657691956,0.2559930086135864,0.5,0.5,1.0
0,5900,25000,0.21766597032546997,0.2660157084465027,0.0022290863562375307,1.0,0.0022290863562375307,0.007787749636918306,0.014864579774439335,0.028601903468370438,0.05357212945818901,0.09521602839231491,0.15799273550510406,0.2560708224773407,0.5,0.5,1.0
0,5910,25000,0.21768565475940704,0.2660210132598877,0.0023635232355445623,1.0,0.0023635232355445623,0.007750519085675478,0.014951726421713829,0.028626926243305206,0.05355009436607361,0.0951959565281868,0.15738828480243683,0.255683571100235,0.5,0.5,1.0
0,5920,25000,0.217768132686615,0.2660275399684906,0.0022969043347984552,1.0,0.0022969043347984552,0.007789147552102804,0.014838754199445248,0.028515268117189407,0.053548697382211685,0.09512831270694733,0.15732935070991516,0.25680485367774963,0.5,0.5,1.0
0,5930,25000,0.21778132021427155,0.2660624384880066,0.0024844424333423376,1.0,0.0024844424333423376,0.007766208611428738,0.014875166118144989,0.028693486005067825,0.05358478054404259,0.09542647004127502,0.15789571404457092,0.25674957036972046,0.5,0.5,1.0
0,5940,25000,0.21768143773078918,0.2660217583179474,0.0021969329100102186,1.0,0.0021969329100102186,0.0077638388611376286,0.014873489737510681,0.0286047775298357,0.053366873413324356,0.09526415169239044,0.15758541226387024,0.25637927651405334,0.5,0.5,1.0
0,5950,25000,0.2176918089389801,0.2659655213356018,0.0021314474288374186,1.0,0.0021314474288374186,0.00778232142329216,0.014907070435583591,0.028628122061491013,0.05346435680985451,0.09544917941093445,0.15784955024719238,0.2555422782897949,0.5,0.5,1.0
0,5960,25000,0.21763353049755096,0.2660185992717743,0.0023586025927215815,1.0,0.0023586025927215815,0.007749699056148529,0.014938210137188435,0.028639474883675575,0.053458020091056824,0.09524211287498474,0.15717917680740356,0.2556827962398529,0.5,0.5,1.0
0,5970,25000,0.2176799476146698,0.26604822278022766,0.002247411757707596,1.0,0.002247411757707596,0.007776826154440641,0.014944370836019516,0.028538959100842476,0.05350733920931816,0.09510746598243713,0.15748730301856995,0.25645768642425537,0.5,0.5,1.0
0,5980,25000,0.21772576868534088,0.26602864265441895,0.002225396689027548,1.0,0.002225396689027548,0.007767780218273401,0.014874976128339767,0.028651230037212372,0.05355066806077957,0.09522320330142975,0.15774786472320557,0.25608980655670166,0.5,0.5,1.0
0,5990,25000,0.21767868101596832,0.26602762937545776,0.00220768665894866,1.0,0.00220768665894866,0.007773165125399828,0.014927215874195099,0.02860730141401291,0.05324988812208176,0.09505468606948853,0.15695470571517944,0.25644221901893616,0.5,0.5,1.0
0,6000,25000,0.21767264604568481,0.266067236661911,0.0022216741926968098,1.0,0.0022216741926968098,0.007742189336568117,0.014919155277311802,0.028492288663983345,0.05346319451928139,0.0952913835644722,0.15771710872650146,0.2558308243751526,0.5,0.5,1.0
0,6010,25000,0.21777287125587463,0.2661261260509491,0.0024533988907933235,1.0,0.0024533988907933235,0.007764806039631367,0.014949426986277103,0.028617659583687782,0.05354515463113785,0.09505537152290344,0.15790671110153198,0.25623929500579834,0.5,0.5,1.0
0,6020,25000,0.2177465558052063,0.2660582959651947,0.0023633744567632675,1.0,0.0023633744567632675,0.007768180221319199,0.014887955971062183,0.02870997041463852,0.05344519391655922,0.09533742070198059,0.15770550072193146,0.25568079948425293,0.5,0.5,1.0
0,6030,25000,0.2178502380847931,0.266103059053421,0.0023093041963875294,1.0,0.0023093041963875294,0.007764521054923534,0.014914160594344139,0.028562869876623154,0.053455933928489685,0.09522421658039093,0.15815697610378265,0.2563525438308716,0.5,0.5,1.0
0,6040,25000,0.2177412211894989,0.2660852372646332,0.0023366971872746944,1.0,0.0023366971872746944,0.0077475192956626415,0.014846554026007652,0.028534691780805588,0.053805459290742874,0.09496283531188965,0.15779633820056915,0.25651678442955017,0.5,0.5,1.0
0,6050,25000,0.21769897639751434,0.26601117849349976,0.0019713323563337326,1.0,0.0019713323563337326,0.0077824764885008335,0.014870068058371544,0.028549330309033394,0.05346093699336052,0.09536522626876831,0.15779267251491547,0.2555832266807556,0.5,0.5,1.0
0,6060,25000,0.21772640943527222,0.26612478494644165,0.0023344506043940783,1.0,0.0023344506043940783,0.007790884468704462,0.014911492355167866,0.028591100126504898,0.0533578097820282,0.09519439935684204,0.15723811089992523,0.25632667541503906,0.5,0.5,1.0
0,6070,25000,0.21770614385604858,0.26613250374794006,0.0021502464078366756,1.0,0.0021502464078366756,0.007826689630746841,0.014870228245854378,0.02849653735756874,0.053451064974069595,0.09525421261787415,0.15759816765785217,0.25608181953430176,0.5,0.5,1.0
0,6080,25000,0.21772396564483643,0.26605498790740967,0.0023560577537864447,1.0,0.0023560577537864447,0.00773661257699132,0.014883817173540592,0.028607336804270744,0.053550831973552704,0.09519051015377045,0.1572469025850296,0.25630128383636475,0.5,0.5,1.0
0,6090,25000,0.21780619025230408,0.2661265432834625,0.0024409634061157703,1.0,0.0024409634061157703,0.007784496992826462,0.014872994273900986,0.028586212545633316,0.053537920117378235,0.09514088928699493,0.15779435634613037,0.25694119930267334,0.5,0.5,1.0
0,6100,25000,0.21777278184890747,0.2660689949989319,0.0022598274517804384,1.0,0.0022598274517804384,0.007804314140230417,0.014909639954566956,0.028640856966376305,0.0536310151219368,0.09532870352268219,0.15815044939517975,0.25604796409606934,0.5,0.5,1.0
0,6110,25000,0.21773886680603027,0.2660745680332184,0.002309531904757023,1.0,0.002309531904757023,0.007806428242474794,0.014878257177770138,0.028506504371762276,0.05344928428530693,0.09525352716445923,0.15784691274166107,0.25619882345199585,0.5,0.5,1.0
0,6120,25000,0.21771512925624847,0.2660987973213196,0.002341773360967636,1.0,0.002341773360967636,0.007792659569531679,0.014920065179467201,0.028558088466525078,0.053605202585458755,0.09528689086437225,0.15766721963882446,0.2562895715236664,0.5,0.5,1.0
0,6130,25000,0.21772412955760956,0.2660820186138153,0.002096732845529914,1.0,0.002096732845529914,0.007810352370142937,0.01490550022572279,0.028517216444015503,0.05359860882163048,0.09531182050704956,0.1574258953332901,0.2554478943347931,0.5,0.5,1.0
0,6140,25000,0.21767163276672363,0.2660575211048126,0.0023321863263845444,1.0,0.0023321863263845444,0.007775879930704832,0.014889218844473362,0.028566453605890274,0.05358985811471939,0.09535100311040878,0.15757519006729126,0.25614267587661743,0.5,0.5,1.0
0,6150,25000,0.21767938137054443,0.26600590348243713,0.0022240900434553623,1.0,0.0022240900434553623,0.007795451674610376,0.01490652747452259,0.028625939041376114,0.05333136394619942,0.09523143619298935,0.1573120504617691,0.25613224506378174,0.5,0.5,1.0
0,6160,25000,0.21770411729812622,0.2659921646118164,0.002062661573290825,1.0,0.002062661573290825,0.007748499978333712,0.014882015064358711,0.028573868796229362,0.053347148001194,0.09525060653686523,0.157467782497406,0.25592344999313354,0.5,0.5,1.0
0,6170,25000,0.21769995987415314,0.2660336494445801,0.0024132083635777235,1.0,0.0024132083635777235,0.007777409628033638,0.014905877411365509,0.02868306078016758,0.05349094048142433,0.09537748247385025,0.15741613507270813,0.2559686005115509,0.5,0.5,1.0
0,6180,25000,0.21772168576717377,0.2661000192165375,0.0022498792968690395,1.0,0.0022498792968690395,0.00776952737942338,0.014912743121385574,0.028682468459010124,0.05350647121667862,0.09508311748504639,0.1579374521970749,0.2552148401737213,0.5,0.5,1.0
0,6190,25000,0.21773765981197357,0.26602253317832947,0.0021721269004046917,1.0,0.0021721269004046917,0.007772212848067284,0.014904151670634747,0.028637615963816643,0.053505171090364456,0.09526251256465912,0.15766730904579163,0.2562646269798279,0.5,0.5,1.0
0,6200,25000,0.21774141490459442,0.26607805490493774,0.0023628929629921913,1.0,0.0023628929629921913,0.007801403291523457,0.014928028918802738,0.028656089678406715,0.05334073677659035,0.095212921500206,0.15808403491973877,0.256178081035614,0.5,0.5,1.0
0,6210,25000,0.21778982877731323,0.2661131024360657,0.002269648015499115,1.0,0.002269648015499115,0.007784160785377026,0.014908695593476295,0.028573397547006607,0.05355105549097061,0.0949040949344635,0.1580793261528015,0.25642839074134827,0.5,0.5,1.0
0,6220,25000,0.217789888381958,0.26602062582969666,0.0022876092698425055,1.0,0.0022876092698425055,0.007793746422976255,0.01495463214814663,0.02852100133895874,0.05347653850913048,0.09560872614383698,0.15795373916625977,0.2565644681453705,0.5,0.5,1.0
0,6230,25000,0.2176743894815445,0.2660609185695648,0.002014809288084507,1.0,0.002014809288084507,0.007771080359816551,0.014896605163812637,0.028560763224959373,0.0534353069961071,0.09503406286239624,0.15816572308540344,0.2564004957675934,0.5,0.5,1.0
0,6240,25000,0.21768687665462494,0.2660127878189087,0.0023501787800341845,1.0,0.0023501787800341845,0.007771946955472231,0.014905434101819992,0.028546763584017754,0.05337093770503998,0.09510885924100876,0.15754525363445282,0.256630003452301,0.5,0.5,1.0
0,6250,25000,0.21769161522388458,0.2659655511379242,0.002095946343615651,1.0,0.002095946343615651,0.007786046713590622,0.014887681230902672,0.028565937653183937,0.053476978093385696,0.0952216237783432,0.1573638617992401,0.25626131892204285,0.5,0.5,1.0
0,6260,25000,0.21765375137329102,0.26600077748298645,0.0024371014442294836,1.0,0.0024371014442294836,0.0077940658666193485,0.014873804524540901,0.028586149215698242,0.05339040234684944,0.09532243758440018,0.15793414413928986,0.25596553087234497,0.5,0.5,1.0
0,6270,25000,0.21770940721035004,0.2660938799381256,0.002418097574263811,1.0,0.002418097574263811,0.007773999124765396,0.014940229244530201,0.028732234612107277,0.05326931178569794,0.09537370502948761,0.1574285328388214,0.2559136748313904,0.5,0.5,1.0
0,6280,25000,0.2177959680557251,0.2660816013813019,0.0022631536703556776,1.0,0.0022631536703556776,0.00780595513060689,0.014872193336486816,0.028532296419143677,0.0536007359623909,0.09525313228368759,0.15788990259170532,0.25636669993400574,0.5,0.5,1.0
0,6290,25000,0.21771375834941864,0.26609712839126587,0.0023011097218841314,1.0,0.0023011097218841314,0.0077618504874408245,0.014928462915122509,0.028516259044408798,0.05348798632621765,0.09530597925186157,0.15776626765727997,0.25595155358314514,0.5,0.5,1.0
0,6300,25000,0.21779108047485352,0.2660938799381256,0.002394844777882099,1.0,0.002394844777882099,0.007783486973494291,0.01494152843952179,0.02849235199391842,0.0534697063267231,0.09544135630130768,0.1576797366142273,0.256296306848526,0.5,0.5,1.0
0,6310,25000,0.21757179498672485,0.26605167984962463,0.002429643413051963,1.0,0.002429643413051963,0.007762558292597532,0.014885788783431053,0.02849244512617588,0.053534574806690216,0.09526525437831879,0.15769046545028687,0.25492995977401733,0.5,0.5,1.0
0,6320,25000,0.21778447926044464,0.26604339480400085,0.0024163376074284315,1.0,0.0024163376074284315,0.007818668149411678,0.014918516390025616,0.028650129213929176,0.053568657487630844,0.09514329582452774,0.1576557755470276,0.25590991973876953,0.5,0.5,1.0
0,6330,25000,0.21765083074569702,0.26598769426345825,0.0021111334208399057,1.0,0.0021111334208399057,0.007760690990835428,0.014927025884389877,0.028563162311911583,0.053532689809799194,0.09508056193590164,0.15711785852909088,0.2559657394886017,0.5,0.5,1.0
0,6340,25000,0.21770520508289337,0.2660655975341797,0.002145973965525627,1.0,0.002145973965525627,0.007780095562338829,0.014921465888619423,0.02867266722023487,0.05341608449816704,0.09530763328075409,0.1575608104467392,0.2557348906993866,0.5,0.5,1.0
0,6350,25000,0.2177400141954422,0.2660791873931885,0.0023987239692360163,1.0,0.0023987239692360163,0.007768581621348858,0.01489928923547268,0.02860448509454727,0.05352932959794998,0.09523775428533554,0.15747307240962982,0.2558479607105255,0.5,0.5,1.0
0,6360,25000,0.2176763117313385,0.26606521010398865,0.0022922861389815807,1.0,0.0022922861389815807,0.007740589790046215,0.014881405048072338,0.02878386154770851,0.05358017608523369,0.09519165754318237,0.15805353224277496,0.2552289068698883,0.5,0.5,1.0
0,6370,25000,0.21775919198989868,0.2661237418651581,0.0023438662756234407,1.0,0.0023438662756234407,0.0077873533591628075,0.014874286949634552,0.028620051220059395,0.05357792600989342,0.09526292234659195,0.15754687786102295,0.25609150528907776,0.5,0.5,1.0
0,6380,25000,0.21773770451545715,0.26611340045928955,0.0022147702984511852,1.0,0.0022147702984511852,0.007780534215271473,0.01492349337786436,0.028438113629817963,0.05337120592594147,0.0951303094625473,0.15792161226272583,0.2562582790851593,0.5,0.5,1.0
0,6390,25000,0.21781593561172485,0.26621386408805847,0.0021418489050120115,1.0,0.0021418489050120115,0.007784599903970957,0.014899675734341145,0.02859857864677906,0.053454380482435226,0.0954512283205986,0.15731212496757507,0.2563357651233673,0.5,0.5,1.0
0,6400,25000,0.21774768829345703,0.2661391794681549,0.002079274272546172,1.0,0.002079274272546172,0.0077924239449203014,0.014905649237334728,0.028592489659786224,0.053537484258413315,0.0949036031961441,0.15727154910564423,0.2558816969394684,0.5,0.5,1.0
0,6410,25000,0.2177957147359848,0.26605045795440674,0.0023881271481513977,1.0,0.0023881271481513977,0.007782973814755678,0.014901361428201199,0.028618179261684418,0.05348842591047287,0.09512059390544891,0.1573333740234375,0.25671353936195374,0.5,0.5,1.0
0,6420,25000,0.21773965656757355,0.266103059053421,0.0021171006374061108,1.0,0.0021171006374061108,0.0077622756361961365,0.014875662513077259,0.028580356389284134,0.053572025150060654,0.09521512687206268,0.15717071294784546,0.2566821575164795,0.5,0.5,1.0
0,6430,25000,0.21774303913116455,0.26598212122917175,0.0024325414560735226,1.0,0.0024325414560735226,0.007774303201586008,0.014864882454276085,0.028552427887916565,0.05322203412652016,0.0952901765704155,0.1582794040441513,0.25641220808029175,0.5,0.5,1.0
0,6440,25000,0.2177332490682602,0.26608970761299133,0.0022897145245224237,1.0,0.0022897145245224237,0.007779039442539215,0.014866815879940987,0.028607608750462532,0.05358774587512016,0.09496662765741348,0.15803340077400208,0.25508004426956177,0.5,0.5,1.0
0,6450,25000,0.21766255795955658,0.2660890221595764,0.0022988514974713326,1.0,0.0022988514974713326,0.007782218977808952,0.014873790554702282,0.028537936508655548,0.05361556634306908,0.09532712399959564,0.1574460119009018,0.25492170453071594,0.5,0.5,1.0
0,6460,25000,0.21774159371852875,0.2660779654979706,0.0022314959205687046,1.0,0.0022314959205687046,0.007762896362692118,0.01484373677521944,0.028596220538020134,0.05343201011419296,0.0950608029961586,0.15721271932125092,0.25557801127433777,0.5,0.5,1.0
0,6470,25000,0.21766674518585205,0.2660430371761322,0.002419981174170971,1.0,0.002419981174170971,0.007764976006001234,0.014916854910552502,0.028605442494153976,0.05337456613779068,0.09534964710474014,0.15722014009952545,0.2559815049171448,0.5,0.5,1.0
0,6480,25000,0.21769799292087555,0.2660965621471405,0.002418879186734557,1.0,0.002418879186734557,0.007810133509337902,0.01487935334444046,0.028588034212589264,0.053481630980968475,0.09520662575960159,0.15738584101200104,0.2562984526157379,0.5,0.5,1.0
0,6490,25000,0.21776698529720306,0.2660466134548187,0.0024360204115509987,1.0,0.0024360204115509987,0.0077901119366288185,0.014952831901609898,0.02862904779613018,0.05361119285225868,0.0952979177236557,0.15796881914138794,0.2564179301261902,0.5,0.5,1.0
0,6500,25000,0.2177058905363083,0.26593539118766785,0.002360729267820716,1.0,0.002360729267820716,0.007773102726787329,0.01491696760058403,0.028642553836107254,0.053450021892786026,0.09545008838176727,0.15784431993961334,0.25633716583251953,0.5,0.5,1.0
0,6510,25000,0.2177908569574356,0.26588091254234314,0.0024320383090525866,1.0,0.0024320383090525866,0.00776922469958663,0.014904254116117954,0.028602613136172295,0.05334139242768288,0.09542544931173325,0.15787826478481293,0.2568844258785248,0.5,0.5,1.0
0,6520,25000,0.21763202548027039,0.26594308018684387,0.0024481648579239845,1.0,0.0024481648579239845,0.007774334400892258,0.014890508726239204,0.028579097241163254,0.05348987504839897,0.09537787735462189,0.15782670676708221,0.2563232183456421,0.5,0.5,1.0
0,6530,25000,0.21771247684955597,0.26609310507774353,0.002361501567065716,1.0,0.002361501567065716,0.007771963719278574,0.014906806871294975,0.02861357294023037,0.053463056683540344,0.09513165801763535,0.15767507255077362,0.25540822744369507,0.5,0.5,1.0
0,6540,25000,0.21777594089508057,0.26608601212501526,0.002341875107958913,1.0,0.002341875107958913,0.0078118289820849895,0.014872093684971333,0.028647826984524727,0.05350271984934807,0.09521500766277313,0.15759101510047913,0.25593340396881104,0.5,0.5,1.0
0,6550,25000,0.21777024865150452,0.2661267817020416,0.002177363494411111,1.0,0.002177363494411111,0.0077835749834775925,0.014941919595003128,0.02865718863904476,0.05342075973749161,0.09504006803035736,0.15761877596378326,0.2558126151561737,0.5,0.5,1.0
0,6560,25000,0.21766871213912964,0.26606935262680054,0.0022226152941584587,1.0,0.0022226152941584587,0.007782127242535353,0.01487387903034687,0.028598448261618614,0.05346539244055748,0.09520620107650757,0.15769338607788086,0.2557169795036316,0.5,0.5,1.0
0,6570,25000,0.21778368949890137,0.2661418318748474,0.002269219607114792,1.0,0.002269219607114792,0.007784553337842226,0.01493795681744814,0.028562471270561218,0.05339043214917183,0.09498671442270279,0.1576332300901413,0.2561531066894531,0.5,0.5,1.0
0,6580,25000,0.21773843467235565,0.2661117613315582,0.0023967016022652388,1.0,0.0023967016022652388,0.007793483790010214,0.014876501634716988,0.028725681826472282,0.053582098335027695,0.09507922828197479,0.15793980658054352,0.25521016120910645,0.5,0.5,1.0
0,6590,25000,0.21781493723392487,0.26611781120300293,0.0021525456104427576,1.0,0.0021525456104427576,0.007790219038724899,0.01487355213612318,0.028343336656689644,0.053589530289173126,0.09543535113334656,0.15804733335971832,0.2569965124130249,0.5,0.5,1.0
0,6600,25000,0.21780428290367126,0.2660728096961975,0.0023283185437321663,1.0,0.0023283185437321663,0.0077876015566289425,0.014895998872816563,0.028586024418473244,0.05369996279478073,0.0951002985239029,0.15778855979442596,0.2564922273159027,0.5,0.5,1.0
0,6610,25000,0.21767087280750275,0.2660366892814636,0.002352954586967826,1.0,0.002352954586967826,0.007775687612593174,0.014955075457692146,0.028480596840381622,0.05340757593512535,0.09504754841327667,0.15735305845737457,0.25653573870658875,0.5,0.5,1.0
0,6620,25000,0.21775466203689575,0.2660968601703644,0.00220768922008574,1.0,0.00220768922008574,0.007748095318675041,0.014896800741553307,0.028542712330818176,0.053344644606113434,0.09521403163671494,0.15751463174819946,0.25715336203575134,0.5,0.5,1.0
0,6630,25000,0.21780773997306824,0.26605135202407837,0.0023119240067899227,1.0,0.0023119240067899227,0.00778520293533802,0.014864249154925346,0.02868780680000782,0.05333678051829338,0.09511801600456238,0.15802374482154846,0.2558916211128235,0.5,0.5,1.0
0,6640,25000,0.21760115027427673,0.2659364938735962,0.0023919008672237396,1.0,0.0023919008672237396,0.007788252551108599,0.014939186163246632,0.028643261641263962,0.05377967283129692,0.09537714719772339,0.15759438276290894,0.2554965615272522,0.5,0.5,1.0
0,6650,25000,0.21775460243225098,0.266092449426651,0.002216462744399905,1.0,0.002216462744399905,0.00780443474650383,0.014910236932337284,0.02873331308364868,0.053582563996315,0.09502217173576355,0.1577991247177124,0.2557736337184906,0.5,0.5,1.0
0,6660,25000,0.21772876381874084,0.2660931646823883,0.0023311625700443983,1.0,0.0023311625700443983,0.007799704093486071,0.014919361099600792,0.02866457961499691,0.053560368716716766,0.09539623558521271,0.15747122466564178,0.25560998916625977,0.5,0.5,1.0
0,6670,25000,0.2176893651485443,0.2660747468471527,0.0023429766297340393,1.0,0.0023429766297340393,0.007782560307532549,0.014910440891981125,0.0285662729293108,0.05363515019416809,0.09516794234514236,0.1574372798204422,0.2555668354034424,0.5,0.5,1.0
0,6680,25000,0.21776440739631653,0.2660641372203827,0.002132366644218564,1.0,0.002132366644218564,0.007786187343299389,0.014875768683850765,0.02860100567340851,0.05334189161658287,0.09500950574874878,0.15729501843452454,0.2566532492637634,0.5,0.5,1.0
0,6690,25000,0.21761560440063477,0.2659241855144501,0.001945781521499157,1.0,0.001945781521499157,0.0077791595831513405,0.014884000644087791,0.028465233743190765,0.05354072526097298,0.095431387424469,0.15751634538173676,0.2561475932598114,0.5,0.5,1.0
0,6700,25000,0.2177290916442871,0.26606279611587524,0.002359530655667186,1.0,0.002359530655667186,0.007753185462206602,0.014906859956681728,0.028646979480981827,0.05348547548055649,0.09520284831523895,0.1578197479248047,0.25656256079673767,0.5,0.5,1.0
0,6710,25000,0.21766164898872375,0.26606056094169617,0.002431742148473859,1.0,0.002431742148473859,0.007770964410156012,0.014892655424773693,0.028580592945218086,0.05331522971391678,0.0953870341181755,0.15767371654510498,0.25584661960601807,0.5,0.5,1.0
0,6720,25000,0.21776896715164185,0.26608502864837646,0.002304031979292631,1.0,0.002304031979292631,0.007773780729621649,0.014905901625752449,0.028645941987633705,0.05343311280012131,0.09518849849700928,0.15755021572113037,0.2565968930721283,0.5,0.5,1.0
0,6730,25000,0.2176268994808197,0.26593083143234253,0.0024380323011428118,1.0,0.0024380323011428118,0.00776274548843503,0.014922733418643475,0.02856535278260708,0.0534740649163723,0.09517083317041397,0.15719926357269287,0.255986750125885,0.5,0.5,1.0
0,6740,25000,0.21774837374687195,0.2661284804344177,0.002276688115671277,1.0,0.002276688115671277,0.007774088531732559,0.014974286779761314,0.028646327555179596,0.053420763462781906,0.0951966792345047,0.15781791508197784,0.2563072443008423,0.5,0.5,1.0
0,6750,25000,0.21766631305217743,0.2660634517669678,0.0021462158765643835,1.0,0.0021462158765643835,0.007774731144309044,0.014896520413458347,0.028548577800393105,0.05356047302484512,0.09477487206459045,0.15738509595394135,0.2566063404083252,0.5,0.5,1.0
0,6760,25000,0.2177230268716812,0.26607799530029297,0.002248098375275731,1.0,0.002248098375275731,0.007809087168425322,0.014888007193803787,0.028625795617699623,0.05342528596520424,0.0950837954878807,0.157418355345726,0.25572827458381653,0.5,0.5,1.0
0,6770,25000,0.21772602200508118,0.26603275537490845,0.002447467064484954,1.0,0.002447467064484954,0.007805455941706896,0.014897741377353668,0.028531348332762718,0.053340017795562744,0.09540434926748276,0.15776529908180237,0.25636225938796997,0.5,0.5,1.0
0,6780,25000,0.21762022376060486,0.2659119665622711,0.0024193895515054464,1.0,0.0024193895515054464,0.0077788871712982655,0.014912071637809277,0.028637301176786423,0.05344405770301819,0.09504355490207672,0.157809779047966,0.25509709119796753,0.5,0.5,1.0
0,6790,25000,0.21771390736103058,0.26603105664253235,0.002404629485681653,1.0,0.002404629485681653,0.007773572579026222,0.014941027387976646,0.028623219579458237,0.053576309233903885,0.09500735998153687,0.15751056373119354,0.2572005093097687,0.5,0.5,1.0
0,6800,25000,0.21778321266174316,0.2660309374332428,0.0022694063372910023,1.0,0.0022694063372910023,0.007765448652207851,0.014917836524546146,0.028609082102775574,0.05356686934828758,0.09546791017055511,0.15746136009693146,0.25667351484298706,0.5,0.5,1.0
0,6810,25000,0.2177986353635788,0.26610851287841797,0.002043904736638069,1.0,0.002043904736638069,0.007768928539007902,0.01495629083365202,0.028518827632069588,0.053591255098581314,0.09542091190814972,0.1573912501335144,0.2565688192844391,0.5,0.5,1.0
0,6820,25000,0.21775852143764496,0.26610875129699707,0.0023000179789960384,1.0,0.0023000179789960384,0.007773105055093765,0.014920518733561039,0.028635794296860695,0.05351058766245842,0.09517484903335571,0.15752078592777252,0.2560756802558899,0.5,0.5,1.0
0,6830,25000,0.21769551932811737,0.2660576403141022,0.002231364604085684,1.0,0.002231364604085684,0.007782064378261566,0.014855671674013138,0.028504082933068275,0.053547315299510956,0.0947948470711708,0.15757128596305847,0.2555520236492157,0.5,0.5,1.0
0,6840,25000,0.21763792634010315,0.26596924662590027,0.0024144831113517284,1.0,0.0024144831113517284,0.007806800305843353,0.014899500645697117,0.028588294982910156,0.05358390137553215,0.09474736452102661,0.15786872804164886,0.2560456693172455,0.5,0.5,1.0
0,6850,25000,0.21766817569732666,0.2660130262374878,0.002302153268828988,1.0,0.002302153268828988,0.007785520050674677,0.014871117658913136,0.02856256254017353,0.05339527130126953,0.095469169318676,0.15779650211334229,0.25633400678634644,0.5,0.5,1.0
0,6860,25000,0.2177368402481079,0.2660956084728241,0.00253095431253314,1.0,0.00253095431253314,0.007794317323714495,0.014890878461301327,0.028674906119704247,0.053674083203077316,0.09519636631011963,0.15792039036750793,0.25516337156295776,0.5,0.5,1.0
0,6870,25000,0.21775734424591064,0.26614463329315186,0.002468196442350745,1.0,0.002468196442350745,0.0077889300882816315,0.014824790880084038,0.028612684458494186,0.05339312180876732,0.09543796628713608,0.15746335685253143,0.25673502683639526,0.5,0.5,1.0
0,6880,25000,0.21760965883731842,0.2660055160522461,0.0024048404302448034,1.0,0.0024048404302448034,0.007783578243106604,0.014862830750644207,0.028546908870339394,0.053527023643255234,0.09516069293022156,0.1573551446199417,0.25580111145973206,0.5,0.5,1.0
0,6890,25000,0.21769987046718597,0.26602858304977417,0.002266685478389263,1.0,0.002266685478389263,0.007796905469149351,0.01494698878377676,0.028566816821694374,0.053237542510032654,0.09544573724269867,0.1578228771686554,0.2564946413040161,0.5,0.5,1.0
0,6900,25000,0.2177458554506302,0.2660818099975586,0.002369173336774111,1.0,0.002369173336774111,0.007773245219141245,0.01487329788506031,0.02860267087817192,0.0534626804292202,0.0950968787074089,0.15780504047870636,0.2558940052986145,0.5,0.5,1.0
0,6910,25000,0.2177126705646515,0.26593711972236633,0.0023790698032826185,1.0,0.0023790698032826185,0.007783751469105482,0.014873949810862541,0.02857886254787445,0.053479067981243134,0.09544196724891663,0.1577579230070114,0.2567603588104248,0.5,0.5,1.0
0,6920,25000,0.21772973239421844,0.26611149311065674,0.0023880256339907646,1.0,0.0023880256339907646,0.007802735548466444,0.014912083745002747,0.028586972504854202,0.05360885709524155,0.09510541707277298,0.15721233189105988,0.25602811574935913,0.5,0.5,1.0
0,6930,25000,0.2177814245223999,0.2661152780056,0.002316883997991681,1.0,0.002316883997991681,0.007761043030768633,0.01493384875357151,0.028595395386219025,0.05364661663770676,0.09544888138771057,0.15729942917823792,0.25537770986557007,0.5,0.5,1.0
0,6940,25000,0.21775323152542114,0.26609084010124207,0.002100575715303421,1.0,0.002100575715303421,0.007774381898343563,0.014873146079480648,0.02867615409195423,0.053665950894355774,0.09528160095214844,0.15743516385555267,0.25555115938186646,0.5,0.5,1.0
0,6950,25000,0.2177809327840805,0.2660294771194458,0.002207603771239519,1.0,0.002207603771239519,0.007758361753076315,0.014847038313746452,0.02866460010409355,0.05355728045105934,0.09525344520807266,0.15788283944129944,0.25685006380081177,0.5,0.5,1.0
0,6960,25000,0.21771565079689026,0.2660905122756958,0.002388868248090148,1.0,0.002388868248090148,0.007754486054182053,0.01486706268042326,0.028565172106027603,0.0536365807056427,0.09502626955509186,0.1578260064125061,0.25594842433929443,0.5,0.5,1.0
0,6970,25000,0.2176671028137207,0.2659202516078949,0.002176532056182623,1.0,0.002176532056182623,0.007765620481222868,0.014858466573059559,0.028667127713561058,0.05343341827392578,0.0951775312423706,0.15773583948612213,0.2564966380596161,0.5,0.5,1.0
0,6980,25000,0.21766431629657745,0.26602378487586975,0.0022925143130123615,1.0,0.0022925143130123615,0.007756771985441446,0.014880122616887093,0.028599584475159645,0.05351455882191658,0.0950639396905899,0.15746168792247772,0.2553616464138031,0.5,0.5,1.0
0,6990,25000,0.21768218278884888,0.2660522162914276,0.0024194750003516674,1.0,0.0024194750003516674,0.00779358996078372,0.01492274273186922,0.028445005416870117,0.053516145795583725,0.09512074291706085,0.1575751006603241,0.255668967962265,0.5,0.5,1.0
0,7000,25000,0.21771512925624847,0.2661363184452057,0.002446779515594244,1.0,0.002446779515594244,0.0077941990457475185,0.014877804554998875,0.028609126806259155,0.05342675745487213,0.09496765583753586,0.15767154097557068,0.2562752664089203,0.5,0.5,1.0
