step,epoch,n_refreshed,mean,std,min,max,q00,q10,q20,q30,q40,q50,q60,q70,q80,q90,q100
3,0,,0.5628805160522461,0.1562429666519165,0.5,1.0,0.5,0.5,0.5,0.5,0.5,0.5,0.5,0.5,0.5199999809265137,1.0,1.0
3,10,25000,0.23403093218803406,0.32077446579933167,4.2974022562702885e-07,1.0,4.2974022562702885e-07,0.0009028543718159199,0.003202400403097272,0.008626394905149937,0.020991459488868713,0.04882891848683357,0.11405976861715317,0.3210141062736511,0.5,0.9281796216964722,1.0
3,20,25000,0.2340954691171646,0.3207889497280121,6.22817594830849e-07,1.0,6.22817594830849e-07,0.0008990931673906744,0.003185498993843794,0.008674588054418564,0.02103075571358204,0.04892737418413162,0.11390316486358643,0.32149940729141235,0.5,0.920021653175354,1.0
3,30,25000,0.23408038914203644,0.3207891583442688,5.732827048632316e-07,1.0,5.732827048632316e-07,0.0009014438255690038,0.003196310717612505,0.008700095117092133,0.020937861874699593,0.04903208836913109,0.11438137292861938,0.32003724575042725,0.5,0.9293379187583923,1.0
3,40,25000,0.23408673703670502,0.3208080530166626,5.564944558500429e-07,1.0,5.564944558500429e-07,0.0009004090097732842,0.003193453885614872,0.008667271584272385,0.021013617515563965,0.04884983226656914,0.11465293169021606,0.31985074281692505,0.5,0.9333605766296387,1.0
3,50,25000,0.2340807020664215,0.3208615183830261,5.254701704870968e-07,1.0,5.254701704870968e-07,0.0009034272516146302,0.003206574125215411,0.008652498945593834,0.02101782150566578,0.04907624423503876,0.11411828547716141,0.3207375705242157,0.5,0.9618130326271057,1.0
3,60,25000,0.23411832749843597,0.32095271348953247,5.733211310143815e-07,1.0,5.733211310143815e-07,0.0009139242465607822,0.0031725256703794003,0.008659511804580688,0.020992835983633995,0.048970483243465424,0.11408543586730957,0.32020699977874756,0.5,1.0,1.0
3,70,25000,0.23430202901363373,0.32120728492736816,4.880763526671217e-07,1.0,4.880763526671217e-07,0.0009008309571072459,0.0031879667658358812,0.008692732080817223,0.02104574628174305,0.04916634410619736,0.11411771923303604,0.3198035657405853,0.5,1.0,1.0
3,80,25000,0.23432312905788422,0.3212950527667999,5.656647772411816e-07,1.0,5.656647772411816e-07,0.0009019615245051682,0.0031823664903640747,0.008679136633872986,0.020972415804862976,0.048878829926252365,0.11421594023704529,0.3221819996833801,0.5,1.0,1.0
3,90,25000,0.23434343934059143,0.32136648893356323,6.395388822966197e-07,1.0,6.395388822966197e-07,0.0009083158802241087,0.00318909646011889,0.008691309951245785,0.0210838932543993,0.049017444252967834,0.11392313987016678,0.31979459524154663,0.5,1.0,1.0
3,100,25000,0.23440377414226532,0.32139721512794495,5.982535071780148e-07,1.0,5.982535071780148e-07,0.0008991345530375838,0.00320628029294312,0.008653838187456131,0.02100767195224762,0.04890666902065277,0.11413534730672836,0.32060036063194275,0.5,1.0,1.0
3,110,25000,0.23452481627464294,0.32148903608322144,5.038239692112256e-07,1.0,5.038239692112256e-07,0.0009028485510498285,0.0031898696906864643,0.00861748680472374,0.02104000560939312,0.04899401217699051,0.11458183825016022,0.32076480984687805,0.5,1.0,1.0
3,120,25000,0.23447012901306152,0.3214600682258606,5.986606765873148e-07,1.0,5.986606765873148e-07,0.0009112093830481172,0.0031963305082172155,0.008676718920469284,0.020990395918488503,0.04905293136835098,0.11456888169050217,0.3201178014278412,0.5,1.0,1.0
3,130,25000,0.23441171646118164,0.321539968252182,4.6933897124290525e-07,1.0,4.6933897124290525e-07,0.000908919086214155,0.0032018835190683603,0.008695969358086586,0.020946895703673363,0.04891713708639145,0.11366542428731918,0.31900691986083984,0.5,1.0,1.0
3,140,25000,0.23451349139213562,0.32164713740348816,5.478307798512105e-07,1.0,5.478307798512105e-07,0.0009099994204007089,0.0031818619463592768,0.008708352223038673,0.021014610305428505,0.04902476817369461,0.11401718109846115,0.32082632184028625,0.5,1.0,1.0
3,150,25000,0.2345961183309555,0.32178112864494324,5.738368145102868e-07,1.0,5.738368145102868e-07,0.0009059276198968291,0.003194888588041067,0.008658792823553085,0.021064987406134605,0.04883986711502075,0.11397388577461243,0.32079052925109863,0.5,1.0,1.0
3,160,25000,0.23460499942302704,0.3218163251876831,5.468023687171808e-07,1.0,5.468023687171808e-07,0.0008992173825390637,0.0031889243982732296,0.008715789765119553,0.0209844671189785,0.04903114587068558,0.11397109180688858,0.3206595480442047,0.5,1.0,1.0
3,170,25000,0.23472680151462555,0.3220178782939911,4.913553652841074e-07,1.0,4.913553652841074e-07,0.0009100742172449827,0.0032033047173172235,0.008677316829562187,0.02096179500222206,0.048933245241642,0.11453922092914581,0.3211318850517273,0.5,1.0,1.0
3,180,25000,0.2347886711359024,0.322181761264801,5.452689606499916e-07,1.0,5.452689606499916e-07,0.000905163586139679,0.003193777520209551,0.008653474040329456,0.021036610007286072,0.048949189484119415,0.11440101265907288,0.32108625769615173,0.5,1.0,1.0
3,190,25000,0.23497101664543152,0.3223179280757904,6.494834678960615e-07,1.0,6.494834678960615e-07,0.0009012694354169071,0.003196610137820244,0.008667709305882454,0.021107250824570656,0.048918239772319794,0.11478627473115921,0.3223299980163574,0.5,1.0,1.0
3,200,25000,0.2349841445684433,0.3224649429321289,5.025495966037852e-07,1.0,5.025495966037852e-07,0.0009051763918250799,0.00318885687738657,0.008687411434948444,0.021007873117923737,0.04875139519572258,0.1142713874578476,0.3211907148361206,0.5,1.0,1.0
3,210,25000,0.23499135673046112,0.3224855363368988,5.206039759286796e-07,1.0,5.206039759286796e-07,0.0009050553198903799,0.003179267980158329,0.008617251180112362,0.020980151370167732,0.04889943450689316,0.11416460573673248,0.32128340005874634,0.5,1.0,1.0
3,220,25000,0.23498478531837463,0.322454571723938,4.587521118537552e-07,1.0,4.587521118537552e-07,0.0009097675792872906,0.0031780411954969168,0.00867764838039875,0.020986007526516914,0.04897598922252655,0.1142926961183548,0.3206421136856079,0.5,1.0,1.0
3,230,25000,0.2349061518907547,0.3224377930164337,6.227479047993256e-07,1.0,6.227479047993256e-07,0.000900316284969449,0.0031921325717121363,0.008645537309348583,0.02098808065056801,0.04889523610472679,0.11438077688217163,0.32091566920280457,0.5,1.0,1.0
3,240,25000,0.2349255234003067,0.32242801785469055,5.309451580615132e-07,1.0,5.309451580615132e-07,0.0009063065517693758,0.0031923800706863403,0.008683188818395138,0.02108420431613922,0.04889487475156784,0.11390429735183716,0.3207072913646698,0.5,1.0,1.0
3,250,25000,0.23494942486286163,0.3223308026790619,5.239537017587281e-07,1.0,5.239537017587281e-07,0.0009110934333875775,0.0031907418742775917,0.008733624592423439,0.02098206803202629,0.048892006278038025,0.11432822048664093,0.3219165503978729,0.5,1.0,1.0
3,260,25000,0.234889954328537,0.3222971260547638,4.5746858745587815e-07,1.0,4.5746858745587815e-07,0.0009026804473251104,0.0032008455600589514,0.008699077181518078,0.021056268364191055,0.04891666769981384,0.11395137012004852,0.32109031081199646,0.5,1.0,1.0
3,270,25000,0.23480235040187836,0.3222683370113373,5.502421913661237e-07,1.0,5.502421913661237e-07,0.0009009349159896374,0.003196862293407321,0.008640492334961891,0.0209885872900486,0.04886316508054733,0.11424661427736282,0.3212827742099762,0.5,1.0,1.0
3,280,25000,0.23487819731235504,0.32217541337013245,4.211464670333953e-07,1.0,4.211464670333953e-07,0.0009096231078729033,0.0031816025730222464,0.008671624585986137,0.020987138152122498,0.049151789397001266,0.1144084483385086,0.3226647973060608,0.5,1.0,1.0
3,290,25000,0.2348078191280365,0.32211825251579285,5.580354240919405e-07,1.0,5.580354240919405e-07,0.000909176713321358,0.003202273277565837,0.008682561106979847,0.020906956866383553,0.049177154898643494,0.11430662125349045,0.32120123505592346,0.5,1.0,1.0
3,300,25000,0.23480741679668427,0.3221307396888733,6.060648729544482e-07,1.0,6.060648729544482e-07,0.0009079914889298379,0.0031958259642124176,0.0086756506934762,0.021016579121351242,0.0487944595515728,0.11466152220964432,0.3207486569881439,0.5,1.0,1.0
3,310,25000,0.23478445410728455,0.3220815360546112,4.052640178997535e-07,1.0,4.052640178997535e-07,0.0009065019548870623,0.003197700483724475,0.008689132519066334,0.020989371463656425,0.049106109887361526,0.11423147469758987,0.32125306129455566,0.5,1.0,1.0
3,320,25000,0.2347560077905655,0.32208511233329773,4.769851216224197e-07,1.0,4.769851216224197e-07,0.0009035351686179638,0.0031954438891261816,0.008717617020010948,0.020956672728061676,0.04900176823139191,0.11474655568599701,0.31959426403045654,0.5,1.0,1.0
3,330,25000,0.23465387523174286,0.3220624327659607,6.118416422395967e-07,1.0,6.118416422395967e-07,0.0009068540530279279,0.003176452126353979,0.008673341013491154,0.021014880388975143,0.04884421080350876,0.11384940147399902,0.31974202394485474,0.5,1.0,1.0
3,340,25000,0.23472216725349426,0.3220832943916321,6.061756039343891e-07,1.0,6.061756039343891e-07,0.0009080574382096529,0.003189666662365198,0.008663412183523178,0.02103898487985134,0.04904232174158096,0.11440923064947128,0.32015350461006165,0.5,1.0,1.0
3,350,25000,0.2348058819770813,0.32211601734161377,5.059095542492287e-07,1.0,5.059095542492287e-07,0.0009079000446945429,0.0031864165794104338,0.008631271310150623,0.021009305492043495,0.04887036979198456,0.11391279846429825,0.3214399814605713,0.5,1.0,1.0
3,360,25000,0.23479218780994415,0.3220994770526886,4.922612220070732e-07,1.0,4.922612220070732e-07,0.0009039685246534646,0.003198321908712387,0.008652293123304844,0.021004976704716682,0.048959583044052124,0.11448176950216293,0.3209042549133301,0.5,1.0,1.0
3,370,25000,0.2347313016653061,0.3220893144607544,5.477338618220529e-07,1.0,5.477338618220529e-07,0.0009131449041888118,0.0032125983852893114,0.008661924861371517,0.021059731021523476,0.04893223196268082,0.11424525827169418,0.32029157876968384,0.5,1.0,1.0
3,380,25000,0.23475973308086395,0.3221341073513031,7.276283326973498e-07,1.0,7.276283326973498e-07,0.000911556591745466,0.0031858745496720076,0.008676829747855663,0.021041953936219215,0.0488622710108757,0.11395150423049927,0.32019221782684326,0.5,1.0,1.0
3,390,25000,0.23477627336978912,0.322135865688324,4.6038309164941893e-07,1.0,4.6038309164941893e-07,0.0009088370716199279,0.0031780109275132418,0.00867509376257658,0.021121960133314133,0.04913745075464249,0.11383970081806183,0.3194269835948944,0.5,1.0,1.0
3,400,25000,0.2347646802663803,0.32210707664489746,4.857515136791335e-07,1.0,4.857515136791335e-07,0.0009000101126730442,0.0032074961345642805,0.008656102232635021,0.0209936685860157,0.0489656999707222,0.11431825160980225,0.3215024769306183,0.5,1.0,1.0
3,410,25000,0.23483072221279144,0.32211852073669434,6.316871576927952e-07,1.0,6.316871576927952e-07,0.0009125411161221564,0.0031909565441310406,0.008689049631357193,0.021003713831305504,0.04908255115151405,0.11420243978500366,0.32162144780158997,0.5,1.0,1.0
3,420,25000,0.23483029007911682,0.32214003801345825,5.018605975237733e-07,1.0,5.018605975237733e-07,0.0009061286109499633,0.00319731910713017,0.008674628101289272,0.02092629112303257,0.04898211732506752,0.11437174677848816,0.3199162781238556,0.5,1.0,1.0
3,430,25000,0.23468708992004395,0.3221496045589447,4.809696179108869e-07,1.0,4.809696179108869e-07,0.0008976833778433502,0.0031867139041423798,0.008629116229712963,0.021016737446188927,0.04895075410604477,0.11377962678670883,0.3199858069419861,0.5,1.0,1.0
3,440,25000,0.23474617302417755,0.32213863730430603,4.2729470806079917e-07,1.0,4.2729470806079917e-07,0.0009038511198014021,0.0031980262137949467,0.00869231391698122,0.02099600061774254,0.048864077776670456,0.11396915465593338,0.3203464150428772,0.5,1.0,1.0
3,450,25000,0.23480771481990814,0.3221423625946045,6.915611834301671e-07,1.0,6.915611834301671e-07,0.0009081885800696909,0.003190055023878813,0.008683501742780209,0.021099111065268517,0.048985570669174194,0.11436442285776138,0.32021793723106384,0.5,1.0,1.0
3,460,25000,0.2348863035440445,0.3221714198589325,5.390676278693718e-07,1.0,5.390676278693718e-07,0.0008988295448943973,0.003190792165696621,0.0086820712313056,0.021060658618807793,0.048961102962493896,0.11395496875047684,0.3215200901031494,0.5,1.0,1.0
3,470,25000,0.23477809131145477,0.3221833109855652,5.908522666686622e-07,1.0,5.908522666686622e-07,0.0009018852142617106,0.003202582709491253,0.008683248423039913,0.020988479256629944,0.048842258751392365,0.11428304016590118,0.3211306631565094,0.5,1.0,1.0
3,480,25000,0.23479484021663666,0.32216623425483704,6.913866741342645e-07,1.0,6.913866741342645e-07,0.0009047758067026734,0.0031740202102810144,0.008665123023092747,0.021010925993323326,0.04889991506934166,0.1140219196677208,0.32179534435272217,0.5,1.0,1.0
3,490,25000,0.23481450974941254,0.32216280698776245,6.071646794225671e-07,1.0,6.071646794225671e-07,0.000901941501069814,0.003195572877302766,0.008655903860926628,0.02097616344690323,0.048882514238357544,0.11430403590202332,0.32021358609199524,0.5,1.0,1.0
3,500,25000,0.23478160798549652,0.32217442989349365,5.958485189694329e-07,1.0,5.958485189694329e-07,0.0009026353363879025,0.0031731773633509874,0.008687779307365417,0.02096170000731945,0.048745617270469666,0.11444395780563354,0.3206218481063843,0.5,1.0,1.0
3,510,25000,0.2348768264055252,0.3222457468509674,5.594689014287724e-07,1.0,5.594689014287724e-07,0.0009119528695009649,0.0031946683302521706,0.008646770380437374,0.02095804177224636,0.04879755526781082,0.11425109207630157,0.32060280442237854,0.5,1.0,1.0
3,520,25000,0.23478811979293823,0.3222554922103882,4.7239953460120887e-07,1.0,4.7239953460120887e-07,0.0009103171760216355,0.0031760644633322954,0.008681152015924454,0.02095891535282135,0.04886407405138016,0.1142255961894989,0.3198089301586151,0.5,1.0,1.0
3,530,25000,0.2347298413515091,0.3221428394317627,6.890360850775323e-07,1.0,6.890360850775323e-07,0.0009052021196112037,0.003208025824278593,0.008681786246597767,0.02100250869989395,0.04901681840419769,0.11419660598039627,0.32070913910865784,0.5,1.0,1.0
3,540,25000,0.23484304547309875,0.32219716906547546,4.790529146703193e-07,1.0,4.790529146703193e-07,0.0009082241449505091,0.003193476004526019,0.008668455295264721,0.020984746515750885,0.04888042062520981,0.11435624957084656,0.3210062086582184,0.5,1.0,1.0
3,550,25000,0.23477473855018616,0.32223913073539734,5.992279739075457e-07,1.0,5.992279739075457e-07,0.00090650754282251,0.0031725242733955383,0.008648475632071495,0.02100282348692417,0.04888112470507622,0.11415255069732666,0.3216365575790405,0.5,1.0,1.0
3,560,25000,0.23479671776294708,0.32223477959632874,6.6304681922702e-07,1.0,6.6304681922702e-07,0.0009077655267901719,0.0031935921870172024,0.008691132999956608,0.021033236756920815,0.04868325591087341,0.1143142580986023,0.3212447762489319,0.5,1.0,1.0
3,570,25000,0.23484836518764496,0.3222845494747162,5.929836675022671e-07,1.0,5.929836675022671e-07,0.0009026183979585767,0.0031948338728398085,0.008652285672724247,0.02090589515864849,0.048846010118722916,0.11434648185968399,0.3211952745914459,0.5,1.0,1.0
3,580,25000,0.23481330275535583,0.3223045766353607,5.283831114866189e-07,1.0,5.283831114866189e-07,0.0009019479039125144,0.0031901609618216753,0.008664526976644993,0.020970698446035385,0.048871055245399475,0.11439979821443558,0.3197656273841858,0.5,1.0,1.0
3,590,25000,0.23483823239803314,0.3222222626209259,6.075745204725536e-07,1.0,6.075745204725536e-07,0.0009087843936868012,0.003200644627213478,0.00872816238552332,0.020987052470445633,0.04892348870635033,0.11389238387346268,0.32056480646133423,0.5,1.0,1.0
3,600,25000,0.2348523736000061,0.32224929332733154,5.298065843817312e-07,1.0,5.298065843817312e-07,0.000902796455193311,0.003167303279042244,0.008712226524949074,0.02099323272705078,0.04893997311592102,0.11490532010793686,0.31922459602355957,0.5,1.0,1.0
3,610,25000,0.23490160703659058,0.3223424553871155,4.851669359595689e-07,1.0,4.851669359595689e-07,0.0009013170492835343,0.0031971922144293785,0.008661700412631035,0.0209953635931015,0.04879813268780708,0.11424432694911957,0.32123440504074097,0.5,1.0,1.0
3,620,25000,0.23489703238010406,0.3222854435443878,4.6088229055385455e-07,1.0,4.6088229055385455e-07,0.0009024268947541714,0.003188380738720298,0.00868372991681099,0.021097354590892792,0.04879181087017059,0.1143079325556755,0.3204377293586731,0.5,1.0,1.0
3,630,25000,0.23489542305469513,0.3222552537918091,5.978818649055029e-07,1.0,5.978818649055029e-07,0.0009076315327547491,0.0032158158719539642,0.008639798499643803,0.021007554605603218,0.048743776977062225,0.11400715261697769,0.32148969173431396,0.5,1.0,1.0
3,640,25000,0.23490841686725616,0.3223074674606323,4.985049031347444e-07,1.0,4.985049031347444e-07,0.0009101093746721745,0.003213045187294483,0.0086771035566926,0.020985502749681473,0.048953570425510406,0.11454741656780243,0.3213803768157959,0.5,1.0,1.0
3,650,25000,0.23487505316734314,0.3223181962966919,6.475620466517285e-07,1.0,6.475620466517285e-07,0.0009070892701856792,0.003200493287295103,0.008691802620887756,0.021021442487835884,0.04891729727387428,0.11455792933702469,0.32128477096557617,0.5,1.0,1.0
3,660,25000,0.234913170337677,0.32230597734451294,4.327022793404467e-07,1.0,4.327022793404467e-07,0.0009059112053364515,0.003192017087712884,0.008677864447236061,0.021088335663080215,0.0489877387881279,0.11476869881153107,0.32098230719566345,0.5,1.0,1.0
3,670,25000,0.2348715364933014,0.3223317265510559,5.63131834496744e-07,1.0,5.63131834496744e-07,0.0009052447276189923,0.003174720797687769,0.008681096136569977,0.02098672278225422,0.04892072454094887,0.11444006860256195,0.3204323649406433,0.5,1.0,1.0
3,680,25000,0.23502327501773834,0.32237139344215393,4.4101048501943296e-07,1.0,4.4101048501943296e-07,0.0009075780399143696,0.0032083140686154366,0.008699840866029263,0.020980622619390488,0.04903130233287811,0.11463204771280289,0.3213825821876526,0.5,1.0,1.0
3,690,25000,0.2349155992269516,0.3223903775215149,6.20693583641696e-07,1.0,6.20693583641696e-07,0.0009046727209351957,0.0031975426245480776,0.008644087240099907,0.021012987941503525,0.04891880601644516,0.11406601220369339,0.3201899826526642,0.5,1.0,1.0
3,700,25000,0.2349572628736496,0.322391539812088,5.362284127841122e-07,1.0,5.362284127841122e-07,0.0009028930217027664,0.003192448290064931,0.008651049807667732,0.020991142839193344,0.048698194324970245,0.11433921754360199,0.32139453291893005,0.5,1.0,1.0
3,710,25000,0.23495660722255707,0.3224446773529053,5.426163056654332e-07,1.0,5.426163056654332e-07,0.000907268316950649,0.0031953465659171343,0.008658993989229202,0.021013198420405388,0.04883834347128868,0.11426296085119247,0.3214733898639679,0.5,1.0,1.0
3,720,25000,0.23490028083324432,0.3223797380924225,5.166867822481436e-07,1.0,5.166867822481436e-07,0.0009096079738810658,0.0031818945426493883,0.008670737035572529,0.020981719717383385,0.04889813810586929,0.11415084451436996,0.3207889497280121,0.5,1.0,1.0
3,730,25000,0.23495805263519287,0.32239991426467896,4.684167436153075e-07,1.0,4.684167436153075e-07,0.0009066307102330029,0.0031908475793898106,0.008645209483802319,0.02096921019256115,0.04909585416316986,0.11459526419639587,0.3211176097393036,0.5,1.0,1.0
3,740,25000,0.2349366992712021,0.3224010765552521,5.872066708434431e-07,1.0,5.872066708434431e-07,0.000908922404050827,0.0031874666456133127,0.008706802502274513,0.020978454500436783,0.048893895000219345,0.11413145810365677,0.32100215554237366,0.5,1.0,1.0
3,750,25000,0.23492828011512756,0.32237425446510315,6.5712242758309e-07,1.0,6.5712242758309e-07,0.0009044291800819337,0.0031898347660899162,0.008655793964862823,0.02105761133134365,0.048946745693683624,0.11407133936882019,0.3209986090660095,0.5,1.0,1.0
3,760,25000,0.23495405912399292,0.32242539525032043,5.612015456790687e-07,1.0,5.612015456790687e-07,0.0009070481755770743,0.0031941712368279696,0.008671687915921211,0.02099650725722313,0.048767559230327606,0.11435940861701965,0.3208470344543457,0.5,1.0,1.0
3,770,25000,0.23493096232414246,0.3224000036716461,5.201858357395395e-07,1.0,5.201858357395395e-07,0.0009050395456142724,0.0032149688340723515,0.008675886318087578,0.02105635404586792,0.04889800772070885,0.1138259693980217,0.32048094272613525,0.5,1.0,1.0
3,780,25000,0.2350270301103592,0.3224133849143982,5.175847945793066e-07,1.0,5.175847945793066e-07,0.0009078735020011663,0.003185730427503586,0.008673394098877907,0.021048298105597496,0.04894311726093292,0.1145060658454895,0.3218609392642975,0.5,1.0,1.0
3,790,25000,0.23507460951805115,0.32246142625808716,5.409937671174703e-07,1.0,5.409937671174703e-07,0.0009065188933163881,0.003199114464223385,0.008723195642232895,0.020963851362466812,0.04918210208415985,0.11418748646974564,0.3212190270423889,0.5,1.0,1.0
3,800,25000,0.2350025326013565,0.322443425655365,5.412252335190715e-07,1.0,5.412252335190715e-07,0.0009117997251451015,0.0031932357233017683,0.008680777624249458,0.02103693038225174,0.04879632592201233,0.11435618996620178,0.32092875242233276,0.5,1.0,1.0
3,810,25000,0.23496900498867035,0.3224247097969055,4.652214329325943e-07,1.0,4.652214329325943e-07,0.0009037118870764971,0.003214791417121887,0.008686547167599201,0.02101093903183937,0.04914858937263489,0.1142209842801094,0.3199572265148163,0.5,1.0,1.0
3,820,25000,0.2348952293395996,0.3224267363548279,5.116173156238801e-07,1.0,5.116173156238801e-07,0.0009033761452883482,0.0031837651040405035,0.00867368932813406,0.02095887064933777,0.04909419268369675,0.11384961009025574,0.32039669156074524,0.5,1.0,1.0
3,830,25000,0.2349357306957245,0.32238122820854187,5.109199605612957e-07,1.0,5.109199605612957e-07,0.0009135033469647169,0.003181694308295846,0.008697609417140484,0.021015405654907227,0.04896523058414459,0.1139252781867981,0.3207114040851593,0.5,1.0,1.0
3,840,25000,0.23504586517810822,0.32245704531669617,6.978782494115876e-07,1.0,6.978782494115876e-07,0.0009085448109544814,0.0032007552217692137,0.008688606321811676,0.021029358729720116,0.04900400713086128,0.11423995345830917,0.3208826780319214,0.5,1.0,1.0
3,850,25000,0.23496820032596588,0.3224571943283081,5.237019422565936e-07,1.0,5.237019422565936e-07,0.0009052950772456825,0.0031893043778836727,0.008704041130840778,0.02100290171802044,0.0488874576985836,0.11418523639440536,0.32010823488235474,0.5,1.0,1.0
3,860,25000,0.234952911734581,0.3224335014820099,4.469527823403041e-07,1.0,4.469527823403041e-07,0.0009084330522455275,0.0032040129881352186,0.008675748482346535,0.02100246213376522,0.04901891201734543,0.1137969121336937,0.3212716579437256,0.5,1.0,1.0
3,870,25000,0.23493273556232452,0.3224331736564636,5.780349852102518e-07,1.0,5.780349852102518e-07,0.0009057874558493495,0.0032139441464096308,0.008647046983242035,0.020961178466677666,0.04888070002198219,0.1143607646226883,0.3208951950073242,0.5,1.0,1.0
3,880,25000,0.23487582802772522,0.3223833739757538,4.911041173727426e-07,1.0,4.911041173727426e-07,0.000902918225619942,0.003192807314917445,0.008674741722643375,0.02101745270192623,0.04896840080618858,0.11454394459724426,0.3205616772174835,0.5,1.0,1.0
3,890,25000,0.23498471081256866,0.32240307331085205,5.028137479712314e-07,1.0,5.028137479712314e-07,0.0009088556980714202,0.003220324171707034,0.00866486132144928,0.02096836268901825,0.048941612243652344,0.11485651880502701,0.32061636447906494,0.5,1.0,1.0
3,900,25000,0.23498313128948212,0.3225114643573761,5.770061193288711e-07,1.0,5.770061193288711e-07,0.0009127623052336276,0.0031853083055466413,0.008661432191729546,0.020880335941910744,0.04894668981432915,0.11423180997371674,0.320891797542572,0.5,1.0,1.0
3,910,25000,0.23502883315086365,0.3224330246448517,5.118504873280472e-07,1.0,5.118504873280472e-07,0.0009049373911693692,0.0032145294826477766,0.008719690144062042,0.020944468677043915,0.04902678728103638,0.11434222757816315,0.32203438878059387,0.5,1.0,1.0
3,920,25000,0.23502320051193237,0.32246190309524536,5.058902843302349e-07,1.0,5.058902843302349e-07,0.0009067634819075465,0.0031949758995324373,0.008675525896251202,0.02098104916512966,0.04901563376188278,0.11402853578329086,0.32146155834198,0.5,1.0,1.0
3,930,25000,0.2350112795829773,0.32245051860809326,6.72901876441756e-07,1.0,6.72901876441756e-07,0.0009068800136446953,0.00319405528716743,0.008622745051980019,0.020928367972373962,0.048912156373262405,0.11401375383138657,0.32103022933006287,0.5,1.0,1.0
3,940,25000,0.23497064411640167,0.32249951362609863,4.924302174913464e-07,1.0,4.924302174913464e-07,0.0009052720270119607,0.0031954506412148476,0.00867084413766861,0.021082576364278793,0.0488801971077919,0.11389973014593124,0.32029029726982117,0.5,1.0,1.0
3,950,25000,0.23504234850406647,0.3225356638431549,6.464957209573186e-07,1.0,6.464957209573186e-07,0.0009108282392844558,0.0031848326325416565,0.008682293817400932,0.020918335765600204,0.04869724437594414,0.11423034220933914,0.32170265913009644,0.5,1.0,1.0
3,960,25000,0.23501648008823395,0.3224470019340515,5.972266308162943e-07,1.0,5.972266308162943e-07,0.0009059851290658116,0.0031880440656095743,0.008671455085277557,0.021000748500227928,0.049165427684783936,0.11421026289463043,0.3214725852012634,0.5,1.0,1.0
3,970,25000,0.2349708378314972,0.32246464490890503,5.169457040210546e-07,1.0,5.169457040210546e-07,0.0009059907752089202,0.003188283881172538,0.008670797571539879,0.020929578691720963,0.048927173018455505,0.11415009945631027,0.32074815034866333,0.5,1.0,1.0
3,980,25000,0.23496687412261963,0.3224233090877533,6.119049089647888e-07,1.0,6.119049089647888e-07,0.0009042970486916602,0.003193640848621726,0.008694665506482124,0.021123433485627174,0.049070488661527634,0.11452870815992355,0.32091742753982544,0.5,1.0,1.0
3,990,25000,0.23491978645324707,0.3224688470363617,5.169372911950632e-07,1.0,5.169372911950632e-07,0.0009082886972464621,0.003188667120411992,0.008691811002790928,0.020934822037816048,0.048707105219364166,0.11405299603939056,0.32077232003211975,0.5,1.0,1.0
3,1000,25000,0.2349928617477417,0.3224775791168213,4.3162944507457723e-07,1.0,4.3162944507457723e-07,0.000913199910428375,0.003209534101188183,0.00866631232202053,0.02101162075996399,0.04884990304708481,0.11393828690052032,0.3214956521987915,0.5,1.0,1.0
3,1010,25000,0.2349996566772461,0.3224548399448395,5.81563313062361e-07,1.0,5.81563313062361e-07,0.000910363276489079,0.0031944450456649065,0.00869053415954113,0.02099647931754589,0.048959553241729736,0.11423757672309875,0.3211612105369568,0.5,1.0,1.0
3,1020,25000,0.23499877750873566,0.32248690724372864,4.588814022099541e-07,1.0,4.588814022099541e-07,0.0009015637333504856,0.00318647688254714,0.008673273026943207,0.021079229190945625,0.0488593727350235,0.11426794528961182,0.3216339349746704,0.5,1.0,1.0
3,1030,25000,0.23494009673595428,0.322435587644577,6.308188176262775e-07,1.0,6.308188176262775e-07,0.000902910134755075,0.0031856491696089506,0.008645178750157356,0.020958328619599342,0.04894138500094414,0.11444821208715439,0.32013288140296936,0.5,1.0,1.0
3,1040,25000,0.23495088517665863,0.3224513530731201,4.913928250971367e-07,1.0,4.913928250971367e-07,0.0009097627480514348,0.003193876938894391,0.00867479108273983,0.02100755274295807,0.04892194643616676,0.1137532889842987,0.31990811228752136,0.5,1.0,1.0
3,1050,25000,0.23503845930099487,0.3224913477897644,5.163710738997906e-07,1.0,5.163710738997906e-07,0.0009096673456951976,0.0031917979940772057,0.008679654449224472,0.02097247913479805,0.04906570911407471,0.1143137589097023,0.3206779956817627,0.5,1.0,1.0
3,1060,25000,0.2349938601255417,0.3224877417087555,5.880809794689412e-07,1.0,5.880809794689412e-07,0.0009107132791541517,0.0031921949703246355,0.008676898665726185,0.020986540243029594,0.048988331109285355,0.1140458732843399,0.32130393385887146,0.5,1.0,1.0
3,1070,25000,0.23486332595348358,0.32237645983695984,4.849222250413732e-07,1.0,4.849222250413732e-07,0.0009043167810887098,0.0031888731755316257,0.008671188727021217,0.021004417911171913,0.04872383549809456,0.11417403817176819,0.320639431476593,0.5,1.0,1.0
3,1080,25000,0.23501484096050262,0.32246628403663635,6.70699080274062e-07,1.0,6.70699080274062e-07,0.0009013375383801758,0.0031807045452296734,0.008657862432301044,0.020970474928617477,0.04898757487535477,0.11398449540138245,0.32144710421562195,0.5,1.0,1.0
3,1090,25000,0.23493692278862,0.3224056661128998,5.418664272838214e-07,1.0,5.418664272838214e-07,0.0009062027675099671,0.0031795173417776823,0.008654139935970306,0.020973719656467438,0.048745669424533844,0.11431416869163513,0.3204285502433777,0.5,1.0,1.0
3,1100,25000,0.23493486642837524,0.32240453362464905,4.4267804355513363e-07,1.0,4.4267804355513363e-07,0.0009034168906509876,0.003200026461854577,0.008671159856021404,0.020972542464733124,0.04885423183441162,0.11417853832244873,0.3211524486541748,0.5,1.0,1.0
3,1110,25000,0.23493525385856628,0.32246217131614685,6.503578333649784e-07,1.0,6.503578333649784e-07,0.0009056142880581319,0.003193492768332362,0.008656281046569347,0.02106817625463009,0.04897882789373398,0.11401041597127914,0.32004791498184204,0.5,1.0,1.0
3,1120,25000,0.23492096364498138,0.32242515683174133,4.6931936026339827e-07,1.0,4.6931936026339827e-07,0.000902708328794688,0.0031851280946284533,0.008667098358273506,0.02099236473441124,0.0489843413233757,0.11452987045049667,0.3207140862941742,0.5,1.0,1.0
3,1130,25000,0.23493950068950653,0.32241854071617126,4.432019693467737e-07,1.0,4.432019693467737e-07,0.000906853994820267,0.00320912292227149,0.008712869137525558,0.02098670043051243,0.04894505441188812,0.11460892856121063,0.320923775434494,0.5,1.0,1.0
3,1140,25000,0.23497362434864044,0.3224436640739441,5.400519285103655e-07,1.0,5.400519285103655e-07,0.0009033703245222569,0.0031918170861899853,0.008661145344376564,0.0210907980799675,0.04898018762469292,0.11437679082155228,0.32118865847587585,0.5,1.0,1.0
3,1150,25000,0.2349991649389267,0.32250142097473145,5.514704639608681e-07,1.0,5.514704639608681e-07,0.0009095402783714235,0.003194851102307439,0.00870180781930685,0.02102760598063469,0.04891256242990494,0.11404682695865631,0.3214377164840698,0.5,1.0,1.0
3,1160,25000,0.23496104776859283,0.32246220111846924,6.760017186024925e-07,1.0,6.760017186024925e-07,0.000909567519556731,0.0031888592056930065,0.00866050273180008,0.021021470427513123,0.04883042722940445,0.11416160315275192,0.32198482751846313,0.5,1.0,1.0
3,1170,25000,0.23485617339611053,0.3224085867404938,5.108778395879199e-07,1.0,5.108778395879199e-07,0.0009077601716853678,0.003197993151843548,0.008644350804388523,0.020927904173731804,0.049006253480911255,0.11404576152563095,0.32090386748313904,0.5,1.0,1.0
3,1180,25000,0.23486432433128357,0.3224204480648041,6.551889555339585e-07,1.0,6.551889555339585e-07,0.0009109691600315273,0.003177758539095521,0.00867584440857172,0.02105306275188923,0.04888952523469925,0.11379878968000412,0.32068514823913574,0.5,1.0,1.0
3,1190,25000,0.23499718308448792,0.32243260741233826,5.566885761254525e-07,1.0,5.566885761254525e-07,0.0009075828711502254,0.003185432404279709,0.008666071109473705,0.0209946446120739,0.0488784983754158,0.11434765160083771,0.3216674029827118,0.5,1.0,1.0
3,1200,25000,0.23501986265182495,0.3224950134754181,6.115121209404606e-07,1.0,6.115121209404606e-07,0.0009080482413992286,0.0031879800371825695,0.008655686862766743,0.02098751999437809,0.049185916781425476,0.11412480473518372,0.3209451735019684,0.5,1.0,1.0
3,1210,25000,0.23503510653972626,0.32248127460479736,5.891766363674833e-07,1.0,5.891766363674833e-07,0.0009153319406323135,0.003213154152035713,0.008713307790458202,0.02104535512626171,0.048927754163742065,0.1140395998954773,0.3205511271953583,0.5,1.0,1.0
3,1220,25000,0.2349652349948883,0.3225065767765045,5.393114292928658e-07,1.0,5.393114292928658e-07,0.0009091731044463813,0.003208314999938011,0.008671260438859463,0.021099233999848366,0.04879019781947136,0.11438126862049103,0.3208255469799042,0.5,1.0,1.0
3,1230,25000,0.23491935431957245,0.32247400283813477,6.034722446202068e-07,1.0,6.034722446202068e-07,0.0009075463167391717,0.0032066807616502047,0.008683032356202602,0.02091868221759796,0.04885050281882286,0.1142391562461853,0.320888876914978,0.5,1.0,1.0
3,1240,25000,0.23497846722602844,0.32243800163269043,5.614467113446153e-07,1.0,5.614467113446153e-07,0.0009053710382431746,0.0032072593457996845,0.00866785366088152,0.020970791578292847,0.049109794199466705,0.11433422565460205,0.32133546471595764,0.5,1.0,1.0
3,1250,25000,0.23495320975780487,0.3224219083786011,6.172918460833898e-07,1.0,6.172918460833898e-07,0.0009070846135728061,0.003207497065886855,0.008678946644067764,0.02099430374801159,0.048930518329143524,0.1145891547203064,0.3201690912246704,0.5,1.0,1.0
3,1260,25000,0.23495575785636902,0.3225072920322418,4.7587312224095513e-07,1.0,4.7587312224095513e-07,0.0009046380291692913,0.003196240868419409,0.00863057654350996,0.0210235845297575,0.048868678510189056,0.11439313739538193,0.32134008407592773,0.5,1.0,1.0
3,1270,25000,0.23499052226543427,0.322439044713974,6.061400767976011e-07,1.0,6.061400767976011e-07,0.0009122847695834935,0.003206104040145874,0.008655731566250324,0.021065369248390198,0.04891769587993622,0.11470433324575424,0.32214370369911194,0.5,1.0,1.0
3,1280,25000,0.23503471910953522,0.32248514890670776,4.2399810240567604e-07,1.0,4.2399810240567604e-07,0.0009076892747543752,0.0031965181697160006,0.008689410984516144,0.02100319042801857,0.048895854502916336,0.11438846588134766,0.32004693150520325,0.5,1.0,1.0
3,1290,25000,0.2349720001220703,0.32243379950523376,4.87215743305569e-07,1.0,4.87215743305569e-07,0.0009029083885252476,0.003204836742952466,0.008683494292199612,0.020992424339056015,0.04889891296625137,0.11445225775241852,0.319944828748703,0.5,1.0,1.0
3,1300,25000,0.23496703803539276,0.3224393129348755,5.562610567722004e-07,1.0,5.562610567722004e-07,0.0009063415345735848,0.003187093883752823,0.008700081147253513,0.02102043479681015,0.04886777326464653,0.11409782618284225,0.3206266164779663,0.5,1.0,1.0
3,1310,25000,0.23503679037094116,0.3225117325782776,5.103221383251366e-07,1.0,5.103221383251366e-07,0.0009070537053048611,0.0031848137732595205,0.008670337498188019,0.021022697910666466,0.04902642220258713,0.11385999619960785,0.32087522745132446,0.5,1.0,1.0
3,1320,25000,0.23502396047115326,0.3225206136703491,6.53623430935113e-07,1.0,6.53623430935113e-07,0.0009105628123506904,0.003189250361174345,0.00869771558791399,0.02095918171107769,0.04907311499118805,0.11455999314785004,0.32166072726249695,0.5,1.0,1.0
3,1330,25000,0.23500633239746094,0.32250645756721497,5.788208454760024e-07,1.0,5.788208454760024e-07,0.000904581043869257,0.003190502757206559,0.008698907680809498,0.020907241851091385,0.04883606731891632,0.11413618177175522,0.3214038610458374,0.5,1.0,1.0
3,1340,25000,0.23504266142845154,0.32251864671707153,5.429192242445424e-07,1.0,5.429192242445424e-07,0.0009077658178284764,0.0032041806261986494,0.008708926849067211,0.0209844671189785,0.04905010014772415,0.11383617669343948,0.32124271988868713,0.5,1.0,1.0
3,1350,25000,0.23504583537578583,0.32254326343536377,6.852920932942652e-07,1.0,6.852920932942652e-07,0.0009129844256676733,0.003182855900377035,0.008660000748932362,0.021004963666200638,0.048903487622737885,0.11421315371990204,0.3201341927051544,0.5,1.0,1.0
3,1360,25000,0.2350771278142929,0.322513222694397,5.54708151412342e-07,1.0,5.54708151412342e-07,0.0009103979100473225,0.0031976988539099693,0.008639304898679256,0.021028490737080574,0.04892110824584961,0.1144317016005516,0.3209374248981476,0.5,1.0,1.0
3,1370,25000,0.23500947654247284,0.3225265145301819,5.85402915476152e-07,1.0,5.85402915476152e-07,0.0009105544304475188,0.003200208069756627,0.008667726069688797,0.021019460633397102,0.048885174095630646,0.1139906644821167,0.32025814056396484,0.5,1.0,1.0
3,1380,25000,0.23502632975578308,0.3224793076515198,5.100521889289666e-07,1.0,5.100521889289666e-07,0.0009132439154200256,0.00319049134850502,0.008684893138706684,0.02101120725274086,0.048827677965164185,0.11406342685222626,0.32080012559890747,0.5,1.0,1.0
3,1390,25000,0.23502078652381897,0.3225213587284088,6.591415058210259e-07,1.0,6.591415058210259e-07,0.0009033341775648296,0.0031864610500633717,0.008672907948493958,0.02099590189754963,0.049148015677928925,0.11438263952732086,0.3215724229812622,0.5,1.0,1.0
3,1400,25000,0.23503106832504272,0.3224775791168213,4.2774760800057265e-07,1.0,4.2774760800057265e-07,0.0009072849643416703,0.0031912645790725946,0.008635738864541054,0.02096446044743061,0.049208126962184906,0.11417121440172195,0.3209952414035797,0.5,1.0,1.0
3,1410,25000,0.2349967211484909,0.32250577211380005,5.587885993918462e-07,1.0,5.587885993918462e-07,0.0009049248765222728,0.0032097995281219482,0.008667072281241417,0.020974809303879738,0.04919799417257309,0.11409862339496613,0.3211555480957031,0.5,1.0,1.0
3,1420,25000,0.2349691390991211,0.32252025604248047,7.406566737699904e-07,1.0,7.406566737699904e-07,0.0009059626027010381,0.0031932289712131023,0.008648842573165894,0.020953280851244926,0.04879973083734512,0.11416186392307281,0.31996408104896545,0.5,1.0,1.0
3,1430,25000,0.23496052622795105,0.3224889934062958,5.743344217989943e-07,1.0,5.743344217989943e-07,0.0009071363019756973,0.0031898324377834797,0.008674352429807186,0.020866157487034798,0.048861805349588394,0.11403762549161911,0.32045310735702515,0.5,1.0,1.0
3,1440,25000,0.23500344157218933,0.32247084379196167,6.473685516539263e-07,1.0,6.473685516539263e-07,0.0009068710496649146,0.0031898950692266226,0.008662952110171318,0.02099715732038021,0.04897386580705643,0.11410528421401978,0.3211442828178406,0.5,1.0,1.0
3,1450,25000,0.23511512577533722,0.3225800395011902,5.544109171751188e-07,1.0,5.544109171751188e-07,0.0009089566883631051,0.0031995410099625587,0.008666622452437878,0.020953085273504257,0.0488898903131485,0.1145489513874054,0.32284027338027954,0.5,1.0,1.0
3,1460,25000,0.23500706255435944,0.32249388098716736,5.211599614085571e-07,1.0,5.211599614085571e-07,0.000903295527677983,0.0032081352546811104,0.008702932856976986,0.020903006196022034,0.04892900586128235,0.11421768367290497,0.31976181268692017,0.5,1.0,1.0
3,1470,25000,0.23509185016155243,0.3225313425064087,6.289530460890091e-07,1.0,6.289530460890091e-07,0.0009081052266992629,0.003196537494659424,0.00871056318283081,0.021040672436356544,0.048996224999427795,0.11430517584085464,0.32096874713897705,0.5,1.0,1.0
3,1480,25000,0.2349604368209839,0.3224818706512451,4.338916141932714e-07,1.0,4.338916141932714e-07,0.0009036435512825847,0.0031972702126950026,0.008704449981451035,0.02102181501686573,0.04892899841070175,0.11417629569768906,0.3217460811138153,0.5,1.0,1.0
3,1490,25000,0.23492221534252167,0.32245829701423645,5.184987230677507e-07,1.0,5.184987230677507e-07,0.0009112640982493758,0.003186045913025737,0.008689374662935734,0.020994745194911957,0.0487893745303154,0.11431170254945755,0.32019713521003723,0.5,1.0,1.0
3,1500,25000,0.23489905893802643,0.32244524359703064,5.101646252114733e-07,1.0,5.101646252114733e-07,0.0009021581499837339,0.0031842172611504793,0.008693977259099483,0.02102372981607914,0.04906351491808891,0.11406698077917099,0.31936872005462646,0.5,1.0,1.0
3,1510,25000,0.23499025404453278,0.32245954871177673,5.095747042105359e-07,1.0,5.095747042105359e-07,0.0009061219752766192,0.0032053233589977026,0.008684380911290646,0.021098315715789795,0.04880721867084503,0.1143898069858551,0.321209579706192,0.5,1.0,1.0
3,1520,25000,0.23499515652656555,0.322475403547287,5.593028049588611e-07,1.0,5.593028049588611e-07,0.0009053624817170203,0.0031859842129051685,0.008684379979968071,0.021014628931879997,0.049257561564445496,0.11408083885908127,0.3210815191268921,0.5,1.0,1.0
3,1530,25000,0.2349673956632614,0.32242223620414734,6.288321401370922e-07,1.0,6.288321401370922e-07,0.0009075302514247596,0.0031981966458261013,0.00867761392146349,0.020946495234966278,0.04899994283914566,0.11427200585603714,0.3216617703437805,0.5,1.0,1.0
3,1540,25000,0.2349318414926529,0.32244572043418884,4.599107228386856e-07,1.0,4.599107228386856e-07,0.000908729387447238,0.003211104078218341,0.008680586703121662,0.021104250103235245,0.0490911528468132,0.11367948353290558,0.3199729025363922,0.5,1.0,1.0
3,1550,25000,0.23499375581741333,0.3225150406360626,5.886435587854066e-07,1.0,5.886435587854066e-07,0.0009086813079193234,0.003217321587726474,0.008652819320559502,0.021015724167227745,0.04899216443300247,0.11378543078899384,0.3208655118942261,0.5,1.0,1.0
3,1560,25000,0.23496679961681366,0.32253971695899963,5.249594323686324e-07,1.0,5.249594323686324e-07,0.0009061154560185969,0.003194354707375169,0.008710185997188091,0.02094525843858719,0.04876657575368881,0.1139121726155281,0.3202541470527649,0.5,1.0,1.0
3,1570,25000,0.2350192368030548,0.3225341737270355,5.713049517908075e-07,1.0,5.713049517908075e-07,0.0009096728754229844,0.0031768488697707653,0.008701193146407604,0.021063102409243584,0.048837266862392426,0.11434794962406158,0.32094961404800415,0.5,1.0,1.0
3,1580,25000,0.2350405752658844,0.3225584924221039,4.494663414789102e-07,1.0,4.494663414789102e-07,0.0008999162237159908,0.003174345940351486,0.00865672156214714,0.020991584286093712,0.04898910969495773,0.11426007002592087,0.3210196793079376,0.5,1.0,1.0
3,1590,25000,0.2350340336561203,0.3225358724594116,6.167937272039126e-07,1.0,6.167937272039126e-07,0.0009059127187356353,0.0032058146316558123,0.008716811425983906,0.021056698635220528,0.04891538247466087,0.11410793662071228,0.32091960310935974,0.5,1.0,1.0
3,1600,25000,0.23498085141181946,0.32252413034439087,5.592672209786542e-07,1.0,5.592672209786542e-07,0.0009044306352734566,0.003193221054971218,0.008647198788821697,0.021002544090151787,0.04882337525486946,0.11425471305847168,0.3197442293167114,0.5,1.0,1.0
3,1610,25000,0.23507395386695862,0.3225894570350647,6.010938022882328e-07,1.0,6.010938022882328e-07,0.0009062717435881495,0.0031960266642272472,0.008686233311891556,0.0210205540060997,0.04879205301403999,0.11405973881483078,0.32295048236846924,0.5,1.0,1.0
3,1620,25000,0.23495294153690338,0.32249554991722107,6.621000352424744e-07,1.0,6.621000352424744e-07,0.0008980782004073262,0.003184407949447632,0.00868705753237009,0.02101781591773033,0.04895227402448654,0.11354394257068634,0.3198016583919525,0.5,1.0,1.0
3,1630,25000,0.23493896424770355,0.32247641682624817,5.731229748562328e-07,1.0,5.731229748562328e-07,0.0009081060998141766,0.003212191630154848,0.008696728385984898,0.02095036394894123,0.04891707003116608,0.11419087648391724,0.31916260719299316,0.5,1.0,1.0
3,1640,25000,0.23494577407836914,0.3224920332431793,4.451419499673648e-07,1.0,4.451419499673648e-07,0.0008975379168987274,0.003204707056283951,0.008670381270349026,0.02105373702943325,0.0489533469080925,0.1141057088971138,0.3199726641178131,0.5,1.0,1.0
3,1650,25000,0.23506496846675873,0.3225759267807007,4.939273026138835e-07,1.0,4.939273026138835e-07,0.0009071638341993093,0.003197513986378908,0.008661378175020218,0.021031411364674568,0.04876808822154999,0.1141485944390297,0.3217218816280365,0.5,1.0,1.0
3,1660,25000,0.23502182960510254,0.32250508666038513,4.947224852003274e-07,1.0,4.947224852003274e-07,0.0009075817069970071,0.0031838936265558004,0.008717524819076061,0.0209866464138031,0.04905705526471138,0.1146431565284729,0.32213783264160156,0.5,1.0,1.0
3,1670,25000,0.23500198125839233,0.32253143191337585,4.5130056491871073e-07,1.0,4.5130056491871073e-07,0.0009052733657881618,0.0031772356014698744,0.008701417595148087,0.020974740386009216,0.04906363785266876,0.11395877599716187,0.321412593126297,0.5,1.0,1.0
3,1680,25000,0.23502330482006073,0.32252439856529236,6.061250701350218e-07,1.0,6.061250701350218e-07,0.0009046583436429501,0.003196955192834139,0.008681274950504303,0.021053314208984375,0.04893428832292557,0.11427424848079681,0.3205339014530182,0.5,1.0,1.0
3,1690,25000,0.23511181771755219,0.32256460189819336,6.225993729458423e-07,1.0,6.225993729458423e-07,0.0009075631387531757,0.0031994464807212353,0.00868164375424385,0.021089840680360794,0.049025848507881165,0.11402064561843872,0.32169127464294434,0.5,1.0,1.0
3,1700,25000,0.23495826125144958,0.3225151002407074,4.957691999152303e-07,1.0,4.957691999152303e-07,0.0009082701872102916,0.003172011114656925,0.008671087212860584,0.021047595888376236,0.04883429408073425,0.11445886641740799,0.3213895857334137,0.5,1.0,1.0
3,1710,25000,0.2349647432565689,0.3224898874759674,3.6186466445542464e-07,1.0,3.6186466445542464e-07,0.000903298263438046,0.0032006772235035896,0.00868740864098072,0.02106706239283085,0.04903670772910118,0.11425072699785233,0.3200671672821045,0.5,1.0,1.0
3,1720,25000,0.23493093252182007,0.32249292731285095,5.345855242921971e-07,1.0,5.345855242921971e-07,0.0009053386747837067,0.003176384838297963,0.008667226880788803,0.021033411845564842,0.048707783222198486,0.11399248242378235,0.3213701844215393,0.5,1.0,1.0
3,1730,25000,0.2349642664194107,0.322488397359848,6.597663855245628e-07,1.0,6.597663855245628e-07,0.0009006711770780385,0.0031913777347654104,0.0086959945037961,0.020993614569306374,0.04908452928066254,0.11439066380262375,0.3190944194793701,0.5,1.0,1.0
3,1740,25000,0.23497620224952698,0.32248932123184204,5.386569341681025e-07,1.0,5.386569341681025e-07,0.0009041015873663127,0.0031933928839862347,0.00868602842092514,0.021024709567427635,0.04907397925853729,0.11453060805797577,0.32021796703338623,0.5,1.0,1.0
3,1750,25000,0.23504458367824554,0.32256513833999634,5.942405323366984e-07,1.0,5.942405323366984e-07,0.0009070283267647028,0.0031916003208607435,0.008698333986103535,0.020967038348317146,0.049001291394233704,0.11410893499851227,0.32160764932632446,0.5,1.0,1.0
3,1760,25000,0.23503684997558594,0.32256221771240234,4.88041109747428e-07,1.0,4.88041109747428e-07,0.000903574051335454,0.0031965705566108227,0.008677119389176369,0.020937751978635788,0.04899699240922928,0.11414828151464462,0.32111066579818726,0.5,1.0,1.0
3,1770,25000,0.2350790947675705,0.3225497901439667,4.926060910293018e-07,1.0,4.926060910293018e-07,0.0009051871602423489,0.003197303507477045,0.008643913082778454,0.021081268787384033,0.04887908697128296,0.11433350294828415,0.32095322012901306,0.5,1.0,1.0
3,1780,25000,0.23502309620380402,0.3225044906139374,5.403387035585183e-07,1.0,5.403387035585183e-07,0.0009036195115186274,0.0032044609542936087,0.008694787509739399,0.021019984036684036,0.04895152896642685,0.11420144140720367,0.32223984599113464,0.5,1.0,1.0
3,1790,25000,0.23500916361808777,0.3224930763244629,4.6062288561188325e-07,1.0,4.6062288561188325e-07,0.0009028994827531278,0.003191203810274601,0.008669262751936913,0.021078160032629967,0.04884997382760048,0.11421400308609009,0.32189956307411194,0.5,1.0,1.0
3,1800,25000,0.2350042462348938,0.3225248456001282,5.723662184209388e-07,1.0,5.723662184209388e-07,0.000898820988368243,0.003180932952091098,0.008701416663825512,0.021053249016404152,0.048926010727882385,0.11421111226081848,0.3217979073524475,0.5,1.0,1.0
3,1810,25000,0.23498374223709106,0.3225443363189697,4.898125212093873e-07,1.0,4.898125212093873e-07,0.0009064684854820371,0.00320049817673862,0.008708828128874302,0.0210073571652174,0.048848748207092285,0.11362065374851227,0.3198528289794922,0.5,1.0,1.0
3,1820,25000,0.23501905798912048,0.3225434720516205,5.170034000911983e-07,1.0,5.170034000911983e-07,0.0009068227373063564,0.0031868929509073496,0.008668455295264721,0.021015610545873642,0.04888322204351425,0.11385028064250946,0.3210335671901703,0.5,1.0,1.0
3,1830,25000,0.2350265383720398,0.32256370782852173,5.14342900714837e-07,1.0,5.14342900714837e-07,0.0009074286208488047,0.0032091799657791853,0.008668794296681881,0.02100961096584797,0.04899009317159653,0.11426928639411926,0.3201196491718292,0.5,1.0,1.0
3,1840,25000,0.23499570786952972,0.322514146566391,5.874279622730683e-07,1.0,5.874279622730683e-07,0.0009038938442245126,0.0032002560328692198,0.008672205731272697,0.02101011388003826,0.048883285373449326,0.11385868489742279,0.3211957812309265,0.5,1.0,1.0
3,1850,25000,0.23505061864852905,0.32259461283683777,5.162738716535387e-07,1.0,5.162738716535387e-07,0.0009047232451848686,0.0031840007286518812,0.008679172024130821,0.021050401031970978,0.04880458116531372,0.11400327831506729,0.31965190172195435,0.5,1.0,1.0
3,1860,25000,0.23510362207889557,0.32259470224380493,5.700209158021607e-07,1.0,5.700209158021607e-07,0.0009027073392644525,0.0031899712048470974,0.00865587405860424,0.02102922834455967,0.049148932099342346,0.11421528458595276,0.3213118612766266,0.5,1.0,1.0
3,1870,25000,0.23501218855381012,0.32254302501678467,6.672058248113899e-07,1.0,6.672058248113899e-07,0.0009047866915352643,0.003205573884770274,0.008676682598888874,0.021026289090514183,0.048868656158447266,0.11411838233470917,0.31997349858283997,0.5,1.0,1.0
3,1880,25000,0.23502327501773834,0.322491854429245,4.795645622834854e-07,1.0,4.795645622834854e-07,0.000911175855435431,0.003196579637005925,0.008680812083184719,0.02110055461525917,0.048960328102111816,0.11426772177219391,0.320833295583725,0.5,1.0,1.0
3,1890,25000,0.23503009974956512,0.3225019574165344,5.055939027442946e-07,1.0,5.055939027442946e-07,0.0009082159376703203,0.0031976536847651005,0.008711752481758595,0.021069297567009926,0.04895545542240143,0.11445719748735428,0.32006514072418213,0.5,1.0,1.0
3,1900,25000,0.23508241772651672,0.3226199746131897,5.972093504169607e-07,1.0,5.972093504169607e-07,0.0009106051293201745,0.003187457099556923,0.008698279969394207,0.02101813443005085,0.048789940774440765,0.1142408549785614,0.3206697106361389,0.5,1.0,1.0
3,1910,25000,0.2350461483001709,0.3225642442703247,5.167002541384136e-07,1.0,5.167002541384136e-07,0.0009086732752621174,0.0031945735681802034,0.008707727305591106,0.020998047664761543,0.04918242245912552,0.11395365744829178,0.3226603865623474,0.5,1.0,1.0
3,1920,25000,0.23505432903766632,0.32257652282714844,5.977506134513533e-07,1.0,5.977506134513533e-07,0.0009097916772589087,0.003201031358912587,0.00869107898324728,0.02104693092405796,0.04886140674352646,0.11424347758293152,0.31975191831588745,0.5,1.0,1.0
3,1930,25000,0.2349827140569687,0.3225180208683014,4.954613359586801e-07,1.0,4.954613359586801e-07,0.0009068831568583846,0.003213143441826105,0.008648951537907124,0.02096671424806118,0.04881224408745766,0.11406814306974411,0.3207910358905792,0.5,1.0,1.0
3,1940,25000,0.2350103110074997,0.32254382967948914,7.986258196979179e-07,1.0,7.986258196979179e-07,0.0009119195165112615,0.0031792991794645786,0.008663510903716087,0.020997067913413048,0.04899067431688309,0.11398780345916748,0.3204904794692993,0.5,1.0,1.0
3,1950,25000,0.23501595854759216,0.32255998253822327,6.271271217883623e-07,1.0,6.271271217883623e-07,0.0009038763237185776,0.0031900324393063784,0.008652799762785435,0.02100110799074173,0.048877470195293427,0.11460904031991959,0.3224504292011261,0.5,1.0,1.0
3,1960,25000,0.23505203425884247,0.32251134514808655,5.031345153838629e-07,1.0,5.031345153838629e-07,0.0009004101739265025,0.0031875448767095804,0.008641925640404224,0.0211105365306139,0.04913618043065071,0.11443626135587692,0.3214990496635437,0.5,1.0,1.0
3,1970,25000,0.234919011592865,0.32252049446105957,5.601920634035196e-07,1.0,5.601920634035196e-07,0.0009100304450839758,0.0031887651421129704,0.008651246316730976,0.020974595099687576,0.048912495374679565,0.1139182448387146,0.3194532096385956,0.5,1.0,1.0
3,1980,25000,0.2350558042526245,0.32255950570106506,5.23962341958395e-07,1.0,5.23962341958395e-07,0.0009035905823111534,0.00317837530747056,0.008664900436997414,0.02104823850095272,0.04892577975988388,0.11445999890565872,0.3201783299446106,0.5,1.0,1.0
3,1990,25000,0.2350502610206604,0.3224596083164215,4.7471286279687774e-07,1.0,4.7471286279687774e-07,0.0009005357860587537,0.00319578405469656,0.008691955357789993,0.02104579657316208,0.04898718744516373,0.11493146419525146,0.32177451252937317,0.5,1.0,1.0
3,2000,25000,0.2349032610654831,0.32246652245521545,4.958046702085994e-07,1.0,4.958046702085994e-07,0.0009084296179935336,0.003195238532498479,0.008691897615790367,0.0210234597325325,0.049166545271873474,0.11406400799751282,0.3211568593978882,0.5,1.0,1.0
3,2010,25000,0.23512448370456696,0.32258108258247375,4.821938546228921e-07,1.0,4.821938546228921e-07,0.0009038419811986387,0.0032087520230561495,0.008671806193888187,0.021013468503952026,0.04899318143725395,0.11478224396705627,0.3219883143901825,0.5,1.0,1.0
3,2020,25000,0.23503562808036804,0.3226068317890167,5.902251132283709e-07,1.0,5.902251132283709e-07,0.0009083900367841125,0.0032054795883595943,0.008678062818944454,0.020936282351613045,0.048791345208883286,0.11423788964748383,0.3214558959007263,0.5,1.0,1.0
3,2030,25000,0.23496299982070923,0.3225131034851074,5.328736847332038e-07,1.0,5.328736847332038e-07,0.0009093008120544255,0.0031925460789352655,0.008746630512177944,0.02094827964901924,0.0489029660820961,0.1141374483704567,0.3205341398715973,0.5,1.0,1.0
3,2040,25000,0.2350558638572693,0.32258400321006775,5.123682171870314e-07,1.0,5.123682171870314e-07,0.0009072311222553253,0.0031931798439472914,0.00870602112263441,0.021058857440948486,0.04904621094465256,0.11390376091003418,0.3207201361656189,0.5,1.0,1.0
3,2050,25000,0.2350471019744873,0.32262203097343445,5.156091447133804e-07,1.0,5.156091447133804e-07,0.0009028407512232661,0.0031932201236486435,0.00868630688637495,0.02101903036236763,0.048734985291957855,0.11423201113939285,0.32052308320999146,0.5,1.0,1.0
3,2060,25000,0.23500822484493256,0.3225886821746826,5.905733360123122e-07,1.0,5.905733360123122e-07,0.000904299144167453,0.003184274071827531,0.008670088835060596,0.021089138463139534,0.0489133819937706,0.11433578282594681,0.3202180862426758,0.5,1.0,1.0
3,2070,25000,0.2350097894668579,0.32260677218437195,6.809701176280214e-07,1.0,6.809701176280214e-07,0.00091027986491099,0.0031852645333856344,0.008655819110572338,0.020977886393666267,0.04898320138454437,0.11413297802209854,0.3199169337749481,0.5,1.0,1.0
3,2080,25000,0.23501473665237427,0.3225797712802887,4.5810611482011154e-07,1.0,4.5810611482011154e-07,0.0009074279223568738,0.003183285240083933,0.00867140106856823,0.021009694784879684,0.04896389693021774,0.11395435780286789,0.31953927874565125,0.5,1.0,1.0
3,2090,25000,0.2350671887397766,0.3224886357784271,4.93147524593951e-07,1.0,4.93147524593951e-07,0.0009087666403502226,0.003182583022862673,0.00869221705943346,0.021112974733114243,0.049114346504211426,0.11435627192258835,0.3219577968120575,0.5,1.0,1.0
3,2100,25000,0.23503117263317108,0.32256779074668884,4.210836550555541e-07,1.0,4.210836550555541e-07,0.0009046387858688831,0.003188256872817874,0.008688246831297874,0.020982567220926285,0.04893117770552635,0.11434608697891235,0.3215095102787018,0.5,1.0,1.0
3,2110,25000,0.23503327369689941,0.3225465416908264,5.187640681469929e-07,1.0,5.187640681469929e-07,0.0009064134210348129,0.0031930734403431416,0.008658306673169136,0.02106894552707672,0.049110375344753265,0.11414391547441483,0.32187899947166443,0.5,1.0,1.0
3,2120,25000,0.23497627675533295,0.32259464263916016,5.859181442247063e-07,1.0,5.859181442247063e-07,0.0009118950110860169,0.003210031194612384,0.008673463016748428,0.021048258990049362,0.04880915582180023,0.11428631097078323,0.320109486579895,0.5,1.0,1.0
3,2130,25000,0.2350183129310608,0.32257601618766785,6.503463509943685e-07,1.0,6.503463509943685e-07,0.0009108222438953817,0.0031831685919314623,0.00867169164121151,0.02097385935485363,0.04912341758608818,0.11407271027565002,0.32010531425476074,0.5,1.0,1.0
3,2140,25000,0.23502278327941895,0.3225776255130768,5.573800763158943e-07,1.0,5.573800763158943e-07,0.0009047958883456886,0.003195542609319091,0.008684148080646992,0.021005215123295784,0.048775676637887955,0.1141948476433754,0.3208696246147156,0.5,1.0,1.0
3,2150,25000,0.23506060242652893,0.3225904107093811,5.862963803338062e-07,1.0,5.862963803338062e-07,0.0009071056847460568,0.003211002564057708,0.008685407228767872,0.020991813391447067,0.04909377545118332,0.11404819041490555,0.3202761709690094,0.5,1.0,1.0
3,2160,25000,0.23508994281291962,0.3226132392883301,6.188617476254876e-07,1.0,6.188617476254876e-07,0.000903854554053396,0.003194587305188179,0.008629889227449894,0.021028634160757065,0.04901375621557236,0.11367110908031464,0.32142379879951477,0.5,1.0,1.0
3,2170,25000,0.2350357472896576,0.3225681185722351,5.052485789747152e-07,1.0,5.052485789747152e-07,0.0009084099438041449,0.003178664715960622,0.00868250709027052,0.02107776142656803,0.04886253923177719,0.11409135907888412,0.32056722044944763,0.5,1.0,1.0
3,2180,25000,0.23501348495483398,0.322522908449173,5.900463975194725e-07,1.0,5.900463975194725e-07,0.0009034108370542526,0.0031838302966207266,0.008664073422551155,0.021087542176246643,0.04892810061573982,0.11387620866298676,0.31994983553886414,0.5,1.0,1.0
3,2190,25000,0.2350207269191742,0.3224923610687256,5.362303454603534e-07,1.0,5.362303454603534e-07,0.0009045340120792389,0.003202485851943493,0.008707450702786446,0.02103341743350029,0.04894419014453888,0.11392433196306229,0.32038554549217224,0.5,1.0,1.0
3,2200,25000,0.23495937883853912,0.3225409984588623,7.244091762004246e-07,1.0,7.244091762004246e-07,0.0009092869004234672,0.0031992814037948847,0.008687518537044525,0.020988687872886658,0.04885850101709366,0.1139587014913559,0.3206172287464142,0.5,1.0,1.0
3,2210,25000,0.23500609397888184,0.32249173521995544,5.21711740475439e-07,1.0,5.21711740475439e-07,0.0009045840124599636,0.00318130268715322,0.008670098148286343,0.02098899893462658,0.04891084134578705,0.11426709592342377,0.320170521736145,0.5,1.0,1.0
3,2220,25000,0.2349795252084732,0.32251816987991333,5.518123771253158e-07,1.0,5.518123771253158e-07,0.0009129479876719415,0.003180577652528882,0.008645156398415565,0.020947974175214767,0.04872975870966911,0.11419281363487244,0.32174918055534363,0.5,1.0,1.0
3,2230,25000,0.2349441647529602,0.3224920928478241,4.038523684357642e-07,1.0,4.038523684357642e-07,0.0009109772508963943,0.003188793081790209,0.008679074235260487,0.020977506414055824,0.048813559114933014,0.11451007425785065,0.3214801549911499,0.5,1.0,1.0
3,2240,25000,0.23501916229724884,0.3224676549434662,4.7651994350417226e-07,1.0,4.7651994350417226e-07,0.0009022793383337557,0.0031795755494385958,0.008665278553962708,0.021019509062170982,0.04896191507577896,0.11447672545909882,0.320708304643631,0.5,1.0,1.0
3,2250,25000,0.2350711226463318,0.3225823640823364,5.734025876336091e-07,1.0,5.734025876336091e-07,0.0009020611760206521,0.003208077745512128,0.008660820312798023,0.021028714254498482,0.04907400161027908,0.11380627006292343,0.32183969020843506,0.5,1.0,1.0
3,2260,25000,0.23505453765392303,0.32256945967674255,4.308696190946648e-07,1.0,4.308696190946648e-07,0.0009005953907035291,0.003187477122992277,0.008668167516589165,0.02113821730017662,0.048954978585243225,0.11436045169830322,0.3209480941295624,0.5,1.0,1.0
3,2270,25000,0.23505690693855286,0.3225955069065094,5.433253704723029e-07,1.0,5.433253704723029e-07,0.0009094797424040735,0.0031985456589609385,0.008665375411510468,0.020936651155352592,0.049049556255340576,0.11416678130626678,0.3217537999153137,0.5,1.0,1.0
3,2280,25000,0.23498530685901642,0.3225380778312683,4.790036882695858e-07,1.0,4.790036882695858e-07,0.0009043117752298713,0.00319383991882205,0.008684358559548855,0.02103409729897976,0.04882679879665375,0.11418560147285461,0.32227209210395813,0.5,1.0,1.0
3,2290,25000,0.2350233644247055,0.3225935697555542,5.276734782455605e-07,1.0,5.276734782455605e-07,0.0009051244123838842,0.0031834093388170004,0.00866525899618864,0.020937196910381317,0.04871668666601181,0.11432470381259918,0.3209667205810547,0.5,1.0,1.0
3,2300,25000,0.23498983681201935,0.3225635290145874,4.127308272927621e-07,1.0,4.127308272927621e-07,0.0009058786672540009,0.003187639871612191,0.008660180494189262,0.020945847034454346,0.048904240131378174,0.11423184722661972,0.32075852155685425,0.5,1.0,1.0
3,2310,25000,0.23495924472808838,0.3224913775920868,7.971129321049375e-07,1.0,7.971129321049375e-07,0.0009060091688297689,0.003198848804458976,0.008647501468658447,0.020955724641680717,0.04908180236816406,0.11393414437770844,0.3204971253871918,0.5,1.0,1.0
3,2320,25000,0.23504751920700073,0.32264384627342224,5.006465357837442e-07,1.0,5.006465357837442e-07,0.0009012361988425255,0.003186024259775877,0.008662792854011059,0.021003883332014084,0.048970822244882584,0.11386579275131226,0.3205670118331909,0.5,1.0,1.0
3,2330,25000,0.23514336347579956,0.32262036204338074,4.6860702695994405e-07,1.0,4.6860702695994405e-07,0.0009051715023815632,0.0032013359013944864,0.008705204352736473,0.02100692130625248,0.049104683101177216,0.11431464552879333,0.3220929205417633,0.5,1.0,1.0
3,2340,25000,0.23513177037239075,0.3226257860660553,4.6821963906040764e-07,1.0,4.6821963906040764e-07,0.0009076175629161298,0.0031920443288981915,0.008726252242922783,0.021140918135643005,0.04898948222398758,0.11426995694637299,0.3214665353298187,0.5,1.0,1.0
3,2350,25000,0.2350088208913803,0.32259291410446167,4.3813997763209045e-07,1.0,4.3813997763209045e-07,0.0009028504719026387,0.003189665265381336,0.00863484013825655,0.02094106562435627,0.04897791147232056,0.11445176601409912,0.32076209783554077,0.5,1.0,1.0
3,2360,25000,0.23512668907642365,0.32259565591812134,6.144379653960641e-07,1.0,6.144379653960641e-07,0.000903078296687454,0.003183993510901928,0.00869639590382576,0.021016469225287437,0.04915563762187958,0.11462195217609406,0.3211042284965515,0.5,1.0,1.0
3,2370,25000,0.2349981814622879,0.32252708077430725,4.141745364449889e-07,1.0,4.141745364449889e-07,0.0009007428889162838,0.0031801180448383093,0.008704052306711674,0.02097192034125328,0.049138955771923065,0.1141703873872757,0.3198853135108948,0.5,1.0,1.0
3,2380,25000,0.2350599467754364,0.32255813479423523,5.11095436195319e-07,1.0,5.11095436195319e-07,0.0009046896593645215,0.003194225952029228,0.00865808967500925,0.020927676931023598,0.04898223280906677,0.11435194313526154,0.3219754695892334,0.5,1.0,1.0
3,2390,25000,0.23503288626670837,0.3225584328174591,5.211609277466778e-07,1.0,5.211609277466778e-07,0.0009064162732101977,0.0032013882882893085,0.00865208450704813,0.02096245065331459,0.048888519406318665,0.11445295065641403,0.3219350576400757,0.5,1.0,1.0
3,2400,25000,0.23504400253295898,0.32257673144340515,5.617320084638777e-07,1.0,5.617320084638777e-07,0.0009127584635280073,0.003196014789864421,0.00867050513625145,0.02102803811430931,0.0488286092877388,0.1142587959766388,0.3221590518951416,0.5,1.0,1.0
3,2410,25000,0.23504741489887238,0.3226187527179718,5.25797986483667e-07,1.0,5.25797986483667e-07,0.0009022422018460929,0.0031813173554837704,0.008674540556967258,0.021046970039606094,0.04898455739021301,0.11435814201831818,0.3203558921813965,0.5,1.0,1.0
3,2420,25000,0.23510119318962097,0.322654664516449,6.911423042765819e-07,1.0,6.911423042765819e-07,0.0009041894227266312,0.003189444076269865,0.008693612180650234,0.0210726298391819,0.04905521869659424,0.11431821435689926,0.3219786286354065,0.5,1.0,1.0
3,2430,25000,0.23505468666553497,0.3226064145565033,5.147016395312676e-07,1.0,5.147016395312676e-07,0.0009028700878843665,0.003192625008523464,0.008653417229652405,0.02102646417915821,0.0489821657538414,0.1143474355340004,0.32098889350891113,0.5,1.0,1.0
3,2440,25000,0.2350233793258667,0.3225414752960205,7.411587148453691e-07,1.0,7.411587148453691e-07,0.0008996821125037968,0.003171271178871393,0.008678097277879715,0.021045850589871407,0.04892655462026596,0.11418326199054718,0.32083895802497864,0.5,1.0,1.0
3,2450,25000,0.23494869470596313,0.3225192129611969,5.507666855919524e-07,1.0,5.507666855919524e-07,0.000908156915102154,0.0031929120887070894,0.008673235774040222,0.02100440301001072,0.04908648133277893,0.11405888944864273,0.32143184542655945,0.5,1.0,1.0
3,2460,25000,0.2349819839000702,0.3225553631782532,5.014559860683221e-07,1.0,5.014559860683221e-07,0.000907240784727037,0.0031787108164280653,0.008658110164105892,0.02090597152709961,0.04901667311787605,0.1140168309211731,0.32008543610572815,0.5,1.0,1.0
3,2470,25000,0.23501664400100708,0.3225545585155487,4.602925685048831e-07,1.0,4.602925685048831e-07,0.0009112422121688724,0.00318077951669693,0.008676343597471714,0.020970091223716736,0.0488923043012619,0.11395525932312012,0.3209622800350189,0.5,1.0,1.0
3,2480,25000,0.23503419756889343,0.32256004214286804,5.280338655211381e-07,1.0,5.280338655211381e-07,0.0009078936418518424,0.003201764775440097,0.008681979961693287,0.020938735455274582,0.04875008761882782,0.114285908639431,0.3207733631134033,0.5,1.0,1.0
3,2490,25000,0.235040083527565,0.3225560784339905,5.925808181928005e-07,1.0,5.925808181928005e-07,0.0009084767079912126,0.003191953292116523,0.008657707832753658,0.021033557131886482,0.04888231307268143,0.1140841618180275,0.32147273421287537,0.5,1.0,1.0
3,2500,25000,0.2350243777036667,0.3225284218788147,5.610526159216533e-07,1.0,5.610526159216533e-07,0.0009098473819904029,0.003204003209248185,0.008691679686307907,0.02111183851957321,0.049042701721191406,0.11417827755212784,0.320941299200058,0.5,1.0,1.0
3,2510,25000,0.23500438034534454,0.32255399227142334,5.731280907639302e-07,1.0,5.731280907639302e-07,0.0009064059122465551,0.003186016110703349,0.008702796883881092,0.02092876471579075,0.049046989530324936,0.11432906240224838,0.3198748230934143,0.5,1.0,1.0
3,2520,25000,0.23509077727794647,0.3225674033164978,5.416241606326366e-07,1.0,5.416241606326366e-07,0.0009053059620782733,0.0031987724360078573,0.0086874570697546,0.020965812727808952,0.04872504249215126,0.11449629813432693,0.3210001289844513,0.5,1.0,1.0
3,2530,25000,0.23510250449180603,0.3225938677787781,5.938740628153028e-07,1.0,5.938740628153028e-07,0.00091071572387591,0.003177511738613248,0.00870162807404995,0.02090703509747982,0.04879803955554962,0.11436344683170319,0.3218801021575928,0.5,1.0,1.0
3,2540,25000,0.2350313812494278,0.32255449891090393,4.888117928203428e-07,1.0,4.888117928203428e-07,0.0009028915083035827,0.003185014706104994,0.008667751215398312,0.02093334309756756,0.04908537119626999,0.11405312269926071,0.32082799077033997,0.5,1.0,1.0
3,2550,25000,0.23503093421459198,0.3225609362125397,4.96742472932965e-07,1.0,4.96742472932965e-07,0.0009085609926842153,0.0031926282681524754,0.0086846724152565,0.021067259833216667,0.048934292048215866,0.11441471427679062,0.3193211555480957,0.5,1.0,1.0
3,2560,25000,0.23504973948001862,0.322575181722641,5.301677674651728e-07,1.0,5.301677674651728e-07,0.0009098494192585349,0.003207860514521599,0.008687452413141727,0.021024588495492935,0.04913165047764778,0.1144806295633316,0.320444256067276,0.5,1.0,1.0
3,2570,25000,0.23500943183898926,0.32256731390953064,6.0343865015966e-07,1.0,6.0343865015966e-07,0.0009061014279723167,0.0031799955759197474,0.008700813166797161,0.020983297377824783,0.04887504130601883,0.1137775406241417,0.3206767439842224,0.5,1.0,1.0
3,2580,25000,0.23504775762557983,0.3225797116756439,5.802348823635839e-07,1.0,5.802348823635839e-07,0.0009111122344620526,0.0031913844868540764,0.008687122724950314,0.020991642028093338,0.04913650080561638,0.11404325067996979,0.3216845989227295,0.5,1.0,1.0
3,2590,25000,0.23497921228408813,0.32255348563194275,6.13789097769768e-07,1.0,6.13789097769768e-07,0.000908399058971554,0.0031853471882641315,0.008677751757204533,0.02105732634663582,0.048919133841991425,0.1145021915435791,0.31986868381500244,0.5,1.0,1.0
3,2600,25000,0.23504608869552612,0.3226163685321808,6.388660835909832e-07,1.0,6.388660835909832e-07,0.0009059163276106119,0.0031926340889185667,0.008686419576406479,0.021052513271570206,0.04902875795960426,0.11397678405046463,0.32116127014160156,0.5,1.0,1.0
3,2610,25000,0.23496486246585846,0.3225977122783661,4.933887680635962e-07,1.0,4.933887680635962e-07,0.0009023227612487972,0.00319819082506001,0.008692489005625248,0.021009374409914017,0.04909007251262665,0.11376713216304779,0.3206841051578522,0.5,1.0,1.0
3,2620,25000,0.23505154252052307,0.3225899040699005,5.047581339567841e-07,1.0,5.047581339567841e-07,0.0009091178653761744,0.003203511470928788,0.008659230545163155,0.021014932543039322,0.04904645308852196,0.11409115046262741,0.3198656737804413,0.5,1.0,1.0
3,2630,25000,0.23505698144435883,0.32263651490211487,5.961819056210516e-07,1.0,5.961819056210516e-07,0.0008977031102403998,0.0032031023874878883,0.008617003448307514,0.020971309393644333,0.04900267720222473,0.11393887549638748,0.32064199447631836,0.5,1.0,1.0
3,2640,25000,0.23511911928653717,0.3226415514945984,5.582147082350275e-07,1.0,5.582147082350275e-07,0.0009049368090927601,0.003192118601873517,0.008654195815324783,0.021065104752779007,0.04902970790863037,0.11452969163656235,0.3214070200920105,0.5,1.0,1.0
3,2650,25000,0.23495963215827942,0.322555810213089,5.088914463158289e-07,1.0,5.088914463158289e-07,0.000910680100787431,0.003184292232617736,0.008686143904924393,0.020991116762161255,0.04893221706151962,0.11368416249752045,0.31962350010871887,0.5,1.0,1.0
3,2660,25000,0.23506885766983032,0.3225482702255249,5.576992521127977e-07,1.0,5.576992521127977e-07,0.0009031378431245685,0.003204505890607834,0.00865293201059103,0.02101336047053337,0.04881801828742027,0.11439941078424454,0.3211793899536133,0.5,1.0,1.0
3,2670,25000,0.2350224256515503,0.322510689496994,5.58582030407706e-07,1.0,5.58582030407706e-07,0.0009049539803527296,0.0031970536801964045,0.008653800934553146,0.021038122475147247,0.049015648663043976,0.11466532200574875,0.3216210603713989,0.5,1.0,1.0
3,2680,25000,0.23506711423397064,0.32260680198669434,4.445432466582133e-07,1.0,4.445432466582133e-07,0.0009058939176611602,0.0031972499564290047,0.008638197556138039,0.021006574854254723,0.04887785017490387,0.11442924290895462,0.3216559588909149,0.5,1.0,1.0
3,2690,25000,0.23508791625499725,0.3226104974746704,5.417495572146436e-07,1.0,5.417495572146436e-07,0.000904492917470634,0.0031915768049657345,0.008651702664792538,0.020987721160054207,0.04903614521026611,0.11442118883132935,0.3205336630344391,0.5,1.0,1.0
3,2700,25000,0.23501521348953247,0.32256874442100525,4.458511853044911e-07,1.0,4.458511853044911e-07,0.000904683955013752,0.0031937258318066597,0.008668554946780205,0.021048525348305702,0.048856355249881744,0.1141941100358963,0.32013633847236633,0.5,1.0,1.0
3,2710,25000,0.23505398631095886,0.32256123423576355,5.30490297023789e-07,1.0,5.30490297023789e-07,0.000903611071407795,0.0031874082051217556,0.008697385899722576,0.021019961684942245,0.04904286563396454,0.114307701587677,0.32084792852401733,0.5,1.0,1.0
3,2720,25000,0.23507869243621826,0.322631299495697,6.606709348488948e-07,1.0,6.606709348488948e-07,0.0008986068423837423,0.003203603206202388,0.008652635850012302,0.020969927310943604,0.048753153532743454,0.11389899253845215,0.32130134105682373,0.5,1.0,1.0
3,2730,25000,0.23507924377918243,0.32258105278015137,5.248324441708974e-07,1.0,5.248324441708974e-07,0.0009063410107046366,0.0031989573035389185,0.008701742626726627,0.021091649308800697,0.04888620227575302,0.11432524770498276,0.3205120265483856,0.5,1.0,1.0
3,2740,25000,0.23508229851722717,0.3225926458835602,5.429027964964916e-07,1.0,5.429027964964916e-07,0.0009143466595560312,0.003198385937139392,0.008684178814291954,0.02096734009683132,0.049012791365385056,0.11455027014017105,0.3206527829170227,0.5,1.0,1.0
3,2750,25000,0.2350156307220459,0.32255640625953674,4.904586035081593e-07,1.0,4.904586035081593e-07,0.0009056601556949317,0.0032008830457925797,0.008663294836878777,0.021155091002583504,0.04888273403048515,0.11418411135673523,0.31910911202430725,0.5,1.0,1.0
3,2760,25000,0.23496101796627045,0.3225739002227783,5.735528247896582e-07,1.0,5.735528247896582e-07,0.0009031450608745217,0.0031831886153668165,0.008684108033776283,0.020959241315722466,0.04882658272981644,0.11329147964715958,0.32017889618873596,0.5,1.0,1.0
3,2770,25000,0.23508507013320923,0.3225841522216797,4.6654551510982856e-07,1.0,4.6654551510982856e-07,0.0009069525985978544,0.0031791185028851032,0.008665881119668484,0.02095094695687294,0.04901069030165672,0.11426594108343124,0.321145236492157,0.5,1.0,1.0
3,2780,25000,0.23496252298355103,0.32256150245666504,6.960935365896148e-07,1.0,6.960935365896148e-07,0.0009047995554283261,0.0031883299816399813,0.00870751403272152,0.02096119150519371,0.0487792007625103,0.11379509419202805,0.3215305805206299,0.5,1.0,1.0
3,2790,25000,0.23507390916347504,0.3226206600666046,5.097393795949756e-07,1.0,5.097393795949756e-07,0.0009067424107342958,0.003187490627169609,0.00864500179886818,0.02107958123087883,0.04906788468360901,0.11441037058830261,0.321490615606308,0.5,1.0,1.0
3,2800,25000,0.23492760956287384,0.3225797116756439,5.394256277213572e-07,1.0,5.394256277213572e-07,0.0009087458602152765,0.0031954634469002485,0.008696216158568859,0.02102426066994667,0.04891161248087883,0.1139209195971489,0.3201875686645508,0.5,1.0,1.0
3,2810,25000,0.235059916973114,0.32254427671432495,6.257318432290049e-07,1.0,6.257318432290049e-07,0.0009030001237988472,0.0031917879823595285,0.008715953677892685,0.021034564822912216,0.04891785606741905,0.11440417170524597,0.3207545280456543,0.5,1.0,1.0
3,2820,25000,0.2349812537431717,0.3225468099117279,5.826641427120194e-07,1.0,5.826641427120194e-07,0.0009057173156179488,0.0032044907566159964,0.008697823621332645,0.021065562963485718,0.048843901604413986,0.11454419791698456,0.32086771726608276,0.5,1.0,1.0
3,2830,25000,0.23509164154529572,0.3225484788417816,5.493319008564868e-07,1.0,5.493319008564868e-07,0.0009073913679458201,0.003208170412108302,0.008682752028107643,0.021011605858802795,0.04895775392651558,0.11432431638240814,0.32092633843421936,0.5,1.0,1.0
3,2840,25000,0.23509210348129272,0.3225700855255127,5.369156497181393e-07,1.0,5.369156497181393e-07,0.0009143823408521712,0.003193099517375231,0.008688132278621197,0.02106766402721405,0.049046680331230164,0.1140141412615776,0.32160940766334534,0.5,1.0,1.0
3,2850,25000,0.23491643369197845,0.3225606083869934,5.246453156360076e-07,1.0,5.246453156360076e-07,0.0009044977487064898,0.0031990702264010906,0.008641607128083706,0.0209644865244627,0.04884614050388336,0.11379145085811615,0.3206791579723358,0.5,1.0,1.0
3,2860,25000,0.2349848449230194,0.322563499212265,5.781140544058871e-07,1.0,5.781140544058871e-07,0.0009064351906999946,0.0032014360185712576,0.008656127378344536,0.02108403667807579,0.04879531264305115,0.11395211517810822,0.3212183117866516,0.5,1.0,1.0
3,2870,25000,0.23495294153690338,0.32250913977622986,5.032653689340805e-07,1.0,5.032653689340805e-07,0.0009054347174242139,0.003200212260708213,0.008628430776298046,0.020945917814970016,0.04900769889354706,0.1143028736114502,0.32052114605903625,0.5,1.0,1.0
3,2880,25000,0.23498450219631195,0.3225296437740326,4.441365888396831e-07,1.0,4.441365888396831e-07,0.0009057259885594249,0.003195878118276596,0.008702551946043968,0.02101689949631691,0.04898834973573685,0.1141609251499176,0.3200378119945526,0.5,1.0,1.0
3,2890,25000,0.23501145839691162,0.32253554463386536,5.989294322716887e-07,1.0,5.989294322716887e-07,0.0009067435166798532,0.0031919192988425493,0.008746384643018246,0.02098906971514225,0.048885270953178406,0.11444065719842911,0.32107529044151306,0.5,1.0,1.0
3,2900,25000,0.23498351871967316,0.32252439856529236,6.659640803263756e-07,1.0,6.659640803263756e-07,0.0009044158505275846,0.003187495283782482,0.00861823558807373,0.02102840133011341,0.04881428927183151,0.11366492509841919,0.32098761200904846,0.5,1.0,1.0
3,2910,25000,0.2350701093673706,0.32251137495040894,5.096102881907427e-07,1.0,5.096102881907427e-07,0.00091036461526528,0.003197648096829653,0.008700047619640827,0.0210147462785244,0.049044519662857056,0.11422903835773468,0.32131651043891907,0.5,1.0,1.0
3,2920,25000,0.2350735366344452,0.32259401679039,5.04565036862914e-07,1.0,5.04565036862914e-07,0.0009089496452361345,0.003175044432282448,0.008698067627847195,0.021112671121954918,0.049015872180461884,0.11418618261814117,0.32061174511909485,0.5,1.0,1.0
3,2930,25000,0.23506005108356476,0.3226131200790405,7.549328984168824e-07,1.0,7.549328984168824e-07,0.0009078789153136313,0.0031899339519441128,0.008662204258143902,0.021041931584477425,0.048870667815208435,0.11415429413318634,0.3197390139102936,0.5,1.0,1.0
3,2940,25000,0.23509952425956726,0.3226016163825989,5.369467430682562e-07,1.0,5.369467430682562e-07,0.0009011534857563674,0.0032009901478886604,0.008683855645358562,0.02095562219619751,0.04903697222471237,0.11431815475225449,0.3207138180732727,0.5,1.0,1.0
3,2950,25000,0.23504392802715302,0.32261818647384644,5.390972432905983e-07,1.0,5.390972432905983e-07,0.0009101771283894777,0.0031989244744181633,0.008616674691438675,0.021016836166381836,0.048930395394563675,0.11439241468906403,0.3214249312877655,0.5,1.0,1.0
3,2960,25000,0.2350001484155655,0.3225215971469879,6.077307261875831e-07,1.0,6.077307261875831e-07,0.0009110912214964628,0.0031885248608887196,0.008688326925039291,0.02100127376616001,0.04890204966068268,0.11421764642000198,0.3207358121871948,0.5,1.0,1.0
3,2970,25000,0.23508983850479126,0.3225781321525574,4.220794664888672e-07,1.0,4.220794664888672e-07,0.0009052885579876602,0.00318528083153069,0.008621719665825367,0.021030372008681297,0.04896985739469528,0.11437225341796875,0.32162603735923767,0.5,1.0,1.0
3,2980,25000,0.23500317335128784,0.32260891795158386,4.742213945974072e-07,1.0,4.742213945974072e-07,0.0009037487325258553,0.003190523711964488,0.00865847710520029,0.021055247634649277,0.048995353281497955,0.11368543654680252,0.32026106119155884,0.5,1.0,1.0
3,2990,25000,0.23507387936115265,0.322619765996933,6.303671398200095e-07,1.0,6.303671398200095e-07,0.0009069907246157527,0.0031975258607417345,0.008689437992870808,0.020985156297683716,0.04904521256685257,0.11408846080303192,0.32274892926216125,0.5,1.0,1.0
3,3000,25000,0.23504064977169037,0.32260721921920776,5.362727506508236e-07,1.0,5.362727506508236e-07,0.0009058766881935298,0.0031973239965736866,0.008633493445813656,0.02102571353316307,0.048988282680511475,0.11385802179574966,0.32074254751205444,0.5,1.0,1.0
3,3010,25000,0.23505350947380066,0.3226265013217926,5.850242814631201e-07,1.0,5.850242814631201e-07,0.0009048201609402895,0.0031918552704155445,0.00867124181240797,0.021015310660004616,0.04874268174171448,0.11423510313034058,0.32112330198287964,0.5,1.0,1.0
3,3020,25000,0.23500265181064606,0.3225826621055603,5.001724048270262e-07,1.0,5.001724048270262e-07,0.0009081218740902841,0.0031854654662311077,0.008769918233156204,0.021055418998003006,0.04886545240879059,0.11422930657863617,0.32011303305625916,0.5,1.0,1.0
3,3030,25000,0.23498140275478363,0.3226199746131897,5.812646008962474e-07,1.0,5.812646008962474e-07,0.0009076498681679368,0.0032051182352006435,0.008671567775309086,0.020946312695741653,0.048797085881233215,0.11413711309432983,0.3205197751522064,0.5,1.0,1.0
3,3040,25000,0.23500613868236542,0.3226153254508972,5.666478273269604e-07,1.0,5.666478273269604e-07,0.000903518230188638,0.003176370868459344,0.008666588924825191,0.020978253334760666,0.048694316297769547,0.11416544765233994,0.3206465244293213,0.5,1.0,1.0
3,3050,25000,0.2350345253944397,0.32256364822387695,5.329043801793887e-07,1.0,5.329043801793887e-07,0.0009053832036443055,0.0032026011031121016,0.008693627081811428,0.02102534845471382,0.04886505752801895,0.11440137773752213,0.3221952021121979,0.5,1.0,1.0
3,3060,25000,0.23501428961753845,0.3225456476211548,4.999459406462847e-07,1.0,4.999459406462847e-07,0.0009080946329049766,0.0031934003345668316,0.008683725260198116,0.020976906642317772,0.04895077273249626,0.11391805112361908,0.32077476382255554,0.5,1.0,1.0
3,3070,25000,0.23494070768356323,0.32256555557250977,5.812944436911494e-07,1.0,5.812944436911494e-07,0.0009053288958966732,0.003187380265444517,0.008660368621349335,0.02099744975566864,0.04897948354482651,0.11368633806705475,0.3201555609703064,0.5,1.0,1.0
3,3080,25000,0.2350485473871231,0.32257601618766785,5.696236939911614e-07,1.0,5.696236939911614e-07,0.0009127609664574265,0.003200727514922619,0.00869592186063528,0.021066317334771156,0.048897966742515564,0.11400967836380005,0.32097163796424866,0.5,1.0,1.0
3,3090,25000,0.23509255051612854,0.32262617349624634,4.510029043558461e-07,1.0,4.510029043558461e-07,0.0009104227647185326,0.003199762897565961,0.008687405847012997,0.021115314215421677,0.04885789379477501,0.11448074132204056,0.3215272128582001,0.5,1.0,1.0
3,3100,25000,0.23499734699726105,0.32255250215530396,5.145980139786843e-07,1.0,5.145980139786843e-07,0.0009061218006536365,0.0031917805317789316,0.0086834030225873,0.021111486479640007,0.04898371174931526,0.11443939059972763,0.32110723853111267,0.5,1.0,1.0
3,3110,25000,0.23507662117481232,0.3226112723350525,5.910743539061514e-07,1.0,5.910743539061514e-07,0.0008999986457638443,0.003189411712810397,0.008682841435074806,0.02109391987323761,0.04876469820737839,0.1143869161605835,0.32079288363456726,0.5,1.0,1.0
3,3120,25000,0.235037162899971,0.3225851356983185,5.525118353943981e-07,1.0,5.525118353943981e-07,0.0009020787547342479,0.00319575029425323,0.008660866878926754,0.021037507802248,0.04881157726049423,0.11408383399248123,0.3220681846141815,0.5,1.0,1.0
3,3130,25000,0.23499815165996552,0.3226042091846466,5.747814384449157e-07,1.0,5.747814384449157e-07,0.0009093969129025936,0.0031827036291360855,0.008706149645149708,0.02100188098847866,0.049122706055641174,0.11394921690225601,0.3200664520263672,0.5,1.0,1.0
3,3140,25000,0.23504666984081268,0.32260093092918396,5.340936013453756e-07,1.0,5.340936013453756e-07,0.0009059957810677588,0.0031990348361432552,0.008701582439243793,0.021015599370002747,0.048958078026771545,0.11473077535629272,0.3205313980579376,0.5,1.0,1.0
3,3150,25000,0.23497167229652405,0.32251617312431335,6.076541012589587e-07,1.0,6.076541012589587e-07,0.0009028564672917128,0.003185851266607642,0.008706615306437016,0.021041249856352806,0.049012959003448486,0.11393554508686066,0.3207496106624603,0.5,1.0,1.0
3,3160,25000,0.23488682508468628,0.32250890135765076,4.917449132335605e-07,1.0,4.917449132335605e-07,0.0009052192908711731,0.0031892198603600264,0.008686269633471966,0.020999057218432426,0.048657555133104324,0.11383537948131561,0.3204621970653534,0.5,1.0,1.0
3,3170,25000,0.23502367734909058,0.3225935101509094,5.909489004807256e-07,1.0,5.909489004807256e-07,0.0009060939773917198,0.003185903886333108,0.008662310428917408,0.02098502404987812,0.0489872545003891,0.1138802096247673,0.32128047943115234,0.5,1.0,1.0
3,3180,25000,0.23501411080360413,0.32255828380584717,5.608744686469436e-07,1.0,5.608744686469436e-07,0.0009101555915549397,0.00319681316614151,0.008694745600223541,0.021041708067059517,0.04874367266893387,0.11408086866140366,0.3221258223056793,0.5,1.0,1.0
3,3190,25000,0.23503343760967255,0.322640061378479,5.787977102045261e-07,1.0,5.787977102045261e-07,0.0009105218341574073,0.0031947679817676544,0.008638514205813408,0.02103620581328869,0.04874368757009506,0.11435461789369583,0.3206869959831238,0.5,1.0,1.0
3,3200,25000,0.23510055243968964,0.32263341546058655,4.783580607181648e-07,1.0,4.783580607181648e-07,0.0009102892363443971,0.0031977887265384197,0.008692171424627304,0.021045371890068054,0.049162719398736954,0.11406553536653519,0.3208180367946625,0.5,1.0,1.0
3,3210,25000,0.23501905798912048,0.32256951928138733,5.806443255096383e-07,1.0,5.806443255096383e-07,0.0009121035691350698,0.0031886091455817223,0.008647339418530464,0.020965710282325745,0.048943936824798584,0.11411867290735245,0.32140442728996277,0.5,1.0,1.0
3,3220,25000,0.23502901196479797,0.32255518436431885,4.45823445716087e-07,1.0,4.45823445716087e-07,0.0009102649055421352,0.0031928648240864277,0.008676216937601566,0.021029697731137276,0.04913471266627312,0.1142461970448494,0.3200104236602783,0.5,1.0,1.0
3,3230,25000,0.23508785665035248,0.32263293862342834,6.329738084787095e-07,1.0,6.329738084787095e-07,0.0009030954679474235,0.003208956914022565,0.008726457133889198,0.02102668769657612,0.048828355967998505,0.11437652260065079,0.3220190405845642,0.5,1.0,1.0
3,3240,25000,0.23502936959266663,0.32262659072875977,5.75936212499073e-07,1.0,5.75936212499073e-07,0.0009038660209625959,0.0031927870586514473,0.008688985370099545,0.020924711599946022,0.048939384520053864,0.11407598853111267,0.3204956650733948,0.5,1.0,1.0
3,3250,25000,0.23510700464248657,0.322661429643631,4.365337531453406e-07,1.0,4.365337531453406e-07,0.0009053185931406915,0.0031850074883550406,0.008663466200232506,0.02101222425699234,0.04903000593185425,0.11407066136598587,0.32096797227859497,0.5,1.0,1.0
3,3260,25000,0.2352173924446106,0.32263892889022827,5.085012730887684e-07,1.0,5.085012730887684e-07,0.0009016653057187796,0.0032112717162817717,0.00869353860616684,0.021009789779782295,0.04903259873390198,0.11469399929046631,0.3217279016971588,0.5,1.0,1.0
3,3270,25000,0.23501968383789062,0.3225787580013275,4.467302971988829e-07,1.0,4.467302971988829e-07,0.0009023617021739483,0.0031836393754929304,0.00867681298404932,0.02097005769610405,0.048924148082733154,0.11420205980539322,0.32037222385406494,0.5,1.0,1.0
3,3280,25000,0.23502174019813538,0.32256075739860535,5.618199452328554e-07,1.0,5.618199452328554e-07,0.0009049607906490564,0.0031964106019586325,0.008683938533067703,0.020998407155275345,0.04876812547445297,0.11414528638124466,0.321014404296875,0.5,1.0,1.0
3,3290,25000,0.2349964827299118,0.3225800395011902,5.647151510856929e-07,1.0,5.647151510856929e-07,0.0009073751862160861,0.0031999628990888596,0.008675312623381615,0.020906586199998856,0.048712994903326035,0.11398348212242126,0.3206028342247009,0.5,1.0,1.0
3,3300,25000,0.23509424924850464,0.3225942552089691,5.070980364507705e-07,1.0,5.070980364507705e-07,0.0009079644805751741,0.003187577472999692,0.00865666288882494,0.02112644538283348,0.049185141921043396,0.11416225135326385,0.3231215178966522,0.5,1.0,1.0
3,3310,25000,0.23501017689704895,0.3226179778575897,5.900353130527947e-07,1.0,5.900353130527947e-07,0.0009027078631334007,0.0031929679680615664,0.008641327731311321,0.02095699869096279,0.04895072430372238,0.11395329236984253,0.3194519579410553,0.5,1.0,1.0
3,3320,25000,0.23502615094184875,0.3225741982460022,4.901843340121559e-07,1.0,4.901843340121559e-07,0.0009131463011726737,0.0031969042029231787,0.00869183149188757,0.02098127081990242,0.04913132265210152,0.11419760435819626,0.3210970163345337,0.5,1.0,1.0
3,3330,25000,0.23505538702011108,0.3225880265235901,5.625511789730808e-07,1.0,5.625511789730808e-07,0.0009042155579663813,0.003207320347428322,0.008695992641150951,0.02099158801138401,0.04890139400959015,0.11413688212633133,0.32119104266166687,0.5,1.0,1.0
3,3340,25000,0.2350396066904068,0.32261407375335693,4.7498534172518703e-07,1.0,4.7498534172518703e-07,0.0009072541142813861,0.0031855651177465916,0.008692334406077862,0.02095901221036911,0.048952795565128326,0.11400526762008667,0.3199347257614136,0.5,1.0,1.0
3,3350,25000,0.23507311940193176,0.3226514160633087,6.312174036793294e-07,1.0,6.312174036793294e-07,0.0009090850362554193,0.0031927088275551796,0.00867092702537775,0.021031025797128677,0.048897795379161835,0.11419594287872314,0.3207071125507355,0.5,1.0,1.0
3,3360,25000,0.2349972128868103,0.32256630063056946,5.367579092308006e-07,1.0,5.367579092308006e-07,0.0009021971491165459,0.0031935255974531174,0.008664514869451523,0.021002816036343575,0.048623260110616684,0.11426910758018494,0.3208526074886322,0.5,1.0,1.0
3,3370,25000,0.23499083518981934,0.3225347697734833,5.540929919334303e-07,1.0,5.540929919334303e-07,0.0009071396198123693,0.0031911309342831373,0.008640903048217297,0.02098381146788597,0.04907963424921036,0.11412441730499268,0.32112428545951843,0.5,1.0,1.0
3,3380,25000,0.23503606021404266,0.32254666090011597,5.41142128440697e-07,1.0,5.41142128440697e-07,0.0009101514588110149,0.003198732854798436,0.008687619119882584,0.021015964448451996,0.04892255365848541,0.11487308889627457,0.3214528262615204,0.5,1.0,1.0
3,3390,25000,0.235014870762825,0.3226124942302704,5.20850051088928e-07,1.0,5.20850051088928e-07,0.0009055480477400124,0.0031946375966072083,0.00869622640311718,0.021070027723908424,0.04885750263929367,0.11433912068605423,0.3207467794418335,0.5,1.0,1.0
3,3400,25000,0.2350311130285263,0.32264503836631775,4.687331909281056e-07,1.0,4.687331909281056e-07,0.0009047046187333763,0.0031815331894904375,0.008644727990031242,0.020892981439828873,0.04904019087553024,0.11384578794240952,0.3212587535381317,0.5,1.0,1.0
3,3410,25000,0.23510755598545074,0.32260698080062866,6.388372071342019e-07,1.0,6.388372071342019e-07,0.0009035529219545424,0.0031958739273250103,0.008693535812199116,0.021106213331222534,0.04915487766265869,0.11441215127706528,0.3211834728717804,0.5,1.0,1.0
3,3420,25000,0.23506437242031097,0.3225856125354767,4.0044588445198315e-07,1.0,4.0044588445198315e-07,0.0009029460488818586,0.0031967582181096077,0.008664433844387531,0.021034201607108116,0.04905882477760315,0.11441271752119064,0.32121869921684265,0.5,1.0,1.0
3,3430,25000,0.23504772782325745,0.3225225806236267,5.593417995441996e-07,1.0,5.593417995441996e-07,0.0009031696245074272,0.0031813064124435186,0.008661615662276745,0.02107320912182331,0.049024589359760284,0.11415380239486694,0.320715993642807,0.5,1.0,1.0
3,3440,25000,0.23506732285022736,0.32257720828056335,4.7254440005417564e-07,1.0,4.7254440005417564e-07,0.0009099483722820878,0.0031926920637488365,0.008727474138140678,0.02103804051876068,0.04883435368537903,0.11388003826141357,0.32114848494529724,0.5,1.0,1.0
3,3450,25000,0.2351105511188507,0.3226020932197571,5.480179652295192e-07,1.0,5.480179652295192e-07,0.0009118607849813998,0.003191585186868906,0.008649059571325779,0.021003207191824913,0.048993706703186035,0.11423435062170029,0.32153114676475525,0.5,1.0,1.0
3,3460,25000,0.23500686883926392,0.32259321212768555,5.66393168810464e-07,1.0,5.66393168810464e-07,0.0009065144695341587,0.0031893085688352585,0.008680258877575397,0.021026471629738808,0.048966631293296814,0.11478661000728607,0.32039952278137207,0.5,1.0,1.0
3,3470,25000,0.23501986265182495,0.32255953550338745,5.375222826842219e-07,1.0,5.375222826842219e-07,0.0009038776624947786,0.0031888254452496767,0.00866034533828497,0.020978817716240883,0.04895063489675522,0.11425618827342987,0.32096540927886963,0.5,1.0,1.0
3,3480,25000,0.2350623905658722,0.3225749433040619,6.139419497230847e-07,1.0,6.139419497230847e-07,0.0009084228659048676,0.0031847727950662374,0.008711378090083599,0.021010059863328934,0.04897944629192352,0.11437126249074936,0.3207399547100067,0.5,1.0,1.0
3,3490,25000,0.23500056564807892,0.32256776094436646,6.659043378931528e-07,1.0,6.659043378931528e-07,0.0009029997745528817,0.0031893819104880095,0.008666560053825378,0.02099972404539585,0.0488336905837059,0.11464371532201767,0.3220541775226593,0.5,1.0,1.0
3,3500,25000,0.23496010899543762,0.32253843545913696,5.334632078302093e-07,1.0,5.334632078302093e-07,0.000909669091925025,0.0031899064779281616,0.00868154689669609,0.021008817479014397,0.048937760293483734,0.11400437355041504,0.31917598843574524,0.5,1.0,1.0
3,3510,25000,0.23501965403556824,0.3225732147693634,7.087354561008397e-07,1.0,7.087354561008397e-07,0.0009085209458135068,0.0031752167269587517,0.0086932722479105,0.02097792737185955,0.04893037676811218,0.11441341042518616,0.3209916353225708,0.5,1.0,1.0
3,3520,25000,0.2349708378314972,0.32255417108535767,4.597204679157585e-07,1.0,4.597204679157585e-07,0.0009068496292456985,0.0031934010330587626,0.008649177849292755,0.02109147608280182,0.048796504735946655,0.11431414633989334,0.3203699290752411,0.5,1.0,1.0
3,3530,25000,0.23508989810943604,0.32255977392196655,5.619553462565818e-07,1.0,5.619553462565818e-07,0.0009073016699403524,0.0031826733611524105,0.008671319112181664,0.021153803914785385,0.04898400604724884,0.11432849615812302,0.32176467776298523,0.5,1.0,1.0
3,3540,25000,0.23502103984355927,0.3225720226764679,4.813105078937951e-07,1.0,4.813105078937951e-07,0.0009034594986587763,0.0031851334497332573,0.008685464039444923,0.02101999521255493,0.04892995208501816,0.11444605886936188,0.32105574011802673,0.5,1.0,1.0
3,3550,25000,0.234928697347641,0.32247287034988403,6.071094276194344e-07,1.0,6.071094276194344e-07,0.0009095084387809038,0.003176936414092779,0.008716747164726257,0.021061154082417488,0.04913036897778511,0.1140257939696312,0.318797767162323,0.5,1.0,1.0
3,3560,25000,0.23492562770843506,0.3225654065608978,4.4302271362539614e-07,1.0,4.4302271362539614e-07,0.0009069088846445084,0.0032001854851841927,0.008684431202709675,0.020994028076529503,0.048786550760269165,0.1138252541422844,0.319406121969223,0.5,1.0,1.0
3,3570,25000,0.23503169417381287,0.322557657957077,5.344766123016598e-07,1.0,5.344766123016598e-07,0.0009018410346470773,0.0031757515389472246,0.00867529958486557,0.02109653316438198,0.049163226038217545,0.11381693184375763,0.32158493995666504,0.5,1.0,1.0
3,3580,25000,0.23505906760692596,0.32262948155403137,6.447803002629371e-07,1.0,6.447803002629371e-07,0.0009087038924917579,0.003198082558810711,0.008656165562570095,0.021006355062127113,0.048759691417217255,0.11419929563999176,0.3197254240512848,0.5,1.0,1.0
3,3590,25000,0.23502543568611145,0.3225625157356262,5.622306389341247e-07,1.0,5.622306389341247e-07,0.0009063475881703198,0.0031973232980817556,0.008679855614900589,0.020945347845554352,0.04888679087162018,0.11418397724628448,0.32094043493270874,0.5,1.0,1.0
3,3600,25000,0.2350994199514389,0.3226483464241028,5.078010758552409e-07,1.0,5.078010758552409e-07,0.0009092068066820502,0.0032091832254081964,0.008669412694871426,0.021051187068223953,0.048745185136795044,0.11427593976259232,0.3204725384712219,0.5,1.0,1.0
3,3610,25000,0.23501697182655334,0.3225525915622711,5.618114755634451e-07,1.0,5.618114755634451e-07,0.0009061640594154596,0.003185007954016328,0.008667637594044209,0.021020565181970596,0.048959195613861084,0.11399368196725845,0.3211025893688202,0.5,1.0,1.0
3,3620,25000,0.23507443070411682,0.3225500285625458,5.427007749858603e-07,1.0,5.427007749858603e-07,0.0009103789343498647,0.003197658574208617,0.00864837970584631,0.02112121507525444,0.04892642796039581,0.1143304631114006,0.3216809332370758,0.5,1.0,1.0
3,3630,25000,0.23503664135932922,0.32259276509284973,6.258197231545637e-07,1.0,6.258197231545637e-07,0.0009050375083461404,0.0031872629188001156,0.00869663991034031,0.021029740571975708,0.04911751300096512,0.11463437229394913,0.32084691524505615,0.5,1.0,1.0
3,3640,25000,0.23500582575798035,0.3225940465927124,6.014546443111612e-07,1.0,6.014546443111612e-07,0.0009077821159735322,0.003196180099621415,0.008624588139355183,0.020986851304769516,0.0489814430475235,0.11430969834327698,0.32099649310112,0.5,1.0,1.0
3,3650,25000,0.23504434525966644,0.32254937291145325,5.227979613664502e-07,1.0,5.227979613664502e-07,0.000909293768927455,0.0031963440123945475,0.008692368865013123,0.02094455249607563,0.04907435178756714,0.11454223096370697,0.3222472369670868,0.5,1.0,1.0
3,3660,25000,0.23511885106563568,0.3226469159126282,5.513858809536032e-07,1.0,5.513858809536032e-07,0.0009058834984898567,0.0031829047948122025,0.00865838211029768,0.021046971902251244,0.048999395221471786,0.114357128739357,0.3210242986679077,0.5,1.0,1.0
3,3670,25000,0.235051229596138,0.32266470789909363,5.121847834743676e-07,1.0,5.121847834743676e-07,0.0009045588667504489,0.0031989379785954952,0.008657005615532398,0.021042078733444214,0.04908298701047897,0.11398889124393463,0.32122519612312317,0.5,1.0,1.0
3,3680,25000,0.23506611585617065,0.322653204202652,4.2476716544115334e-07,1.0,4.2476716544115334e-07,0.0009057356510311365,0.0031933337450027466,0.008664343506097794,0.02087901160120964,0.04902700334787369,0.1141480803489685,0.3202933967113495,0.5,1.0,1.0
3,3690,25000,0.23503580689430237,0.32259300351142883,5.949402179794561e-07,1.0,5.949402179794561e-07,0.0009109987877309322,0.0031941516790539026,0.00868339091539383,0.020993834361433983,0.04895808547735214,0.11409123986959457,0.3216138184070587,0.5,1.0,1.0
3,3700,25000,0.23497268557548523,0.32254448533058167,5.667844789059018e-07,1.0,5.667844789059018e-07,0.000903099135030061,0.0031955919694155455,0.008682562038302422,0.02098596654832363,0.0488852895796299,0.11377483606338501,0.32148072123527527,0.5,1.0,1.0
3,3710,25000,0.23501957952976227,0.3225679099559784,5.489353043230949e-07,1.0,5.489353043230949e-07,0.000904957705643028,0.0031941491179168224,0.008665707893669605,0.020980633795261383,0.049112290143966675,0.11433535814285278,0.3213379979133606,0.5,1.0,1.0
3,3720,25000,0.2350984364748001,0.32260140776634216,5.168118377696373e-07,1.0,5.168118377696373e-07,0.0009126871009357274,0.003198026679456234,0.008664209395647049,0.021112246438860893,0.04877728596329689,0.11462875455617905,0.32077664136886597,0.5,1.0,1.0
3,3730,25000,0.23505325615406036,0.3225826323032379,6.053124934624066e-07,1.0,6.053124934624066e-07,0.0009097210713662207,0.003202840220183134,0.00868785846978426,0.020961301401257515,0.04902598634362221,0.11411519348621368,0.3207854628562927,0.5,1.0,1.0
3,3740,25000,0.23491740226745605,0.32255980372428894,5.732321710638644e-07,1.0,5.732321710638644e-07,0.0009034223039634526,0.0031860636081546545,0.008672300726175308,0.02097359485924244,0.048963189125061035,0.11416010558605194,0.32078230381011963,0.5,1.0,1.0
3,3750,25000,0.2350466102361679,0.3226175606250763,6.294933427852811e-07,1.0,6.294933427852811e-07,0.0009102727053686976,0.0031827746424824,0.008676575496792793,0.0209231898188591,0.048824384808540344,0.11444421112537384,0.32118186354637146,0.5,1.0,1.0
3,3760,25000,0.23501978814601898,0.32251325249671936,5.202774673307431e-07,1.0,5.202774673307431e-07,0.0009008496999740601,0.003199683502316475,0.008667802438139915,0.0210643969476223,0.0487808883190155,0.11452610045671463,0.3202710747718811,0.5,1.0,1.0
3,3770,25000,0.23502306640148163,0.32252323627471924,6.780534818062733e-07,1.0,6.780534818062733e-07,0.0009107104269787669,0.0031960417982190847,0.008643366396427155,0.021070990711450577,0.04897095635533333,0.11430415511131287,0.3202725350856781,0.5,1.0,1.0
3,3780,25000,0.23495422303676605,0.3225667476654053,5.568994083660073e-07,1.0,5.568994083660073e-07,0.0009117306326515973,0.0032201409339904785,0.00866181030869484,0.0210808664560318,0.048779115080833435,0.11401938647031784,0.320636510848999,0.5,1.0,1.0
3,3790,25000,0.2350059598684311,0.3225253224372864,4.619627702595608e-07,1.0,4.619627702595608e-07,0.000906862725969404,0.0032077233772724867,0.008697336539626122,0.021016385406255722,0.04892679303884506,0.1140853613615036,0.3215830624103546,0.5,1.0,1.0
3,3800,25000,0.23494865000247955,0.32251814007759094,5.319843694451265e-07,1.0,5.319843694451265e-07,0.0009135349537245929,0.0031871574465185404,0.008678646758198738,0.020966041833162308,0.049013711512088776,0.11407022178173065,0.3204759359359741,0.5,1.0,1.0
3,3810,25000,0.2350092977285385,0.32253706455230713,5.371744578042126e-07,1.0,5.371744578042126e-07,0.0009066248312592506,0.0031946413218975067,0.008665232919156551,0.021041112020611763,0.04888753592967987,0.11408983916044235,0.32168763875961304,0.5,1.0,1.0
3,3820,25000,0.23496206104755402,0.32253003120422363,6.820549174335611e-07,1.0,6.820549174335611e-07,0.000904531916603446,0.003213385120034218,0.008686162531375885,0.02104448340833187,0.04893743246793747,0.11417354643344879,0.3192908763885498,0.5,1.0,1.0
3,3830,25000,0.23504653573036194,0.32254427671432495,4.784465659213311e-07,1.0,4.784465659213311e-07,0.0009045278420671821,0.003190731629729271,0.008680172264575958,0.021100036799907684,0.049000516533851624,0.11423609405755997,0.3212624490261078,0.5,1.0,1.0
3,3840,25000,0.23504416644573212,0.32262998819351196,4.816207592739374e-07,1.0,4.816207592739374e-07,0.0009109132806770504,0.003191572381183505,0.008671246469020844,0.021013222634792328,0.049010563641786575,0.11360087990760803,0.3205203413963318,0.5,1.0,1.0
3,3850,25000,0.23498369753360748,0.3225744068622589,7.224742830658215e-07,1.0,7.224742830658215e-07,0.0009048430947586894,0.0031916776206344366,0.008649466559290886,0.020949363708496094,0.04891901835799217,0.11368697881698608,0.3200365900993347,0.5,1.0,1.0
3,3860,25000,0.23497700691223145,0.32255932688713074,6.009124717820669e-07,1.0,6.009124717820669e-07,0.0009063874604180455,0.0031940750777721405,0.00868242233991623,0.02096617966890335,0.048812031745910645,0.11364944279193878,0.3209991753101349,0.5,1.0,1.0
3,3870,25000,0.2351216971874237,0.3226371705532074,6.50460094675509e-07,1.0,6.50460094675509e-07,0.0009043107856996357,0.003195795463398099,0.008624942041933537,0.02112716995179653,0.04897291213274002,0.1143360435962677,0.32219213247299194,0.5,1.0,1.0
3,3880,25000,0.23505385220050812,0.32263803482055664,4.879129278378969e-07,1.0,4.879129278378969e-07,0.00091044936561957,0.0031872971449047327,0.008676629513502121,0.021092725917696953,0.04905617982149124,0.11382923275232315,0.32141780853271484,0.5,1.0,1.0
3,3890,25000,0.23502619564533234,0.3226090967655182,5.520346917364805e-07,1.0,5.520346917364805e-07,0.0009049152140505612,0.0031915942672640085,0.008665371686220169,0.020900804549455643,0.0486922413110733,0.11396688967943192,0.32011958956718445,0.5,1.0,1.0
3,3900,25000,0.23495568335056305,0.3225550651550293,6.341745688587253e-07,1.0,6.341745688587253e-07,0.0009065003832802176,0.0032039370853453875,0.008654658682644367,0.021082358434796333,0.04901851713657379,0.11416249722242355,0.3203829824924469,0.5,1.0,1.0
3,3910,25000,0.2350803166627884,0.32265958189964294,4.954220571562473e-07,1.0,4.954220571562473e-07,0.0009054344845935702,0.003175748512148857,0.008660126477479935,0.020988356322050095,0.048832476139068604,0.11378303170204163,0.3211807608604431,0.5,1.0,1.0
3,3920,25000,0.23510432243347168,0.32265904545783997,7.226140610328002e-07,1.0,7.226140610328002e-07,0.0009024267783388495,0.003198070451617241,0.00869222916662693,0.02095845527946949,0.049076974391937256,0.11412416398525238,0.3208655118942261,0.5,1.0,1.0
3,3930,25000,0.23510107398033142,0.32261136174201965,4.903589569948963e-07,1.0,4.903589569948963e-07,0.0009074239060282707,0.003189621726050973,0.008625203743577003,0.020980162546038628,0.049011778086423874,0.11432711035013199,0.3217538893222809,0.5,1.0,1.0
3,3940,25000,0.23502448201179504,0.32259541749954224,6.037192861185758e-07,1.0,6.037192861185758e-07,0.0009058899595402181,0.0031808328349143267,0.0086754085496068,0.020988672971725464,0.048986464738845825,0.1145024299621582,0.3213054835796356,0.5,1.0,1.0
3,3950,25000,0.23513388633728027,0.3226684033870697,4.681164114117564e-07,1.0,4.681164114117564e-07,0.0009069939842447639,0.003173614153638482,0.008669847622513771,0.02099427580833435,0.04898352548480034,0.11434850841760635,0.32067421078681946,0.5,1.0,1.0
3,3960,25000,0.23511528968811035,0.32266369462013245,5.553175697059487e-07,1.0,5.553175697059487e-07,0.0009060524753294885,0.003205995075404644,0.008716258220374584,0.021014032885432243,0.04895509034395218,0.11434938758611679,0.3213023543357849,0.5,1.0,1.0
3,3970,25000,0.23503507673740387,0.3226351737976074,6.153778713269276e-07,1.0,6.153778713269276e-07,0.0009047369239851832,0.003187258495017886,0.00868638139218092,0.020945051684975624,0.04892129823565483,0.11471574008464813,0.32050421833992004,0.5,1.0,1.0
3,3980,25000,0.2349790334701538,0.32257509231567383,5.927340112066304e-07,1.0,5.927340112066304e-07,0.0009060324518941343,0.0031847571954131126,0.008677475154399872,0.021045655012130737,0.048851579427719116,0.11363920569419861,0.32179489731788635,0.5,1.0,1.0
3,3990,25000,0.23508669435977936,0.3225729763507843,5.063698722551635e-07,1.0,5.063698722551635e-07,0.0009082002798095345,0.0031931656412780285,0.008681187406182289,0.02102670446038246,0.04911530762910843,0.11461221426725388,0.320532888174057,0.5,1.0,1.0
3,4000,25000,0.235026016831398,0.3225420117378235,6.32586875326524e-07,1.0,6.32586875326524e-07,0.0009089893428608775,0.0031859702430665493,0.008649083785712719,0.021006537601351738,0.049018412828445435,0.11431914567947388,0.32131439447402954,0.5,1.0,1.0
3,4010,25000,0.23507465422153473,0.3225991427898407,5.414248676061106e-07,1.0,5.414248676061106e-07,0.0009100013412535191,0.003196900710463524,0.008690518327057362,0.021053528413176537,0.04899129644036293,0.11417738348245621,0.32198846340179443,0.5,1.0,1.0
3,4020,25000,0.2350439876317978,0.32257381081581116,4.828389137401246e-07,1.0,4.828389137401246e-07,0.0009064712794497609,0.0031999165657907724,0.008670943789184093,0.021038727834820747,0.048855602741241455,0.11398717015981674,0.3209853172302246,0.5,1.0,1.0
3,4030,25000,0.23502232134342194,0.322598397731781,5.315100679581519e-07,1.0,5.315100679581519e-07,0.0009105468052439392,0.003184366039931774,0.008667482063174248,0.02095937356352806,0.048901256173849106,0.11412546783685684,0.32126685976982117,0.5,1.0,1.0
3,4040,25000,0.23502515256404877,0.3225989043712616,4.36059451658366e-07,1.0,4.36059451658366e-07,0.0009078874136321247,0.00319018866866827,0.008730094879865646,0.020991258323192596,0.04875795915722847,0.11410350352525711,0.32009539008140564,0.5,1.0,1.0
3,4050,25000,0.2351064831018448,0.3225933015346527,5.773403017883538e-07,1.0,5.773403017883538e-07,0.0009105238714255393,0.0031924410723149776,0.008708951994776726,0.021108543500304222,0.04898027330636978,0.11400754749774933,0.32099685072898865,0.5,1.0,1.0
3,4060,25000,0.23502305150032043,0.3225937783718109,5.116542638461397e-07,1.0,5.116542638461397e-07,0.0009077430586330593,0.003192164236679673,0.008726108819246292,0.021081333979964256,0.048909544944763184,0.11395090073347092,0.32098034024238586,0.5,1.0,1.0
3,4070,25000,0.23503440618515015,0.3226377069950104,5.825397693115519e-07,1.0,5.825397693115519e-07,0.0009104482596740127,0.0031897237058728933,0.008654028177261353,0.020962603390216827,0.048923809081315994,0.11407154053449631,0.3205675184726715,0.5,1.0,1.0
3,4080,25000,0.23507864773273468,0.32260239124298096,4.4222272777005855e-07,1.0,4.4222272777005855e-07,0.0009091923129744828,0.0031988080590963364,0.008681166917085648,0.02104298584163189,0.04918118566274643,0.11413688957691193,0.3206893801689148,0.5,1.0,1.0
3,4090,25000,0.2350054234266281,0.3225843012332916,5.573132852987328e-07,1.0,5.573132852987328e-07,0.0009048177162185311,0.003198566846549511,0.008674648590385914,0.020977681502699852,0.04876159876585007,0.11405856907367706,0.3216295838356018,0.5,1.0,1.0
3,4100,25000,0.23507952690124512,0.32259637117385864,4.96425570872816e-07,1.0,4.96425570872816e-07,0.0009109248057939112,0.003184929955750704,0.008724261075258255,0.021015798673033714,0.04883762076497078,0.11417189985513687,0.32058385014533997,0.5,1.0,1.0
3,4110,25000,0.2350560426712036,0.32261496782302856,4.593021287746524e-07,1.0,4.593021287746524e-07,0.0009080714080482721,0.0031908839009702206,0.008671647869050503,0.020949777215719223,0.048712752759456635,0.11403059959411621,0.3210877776145935,0.5,1.0,1.0
3,4120,25000,0.23510846495628357,0.3226090967655182,5.340228881323128e-07,1.0,5.340228881323128e-07,0.0009045673068612814,0.003195280907675624,0.008670460432767868,0.021084660664200783,0.04905349016189575,0.11414320766925812,0.32083117961883545,0.5,1.0,1.0
3,4130,25000,0.2350880205631256,0.3225611746311188,4.080575308762491e-07,1.0,4.080575308762491e-07,0.0009099594899453223,0.003205427899956703,0.008667797781527042,0.021014176309108734,0.04887150228023529,0.11446718126535416,0.3218611478805542,0.5,1.0,1.0
3,4140,25000,0.23503302037715912,0.3225574493408203,5.33989748419117e-07,1.0,5.33989748419117e-07,0.0009078703005798161,0.0031957104802131653,0.008699353784322739,0.02092147432267666,0.04897936061024666,0.11415547877550125,0.3196249008178711,0.5,1.0,1.0
3,4150,25000,0.23505283892154694,0.32254624366760254,4.900247745354136e-07,1.0,4.900247745354136e-07,0.0009112361003644764,0.0032072733156383038,0.008687055669724941,0.021052023395895958,0.049072131514549255,0.11432167142629623,0.3219679594039917,0.5,1.0,1.0
3,4160,25000,0.23501291871070862,0.32251590490341187,4.6496148797814385e-07,1.0,4.6496148797814385e-07,0.00090690643992275,0.0031954653095453978,0.008659563958644867,0.020981600508093834,0.04892607778310776,0.11478711664676666,0.32176390290260315,0.5,1.0,1.0
3,4170,25000,0.23504555225372314,0.3225851058959961,6.171493396323058e-07,1.0,6.171493396323058e-07,0.0009081661701202393,0.0032038907520473003,0.00865790992975235,0.02103780210018158,0.04899785295128822,0.11422105878591537,0.32097727060317993,0.5,1.0,1.0
3,4180,25000,0.2350381314754486,0.32261475920677185,6.292149237197009e-07,1.0,6.292149237197009e-07,0.0009091413812711835,0.0031963028013706207,0.008667261339724064,0.021010473370552063,0.0487077459692955,0.11436755955219269,0.32070392370224,0.5,1.0,1.0
3,4190,25000,0.2349666953086853,0.322563499212265,5.025156610827253e-07,1.0,5.025156610827253e-07,0.0009028573404066265,0.003186049172654748,0.00869573000818491,0.021035946905612946,0.0488678440451622,0.1138177141547203,0.31974470615386963,0.5,1.0,1.0
3,4200,25000,0.23507234454154968,0.3225558400154114,4.967195081917453e-07,1.0,4.967195081917453e-07,0.0009013023809529841,0.0031900801695883274,0.008693165145814419,0.021044915542006493,0.0490214042365551,0.11433657258749008,0.3212164044380188,0.5,1.0,1.0
3,4210,25000,0.2350499927997589,0.32261720299720764,6.24572408014501e-07,1.0,6.24572408014501e-07,0.0009047547937370837,0.0031923751812428236,0.008678153157234192,0.02104770950973034,0.048867665231227875,0.11429613083600998,0.3214874267578125,0.5,1.0,1.0
3,4220,25000,0.23501655459403992,0.3225666284561157,5.243563236945192e-07,1.0,5.243563236945192e-07,0.0009110380779020488,0.003186535555869341,0.008691326715052128,0.02104826457798481,0.048994310200214386,0.1138085275888443,0.3209669291973114,0.5,1.0,1.0
3,4230,25000,0.2349717915058136,0.3225336968898773,5.749054139414511e-07,1.0,5.749054139414511e-07,0.000901640800293535,0.003205355955287814,0.0086550023406744,0.021080372855067253,0.04894552752375603,0.11394181102514267,0.32104623317718506,0.5,1.0,1.0
3,4240,25000,0.23512090742588043,0.32257336378097534,4.943295266457426e-07,1.0,4.943295266457426e-07,0.0009108171798288822,0.003185413544997573,0.008723312057554722,0.02105925790965557,0.04899816960096359,0.11392740905284882,0.32145655155181885,0.5,1.0,1.0
3,4250,25000,0.2350347340106964,0.32265862822532654,4.83769042602944e-07,1.0,4.83769042602944e-07,0.0009057163260877132,0.003190856659784913,0.0086948461830616,0.020966917276382446,0.04894571751356125,0.11369205266237259,0.3201608955860138,0.5,1.0,1.0
3,4260,25000,0.2350420355796814,0.3226258456707001,4.4379814312378585e-07,1.0,4.4379814312378585e-07,0.0009073948604054749,0.003196095349267125,0.00865000206977129,0.020973840728402138,0.04891754314303398,0.11401984840631485,0.3211044669151306,0.5,1.0,1.0
3,4270,25000,0.2350768744945526,0.3226299583911896,4.675886771110527e-07,1.0,4.675886771110527e-07,0.0009077567956410348,0.0031956706661731005,0.008696614764630795,0.021052243188023567,0.04879888892173767,0.1140018031001091,0.321702778339386,0.5,1.0,1.0
3,4280,25000,0.23504294455051422,0.32258713245391846,5.420571369540994e-07,1.0,5.420571369540994e-07,0.0009046469931490719,0.003178345039486885,0.008657783269882202,0.02093360759317875,0.049105048179626465,0.11382909119129181,0.3208789825439453,0.5,1.0,1.0
3,4290,25000,0.23504649102687836,0.3226237893104553,4.734156959784741e-07,1.0,4.734156959784741e-07,0.0009076324058696628,0.0031947800889611244,0.008621064014732838,0.020975934341549873,0.04890802130103111,0.11421900242567062,0.32213032245635986,0.5,1.0,1.0
3,4300,25000,0.23504966497421265,0.32258278131484985,4.560675677112158e-07,1.0,4.560675677112158e-07,0.0009095045388676226,0.0032003193628042936,0.008681868202984333,0.021041205152869225,0.0489158034324646,0.11406634002923965,0.3209531307220459,0.5,1.0,1.0
3,4310,25000,0.23510007560253143,0.32261550426483154,5.368625579649233e-07,1.0,5.368625579649233e-07,0.0009077032445929945,0.003182262647897005,0.008656748570501804,0.020983092486858368,0.0489855520427227,0.11454387754201889,0.3204197287559509,0.5,1.0,1.0
3,4320,25000,0.23498240113258362,0.3226102292537689,4.290256185868202e-07,1.0,4.290256185868202e-07,0.0009007705375552177,0.003172596450895071,0.00866658240556717,0.020914966240525246,0.04898688942193985,0.11408364027738571,0.3220602571964264,0.5,1.0,1.0
3,4330,25000,0.23507513105869293,0.32263249158859253,5.537385163734143e-07,1.0,5.537385163734143e-07,0.0009047893108800054,0.0031920934561640024,0.008690150454640388,0.021084457635879517,0.04880072548985481,0.11458071321249008,0.3211607336997986,0.5,1.0,1.0
3,4340,25000,0.23507311940193176,0.3226282298564911,6.157169991638511e-07,1.0,6.157169991638511e-07,0.0009037753334268928,0.0031828072387725115,0.008635715581476688,0.020927567034959793,0.048936959356069565,0.11401262879371643,0.32045555114746094,0.5,1.0,1.0
3,4350,25000,0.23506486415863037,0.3225945830345154,5.809336016682209e-07,1.0,5.809336016682209e-07,0.0009043189929798245,0.0031872661784291267,0.008712378330528736,0.020971335470676422,0.04892649129033089,0.1139766126871109,0.32212886214256287,0.5,1.0,1.0
3,4360,25000,0.2350703924894333,0.32262250781059265,6.026203891451587e-07,1.0,6.026203891451587e-07,0.0009078393341042101,0.0032082172110676765,0.008717010729014874,0.02105269581079483,0.04893488436937332,0.11438103020191193,0.3209961950778961,0.5,1.0,1.0
3,4370,25000,0.23507176339626312,0.3226087689399719,5.586380211752839e-07,1.0,5.586380211752839e-07,0.0009066779748536646,0.003201847430318594,0.008686322718858719,0.020952269434928894,0.04894370958209038,0.11398027837276459,0.32113608717918396,0.5,1.0,1.0
3,4380,25000,0.2350267469882965,0.3225353956222534,7.28310681097355e-07,1.0,7.28310681097355e-07,0.0009043878526426852,0.0032096076756715775,0.008696509525179863,0.02105184644460678,0.04891565069556236,0.11422550678253174,0.3215045928955078,0.5,1.0,1.0
3,4390,25000,0.23508994281291962,0.3226386606693268,5.514955319085857e-07,1.0,5.514955319085857e-07,0.000907895911950618,0.0031991018913686275,0.008692104369401932,0.020964419469237328,0.04900801181793213,0.1144038736820221,0.31958964467048645,0.5,1.0,1.0
3,4400,25000,0.23500846326351166,0.3226185739040375,5.482315259541792e-07,1.0,5.482315259541792e-07,0.0009026049519889057,0.0031832472886890173,0.00864558294415474,0.02106061950325966,0.04886838048696518,0.11426665633916855,0.3213149309158325,0.5,1.0,1.0
3,4410,25000,0.2350105196237564,0.3225966989994049,5.341619271348463e-07,1.0,5.341619271348463e-07,0.0009072612156160176,0.0031966534443199635,0.008684900589287281,0.02100004442036152,0.049072783440351486,0.11393719911575317,0.32128170132637024,0.5,1.0,1.0
3,4420,25000,0.2350536733865738,0.32259291410446167,6.487900918727973e-07,1.0,6.487900918727973e-07,0.0009070244850590825,0.0031817667186260223,0.008651182986795902,0.021028971299529076,0.0489344596862793,0.11480406671762466,0.32082393765449524,0.5,1.0,1.0
3,4430,25000,0.2350730150938034,0.322648823261261,6.051964192010928e-07,1.0,6.051964192010928e-07,0.0009038637508638203,0.0031856591813266277,0.008702758699655533,0.02101869508624077,0.04899705946445465,0.11430127918720245,0.32098352909088135,0.5,1.0,1.0
3,4440,25000,0.23507042229175568,0.32254332304000854,4.5745221655124624e-07,1.0,4.5745221655124624e-07,0.0009063704055733979,0.003187531838193536,0.008705453015863895,0.021065905690193176,0.0490388423204422,0.11467232555150986,0.3208075761795044,0.5,1.0,1.0
3,4450,25000,0.23508885502815247,0.3226064443588257,7.704236963945732e-07,1.0,7.704236963945732e-07,0.0009065094636753201,0.003198325866833329,0.008672327734529972,0.021114852279424667,0.048931337893009186,0.11437223851680756,0.32195088267326355,0.5,1.0,1.0
3,4460,25000,0.23509888350963593,0.3226419985294342,5.840720405103639e-07,1.0,5.840720405103639e-07,0.0009052226087078452,0.0031986834947019815,0.008681235834956169,0.0209682434797287,0.04879189282655716,0.11462955921888351,0.32089364528656006,0.5,1.0,1.0
3,4470,25000,0.2350132018327713,0.32259371876716614,4.7499901256742305e-07,1.0,4.7499901256742305e-07,0.000910066650249064,0.0031962923239916563,0.008682670071721077,0.021092204377055168,0.049003057181835175,0.11394736170768738,0.3205482065677643,0.5,1.0,1.0
3,4480,25000,0.2350400984287262,0.3226059079170227,6.365100944094593e-07,1.0,6.365100944094593e-07,0.0009103927877731621,0.0032002481166273355,0.008686890825629234,0.021085962653160095,0.04905453696846962,0.11457042396068573,0.32129988074302673,0.5,1.0,1.0
3,4490,25000,0.23504500091075897,0.3225758671760559,5.051271045886097e-07,1.0,5.051271045886097e-07,0.0009088751394301653,0.003186943009495735,0.008746586740016937,0.021022846922278404,0.04901478439569473,0.11426252126693726,0.3204050064086914,0.5,1.0,1.0
3,4500,25000,0.23512038588523865,0.32262122631073,4.5871047404943965e-07,1.0,4.5871047404943965e-07,0.000903820269741118,0.0031978858169168234,0.008699078112840652,0.020989105105400085,0.04906854033470154,0.11415942758321762,0.32044464349746704,0.5,1.0,1.0
3,4510,25000,0.2351105660200119,0.3226306736469269,5.009266601518902e-07,1.0,5.009266601518902e-07,0.0009022227022796869,0.0031969111878424883,0.00866484921425581,0.021023448556661606,0.04892752319574356,0.11437518149614334,0.3211379051208496,0.5,1.0,1.0
3,4520,25000,0.23507754504680634,0.32261425256729126,5.72306532831135e-07,1.0,5.72306532831135e-07,0.0009016981930471957,0.003201981307938695,0.008688539266586304,0.0210953950881958,0.04888204485177994,0.11437685042619705,0.32148364186286926,0.5,1.0,1.0
3,4530,25000,0.23501281440258026,0.3226166069507599,4.830239390685165e-07,1.0,4.830239390685165e-07,0.0009058981668204069,0.0031997840851545334,0.008665172383189201,0.02103993482887745,0.04881519079208374,0.11403075605630875,0.32172566652297974,0.5,1.0,1.0
3,4540,25000,0.23498551547527313,0.32258784770965576,6.758226618330809e-07,1.0,6.758226618330809e-07,0.0009075190173462033,0.0031897849403321743,0.00863675121217966,0.02091706544160843,0.04895168915390968,0.11426396667957306,0.32026007771492004,0.5,1.0,1.0
3,4550,25000,0.235089510679245,0.322613000869751,6.111736752245633e-07,1.0,6.111736752245633e-07,0.0009063247125595808,0.0031796663533896208,0.008666923269629478,0.02103431150317192,0.0489618144929409,0.11464521288871765,0.3210127353668213,0.5,1.0,1.0
3,4560,25000,0.23505112528800964,0.32262182235717773,6.334722684187e-07,1.0,6.334722684187e-07,0.0009050265653058887,0.0031936082523316145,0.008685962297022343,0.021003566682338715,0.04900475963950157,0.11401749402284622,0.32201486825942993,0.5,1.0,1.0
3,4570,25000,0.23509757220745087,0.3226221799850464,6.272821337915957e-07,1.0,6.272821337915957e-07,0.0009092753753066063,0.003174743615090847,0.008724206127226353,0.02099323272705078,0.04897623136639595,0.11452917009592056,0.3217845857143402,0.5,1.0,1.0
3,4580,25000,0.23501192033290863,0.3226287066936493,5.48049911230919e-07,1.0,5.48049911230919e-07,0.0009044486214406788,0.0031955428421497345,0.008698921650648117,0.021048959344625473,0.04870472848415375,0.1139855831861496,0.3200341761112213,0.5,1.0,1.0
3,4590,25000,0.23504236340522766,0.32265612483024597,6.54710959224758e-07,1.0,6.54710959224758e-07,0.0009054674883373082,0.003177967621013522,0.008661177940666676,0.02101307176053524,0.04903147369623184,0.11379312723875046,0.322444885969162,0.5,1.0,1.0
3,4600,25000,0.23504918813705444,0.3226086497306824,4.751051676521456e-07,1.0,4.751051676521456e-07,0.0009089460945688188,0.003195140976458788,0.008620237931609154,0.02095433510839939,0.048842497169971466,0.11437523365020752,0.320069819688797,0.5,1.0,1.0
3,4610,25000,0.23503915965557098,0.32263273000717163,5.170300028112251e-07,1.0,5.170300028112251e-07,0.0009031069348566234,0.0031982827931642532,0.008662538602948189,0.021035004407167435,0.049025341868400574,0.1139543280005455,0.32032740116119385,0.5,1.0,1.0
3,4620,25000,0.23500344157218933,0.3225857615470886,5.375845830712933e-07,1.0,5.375845830712933e-07,0.0009105163626372814,0.0031929071992635727,0.008717971853911877,0.02103925310075283,0.04889586567878723,0.11390896886587143,0.3193293809890747,0.5,1.0,1.0
3,4630,25000,0.2349989265203476,0.32257750630378723,4.81261963614088e-07,1.0,4.81261963614088e-07,0.0009090348612517118,0.0031975279562175274,0.008699137717485428,0.021073663607239723,0.049008309841156006,0.11392909288406372,0.32055822014808655,0.5,1.0,1.0
3,4640,25000,0.23501205444335938,0.3226141035556793,6.736707973686862e-07,1.0,6.736707973686862e-07,0.0009040571749210358,0.003186210058629513,0.008718843571841717,0.021040312945842743,0.0488639771938324,0.11379937082529068,0.3205409049987793,0.5,1.0,1.0
3,4650,25000,0.2350582331418991,0.3226017653942108,5.958950737294799e-07,1.0,5.958950737294799e-07,0.0009074995759874582,0.0031862217001616955,0.008657551370561123,0.02100212126970291,0.049087703227996826,0.1142885610461235,0.3207663595676422,0.5,1.0,1.0
3,4660,25000,0.23504750430583954,0.3226136863231659,5.525598112399166e-07,1.0,5.525598112399166e-07,0.0009067965438589454,0.003202389692887664,0.008673585951328278,0.02097916789352894,0.048754625022411346,0.11421377956867218,0.32073667645454407,0.5,1.0,1.0
3,4670,25000,0.23505288362503052,0.32260146737098694,5.213616418586753e-07,1.0,5.213616418586753e-07,0.000909861468244344,0.003217029385268688,0.008689853362739086,0.02098611742258072,0.04893464595079422,0.11420686542987823,0.32200324535369873,0.5,1.0,1.0
3,4680,25000,0.2349916696548462,0.32260367274284363,6.182973493196187e-07,1.0,6.182973493196187e-07,0.0009065045742318034,0.0031797613482922316,0.008682338520884514,0.021048812195658684,0.04882725328207016,0.1142386719584465,0.3207191824913025,0.5,1.0,1.0
3,4690,25000,0.2350134700536728,0.32258182764053345,5.512458187695302e-07,1.0,5.512458187695302e-07,0.0009079270530492067,0.0032028506975620985,0.00869496539235115,0.020979171618819237,0.049079298973083496,0.11406682431697845,0.3198457956314087,0.5,1.0,1.0
3,4700,25000,0.2350422590970993,0.32261186838150024,6.560677547895466e-07,1.0,6.560677547895466e-07,0.0009048065985552967,0.0032040574587881565,0.008656168356537819,0.021064206957817078,0.048876918852329254,0.11397818475961685,0.32163479924201965,0.5,1.0,1.0
3,4710,25000,0.23503802716732025,0.3226608335971832,6.222194883775956e-07,1.0,6.222194883775956e-07,0.0009004485909827054,0.0031844209879636765,0.008646047674119473,0.02097110077738762,0.048865802586078644,0.11377624422311783,0.3213713765144348,0.5,1.0,1.0
3,4720,25000,0.23501195013523102,0.3225681781768799,4.3402854998930707e-07,1.0,4.3402854998930707e-07,0.0009130128310061991,0.0031881413888186216,0.008713971823453903,0.021006308495998383,0.0489560142159462,0.11445346474647522,0.31956690549850464,0.5,1.0,1.0
3,4730,25000,0.23499129712581635,0.3225564956665039,4.853437189922261e-07,1.0,4.853437189922261e-07,0.0008971001952886581,0.003192389849573374,0.008683117106556892,0.02102487161755562,0.04890088364481926,0.11420835554599762,0.3213561773300171,0.5,1.0,1.0
3,4740,25000,0.23511523008346558,0.32263070344924927,6.467894877459912e-07,1.0,6.467894877459912e-07,0.0009028298081830144,0.003191273892298341,0.008669760078191757,0.021058762446045876,0.04913327470421791,0.11446574330329895,0.3212568461894989,0.5,1.0,1.0
3,4750,25000,0.23518362641334534,0.32261669635772705,6.940680350453476e-07,1.0,6.940680350453476e-07,0.0009102960466407239,0.0031994127202779055,0.008652151562273502,0.0210613701492548,0.04897082597017288,0.11452721804380417,0.322806179523468,0.5,1.0,1.0
3,4760,25000,0.23499539494514465,0.3226182460784912,4.556608246275573e-07,1.0,4.556608246275573e-07,0.0009082412580028176,0.0031851085368543863,0.008649187162518501,0.020904770120978355,0.04893241077661514,0.11427419632673264,0.3206358253955841,0.5,1.0,1.0
3,4770,25000,0.23511700332164764,0.3226243555545807,5.150109814167081e-07,1.0,5.150109814167081e-07,0.0009058992145583034,0.0031863441690802574,0.008709059096872807,0.020974667742848396,0.04885510355234146,0.11426056921482086,0.3212592601776123,0.5,1.0,1.0
3,4780,25000,0.23504504561424255,0.32258141040802,6.513355401693843e-07,1.0,6.513355401693843e-07,0.0009081894531846046,0.003192347241565585,0.008660242892801762,0.021070115268230438,0.04873333126306534,0.1144084483385086,0.3210145831108093,0.5,1.0,1.0
3,4790,25000,0.23514531552791595,0.3226257860660553,4.725003179828491e-07,1.0,4.725003179828491e-07,0.0009020307916216552,0.003193800337612629,0.008669967763125896,0.02102677710354328,0.04900406301021576,0.11421090364456177,0.32263824343681335,0.5,1.0,1.0
3,4800,25000,0.2350410372018814,0.32258108258247375,6.184652647789335e-07,1.0,6.184652647789335e-07,0.0009059894946403801,0.0031921800691634417,0.008652993477880955,0.021063005551695824,0.04893440753221512,0.11381174623966217,0.31975430250167847,0.5,1.0,1.0
3,4810,25000,0.23495052754878998,0.32255759835243225,4.430555691214977e-07,1.0,4.430555691214977e-07,0.000904039537999779,0.0031987072434276342,0.008652527816593647,0.021055884659290314,0.04889652878046036,0.11425256729125977,0.31928884983062744,0.5,1.0,1.0
3,4820,25000,0.2350797951221466,0.3225869834423065,5.695171125807974e-07,1.0,5.695171125807974e-07,0.0009065185440704226,0.0031855623237788677,0.008691640570759773,0.020981069654226303,0.04884936660528183,0.11424282193183899,0.32066693902015686,0.5,1.0,1.0
3,4830,25000,0.2350248396396637,0.32255980372428894,5.245639158601989e-07,1.0,5.245639158601989e-07,0.0009110450046136975,0.0032001081854104996,0.00867357850074768,0.021010125055909157,0.048956796526908875,0.11437401175498962,0.32165205478668213,0.5,1.0,1.0
3,4840,25000,0.2351088523864746,0.3226172626018524,5.126143491906987e-07,1.0,5.126143491906987e-07,0.0009091278770938516,0.003191316733136773,0.008717218413949013,0.020956238731741905,0.04894407466053963,0.1144690066576004,0.3223298490047455,0.5,1.0,1.0
3,4850,25000,0.23510773479938507,0.322621613740921,4.788104206454591e-07,1.0,4.788104206454591e-07,0.0009104242781177163,0.0031979400664567947,0.00867515243589878,0.021013686433434486,0.049040019512176514,0.11438773572444916,0.3226017355918884,0.5,1.0,1.0
3,4860,25000,0.23511122167110443,0.3226245641708374,5.350762535272224e-07,1.0,5.350762535272224e-07,0.0009080529562197626,0.0031878077425062656,0.008669225499033928,0.02099677547812462,0.049141883850097656,0.11448600143194199,0.32135945558547974,0.5,1.0,1.0
3,4870,25000,0.2349986433982849,0.32260245084762573,6.220370778464712e-07,1.0,6.220370778464712e-07,0.0009084848570637405,0.0032098297961056232,0.008669663220643997,0.021013107150793076,0.04907337576150894,0.1139577254652977,0.3204236328601837,0.5,1.0,1.0
3,4880,25000,0.23509112000465393,0.3226388692855835,5.550065793613612e-07,1.0,5.550065793613612e-07,0.0009080196032300591,0.003203012514859438,0.008711517788469791,0.02105424366891384,0.0489809513092041,0.11401966959238052,0.32197505235671997,0.5,1.0,1.0
3,4890,25000,0.23509906232357025,0.322637140750885,5.698062182091235e-07,1.0,5.698062182091235e-07,0.0009065807098522782,0.003185901790857315,0.00866041611880064,0.02094440720975399,0.04886285215616226,0.11403585970401764,0.32068127393722534,0.5,1.0,1.0
3,4900,25000,0.2350694239139557,0.32266390323638916,5.828163693877286e-07,1.0,5.828163693877286e-07,0.0009069956140592694,0.0032021848019212484,0.008698207326233387,0.021023087203502655,0.0489761084318161,0.11446885019540787,0.3197389245033264,0.5,1.0,1.0
3,4910,25000,0.23507186770439148,0.3226342499256134,6.081822903070133e-07,1.0,6.081822903070133e-07,0.0009026344050653279,0.0031987091060727835,0.008681037463247776,0.021065805107355118,0.04880780354142189,0.11454683542251587,0.32095324993133545,0.5,1.0,1.0
3,4920,25000,0.23497244715690613,0.32254835963249207,4.897966618955252e-07,1.0,4.897966618955252e-07,0.0009086444624699652,0.003189806127920747,0.00865318812429905,0.021050497889518738,0.04899318143725395,0.11386939138174057,0.3207661211490631,0.5,1.0,1.0
3,4930,25000,0.2350749522447586,0.3226068615913391,4.798829422725248e-07,1.0,4.798829422725248e-07,0.0009111078106798232,0.0031917544547468424,0.008696427568793297,0.021038666367530823,0.048950158059597015,0.11431126296520233,0.3206489086151123,0.5,1.0,1.0
3,4940,25000,0.23505252599716187,0.32259470224380493,5.926505650677427e-07,1.0,5.926505650677427e-07,0.0009119056630879641,0.0032081904355436563,0.008675463497638702,0.020940449088811874,0.049005016684532166,0.11416565626859665,0.32120463252067566,0.5,1.0,1.0
3,4950,25000,0.23500500619411469,0.32255324721336365,5.305943773237232e-07,1.0,5.305943773237232e-07,0.0009092820109799504,0.0031994355376809835,0.008700473234057426,0.020981021225452423,0.04889283329248428,0.1145344078540802,0.32166627049446106,0.5,1.0,1.0
3,4960,25000,0.23499278724193573,0.322587251663208,6.059255497348204e-07,1.0,6.059255497348204e-07,0.0009129403624683619,0.0031809797510504723,0.008667167276144028,0.021048061549663544,0.049013543874025345,0.11402402073144913,0.3207285702228546,0.5,1.0,1.0
3,4970,25000,0.2349550575017929,0.32261648774147034,4.922329139844805e-07,1.0,4.922329139844805e-07,0.0009040634613484144,0.0032066027633845806,0.008671939373016357,0.02098485454916954,0.0488194078207016,0.11380068212747574,0.32028335332870483,0.5,1.0,1.0
3,4980,25000,0.2350592166185379,0.32257410883903503,5.843032795382896e-07,1.0,5.843032795382896e-07,0.0009113635751418769,0.003195389872416854,0.008656326681375504,0.020955346524715424,0.04900524765253067,0.11450321972370148,0.32056352496147156,0.5,1.0,1.0
3,4990,25000,0.23507429659366608,0.32266420125961304,6.687935183435911e-07,1.0,6.687935183435911e-07,0.0009057629504241049,0.0031857748981565237,0.008658777922391891,0.020957069471478462,0.04882395267486572,0.11406064033508301,0.32198357582092285,0.5,1.0,1.0
3,5000,25000,0.23506401479244232,0.32260364294052124,7.189732400547655e-07,1.0,7.189732400547655e-07,0.0009077945142053068,0.0032087781000882387,0.00867792684584856,0.0211199838668108,0.04907725006341934,0.11405164003372192,0.32036423683166504,0.5,1.0,1.0
3,5010,25000,0.23493999242782593,0.3225956857204437,5.723705953641911e-07,1.0,5.723705953641911e-07,0.0009045425103977323,0.0031880417373031378,0.008617527782917023,0.020995745435357094,0.04873301088809967,0.11396080255508423,0.32181471586227417,0.5,1.0,1.0
3,5020,25000,0.23503588140010834,0.32261353731155396,5.478384537127567e-07,1.0,5.478384537127567e-07,0.0009031077497638762,0.0031916482839733362,0.00872164499014616,0.02095170132815838,0.04903605580329895,0.11449211090803146,0.3206145763397217,0.5,1.0,1.0
3,5030,25000,0.23505422472953796,0.32263046503067017,5.592728484771214e-07,1.0,5.592728484771214e-07,0.0009135585278272629,0.0032015256583690643,0.008674832060933113,0.02099248766899109,0.04876148700714111,0.1143832877278328,0.32163339853286743,0.5,1.0,1.0
3,5040,25000,0.23503637313842773,0.3226064443588257,4.805181106348755e-07,1.0,4.805181106348755e-07,0.0009053248795680702,0.0031867115758359432,0.008709688670933247,0.02102944813668728,0.048849619925022125,0.11423752456903458,0.3194807171821594,0.5,1.0,1.0
3,5050,25000,0.23504814505577087,0.32266655564308167,5.179372806196625e-07,1.0,5.179372806196625e-07,0.0009110575192607939,0.0031997403129935265,0.008656861260533333,0.020976589992642403,0.04912290722131729,0.11359075456857681,0.3213595449924469,0.5,1.0,1.0
3,5060,25000,0.23516502976417542,0.3226889669895172,5.459183967104764e-07,1.0,5.459183967104764e-07,0.0009029968059621751,0.003188845468685031,0.008699770085513592,0.02100485749542713,0.04886346682906151,0.11401408910751343,0.32099783420562744,0.5,1.0,1.0
3,5070,25000,0.23500801622867584,0.3226338326931,5.756642735832429e-07,1.0,5.756642735832429e-07,0.0009047457715496421,0.0031642643734812737,0.008670712821185589,0.02105586789548397,0.04890193045139313,0.11348935961723328,0.3207100033760071,0.5,1.0,1.0
3,5080,25000,0.2350316345691681,0.3226277232170105,4.6840511913615046e-07,1.0,4.6840511913615046e-07,0.0009048878564499319,0.0031884796917438507,0.008672807365655899,0.020979607477784157,0.048834603279829025,0.11383409798145294,0.3207405209541321,0.5,1.0,1.0
3,5090,25000,0.2350330650806427,0.32257378101348877,6.100486302784702e-07,1.0,6.100486302784702e-07,0.0009115549037232995,0.0031915465369820595,0.008673515170812607,0.02111133374273777,0.04895852506160736,0.11402635276317596,0.3204022943973541,0.5,1.0,1.0
3,5100,25000,0.23498094081878662,0.322529673576355,5.444856014946708e-07,1.0,5.444856014946708e-07,0.0009081799653358757,0.003202473046258092,0.00869302824139595,0.021084612235426903,0.04900036379694939,0.1143934354186058,0.3205038905143738,0.5,1.0,1.0
3,5110,25000,0.2350185662508011,0.32258567214012146,5.235019102656224e-07,1.0,5.235019102656224e-07,0.0009071273379959166,0.003198621328920126,0.00868317112326622,0.02099163457751274,0.04894411191344261,0.11427784711122513,0.3200472891330719,0.5,1.0,1.0
3,5120,25000,0.23501978814601898,0.32260772585868835,4.4570282398126437e-07,1.0,4.4570282398126437e-07,0.0009062578319571912,0.0031982569489628077,0.00868496485054493,0.02101101540029049,0.0489417240023613,0.1144128069281578,0.3198997676372528,0.5,1.0,1.0
3,5130,25000,0.2350856214761734,0.322632372379303,5.243691134637629e-07,1.0,5.243691134637629e-07,0.0009095739223994315,0.0031937826424837112,0.008639874868094921,0.02097758837044239,0.04906296730041504,0.11441865563392639,0.32156237959861755,0.5,1.0,1.0
3,5140,25000,0.23502734303474426,0.322600781917572,5.844120778419892e-07,1.0,5.844120778419892e-07,0.000902737258002162,0.003182846587151289,0.008645744994282722,0.020909951999783516,0.049068938940763474,0.11408990621566772,0.3216645419597626,0.5,1.0,1.0
3,5150,25000,0.23511888086795807,0.32264524698257446,7.016234349066508e-07,1.0,7.016234349066508e-07,0.0009061862365342677,0.0032001526560634375,0.008719504810869694,0.021031280979514122,0.04881977289915085,0.1143474131822586,0.3206450641155243,0.5,1.0,1.0
3,5160,25000,0.2350378930568695,0.3226126432418823,5.528997917281231e-07,1.0,5.528997917281231e-07,0.0009135142317973077,0.0032148307655006647,0.008672885596752167,0.02106323465704918,0.048863403499126434,0.11425018310546875,0.32053983211517334,0.5,1.0,1.0
3,5170,25000,0.2350088208913803,0.32258397340774536,5.04483750773943e-07,1.0,5.04483750773943e-07,0.0009101050673052669,0.003188671311363578,0.008703670464456081,0.02101081609725952,0.048954106867313385,0.11381393671035767,0.321635901927948,0.5,1.0,1.0
3,5180,25000,0.23505856096744537,0.32263487577438354,6.878497629259073e-07,1.0,6.878497629259073e-07,0.0008983358857221901,0.0031897383742034435,0.008672253228724003,0.020947333425283432,0.048965319991111755,0.11422103643417358,0.3208608627319336,0.5,1.0,1.0
3,5190,25000,0.23508919775485992,0.32263126969337463,5.255794235381472e-07,1.0,5.255794235381472e-07,0.0009119091555476189,0.0032044427935034037,0.008683158084750175,0.021058807149529457,0.048998285084962845,0.11427239328622818,0.32159724831581116,0.5,1.0,1.0
3,5200,25000,0.23499999940395355,0.32259392738342285,6.059632369215251e-07,1.0,6.059632369215251e-07,0.000908804009668529,0.0031842896714806557,0.008686264045536518,0.021012403070926666,0.04883706569671631,0.11395392566919327,0.32041120529174805,0.5,1.0,1.0
3,5210,25000,0.23515242338180542,0.3226761519908905,4.939664108860597e-07,1.0,4.939664108860597e-07,0.0009064869955182076,0.003193313954398036,0.008666584268212318,0.020988043397665024,0.048914603888988495,0.1143251359462738,0.32069578766822815,0.5,1.0,1.0
3,5220,25000,0.23508693277835846,0.32266464829444885,6.71165025778464e-07,1.0,6.71165025778464e-07,0.0009046613704413176,0.0031926108058542013,0.008653881028294563,0.02097596973180771,0.04884031414985657,0.11436917632818222,0.3209781050682068,0.5,1.0,1.0
3,5230,25000,0.23508280515670776,0.3226377069950104,5.733332955060177e-07,1.0,5.733332955060177e-07,0.0009113822015933692,0.0031986073590815067,0.008662986569106579,0.02107975445687771,0.048779331147670746,0.11447564512491226,0.321076363325119,0.5,1.0,1.0
3,5240,25000,0.23506025969982147,0.3226277828216553,4.140054841172969e-07,1.0,4.140054841172969e-07,0.0009090406820178032,0.0032068518921732903,0.008684639818966389,0.021038072183728218,0.04923997074365616,0.1141892522573471,0.31973931193351746,0.5,1.0,1.0
3,5250,25000,0.23500968515872955,0.3226235806941986,6.342443157336675e-07,1.0,6.342443157336675e-07,0.0009035332477651536,0.003198175458237529,0.00861711148172617,0.021075718104839325,0.04890024662017822,0.11373447626829147,0.32024022936820984,0.5,1.0,1.0
3,5260,25000,0.23502564430236816,0.32260847091674805,4.6498709593834064e-07,1.0,4.6498709593834064e-07,0.0009083257173188031,0.0031925069633871317,0.008664583787322044,0.02101275324821472,0.04890543967485428,0.11402237415313721,0.3207011818885803,0.5,1.0,1.0
3,5270,25000,0.23501305282115936,0.32258689403533936,6.211137701939151e-07,1.0,6.211137701939151e-07,0.0009090933599509299,0.003179395804181695,0.008656011894345284,0.02111757919192314,0.049013376235961914,0.11401224881410599,0.32124751806259155,0.5,1.0,1.0
3,5280,25000,0.2351991981267929,0.32268059253692627,5.262579065856698e-07,1.0,5.262579065856698e-07,0.0009064713958650827,0.0031860836315900087,0.008653187192976475,0.021035129204392433,0.04905378818511963,0.11415770649909973,0.3213576078414917,0.5,1.0,1.0
3,5290,25000,0.23504102230072021,0.32264843583106995,5.257386987977952e-07,1.0,5.257386987977952e-07,0.0009081598836928606,0.0031977915205061436,0.008669793605804443,0.021004367619752884,0.04906945675611496,0.11394309997558594,0.32019367814064026,0.5,1.0,1.0
3,5300,25000,0.23511835932731628,0.3226469159126282,6.669873755527078e-07,1.0,6.669873755527078e-07,0.0009101273608393967,0.0031997119076550007,0.008687402121722698,0.021134424954652786,0.048981428146362305,0.11449483036994934,0.32194754481315613,0.5,1.0,1.0
3,5310,25000,0.23508507013320923,0.32262086868286133,5.841361598868389e-07,1.0,5.841361598868389e-07,0.0009042309829965234,0.0032028770074248314,0.008661355823278427,0.020999370142817497,0.04910490661859512,0.11404408514499664,0.3198876976966858,0.5,1.0,1.0
3,5320,25000,0.2350206822156906,0.32261091470718384,5.137681569067354e-07,1.0,5.137681569067354e-07,0.0009030103101395071,0.003197410376742482,0.008671127259731293,0.02098938450217247,0.04899602383375168,0.11402291804552078,0.32062026858329773,0.5,1.0,1.0
3,5330,25000,0.23513710498809814,0.32264071702957153,5.116701800034207e-07,1.0,5.116701800034207e-07,0.0009077723370864987,0.0031821427401155233,0.008692574687302113,0.020955706015229225,0.049087293446063995,0.11441710591316223,0.3222728967666626,0.5,1.0,1.0
3,5340,25000,0.23508931696414948,0.32265952229499817,5.692683089364436e-07,1.0,5.692683089364436e-07,0.0009099735761992633,0.0032104048877954483,0.00864811334758997,0.020967813208699226,0.04895130544900894,0.11395909637212753,0.322081983089447,0.5,1.0,1.0
3,5350,25000,0.23504427075386047,0.3226584196090698,5.341455562302144e-07,1.0,5.341455562302144e-07,0.0009073183755390346,0.003197110490873456,0.008673888631165028,0.02101568505167961,0.048928238451480865,0.11390082538127899,0.32034921646118164,0.5,1.0,1.0
3,5360,25000,0.23507101833820343,0.3226105868816376,4.989439617020253e-07,1.0,4.989439617020253e-07,0.0009031967492774129,0.003207042347639799,0.00869395025074482,0.021076219156384468,0.04883365333080292,0.11463961005210876,0.32049137353897095,0.5,1.0,1.0
3,5370,25000,0.23502768576145172,0.3226083517074585,5.482268647938326e-07,1.0,5.482268647938326e-07,0.0009095437708310783,0.00320031656883657,0.00866642314940691,0.02090301364660263,0.048890598118305206,0.1143111139535904,0.3204590082168579,0.5,1.0,1.0
3,5380,25000,0.23504500091075897,0.3226277828216553,5.862994498784246e-07,1.0,5.862994498784246e-07,0.0009101071627810597,0.0032043051905930042,0.008684038184583187,0.020927289500832558,0.048823341727256775,0.11434730887413025,0.32163432240486145,0.5,1.0,1.0
3,5390,25000,0.23499612510204315,0.3225979804992676,4.589132629462256e-07,1.0,4.589132629462256e-07,0.0009098713053390384,0.003211818402633071,0.00868403073400259,0.020994331687688828,0.04906432330608368,0.11354054510593414,0.320692241191864,0.5,1.0,1.0
3,5400,25000,0.23508575558662415,0.322584331035614,4.978041374670283e-07,1.0,4.978041374670283e-07,0.0009022066369652748,0.003186564426869154,0.00869999174028635,0.02109091728925705,0.04886392503976822,0.1141413077712059,0.3208146095275879,0.5,1.0,1.0
3,5410,25000,0.23510833084583282,0.32263270020484924,5.000396186005673e-07,1.0,5.000396186005673e-07,0.0009083367767743766,0.003206472611054778,0.008698017336428165,0.02098972350358963,0.04890735447406769,0.11430854350328445,0.3205470144748688,0.5,1.0,1.0
3,5420,25000,0.23500633239746094,0.32263240218162537,6.717002634104574e-07,1.0,6.717002634104574e-07,0.0009021498262882233,0.003190521849319339,0.008668112568557262,0.021012749522924423,0.04877188801765442,0.1141219213604927,0.3193431496620178,0.5,1.0,1.0
3,5430,25000,0.23502963781356812,0.3225952982902527,4.5457863961928524e-07,1.0,4.5457863961928524e-07,0.000909117516130209,0.003194768214598298,0.008650466799736023,0.021004490554332733,0.04882515221834183,0.11391595751047134,0.32087406516075134,0.5,1.0,1.0
3,5440,25000,0.23501171171665192,0.32260480523109436,5.760956582889776e-07,1.0,5.760956582889776e-07,0.0009012080263346434,0.0031982746440917253,0.008671281859278679,0.02105122059583664,0.04879678785800934,0.1141333058476448,0.32031118869781494,0.5,1.0,1.0
3,5450,25000,0.2350115329027176,0.32253754138946533,4.702716864812828e-07,1.0,4.702716864812828e-07,0.0009062715689651668,0.00319584715180099,0.00863528810441494,0.021063771098852158,0.0490846186876297,0.11447346210479736,0.3209207355976105,0.5,1.0,1.0
3,5460,25000,0.23504461348056793,0.32257112860679626,5.329036980583624e-07,1.0,5.329036980583624e-07,0.0009060204611159861,0.0031659763772040606,0.008662570267915726,0.021013198420405388,0.049017589539289474,0.1143098846077919,0.32130736112594604,0.5,1.0,1.0
3,5470,25000,0.2350255399942398,0.3226476311683655,5.055084670857468e-07,1.0,5.055084670857468e-07,0.0009029537322930992,0.00318722752854228,0.008661925792694092,0.020978132262825966,0.04893749952316284,0.11413615196943283,0.32082152366638184,0.5,1.0,1.0
3,5480,25000,0.23508429527282715,0.32257482409477234,4.5195110942586325e-07,1.0,4.5195110942586325e-07,0.0009106406942009926,0.003209061687812209,0.008699703961610794,0.020993592217564583,0.04900795966386795,0.11449138820171356,0.3208296000957489,0.5,1.0,1.0
3,5490,25000,0.23506291210651398,0.32258808612823486,4.805092430615332e-07,1.0,4.805092430615332e-07,0.0009112526895478368,0.0031937453895807266,0.008645286783576012,0.021048352122306824,0.04895760118961334,0.1139792874455452,0.3199949264526367,0.5,1.0,1.0
3,5500,25000,0.23504981398582458,0.32261624932289124,7.674100857002486e-07,1.0,7.674100857002486e-07,0.0009060264565050602,0.003187250578776002,0.008661518804728985,0.020993949845433235,0.04900696128606796,0.11408219486474991,0.32173940539360046,0.5,1.0,1.0
3,5510,25000,0.23515789210796356,0.3226812183856964,6.601785571547225e-07,1.0,6.601785571547225e-07,0.0009079604642465711,0.0031716700177639723,0.008643927052617073,0.021136963739991188,0.048985738307237625,0.1140667274594307,0.32070308923721313,0.5,1.0,1.0
3,5520,25000,0.23510341346263885,0.32265833020210266,4.6421729393841815e-07,1.0,4.6421729393841815e-07,0.0009084667544811964,0.003218213329091668,0.008679636754095554,0.02110510692000389,0.04905267804861069,0.11459140479564667,0.3209323585033417,0.5,1.0,1.0
3,5530,25000,0.2351558804512024,0.3226691782474518,4.616512399024941e-07,1.0,4.616512399024941e-07,0.0009047993225976825,0.003186448011547327,0.008688276633620262,0.021082507446408272,0.048778656870126724,0.11443045735359192,0.32174521684646606,0.5,1.0,1.0
3,5540,25000,0.23499345779418945,0.3225935995578766,5.841931169925374e-07,1.0,5.841931169925374e-07,0.0009099839953705668,0.003183431923389435,0.008660532534122467,0.021088246256113052,0.04895160719752312,0.11405337601900101,0.3199615776538849,0.5,1.0,1.0
3,5550,25000,0.23499202728271484,0.3225836157798767,8.63750756252557e-07,1.0,8.63750756252557e-07,0.0009010662906803191,0.003187424736097455,0.008650777861475945,0.02098745107650757,0.04878754913806915,0.11426705121994019,0.32142874598503113,0.5,1.0,1.0
3,5560,25000,0.2350274920463562,0.32261553406715393,6.298049015640572e-07,1.0,6.298049015640572e-07,0.0009074899717234075,0.003185897832736373,0.008681136183440685,0.020902080461382866,0.04889125004410744,0.11382985860109329,0.3204774260520935,0.5,1.0,1.0
3,5570,25000,0.23501135408878326,0.32264384627342224,5.631979433928791e-07,1.0,5.631979433928791e-07,0.000912158633582294,0.0031942096538841724,0.008638259023427963,0.02097778581082821,0.04878424108028412,0.11421939730644226,0.32054489850997925,0.5,1.0,1.0
3,5580,25000,0.23507119715213776,0.3226434290409088,5.751583103119629e-07,1.0,5.751583103119629e-07,0.0009145632502622902,0.0031957465689629316,0.00866947416216135,0.020999832078814507,0.04895905405282974,0.11398283392190933,0.3219587802886963,0.5,1.0,1.0
3,5590,25000,0.23512612283229828,0.32262176275253296,4.5110809310244804e-07,1.0,4.5110809310244804e-07,0.0009041464072652161,0.0032127497252076864,0.00866401195526123,0.021039335057139397,0.048864737153053284,0.11395839601755142,0.3227555751800537,0.5,1.0,1.0
3,5600,25000,0.23497523367404938,0.322618693113327,5.145726618138724e-07,1.0,5.145726618138724e-07,0.0009101537871174514,0.003182887565344572,0.008611932396888733,0.02097703143954277,0.048856526613235474,0.11373271048069,0.32076525688171387,0.5,1.0,1.0
3,5610,25000,0.2350270301103592,0.322651207447052,6.288688609856763e-07,1.0,6.288688609856763e-07,0.0009111358667723835,0.0031944606453180313,0.008663894608616829,0.02094467356801033,0.04896807298064232,0.11388834565877914,0.32023942470550537,0.5,1.0,1.0
3,5620,25000,0.23505952954292297,0.3226080536842346,5.103029252495617e-07,1.0,5.103029252495617e-07,0.0009064319310709834,0.0032027740962803364,0.008654543198645115,0.020917436107993126,0.048997677862644196,0.11439567804336548,0.3220627009868622,0.5,1.0,1.0
3,5630,25000,0.23506461083889008,0.32263264060020447,5.568379037867999e-07,1.0,5.568379037867999e-07,0.0009031411027535796,0.0032010143622756004,0.00865562167018652,0.020988449454307556,0.04901110380887985,0.11400819569826126,0.32147884368896484,0.5,1.0,1.0
3,5640,25000,0.23505687713623047,0.32261937856674194,4.7531375457765535e-07,1.0,4.7531375457765535e-07,0.0009072532411664724,0.003183553460985422,0.008714801631867886,0.020995326340198517,0.04905274510383606,0.11382148414850235,0.3220314383506775,0.5,1.0,1.0
3,5650,25000,0.23499003052711487,0.32260647416114807,7.216946755761455e-07,1.0,7.216946755761455e-07,0.0009060488664545119,0.0031878093723207712,0.008701952174305916,0.020949753001332283,0.048807308077812195,0.11428102105855942,0.31975066661834717,0.5,1.0,1.0
3,5660,25000,0.23508210480213165,0.32261642813682556,6.025272227816458e-07,1.0,6.025272227816458e-07,0.0009082368924282491,0.00318315951153636,0.00864183809608221,0.020967891439795494,0.04882674664258957,0.11464548110961914,0.32098299264907837,0.5,1.0,1.0
3,5670,25000,0.23509404063224792,0.3226363956928253,5.602680630545365e-07,1.0,5.602680630545365e-07,0.00090367830125615,0.0032023333478718996,0.008665592409670353,0.021070284768939018,0.049018342047929764,0.11447414010763168,0.32050490379333496,0.5,1.0,1.0
3,5680,25000,0.23507888615131378,0.3226398229598999,5.341552764548396e-07,1.0,5.341552764548396e-07,0.0009071935201063752,0.00319428788498044,0.008704652078449726,0.021060951054096222,0.048803940415382385,0.1142013892531395,0.32159528136253357,0.5,1.0,1.0
3,5690,25000,0.2349964827299118,0.32258105278015137,5.599911787612655e-07,1.0,5.599911787612655e-07,0.0009084593039005995,0.0032035266049206257,0.008664279244840145,0.020948518067598343,0.04892119765281677,0.11383550614118576,0.3206775486469269,0.5,1.0,1.0
3,5700,25000,0.23500213027000427,0.3225674331188202,6.623317858611699e-07,1.0,6.623317858611699e-07,0.0009103395859710872,0.0031965707894414663,0.008654069155454636,0.020996611565351486,0.04888826236128807,0.11409702152013779,0.32021310925483704,0.5,1.0,1.0
3,5710,25000,0.23500758409500122,0.32254064083099365,5.212154974287841e-07,1.0,5.212154974287841e-07,0.0009072719840332866,0.003204548265784979,0.008636950515210629,0.020984146744012833,0.049032069742679596,0.11402910947799683,0.31962651014328003,0.5,1.0,1.0
3,5720,25000,0.23507314920425415,0.32256248593330383,6.674417818430811e-07,1.0,6.674417818430811e-07,0.0009089186205528677,0.0031994080636650324,0.008735688403248787,0.021051835268735886,0.04910162836313248,0.11401459574699402,0.32111677527427673,0.5,1.0,1.0
3,5730,25000,0.23503835499286652,0.3225902318954468,6.854331218164589e-07,1.0,6.854331218164589e-07,0.0009062179597094655,0.00319886882789433,0.00866564828902483,0.02104892209172249,0.04881823807954788,0.11462794989347458,0.3200271427631378,0.5,1.0,1.0
3,5740,25000,0.23497188091278076,0.3226204216480255,5.47607612588763e-07,1.0,5.47607612588763e-07,0.000910384114831686,0.0031901244074106216,0.008673248812556267,0.021027063950896263,0.04872491955757141,0.11405902355909348,0.3198341429233551,0.5,1.0,1.0
3,5750,25000,0.23499943315982819,0.32261794805526733,5.562442311202176e-07,1.0,5.562442311202176e-07,0.0009088167571462691,0.0031963603105396032,0.008706619031727314,0.02101907879114151,0.04892934486269951,0.11375211924314499,0.3207140862941742,0.5,1.0,1.0
3,5760,25000,0.23507802188396454,0.32265597581863403,4.7233550048986217e-07,1.0,4.7233550048986217e-07,0.0009058855939656496,0.003195661585777998,0.008639090694487095,0.02103201299905777,0.049073874950408936,0.11423040181398392,0.3208869397640228,0.5,1.0,1.0
3,5770,25000,0.23507289588451385,0.32265210151672363,5.722754394810181e-07,1.0,5.722754394810181e-07,0.0009057042188942432,0.003183712949976325,0.00868287030607462,0.02101120725274086,0.049099426716566086,0.11396709084510803,0.3199499547481537,0.5,1.0,1.0
3,5780,25000,0.23502780497074127,0.3226384222507477,6.037558364369033e-07,1.0,6.037558364369033e-07,0.0009055508999153972,0.0032034909818321466,0.00871073268353939,0.021039709448814392,0.04881788045167923,0.11414506286382675,0.3204266428947449,0.5,1.0,1.0
3,5790,25000,0.23503008484840393,0.32259801030158997,6.592117642867379e-07,1.0,6.592117642867379e-07,0.0009069456136785448,0.0031954944133758545,0.008668271824717522,0.02097805216908455,0.048826463520526886,0.11408112943172455,0.3207699954509735,0.5,1.0,1.0
3,5800,25000,0.2350185364484787,0.32262977957725525,6.78479977977986e-07,1.0,6.78479977977986e-07,0.0009100722381845117,0.0032107315491884947,0.008676969446241856,0.020920705050230026,0.04891591891646385,0.11376312375068665,0.3201894760131836,0.5,1.0,1.0
3,5810,25000,0.23504041135311127,0.3226264417171478,5.596393179985171e-07,1.0,5.596393179985171e-07,0.0009056300041265786,0.0031995042227208614,0.008648354560136795,0.020991181954741478,0.04910024255514145,0.11435692757368088,0.31975486874580383,0.5,1.0,1.0
3,5820,25000,0.23505179584026337,0.32261571288108826,4.859601290263527e-07,1.0,4.859601290263527e-07,0.0009051741217263043,0.003184803295880556,0.008647986687719822,0.020974673330783844,0.048993729054927826,0.11420713365077972,0.3206765949726105,0.5,1.0,1.0
3,5830,25000,0.2350490838289261,0.32261958718299866,5.237844789007795e-07,1.0,5.237844789007795e-07,0.0008995587704703212,0.003207045141607523,0.008702561259269714,0.021079985424876213,0.04890052229166031,0.11409634351730347,0.3218151926994324,0.5,1.0,1.0
3,5840,25000,0.23512041568756104,0.3226505219936371,4.937225526191469e-07,1.0,4.937225526191469e-07,0.0009068576036952436,0.0031934287399053574,0.008670540526509285,0.021047428250312805,0.04887443035840988,0.11427457630634308,0.3216995894908905,0.5,1.0,1.0
3,5850,25000,0.23502403497695923,0.32262876629829407,5.434672516457795e-07,1.0,5.434672516457795e-07,0.0009019306744448841,0.003183211199939251,0.00868227519094944,0.021006504073739052,0.04890032112598419,0.11388307809829712,0.3207734227180481,0.5,1.0,1.0
3,5860,25000,0.23501887917518616,0.32253608107566833,4.998381086807058e-07,1.0,4.998381086807058e-07,0.0009066186030395329,0.003192898351699114,0.008677332662045956,0.021167099475860596,0.04891279712319374,0.11393633484840393,0.32062503695487976,0.5,1.0,1.0
3,5870,25000,0.2351497858762741,0.3226584196090698,4.5796750214321946e-07,1.0,4.5796750214321946e-07,0.0009098252048715949,0.0031962073408067226,0.008682073093950748,0.021010009571909904,0.04890972748398781,0.11435297131538391,0.3220589756965637,0.5,1.0,1.0
3,5880,25000,0.23506279289722443,0.3226426839828491,4.581192456498684e-07,1.0,4.581192456498684e-07,0.000904856831766665,0.0031961083877831697,0.00864236056804657,0.02094702236354351,0.04889130964875221,0.11421208083629608,0.3209514915943146,0.5,1.0,1.0
3,5890,25000,0.23508471250534058,0.3226611614227295,5.235967250882823e-07,1.0,5.235967250882823e-07,0.0009096535504795611,0.003204128472134471,0.008669901639223099,0.021064868196845055,0.048985645174980164,0.11412415653467178,0.32065442204475403,0.5,1.0,1.0
3,5900,25000,0.23505304753780365,0.32270538806915283,5.200537884775258e-07,1.0,5.200537884775258e-07,0.0009100122842937708,0.003191223833709955,0.008644084446132183,0.020930903032422066,0.048957597464323044,0.11438872665166855,0.3206394910812378,0.5,1.0,1.0
3,5910,25000,0.23502162098884583,0.3226497769355774,4.959163675266609e-07,1.0,4.959163675266609e-07,0.0009056482231244445,0.003195075783878565,0.008661936037242413,0.021024562418460846,0.04902545362710953,0.113890141248703,0.32139334082603455,0.5,1.0,1.0
3,5920,25000,0.23510557413101196,0.3226371705532074,6.448803446801321e-07,1.0,6.448803446801321e-07,0.0009105210774578154,0.0032074302434921265,0.008689837530255318,0.021021544933319092,0.04891910403966904,0.11443865299224854,0.32113930583000183,0.5,1.0,1.0
3,5930,25000,0.2350698709487915,0.3226311206817627,5.417181228040135e-07,1.0,5.417181228040135e-07,0.0009031851077452302,0.003195335390046239,0.00867799948900938,0.020966043695807457,0.04882971942424774,0.1144276037812233,0.32152700424194336,0.5,1.0,1.0
3,5940,25000,0.23506955802440643,0.3226064443588257,5.70669328681106e-07,1.0,5.70669328681106e-07,0.0009043976315297186,0.003184333210811019,0.008658718317747116,0.020999792963266373,0.04897749796509743,0.11373377591371536,0.3217053711414337,0.5,1.0,1.0
3,5950,25000,0.2351328581571579,0.32261887192726135,7.180069019341317e-07,1.0,7.180069019341317e-07,0.000907079956959933,0.0031965053640305996,0.008726236410439014,0.02110455371439457,0.04907754808664322,0.11448708921670914,0.3207268714904785,0.5,1.0,1.0
3,5960,25000,0.23513901233673096,0.3226635456085205,5.246766363597999e-07,1.0,5.246766363597999e-07,0.000904339540284127,0.00320057081989944,0.008625698275864124,0.020997773855924606,0.04888658970594406,0.11406385898590088,0.32165098190307617,0.5,1.0,1.0
3,5970,25000,0.23499836027622223,0.32265934348106384,6.327082928692107e-07,1.0,6.327082928692107e-07,0.000907427107449621,0.0031773787923157215,0.00865779910236597,0.020992862060666084,0.04871741309762001,0.11390743404626846,0.3208637535572052,0.5,1.0,1.0
3,5980,25000,0.2350897341966629,0.32261621952056885,6.279099693529133e-07,1.0,6.279099693529133e-07,0.0009055290138348937,0.003187020542100072,0.008710064925253391,0.021003397181630135,0.048945747315883636,0.11416156589984894,0.32080504298210144,0.5,1.0,1.0
3,5990,25000,0.23505517840385437,0.32258492708206177,7.491417477467621e-07,1.0,7.491417477467621e-07,0.0009061970631591976,0.00318474811501801,0.00868038460612297,0.020936939865350723,0.048895593732595444,0.11473037302494049,0.3209409713745117,0.5,1.0,1.0
3,6000,25000,0.23504838347434998,0.3226168155670166,5.440251129584794e-07,1.0,5.440251129584794e-07,0.0009071025415323675,0.0031863772310316563,0.008660243824124336,0.020970972254872322,0.04908326268196106,0.1142125129699707,0.3210080564022064,0.5,1.0,1.0
3,6010,25000,0.23510317504405975,0.3226231336593628,4.4970485646445013e-07,1.0,4.4970485646445013e-07,0.0009050213266164064,0.0031963482033461332,0.008678876794874668,0.021103454753756523,0.04910052567720413,0.11423429101705551,0.32138609886169434,0.5,1.0,1.0
3,6020,25000,0.2351243942975998,0.3226586878299713,4.830071134165337e-07,1.0,4.830071134165337e-07,0.0009067395585589111,0.0031994949094951153,0.008675985969603062,0.0210915245115757,0.04892529547214508,0.11455749720335007,0.31951361894607544,0.5,1.0,1.0
3,6030,25000,0.23502083122730255,0.3226112425327301,4.185655768651486e-07,1.0,4.185655768651486e-07,0.0009059762232936919,0.0031930760014802217,0.008656873367726803,0.021056078374385834,0.04910140484571457,0.11422931402921677,0.3203197717666626,0.5,1.0,1.0
3,6040,25000,0.23508994281291962,0.3226011097431183,6.373965675265936e-07,1.0,6.373965675265936e-07,0.0009049506625160575,0.0032000618521124125,0.008700696751475334,0.021106859669089317,0.048877425491809845,0.11416871100664139,0.3203020691871643,0.5,1.0,1.0
3,6050,25000,0.2350778430700302,0.3226681649684906,5.100723114992434e-07,1.0,5.100723114992434e-07,0.0009041866869665682,0.0031705270521342754,0.00868274737149477,0.02099122293293476,0.04885253310203552,0.11432895064353943,0.32169485092163086,0.5,1.0,1.0
3,6060,25000,0.2351175844669342,0.32267147302627563,5.990257818666578e-07,1.0,5.990257818666578e-07,0.00090638711117208,0.0032011191360652447,0.008645032532513142,0.020992165431380272,0.04887790232896805,0.11420441418886185,0.3219941258430481,0.5,1.0,1.0
3,6070,25000,0.2350752055644989,0.32262706756591797,6.15578187534993e-07,1.0,6.15578187534993e-07,0.0009090875973924994,0.0031893933191895485,0.008648667484521866,0.02102876640856266,0.049002546817064285,0.11421353369951248,0.32100993394851685,0.5,1.0,1.0
3,6080,25000,0.23515020310878754,0.32261350750923157,5.86602311614115e-07,1.0,5.86602311614115e-07,0.0009093909175135195,0.003196722362190485,0.008659668266773224,0.02098710648715496,0.0488826259970665,0.11485107243061066,0.3212171792984009,0.5,1.0,1.0
3,6090,25000,0.2349821925163269,0.3226192593574524,5.489380328072002e-07,1.0,5.489380328072002e-07,0.0009091444662772119,0.003179506864398718,0.00865872111171484,0.02098364382982254,0.0489799827337265,0.11368481814861298,0.3206750452518463,0.5,1.0,1.0
3,6100,25000,0.2350713461637497,0.3226238489151001,4.61017691577581e-07,1.0,4.61017691577581e-07,0.0009081680327653885,0.00320259528234601,0.0086649926379323,0.02103418856859207,0.04896323382854462,0.11434539407491684,0.32093340158462524,0.5,1.0,1.0
3,6110,25000,0.2350270301103592,0.32258549332618713,6.048443879080878e-07,1.0,6.048443879080878e-07,0.0009031049557961524,0.0032050784211605787,0.008654415607452393,0.020941216498613358,0.04894178733229637,0.11420303583145142,0.3208392858505249,0.5,1.0,1.0
3,6120,25000,0.2349928915500641,0.32258370518684387,5.38004542249837e-07,1.0,5.38004542249837e-07,0.0009028120548464358,0.003189199371263385,0.008691316470503807,0.021048685535788536,0.04881171137094498,0.11407684534788132,0.31933894753456116,0.5,1.0,1.0
3,6130,25000,0.23504981398582458,0.32260212302207947,4.823826316169288e-07,1.0,4.823826316169288e-07,0.0009028702625073493,0.00319490022957325,0.00865852553397417,0.021014774218201637,0.04896431788802147,0.11453811079263687,0.3204648494720459,0.5,1.0,1.0
3,6140,25000,0.2350262701511383,0.3225504457950592,6.788280302316707e-07,1.0,6.788280302316707e-07,0.0009041402954608202,0.0032008939888328314,0.008669966831803322,0.021044274792075157,0.04885341599583626,0.1143440306186676,0.3207510709762573,0.5,1.0,1.0
3,6150,25000,0.2349419742822647,0.3225915729999542,5.367984385884483e-07,1.0,5.367984385884483e-07,0.0009058823343366385,0.0031845264602452517,0.008666270412504673,0.020949842408299446,0.048988960683345795,0.1139834076166153,0.32044070959091187,0.5,1.0,1.0
3,6160,25000,0.23495279252529144,0.3226305842399597,5.288271154313406e-07,1.0,5.288271154313406e-07,0.0009141313494183123,0.003197642043232918,0.008650599047541618,0.0209608543664217,0.048827603459358215,0.11368180811405182,0.319492906332016,0.5,1.0,1.0
3,6170,25000,0.23508517444133759,0.3225399851799011,4.75364117846766e-07,1.0,4.75364117846766e-07,0.0009088059305213392,0.0031832570675760508,0.008755316026508808,0.02101290039718151,0.048958905041217804,0.11424367874860764,0.3222903907299042,0.5,1.0,1.0
3,6180,25000,0.23505786061286926,0.32266587018966675,5.522927040146897e-07,1.0,5.522927040146897e-07,0.000905435997992754,0.0031862708274275064,0.00865698792040348,0.021031126379966736,0.04891076683998108,0.1141628623008728,0.32127833366394043,0.5,1.0,1.0
3,6190,25000,0.23500776290893555,0.3226087987422943,5.851655942024081e-07,1.0,5.851655942024081e-07,0.0009067395585589111,0.0031952664721757174,0.008662523701786995,0.020976459607481956,0.048806339502334595,0.11452818661928177,0.32004791498184204,0.5,1.0,1.0
3,6200,25000,0.23501843214035034,0.3225973844528198,4.231125103615341e-07,1.0,4.231125103615341e-07,0.000907219247892499,0.0031821466982364655,0.008660064078867435,0.02102370373904705,0.04890421777963638,0.1140834242105484,0.3201935887336731,0.5,1.0,1.0
3,6210,25000,0.23509962856769562,0.32264167070388794,5.609366553471773e-07,1.0,5.609366553471773e-07,0.0009058011346496642,0.0032001587096601725,0.008696925826370716,0.021011054515838623,0.049025192856788635,0.11398035287857056,0.32137131690979004,0.5,1.0,1.0
3,6220,25000,0.23500870168209076,0.32266008853912354,4.7222229682120087e-07,1.0,4.7222229682120087e-07,0.0009000047575682402,0.003202194580808282,0.008610744960606098,0.021019799634814262,0.04880690574645996,0.11366228759288788,0.3210618793964386,0.5,1.0,1.0
3,6230,25000,0.2350216954946518,0.32258957624435425,5.534549814001366e-07,1.0,5.534549814001366e-07,0.0009112482075579464,0.003202427178621292,0.008691198192536831,0.021026331931352615,0.04887181892991066,0.11403564363718033,0.3208617866039276,0.5,1.0,1.0
3,6240,25000,0.23509839177131653,0.3225541412830353,5.493059234140674e-07,1.0,5.493059234140674e-07,0.000906609115190804,0.0031856379937380552,0.008664189837872982,0.02100961282849312,0.04922039806842804,0.11437592655420303,0.32148170471191406,0.5,1.0,1.0
3,6250,25000,0.23509106040000916,0.3226703703403473,4.990637876289838e-07,1.0,4.990637876289838e-07,0.0009077045251615345,0.0031905598007142544,0.008638013154268265,0.020986227318644524,0.048849835991859436,0.11410558968782425,0.321353018283844,0.5,1.0,1.0
3,6260,25000,0.2350495308637619,0.32259947061538696,6.384265134329326e-07,1.0,6.384265134329326e-07,0.0009008846245706081,0.003205046523362398,0.008646722882986069,0.020866544917225838,0.048980213701725006,0.11413806676864624,0.32122424244880676,0.5,1.0,1.0
3,6270,25000,0.23501288890838623,0.32256460189819336,5.102979798721208e-07,1.0,5.102979798721208e-07,0.0009112192783504725,0.003192874137312174,0.008662309497594833,0.020970754325389862,0.04869025945663452,0.11420412361621857,0.3202180564403534,0.5,1.0,1.0
3,6280,25000,0.2350330650806427,0.3226318657398224,5.066430048827897e-07,1.0,5.066430048827897e-07,0.0009097772999666631,0.0031988935079425573,0.008660868741571903,0.021081890910863876,0.04879721999168396,0.11386474967002869,0.3198307156562805,0.5,1.0,1.0
3,6290,25000,0.23506374657154083,0.32261624932289124,4.5120242475604755e-07,1.0,4.5120242475604755e-07,0.0009097701986320317,0.003212244715541601,0.008632018230855465,0.020900361239910126,0.04882889986038208,0.1142028346657753,0.3215889036655426,0.5,1.0,1.0
3,6300,25000,0.23509788513183594,0.3226217031478882,6.5888582412299e-07,1.0,6.5888582412299e-07,0.0009011789225041866,0.0031985763926059008,0.00871381163597107,0.021004900336265564,0.04902183264493942,0.11436133831739426,0.32173848152160645,0.5,1.0,1.0
3,6310,25000,0.2349708378314972,0.32252317667007446,5.426272196018544e-07,1.0,5.426272196018544e-07,0.0009067094069905579,0.0031879213638603687,0.008691183291375637,0.02103426121175289,0.04903355985879898,0.11433310061693192,0.3197755813598633,0.5,1.0,1.0
3,6320,25000,0.2350885421037674,0.3226277232170105,5.518270427273819e-07,1.0,5.518270427273819e-07,0.0009062407771125436,0.0031957109458744526,0.008690410293638706,0.021043458953499794,0.048812881112098694,0.11423899978399277,0.3219936788082123,0.5,1.0,1.0
3,6330,25000,0.23503315448760986,0.3226063847541809,5.886266194465861e-07,1.0,5.886266194465861e-07,0.0009026940097101033,0.0031914750579744577,0.008676286786794662,0.021079523488879204,0.0488598495721817,0.11462041735649109,0.3201732933521271,0.5,1.0,1.0
3,6340,25000,0.23498739302158356,0.3225536644458771,4.789409331351635e-07,1.0,4.789409331351635e-07,0.0009092618129216135,0.0031861034221947193,0.00866969395428896,0.020978348329663277,0.04895278438925743,0.11389584839344025,0.31929531693458557,0.5,1.0,1.0
3,6350,25000,0.2350873500108719,0.3226258158683777,5.054477583144035e-07,1.0,5.054477583144035e-07,0.0009041287121362984,0.003187915775924921,0.008659849874675274,0.021028177812695503,0.04914616793394089,0.11432318389415741,0.32136252522468567,0.5,1.0,1.0
3,6360,25000,0.23508895933628082,0.3226073682308197,4.522726442246494e-07,1.0,4.522726442246494e-07,0.0009061946766451001,0.0031978266779333353,0.00865665078163147,0.021035460755228996,0.049013905227184296,0.1138264387845993,0.32044973969459534,0.5,1.0,1.0
3,6370,25000,0.23499633371829987,0.3226338326931,4.567681060052564e-07,1.0,4.567681060052564e-07,0.0009096659487113357,0.0031974439043551683,0.008668819442391396,0.02088877558708191,0.048899129033088684,0.1139012798666954,0.32159027457237244,0.5,1.0,1.0
3,6380,25000,0.23503929376602173,0.32260385155677795,5.466364427775261e-07,1.0,5.466364427775261e-07,0.000913335825316608,0.003215727861970663,0.008722145110368729,0.02100655622780323,0.048854850232601166,0.11436321586370468,0.31996721029281616,0.5,1.0,1.0
3,6390,25000,0.23507098853588104,0.32255858182907104,5.857569362888171e-07,1.0,5.857569362888171e-07,0.0009041415178216994,0.0032103979028761387,0.008672316558659077,0.021066896617412567,0.049069903790950775,0.11427420377731323,0.32054638862609863,0.5,1.0,1.0
3,6400,25000,0.23500411212444305,0.32260629534721375,5.449340392260638e-07,1.0,5.449340392260638e-07,0.0009103886550292373,0.00320238689891994,0.008689929731190205,0.02098212204873562,0.04889782518148422,0.11378370970487595,0.3211847245693207,0.5,1.0,1.0
3,6410,25000,0.2349795550107956,0.32260242104530334,5.183076723369595e-07,1.0,5.183076723369595e-07,0.0009040312725119293,0.003203523810952902,0.008672891184687614,0.02099151909351349,0.04884979501366615,0.11426883935928345,0.32081708312034607,0.5,1.0,1.0
3,6420,25000,0.23504145443439484,0.3225865960121155,5.493968160408258e-07,1.0,5.493968160408258e-07,0.0009075443376787007,0.00319879874587059,0.008686088025569916,0.020983058959245682,0.04906533658504486,0.11433956027030945,0.32145020365715027,0.5,1.0,1.0
3,6430,25000,0.2351073920726776,0.32260921597480774,6.500088147731731e-07,1.0,6.500088147731731e-07,0.0009070592350326478,0.003190265968441963,0.008672908879816532,0.021036962047219276,0.04903840273618698,0.11445613205432892,0.3211393356323242,0.5,1.0,1.0
3,6440,25000,0.23503689467906952,0.32260850071907043,5.557136546485708e-07,1.0,5.557136546485708e-07,0.0009094882989302278,0.0032003328669816256,0.008672565221786499,0.020998850464820862,0.0488484725356102,0.11401847004890442,0.32101958990097046,0.5,1.0,1.0
3,6450,25000,0.23504535853862762,0.32263532280921936,4.950176162310527e-07,1.0,4.950176162310527e-07,0.0009066038765013218,0.003208000212907791,0.008695680648088455,0.021040407940745354,0.04879182204604149,0.11420600116252899,0.31984493136405945,0.5,1.0,1.0
3,6460,25000,0.23505806922912598,0.32254156470298767,5.464381729325396e-07,1.0,5.464381729325396e-07,0.0009107381338253617,0.003193067153915763,0.008693963289260864,0.02106320485472679,0.04915613681077957,0.1144799068570137,0.3200187385082245,0.5,1.0,1.0
3,6470,25000,0.2351246327161789,0.3226713538169861,5.468388053486706e-07,1.0,5.468388053486706e-07,0.0009067193605005741,0.0032034411560744047,0.00864295195788145,0.02102743089199066,0.04892531782388687,0.11423219740390778,0.32032158970832825,0.5,1.0,1.0
3,6480,25000,0.23498734831809998,0.3225739598274231,5.882247933186591e-07,1.0,5.882247933186591e-07,0.0009122270275838673,0.0031762223225086927,0.008607577532529831,0.02103717066347599,0.04897598922252655,0.11445179581642151,0.3206157386302948,0.5,1.0,1.0
3,6490,25000,0.23509755730628967,0.322617769241333,5.912528990847932e-07,1.0,5.912528990847932e-07,0.0009040581644512713,0.003201583167538047,0.008685768581926823,0.021070992574095726,0.04897865280508995,0.11438111960887909,0.32180196046829224,0.5,1.0,1.0
3,6500,25000,0.23504070937633514,0.3226076364517212,4.915383442494203e-07,1.0,4.915383442494203e-07,0.0009062224999070168,0.003195537021383643,0.008744021877646446,0.02097274176776409,0.04879835247993469,0.11433562636375427,0.32174041867256165,0.5,1.0,1.0
3,6510,25000,0.2349759042263031,0.32254940271377563,4.671461510952213e-07,1.0,4.671461510952213e-07,0.0009071098174899817,0.0031774730887264013,0.00864726584404707,0.021001774817705154,0.04877576604485512,0.11411724984645844,0.319915235042572,0.5,1.0,1.0
3,6520,25000,0.2350778877735138,0.3226287066936493,4.993765969629749e-07,1.0,4.993765969629749e-07,0.000905244960449636,0.0031833455432206392,0.008685271255671978,0.021024372428655624,0.0489484965801239,0.11412552744150162,0.32157599925994873,0.5,1.0,1.0
3,6530,25000,0.2350427657365799,0.32257357239723206,6.666001013400091e-07,1.0,6.666001013400091e-07,0.0009058013674803078,0.003196023404598236,0.00867526140064001,0.020980237051844597,0.0489925742149353,0.11431320011615753,0.32147523760795593,0.5,1.0,1.0
3,6540,25000,0.2350625842809677,0.32264983654022217,5.411018833001435e-07,1.0,5.411018833001435e-07,0.0009046174818649888,0.003205998567864299,0.008720017969608307,0.020995929837226868,0.04891563951969147,0.11425980925559998,0.3198660612106323,0.5,1.0,1.0
3,6550,25000,0.23510457575321198,0.32261133193969727,6.699270329590945e-07,1.0,6.699270329590945e-07,0.0009080256568267941,0.0031806088518351316,0.00868646614253521,0.021028174087405205,0.04912460222840309,0.11422349512577057,0.3217986226081848,0.5,1.0,1.0
3,6560,25000,0.23509013652801514,0.3226481080055237,4.937753601552686e-07,1.0,4.937753601552686e-07,0.0009061589953489602,0.0032233993988484144,0.008638768456876278,0.02105451002717018,0.048950619995594025,0.11413606256246567,0.32233425974845886,0.5,1.0,1.0
3,6570,25000,0.23505739867687225,0.32252639532089233,5.754412200076331e-07,1.0,5.754412200076331e-07,0.0009059312869794667,0.0032006686087697744,0.008679116144776344,0.02104973793029785,0.04903119429945946,0.11428189277648926,0.3216632306575775,0.5,1.0,1.0
3,6580,25000,0.23503278195858002,0.32262933254241943,5.464773948915536e-07,1.0,5.464773948915536e-07,0.0009043304016813636,0.0032024262472987175,0.008661809377372265,0.020880842581391335,0.049014635384082794,0.11420068144798279,0.32098105549812317,0.5,1.0,1.0
3,6590,25000,0.23503513634204865,0.3225966989994049,5.32255739926768e-07,1.0,5.32255739926768e-07,0.000909342837985605,0.003193398006260395,0.0086982361972332,0.020971426740288734,0.048954859375953674,0.11419196426868439,0.3203881084918976,0.5,1.0,1.0
3,6600,25000,0.23498840630054474,0.322582870721817,6.164515866657894e-07,1.0,6.164515866657894e-07,0.0009053311077877879,0.003195158438757062,0.008645392023026943,0.021029794588685036,0.04908429831266403,0.11403724551200867,0.32058313488960266,0.5,1.0,1.0
3,6610,25000,0.2351173758506775,0.32262808084487915,4.7155566562651074e-07,1.0,4.7155566562651074e-07,0.0009128869278356433,0.0032104067504405975,0.008680734783411026,0.021029813215136528,0.0489707812666893,0.1146734282374382,0.32215002179145813,0.5,1.0,1.0
3,6620,25000,0.23507387936115265,0.3226386606693268,4.421969777013146e-07,1.0,4.421969777013146e-07,0.0009084698976948857,0.0031722914427518845,0.008709710091352463,0.02103547379374504,0.04904095083475113,0.11404480040073395,0.3220105767250061,0.5,1.0,1.0
3,6630,25000,0.23501676321029663,0.32256510853767395,4.1141277051792713e-07,1.0,4.1141277051792713e-07,0.0009079953306354582,0.0031858161091804504,0.008710617199540138,0.020998969674110413,0.048850737512111664,0.11424210667610168,0.32121744751930237,0.5,1.0,1.0
3,6640,25000,0.23502369225025177,0.322591632604599,5.614984956991975e-07,1.0,5.614984956991975e-07,0.0009026016923598945,0.0031828563660383224,0.008689390495419502,0.021032176911830902,0.04885837435722351,0.11417844146490097,0.3211993873119354,0.5,1.0,1.0
3,6650,25000,0.2350199669599533,0.32254329323768616,5.308384061208926e-07,1.0,5.308384061208926e-07,0.0009066702914424241,0.0031818703282624483,0.008681743405759335,0.0210418701171875,0.049138180911540985,0.1142464205622673,0.3208654522895813,0.5,1.0,1.0
3,6660,25000,0.23512421548366547,0.32262206077575684,4.885813496002811e-07,1.0,4.885813496002811e-07,0.0009063265169970691,0.0031939870677888393,0.008681387640535831,0.020992200821638107,0.04895467311143875,0.11431500315666199,0.32123643159866333,0.5,1.0,1.0
3,6670,25000,0.23504430055618286,0.3226102888584137,5.88769182741089e-07,1.0,5.88769182741089e-07,0.0009048858191817999,0.0031972688157111406,0.008667995221912861,0.02098570019006729,0.04886065423488617,0.11390575021505356,0.3207448720932007,0.5,1.0,1.0
3,6680,25000,0.2351370006799698,0.32264506816864014,5.471218855745974e-07,1.0,5.471218855745974e-07,0.0009064840851351619,0.003194808028638363,0.008640417829155922,0.02111256681382656,0.048988837748765945,0.11454181373119354,0.3218876123428345,0.5,1.0,1.0
3,6690,25000,0.23501445353031158,0.3226815164089203,4.852411166211823e-07,1.0,4.852411166211823e-07,0.0009091789252124727,0.0031984553206712008,0.008696292527019978,0.020938077941536903,0.048895660787820816,0.11364816874265671,0.3208588659763336,0.5,1.0,1.0
3,6700,25000,0.23508109152317047,0.32264265418052673,4.79824450394517e-07,1.0,4.79824450394517e-07,0.0009126371587626636,0.0032054949551820755,0.0086837662383914,0.02105581760406494,0.049057312309741974,0.1139199361205101,0.3202740252017975,0.5,1.0,1.0
3,6710,25000,0.23506444692611694,0.32256606221199036,5.192337084736209e-07,1.0,5.192337084736209e-07,0.0009064854239113629,0.003196388715878129,0.00866573303937912,0.02105405181646347,0.049043670296669006,0.11442597955465317,0.3212105929851532,0.5,1.0,1.0
3,6720,25000,0.23509708046913147,0.3226035237312317,5.859749308001483e-07,1.0,5.859749308001483e-07,0.0009151333943009377,0.0031812640372663736,0.008704678155481815,0.020997989922761917,0.04900922626256943,0.11445631086826324,0.3219035267829895,0.5,1.0,1.0
3,6730,25000,0.2350686937570572,0.3225720524787903,5.305086006046622e-07,1.0,5.305086006046622e-07,0.000906258006580174,0.0031786239705979824,0.008622168563306332,0.02103882096707821,0.04882871359586716,0.11411987990140915,0.3217751085758209,0.5,1.0,1.0
3,6740,25000,0.2350633293390274,0.32263556122779846,5.930572797296918e-07,1.0,5.930572797296918e-07,0.0009140763431787491,0.003195340745151043,0.008662796579301357,0.02098054438829422,0.048885636031627655,0.1142246276140213,0.3210776448249817,0.5,1.0,1.0
3,6750,25000,0.2350810170173645,0.32263147830963135,6.911866989867121e-07,1.0,6.911866989867121e-07,0.0009063601610250771,0.0032105660066008568,0.008688551373779774,0.021035421639680862,0.04882083833217621,0.11399205029010773,0.3210514485836029,0.5,1.0,1.0
3,6760,25000,0.23508645594120026,0.3226122260093689,6.705304826937208e-07,1.0,6.705304826937208e-07,0.0009085070341825485,0.0031951682176440954,0.008686131797730923,0.020943697541952133,0.04895101115107536,0.11435646563768387,0.3223990499973297,0.5,1.0,1.0
3,6770,25000,0.2350376546382904,0.322579026222229,6.748126111233432e-07,1.0,6.748126111233432e-07,0.0009063094621524215,0.0031963237561285496,0.008715621195733547,0.020994121208786964,0.049082864075899124,0.1142762079834938,0.32053741812705994,0.5,1.0,1.0
3,6780,25000,0.23513811826705933,0.3226984441280365,6.632327540501137e-07,1.0,6.632327540501137e-07,0.0009069324587471783,0.0032086067367345095,0.008673799224197865,0.021007535979151726,0.04885462298989296,0.11417020112276077,0.3219992518424988,0.5,1.0,1.0
3,6790,25000,0.23506398499011993,0.32263994216918945,4.5715131591350655e-07,1.0,4.5715131591350655e-07,0.0009085656492970884,0.0031924652867019176,0.008633960969746113,0.020991111174225807,0.04890362545847893,0.11443522572517395,0.3214097023010254,0.5,1.0,1.0
3,6800,25000,0.23506112396717072,0.32264289259910583,6.461099815169291e-07,1.0,6.461099815169291e-07,0.0009104607161134481,0.003210389753803611,0.008709566667675972,0.02103203535079956,0.0488891676068306,0.11413009464740753,0.32036930322647095,0.5,1.0,1.0
3,6810,25000,0.23501434922218323,0.3225800693035126,7.754704256512923e-07,1.0,7.754704256512923e-07,0.0009123735944740474,0.0031937395688146353,0.00864800252020359,0.020991692319512367,0.04893104359507561,0.11400183290243149,0.3210993707180023,0.5,1.0,1.0
3,6820,25000,0.23514065146446228,0.3226682245731354,5.734671049140161e-07,1.0,5.734671049140161e-07,0.0009054226684384048,0.0031935658771544695,0.008685111999511719,0.020947402343153954,0.04890468716621399,0.11389407515525818,0.321850448846817,0.5,1.0,1.0
3,6830,25000,0.2350396364927292,0.32262295484542847,4.197404450678732e-07,1.0,4.197404450678732e-07,0.0009079584851861,0.0032078693620860577,0.008666825480759144,0.021003974601626396,0.04899642616510391,0.11415235698223114,0.3216622769832611,0.5,1.0,1.0
3,6840,25000,0.23512978851795197,0.3225974440574646,6.9731328267153e-07,1.0,6.9731328267153e-07,0.0009042052552103996,0.0031842056196182966,0.008691595867276192,0.02100140042603016,0.04912982136011124,0.11428429186344147,0.32060056924819946,0.5,1.0,1.0
3,6850,25000,0.23501898348331451,0.3225902318954468,4.955995223099308e-07,1.0,4.955995223099308e-07,0.0009044521721079946,0.003202522173523903,0.008653604425489902,0.02093685418367386,0.049041204154491425,0.11412394046783447,0.32146087288856506,0.5,1.0,1.0
3,6860,25000,0.23508621752262115,0.3226619362831116,5.257028874439129e-07,1.0,5.257028874439129e-07,0.0009070227388292551,0.0031774735543876886,0.008668999187648296,0.02105526067316532,0.04911411181092262,0.11411857604980469,0.32111069560050964,0.5,1.0,1.0
3,6870,25000,0.23507820069789886,0.322603702545166,5.181756250749459e-07,1.0,5.181756250749459e-07,0.0009061282034963369,0.003195547265931964,0.008699523285031319,0.02105410024523735,0.04887375235557556,0.11402847617864609,0.3208611309528351,0.5,1.0,1.0
3,6880,25000,0.23510630428791046,0.3226507604122162,6.070862355045392e-07,1.0,6.070862355045392e-07,0.000909365713596344,0.003185404697433114,0.008650381118059158,0.021046139299869537,0.048781223595142365,0.11447098106145859,0.3211764097213745,0.5,1.0,1.0
3,6890,25000,0.23502567410469055,0.32262033224105835,5.555768893827917e-07,1.0,5.555768893827917e-07,0.0009065991616807878,0.0031786514446139336,0.008645455352962017,0.021048665046691895,0.04893568530678749,0.11398996412754059,0.3210359215736389,0.5,1.0,1.0
3,6900,25000,0.2350533902645111,0.322641521692276,5.658873192260216e-07,1.0,5.658873192260216e-07,0.0009082992328330874,0.0031959519255906343,0.008646790869534016,0.021015312522649765,0.04876960813999176,0.11405731737613678,0.32199230790138245,0.5,1.0,1.0
3,6910,25000,0.23500551283359528,0.32258129119873047,5.840929020450858e-07,1.0,5.840929020450858e-07,0.0009061717428267002,0.0032062612008303404,0.008659080602228642,0.020993007346987724,0.0490303710103035,0.11407426744699478,0.3213284909725189,0.5,1.0,1.0
3,6920,25000,0.23499096930027008,0.32262468338012695,5.077451987745008e-07,1.0,5.077451987745008e-07,0.0009046476916410029,0.0031859898008406162,0.008692830801010132,0.020988784730434418,0.04877486824989319,0.11401866376399994,0.32008177042007446,0.5,1.0,1.0
3,6930,25000,0.23500964045524597,0.32259589433670044,5.398661642175284e-07,1.0,5.398661642175284e-07,0.0009081625030376017,0.003181672189384699,0.00864861998707056,0.021005578339099884,0.049061864614486694,0.11457142978906631,0.320257306098938,0.5,1.0,1.0
3,6940,25000,0.23495380580425262,0.322598934173584,4.7664894964327686e-07,1.0,4.7664894964327686e-07,0.0009081528405658901,0.0032009247224777937,0.008676179684698582,0.021046916022896767,0.04881421849131584,0.11422298848628998,0.31906425952911377,0.5,1.0,1.0
3,6950,25000,0.23501083254814148,0.32257792353630066,4.1728969790710835e-07,1.0,4.1728969790710835e-07,0.0009140295442193747,0.0032003093510866165,0.008675247430801392,0.02102271281182766,0.0488203763961792,0.11418630182743073,0.3209093511104584,0.5,1.0,1.0
3,6960,25000,0.23509736359119415,0.32264071702957153,4.4385376440914115e-07,1.0,4.4385376440914115e-07,0.0009112412226386368,0.003191714407876134,0.008699551224708557,0.021040525287389755,0.04907896742224693,0.11467479169368744,0.3216606080532074,0.5,1.0,1.0
3,6970,25000,0.23509551584720612,0.3226349651813507,5.367793391997111e-07,1.0,5.367793391997111e-07,0.0009049093350768089,0.0031804207246750593,0.008664589375257492,0.02106289751827717,0.048895299434661865,0.11397411674261093,0.32163766026496887,0.5,1.0,1.0
3,6980,25000,0.23498718440532684,0.3226231336593628,4.6292350930343673e-07,1.0,4.6292350930343673e-07,0.0009048455976881087,0.003189154202118516,0.00869495514780283,0.02099677547812462,0.048872217535972595,0.11413663625717163,0.31992393732070923,0.5,1.0,1.0
3,6990,25000,0.23505499958992004,0.3226253092288971,5.51690618522116e-07,1.0,5.51690618522116e-07,0.0009058524155989289,0.0031906559597700834,0.008644233457744122,0.0209891926497221,0.04906177520751953,0.11411354690790176,0.32106873393058777,0.5,1.0,1.0
3,7000,25000,0.2350732535123825,0.32264721393585205,5.297691814121208e-07,1.0,5.297691814121208e-07,0.000897715101018548,0.0031922583002597094,0.008689132519066334,0.021031968295574188,0.0488763228058815,0.11398782581090927,0.32197025418281555,0.5,1.0,1.0
