step,epoch,n_refreshed,mean,std,min,max,q00,q10,q20,q30,q40,q50,q60,q70,q80,q90,q100
6,0,,0.5959400534629822,0.18795271217823029,0.5,1.0,0.5,0.5,0.5,0.5,0.5,0.5,0.5,0.5099999904632568,0.6200000047683716,1.0,1.0
6,10,25000,0.26162832975387573,0.36966589093208313,9.99999905104687e-09,1.0,9.99999905104687e-09,1.2939470252604224e-05,0.0001335468259640038,0.000773726380430162,0.0037988421972841024,0.017036525532603264,0.08202417194843292,0.5,0.5,1.0,1.0
6,20,25000,0.2615804076194763,0.3696697950363159,9.99999905104687e-09,1.0,9.99999905104687e-09,1.2860576134698931e-05,0.00013249690528027713,0.0007713537197560072,0.003779302816838026,0.017097540199756622,0.08187460154294968,0.5,0.5,1.0,1.0
6,30,25000,0.26162973046302795,0.3697032332420349,9.99999905104687e-09,1.0,9.99999905104687e-09,1.2972852346138097e-05,0.00013371737441048026,0.0007653941866010427,0.0037614942993968725,0.01711089350283146,0.08186681568622589,0.5,0.5,1.0,1.0
6,40,25000,0.2615949809551239,0.3697030246257782,9.99999905104687e-09,1.0,9.99999905104687e-09,1.2681148291449063e-05,0.00013146759010851383,0.0007662207935936749,0.00374125549569726,0.01696529984474182,0.08206740766763687,0.5,0.5,1.0,1.0
6,50,25000,0.2616744637489319,0.36976853013038635,9.99999905104687e-09,1.0,9.99999905104687e-09,1.2882139344583265e-05,0.0001316978014074266,0.0007791196694597602,0.0037620014045387506,0.017056409269571304,0.08221828192472458,0.5,0.5,1.0,1.0
6,60,25000,0.2617088556289673,0.36984783411026,9.99999905104687e-09,1.0,9.99999905104687e-09,1.2860017704952043e-05,0.0001320323208346963,0.0007739404099993408,0.0037390082143247128,0.0170142762362957,0.082060806453228,0.5,0.5,1.0,1.0
6,70,25000,0.2617431581020355,0.3699274957180023,9.99999905104687e-09,1.0,9.99999905104687e-09,1.283273013541475e-05,0.00013151695020496845,0.0007659445400349796,0.0037597345653921366,0.017163095995783806,0.08171423524618149,0.5,0.5,1.0,1.0
6,80,25000,0.2616918087005615,0.3699089586734772,9.99999905104687e-09,1.0,9.99999905104687e-09,1.2923562280775513e-05,0.00013154438056517392,0.0007721309666521847,0.0037792359944432974,0.017026346176862717,0.08173899352550507,0.5,0.5,1.0,1.0
6,90,25000,0.2617795765399933,0.369929701089859,9.99999905104687e-09,1.0,9.99999905104687e-09,1.2833070286433212e-05,0.00013162226241547614,0.0007760956650599837,0.0037720787804573774,0.01715885102748871,0.08240973949432373,0.5,0.5,1.0,1.0
6,100,25000,0.26175394654273987,0.36996471881866455,9.99999905104687e-09,1.0,9.99999905104687e-09,1.288961630052654e-05,0.00013157569628674537,0.0007714468520134687,0.0037614593748003244,0.017100827768445015,0.0819978415966034,0.5,0.5,1.0,1.0
6,110,25000,0.2617782950401306,0.3699902296066284,9.99999905104687e-09,1.0,9.99999905104687e-09,1.3020858204981778e-05,0.00013221627159509808,0.0007681309944018722,0.0037588656414300203,0.017062529921531677,0.08243216574192047,0.5,0.5,1.0,1.0
6,120,25000,0.2618052661418915,0.37008363008499146,9.99999905104687e-09,1.0,9.99999905104687e-09,1.2713656360574532e-05,0.00013154699990991503,0.0007696443353779614,0.003767190268263221,0.01711060293018818,0.08204248547554016,0.5,0.5,1.0,1.0
6,130,25000,0.2619296610355377,0.37010160088539124,9.99999905104687e-09,1.0,9.99999905104687e-09,1.2874914318672381e-05,0.00013122209929861128,0.0007750235963612795,0.0037592193111777306,0.017134297639131546,0.08226904273033142,0.5,0.5,1.0,1.0
6,140,25000,0.26181095838546753,0.37007343769073486,9.99999905104687e-09,1.0,9.99999905104687e-09,1.2723553481919225e-05,0.00013060914352536201,0.0007724179304204881,0.003772491356357932,0.01699235290288925,0.08238144218921661,0.5,0.5,1.0,1.0
6,150,25000,0.2618657946586609,0.37011560797691345,9.99999905104687e-09,1.0,9.99999905104687e-09,1.2797126146324445e-05,0.00013249643961898983,0.0007681841962039471,0.0037486585788428783,0.01713402196764946,0.08197612315416336,0.5,0.5,1.0,1.0
6,160,25000,0.2618638277053833,0.37018272280693054,9.99999905104687e-09,1.0,9.99999905104687e-09,1.2777884876413736e-05,0.0001320831070188433,0.0007737494306638837,0.0037994978483766317,0.017070960253477097,0.0820719301700592,0.5,0.5,1.0,1.0
6,170,25000,0.26190096139907837,0.37025749683380127,9.99999905104687e-09,1.0,9.99999905104687e-09,1.2810664884455036e-05,0.00013044700608588755,0.0007822673069313169,0.0037676652427762747,0.017019644379615784,0.08187079429626465,0.5,0.5,1.0,1.0
6,180,25000,0.2619539797306061,0.3702898323535919,9.99999905104687e-09,1.0,9.99999905104687e-09,1.2880830581707414e-05,0.00013155819033272564,0.0007728607743047178,0.0038036045152693987,0.017041532322764397,0.08235576748847961,0.5,0.5,1.0,1.0
6,190,25000,0.26208391785621643,0.37039053440093994,9.99999905104687e-09,1.0,9.99999905104687e-09,1.2964917004865129e-05,0.00013209284225013107,0.000772880797740072,0.003782820887863636,0.01714109070599079,0.08258925378322601,0.5,0.5,1.0,1.0
6,200,25000,0.26216378808021545,0.3705306649208069,9.99999905104687e-09,1.0,9.99999905104687e-09,1.2786398656317033e-05,0.00013159694208297879,0.0007668897742405534,0.0037557552568614483,0.017056258395314217,0.0820082351565361,0.5,0.5,1.0,1.0
6,210,25000,0.26234063506126404,0.37069618701934814,9.99999905104687e-09,1.0,9.99999905104687e-09,1.2889147001260426e-05,0.00013110385043546557,0.0007789763039909303,0.003761829575523734,0.017048712819814682,0.0824144184589386,0.5,0.5,1.0,1.0
6,220,25000,0.26229995489120483,0.3708968460559845,9.99999905104687e-09,1.0,9.99999905104687e-09,1.2836410860472824e-05,0.00013138429494574666,0.0007701683207415044,0.00378144602291286,0.017032157629728317,0.0814284235239029,0.5,0.5,1.0,1.0
6,230,25000,0.26250967383384705,0.3709690570831299,9.99999905104687e-09,1.0,9.99999905104687e-09,1.2844789125665557e-05,0.00013203630805946887,0.0007719725253991783,0.003780725644901395,0.016981564462184906,0.08196157962083817,0.5,0.5,1.0,1.0
6,240,25000,0.2626115083694458,0.3710460960865021,9.99999905104687e-09,1.0,9.99999905104687e-09,1.2863768461102154e-05,0.00013193026825319976,0.0007771908422000706,0.0037912356201559305,0.01711786724627018,0.08186757564544678,0.5,0.5,1.0,1.0
6,250,25000,0.2625705897808075,0.3710828423500061,9.99999905104687e-09,1.0,9.99999905104687e-09,1.2788001185981557e-05,0.00013212957128416747,0.0007709083729423583,0.0037680412642657757,0.017070993781089783,0.08217187225818634,0.5,0.5,1.0,1.0
6,260,25000,0.2624737620353699,0.3710007071495056,9.99999905104687e-09,1.0,9.99999905104687e-09,1.2933986909047235e-05,0.00013204505376052111,0.0007722743903286755,0.0037680540699511766,0.017067551612854004,0.08202007412910461,0.5,0.5,1.0,1.0
6,270,25000,0.26251083612442017,0.3709912896156311,9.99999905104687e-09,1.0,9.99999905104687e-09,1.2912219972349703e-05,0.0001306118501815945,0.0007747719064354897,0.00374393817037344,0.017039787024259567,0.08185751736164093,0.5,0.5,1.0,1.0
6,280,25000,0.26251205801963806,0.37102434039115906,9.99999905104687e-09,1.0,9.99999905104687e-09,1.289718238695059e-05,0.00013116380432620645,0.0007690826314501464,0.0037667909637093544,0.017111077904701233,0.08225135505199432,0.5,0.5,1.0,1.0
6,290,25000,0.26246964931488037,0.370964378118515,9.99999905104687e-09,1.0,9.99999905104687e-09,1.2872720617451705e-05,0.00013140650116838515,0.0007712878868915141,0.003749100025743246,0.017137307673692703,0.08218211680650711,0.5,0.5,1.0,1.0
6,300,25000,0.26245203614234924,0.37090152502059937,9.99999905104687e-09,1.0,9.99999905104687e-09,1.2772555237461347e-05,0.00013124993711244315,0.0007675178931094706,0.003742121858522296,0.016982849687337875,0.08235637098550797,0.5,0.5,1.0,1.0
6,310,25000,0.2623882591724396,0.37089642882347107,9.99999905104687e-09,1.0,9.99999905104687e-09,1.279198841075413e-05,0.00013099893112666905,0.0007714235107414424,0.0037547016981989145,0.01701728068292141,0.08227493613958359,0.5,0.5,1.0,1.0
6,320,25000,0.2624194920063019,0.37091052532196045,9.99999905104687e-09,1.0,9.99999905104687e-09,1.2908682037959807e-05,0.0001315879198955372,0.000764103140681982,0.003765998873859644,0.01710882969200611,0.08185979723930359,0.5,0.5,1.0,1.0
6,330,25000,0.2624172270298004,0.37092259526252747,9.99999905104687e-09,1.0,9.99999905104687e-09,1.2743755178235006e-05,0.0001319930306635797,0.0007674188236705959,0.003740878775715828,0.01712566800415516,0.08203125,0.5,0.5,1.0,1.0
6,340,25000,0.26239436864852905,0.370922714471817,9.99999905104687e-09,1.0,9.99999905104687e-09,1.2911395970149897e-05,0.00013161041715648025,0.0007724275928921998,0.0037944393698126078,0.017099566757678986,0.08191275596618652,0.5,0.5,1.0,1.0
6,350,25000,0.2623922526836395,0.37094178795814514,9.99999905104687e-09,1.0,9.99999905104687e-09,1.284755580854835e-05,0.00013232071069069207,0.0007726828916929662,0.0037613045424222946,0.016989607363939285,0.08243943750858307,0.5,0.5,1.0,1.0
6,360,25000,0.2624727189540863,0.3709065318107605,9.99999905104687e-09,1.0,9.99999905104687e-09,1.2905211406177841e-05,0.00013157362991478294,0.0007723003509454429,0.0037327429745346308,0.017058031633496284,0.08207151293754578,0.5,0.5,1.0,1.0
6,370,25000,0.2624533474445343,0.3709149658679962,9.99999905104687e-09,1.0,9.99999905104687e-09,1.2875271750090178e-05,0.0001326889469055459,0.0007767775095999241,0.0037521261256188154,0.01708926260471344,0.08199658989906311,0.5,0.5,1.0,1.0
6,380,25000,0.26249024271965027,0.3709716200828552,9.99999905104687e-09,1.0,9.99999905104687e-09,1.2872460501966998e-05,0.00013146421406418085,0.0007694048690609634,0.0037755551747977734,0.017104610800743103,0.08201047778129578,0.5,0.5,1.0,1.0
6,390,25000,0.2624833285808563,0.3709757328033447,9.99999905104687e-09,1.0,9.99999905104687e-09,1.2819121366192121e-05,0.00013307490735314786,0.000770853366702795,0.003741262014955282,0.01713443547487259,0.08168678730726242,0.5,0.5,1.0,1.0
6,400,25000,0.26241162419319153,0.37098661065101624,9.99999905104687e-09,1.0,9.99999905104687e-09,1.2823928955185693e-05,0.0001318610884482041,0.0007740276632830501,0.003738255938515067,0.017045320942997932,0.08169709891080856,0.5,0.5,1.0,1.0
6,410,25000,0.26253336668014526,0.37099409103393555,9.99999905104687e-09,1.0,9.99999905104687e-09,1.289107785851229e-05,0.00012987850641366094,0.000768657773733139,0.0037615937180817127,0.01704242452979088,0.08278951793909073,0.5,0.5,1.0,1.0
6,420,25000,0.26245540380477905,0.3709917962551117,9.99999905104687e-09,1.0,9.99999905104687e-09,1.27009179777815e-05,0.00013267375470604748,0.0007681872230023146,0.003768392140045762,0.01717526465654373,0.08232716470956802,0.5,0.5,1.0,1.0
6,430,25000,0.26243844628334045,0.3709849715232849,9.99999905104687e-09,1.0,9.99999905104687e-09,1.2871249964518938e-05,0.00013083995145279914,0.0007776917773298919,0.003761331085115671,0.017067566514015198,0.08186228573322296,0.5,0.5,1.0,1.0
6,440,25000,0.2624847888946533,0.370989054441452,9.99999905104687e-09,1.0,9.99999905104687e-09,1.286685983359348e-05,0.00013181161193642765,0.0007744504255242646,0.0037712163757532835,0.017033487558364868,0.0816958025097847,0.5,0.5,1.0,1.0
6,450,25000,0.26248177886009216,0.3710262179374695,9.99999905104687e-09,1.0,9.99999905104687e-09,1.2949853044119664e-05,0.00013142400712240487,0.0007755948463454843,0.00374071323312819,0.0172387957572937,0.08173543959856033,0.5,0.5,1.0,1.0
6,460,25000,0.2624831199645996,0.3710276186466217,9.99999905104687e-09,1.0,9.99999905104687e-09,1.284304653381696e-05,0.00013302046863827854,0.00076628930401057,0.0037333290092647076,0.017003174871206284,0.08193542063236237,0.5,0.5,1.0,1.0
6,470,25000,0.2625134289264679,0.37102946639060974,9.99999905104687e-09,1.0,9.99999905104687e-09,1.2909896213386673e-05,0.00013128880527801812,0.0007632668130099773,0.0037536725867539644,0.017134439200162888,0.08198735862970352,0.5,0.5,1.0,1.0
6,480,25000,0.26251211762428284,0.37103623151779175,9.99999905104687e-09,1.0,9.99999905104687e-09,1.291246462642448e-05,0.00013063562801107764,0.0007702849106863141,0.0037573096342384815,0.0170491524040699,0.08156424015760422,0.5,0.5,1.0,1.0
6,490,25000,0.2624681293964386,0.3710547089576721,9.99999905104687e-09,1.0,9.99999905104687e-09,1.2849687664129306e-05,0.00013108296843711287,0.0007731845253147185,0.0037482690531760454,0.017075199633836746,0.08159901946783066,0.5,0.5,1.0,1.0
6,500,25000,0.2625950574874878,0.37105587124824524,9.99999905104687e-09,1.0,9.99999905104687e-09,1.2936598977830727e-05,0.00013241966371424496,0.0007717412081547081,0.0037547617685049772,0.017087234184145927,0.08240097761154175,0.5,0.5,1.0,1.0
6,510,25000,0.26248201727867126,0.3710784912109375,9.99999905104687e-09,1.0,9.99999905104687e-09,1.2840977433370426e-05,0.00013147159188520163,0.0007666783640161157,0.003721150103956461,0.017032604664564133,0.08152922242879868,0.5,0.5,1.0,1.0
6,520,25000,0.2624916136264801,0.37110385298728943,9.99999905104687e-09,1.0,9.99999905104687e-09,1.2877657354692928e-05,0.00013195873179938644,0.0007661570562049747,0.0037334710359573364,0.017033066600561142,0.08175984025001526,0.5,0.5,1.0,1.0
6,530,25000,0.2626098692417145,0.3711479902267456,9.99999905104687e-09,1.0,9.99999905104687e-09,1.290256386710098e-05,0.00013098516501486301,0.0007640628609806299,0.003765649860724807,0.017172887921333313,0.08210908621549606,0.5,0.5,1.0,1.0
6,540,25000,0.2625468671321869,0.37115511298179626,9.99999905104687e-09,1.0,9.99999905104687e-09,1.2753710507240612e-05,0.0001330666709691286,0.0007737975683994591,0.003749304683879018,0.01709369197487831,0.08188139647245407,0.5,0.5,1.0,1.0
6,550,25000,0.2625715732574463,0.37117061018943787,9.99999905104687e-09,1.0,9.99999905104687e-09,1.2955251804669388e-05,0.00013111090811435133,0.0007769846706651151,0.003760458203032613,0.017067335546016693,0.08168592303991318,0.5,0.5,1.0,1.0
6,560,25000,0.2626233696937561,0.3711443841457367,9.99999905104687e-09,1.0,9.99999905104687e-09,1.2960745152668096e-05,0.00013178857625462115,0.0007671582279726863,0.003762568812817335,0.01695229858160019,0.08211406320333481,0.5,0.5,1.0,1.0
6,570,25000,0.26256710290908813,0.3711257576942444,9.99999905104687e-09,1.0,9.99999905104687e-09,1.2886966942460276e-05,0.00013045684318058193,0.0007757603889331222,0.0037675732746720314,0.017051421105861664,0.08233342319726944,0.5,0.5,1.0,1.0
6,580,25000,0.26254963874816895,0.3711265027523041,9.99999905104687e-09,1.0,9.99999905104687e-09,1.2834480912715662e-05,0.00013264142035041004,0.0007695539388805628,0.003745972877368331,0.016968008130788803,0.08185544610023499,0.5,0.5,1.0,1.0
6,590,25000,0.26266539096832275,0.37114712595939636,9.99999905104687e-09,1.0,9.99999905104687e-09,1.278690979233943e-05,0.00013376641436479986,0.0007752637611702085,0.0037780317943543196,0.017074208706617355,0.08233348280191422,0.5,0.5,1.0,1.0
6,600,25000,0.2625860869884491,0.3711366653442383,9.99999905104687e-09,1.0,9.99999905104687e-09,1.2783590136677958e-05,0.000131372464238666,0.0007670784834772348,0.0037613119930028915,0.017097536474466324,0.08214295655488968,0.5,0.5,1.0,1.0
6,610,25000,0.26258644461631775,0.3711325228214264,9.99999905104687e-09,1.0,9.99999905104687e-09,1.2812947716156486e-05,0.0001334240223513916,0.000769736070651561,0.0037386624608188868,0.016955312341451645,0.082067109644413,0.5,0.5,1.0,1.0
6,620,25000,0.2626529932022095,0.3711385130882263,9.99999905104687e-09,1.0,9.99999905104687e-09,1.2684858120337594e-05,0.00013161935203243047,0.000774578598793596,0.003768019611015916,0.017069263383746147,0.08218982815742493,0.5,0.5,1.0,1.0
6,630,25000,0.26260218024253845,0.37116846442222595,9.99999905104687e-09,1.0,9.99999905104687e-09,1.2671919648710173e-05,0.0001315810513915494,0.0007705535390414298,0.0037537829484790564,0.016974996775388718,0.08221064507961273,0.5,0.5,1.0,1.0
6,640,25000,0.2626255452632904,0.37113916873931885,9.99999905104687e-09,1.0,9.99999905104687e-09,1.2832621905545238e-05,0.000130900923977606,0.000767492747399956,0.00375198433175683,0.016958728432655334,0.08223313838243484,0.5,0.5,1.0,1.0
6,650,25000,0.2626132667064667,0.3711882531642914,9.99999905104687e-09,1.0,9.99999905104687e-09,1.2737181350530591e-05,0.00013091413711663336,0.0007715947576798499,0.0037520057521760464,0.01707213744521141,0.08206861466169357,0.5,0.5,1.0,1.0
6,660,25000,0.2625496983528137,0.3711412847042084,9.99999905104687e-09,1.0,9.99999905104687e-09,1.2942831745021977e-05,0.00013157421199139208,0.0007683461881242692,0.0037388375494629145,0.016986986622214317,0.08209093660116196,0.5,0.5,1.0,1.0
6,670,25000,0.26256734132766724,0.3711709678173065,9.99999905104687e-09,1.0,9.99999905104687e-09,1.2731773495033849e-05,0.00013213987404014915,0.0007577584474347532,0.0037530953995883465,0.017075277864933014,0.08175980299711227,0.5,0.5,1.0,1.0
6,680,25000,0.26265278458595276,0.3711995482444763,9.99999905104687e-09,1.0,9.99999905104687e-09,1.2842375326727051e-05,0.00013215838407631963,0.0007703106966800988,0.003762732492759824,0.017201576381921768,0.0823545977473259,0.5,0.5,1.0,1.0
6,690,25000,0.26256367564201355,0.3711791932582855,9.99999905104687e-09,1.0,9.99999905104687e-09,1.2884620446129702e-05,0.00013303753803484142,0.0007669717888347805,0.0037335779052227736,0.017022497951984406,0.08157305419445038,0.5,0.5,1.0,1.0
6,700,25000,0.26256415247917175,0.37118324637413025,9.99999905104687e-09,1.0,9.99999905104687e-09,1.2767251064360607e-05,0.00013203178241383284,0.0007690696511417627,0.003740540239959955,0.017072800546884537,0.08198551088571548,0.5,0.5,1.0,1.0
6,710,25000,0.2625970244407654,0.37114647030830383,9.99999905104687e-09,1.0,9.99999905104687e-09,1.2763175618601963e-05,0.00013131341256666929,0.0007667462923564017,0.0037609143182635307,0.017036687582731247,0.08229786157608032,0.5,0.5,1.0,1.0
6,720,25000,0.2626025676727295,0.37115558981895447,9.99999905104687e-09,1.0,9.99999905104687e-09,1.288780549657531e-05,0.00013182857946958393,0.0007655928493477404,0.003788353642448783,0.017090264707803726,0.08159291744232178,0.5,0.5,1.0,1.0
6,730,25000,0.26264938712120056,0.3712065815925598,9.99999905104687e-09,1.0,9.99999905104687e-09,1.2935784070577938e-05,0.00013198735541664064,0.0007750072400085628,0.0037581888027489185,0.016999302431941032,0.08213592320680618,0.5,0.5,1.0,1.0
6,740,25000,0.2626148462295532,0.3711995780467987,9.99999905104687e-09,1.0,9.99999905104687e-09,1.290281034016516e-05,0.00013265528832562268,0.000766682205721736,0.003750346601009369,0.016988065093755722,0.08258344978094101,0.5,0.5,1.0,1.0
6,750,25000,0.2625439167022705,0.3711720407009125,9.99999905104687e-09,1.0,9.99999905104687e-09,1.2824273653677665e-05,0.0001318869472015649,0.0007682059658691287,0.0037287683226168156,0.01712401770055294,0.08145368099212646,0.5,0.5,1.0,1.0
6,760,25000,0.26261767745018005,0.3711916208267212,9.99999905104687e-09,1.0,9.99999905104687e-09,1.2881117072538473e-05,0.00013230270997155458,0.000766994955483824,0.003798887599259615,0.01706962287425995,0.08189216256141663,0.5,0.5,1.0,1.0
6,770,25000,0.26269829273223877,0.3711974620819092,9.99999905104687e-09,1.0,9.99999905104687e-09,1.2832114407501649e-05,0.00013230655167717487,0.0007685991586185992,0.003790171816945076,0.017228148877620697,0.08221930265426636,0.5,0.5,1.0,1.0
6,780,25000,0.2626030445098877,0.37120020389556885,9.99999905104687e-09,1.0,9.99999905104687e-09,1.304059878748376e-05,0.0001325892226304859,0.0007726758485659957,0.003742862492799759,0.01697475276887417,0.08236311376094818,0.5,0.5,1.0,1.0
6,790,25000,0.2626480758190155,0.37118807435035706,9.99999905104687e-09,1.0,9.99999905104687e-09,1.2844418051827233e-05,0.00013111515727359802,0.0007709826459176838,0.003795008175075054,0.017115522176027298,0.08225449174642563,0.5,0.5,1.0,1.0
6,800,25000,0.2625678777694702,0.37122786045074463,9.99999905104687e-09,1.0,9.99999905104687e-09,1.2916928426420782e-05,0.00013065514212939888,0.0007666666642762721,0.0037660994566977024,0.01709924265742302,0.08174309134483337,0.5,0.5,1.0,1.0
6,810,25000,0.26264917850494385,0.37121254205703735,9.99999905104687e-09,1.0,9.99999905104687e-09,1.2882369446742814e-05,0.00013224277063272893,0.0007669363985769451,0.0037253452464938164,0.01707201451063156,0.08214299380779266,0.5,0.5,1.0,1.0
6,820,25000,0.2626550495624542,0.37121284008026123,9.99999905104687e-09,1.0,9.99999905104687e-09,1.2942769899382256e-05,0.00013174004561733454,0.0007727338233962655,0.003774216864258051,0.017182569950819016,0.08203674852848053,0.5,0.5,1.0,1.0
6,830,25000,0.26262450218200684,0.3711841404438019,9.99999905104687e-09,1.0,9.99999905104687e-09,1.2815510672226083e-05,0.00013173829938750714,0.000770546670537442,0.0037546195089817047,0.0170891173183918,0.08241500705480576,0.5,0.5,1.0,1.0
6,840,25000,0.2626487612724304,0.37122562527656555,9.99999905104687e-09,1.0,9.99999905104687e-09,1.2965026144229341e-05,0.00013207574374973774,0.000772818922996521,0.003791997442021966,0.017172694206237793,0.08206868171691895,0.5,0.5,1.0,1.0
6,850,25000,0.2626853287220001,0.371259480714798,9.99999905104687e-09,1.0,9.99999905104687e-09,1.292336037295172e-05,0.0001317555143032223,0.0007656964589841664,0.0037634859327226877,0.017073698341846466,0.08178180456161499,0.5,0.5,1.0,1.0
6,860,25000,0.2627350389957428,0.3712235987186432,9.99999905104687e-09,1.0,9.99999905104687e-09,1.2841327588830609e-05,0.00013255613157525659,0.000776341650635004,0.0037781873252242804,0.017235951498150826,0.08261571824550629,0.5,0.5,1.0,1.0
6,870,25000,0.26264646649360657,0.37122151255607605,9.99999905104687e-09,1.0,9.99999905104687e-09,1.2724995940516237e-05,0.00013153294275980443,0.0007713878294453025,0.003769039176404476,0.017029445618391037,0.08215708285570145,0.5,0.5,1.0,1.0
6,880,25000,0.2626183331012726,0.3712342381477356,9.99999905104687e-09,1.0,9.99999905104687e-09,1.2914884791825898e-05,0.0001317829155595973,0.0007661287672817707,0.0037467924412339926,0.017042236402630806,0.08180347830057144,0.5,0.5,1.0,1.0
6,890,25000,0.26266568899154663,0.37125369906425476,9.99999905104687e-09,1.0,9.99999905104687e-09,1.2949026313435752e-05,0.0001309067156398669,0.0007692783256061375,0.0037280567921698093,0.01725584641098976,0.08166777342557907,0.5,0.5,1.0,1.0
6,900,25000,0.26266729831695557,0.3712298274040222,9.99999905104687e-09,1.0,9.99999905104687e-09,1.2883714589406736e-05,0.00013226023293100297,0.000768301950301975,0.003719436004757881,0.016927896067500114,0.08240785449743271,0.5,0.5,1.0,1.0
6,910,25000,0.26265764236450195,0.3711960017681122,9.99999905104687e-09,1.0,9.99999905104687e-09,1.2918274478579406e-05,0.0001319064904237166,0.0007687063771300018,0.0037759055849164724,0.017046518623828888,0.08225631713867188,0.5,0.5,1.0,1.0
6,920,25000,0.2626793384552002,0.37126415967941284,9.99999905104687e-09,1.0,9.99999905104687e-09,1.2947683899255935e-05,0.00013116882473696023,0.0007739854045212269,0.0037516572047024965,0.017032474279403687,0.08202052861452103,0.5,0.5,1.0,1.0
6,930,25000,0.262615829706192,0.3712604343891144,9.99999905104687e-09,1.0,9.99999905104687e-09,1.285155212826794e-05,0.00013152984320186079,0.0007695421227253973,0.0037414762191474438,0.016931157559156418,0.08151186257600784,0.5,0.5,1.0,1.0
6,940,25000,0.26260486245155334,0.37122058868408203,9.99999905104687e-09,1.0,9.99999905104687e-09,1.2795124348485842e-05,0.00013041749480180442,0.0007689742487855256,0.0037817712873220444,0.017180785536766052,0.08208473026752472,0.5,0.5,1.0,1.0
6,950,25000,0.2626480162143707,0.3712230920791626,9.99999905104687e-09,1.0,9.99999905104687e-09,1.2860276001447346e-05,0.00013166549615561962,0.0007711459184065461,0.0037560537457466125,0.017081882804632187,0.08178918808698654,0.5,0.5,1.0,1.0
6,960,25000,0.2626667320728302,0.37120020389556885,9.99999905104687e-09,1.0,9.99999905104687e-09,1.266409526579082e-05,0.0001334460248472169,0.0007742876769043505,0.0037722340784966946,0.017134681344032288,0.08243896067142487,0.5,0.5,1.0,1.0
6,970,25000,0.2626177668571472,0.37124931812286377,9.99999905104687e-09,1.0,9.99999905104687e-09,1.2849988706875592e-05,0.0001318101421929896,0.0007704310119152069,0.0037561245262622833,0.01709859073162079,0.08169029653072357,0.5,0.5,1.0,1.0
6,980,25000,0.262669175863266,0.37122663855552673,9.99999905104687e-09,1.0,9.99999905104687e-09,1.2816143680538516e-05,0.00013096439943183213,0.0007673840154893696,0.0037754476070404053,0.017032328993082047,0.0819254145026207,0.5,0.5,1.0,1.0
6,990,25000,0.2626413404941559,0.37122058868408203,9.99999905104687e-09,1.0,9.99999905104687e-09,1.2917554158775602e-05,0.00013136833149474114,0.0007657722453586757,0.0037744708824902773,0.017148172482848167,0.08181386440992355,0.5,0.5,1.0,1.0
6,1000,25000,0.2626872658729553,0.37121695280075073,9.99999905104687e-09,1.0,9.99999905104687e-09,1.2828045328205917e-05,0.00013073108857497573,0.0007654848741367459,0.0037642004899680614,0.0170595683157444,0.08235272020101547,0.5,0.5,1.0,1.0
6,1010,25000,0.26265132427215576,0.37122660875320435,9.99999905104687e-09,1.0,9.99999905104687e-09,1.2838524526159745e-05,0.00013069109991192818,0.0007752946112304926,0.0037604542449116707,0.017080403864383698,0.08240858465433121,0.5,0.5,1.0,1.0
6,1020,25000,0.26265186071395874,0.371231347322464,9.99999905104687e-09,1.0,9.99999905104687e-09,1.2796878763765562e-05,0.00013143189426045865,0.0007726071635261178,0.0037662782706320286,0.017001032829284668,0.08184658735990524,0.5,0.5,1.0,1.0
6,1030,25000,0.26275381445884705,0.37125298380851746,9.99999905104687e-09,1.0,9.99999905104687e-09,1.2938774489157367e-05,0.00013274044613353908,0.0007673886721022427,0.0037487822119146585,0.017054326832294464,0.08245531469583511,0.5,0.5,1.0,1.0
6,1040,25000,0.26271677017211914,0.37128713726997375,9.99999905104687e-09,1.0,9.99999905104687e-09,1.2844819138990715e-05,0.00013228051830083132,0.0007714761886745691,0.003771265270188451,0.01710914447903633,0.08207987248897552,0.5,0.5,1.0,1.0
6,1050,25000,0.2627370059490204,0.3712384104728699,9.99999905104687e-09,1.0,9.99999905104687e-09,1.2810269254259765e-05,0.00013237477105576545,0.0007680957205593586,0.0037626803386956453,0.01700451597571373,0.08221982419490814,0.5,0.5,1.0,1.0
6,1060,25000,0.2626822292804718,0.37130194902420044,9.99999905104687e-09,1.0,9.99999905104687e-09,1.2843614058510866e-05,0.00013078706979285926,0.0007723332964815199,0.00377083383500576,0.017070762813091278,0.08152558654546738,0.5,0.5,1.0,1.0
6,1070,25000,0.26264119148254395,0.3712416887283325,9.99999905104687e-09,1.0,9.99999905104687e-09,1.2889362551504746e-05,0.00013260834384709597,0.0007761629531159997,0.003748503979295492,0.01702575571835041,0.08198441565036774,0.5,0.5,1.0,1.0
6,1080,25000,0.26266321539878845,0.3712660074234009,9.99999905104687e-09,1.0,9.99999905104687e-09,1.274517308047507e-05,0.0001310102961724624,0.000766448793001473,0.0037257608491927385,0.017130739986896515,0.08140121400356293,0.5,0.5,1.0,1.0
6,1090,25000,0.26266753673553467,0.3712789714336395,9.99999905104687e-09,1.0,9.99999905104687e-09,1.3045552805124316e-05,0.00013207961455918849,0.0007706232136115432,0.003742051078006625,0.017043057829141617,0.08226283639669418,0.5,0.5,1.0,1.0
6,1100,25000,0.262754887342453,0.3712500035762787,9.99999905104687e-09,1.0,9.99999905104687e-09,1.2775502000295091e-05,0.0001321369200013578,0.0007723688031546772,0.0037466632202267647,0.01711498573422432,0.08174148201942444,0.5,0.5,1.0,1.0
6,1110,25000,0.262705534696579,0.37133073806762695,9.99999905104687e-09,1.0,9.99999905104687e-09,1.2867633813584689e-05,0.00013169710291549563,0.0007718532579019666,0.0037402547895908356,0.01707836613059044,0.08182002604007721,0.5,0.5,1.0,1.0
6,1120,25000,0.2626481354236603,0.37124449014663696,9.99999905104687e-09,1.0,9.99999905104687e-09,1.2818812137993518e-05,0.00013261890853755176,0.0007716967957094312,0.0037659902591258287,0.017075059935450554,0.08251054584980011,0.5,0.5,1.0,1.0
6,1130,25000,0.2627566456794739,0.3713129758834839,9.99999905104687e-09,1.0,9.99999905104687e-09,1.2925049304612912e-05,0.00013192486949265003,0.0007651684572920203,0.003783829277381301,0.017096851021051407,0.08202272653579712,0.5,0.5,1.0,1.0
6,1140,25000,0.2627066373825073,0.37122371792793274,9.99999905104687e-09,1.0,9.99999905104687e-09,1.2852454347012099e-05,0.00013197957014199346,0.0007707069162279367,0.0037894975394010544,0.017091449350118637,0.08218585699796677,0.5,0.5,1.0,1.0
6,1150,25000,0.2625933885574341,0.37124574184417725,9.99999905104687e-09,1.0,9.99999905104687e-09,1.2947876712132711e-05,0.0001322274620179087,0.0007603156846016645,0.0037397986743599176,0.016957644373178482,0.08167700469493866,0.5,0.5,1.0,1.0
6,1160,25000,0.2626882791519165,0.3712768256664276,9.99999905104687e-09,1.0,9.99999905104687e-09,1.3001427760173101e-05,0.00013240530097391456,0.0007773064426146448,0.0037826080806553364,0.01714015007019043,0.08185567706823349,0.5,0.5,1.0,1.0
6,1170,25000,0.2626185119152069,0.371268093585968,9.99999905104687e-09,1.0,9.99999905104687e-09,1.2922701898787636e-05,0.0001312879758188501,0.0007746879127807915,0.0037279287353157997,0.017115406692028046,0.08207657933235168,0.5,0.5,1.0,1.0
6,1180,25000,0.26269376277923584,0.3712785542011261,9.99999905104687e-09,1.0,9.99999905104687e-09,1.2885925571026746e-05,0.00013113711611367762,0.000765250704716891,0.0037381951697170734,0.017075493931770325,0.08161970227956772,0.5,0.5,1.0,1.0
6,1190,25000,0.26266777515411377,0.3712426424026489,9.99999905104687e-09,1.0,9.99999905104687e-09,1.2930253433296457e-05,0.0001315711415372789,0.000772175204474479,0.0037366459146142006,0.017051205039024353,0.08205881714820862,0.5,0.5,1.0,1.0
6,1200,25000,0.26270729303359985,0.3712356984615326,9.99999905104687e-09,1.0,9.99999905104687e-09,1.2740000784106087e-05,0.00012886570766568184,0.0007632023189216852,0.0037399386055767536,0.017064925283193588,0.08246973156929016,0.5,0.5,1.0,1.0
6,1210,25000,0.26275280117988586,0.3713112771511078,9.99999905104687e-09,1.0,9.99999905104687e-09,1.2738285477098543e-05,0.00013119945651851594,0.0007682472933083773,0.0037693337071686983,0.017134837806224823,0.08220022916793823,0.5,0.5,1.0,1.0
6,1220,25000,0.2627221941947937,0.37131303548812866,9.99999905104687e-09,1.0,9.99999905104687e-09,1.2759650417137891e-05,0.00013184196723159403,0.0007653175271116197,0.0037369192577898502,0.016943613067269325,0.08178704231977463,0.5,0.5,1.0,1.0
6,1230,25000,0.2626412510871887,0.371290922164917,9.99999905104687e-09,1.0,9.99999905104687e-09,1.2949990377819631e-05,0.0001319020811934024,0.0007654163055121899,0.003772619878873229,0.01709691621363163,0.0818825513124466,0.5,0.5,1.0,1.0
6,1240,25000,0.2626895010471344,0.3713149428367615,9.99999905104687e-09,1.0,9.99999905104687e-09,1.2791689186997246e-05,0.0001302663586102426,0.0007674238295294344,0.003741242690011859,0.01714986190199852,0.08200956135988235,0.5,0.5,1.0,1.0
6,1250,25000,0.26277920603752136,0.3713110089302063,9.99999905104687e-09,1.0,9.99999905104687e-09,1.2952887118444778e-05,0.00013233516074251384,0.0007688249461352825,0.0037601874209940434,0.01714617758989334,0.08186139166355133,0.5,0.5,1.0,1.0
6,1260,25000,0.26259201765060425,0.3712654411792755,9.99999905104687e-09,1.0,9.99999905104687e-09,1.2954213161719963e-05,0.00013122305972501636,0.0007710322388447821,0.0037459135055541992,0.017018470913171768,0.08176568150520325,0.5,0.5,1.0,1.0
6,1270,25000,0.26258379220962524,0.37122488021850586,9.99999905104687e-09,1.0,9.99999905104687e-09,1.2877880180894863e-05,0.00013179921370465308,0.000769713893532753,0.003778927493840456,0.01712590828537941,0.08130813390016556,0.5,0.5,1.0,1.0
6,1280,25000,0.2627105414867401,0.3712868094444275,9.99999905104687e-09,1.0,9.99999905104687e-09,1.2870465070591308e-05,0.00013039031182415783,0.0007720152498222888,0.0037665548734366894,0.017083637416362762,0.08214612305164337,0.5,0.5,1.0,1.0
6,1290,25000,0.2626665234565735,0.37130022048950195,9.99999905104687e-09,1.0,9.99999905104687e-09,1.286915266973665e-05,0.00013170653255656362,0.0007624920690432191,0.003744751214981079,0.017119871452450752,0.08207244426012039,0.5,0.5,1.0,1.0
6,1300,25000,0.2626585364341736,0.37126556038856506,9.99999905104687e-09,1.0,9.99999905104687e-09,1.291145872528432e-05,0.00013212524936534464,0.0007770194788463414,0.003776121884584427,0.017124738544225693,0.08193102478981018,0.5,0.5,1.0,1.0
6,1310,25000,0.26269587874412537,0.3712896704673767,9.99999905104687e-09,1.0,9.99999905104687e-09,1.285234702663729e-05,0.00013137501082383096,0.0007658028625883162,0.0037782920990139246,0.017037849873304367,0.08216623961925507,0.5,0.5,1.0,1.0
6,1320,25000,0.26270225644111633,0.3713178336620331,9.99999905104687e-09,1.0,9.99999905104687e-09,1.2836096175306011e-05,0.0001305322366533801,0.0007716594263911247,0.0037492085248231888,0.017061803489923477,0.08173767477273941,0.5,0.5,1.0,1.0
6,1330,25000,0.2626683712005615,0.3712751269340515,9.99999905104687e-09,1.0,9.99999905104687e-09,1.2942605280841235e-05,0.00013195846986491233,0.000775958935264498,0.003791185561567545,0.01704740710556507,0.08220110833644867,0.5,0.5,1.0,1.0
6,1340,25000,0.2626418173313141,0.3712720274925232,9.99999905104687e-09,1.0,9.99999905104687e-09,1.2774985407304484e-05,0.00013162175309844315,0.0007731076912023127,0.0037625026889145374,0.01713295839726925,0.08156176656484604,0.5,0.5,1.0,1.0
6,1350,25000,0.2626691460609436,0.3713228404521942,9.99999905104687e-09,1.0,9.99999905104687e-09,1.2926055205753073e-05,0.00013232804485596716,0.0007719046552665532,0.0037711388431489468,0.017102524638175964,0.08169855922460556,0.5,0.5,1.0,1.0
6,1360,25000,0.26270589232444763,0.3712794780731201,9.99999905104687e-09,1.0,9.99999905104687e-09,1.3022461644141003e-05,0.0001314503897447139,0.0007673003128729761,0.0037336007226258516,0.01703409105539322,0.08231803774833679,0.5,0.5,1.0,1.0
6,1370,25000,0.2627013325691223,0.37127870321273804,9.99999905104687e-09,1.0,9.99999905104687e-09,1.2997021258343011e-05,0.00013329794455785304,0.0007702066213823855,0.003770005889236927,0.017068829387426376,0.08164839446544647,0.5,0.5,1.0,1.0
6,1380,25000,0.2626796364784241,0.37129801511764526,9.99999905104687e-09,1.0,9.99999905104687e-09,1.2810533917217981e-05,0.00013062306970823556,0.0007703579030930996,0.0037574537564069033,0.017035629600286484,0.08208050578832626,0.5,0.5,1.0,1.0
6,1390,25000,0.26272204518318176,0.3712950646877289,9.99999905104687e-09,1.0,9.99999905104687e-09,1.2777594747603871e-05,0.00013120258518029004,0.0007722589070908725,0.0037520502228289843,0.01719021424651146,0.08237691223621368,0.5,0.5,1.0,1.0
6,1400,25000,0.26274797320365906,0.37133434414863586,9.99999905104687e-09,1.0,9.99999905104687e-09,1.2910338227811735e-05,0.00013265435700304806,0.0007737325504422188,0.003764174645766616,0.01704305037856102,0.08192896097898483,0.5,0.5,1.0,1.0
6,1410,25000,0.2626877427101135,0.3712656795978546,9.99999905104687e-09,1.0,9.99999905104687e-09,1.2853894986619707e-05,0.00013228267198428512,0.0007737510022707283,0.0037427530623972416,0.01707138493657112,0.08149365335702896,0.5,0.5,1.0,1.0
6,1420,25000,0.26263824105262756,0.3712882399559021,9.99999905104687e-09,1.0,9.99999905104687e-09,1.2848777259932831e-05,0.00013159296941012144,0.0007729643257334828,0.003767578862607479,0.017023932188749313,0.08188659697771072,0.5,0.5,1.0,1.0
6,1430,25000,0.2627051770687103,0.3713187277317047,9.99999905104687e-09,1.0,9.99999905104687e-09,1.2789993888873141e-05,0.0001322517346125096,0.0007687844918109477,0.0037355839740484953,0.01692882925271988,0.0822320282459259,0.5,0.5,1.0,1.0
6,1440,25000,0.2626625597476959,0.3712991178035736,9.99999905104687e-09,1.0,9.99999905104687e-09,1.2890055586467497e-05,0.000131151668028906,0.0007711692014709115,0.0037517675664275885,0.01694183424115181,0.08200860023498535,0.5,0.5,1.0,1.0
6,1450,25000,0.2626681625843048,0.3713083565235138,9.99999905104687e-09,1.0,9.99999905104687e-09,1.2845472156186588e-05,0.00013233459321781993,0.0007683379226364195,0.0037613145541399717,0.017043594270944595,0.08195549249649048,0.5,0.5,1.0,1.0
6,1460,25000,0.2627171277999878,0.37132930755615234,9.99999905104687e-09,1.0,9.99999905104687e-09,1.2769760360242799e-05,0.00013260243576951325,0.0007665078155696392,0.0037642475217580795,0.01698591560125351,0.08243956416845322,0.5,0.5,1.0,1.0
6,1470,25000,0.26269564032554626,0.37131574749946594,9.99999905104687e-09,1.0,9.99999905104687e-09,1.277926639886573e-05,0.00013210343604441732,0.0007712841033935547,0.0037728073075413704,0.017058346420526505,0.08122659474611282,0.5,0.5,1.0,1.0
6,1480,25000,0.26273077726364136,0.37134090065956116,9.99999905104687e-09,1.0,9.99999905104687e-09,1.2847442121710628e-05,0.0001311470114160329,0.0007776934653520584,0.0037584181409329176,0.017018381506204605,0.08231882005929947,0.5,0.5,1.0,1.0
6,1490,25000,0.2627682685852051,0.371322900056839,9.99999905104687e-09,1.0,9.99999905104687e-09,1.2920901099278126e-05,0.0001316134730586782,0.0007683068979531527,0.0037452855613082647,0.01719915121793747,0.08196033537387848,0.5,0.5,1.0,1.0
6,1500,25000,0.26279833912849426,0.3713420331478119,9.99999905104687e-09,1.0,9.99999905104687e-09,1.2830595551349688e-05,0.00013203236449044198,0.0007725087343715131,0.003731959266588092,0.017111126333475113,0.08170152455568314,0.5,0.5,1.0,1.0
6,1510,25000,0.2627236247062683,0.3712766766548157,9.99999905104687e-09,1.0,9.99999905104687e-09,1.2884223906439729e-05,0.0001321423624176532,0.000781748560257256,0.003778214566409588,0.01702071912586689,0.08190953731536865,0.5,0.5,1.0,1.0
6,1520,25000,0.26277321577072144,0.37136903405189514,9.99999905104687e-09,1.0,9.99999905104687e-09,1.292222714255331e-05,0.00013256077363621444,0.0007713338127359748,0.003762379288673401,0.017031945288181305,0.0819600448012352,0.5,0.5,1.0,1.0
6,1530,25000,0.26263701915740967,0.37129154801368713,9.99999905104687e-09,1.0,9.99999905104687e-09,1.2771533874911256e-05,0.0001318758586421609,0.000769286707509309,0.003774426644667983,0.017101630568504333,0.0816735103726387,0.5,0.5,1.0,1.0
6,1540,25000,0.26277807354927063,0.3713080585002899,9.99999905104687e-09,1.0,9.99999905104687e-09,1.3047669199295342e-05,0.0001312985405093059,0.0007751613738946617,0.0037704675924032927,0.01705927774310112,0.08241787552833557,0.5,0.5,1.0,1.0
6,1550,25000,0.2627418637275696,0.37132251262664795,9.99999905104687e-09,1.0,9.99999905104687e-09,1.2729115951515269e-05,0.00013156456407159567,0.0007779233856126666,0.0037587881088256836,0.01719299703836441,0.08227408677339554,0.5,0.5,1.0,1.0
6,1560,25000,0.26279616355895996,0.3713512420654297,9.99999905104687e-09,1.0,9.99999905104687e-09,1.2645107744901907e-05,0.0001321713498327881,0.0007725376053713262,0.0037791160866618156,0.01707131788134575,0.08175292611122131,0.5,0.5,1.0,1.0
6,1570,25000,0.26275181770324707,0.37130776047706604,9.99999905104687e-09,1.0,9.99999905104687e-09,1.3013988791499287e-05,0.0001324538025073707,0.0007671331986784935,0.003744519781321287,0.017006654292345047,0.0821426659822464,0.5,0.5,1.0,1.0
6,1580,25000,0.2627508342266083,0.3713427186012268,9.99999905104687e-09,1.0,9.99999905104687e-09,1.2844020602642559e-05,0.00013105770631227642,0.0007776981219649315,0.0037596283946186304,0.017051106318831444,0.08281644433736801,0.5,0.5,1.0,1.0
6,1590,25000,0.26264795660972595,0.3713054656982422,9.99999905104687e-09,1.0,9.99999905104687e-09,1.2814704859920312e-05,0.00013149029109627008,0.0007689798949286342,0.0037568777333945036,0.017139457166194916,0.08129379898309708,0.5,0.5,1.0,1.0
6,1600,25000,0.2626793384552002,0.3713521361351013,9.99999905104687e-09,1.0,9.99999905104687e-09,1.2898337445221841e-05,0.00013128647697158158,0.0007662450661882758,0.003732633776962757,0.017078034579753876,0.08117568492889404,0.5,0.5,1.0,1.0
6,1610,25000,0.2628055810928345,0.37132611870765686,9.99999905104687e-09,1.0,9.99999905104687e-09,1.2684324246947654e-05,0.00013156281784176826,0.0007704638410359621,0.003730586264282465,0.01719331182539463,0.08186166733503342,0.5,0.5,1.0,1.0
6,1620,25000,0.26271042227745056,0.3713807463645935,9.99999905104687e-09,1.0,9.99999905104687e-09,1.271306518901838e-05,0.00013228983152657747,0.0007673844811506569,0.0037503442727029324,0.016934016719460487,0.08226674795150757,0.5,0.5,1.0,1.0
6,1630,25000,0.2627614438533783,0.3713207542896271,9.99999905104687e-09,1.0,9.99999905104687e-09,1.2837062968173996e-05,0.0001309909566771239,0.0007741748122498393,0.0037690536119043827,0.017167050391435623,0.08194126188755035,0.5,0.5,1.0,1.0
6,1640,25000,0.26274818181991577,0.3713556230068207,9.99999905104687e-09,1.0,9.99999905104687e-09,1.291807166126091e-05,0.00013255658268462867,0.0007727850461378694,0.0037891394458711147,0.017097104340791702,0.08232393860816956,0.5,0.5,1.0,1.0
6,1650,25000,0.26279473304748535,0.3713223338127136,9.99999905104687e-09,1.0,9.99999905104687e-09,1.289532519876957e-05,0.00013152847532182932,0.000767083780374378,0.0037593599408864975,0.01716177724301815,0.08206532150506973,0.5,0.5,1.0,1.0
6,1660,25000,0.2627366781234741,0.3713289499282837,9.99999905104687e-09,1.0,9.99999905104687e-09,1.2897501619590912e-05,0.00013123074313625693,0.0007757996208965778,0.003744702320545912,0.017144352197647095,0.0814375951886177,0.5,0.5,1.0,1.0
6,1670,25000,0.26272156834602356,0.3713220953941345,9.99999905104687e-09,1.0,9.99999905104687e-09,1.2886903277831152e-05,0.00013257951650302857,0.0007741631125099957,0.0037524248473346233,0.017082454636693,0.0821724385023117,0.5,0.5,1.0,1.0
6,1680,25000,0.2626355290412903,0.3713088929653168,9.99999905104687e-09,1.0,9.99999905104687e-09,1.2966896065336186e-05,0.0001310209190705791,0.0007705068564973772,0.003744540736079216,0.017012258991599083,0.08176911622285843,0.5,0.5,1.0,1.0
6,1690,25000,0.26273441314697266,0.37131986021995544,9.99999905104687e-09,1.0,9.99999905104687e-09,1.2816234630008694e-05,0.00013249501353129745,0.0007774723926559091,0.0037720275577157736,0.017038952559232712,0.0818089097738266,0.5,0.5,1.0,1.0
6,1700,25000,0.2626396119594574,0.3713451027870178,9.99999905104687e-09,1.0,9.99999905104687e-09,1.2808857718482614e-05,0.00013179355300962925,0.0007721367292106152,0.0037454369012266397,0.01705916039645672,0.08144426345825195,0.5,0.5,1.0,1.0
6,1710,25000,0.26274973154067993,0.3713119626045227,9.99999905104687e-09,1.0,9.99999905104687e-09,1.2813525245292112e-05,0.00013162914547137916,0.0007678730762563646,0.0037898290902376175,0.01695890724658966,0.08174264430999756,0.5,0.5,1.0,1.0
6,1720,25000,0.26272493600845337,0.3713080883026123,9.99999905104687e-09,1.0,9.99999905104687e-09,1.2994882126804441e-05,0.0001321732997894287,0.0007619448588229716,0.0037871685344725847,0.01706399768590927,0.08199813961982727,0.5,0.5,1.0,1.0
6,1730,25000,0.26266908645629883,0.37128782272338867,9.99999905104687e-09,1.0,9.99999905104687e-09,1.2825033081753645e-05,0.00013067209511063993,0.0007770608062855899,0.0037268544547259808,0.01697899028658867,0.08170437067747116,0.5,0.5,1.0,1.0
6,1740,25000,0.2626844346523285,0.37129342555999756,9.99999905104687e-09,1.0,9.99999905104687e-09,1.2746385436912533e-05,0.0001327991485595703,0.0007769034709781408,0.0037521340418606997,0.017035119235515594,0.08211549371480942,0.5,0.5,1.0,1.0
6,1750,25000,0.2627267837524414,0.3712918162345886,9.99999905104687e-09,1.0,9.99999905104687e-09,1.2735299605992623e-05,0.00013150453742127866,0.0007765793707221746,0.0037649194709956646,0.01720229536294937,0.08256934583187103,0.5,0.5,1.0,1.0
6,1760,25000,0.26270031929016113,0.37133312225341797,9.99999905104687e-09,1.0,9.99999905104687e-09,1.2693882126768585e-05,0.00013059274351689965,0.0007636041264049709,0.0037608754355460405,0.017200864851474762,0.08165942877531052,0.5,0.5,1.0,1.0
6,1770,25000,0.26278120279312134,0.3713192641735077,9.99999905104687e-09,1.0,9.99999905104687e-09,1.2911338671983685e-05,0.0001310973020736128,0.0007696512620896101,0.0037545599043369293,0.017139770090579987,0.08251287788152695,0.5,0.5,1.0,1.0
6,1780,25000,0.26282501220703125,0.371346652507782,9.99999905104687e-09,1.0,9.99999905104687e-09,1.2873950254288502e-05,0.00013110082363709807,0.0007697122055105865,0.003750226693227887,0.017255790531635284,0.0820741057395935,0.5,0.5,1.0,1.0
6,1790,25000,0.2627131938934326,0.3713662326335907,9.99999905104687e-09,1.0,9.99999905104687e-09,1.279390744457487e-05,0.00013262002903502434,0.0007726796320639551,0.0037518918979912996,0.017009377479553223,0.08130429685115814,0.5,0.5,1.0,1.0
6,1800,25000,0.2627420425415039,0.37133726477622986,9.99999905104687e-09,1.0,9.99999905104687e-09,1.2722777682938613e-05,0.00013078282063361257,0.0007685386226512492,0.003751511685550213,0.01685241609811783,0.08188211917877197,0.5,0.5,1.0,1.0
6,1810,25000,0.262717068195343,0.37133777141571045,9.99999905104687e-09,1.0,9.99999905104687e-09,1.2831036656280048e-05,0.00013073223817627877,0.0007668600883334875,0.003749388037249446,0.0171384047716856,0.0819040909409523,0.5,0.5,1.0,1.0
6,1820,25000,0.26277101039886475,0.37133437395095825,9.99999905104687e-09,1.0,9.99999905104687e-09,1.2809011423087213e-05,0.00013081984070595354,0.0007658659596927464,0.0037529405672103167,0.017095722258090973,0.08228334784507751,0.5,0.5,1.0,1.0
6,1830,25000,0.2627159357070923,0.37132009863853455,9.99999905104687e-09,1.0,9.99999905104687e-09,1.2927842362842057e-05,0.00013132361345924437,0.0007682277355343103,0.0037788054905831814,0.016957171261310577,0.08232196420431137,0.5,0.5,1.0,1.0
6,1840,25000,0.2627513110637665,0.3712916374206543,9.99999905104687e-09,1.0,9.99999905104687e-09,1.295099536946509e-05,0.00013073519221507013,0.0007729259668849409,0.003781065111979842,0.017117276787757874,0.08279858529567719,0.5,0.5,1.0,1.0
6,1850,25000,0.26265889406204224,0.3713536858558655,9.99999905104687e-09,1.0,9.99999905104687e-09,1.2903073184133973e-05,0.00013284666056279093,0.0007719155983068049,0.0037546486128121614,0.017048805952072144,0.08186231553554535,0.5,0.5,1.0,1.0
6,1860,25000,0.26272621750831604,0.3712608814239502,9.99999905104687e-09,1.0,9.99999905104687e-09,1.283879919355968e-05,0.00013232701166998595,0.000774000771343708,0.003749800380319357,0.017086073756217957,0.08220647275447845,0.5,0.5,1.0,1.0
6,1870,25000,0.26274392008781433,0.37136444449424744,9.99999905104687e-09,1.0,9.99999905104687e-09,1.281977256439859e-05,0.0001303878816543147,0.0007655422668904066,0.003750123083591461,0.017001137137413025,0.08186362683773041,0.5,0.5,1.0,1.0
6,1880,25000,0.2627851366996765,0.3713217079639435,9.99999905104687e-09,1.0,9.99999905104687e-09,1.285952930629719e-05,0.00013249495532363653,0.0007704102899879217,0.003761562053114176,0.017087630927562714,0.08189015835523605,0.5,0.5,1.0,1.0
6,1890,25000,0.2627750337123871,0.3713201880455017,9.99999905104687e-09,1.0,9.99999905104687e-09,1.2925678674946539e-05,0.0001320130395470187,0.0007754054386168718,0.003776456229388714,0.017104167491197586,0.0819278433918953,0.5,0.5,1.0,1.0
6,1900,25000,0.26274508237838745,0.37131425738334656,9.99999905104687e-09,1.0,9.99999905104687e-09,1.2758080629282631e-05,0.00013259412662591785,0.0007704395684413612,0.0037597150076180696,0.01711084693670273,0.08219867199659348,0.5,0.5,1.0,1.0
6,1910,25000,0.2627163529396057,0.37132951617240906,9.99999905104687e-09,1.0,9.99999905104687e-09,1.2784144018951338e-05,0.00013214262435212731,0.0007693669176660478,0.003768261754885316,0.01708466000854969,0.08140411227941513,0.5,0.5,1.0,1.0
6,1920,25000,0.2628450393676758,0.37134039402008057,9.99999905104687e-09,1.0,9.99999905104687e-09,1.2911246813018806e-05,0.00013321398000698537,0.0007713453378528357,0.00375906890258193,0.01711280643939972,0.08240211755037308,0.5,0.5,1.0,1.0
6,1930,25000,0.26270100474357605,0.37137022614479065,9.99999905104687e-09,1.0,9.99999905104687e-09,1.2976339348824695e-05,0.0001313428656430915,0.0007687733741477132,0.0037639711517840624,0.017088811844587326,0.08158495277166367,0.5,0.5,1.0,1.0
6,1940,25000,0.26264896988868713,0.37128138542175293,9.99999905104687e-09,1.0,9.99999905104687e-09,1.289673582505202e-05,0.00013122300151735544,0.0007702924194745719,0.003743348876014352,0.0170527845621109,0.08177429437637329,0.5,0.5,1.0,1.0
6,1950,25000,0.2627449333667755,0.3713240325450897,9.99999905104687e-09,1.0,9.99999905104687e-09,1.2991529729333706e-05,0.00013155079795978963,0.0007757885032333434,0.003768709721043706,0.017213668674230576,0.08176705241203308,0.5,0.5,1.0,1.0
6,1960,25000,0.2627798914909363,0.3713492453098297,9.99999905104687e-09,1.0,9.99999905104687e-09,1.2761366633640137e-05,0.00013203751586843282,0.0007717155967839062,0.003760943654924631,0.01706807315349579,0.08206845074892044,0.5,0.5,1.0,1.0
6,1970,25000,0.2627772390842438,0.3713393807411194,9.99999905104687e-09,1.0,9.99999905104687e-09,1.2985626199224498e-05,0.00013295009557623416,0.0007782528991810977,0.003778168698772788,0.017115797847509384,0.08265680074691772,0.5,0.5,1.0,1.0
6,1980,25000,0.26271769404411316,0.3713371753692627,9.99999905104687e-09,1.0,9.99999905104687e-09,1.2768321539624594e-05,0.0001322251046076417,0.0007671459461562335,0.0037656824570149183,0.017208022996783257,0.08148738741874695,0.5,0.5,1.0,1.0
6,1990,25000,0.26265621185302734,0.371315062046051,9.99999905104687e-09,1.0,9.99999905104687e-09,1.2920017070428003e-05,0.0001316695415880531,0.0007704448071308434,0.0037461223546415567,0.01694730669260025,0.08135049045085907,0.5,0.5,1.0,1.0
6,2000,25000,0.2627028822898865,0.371329665184021,9.99999905104687e-09,1.0,9.99999905104687e-09,1.2820246411138214e-05,0.0001324919139733538,0.0007721777656115592,0.0037841040175408125,0.016931675374507904,0.08191457390785217,0.5,0.5,1.0,1.0
6,2010,25000,0.2626330852508545,0.37130120396614075,9.99999905104687e-09,1.0,9.99999905104687e-09,1.2903280548925977e-05,0.0001330002851318568,0.0007736618281342089,0.0037781705614179373,0.017020195722579956,0.08204960823059082,0.5,0.5,1.0,1.0
6,2020,25000,0.26274430751800537,0.3713262975215912,9.99999905104687e-09,1.0,9.99999905104687e-09,1.283125857298728e-05,0.00013149080041330308,0.0007712496444582939,0.0037786245811730623,0.01711626723408699,0.08218374848365784,0.5,0.5,1.0,1.0
6,2030,25000,0.2627634108066559,0.3712899386882782,9.99999905104687e-09,1.0,9.99999905104687e-09,1.268151663680328e-05,0.00013191832113079727,0.0007685099844820797,0.003794098738580942,0.017138952389359474,0.08240197598934174,0.5,0.5,1.0,1.0
6,2040,25000,0.2627709209918976,0.37132400274276733,9.99999905104687e-09,1.0,9.99999905104687e-09,1.2889053323306143e-05,0.0001327137870248407,0.000775606429670006,0.003781780367717147,0.017142044380307198,0.08236269652843475,0.5,0.5,1.0,1.0
6,2050,25000,0.26273682713508606,0.3712979853153229,9.99999905104687e-09,1.0,9.99999905104687e-09,1.2801714547094889e-05,0.00013166219287086278,0.0007666157325729728,0.00373657769523561,0.017101828008890152,0.08261637389659882,0.5,0.5,1.0,1.0
6,2060,25000,0.2627618610858917,0.37131598591804504,9.99999905104687e-09,1.0,9.99999905104687e-09,1.283064284507418e-05,0.0001326342608081177,0.0007748639909550548,0.0037626507692039013,0.01711178384721279,0.08212050050497055,0.5,0.5,1.0,1.0
6,2070,25000,0.26270195841789246,0.3713453412055969,9.99999905104687e-09,1.0,9.99999905104687e-09,1.2883150702691637e-05,0.0001313029060838744,0.0007706144824624062,0.003792664036154747,0.017010606825351715,0.08197687566280365,0.5,0.5,1.0,1.0
6,2080,25000,0.26273220777511597,0.37129026651382446,9.99999905104687e-09,1.0,9.99999905104687e-09,1.2928842807014007e-05,0.0001308063801843673,0.0007704344461672008,0.0037701341789215803,0.017111003398895264,0.08155574649572372,0.5,0.5,1.0,1.0
6,2090,25000,0.26272299885749817,0.37135979533195496,9.99999905104687e-09,1.0,9.99999905104687e-09,1.2679282008321024e-05,0.00013174298510421067,0.0007679052068851888,0.00376034970395267,0.017050273716449738,0.0819607675075531,0.5,0.5,1.0,1.0
6,2100,25000,0.26278218626976013,0.37131422758102417,9.99999905104687e-09,1.0,9.99999905104687e-09,1.2750178939313628e-05,0.00013250439951661974,0.0007746641058474779,0.0037589806597679853,0.01707356795668602,0.08233246952295303,0.5,0.5,1.0,1.0
6,2110,25000,0.26271796226501465,0.3713366389274597,9.99999905104687e-09,1.0,9.99999905104687e-09,1.28422980196774e-05,0.0001313614338869229,0.0007720770663581789,0.003768421709537506,0.01703597791492939,0.08218768239021301,0.5,0.5,1.0,1.0
6,2120,25000,0.26279136538505554,0.3713490962982178,9.99999905104687e-09,1.0,9.99999905104687e-09,1.2824172699765768e-05,0.00013122566451784223,0.0007719190907664597,0.0037647481076419353,0.01701594516634941,0.08220700919628143,0.5,0.5,1.0,1.0
6,2130,25000,0.2627537250518799,0.3713819682598114,9.99999905104687e-09,1.0,9.99999905104687e-09,1.284917652810691e-05,0.00013399557792581618,0.0007723532617092133,0.0037223638501018286,0.017165720462799072,0.08204717189073563,0.5,0.5,1.0,1.0
6,2140,25000,0.2627337872982025,0.371282160282135,9.99999905104687e-09,1.0,9.99999905104687e-09,1.2784552382072434e-05,0.00013208758900873363,0.000765734352171421,0.0037449311930686235,0.017162956297397614,0.08205617219209671,0.5,0.5,1.0,1.0
6,2150,25000,0.26275816559791565,0.37132084369659424,9.99999905104687e-09,1.0,9.99999905104687e-09,1.2721059647446964e-05,0.00013133180618751794,0.00076892483048141,0.0037398936692625284,0.017265476286411285,0.08240479230880737,0.5,0.5,1.0,1.0
6,2160,25000,0.2627408504486084,0.37133923172950745,9.99999905104687e-09,1.0,9.99999905104687e-09,1.2854282431362662e-05,0.00013225697330199182,0.0007752804667688906,0.0037443311884999275,0.017009291797876358,0.08227896690368652,0.5,0.5,1.0,1.0
6,2170,25000,0.26274916529655457,0.3713076412677765,9.99999905104687e-09,1.0,9.99999905104687e-09,1.2904889445053414e-05,0.00013339464203454554,0.0007688741316087544,0.0037756559904664755,0.017001759260892868,0.08216327428817749,0.5,0.5,1.0,1.0
6,2180,25000,0.2628020644187927,0.3713358938694,9.99999905104687e-09,1.0,9.99999905104687e-09,1.2879814676125534e-05,0.00013206625590100884,0.0007633946952410042,0.003756571328267455,0.01709439791738987,0.08220633864402771,0.5,0.5,1.0,1.0
6,2190,25000,0.2627466022968292,0.37136414647102356,9.99999905104687e-09,1.0,9.99999905104687e-09,1.2747184882755391e-05,0.0001302113087149337,0.0007702752482146025,0.003760530613362789,0.01716257631778717,0.08180736005306244,0.5,0.5,1.0,1.0
6,2200,25000,0.2626723349094391,0.3713667690753937,9.99999905104687e-09,1.0,9.99999905104687e-09,1.2717852769128513e-05,0.00013124992256052792,0.0007694514351896942,0.0037662286777049303,0.01706063002347946,0.08166336268186569,0.5,0.5,1.0,1.0
6,2210,25000,0.26278528571128845,0.371299147605896,9.99999905104687e-09,1.0,9.99999905104687e-09,1.2888104720332194e-05,0.00013022538041695952,0.0007774691912345588,0.003777510719373822,0.01707553304731846,0.08181457221508026,0.5,0.5,1.0,1.0
6,2220,25000,0.2626790404319763,0.37131521105766296,9.99999905104687e-09,1.0,9.99999905104687e-09,1.2806186532543506e-05,0.00013264482549857348,0.000772196042817086,0.003769863164052367,0.017155833542346954,0.08164963871240616,0.5,0.5,1.0,1.0
6,2230,25000,0.2627432346343994,0.37128961086273193,9.99999905104687e-09,1.0,9.99999905104687e-09,1.2982011867279653e-05,0.00013179217057768255,0.0007783075561746955,0.003784135216847062,0.017144791781902313,0.08218839764595032,0.5,0.5,1.0,1.0
6,2240,25000,0.26274368166923523,0.37132298946380615,9.99999905104687e-09,1.0,9.99999905104687e-09,1.2752209840982687e-05,0.00013142549141775817,0.0007673890795558691,0.0037516539450734854,0.01713772863149643,0.08215074241161346,0.5,0.5,1.0,1.0
6,2250,25000,0.26272261142730713,0.3713195025920868,9.99999905104687e-09,1.0,9.99999905104687e-09,1.2872909792349674e-05,0.000132248445879668,0.0007721865549683571,0.003745671361684799,0.017058726400136948,0.08211047202348709,0.5,0.5,1.0,1.0
6,2260,25000,0.2627597153186798,0.3713419735431671,9.99999905104687e-09,1.0,9.99999905104687e-09,1.2930631783092394e-05,0.00013146677520126104,0.0007671116036362946,0.0037581513170152903,0.017143893986940384,0.08207414299249649,0.5,0.5,1.0,1.0
6,2270,25000,0.26267391443252563,0.3713145852088928,9.99999905104687e-09,1.0,9.99999905104687e-09,1.2793475434591528e-05,0.00013309071073308587,0.0007723000016994774,0.003751292359083891,0.017085382714867592,0.0817795991897583,0.5,0.5,1.0,1.0
6,2280,25000,0.26282790303230286,0.3713468909263611,9.99999905104687e-09,1.0,9.99999905104687e-09,1.2879338100901805e-05,0.0001313945249421522,0.000771509890910238,0.003778999438509345,0.017033644020557404,0.08178899437189102,0.5,0.5,1.0,1.0
6,2290,25000,0.2627062499523163,0.3713330328464508,9.99999905104687e-09,1.0,9.99999905104687e-09,1.2907633390568662e-05,0.0001314431574428454,0.0007634007488377392,0.00373762845993042,0.017008990049362183,0.08136334270238876,0.5,0.5,1.0,1.0
6,2300,25000,0.26268115639686584,0.37131479382514954,9.99999905104687e-09,1.0,9.99999905104687e-09,1.277453702641651e-05,0.00013137937639839947,0.0007754405378364027,0.0037516739685088396,0.016987528651952744,0.08232776820659637,0.5,0.5,1.0,1.0
6,2310,25000,0.26272326707839966,0.3713211715221405,9.99999905104687e-09,1.0,9.99999905104687e-09,1.293250170419924e-05,0.00013177278742659837,0.0007734241080470383,0.0037534788716584444,0.017139937728643417,0.08232620358467102,0.5,0.5,1.0,1.0
6,2320,25000,0.26271530985832214,0.37137237191200256,9.99999905104687e-09,1.0,9.99999905104687e-09,1.2938618056068663e-05,0.00013277593825478107,0.0007676668465137482,0.0037414459511637688,0.017063092440366745,0.08172032982110977,0.5,0.5,1.0,1.0
6,2330,25000,0.26265791058540344,0.37131115794181824,9.99999905104687e-09,1.0,9.99999905104687e-09,1.284974132431671e-05,0.00013116534682922065,0.0007671300554648042,0.0037907366640865803,0.017044220119714737,0.08192504942417145,0.5,0.5,1.0,1.0
6,2340,25000,0.2627146244049072,0.3713166117668152,9.99999905104687e-09,1.0,9.99999905104687e-09,1.2792215784429573e-05,0.00013202444824855775,0.0007745294133201241,0.003771686227992177,0.01701352931559086,0.0818076878786087,0.5,0.5,1.0,1.0
6,2350,25000,0.2627964913845062,0.3713507056236267,9.99999905104687e-09,1.0,9.99999905104687e-09,1.2837329450121615e-05,0.0001305145415244624,0.0007703093579038978,0.0037970133125782013,0.01702885702252388,0.08242689818143845,0.5,0.5,1.0,1.0
6,2360,25000,0.2627953588962555,0.3713122606277466,9.99999905104687e-09,1.0,9.99999905104687e-09,1.28806177599472e-05,0.00013217735977377743,0.0007751912344247103,0.003786535235121846,0.01718001812696457,0.0826801210641861,0.5,0.5,1.0,1.0
6,2370,25000,0.2627122104167938,0.3713352084159851,9.99999905104687e-09,1.0,9.99999905104687e-09,1.2870946193288546e-05,0.00013226390001364052,0.0007747258059680462,0.003784661879763007,0.017198655754327774,0.08177883177995682,0.5,0.5,1.0,1.0
6,2380,25000,0.2626897096633911,0.3713182210922241,9.99999905104687e-09,1.0,9.99999905104687e-09,1.2637867257581092e-05,0.00013265741290524602,0.000775005726609379,0.00373641075566411,0.017116159200668335,0.08229321241378784,0.5,0.5,1.0,1.0
6,2390,25000,0.26269710063934326,0.37131643295288086,9.99999905104687e-09,1.0,9.99999905104687e-09,1.2870627870142926e-05,0.00013264731387607753,0.0007729300996288657,0.003739152802154422,0.017109796404838562,0.08149004727602005,0.5,0.5,1.0,1.0
6,2400,25000,0.2627488374710083,0.3713568150997162,9.99999905104687e-09,1.0,9.99999905104687e-09,1.2768224223691504e-05,0.00013047394168097526,0.0007709114579483867,0.003794831456616521,0.017108816653490067,0.08210835605859756,0.5,0.5,1.0,1.0
6,2410,25000,0.26273322105407715,0.37135788798332214,9.99999905104687e-09,1.0,9.99999905104687e-09,1.2909727047372144e-05,0.00013115319598000497,0.0007717364933341742,0.0037207365967333317,0.01726139709353447,0.08233010023832321,0.5,0.5,1.0,1.0
6,2420,25000,0.2627772390842438,0.37134382128715515,9.99999905104687e-09,1.0,9.99999905104687e-09,1.2945390153618064e-05,0.00013243890134617686,0.0007683446747250855,0.0037604228127747774,0.017033612355589867,0.08200319856405258,0.5,0.5,1.0,1.0
6,2430,25000,0.26273319125175476,0.3713271915912628,9.99999905104687e-09,1.0,9.99999905104687e-09,1.2998823876841925e-05,0.0001320670562563464,0.000767996592912823,0.003767899237573147,0.01709490455687046,0.08276162296533585,0.5,0.5,1.0,1.0
6,2440,25000,0.2626762390136719,0.37132033705711365,9.99999905104687e-09,1.0,9.99999905104687e-09,1.3016985576541629e-05,0.00013201501860748976,0.0007716581458225846,0.0037576337344944477,0.017240755259990692,0.08207427710294724,0.5,0.5,1.0,1.0
6,2450,25000,0.2627498209476471,0.37136977910995483,9.99999905104687e-09,1.0,9.99999905104687e-09,1.295868969464209e-05,0.00013266157475300133,0.0007683156291022897,0.0037550623528659344,0.017136700451374054,0.08203545212745667,0.5,0.5,1.0,1.0
6,2460,25000,0.2626669406890869,0.37128108739852905,9.99999905104687e-09,1.0,9.99999905104687e-09,1.2905655239592306e-05,0.00013246192247606814,0.0007731177611276507,0.003757734317332506,0.017155718058347702,0.08215679973363876,0.5,0.5,1.0,1.0
6,2470,25000,0.26272282004356384,0.3713289499282837,9.99999905104687e-09,1.0,9.99999905104687e-09,1.2772232366842218e-05,0.00013145945558790118,0.0007787455106154084,0.003761743661016226,0.017154747620224953,0.08222266286611557,0.5,0.5,1.0,1.0
6,2480,25000,0.26270759105682373,0.3713449537754059,9.99999905104687e-09,1.0,9.99999905104687e-09,1.2770517059834674e-05,0.00013297716213855892,0.0007781869499012828,0.0037737346719950438,0.017091065645217896,0.081942118704319,0.5,0.5,1.0,1.0
6,2490,25000,0.2627154290676117,0.3712764382362366,9.99999905104687e-09,1.0,9.99999905104687e-09,1.2796532246284187e-05,0.00013027458044234663,0.0007709081401117146,0.0037768231704831123,0.017084185034036636,0.08229416608810425,0.5,0.5,1.0,1.0
6,2500,25000,0.2627425789833069,0.37136390805244446,9.99999905104687e-09,1.0,9.99999905104687e-09,1.2831871572416276e-05,0.0001336114655714482,0.0007718394626863301,0.0037511650007218122,0.017053421586751938,0.08223281055688858,0.5,0.5,1.0,1.0
6,2510,25000,0.2627222537994385,0.3712744414806366,9.99999905104687e-09,1.0,9.99999905104687e-09,1.2850958228227682e-05,0.0001321767776971683,0.0007712797960266471,0.0037730205804109573,0.017112378031015396,0.08229890465736389,0.5,0.5,1.0,1.0
6,2520,25000,0.2626948654651642,0.3713601529598236,9.99999905104687e-09,1.0,9.99999905104687e-09,1.2772025911544915e-05,0.00013260479317978024,0.000777972221840173,0.0038107414729893208,0.017139432951807976,0.08108622580766678,0.5,0.5,1.0,1.0
6,2530,25000,0.26270756125450134,0.3712727427482605,9.99999905104687e-09,1.0,9.99999905104687e-09,1.2871582839579787e-05,0.0001308538776356727,0.0007710772915743291,0.0037646021228283644,0.01698984205722809,0.08265563100576401,0.5,0.5,1.0,1.0
6,2540,25000,0.26273301243782043,0.37134578824043274,9.99999905104687e-09,1.0,9.99999905104687e-09,1.3020986443734728e-05,0.00013032669085077941,0.0007698641275055707,0.003755053970962763,0.017050260677933693,0.08145737648010254,0.5,0.5,1.0,1.0
6,2550,25000,0.262693852186203,0.3713018596172333,9.99999905104687e-09,1.0,9.99999905104687e-09,1.2857696674473118e-05,0.0001314411056227982,0.0007693148218095303,0.0037706175353378057,0.017031963914632797,0.08222382515668869,0.5,0.5,1.0,1.0
6,2560,25000,0.2627999484539032,0.37137049436569214,9.99999905104687e-09,1.0,9.99999905104687e-09,1.2876818800577894e-05,0.00013179164670873433,0.0007732206140644848,0.0037455065175890923,0.017126809805631638,0.08200543373823166,0.5,0.5,1.0,1.0
6,2570,25000,0.2627539336681366,0.3713158071041107,9.99999905104687e-09,1.0,9.99999905104687e-09,1.3000603757973295e-05,0.00012949049414601177,0.0007697087130509317,0.0037613159511238337,0.017069973051548004,0.08202429115772247,0.5,0.5,1.0,1.0
6,2580,25000,0.26274412870407104,0.37130454182624817,9.99999905104687e-09,1.0,9.99999905104687e-09,1.276612420042511e-05,0.00013158922956790775,0.0007711006910540164,0.003751311916857958,0.01706315390765667,0.08196263015270233,0.5,0.5,1.0,1.0
6,2590,25000,0.26275965571403503,0.37129610776901245,9.99999905104687e-09,1.0,9.99999905104687e-09,1.2838673683290835e-05,0.00013224633585195988,0.0007714986568316817,0.0037460438907146454,0.01706264354288578,0.0824609026312828,0.5,0.5,1.0,1.0
6,2600,25000,0.26271820068359375,0.37129414081573486,9.99999905104687e-09,1.0,9.99999905104687e-09,1.289260126213776e-05,0.00013072849833406508,0.0007759121363051236,0.0038139736279845238,0.016996335238218307,0.08201862126588821,0.5,0.5,1.0,1.0
6,2610,25000,0.2628038227558136,0.3713897168636322,9.99999905104687e-09,1.0,9.99999905104687e-09,1.2877142580691725e-05,0.00013319161371327937,0.0007664097938686609,0.0037697681691497564,0.017053239047527313,0.08226163685321808,0.5,0.5,1.0,1.0
6,2620,25000,0.26271045207977295,0.3712965250015259,9.99999905104687e-09,1.0,9.99999905104687e-09,1.2905899893667083e-05,0.00013268837938085198,0.0007734561804682016,0.0037735707592219114,0.017076313495635986,0.08224160969257355,0.5,0.5,1.0,1.0
6,2630,25000,0.262751042842865,0.3713606894016266,9.99999905104687e-09,1.0,9.99999905104687e-09,1.2891795449831989e-05,0.00013279536506161094,0.0007737624109722674,0.0037435730919241905,0.017067424952983856,0.08217422664165497,0.5,0.5,1.0,1.0
6,2640,25000,0.26269328594207764,0.37132513523101807,9.99999905104687e-09,1.0,9.99999905104687e-09,1.27568846437498e-05,0.0001321570889558643,0.0007721856236457825,0.0037635015323758125,0.01716543920338154,0.08142793923616409,0.5,0.5,1.0,1.0
6,2650,25000,0.26277396082878113,0.37133437395095825,9.99999905104687e-09,1.0,9.99999905104687e-09,1.289777264901204e-05,0.00013248690811451524,0.0007729584467597306,0.0037634558975696564,0.017066072672605515,0.08174537122249603,0.5,0.5,1.0,1.0
6,2660,25000,0.2627292275428772,0.37134841084480286,9.99999905104687e-09,1.0,9.99999905104687e-09,1.2919525033794343e-05,0.00013196760846767575,0.0007726871408522129,0.003762577660381794,0.017101630568504333,0.08237191289663315,0.5,0.5,1.0,1.0
6,2670,25000,0.2627492845058441,0.37134015560150146,9.99999905104687e-09,1.0,9.99999905104687e-09,1.269037056772504e-05,0.00013204722199589014,0.0007694573141634464,0.0037320423871278763,0.01698046177625656,0.08172062784433365,0.5,0.5,1.0,1.0
6,2680,25000,0.26272186636924744,0.37132662534713745,9.99999905104687e-09,1.0,9.99999905104687e-09,1.2888136552646756e-05,0.0001314927649218589,0.0007641722913831472,0.003781048348173499,0.017159122973680496,0.08220827579498291,0.5,0.5,1.0,1.0
6,2690,25000,0.2627580165863037,0.371344655752182,9.99999905104687e-09,1.0,9.99999905104687e-09,1.3120677976985462e-05,0.00013228971511125565,0.000775010441429913,0.0037701083347201347,0.01717374101281166,0.08217839151620865,0.5,0.5,1.0,1.0
6,2700,25000,0.2628191113471985,0.37136518955230713,9.99999905104687e-09,1.0,9.99999905104687e-09,1.289519696001662e-05,0.00013295818644110113,0.0007681375136598945,0.003752182237803936,0.017020992934703827,0.0822281539440155,0.5,0.5,1.0,1.0
6,2710,25000,0.26271387934684753,0.37133076786994934,9.99999905104687e-09,1.0,9.99999905104687e-09,1.2831164895032998e-05,0.0001309566869167611,0.0007742189336568117,0.003750199219211936,0.017118975520133972,0.08181032538414001,0.5,0.5,1.0,1.0
6,2720,25000,0.2626754641532898,0.3713015019893646,9.99999905104687e-09,1.0,9.99999905104687e-09,1.2806721315428149e-05,0.00013219508400652558,0.0007720208959653974,0.0037048060912638903,0.017064929008483887,0.08227401226758957,0.5,0.5,1.0,1.0
6,2730,25000,0.2628333866596222,0.3713722825050354,9.99999905104687e-09,1.0,9.99999905104687e-09,1.284309837501496e-05,0.0001317466958425939,0.0007697044056840241,0.0037387805059552193,0.01708562672138214,0.08220469951629639,0.5,0.5,1.0,1.0
6,2740,25000,0.26276981830596924,0.3713524043560028,9.99999905104687e-09,1.0,9.99999905104687e-09,1.2982689440832473e-05,0.00013259693514555693,0.0007714457460679114,0.0037767335306853056,0.01707599125802517,0.08199649304151535,0.5,0.5,1.0,1.0
6,2750,25000,0.2627432942390442,0.37135669589042664,9.99999905104687e-09,1.0,9.99999905104687e-09,1.2902628441224806e-05,0.00013141968520358205,0.000771211227402091,0.003746991278603673,0.017056897282600403,0.08169232308864594,0.5,0.5,1.0,1.0
6,2760,25000,0.26276183128356934,0.37135934829711914,9.99999905104687e-09,1.0,9.99999905104687e-09,1.2796075679943897e-05,0.00013211133773438632,0.000767712015658617,0.0037358577828854322,0.017085261642932892,0.08221814781427383,0.5,0.5,1.0,1.0
6,2770,25000,0.2628060281276703,0.37137556076049805,9.99999905104687e-09,1.0,9.99999905104687e-09,1.2780897122866008e-05,0.00013136760389897972,0.0007719375425949693,0.0037564171943813562,0.01716296374797821,0.08225683122873306,0.5,0.5,1.0,1.0
6,2780,25000,0.262734591960907,0.37132054567337036,9.99999905104687e-09,1.0,9.99999905104687e-09,1.2767058251483832e-05,0.00013050969573669136,0.0007668914622627199,0.0037446499336510897,0.017161447554826736,0.08218132704496384,0.5,0.5,1.0,1.0
6,2790,25000,0.2627364695072174,0.3713354170322418,9.99999905104687e-09,1.0,9.99999905104687e-09,1.2867824807472061e-05,0.00013213740021456033,0.0007688539335504174,0.0037763784639537334,0.017036981880664825,0.08192932605743408,0.5,0.5,1.0,1.0
6,2800,25000,0.26269254088401794,0.3713226318359375,9.99999905104687e-09,1.0,9.99999905104687e-09,1.2806908671336714e-05,0.0001308650098508224,0.0007723182206973433,0.003755696816369891,0.016980238258838654,0.08181395381689072,0.5,0.5,1.0,1.0
6,2810,25000,0.2627686858177185,0.37134236097335815,9.99999905104687e-09,1.0,9.99999905104687e-09,1.2887900993518997e-05,0.0001323840260738507,0.0007676614332012832,0.0037918793968856335,0.017029985785484314,0.08227032423019409,0.5,0.5,1.0,1.0
6,2820,25000,0.2627158761024475,0.37132227420806885,9.99999905104687e-09,1.0,9.99999905104687e-09,1.2923477697768249e-05,0.0001327512291027233,0.0007704502204433084,0.003780004335567355,0.01707662269473076,0.0820428729057312,0.5,0.5,1.0,1.0
6,2830,25000,0.26273033022880554,0.3713781237602234,9.99999905104687e-09,1.0,9.99999905104687e-09,1.2834287190344185e-05,0.0001320762385148555,0.000766979472246021,0.003770319512113929,0.016983821988105774,0.0819132998585701,0.5,0.5,1.0,1.0
6,2840,25000,0.26274967193603516,0.37131989002227783,9.99999905104687e-09,1.0,9.99999905104687e-09,1.2943250112584792e-05,0.00013043724175076932,0.0007696778047829866,0.003757127793505788,0.017063936218619347,0.08195853978395462,0.5,0.5,1.0,1.0
6,2850,25000,0.2628017067909241,0.371348112821579,9.99999905104687e-09,1.0,9.99999905104687e-09,1.2936322491441388e-05,0.00013164605479687452,0.0007713424856774509,0.003779028309509158,0.01713779754936695,0.08255585283041,0.5,0.5,1.0,1.0
6,2860,25000,0.26275429129600525,0.3713217079639435,9.99999905104687e-09,1.0,9.99999905104687e-09,1.3020465303270612e-05,0.00013226682494860142,0.0007682786672376096,0.0037179698701947927,0.017097698524594307,0.08197876811027527,0.5,0.5,1.0,1.0
6,2870,25000,0.2626469135284424,0.3713303208351135,9.99999905104687e-09,1.0,9.99999905104687e-09,1.2948833500558976e-05,0.00013185673742555082,0.0007696639513596892,0.003775686025619507,0.017112992703914642,0.08182955533266068,0.5,0.5,1.0,1.0
6,2880,25000,0.26276063919067383,0.37131553888320923,9.99999905104687e-09,1.0,9.99999905104687e-09,1.291424450755585e-05,0.00013070463319309056,0.0007705174502916634,0.0037274309433996677,0.01700735278427601,0.08209581673145294,0.5,0.5,1.0,1.0
6,2890,25000,0.2627688944339752,0.3713577687740326,9.99999905104687e-09,1.0,9.99999905104687e-09,1.2936596249346621e-05,0.0001318005088251084,0.0007702983566559851,0.003753656754270196,0.017158236354589462,0.08207972347736359,0.5,0.5,1.0,1.0
6,2900,25000,0.26273831725120544,0.37134426832199097,9.99999905104687e-09,1.0,9.99999905104687e-09,1.2928840078529902e-05,0.000131933978991583,0.0007676814566366374,0.00374203291721642,0.016948476433753967,0.08206985890865326,0.5,0.5,1.0,1.0
6,2910,25000,0.26263728737831116,0.3713490962982178,9.99999905104687e-09,1.0,9.99999905104687e-09,1.28228557514376e-05,0.0001318721187999472,0.0007742663146927953,0.003754787612706423,0.017082642763853073,0.08173530548810959,0.5,0.5,1.0,1.0
6,2920,25000,0.26272353529930115,0.37135064601898193,9.99999905104687e-09,1.0,9.99999905104687e-09,1.2888391211163253e-05,0.0001313386601395905,0.0007699538837186992,0.00376517022959888,0.017063632607460022,0.08162035048007965,0.5,0.5,1.0,1.0
6,2930,25000,0.2627692222595215,0.3713272511959076,9.99999905104687e-09,1.0,9.99999905104687e-09,1.2744309060508385e-05,0.00013215489161666483,0.0007671929197385907,0.0037553857546299696,0.016964472830295563,0.08203520625829697,0.5,0.5,1.0,1.0
6,2940,25000,0.2627218961715698,0.37137261033058167,9.99999905104687e-09,1.0,9.99999905104687e-09,1.278060062759323e-05,0.00013151326857041568,0.0007622688426636159,0.0037561384961009026,0.01698906719684601,0.08166685700416565,0.5,0.5,1.0,1.0
6,2950,25000,0.2627198100090027,0.37136712670326233,9.99999905104687e-09,1.0,9.99999905104687e-09,1.2903198694402818e-05,0.00013184986892156303,0.0007739973952993751,0.003803492756560445,0.017188820987939835,0.08169522881507874,0.5,0.5,1.0,1.0
6,2960,25000,0.26268988847732544,0.3713356554508209,9.99999905104687e-09,1.0,9.99999905104687e-09,1.2862492440035567e-05,0.00013066419342067093,0.000768067839089781,0.003761215368285775,0.017052963376045227,0.08194436877965927,0.5,0.5,1.0,1.0
6,2970,25000,0.2627476751804352,0.3713732957839966,9.99999905104687e-09,1.0,9.99999905104687e-09,1.280470587516902e-05,0.00013120975927449763,0.0007690054480917752,0.003758806036785245,0.017076881602406502,0.08166977763175964,0.5,0.5,1.0,1.0
6,2980,25000,0.26281988620758057,0.3713236153125763,9.99999905104687e-09,1.0,9.99999905104687e-09,1.2825176781916525e-05,0.00013227801537141204,0.0007736724219284952,0.003753520082682371,0.017164217308163643,0.08232659101486206,0.5,0.5,1.0,1.0
6,2990,25000,0.26270174980163574,0.37136173248291016,9.99999905104687e-09,1.0,9.99999905104687e-09,1.2891120604763273e-05,0.00013239833060652018,0.0007662185817025602,0.0037667693104594946,0.01700623705983162,0.08190858364105225,0.5,0.5,1.0,1.0
6,3000,25000,0.2627628445625305,0.3713414967060089,9.99999905104687e-09,1.0,9.99999905104687e-09,1.2914973922306672e-05,0.00013253101496957242,0.000768599973525852,0.0037867038045078516,0.017168601974844933,0.08272125571966171,0.5,0.5,1.0,1.0
6,3010,25000,0.26274511218070984,0.37137138843536377,9.99999905104687e-09,1.0,9.99999905104687e-09,1.2714743206743151e-05,0.0001314830151386559,0.0007717703701928258,0.00375459180213511,0.01717306859791279,0.08213470131158829,0.5,0.5,1.0,1.0
6,3020,25000,0.2627010643482208,0.3713008463382721,9.99999905104687e-09,1.0,9.99999905104687e-09,1.2895809959445614e-05,0.0001317718270001933,0.0007685702876187861,0.003747400129213929,0.017063330858945847,0.08208613097667694,0.5,0.5,1.0,1.0
6,3030,25000,0.2627386450767517,0.37137043476104736,9.99999905104687e-09,1.0,9.99999905104687e-09,1.27849452837836e-05,0.00013147723802831024,0.000774951302446425,0.0037519296165555716,0.017045777291059494,0.08202628791332245,0.5,0.5,1.0,1.0
6,3040,25000,0.26265406608581543,0.37134841084480286,9.99999905104687e-09,1.0,9.99999905104687e-09,1.2875341781182215e-05,0.00013175087224226445,0.000769303529523313,0.0037756592500954866,0.017174039036035538,0.08174485713243484,0.5,0.5,1.0,1.0
6,3050,25000,0.2627212107181549,0.37135082483291626,9.99999905104687e-09,1.0,9.99999905104687e-09,1.2862730727647431e-05,0.00013160730304662138,0.0007746367482468486,0.0037619115319103003,0.017018998041749,0.0822358950972557,0.5,0.5,1.0,1.0
6,3060,25000,0.2627309560775757,0.3713189363479614,9.99999905104687e-09,1.0,9.99999905104687e-09,1.2796207556675654e-05,0.00013141102681402117,0.0007667788304388523,0.003750953357666731,0.017069455236196518,0.08208092302083969,0.5,0.5,1.0,1.0
6,3070,25000,0.26272261142730713,0.3713104724884033,9.99999905104687e-09,1.0,9.99999905104687e-09,1.2832159882236738e-05,0.0001328188955085352,0.0007722229929640889,0.003761797212064266,0.016892123967409134,0.08171157538890839,0.5,0.5,1.0,1.0
6,3080,25000,0.2627314329147339,0.3713376820087433,9.99999905104687e-09,1.0,9.99999905104687e-09,1.2713405340036843e-05,0.000132751592900604,0.0007732340018264949,0.003783394815400243,0.017189335078001022,0.08202582597732544,0.5,0.5,1.0,1.0
6,3090,25000,0.262726753950119,0.37135183811187744,9.99999905104687e-09,1.0,9.99999905104687e-09,1.2817517927032895e-05,0.00013230791955720633,0.00078386883251369,0.00376227218657732,0.017042305320501328,0.08242227882146835,0.5,0.5,1.0,1.0
6,3100,25000,0.26273298263549805,0.37135419249534607,9.99999905104687e-09,1.0,9.99999905104687e-09,1.2767169209837448e-05,0.00013150997983757406,0.0007755535189062357,0.003761002793908119,0.01700107753276825,0.08203377574682236,0.5,0.5,1.0,1.0
6,3110,25000,0.26277753710746765,0.3713781237602234,9.99999905104687e-09,1.0,9.99999905104687e-09,1.2854830856667832e-05,0.00013136585766915232,0.0007646993035450578,0.00374100124463439,0.017052238807082176,0.08239459246397018,0.5,0.5,1.0,1.0
6,3120,25000,0.2627347707748413,0.37132561206817627,9.99999905104687e-09,1.0,9.99999905104687e-09,1.285731286770897e-05,0.00013120089715812355,0.0007674603839404881,0.003743730252608657,0.017187923192977905,0.08138518035411835,0.5,0.5,1.0,1.0
6,3130,25000,0.2628045976161957,0.371346116065979,9.99999905104687e-09,1.0,9.99999905104687e-09,1.3026649867242668e-05,0.00013284747547004372,0.0007721922593191266,0.003802722319960594,0.017100555822253227,0.08252463489770889,0.5,0.5,1.0,1.0
6,3140,25000,0.26279038190841675,0.37135928869247437,9.99999905104687e-09,1.0,9.99999905104687e-09,1.2797174349543639e-05,0.00013310089707374573,0.0007779201841913164,0.0037487612571567297,0.017085788771510124,0.08231499046087265,0.5,0.5,1.0,1.0
6,3150,25000,0.2627304196357727,0.371358722448349,9.99999905104687e-09,1.0,9.99999905104687e-09,1.280694232264068e-05,0.0001313584652962163,0.0007671098574064672,0.0037580772768706083,0.017176702618598938,0.08196112513542175,0.5,0.5,1.0,1.0
6,3160,25000,0.2628009617328644,0.37134572863578796,9.99999905104687e-09,1.0,9.99999905104687e-09,1.3039180885243695e-05,0.00012979468738194555,0.0007714180392213166,0.0037891604006290436,0.01702268049120903,0.08214040100574493,0.5,0.5,1.0,1.0
6,3170,25000,0.2627435624599457,0.3713279366493225,9.99999905104687e-09,1.0,9.99999905104687e-09,1.3051227142568678e-05,0.00013274465163704008,0.0007784742047078907,0.0037606903351843357,0.017134837806224823,0.082063227891922,0.5,0.5,1.0,1.0
6,3180,25000,0.2627227008342743,0.3713487982749939,9.99999905104687e-09,1.0,9.99999905104687e-09,1.2830890227633063e-05,0.000130922780954279,0.0007663394790142775,0.0037322186399251223,0.016944952309131622,0.08233057707548141,0.5,0.5,1.0,1.0
6,3190,25000,0.2627401649951935,0.37136074900627136,9.99999905104687e-09,1.0,9.99999905104687e-09,1.2965527275810018e-05,0.00013168527220841497,0.0007717417320236564,0.0037657753564417362,0.01704699918627739,0.08190342038869858,0.5,0.5,1.0,1.0
6,3200,25000,0.2627539336681366,0.3713315427303314,9.99999905104687e-09,1.0,9.99999905104687e-09,1.2786975275957957e-05,0.00013189563469495624,0.0007725876639597118,0.003777481382712722,0.017116248607635498,0.08230085670948029,0.5,0.5,1.0,1.0
6,3210,25000,0.2627395689487457,0.3713501989841461,9.99999905104687e-09,1.0,9.99999905104687e-09,1.28730771393748e-05,0.0001325790653936565,0.0007699437555857003,0.003807036206126213,0.017150001600384712,0.08222024887800217,0.5,0.5,1.0,1.0
6,3220,25000,0.26278042793273926,0.3713647723197937,9.99999905104687e-09,1.0,9.99999905104687e-09,1.2774888091371395e-05,0.00013185285206418484,0.0007696807733736932,0.0037688552401959896,0.01708001084625721,0.08214609324932098,0.5,0.5,1.0,1.0
6,3230,25000,0.26267310976982117,0.3713284432888031,9.99999905104687e-09,1.0,9.99999905104687e-09,1.2789304491889197e-05,0.00013098360795993358,0.0007654391811229289,0.0037501933984458447,0.017034269869327545,0.0820080041885376,0.5,0.5,1.0,1.0
6,3240,25000,0.26277127861976624,0.37133586406707764,9.99999905104687e-09,1.0,9.99999905104687e-09,1.2879868336312938e-05,0.00013324311294127256,0.0007655819645151496,0.0037565319798886776,0.01714353635907173,0.08221592754125595,0.5,0.5,1.0,1.0
6,3250,25000,0.2627319395542145,0.37134429812431335,9.99999905104687e-09,1.0,9.99999905104687e-09,1.281267759623006e-05,0.00013254994701128453,0.0007676722016185522,0.0037571995053440332,0.017131242901086807,0.08142638206481934,0.5,0.5,1.0,1.0
6,3260,25000,0.26273056864738464,0.37138205766677856,9.99999905104687e-09,1.0,9.99999905104687e-09,1.2868131307186559e-05,0.00013184240378905088,0.0007656902307644486,0.0037425816990435123,0.017079588025808334,0.08207350224256516,0.5,0.5,1.0,1.0
6,3270,25000,0.26269227266311646,0.37132084369659424,9.99999905104687e-09,1.0,9.99999905104687e-09,1.2936675375385676e-05,0.00013160466914996505,0.0007678940892219543,0.0037474618293344975,0.01710192672908306,0.08188920468091965,0.5,0.5,1.0,1.0
6,3280,25000,0.2628067135810852,0.37138861417770386,9.99999905104687e-09,1.0,9.99999905104687e-09,1.2877879271400161e-05,0.0001326758210780099,0.000772155646700412,0.003751916578039527,0.017071440815925598,0.08189672231674194,0.5,0.5,1.0,1.0
6,3290,25000,0.26272347569465637,0.3713265061378479,9.99999905104687e-09,1.0,9.99999905104687e-09,1.2718223842966836e-05,0.00013225912698544562,0.0007703268202021718,0.0037601974327117205,0.01701388508081436,0.08209336549043655,0.5,0.5,1.0,1.0
6,3300,25000,0.26277995109558105,0.3713635504245758,9.99999905104687e-09,1.0,9.99999905104687e-09,1.296838036068948e-05,0.00013015656440984458,0.0007714071543887258,0.0037613585591316223,0.017027633264660835,0.08194126188755035,0.5,0.5,1.0,1.0
6,3310,25000,0.2629430592060089,0.3714357912540436,9.99999905104687e-09,1.0,9.99999905104687e-09,1.2966808753844816e-05,0.00013219671382103115,0.0007766772760078311,0.0037673944607377052,0.01718076691031456,0.08227284252643585,0.5,0.5,1.0,1.0
6,3320,25000,0.26286646723747253,0.3714013695716858,9.99999905104687e-09,1.0,9.99999905104687e-09,1.2852848158217967e-05,0.0001318280992563814,0.0007692875806242228,0.0037370072677731514,0.01707911118865013,0.08217795193195343,0.5,0.5,1.0,1.0
6,3330,25000,0.2626532316207886,0.37133997678756714,9.99999905104687e-09,1.0,9.99999905104687e-09,1.2736870303342585e-05,0.00013051673886366189,0.0007791068637743592,0.003770656418055296,0.017168764024972916,0.08187845349311829,0.5,0.5,1.0,1.0
6,3340,25000,0.26272594928741455,0.37133798003196716,9.99999905104687e-09,1.0,9.99999905104687e-09,1.2814009096473455e-05,0.00013120337098371238,0.0007701882859691978,0.0037725551519542933,0.017118502408266068,0.08166978508234024,0.5,0.5,1.0,1.0
6,3350,25000,0.2627846300601959,0.37140968441963196,9.99999905104687e-09,1.0,9.99999905104687e-09,1.2758611774188466e-05,0.00013227785530034453,0.0007681636488996446,0.003748968942090869,0.0172225683927536,0.08189386874437332,0.5,0.5,1.0,1.0
6,3360,25000,0.2627240717411041,0.3713746666908264,9.99999905104687e-09,1.0,9.99999905104687e-09,1.3035127267357893e-05,0.00013200870307628065,0.0007659666589461267,0.003739726496860385,0.017061440274119377,0.08199777454137802,0.5,0.5,1.0,1.0
6,3370,25000,0.2627001106739044,0.37135374546051025,9.99999905104687e-09,1.0,9.99999905104687e-09,1.27060475278995e-05,0.00013213323836680502,0.0007727048359811306,0.0037491433322429657,0.017080068588256836,0.08186938613653183,0.5,0.5,1.0,1.0
6,3380,25000,0.2627575397491455,0.3713459074497223,9.99999905104687e-09,1.0,9.99999905104687e-09,1.2879184396297205e-05,0.00013181606482248753,0.0007653656648471951,0.0037662701215595007,0.017107795923948288,0.08232064545154572,0.5,0.5,1.0,1.0
6,3390,25000,0.2627856731414795,0.3713872730731964,9.99999905104687e-09,1.0,9.99999905104687e-09,1.2731735296256375e-05,0.00013183146074879915,0.0007692427607253194,0.0037483712658286095,0.017306480556726456,0.08143814653158188,0.5,0.5,1.0,1.0
6,3400,25000,0.2627240717411041,0.3713458478450775,9.99999905104687e-09,1.0,9.99999905104687e-09,1.2782165867974982e-05,0.00013117546041030437,0.0007638676324859262,0.0037628738209605217,0.017152443528175354,0.08232617378234863,0.5,0.5,1.0,1.0
6,3410,25000,0.2627395689487457,0.37139973044395447,9.99999905104687e-09,1.0,9.99999905104687e-09,1.2742834769596811e-05,0.00013238319661468267,0.0007694523665122688,0.00373266963288188,0.016985703259706497,0.08156829327344894,0.5,0.5,1.0,1.0
6,3420,25000,0.2627727687358856,0.3713056147098541,9.99999905104687e-09,1.0,9.99999905104687e-09,1.2850675375375431e-05,0.0001325183256994933,0.0007705630850978196,0.0037917427252978086,0.017151322215795517,0.0826803669333458,0.5,0.5,1.0,1.0
6,3430,25000,0.26276877522468567,0.371390163898468,9.99999905104687e-09,1.0,9.99999905104687e-09,1.2825114936276805e-05,0.0001317495189141482,0.0007752046221867204,0.0037823356688022614,0.017078116536140442,0.08233792334794998,0.5,0.5,1.0,1.0
6,3440,25000,0.26273539662361145,0.37136566638946533,9.99999905104687e-09,1.0,9.99999905104687e-09,1.2839575902034994e-05,0.00013389973901212215,0.0007658694521524012,0.0037551214918494225,0.016997959464788437,0.08180532604455948,0.5,0.5,1.0,1.0
6,3450,25000,0.2627895176410675,0.37137967348098755,9.99999905104687e-09,1.0,9.99999905104687e-09,1.292033357458422e-05,0.00013138794747646898,0.0007639189716428518,0.0037722899578511715,0.01702282205224037,0.08251268416643143,0.5,0.5,1.0,1.0
6,3460,25000,0.26274529099464417,0.37136128544807434,9.99999905104687e-09,1.0,9.99999905104687e-09,1.2966199392394628e-05,0.0001321785821346566,0.0007680048584006727,0.0037525210063904524,0.01705533266067505,0.08209936320781708,0.5,0.5,1.0,1.0
6,3470,25000,0.2627173066139221,0.37133172154426575,9.99999905104687e-09,1.0,9.99999905104687e-09,1.2941301065438893e-05,0.00013220000255387276,0.0007712825899943709,0.0037760562263429165,0.017055992037057877,0.08233344554901123,0.5,0.5,1.0,1.0
6,3480,25000,0.26270797848701477,0.37136945128440857,9.99999905104687e-09,1.0,9.99999905104687e-09,1.282350694964407e-05,0.00013122212840244174,0.0007740803412161767,0.0037405379116535187,0.017104309052228928,0.08183213323354721,0.5,0.5,1.0,1.0
6,3490,25000,0.2627768814563751,0.3713875710964203,9.99999905104687e-09,1.0,9.99999905104687e-09,1.2847001016780268e-05,0.0001315843255724758,0.0007715788087807596,0.0037763414438813925,0.016992617398500443,0.08174914866685867,0.5,0.5,1.0,1.0
6,3500,25000,0.2627679705619812,0.3713946044445038,9.99999905104687e-09,1.0,9.99999905104687e-09,1.2797842828149442e-05,0.00013138038048055023,0.0007752272067591548,0.0037522963248193264,0.017050884664058685,0.08249597996473312,0.5,0.5,1.0,1.0
6,3510,25000,0.2627287209033966,0.37137582898139954,9.99999905104687e-09,1.0,9.99999905104687e-09,1.2829443221562542e-05,0.0001310107618337497,0.0007683551521040499,0.0037352859508246183,0.01708633080124855,0.08174698799848557,0.5,0.5,1.0,1.0
6,3520,25000,0.26275524497032166,0.371402382850647,9.99999905104687e-09,1.0,9.99999905104687e-09,1.286000133404741e-05,0.0001328683429164812,0.0007704608142375946,0.003764928551390767,0.01708300970494747,0.08216766268014908,0.5,0.5,1.0,1.0
6,3530,25000,0.2627146542072296,0.3713865280151367,9.99999905104687e-09,1.0,9.99999905104687e-09,1.2829866136598866e-05,0.00013326876796782017,0.0007733396487310529,0.0037844607140868902,0.01708715781569481,0.0816250666975975,0.5,0.5,1.0,1.0
6,3540,25000,0.26269546151161194,0.37138131260871887,9.99999905104687e-09,1.0,9.99999905104687e-09,1.283234087168239e-05,0.00013204784772824496,0.0007671093917451799,0.0037394226528704166,0.016988687217235565,0.0820436179637909,0.5,0.5,1.0,1.0
6,3550,25000,0.2628243565559387,0.371421217918396,9.99999905104687e-09,1.0,9.99999905104687e-09,1.290546697418904e-05,0.00013153141480870545,0.0007740780129097402,0.003767645452171564,0.017041359096765518,0.08177246153354645,0.5,0.5,1.0,1.0
6,3560,25000,0.2627175748348236,0.37140652537345886,9.99999905104687e-09,1.0,9.99999905104687e-09,1.2843044714827556e-05,0.00013129712897352874,0.0007669108454138041,0.0037451484240591526,0.017042243853211403,0.08203893154859543,0.5,0.5,1.0,1.0
6,3570,25000,0.2627885341644287,0.37138625979423523,9.99999905104687e-09,1.0,9.99999905104687e-09,1.2907912605442107e-05,0.00013260057312436402,0.0007707451586611569,0.003766270587220788,0.01708979532122612,0.08220114558935165,0.5,0.5,1.0,1.0
6,3580,25000,0.26276692748069763,0.37137940526008606,9.99999905104687e-09,1.0,9.99999905104687e-09,1.2842072464991361e-05,0.0001312341628363356,0.0007713189697824419,0.0037807777989655733,0.017138361930847168,0.0824417844414711,0.5,0.5,1.0,1.0
6,3590,25000,0.26272132992744446,0.37134695053100586,9.99999905104687e-09,1.0,9.99999905104687e-09,1.2944261470693164e-05,0.00013187763397581875,0.0007734184619039297,0.0037377981934696436,0.017174135893583298,0.08224533498287201,0.5,0.5,1.0,1.0
6,3600,25000,0.2627946436405182,0.3713540732860565,9.99999905104687e-09,1.0,9.99999905104687e-09,1.2836927453463431e-05,0.00013188754383008927,0.0007682801806367934,0.0037930330727249384,0.017139308154582977,0.08236280828714371,0.5,0.5,1.0,1.0
6,3610,25000,0.2628088593482971,0.37136074900627136,9.99999905104687e-09,1.0,9.99999905104687e-09,1.2833731489081401e-05,0.00013181172835174948,0.0007737372070550919,0.003742232685908675,0.01701284945011139,0.08201304078102112,0.5,0.5,1.0,1.0
6,3620,25000,0.2627130448818207,0.3713715672492981,9.99999905104687e-09,1.0,9.99999905104687e-09,1.26750628623995e-05,0.00013192185724619776,0.0007687669713050127,0.003759685205295682,0.01714463159441948,0.08172693103551865,0.5,0.5,1.0,1.0
6,3630,25000,0.26276808977127075,0.3713318407535553,9.99999905104687e-09,1.0,9.99999905104687e-09,1.2852720828959718e-05,0.0001321908930549398,0.0007727332413196564,0.003756190650165081,0.017001014202833176,0.08198891580104828,0.5,0.5,1.0,1.0
6,3640,25000,0.26274290680885315,0.3713986873626709,9.99999905104687e-09,1.0,9.99999905104687e-09,1.2998656529816799e-05,0.00013212869816925377,0.000767826393712312,0.0037441763561218977,0.017024947330355644,0.08231886476278305,0.5,0.5,1.0,1.0
6,3650,25000,0.2627258598804474,0.3713354766368866,9.99999905104687e-09,1.0,9.99999905104687e-09,1.2868496924056672e-05,0.00013224559370428324,0.0007656679954379797,0.0037560537457466125,0.017099589109420776,0.0815979540348053,0.5,0.5,1.0,1.0
6,3660,25000,0.2627740204334259,0.37137371301651,9.99999905104687e-09,1.0,9.99999905104687e-09,1.274289024877362e-05,0.00013091618893668056,0.0007694311207160354,0.003757104044780135,0.017110614106059074,0.08227485418319702,0.5,0.5,1.0,1.0
6,3670,25000,0.26285427808761597,0.3713705241680145,9.99999905104687e-09,1.0,9.99999905104687e-09,1.2762964615831152e-05,0.00013287848560139537,0.0007774874684400856,0.003729802556335926,0.017018457874655724,0.08238821476697922,0.5,0.5,1.0,1.0
6,3680,25000,0.26271870732307434,0.37134090065956116,9.99999905104687e-09,1.0,9.99999905104687e-09,1.2814691217499785e-05,0.00013194694474805146,0.000773114908952266,0.003746782196685672,0.017120126634836197,0.0822313204407692,0.5,0.5,1.0,1.0
6,3690,25000,0.262739896774292,0.37134411931037903,9.99999905104687e-09,1.0,9.99999905104687e-09,1.2985595276404638e-05,0.00013253811630420387,0.0007669642218388617,0.0037600132636725903,0.01719028688967228,0.08221560716629028,0.5,0.5,1.0,1.0
6,3700,25000,0.26277798414230347,0.3713647127151489,9.99999905104687e-09,1.0,9.99999905104687e-09,1.2939587577420752e-05,0.00013036478776484728,0.000774000771343708,0.0037607618141919374,0.01701277494430542,0.08216137439012527,0.5,0.5,1.0,1.0
6,3710,25000,0.2627924084663391,0.37135744094848633,9.99999905104687e-09,1.0,9.99999905104687e-09,1.2817808055842761e-05,0.00013278880214784294,0.0007700120331719518,0.0037594614550471306,0.017112836241722107,0.08207772672176361,0.5,0.5,1.0,1.0
6,3720,25000,0.2628542184829712,0.37135931849479675,9.99999905104687e-09,1.0,9.99999905104687e-09,1.2681265616265591e-05,0.0001325255143456161,0.0007673988584429026,0.003772915108129382,0.01706276834011078,0.08219477534294128,0.5,0.5,1.0,1.0
6,3730,25000,0.2627488672733307,0.37140369415283203,9.99999905104687e-09,1.0,9.99999905104687e-09,1.291554235649528e-05,0.00013193969789426774,0.0007673620712012053,0.0037437453866004944,0.017031673341989517,0.08237045258283615,0.5,0.5,1.0,1.0
6,3740,25000,0.26273101568222046,0.37137383222579956,9.99999905104687e-09,1.0,9.99999905104687e-09,1.2875871107098646e-05,0.00013227059389464557,0.0007683400763198733,0.003755588550120592,0.017271559685468674,0.08191906660795212,0.5,0.5,1.0,1.0
6,3750,25000,0.2628118693828583,0.37138912081718445,9.99999905104687e-09,1.0,9.99999905104687e-09,1.2988914022571407e-05,0.00013259920524433255,0.000775162479840219,0.0037590377032756805,0.01710709184408188,0.08243498206138611,0.5,0.5,1.0,1.0
6,3760,25000,0.26270633935928345,0.3713381588459015,9.99999905104687e-09,1.0,9.99999905104687e-09,1.2865863027400337e-05,0.00013160328671801835,0.0007687623728998005,0.0037489694077521563,0.017116524279117584,0.08208787441253662,0.5,0.5,1.0,1.0
6,3770,25000,0.26268255710601807,0.371372789144516,9.99999905104687e-09,1.0,9.99999905104687e-09,1.2917896128783468e-05,0.00013239785039331764,0.0007658494869247079,0.0037888207007199526,0.01699337176978588,0.08184106647968292,0.5,0.5,1.0,1.0
6,3780,25000,0.26275354623794556,0.3713511824607849,9.99999905104687e-09,1.0,9.99999905104687e-09,1.2822564713133033e-05,0.00013201768160797656,0.0007707830518484116,0.003788931993767619,0.017097434028983116,0.08173266053199768,0.5,0.5,1.0,1.0
6,3790,25000,0.2627134621143341,0.37139180302619934,9.99999905104687e-09,1.0,9.99999905104687e-09,1.2911786143376958e-05,0.0001312386739300564,0.0007678673719055951,0.003745196620002389,0.01702331006526947,0.08172419667243958,0.5,0.5,1.0,1.0
6,3800,25000,0.2626963257789612,0.37135186791419983,9.99999905104687e-09,1.0,9.99999905104687e-09,1.2865724784205668e-05,0.00013047136599197984,0.0007672510109841824,0.003750884672626853,0.01695357635617256,0.08179028332233429,0.5,0.5,1.0,1.0
6,3810,25000,0.2627025544643402,0.37129083275794983,9.99999905104687e-09,1.0,9.99999905104687e-09,1.2773065463989042e-05,0.0001317868591286242,0.0007760384469293058,0.0038251623045653105,0.01707587018609047,0.08197101950645447,0.5,0.5,1.0,1.0
6,3820,25000,0.2628128230571747,0.37140560150146484,9.99999905104687e-09,1.0,9.99999905104687e-09,1.273027100978652e-05,0.00013036363816354424,0.0007701624999754131,0.0037606072146445513,0.017011139541864395,0.08207394927740097,0.5,0.5,1.0,1.0
6,3830,25000,0.2626890242099762,0.3713281452655792,9.99999905104687e-09,1.0,9.99999905104687e-09,1.2742432772938628e-05,0.00013150162703823298,0.0007731997757218778,0.003746215021237731,0.01698271930217743,0.0816669911146164,0.5,0.5,1.0,1.0
6,3840,25000,0.26275837421417236,0.3713838458061218,9.99999905104687e-09,1.0,9.99999905104687e-09,1.2996987607039046e-05,0.00013306832988746464,0.0007638910319656134,0.003745757043361664,0.017069082707166672,0.08205799013376236,0.5,0.5,1.0,1.0
6,3850,25000,0.2627372741699219,0.37136712670326233,9.99999905104687e-09,1.0,9.99999905104687e-09,1.2950104974152055e-05,0.00013146898709237576,0.0007688626646995544,0.0037410887889564037,0.017119158059358597,0.08174960315227509,0.5,0.5,1.0,1.0
6,3860,25000,0.2628084123134613,0.37133240699768066,9.99999905104687e-09,1.0,9.99999905104687e-09,1.2808802239305805e-05,0.00013174902414903045,0.0007699598209001124,0.003737867111340165,0.01712968200445175,0.08281345665454865,0.5,0.5,1.0,1.0
6,3870,25000,0.2628001570701599,0.37137359380722046,9.99999905104687e-09,1.0,9.99999905104687e-09,1.284304653381696e-05,0.00013168223085813224,0.0007757404819130898,0.0037858295254409313,0.017070569097995758,0.08174142241477966,0.5,0.5,1.0,1.0
6,3880,25000,0.2627579867839813,0.3713389039039612,9.99999905104687e-09,1.0,9.99999905104687e-09,1.2896904991066549e-05,0.0001327163918176666,0.0007746249320916831,0.0037488522939383984,0.01711278408765793,0.08251195400953293,0.5,0.5,1.0,1.0
6,3890,25000,0.26263824105262756,0.3713480234146118,9.99999905104687e-09,1.0,9.99999905104687e-09,1.2900412912131287e-05,0.00013264136214274913,0.0007702981238253415,0.003756777849048376,0.01712452620267868,0.08193670213222504,0.5,0.5,1.0,1.0
6,3900,25000,0.26276054978370667,0.3713720142841339,9.99999905104687e-09,1.0,9.99999905104687e-09,1.2941452951054089e-05,0.00013218419917393476,0.0007675540982745588,0.0037607867270708084,0.01702410727739334,0.08282627910375595,0.5,0.5,1.0,1.0
6,3910,25000,0.2627539038658142,0.3713703453540802,9.99999905104687e-09,1.0,9.99999905104687e-09,1.265391256310977e-05,0.00013096742623019964,0.0007756164995953441,0.0037277850788086653,0.016989191994071007,0.08191154152154922,0.5,0.5,1.0,1.0
6,3920,25000,0.26277074217796326,0.3714143633842468,9.99999905104687e-09,1.0,9.99999905104687e-09,1.2971110663784202e-05,0.00013183550618123263,0.0007750146323814988,0.0037465349305421114,0.017119035124778748,0.08204817771911621,0.5,0.5,1.0,1.0
6,3930,25000,0.26276805996894836,0.3713487684726715,9.99999905104687e-09,1.0,9.99999905104687e-09,1.270360553462524e-05,0.00013211945770308375,0.0007797624566592276,0.0037641534581780434,0.01710660196840763,0.08263508230447769,0.5,0.5,1.0,1.0
6,3940,25000,0.26275554299354553,0.3714064955711365,9.99999905104687e-09,1.0,9.99999905104687e-09,1.2846453500969801e-05,0.00013132661115378141,0.0007726237527094781,0.0037650521844625473,0.017007023096084595,0.0819893628358841,0.5,0.5,1.0,1.0
6,3950,25000,0.262708455324173,0.37139979004859924,9.99999905104687e-09,1.0,9.99999905104687e-09,1.2889792742498685e-05,0.00013162354298401624,0.000768631580285728,0.0037595140747725964,0.017017308622598648,0.0813342034816742,0.5,0.5,1.0,1.0
6,3960,25000,0.2628142833709717,0.37140896916389465,9.99999905104687e-09,1.0,9.99999905104687e-09,1.2827199498133268e-05,0.00013194956409279257,0.0007617897936142981,0.0037526332307606936,0.016974853351712227,0.08200806379318237,0.5,0.5,1.0,1.0
6,3970,25000,0.26278775930404663,0.3713769018650055,9.99999905104687e-09,1.0,9.99999905104687e-09,1.2932314348290674e-05,0.00013206482981331646,0.0007720441208221018,0.0037635022308677435,0.017128828912973404,0.08196664601564407,0.5,0.5,1.0,1.0
6,3980,25000,0.26277875900268555,0.3713896572589874,9.99999905104687e-09,1.0,9.99999905104687e-09,1.2910403711430263e-05,0.0001315547851845622,0.0007752531091682613,0.003788794856518507,0.017080221325159073,0.08233827352523804,0.5,0.5,1.0,1.0
6,3990,25000,0.26272863149642944,0.37135210633277893,9.99999905104687e-09,1.0,9.99999905104687e-09,1.3047598258708604e-05,0.00013264259905554354,0.0007677890243940055,0.003788393223658204,0.017102766782045364,0.08195622265338898,0.5,0.5,1.0,1.0
6,4000,25000,0.2627929151058197,0.37137851119041443,9.99999905104687e-09,1.0,9.99999905104687e-09,1.2781423720298335e-05,0.0001321789313806221,0.0007637449307367206,0.0037897704169154167,0.016985034570097923,0.08246239274740219,0.5,0.5,1.0,1.0
6,4010,25000,0.26280948519706726,0.3713294565677643,9.99999905104687e-09,1.0,9.99999905104687e-09,1.2866134056821465e-05,0.00013176440552342683,0.0007765699410811067,0.003766786539927125,0.01722433790564537,0.08202783763408661,0.5,0.5,1.0,1.0
6,4020,25000,0.2627354562282562,0.37142255902290344,9.99999905104687e-09,1.0,9.99999905104687e-09,1.2868462363258004e-05,0.00013116549234837294,0.0007757148123346269,0.0037627355195581913,0.017092252150177956,0.08164090663194656,0.5,0.5,1.0,1.0
6,4030,25000,0.26272279024124146,0.3713599443435669,9.99999905104687e-09,1.0,9.99999905104687e-09,1.2874889762315433e-05,0.00013257982209324837,0.0007679820409975946,0.003761802101507783,0.017240937799215317,0.08186282217502594,0.5,0.5,1.0,1.0
6,4040,25000,0.2627098560333252,0.37135860323905945,9.99999905104687e-09,1.0,9.99999905104687e-09,1.287366740143625e-05,0.00013249761832412332,0.0007743190508335829,0.0037571440916508436,0.017082054167985916,0.08202466368675232,0.5,0.5,1.0,1.0
6,4050,25000,0.2627319395542145,0.3713710606098175,9.99999905104687e-09,1.0,9.99999905104687e-09,1.2926017006975599e-05,0.00013172387843951583,0.0007800423773005605,0.0037547575775533915,0.017033901065587997,0.081852026283741,0.5,0.5,1.0,1.0
6,4060,25000,0.26278239488601685,0.3713638186454773,9.99999905104687e-09,1.0,9.99999905104687e-09,1.2671342119574547e-05,0.00013178146036807448,0.0007723300368525088,0.0037528355605900288,0.017116421833634377,0.0817422941327095,0.5,0.5,1.0,1.0
6,4070,25000,0.26282334327697754,0.3713909089565277,9.99999905104687e-09,1.0,9.99999905104687e-09,1.2813685316359624e-05,0.00013203344133216888,0.0007664203294552863,0.003761419327929616,0.01708081364631653,0.08216391503810883,0.5,0.5,1.0,1.0
6,4080,25000,0.26269587874412537,0.3714084029197693,9.99999905104687e-09,1.0,9.99999905104687e-09,1.2931272067362443e-05,0.0001328298239968717,0.0007680263370275497,0.0037311341147869825,0.017075952142477036,0.08193673938512802,0.5,0.5,1.0,1.0
6,4090,25000,0.26271358132362366,0.3713865578174591,9.99999905104687e-09,1.0,9.99999905104687e-09,1.2921162124257535e-05,0.0001312691456405446,0.0007690850179642439,0.0037201910745352507,0.01706247217953205,0.081839419901371,0.5,0.5,1.0,1.0
6,4100,25000,0.26284125447273254,0.3713913559913635,9.99999905104687e-09,1.0,9.99999905104687e-09,1.2734664778690785e-05,0.00013260068953968585,0.0007775722187943757,0.0037679735105484724,0.01708330772817135,0.08227385580539703,0.5,0.5,1.0,1.0
6,4110,25000,0.26273849606513977,0.37135717272758484,9.99999905104687e-09,1.0,9.99999905104687e-09,1.2908393728139345e-05,0.000132064800709486,0.0007675295928493142,0.0037478727754205465,0.01695023477077484,0.08199882507324219,0.5,0.5,1.0,1.0
6,4120,25000,0.2627153992652893,0.37141454219818115,9.99999905104687e-09,1.0,9.99999905104687e-09,1.2915082152176183e-05,0.0001300735748372972,0.0007633871864527464,0.0037885047495365143,0.01704344153404236,0.08099985867738724,0.5,0.5,1.0,1.0
6,4130,25000,0.26279085874557495,0.371380478143692,9.99999905104687e-09,1.0,9.99999905104687e-09,1.27827397591318e-05,0.00013133560423739254,0.0007757637067697942,0.0038034371100366116,0.01713475212454796,0.082210473716259,0.5,0.5,1.0,1.0
6,4140,25000,0.26273760199546814,0.37139391899108887,9.99999905104687e-09,1.0,9.99999905104687e-09,1.309092840529047e-05,0.00013214501086622477,0.0007692300714552402,0.0037397935520857573,0.016987843438982964,0.08194788545370102,0.5,0.5,1.0,1.0
6,4150,25000,0.2627331614494324,0.3713882267475128,9.99999905104687e-09,1.0,9.99999905104687e-09,1.2905319636047352e-05,0.00013191263133194298,0.0007712048245593905,0.0037541480269283056,0.016909243538975716,0.08215321600437164,0.5,0.5,1.0,1.0
6,4160,25000,0.2628158926963806,0.3713856339454651,9.99999905104687e-09,1.0,9.99999905104687e-09,1.2839464943681378e-05,0.00013115617912262678,0.0007724438910372555,0.0037405556067824364,0.01724988780915737,0.08248898386955261,0.5,0.5,1.0,1.0
6,4170,25000,0.262751966714859,0.3713436424732208,9.99999905104687e-09,1.0,9.99999905104687e-09,1.2848656297137495e-05,0.00013275668607093394,0.0007715400424785912,0.003781038336455822,0.0171409472823143,0.08287669718265533,0.5,0.5,1.0,1.0
6,4180,25000,0.2627689242362976,0.37135258316993713,9.99999905104687e-09,1.0,9.99999905104687e-09,1.2867463738075458e-05,0.00013281680003274232,0.0007748925127089024,0.0037737535312771797,0.01710386388003826,0.08235921710729599,0.5,0.5,1.0,1.0
6,4190,25000,0.2627744972705841,0.3713422119617462,9.99999905104687e-09,1.0,9.99999905104687e-09,1.2915797015011776e-05,0.00013090186985209584,0.0007704960880801082,0.0037801361177116632,0.017181765288114548,0.08241385221481323,0.5,0.5,1.0,1.0
6,4200,25000,0.2628183960914612,0.3713702857494354,9.99999905104687e-09,1.0,9.99999905104687e-09,1.3005801520193927e-05,0.00013260878040455282,0.000775448395870626,0.0037190730217844248,0.01723884418606758,0.08188795298337936,0.5,0.5,1.0,1.0
6,4210,25000,0.2627745270729065,0.3713776171207428,9.99999905104687e-09,1.0,9.99999905104687e-09,1.291365970246261e-05,0.00013131699233781546,0.0007777391001582146,0.0037436524871736765,0.01714084856212139,0.08214609324932098,0.5,0.5,1.0,1.0
6,4220,25000,0.26273807883262634,0.37135249376296997,9.99999905104687e-09,1.0,9.99999905104687e-09,1.2820819392800331e-05,0.00013242039131000638,0.0007769903750158846,0.003762282431125641,0.017138879746198654,0.08208178728818893,0.5,0.5,1.0,1.0
6,4230,25000,0.2627227008342743,0.3713519275188446,9.99999905104687e-09,1.0,9.99999905104687e-09,1.2817567039746791e-05,0.00013118919741827995,0.0007739403517916799,0.0037597124464809895,0.0171655360609293,0.08194131404161453,0.5,0.5,1.0,1.0
6,4240,25000,0.2627195417881012,0.3713687062263489,9.99999905104687e-09,1.0,9.99999905104687e-09,1.282741595787229e-05,0.00013181890244595706,0.000771737250033766,0.003768652444705367,0.01702345535159111,0.08200273662805557,0.5,0.5,1.0,1.0
6,4250,25000,0.2627347409725189,0.3713527321815491,9.99999905104687e-09,1.0,9.99999905104687e-09,1.3110551662975922e-05,0.00013144957483746111,0.000768279773183167,0.0037395271938294172,0.016988996416330338,0.0817047581076622,0.5,0.5,1.0,1.0
6,4260,25000,0.2627042531967163,0.371372789144516,9.99999905104687e-09,1.0,9.99999905104687e-09,1.2906566553283483e-05,0.00013230170588940382,0.0007715445244684815,0.0037452634423971176,0.017046993598341942,0.08190988749265671,0.5,0.5,1.0,1.0
6,4270,25000,0.26275500655174255,0.37139976024627686,9.99999905104687e-09,1.0,9.99999905104687e-09,1.2848506230511703e-05,0.00013291063078213483,0.0007712016813457012,0.003744269721210003,0.017128190025687218,0.08165904879570007,0.5,0.5,1.0,1.0
6,4280,25000,0.2627582252025604,0.3713810443878174,9.99999905104687e-09,1.0,9.99999905104687e-09,1.294266439799685e-05,0.00013153337931726128,0.0007684064330533147,0.0037474208511412144,0.017073746770620346,0.0823659673333168,0.5,0.5,1.0,1.0
6,4290,25000,0.26268795132637024,0.3713395595550537,9.99999905104687e-09,1.0,9.99999905104687e-09,1.2813292414648458e-05,0.0001328707585344091,0.0007729309145361185,0.0037861040327697992,0.017142152413725853,0.08215513080358505,0.5,0.5,1.0,1.0
6,4300,25000,0.2628270387649536,0.3713393211364746,9.99999905104687e-09,1.0,9.99999905104687e-09,1.2786849765689112e-05,0.0001329041551798582,0.0007706264150328934,0.0037679977249354124,0.0170414038002491,0.08298694342374802,0.5,0.5,1.0,1.0
6,4310,25000,0.26277413964271545,0.3713688552379608,9.99999905104687e-09,1.0,9.99999905104687e-09,1.2900928595627192e-05,0.0001317632559221238,0.0007665391894988716,0.003754694014787674,0.016997147351503372,0.08218367397785187,0.5,0.5,1.0,1.0
6,4320,25000,0.26278939843177795,0.37139126658439636,9.99999905104687e-09,1.0,9.99999905104687e-09,1.2929703189001884e-05,0.00013158131332602352,0.0007691255887039006,0.0037515826988965273,0.017020326107740402,0.0814872607588768,0.5,0.5,1.0,1.0
6,4330,25000,0.26273927092552185,0.37136605381965637,9.99999905104687e-09,1.0,9.99999905104687e-09,1.2964513189217541e-05,0.00013169925659894943,0.0007703274022787809,0.003794455900788307,0.017066650092601776,0.08171457797288895,0.5,0.5,1.0,1.0
6,4340,25000,0.2627941370010376,0.37138602137565613,9.99999905104687e-09,1.0,9.99999905104687e-09,1.293234254262643e-05,0.00013122284144628793,0.0007656234665773809,0.0037392121739685535,0.017114052549004555,0.08180911839008331,0.5,0.5,1.0,1.0
6,4350,25000,0.2627826929092407,0.37136977910995483,9.99999905104687e-09,1.0,9.99999905104687e-09,1.2862194125773385e-05,0.00013245623267721385,0.0007734430837444961,0.003778274403885007,0.017069876194000244,0.08209573477506638,0.5,0.5,1.0,1.0
6,4360,25000,0.2627620995044708,0.3713875412940979,9.99999905104687e-09,1.0,9.99999905104687e-09,1.295143647439545e-05,0.00013160755042918026,0.0007683116709813476,0.003736331360414624,0.017110608518123627,0.08211340010166168,0.5,0.5,1.0,1.0
6,4370,25000,0.2628079354763031,0.3713790774345398,9.99999905104687e-09,1.0,9.99999905104687e-09,1.2872797015006654e-05,0.00013172096805647016,0.0007694190135225654,0.0037593927700072527,0.017123451456427574,0.08248334378004074,0.5,0.5,1.0,1.0
6,4380,25000,0.26281505823135376,0.3713817596435547,9.99999905104687e-09,1.0,9.99999905104687e-09,1.2828937542508356e-05,0.00013209487951826304,0.0007741073495708406,0.0037527417298406363,0.017083868384361267,0.0818663015961647,0.5,0.5,1.0,1.0
6,4390,25000,0.26271262764930725,0.3713817596435547,9.99999905104687e-09,1.0,9.99999905104687e-09,1.2936015082232188e-05,0.00013110270083416253,0.0007698113331571221,0.0037891368847340345,0.01709190383553505,0.08182033151388168,0.5,0.5,1.0,1.0
6,4400,25000,0.26278963685035706,0.3714042603969574,9.99999905104687e-09,1.0,9.99999905104687e-09,1.2817155038646888e-05,0.00013219829997979105,0.0007669456535950303,0.003735358826816082,0.016992708668112755,0.08184336125850677,0.5,0.5,1.0,1.0
6,4410,25000,0.26269662380218506,0.3713347911834717,9.99999905104687e-09,1.0,9.99999905104687e-09,1.285304460907355e-05,0.00013075798051431775,0.0007681279676035047,0.0037481384351849556,0.016996782273054123,0.08181661367416382,0.5,0.5,1.0,1.0
6,4420,25000,0.26278650760650635,0.3713548183441162,9.99999905104687e-09,1.0,9.99999905104687e-09,1.29318659674027e-05,0.00013187261356506497,0.0007748433272354305,0.003771361196413636,0.01706109568476677,0.08165425062179565,0.5,0.5,1.0,1.0
6,4430,25000,0.26282912492752075,0.3714049458503723,9.99999905104687e-09,1.0,9.99999905104687e-09,1.2901154150313232e-05,0.0001314044202445075,0.0007679976406507194,0.0037319438997656107,0.01718694530427456,0.0818759948015213,0.5,0.5,1.0,1.0
6,4440,25000,0.2628357410430908,0.37137511372566223,9.99999905104687e-09,1.0,9.99999905104687e-09,1.2949193660460878e-05,0.00013297605619300157,0.0007718394626863301,0.0037832907401025295,0.017108971253037453,0.08293863385915756,0.5,0.5,1.0,1.0
6,4450,25000,0.26279550790786743,0.37138640880584717,9.99999905104687e-09,1.0,9.99999905104687e-09,1.2807488019461744e-05,0.0001320096489507705,0.0007734604878351092,0.0037647567223757505,0.01694064401090145,0.08197693526744843,0.5,0.5,1.0,1.0
6,4460,25000,0.26278257369995117,0.37141183018684387,9.99999905104687e-09,1.0,9.99999905104687e-09,1.2980694918951485e-05,0.00013194822531659156,0.0007670546183362603,0.003751683747395873,0.01713051274418831,0.08209516108036041,0.5,0.5,1.0,1.0
6,4470,25000,0.2627793252468109,0.37140214443206787,9.99999905104687e-09,1.0,9.99999905104687e-09,1.28781048260862e-05,0.00013097477494738996,0.0007723516901023686,0.0037837643176317215,0.017105571925640106,0.08248016983270645,0.5,0.5,1.0,1.0
6,4480,25000,0.26269346475601196,0.3713207244873047,9.99999905104687e-09,1.0,9.99999905104687e-09,1.2902302842121571e-05,0.00013032708375249058,0.0007671868661418557,0.0037502858322113752,0.01703677698969841,0.08195692300796509,0.5,0.5,1.0,1.0
6,4490,25000,0.26277002692222595,0.37136587500572205,9.99999905104687e-09,1.0,9.99999905104687e-09,1.3020088772464078e-05,0.00013184340787120163,0.0007652092026546597,0.0037770664785057306,0.01716175116598606,0.08214425295591354,0.5,0.5,1.0,1.0
6,4500,25000,0.2628026008605957,0.37137535214424133,9.99999905104687e-09,1.0,9.99999905104687e-09,1.2955922102264594e-05,0.00013238466635812074,0.0007725019240751863,0.003754363628104329,0.0171516090631485,0.08185245096683502,0.5,0.5,1.0,1.0
6,4510,25000,0.262821763753891,0.3714044690132141,9.99999905104687e-09,1.0,9.99999905104687e-09,1.28609190142015e-05,0.00013220118125900626,0.0007752538658678532,0.0037726163864135742,0.017099175602197647,0.08203031122684479,0.5,0.5,1.0,1.0
6,4520,25000,0.2627926766872406,0.3713904619216919,9.99999905104687e-09,1.0,9.99999905104687e-09,1.2814687579520978e-05,0.00013188240700401366,0.0007629350875504315,0.0037583084776997566,0.01702553778886795,0.08178656548261642,0.5,0.5,1.0,1.0
6,4530,25000,0.26272186636924744,0.37136027216911316,9.99999905104687e-09,1.0,9.99999905104687e-09,1.274766600545263e-05,0.00013133636093698442,0.0007758336141705513,0.00374293583445251,0.01703626848757267,0.08179526776075363,0.5,0.5,1.0,1.0
6,4540,25000,0.26265406608581543,0.37135064601898193,9.99999905104687e-09,1.0,9.99999905104687e-09,1.2824189980165102e-05,0.00013139515067450702,0.0007699897396378219,0.003736235899850726,0.016935698688030243,0.08163697272539139,0.5,0.5,1.0,1.0
6,4550,25000,0.2626926302909851,0.37134671211242676,9.99999905104687e-09,1.0,9.99999905104687e-09,1.2801426237274427e-05,0.000131602690089494,0.0007694449741393328,0.0037529165856540203,0.017086321488022804,0.08201383054256439,0.5,0.5,1.0,1.0
6,4560,25000,0.26281607151031494,0.37137845158576965,9.99999905104687e-09,1.0,9.99999905104687e-09,1.2768184205924626e-05,0.00013107490667607635,0.0007717458065599203,0.0037690920289605856,0.01710592582821846,0.08185244351625443,0.5,0.5,1.0,1.0
6,4570,25000,0.2627292573451996,0.3713737726211548,9.99999905104687e-09,1.0,9.99999905104687e-09,1.2914935723529197e-05,0.0001305008918279782,0.0007705698953941464,0.0037409672513604164,0.01706130988895893,0.0814589262008667,0.5,0.5,1.0,1.0
6,4580,25000,0.26277050375938416,0.37137535214424133,9.99999905104687e-09,1.0,9.99999905104687e-09,1.279766274819849e-05,0.000131830049213022,0.00077151192817837,0.003765235422179103,0.017159000039100647,0.0818103551864624,0.5,0.5,1.0,1.0
6,4590,25000,0.2627142667770386,0.3713725805282593,9.99999905104687e-09,1.0,9.99999905104687e-09,1.272162171517266e-05,0.0001314987166551873,0.0007729743956588209,0.003758815350010991,0.017065715044736862,0.08204261213541031,0.5,0.5,1.0,1.0
6,4600,25000,0.26278921961784363,0.3713853657245636,9.99999905104687e-09,1.0,9.99999905104687e-09,1.3005171240365598e-05,0.00013207529264036566,0.0007712238584645092,0.003761430736631155,0.017060471698641777,0.08244699239730835,0.5,0.5,1.0,1.0
6,4610,25000,0.2627335786819458,0.37135395407676697,9.99999905104687e-09,1.0,9.99999905104687e-09,1.2814895853807684e-05,0.00013202818809077144,0.000762196839787066,0.003734627040103078,0.01702011749148369,0.08210475742816925,0.5,0.5,1.0,1.0
6,4620,25000,0.262692928314209,0.3713565170764923,9.99999905104687e-09,1.0,9.99999905104687e-09,1.2798759598808829e-05,0.00013115561159793288,0.0007716806721873581,0.003728616051375866,0.016874050721526146,0.08199454843997955,0.5,0.5,1.0,1.0
6,4630,25000,0.2628176510334015,0.3713662326335907,9.99999905104687e-09,1.0,9.99999905104687e-09,1.2826439160562586e-05,0.00013146011042408645,0.0007688554469496012,0.0037694782949984074,0.01716133952140808,0.08239667862653732,0.5,0.5,1.0,1.0
6,4640,25000,0.2627744972705841,0.37138575315475464,9.99999905104687e-09,1.0,9.99999905104687e-09,1.3036524251219817e-05,0.00013213406782597303,0.0007716680411249399,0.0037251636385917664,0.017143938690423965,0.08177586644887924,0.5,0.5,1.0,1.0
6,4650,25000,0.2628260850906372,0.3713913559913635,9.99999905104687e-09,1.0,9.99999905104687e-09,1.2810177395294886e-05,0.00013357608986552805,0.0007787123322486877,0.0037861978635191917,0.01721780374646187,0.08234017342329025,0.5,0.5,1.0,1.0
6,4660,25000,0.2627560794353485,0.37135812640190125,9.99999905104687e-09,1.0,9.99999905104687e-09,1.2891787264379673e-05,0.00013236983795650303,0.0007748507778160274,0.003754827193915844,0.017264412716031075,0.0821172371506691,0.5,0.5,1.0,1.0
6,4670,25000,0.26279953122138977,0.3713889420032501,9.99999905104687e-09,1.0,9.99999905104687e-09,1.2854251508542802e-05,0.0001314876280957833,0.0007725726463831961,0.003783134976401925,0.017079759389162064,0.08159550279378891,0.5,0.5,1.0,1.0
6,4680,25000,0.26278236508369446,0.37135425209999084,9.99999905104687e-09,1.0,9.99999905104687e-09,1.2736838471028022e-05,0.00013150136510375887,0.0007730713114142418,0.0037824236787855625,0.017170827835798264,0.08224053680896759,0.5,0.5,1.0,1.0
6,4690,25000,0.26280272006988525,0.3713764250278473,9.99999905104687e-09,1.0,9.99999905104687e-09,1.2983300621272065e-05,0.00013100281648803502,0.0007683425210416317,0.003761310363188386,0.017071902751922607,0.08207531273365021,0.5,0.5,1.0,1.0
6,4700,25000,0.2628130316734314,0.3713633418083191,9.99999905104687e-09,1.0,9.99999905104687e-09,1.285884172830265e-05,0.00013137793575879186,0.0007731668301858008,0.0037623667158186436,0.017098642885684967,0.08248446881771088,0.5,0.5,1.0,1.0
6,4710,25000,0.2627434730529785,0.37139618396759033,9.99999905104687e-09,1.0,9.99999905104687e-09,1.2884894204034936e-05,0.00013253229553811252,0.000772543833591044,0.003780044848099351,0.0171478521078825,0.08236058056354523,0.5,0.5,1.0,1.0
6,4720,25000,0.26281192898750305,0.3713638186454773,9.99999905104687e-09,1.0,9.99999905104687e-09,1.275846989301499e-05,0.00013221462722867727,0.0007774220430292189,0.003773463424295187,0.017196495085954666,0.08192513138055801,0.5,0.5,1.0,1.0
6,4730,25000,0.262734979391098,0.37138375639915466,9.99999905104687e-09,1.0,9.99999905104687e-09,1.290289219468832e-05,0.00013090352877043188,0.0007664512959308922,0.0037814199458807707,0.017082454636693,0.08219531178474426,0.5,0.5,1.0,1.0
6,4740,25000,0.2627173662185669,0.3713393807411194,9.99999905104687e-09,1.0,9.99999905104687e-09,1.2752063412335701e-05,0.00013168671284802258,0.0007691386854276061,0.0037514190189540386,0.01708047091960907,0.0826488807797432,0.5,0.5,1.0,1.0
6,4750,25000,0.2627786695957184,0.37138524651527405,9.99999905104687e-09,1.0,9.99999905104687e-09,1.289003103011055e-05,0.00013173178012948483,0.0007708931225351989,0.003741705557331443,0.017021112143993378,0.0818379670381546,0.5,0.5,1.0,1.0
6,4760,25000,0.26280930638313293,0.37134984135627747,9.99999905104687e-09,1.0,9.99999905104687e-09,1.2754897397826426e-05,0.00013180836685933173,0.0007716267718933523,0.0037863326724618673,0.017035383731126785,0.0822097435593605,0.5,0.5,1.0,1.0
6,4770,25000,0.2627629041671753,0.37135469913482666,9.99999905104687e-09,1.0,9.99999905104687e-09,1.2807871826225892e-05,0.00013155362103134394,0.0007726936019025743,0.0037437600549310446,0.017127230763435364,0.08187995851039886,0.5,0.5,1.0,1.0
6,4780,25000,0.26269087195396423,0.37132808566093445,9.99999905104687e-09,1.0,9.99999905104687e-09,1.2865039025200531e-05,0.00013176559878047556,0.0007684216252528131,0.003756364108994603,0.0170772485435009,0.08194731920957565,0.5,0.5,1.0,1.0
6,4790,25000,0.26279377937316895,0.3713521361351013,9.99999905104687e-09,1.0,9.99999905104687e-09,1.2986646652279887e-05,0.00013131718151271343,0.0007717541302554309,0.0037723074201494455,0.01711805909872055,0.0823507010936737,0.5,0.5,1.0,1.0
6,4800,25000,0.2628072500228882,0.3713441789150238,9.99999905104687e-09,1.0,9.99999905104687e-09,1.2893099665234331e-05,0.00013149622827768326,0.0007688238401897252,0.0037659003864973783,0.017186608165502548,0.08227569609880447,0.5,0.5,1.0,1.0
6,4810,25000,0.2627968192100525,0.37139004468917847,9.99999905104687e-09,1.0,9.99999905104687e-09,1.2857874025939964e-05,0.00013185618445277214,0.0007683406583964825,0.003753161756321788,0.017147690057754517,0.0814734473824501,0.5,0.5,1.0,1.0
6,4820,25000,0.2626991868019104,0.3713339865207672,9.99999905104687e-09,1.0,9.99999905104687e-09,1.287347731704358e-05,0.0001320393057540059,0.0007657031528651714,0.003769749542698264,0.017027053982019424,0.08201278001070023,0.5,0.5,1.0,1.0
6,4830,25000,0.26278287172317505,0.3713756203651428,9.99999905104687e-09,1.0,9.99999905104687e-09,1.2825380508729722e-05,0.00013333637616597116,0.0007679192931391299,0.00372877879999578,0.017122909426689148,0.08220777660608292,0.5,0.5,1.0,1.0
6,4840,25000,0.26277175545692444,0.37139782309532166,9.99999905104687e-09,1.0,9.99999905104687e-09,1.2790503205906134e-05,0.00013247117749415338,0.0007669419865123928,0.003771692980080843,0.016908293589949608,0.0817570835351944,0.5,0.5,1.0,1.0
6,4850,25000,0.26272013783454895,0.37135279178619385,9.99999905104687e-09,1.0,9.99999905104687e-09,1.3049110748397652e-05,0.0001314084220211953,0.0007721987785771489,0.0037833857350051403,0.017136678099632263,0.0819203332066536,0.5,0.5,1.0,1.0
6,4860,25000,0.2627754509449005,0.37137383222579956,9.99999905104687e-09,1.0,9.99999905104687e-09,1.2754880117427092e-05,0.00013238951214589179,0.0007652172935195267,0.0037843796890228987,0.017170529812574387,0.08206058293581009,0.5,0.5,1.0,1.0
6,4870,25000,0.26277056336402893,0.3713913559913635,9.99999905104687e-09,1.0,9.99999905104687e-09,1.2829855222662445e-05,0.00013168188161216676,0.0007684244774281979,0.0037294342182576656,0.016967957839369774,0.08229230344295502,0.5,0.5,1.0,1.0
6,4880,25000,0.2627125382423401,0.37136390805244446,9.99999905104687e-09,1.0,9.99999905104687e-09,1.2844921002397314e-05,0.00013155050692148507,0.0007652236381545663,0.003749001771211624,0.017031103372573853,0.08169567584991455,0.5,0.5,1.0,1.0
6,4890,25000,0.26275408267974854,0.3713855743408203,9.99999905104687e-09,1.0,9.99999905104687e-09,1.2940990927745588e-05,0.00013221886183600873,0.0007697283872403204,0.0037603499367833138,0.017022745683789253,0.08232830464839935,0.5,0.5,1.0,1.0
6,4900,25000,0.26275646686553955,0.3713586628437042,9.99999905104687e-09,1.0,9.99999905104687e-09,1.2889454410469625e-05,0.00013115178444422781,0.000768581754527986,0.0037640368100255728,0.01711231842637062,0.08175919950008392,0.5,0.5,1.0,1.0
6,4910,25000,0.2627071440219879,0.37137478590011597,9.99999905104687e-09,1.0,9.99999905104687e-09,1.2817034075851552e-05,0.0001304696488659829,0.0007739838329143822,0.003722383873537183,0.01701800897717476,0.08209804445505142,0.5,0.5,1.0,1.0
6,4920,25000,0.26265376806259155,0.37138262391090393,9.99999905104687e-09,1.0,9.99999905104687e-09,1.2903188689961098e-05,0.00013193412451073527,0.0007658136892132461,0.0037440997548401356,0.016991395503282547,0.08128493279218674,0.5,0.5,1.0,1.0
6,4930,25000,0.2627808153629303,0.3713548183441162,9.99999905104687e-09,1.0,9.99999905104687e-09,1.2796069313480984e-05,0.00013150855374988168,0.0007708666380494833,0.0037544742226600647,0.017008207738399506,0.08218033611774445,0.5,0.5,1.0,1.0
6,4940,25000,0.26277056336402893,0.3713815212249756,9.99999905104687e-09,1.0,9.99999905104687e-09,1.2759030141751282e-05,0.00013096009206492454,0.0007682639989070594,0.003739219158887863,0.01705218479037285,0.08198363333940506,0.5,0.5,1.0,1.0
6,4950,25000,0.262788325548172,0.37137603759765625,9.99999905104687e-09,1.0,9.99999905104687e-09,1.2840173440054059e-05,0.00013206974836066365,0.0007726564072072506,0.00373580539599061,0.017068322747945786,0.08193687349557877,0.5,0.5,1.0,1.0
6,4960,25000,0.2627638876438141,0.371372789144516,9.99999905104687e-09,1.0,9.99999905104687e-09,1.2845712262787856e-05,0.00013197305088397115,0.0007730757934041321,0.003769898321479559,0.01708183065056801,0.08228325098752975,0.5,0.5,1.0,1.0
6,4970,25000,0.2627689838409424,0.3713815212249756,9.99999905104687e-09,1.0,9.99999905104687e-09,1.3077232324576471e-05,0.00013164500705897808,0.0007733151433058083,0.003755398793146014,0.017140531912446022,0.08191972970962524,0.5,0.5,1.0,1.0
6,4980,25000,0.26275837421417236,0.3713785707950592,9.99999905104687e-09,1.0,9.99999905104687e-09,1.2765986866725143e-05,0.00013053676229901612,0.0007675204542465508,0.003791959723457694,0.017088044434785843,0.0824870616197586,0.5,0.5,1.0,1.0
6,4990,25000,0.2628004550933838,0.3713696599006653,9.99999905104687e-09,1.0,9.99999905104687e-09,1.2918354514113162e-05,0.00013265556481201202,0.0007672148640267551,0.0037673325277864933,0.01714295521378517,0.08170835673809052,0.5,0.5,1.0,1.0
6,5000,25000,0.26277920603752136,0.3713701069355011,9.99999905104687e-09,1.0,9.99999905104687e-09,1.2934701771882828e-05,0.00013347425556275994,0.000773804378695786,0.003797486424446106,0.01692837104201317,0.08226191997528076,0.5,0.5,1.0,1.0
6,5010,25000,0.2627101540565491,0.3713705539703369,9.99999905104687e-09,1.0,9.99999905104687e-09,1.2851999599661212e-05,0.0001311555242864415,0.0007693971274420619,0.003792783711105585,0.017049971967935562,0.0815691128373146,0.5,0.5,1.0,1.0
6,5020,25000,0.26277458667755127,0.37135425209999084,9.99999905104687e-09,1.0,9.99999905104687e-09,1.2724374755634926e-05,0.0001320570008829236,0.0007727171177975833,0.0037583764642477036,0.017166007310152054,0.08178035914897919,0.5,0.5,1.0,1.0
6,5030,25000,0.26280519366264343,0.3713459074497223,9.99999905104687e-09,1.0,9.99999905104687e-09,1.283057554246625e-05,0.00013182607654016465,0.0007691663922742009,0.0037708324380218983,0.016975171864032745,0.08227618783712387,0.5,0.5,1.0,1.0
6,5040,25000,0.26279306411743164,0.37135985493659973,9.99999905104687e-09,1.0,9.99999905104687e-09,1.2801375305571128e-05,0.00013109379506204277,0.0007671203929930925,0.003760066581889987,0.017150897532701492,0.08237271755933762,0.5,0.5,1.0,1.0
6,5050,25000,0.26269450783729553,0.3713798522949219,9.99999905104687e-09,1.0,9.99999905104687e-09,1.2920284461870324e-05,0.00013127892452757806,0.0007728689815849066,0.0037596949841827154,0.01701631024479866,0.08182934671640396,0.5,0.5,1.0,1.0
6,5060,25000,0.26274359226226807,0.37136131525039673,9.99999905104687e-09,1.0,9.99999905104687e-09,1.2947594768775161e-05,0.00013211493205744773,0.0007740333676338196,0.0037745933514088392,0.01702376827597618,0.08157965540885925,0.5,0.5,1.0,1.0
6,5070,25000,0.2627872824668884,0.3713715970516205,9.99999905104687e-09,1.0,9.99999905104687e-09,1.3007927918806672e-05,0.00013229863543529063,0.0007698032422922552,0.003790995804592967,0.01711476407945156,0.08246901631355286,0.5,0.5,1.0,1.0
6,5080,25000,0.26275962591171265,0.37138745188713074,9.99999905104687e-09,1.0,9.99999905104687e-09,1.2889445315522607e-05,0.00013317271077539772,0.0007677326793782413,0.0037626505363732576,0.017097052186727524,0.08174682408571243,0.5,0.5,1.0,1.0
6,5090,25000,0.26277488470077515,0.37136223912239075,9.99999905104687e-09,1.0,9.99999905104687e-09,1.2917402273160405e-05,0.00013093239977024496,0.0007693460211157799,0.0037705074064433575,0.017075031995773315,0.0820990800857544,0.5,0.5,1.0,1.0
6,5100,25000,0.26280391216278076,0.3713812530040741,9.99999905104687e-09,1.0,9.99999905104687e-09,1.2942350622324739e-05,0.00013204905553720891,0.0007734436658211052,0.003744999412447214,0.017065271735191345,0.08252677321434021,0.5,0.5,1.0,1.0
6,5110,25000,0.26275867223739624,0.37139084935188293,9.99999905104687e-09,1.0,9.99999905104687e-09,1.280560900340788e-05,0.00013109906285535544,0.0007659810944460332,0.0037724452558904886,0.017083505168557167,0.08201733231544495,0.5,0.5,1.0,1.0
6,5120,25000,0.2628181278705597,0.3713954985141754,9.99999905104687e-09,1.0,9.99999905104687e-09,1.2832667380280327e-05,0.0001318579015787691,0.0007725495961494744,0.0037652431055903435,0.01712728664278984,0.08243638277053833,0.5,0.5,1.0,1.0
6,5130,25000,0.2627899944782257,0.371380478143692,9.99999905104687e-09,1.0,9.99999905104687e-09,1.2844213415519334e-05,0.00013195577776059508,0.0007664629956707358,0.0037779798731207848,0.017116719856858253,0.08265336602926254,0.5,0.5,1.0,1.0
6,5140,25000,0.26281288266181946,0.37140318751335144,9.99999905104687e-09,1.0,9.99999905104687e-09,1.2899586181447376e-05,0.0001311110972892493,0.0007704759482294321,0.003771161427721381,0.017229333519935608,0.08184920996427536,0.5,0.5,1.0,1.0
6,5150,25000,0.2628113329410553,0.37136852741241455,9.99999905104687e-09,1.0,9.99999905104687e-09,1.2831932508561295e-05,0.00013023427163716406,0.0007748418138362467,0.00375734968110919,0.017185095697641373,0.08238498866558075,0.5,0.5,1.0,1.0
6,5160,25000,0.2628079354763031,0.37142127752304077,9.99999905104687e-09,1.0,9.99999905104687e-09,1.285211601498304e-05,0.00013188118464313447,0.00076886429451406,0.003760232590138912,0.017053067684173584,0.08212965726852417,0.5,0.5,1.0,1.0
6,5170,25000,0.26278576254844666,0.3714084029197693,9.99999905104687e-09,1.0,9.99999905104687e-09,1.2923504982609302e-05,0.00013188185403123498,0.0007771800737828016,0.0037680245004594326,0.017214644700288773,0.08242188394069672,0.5,0.5,1.0,1.0
6,5180,25000,0.2627069354057312,0.3713432848453522,9.99999905104687e-09,1.0,9.99999905104687e-09,1.2865868484368548e-05,0.00013205059804022312,0.0007786567439325154,0.0037594151217490435,0.017042797058820724,0.08242920786142349,0.5,0.5,1.0,1.0
6,5190,25000,0.262746661901474,0.37135618925094604,9.99999905104687e-09,1.0,9.99999905104687e-09,1.274722490052227e-05,0.00013170023157726973,0.0007699737325310707,0.0037608686834573746,0.017035024240612984,0.08187051117420197,0.5,0.5,1.0,1.0
6,5200,25000,0.2627587914466858,0.37140312790870667,9.99999905104687e-09,1.0,9.99999905104687e-09,1.282048560824478e-05,0.00013199870591051877,0.0007662377320230007,0.0037491407711058855,0.017039278522133827,0.08200623095035553,0.5,0.5,1.0,1.0
6,5210,25000,0.262797474861145,0.3713960647583008,9.99999905104687e-09,1.0,9.99999905104687e-09,1.2862019502790645e-05,0.00013200484681874514,0.0007676957757212222,0.0037483542691916227,0.01712600141763687,0.08193553239107132,0.5,0.5,1.0,1.0
6,5220,25000,0.2627604305744171,0.37138500809669495,9.99999905104687e-09,1.0,9.99999905104687e-09,1.292635624849936e-05,0.00013162610412109643,0.0007660107803530991,0.0037518679164350033,0.016938399523496628,0.08190017193555832,0.5,0.5,1.0,1.0
6,5230,25000,0.26285919547080994,0.37136852741241455,9.99999905104687e-09,1.0,9.99999905104687e-09,1.281087224924704e-05,0.00013234744255896658,0.0007639378891326487,0.003765214467421174,0.017232745885849,0.08244556188583374,0.5,0.5,1.0,1.0
6,5240,25000,0.26286154985427856,0.3713761568069458,9.99999905104687e-09,1.0,9.99999905104687e-09,1.2787241757905576e-05,0.00013236999802757055,0.0007776315324008465,0.003782491199672222,0.017071615904569626,0.08263381570577621,0.5,0.5,1.0,1.0
6,5250,25000,0.26278460025787354,0.3714085519313812,9.99999905104687e-09,1.0,9.99999905104687e-09,1.2817401511711068e-05,0.00013043952640146017,0.0007719001732766628,0.003764703869819641,0.01702752709388733,0.0819225162267685,0.5,0.5,1.0,1.0
6,5260,25000,0.26276540756225586,0.3713735342025757,9.99999905104687e-09,1.0,9.99999905104687e-09,1.2974689525435679e-05,0.0001329776569036767,0.0007761154556646943,0.0037308307364583015,0.017071370035409927,0.08150902390480042,0.5,0.5,1.0,1.0
6,5270,25000,0.26268646121025085,0.3713522255420685,9.99999905104687e-09,1.0,9.99999905104687e-09,1.2998971214983612e-05,0.00013208534801378846,0.0007704335730522871,0.003748827613890171,0.017033874988555908,0.08189939707517624,0.5,0.5,1.0,1.0
6,5280,25000,0.26281461119651794,0.37136486172676086,9.99999905104687e-09,1.0,9.99999905104687e-09,1.2878082088718656e-05,0.00013179493544157594,0.0007689384510740638,0.003795701079070568,0.017096616327762604,0.0822930783033371,0.5,0.5,1.0,1.0
6,5290,25000,0.2627207338809967,0.37139490246772766,9.99999905104687e-09,1.0,9.99999905104687e-09,1.2817632523365319e-05,0.00013288874470163137,0.0007714126841165125,0.003767026122659445,0.01706920564174652,0.08196569979190826,0.5,0.5,1.0,1.0
6,5300,25000,0.2627597749233246,0.37138718366622925,9.99999905104687e-09,1.0,9.99999905104687e-09,1.2985561625100672e-05,0.00013288889022078365,0.0007716683903709054,0.0037532253190875053,0.017139945179224014,0.08167077600955963,0.5,0.5,1.0,1.0
6,5310,25000,0.26278188824653625,0.3713438808917999,9.99999905104687e-09,1.0,9.99999905104687e-09,1.297273593081627e-05,0.00013228959869593382,0.0007759364088997245,0.003766816109418869,0.017125887796282768,0.0822179988026619,0.5,0.5,1.0,1.0
6,5320,25000,0.2627588212490082,0.37137824296951294,9.99999905104687e-09,1.0,9.99999905104687e-09,1.2757184777001385e-05,0.00013225759903434664,0.000770538579672575,0.0037501610349863768,0.01710297167301178,0.0817941352725029,0.5,0.5,1.0,1.0
6,5330,25000,0.26279568672180176,0.3713524639606476,9.99999905104687e-09,1.0,9.99999905104687e-09,1.2830857485823799e-05,0.00013261062849778682,0.0007734413375146687,0.0037599937058985233,0.017144743353128433,0.08224934339523315,0.5,0.5,1.0,1.0
6,5340,25000,0.2627442479133606,0.3713933527469635,9.99999905104687e-09,1.0,9.99999905104687e-09,1.2809633517463226e-05,0.0001320293958997354,0.0007636512746103108,0.0037492145784199238,0.017070410773158073,0.08195779472589493,0.5,0.5,1.0,1.0
6,5350,25000,0.2627687156200409,0.37137728929519653,9.99999905104687e-09,1.0,9.99999905104687e-09,1.279724165215157e-05,0.00013222750567365438,0.0007715322426520288,0.0037536134477704763,0.017008675262331963,0.08210236579179764,0.5,0.5,1.0,1.0
6,5360,25000,0.2627985179424286,0.37140336632728577,9.99999905104687e-09,1.0,9.99999905104687e-09,1.2855868590122554e-05,0.00013250033953227103,0.0007708568591624498,0.003761719213798642,0.01715230941772461,0.08191376179456711,0.5,0.5,1.0,1.0
6,5370,25000,0.2627588212490082,0.37138986587524414,9.99999905104687e-09,1.0,9.99999905104687e-09,1.2891413462057244e-05,0.0001324439945165068,0.0007690844358876348,0.00377934449352324,0.017084293067455292,0.08214984834194183,0.5,0.5,1.0,1.0
6,5380,25000,0.26277783513069153,0.37136924266815186,9.99999905104687e-09,1.0,9.99999905104687e-09,1.2945484741067048e-05,0.00013280977145768702,0.0007737876730971038,0.0037759323604404926,0.017075490206480026,0.08228317648172379,0.5,0.5,1.0,1.0
6,5390,25000,0.2627122700214386,0.37138673663139343,9.99999905104687e-09,1.0,9.99999905104687e-09,1.2953480108990334e-05,0.0001304182078456506,0.0007678803522139788,0.003758396487683058,0.01704520545899868,0.08187234401702881,0.5,0.5,1.0,1.0
6,5400,25000,0.2627735137939453,0.37138447165489197,9.99999905104687e-09,1.0,9.99999905104687e-09,1.279908883589087e-05,0.00013098763884045184,0.0007720747380517423,0.0037867885548621416,0.017016492784023285,0.08212901651859283,0.5,0.5,1.0,1.0
6,5410,25000,0.26271575689315796,0.37140023708343506,9.99999905104687e-09,1.0,9.99999905104687e-09,1.2826760212192312e-05,0.00013099878560751677,0.0007702395087108016,0.0037929031532257795,0.01709473878145218,0.08175630122423172,0.5,0.5,1.0,1.0
6,5420,25000,0.2627657651901245,0.3713575601577759,9.99999905104687e-09,1.0,9.99999905104687e-09,1.294883077207487e-05,0.0001314439286943525,0.0007711754296906292,0.0037454895209521055,0.017182566225528717,0.08161833882331848,0.5,0.5,1.0,1.0
6,5430,25000,0.2627098560333252,0.3713805079460144,9.99999905104687e-09,1.0,9.99999905104687e-09,1.298564257012913e-05,0.00013157192734070122,0.0007671230123378336,0.0037505796644836664,0.016949601471424103,0.08225283026695251,0.5,0.5,1.0,1.0
6,5440,25000,0.26266589760780334,0.3713434040546417,9.99999905104687e-09,1.0,9.99999905104687e-09,1.2884131137980148e-05,0.00013223617861513048,0.0007714662933722138,0.003758842358365655,0.017055198550224304,0.08192455768585205,0.5,0.5,1.0,1.0
6,5450,25000,0.2627485394477844,0.3714013397693634,9.99999905104687e-09,1.0,9.99999905104687e-09,1.2851402061642148e-05,0.00013173626211937517,0.0007776959682814777,0.0037458452861756086,0.017056994140148163,0.08214640617370605,0.5,0.5,1.0,1.0
6,5460,25000,0.26277419924736023,0.3713696002960205,9.99999905104687e-09,1.0,9.99999905104687e-09,1.2794340364052914e-05,0.00013036030577495694,0.0007724044262431562,0.003744236659258604,0.017065662890672684,0.08208280056715012,0.5,0.5,1.0,1.0
6,5470,25000,0.2627626657485962,0.37138715386390686,9.99999905104687e-09,1.0,9.99999905104687e-09,1.284493464481784e-05,0.00013186567230150104,0.0007693598745390773,0.0037529352121055126,0.01694122701883316,0.0817350521683693,0.5,0.5,1.0,1.0
6,5480,25000,0.26269644498825073,0.37138184905052185,9.99999905104687e-09,1.0,9.99999905104687e-09,1.280554715776816e-05,0.0001321092277066782,0.0007739956490695477,0.0037696887739002705,0.01706116646528244,0.08193276822566986,0.5,0.5,1.0,1.0
6,5490,25000,0.2627657353878021,0.37135687470436096,9.99999905104687e-09,1.0,9.99999905104687e-09,1.2911611520394217e-05,0.00013198147644288838,0.0007710812496952713,0.0037596323527395725,0.017085053026676178,0.0824006199836731,0.5,0.5,1.0,1.0
6,5500,25000,0.2627757489681244,0.3713877201080322,9.99999905104687e-09,1.0,9.99999905104687e-09,1.2977390724699944e-05,0.00013186465366743505,0.0007738234708085656,0.003733026795089245,0.017073839902877808,0.08213657140731812,0.5,0.5,1.0,1.0
6,5510,25000,0.26275911927223206,0.3713981509208679,9.99999905104687e-09,1.0,9.99999905104687e-09,1.2830378182115965e-05,0.00013203969865571707,0.0007668955367989838,0.0037559305783361197,0.01705891638994217,0.0819447860121727,0.5,0.5,1.0,1.0
6,5520,25000,0.26271510124206543,0.37140050530433655,9.99999905104687e-09,1.0,9.99999905104687e-09,1.2855462045990862e-05,0.00013263394066598266,0.0007711383514106274,0.0037496183067560196,0.017004653811454773,0.08117375522851944,0.5,0.5,1.0,1.0
6,5530,25000,0.26280832290649414,0.37136217951774597,9.99999905104687e-09,1.0,9.99999905104687e-09,1.2888952369394246e-05,0.00013277270772960037,0.0007654924993403256,0.00375055568292737,0.017120562493801117,0.08227106183767319,0.5,0.5,1.0,1.0
6,5540,25000,0.26279833912849426,0.37136977910995483,9.99999905104687e-09,1.0,9.99999905104687e-09,1.2890250218333676e-05,0.00013198099622968584,0.0007711517391726375,0.003773703472688794,0.017203807830810547,0.08226525038480759,0.5,0.5,1.0,1.0
6,5550,25000,0.2628091275691986,0.37136977910995483,9.99999905104687e-09,1.0,9.99999905104687e-09,1.2746960237564053e-05,0.0001321634917985648,0.0007735781837254763,0.003746289061382413,0.01713745668530464,0.08208650350570679,0.5,0.5,1.0,1.0
6,5560,25000,0.2627752125263214,0.3713930547237396,9.99999905104687e-09,1.0,9.99999905104687e-09,1.2714938748104032e-05,0.00013244958245195448,0.000776221917476505,0.0037633960600942373,0.016981417313218117,0.0818234458565712,0.5,0.5,1.0,1.0
6,5570,25000,0.2628089189529419,0.37138229608535767,9.99999905104687e-09,1.0,9.99999905104687e-09,1.2902252819912974e-05,0.00013106355618219823,0.0007678039255551994,0.003743013832718134,0.01707160845398903,0.08242932707071304,0.5,0.5,1.0,1.0
6,5580,25000,0.2628456950187683,0.37139230966567993,9.99999905104687e-09,1.0,9.99999905104687e-09,1.2674666322709527e-05,0.0001311018131673336,0.0007699171546846628,0.003761692438274622,0.017086245119571686,0.0820397436618805,0.5,0.5,1.0,1.0
6,5590,25000,0.2627926170825958,0.3714166581630707,9.99999905104687e-09,1.0,9.99999905104687e-09,1.2952717042935546e-05,0.00013208370364736766,0.0007634187350049615,0.003757113590836525,0.01700606569647789,0.08208563178777695,0.5,0.5,1.0,1.0
6,5600,25000,0.26266753673553467,0.3713892102241516,9.99999905104687e-09,1.0,9.99999905104687e-09,1.2895386134914588e-05,0.0001308052451349795,0.0007691821083426476,0.003735089674592018,0.017030779272317886,0.0819164514541626,0.5,0.5,1.0,1.0
6,5610,25000,0.26272740960121155,0.37136247754096985,9.99999905104687e-09,1.0,9.99999905104687e-09,1.2891374353785068e-05,0.00013182258408050984,0.0007685971795581281,0.0037334056105464697,0.016896840184926987,0.08190327137708664,0.5,0.5,1.0,1.0
6,5620,25000,0.26287001371383667,0.3714044690132141,9.99999905104687e-09,1.0,9.99999905104687e-09,1.2977676306036301e-05,0.00013190507888793945,0.0007689081248827279,0.0037622018717229366,0.017122618854045868,0.08195492625236511,0.5,0.5,1.0,1.0
6,5630,25000,0.2627929151058197,0.371395081281662,9.99999905104687e-09,1.0,9.99999905104687e-09,1.2802308447135147e-05,0.00013058949843980372,0.0007687003817409277,0.003786912187933922,0.017081936821341515,0.08167382329702377,0.5,0.5,1.0,1.0
6,5640,25000,0.26267683506011963,0.3713797330856323,9.99999905104687e-09,1.0,9.99999905104687e-09,1.297841481573414e-05,0.0001314817345701158,0.0007649929611943662,0.0037591613363474607,0.016936270520091057,0.08161410689353943,0.5,0.5,1.0,1.0
6,5650,25000,0.26277631521224976,0.37142086029052734,9.99999905104687e-09,1.0,9.99999905104687e-09,1.2818090908695012e-05,0.00013130209117662162,0.0007708685589022934,0.0037577159237116575,0.016953598707914352,0.08219350874423981,0.5,0.5,1.0,1.0
6,5660,25000,0.2627991735935211,0.37141844630241394,9.99999905104687e-09,1.0,9.99999905104687e-09,1.2919819710077718e-05,0.00013221542758401483,0.0007654207292944193,0.0037512367125600576,0.01699213683605194,0.08223967999219894,0.5,0.5,1.0,1.0
6,5670,25000,0.26273152232170105,0.37136757373809814,9.99999905104687e-09,1.0,9.99999905104687e-09,1.3012995623284951e-05,0.00013117369962856174,0.0007687236065976322,0.0037603473756462336,0.017118413001298904,0.0816783607006073,0.5,0.5,1.0,1.0
6,5680,25000,0.2627900540828705,0.37138935923576355,9.99999905104687e-09,1.0,9.99999905104687e-09,1.2869648344349116e-05,0.00013093151210341603,0.0007706985343247652,0.00377186038531363,0.017033111304044724,0.08186128735542297,0.5,0.5,1.0,1.0
6,5690,25000,0.2628573477268219,0.37139636278152466,9.99999905104687e-09,1.0,9.99999905104687e-09,1.2830159903387539e-05,0.00013308168854564428,0.0007706991746090353,0.003758360631763935,0.017157334834337234,0.08221319317817688,0.5,0.5,1.0,1.0
6,5700,25000,0.2627422511577606,0.371378630399704,9.99999905104687e-09,1.0,9.99999905104687e-09,1.2905247785965912e-05,0.00013177184155210853,0.00077697669621557,0.003746031317859888,0.017032582312822342,0.08137424290180206,0.5,0.5,1.0,1.0
6,5710,25000,0.26270583271980286,0.3713776767253876,9.99999905104687e-09,1.0,9.99999905104687e-09,1.2877856534032617e-05,0.00013210582255851477,0.0007630925392732024,0.0037896933499723673,0.017100533470511436,0.08188498765230179,0.5,0.5,1.0,1.0
6,5720,25000,0.26278042793273926,0.37136703729629517,9.99999905104687e-09,1.0,9.99999905104687e-09,1.3006794688408263e-05,0.0001325395714957267,0.0007741088047623634,0.0037475754506886005,0.01708824560046196,0.08157563954591751,0.5,0.5,1.0,1.0
6,5730,25000,0.26280003786087036,0.3713931441307068,9.99999905104687e-09,1.0,9.99999905104687e-09,1.2922901078127325e-05,0.0001313399989157915,0.0007657551323063672,0.003754837205633521,0.01713234931230545,0.0823337510228157,0.5,0.5,1.0,1.0
6,5740,25000,0.26280584931373596,0.37138909101486206,9.99999905104687e-09,1.0,9.99999905104687e-09,1.2938084182678722e-05,0.0001314659311901778,0.0007696248358115554,0.0037590477149933577,0.017083656042814255,0.08217203617095947,0.5,0.5,1.0,1.0
6,5750,25000,0.2627135217189789,0.3713945746421814,9.99999905104687e-09,1.0,9.99999905104687e-09,1.2728615729429293e-05,0.00013216630031820387,0.0007737406995147467,0.003766343928873539,0.017113130539655685,0.08155715465545654,0.5,0.5,1.0,1.0
6,5760,25000,0.26273131370544434,0.37135547399520874,9.99999905104687e-09,1.0,9.99999905104687e-09,1.3054875125817489e-05,0.00013251717609819025,0.0007702570874243975,0.0037595934700220823,0.017205718904733658,0.08163230866193771,0.5,0.5,1.0,1.0
6,5770,25000,0.26268941164016724,0.3713625371456146,9.99999905104687e-09,1.0,9.99999905104687e-09,1.2939834959979635e-05,0.0001324283512076363,0.0007746879709884524,0.0037729425821453333,0.01700134202837944,0.08185786008834839,0.5,0.5,1.0,1.0
6,5780,25000,0.2627451419830322,0.37138882279396057,9.99999905104687e-09,1.0,9.99999905104687e-09,1.2922574569529388e-05,0.0001309099025093019,0.0007689845515415072,0.0037335515953600407,0.017027832567691803,0.08214674144983292,0.5,0.5,1.0,1.0
6,5790,25000,0.26277270913124084,0.3713407516479492,9.99999905104687e-09,1.0,9.99999905104687e-09,1.2826152669731528e-05,0.00013194959319662303,0.0007731695077382028,0.0037768795154988766,0.017061032354831696,0.08234997093677521,0.5,0.5,1.0,1.0
6,5800,25000,0.26276639103889465,0.3714018166065216,9.99999905104687e-09,1.0,9.99999905104687e-09,1.2676728147198446e-05,0.00013036729069426656,0.000764310359954834,0.0037487843073904514,0.017068777233362198,0.08170078694820404,0.5,0.5,1.0,1.0
6,5810,25000,0.2628125846385956,0.37144091725349426,9.99999905104687e-09,1.0,9.99999905104687e-09,1.2760569006786682e-05,0.00013181760732550174,0.00077439023880288,0.0037687637377530336,0.017057139426469803,0.08220836520195007,0.5,0.5,1.0,1.0
6,5820,25000,0.26281607151031494,0.3713977038860321,9.99999905104687e-09,1.0,9.99999905104687e-09,1.2862590665463358e-05,0.00013225399015937,0.000773632200434804,0.003787590190768242,0.0171099454164505,0.08155297487974167,0.5,0.5,1.0,1.0
6,5830,25000,0.262780100107193,0.3713867962360382,9.99999905104687e-09,1.0,9.99999905104687e-09,1.3125352779752575e-05,0.00013291038339957595,0.000774065381847322,0.003770143026486039,0.01702415943145752,0.08166944980621338,0.5,0.5,1.0,1.0
6,5840,25000,0.2627814710140228,0.3713868260383606,9.99999905104687e-09,1.0,9.99999905104687e-09,1.2697594684141222e-05,0.00013193396443966776,0.0007783948094584048,0.0037751884665340185,0.017081119120121002,0.08187559992074966,0.5,0.5,1.0,1.0
6,5850,25000,0.2628478407859802,0.37138405442237854,9.99999905104687e-09,1.0,9.99999905104687e-09,1.2929436707054265e-05,0.0001306852063862607,0.0007707328186370432,0.0037829468492418528,0.017244357615709305,0.0824698954820633,0.5,0.5,1.0,1.0
6,5860,25000,0.26287269592285156,0.3714071810245514,9.99999905104687e-09,1.0,9.99999905104687e-09,1.2976371181139257e-05,0.00013272426440380514,0.0007770427037030458,0.003760596504434943,0.017211906611919403,0.08211297541856766,0.5,0.5,1.0,1.0
6,5870,25000,0.26276764273643494,0.37136316299438477,9.99999905104687e-09,1.0,9.99999905104687e-09,1.2730804883176461e-05,0.00013400375610217452,0.000773814448621124,0.003768305294215679,0.017139656469225883,0.08213019371032715,0.5,0.5,1.0,1.0
6,5880,25000,0.2626373767852783,0.3713775873184204,9.99999905104687e-09,1.0,9.99999905104687e-09,1.2843142030760646e-05,0.0001315651898039505,0.0007670558989048004,0.003742886707186699,0.01707325130701065,0.08111824840307236,0.5,0.5,1.0,1.0
6,5890,25000,0.2628394365310669,0.37141868472099304,9.99999905104687e-09,1.0,9.99999905104687e-09,1.2943743058713153e-05,0.00013226157170720398,0.0007774799596518278,0.0037772580981254578,0.017077455297112465,0.0819857195019722,0.5,0.5,1.0,1.0
6,5900,25000,0.2628222405910492,0.37141236662864685,9.99999905104687e-09,1.0,9.99999905104687e-09,1.2862210496678017e-05,0.0001327132631558925,0.0007686595199629664,0.003747133072465658,0.0170450359582901,0.08198108524084091,0.5,0.5,1.0,1.0
6,5910,25000,0.26274946331977844,0.3713919520378113,9.99999905104687e-09,1.0,9.99999905104687e-09,1.3032227798248641e-05,0.00013133205357007682,0.0007697489927522838,0.0037524623330682516,0.016938190907239914,0.08202459663152695,0.5,0.5,1.0,1.0
6,5920,25000,0.26272010803222656,0.3713979721069336,9.99999905104687e-09,1.0,9.99999905104687e-09,1.266909202968236e-05,0.00013204127026256174,0.0007698234403505921,0.003767296439036727,0.01713622733950615,0.08212846517562866,0.5,0.5,1.0,1.0
6,5930,25000,0.2627708315849304,0.37141934037208557,9.99999905104687e-09,1.0,9.99999905104687e-09,1.282069570152089e-05,0.000131923719891347,0.0007696218090131879,0.0037718212697654963,0.017009705305099487,0.08211060613393784,0.5,0.5,1.0,1.0
6,5940,25000,0.2627893090248108,0.3714004158973694,9.99999905104687e-09,1.0,9.99999905104687e-09,1.2875249922217336e-05,0.00013218270032666624,0.0007680433336645365,0.00378986494615674,0.017119642347097397,0.0819561555981636,0.5,0.5,1.0,1.0
6,5950,25000,0.26279863715171814,0.37139973044395447,9.99999905104687e-09,1.0,9.99999905104687e-09,1.2854599845013581e-05,0.00013152491010259837,0.0007669880869798362,0.0037640093360096216,0.01708924025297165,0.08210508525371552,0.5,0.5,1.0,1.0
6,5960,25000,0.26283884048461914,0.37143370509147644,9.99999905104687e-09,1.0,9.99999905104687e-09,1.2933360267197713e-05,0.00013073754962533712,0.0007704294985160232,0.0037544360384345055,0.017114698886871338,0.08230498433113098,0.5,0.5,1.0,1.0
6,5970,25000,0.2627691626548767,0.3713938891887665,9.99999905104687e-09,1.0,9.99999905104687e-09,1.2999080354347825e-05,0.00013195509382057935,0.0007744120084680617,0.0037582942750304937,0.01707589067518711,0.08195523172616959,0.5,0.5,1.0,1.0
6,5980,25000,0.26266077160835266,0.37136322259902954,9.99999905104687e-09,1.0,9.99999905104687e-09,1.2974162928003352e-05,0.00013242046406958252,0.0007695782696828246,0.003762457286939025,0.016981353983283043,0.0820978581905365,0.5,0.5,1.0,1.0
6,5990,25000,0.2627362906932831,0.3713546693325043,9.99999905104687e-09,1.0,9.99999905104687e-09,1.2795336260751355e-05,0.00013179371308069676,0.0007679126574657857,0.0037566337268799543,0.01710483431816101,0.08202409744262695,0.5,0.5,1.0,1.0
6,6000,25000,0.262767493724823,0.37138646841049194,9.99999905104687e-09,1.0,9.99999905104687e-09,1.2868230442109052e-05,0.00013126482372172177,0.0007723571616224945,0.00371993868611753,0.01707998476922512,0.08189935982227325,0.5,0.5,1.0,1.0
6,6010,25000,0.2627812623977661,0.37139078974723816,9.99999905104687e-09,1.0,9.99999905104687e-09,1.2980140127183404e-05,0.0001305762561969459,0.0007706582546234131,0.003749589901417494,0.017014406621456146,0.08236949145793915,0.5,0.5,1.0,1.0
6,6020,25000,0.2627836763858795,0.37138810753822327,9.99999905104687e-09,1.0,9.99999905104687e-09,1.274666647077538e-05,0.00013200752437114716,0.0007654184591956437,0.0037870232481509447,0.017095740884542465,0.08217211812734604,0.5,0.5,1.0,1.0
6,6030,25000,0.2627524137496948,0.3713742196559906,9.99999905104687e-09,1.0,9.99999905104687e-09,1.2840719136875123e-05,0.0001318483118666336,0.0007720755529589951,0.003737008199095726,0.01724066212773323,0.08209642022848129,0.5,0.5,1.0,1.0
6,6040,25000,0.262783944606781,0.37135183811187744,9.99999905104687e-09,1.0,9.99999905104687e-09,1.2804574907931965e-05,0.0001321511372225359,0.000769226171541959,0.003783340100198984,0.01707005500793457,0.08205503970384598,0.5,0.5,1.0,1.0
6,6050,25000,0.2627236545085907,0.37139639258384705,9.99999905104687e-09,1.0,9.99999905104687e-09,1.2721492566925008e-05,0.00013072426372673362,0.0007738817948848009,0.003746769391000271,0.01698809489607811,0.081873819231987,0.5,0.5,1.0,1.0
6,6060,25000,0.2627994120121002,0.37141335010528564,9.99999905104687e-09,1.0,9.99999905104687e-09,1.2685321962635498e-05,0.00013308048073668033,0.00076880311826244,0.0037823279853910208,0.017108816653490067,0.08191320300102234,0.5,0.5,1.0,1.0
6,6070,25000,0.262731671333313,0.371397465467453,9.99999905104687e-09,1.0,9.99999905104687e-09,1.2903278729936574e-05,0.00013327512715477496,0.0007644582656212151,0.003748362185433507,0.016976693645119667,0.08185817301273346,0.5,0.5,1.0,1.0
6,6080,25000,0.2627992331981659,0.37138500809669495,9.99999905104687e-09,1.0,9.99999905104687e-09,1.2811689884983934e-05,0.00013235400547273457,0.000771697610616684,0.00380755215883255,0.017174476757645607,0.0824529305100441,0.5,0.5,1.0,1.0
6,6090,25000,0.2628045082092285,0.3713894486427307,9.99999905104687e-09,1.0,9.99999905104687e-09,1.2843443983001634e-05,0.00013164567644707859,0.0007740315631963313,0.0037870919331908226,0.017144672572612762,0.08182860165834427,0.5,0.5,1.0,1.0
6,6100,25000,0.26287540793418884,0.37138161063194275,9.99999905104687e-09,1.0,9.99999905104687e-09,1.2852235158788972e-05,0.00013226504961494356,0.0007792113465256989,0.003772841766476631,0.017013059929013252,0.08240360766649246,0.5,0.5,1.0,1.0
6,6110,25000,0.2627860903739929,0.3714064955711365,9.99999905104687e-09,1.0,9.99999905104687e-09,1.2976730431546457e-05,0.00013146460696589202,0.0007686343742534518,0.0037499526515603065,0.01705271378159523,0.08205405622720718,0.5,0.5,1.0,1.0
6,6120,25000,0.2628292441368103,0.37139567732810974,9.99999905104687e-09,1.0,9.99999905104687e-09,1.2814911315217614e-05,0.00013188783486839384,0.0007718454580754042,0.0037492834962904453,0.016992874443531036,0.08273831009864807,0.5,0.5,1.0,1.0
6,6130,25000,0.2627642750740051,0.37139448523521423,9.99999905104687e-09,1.0,9.99999905104687e-09,1.2953224540979136e-05,0.0001310653315158561,0.0007742594461888075,0.0037415754050016403,0.017006423324346542,0.0818151906132698,0.5,0.5,1.0,1.0
6,6140,25000,0.2628113925457001,0.37141939997673035,9.99999905104687e-09,1.0,9.99999905104687e-09,1.285479902435327e-05,0.00013104552635923028,0.0007743560126982629,0.0037852658424526453,0.01708146184682846,0.08205068111419678,0.5,0.5,1.0,1.0
6,6150,25000,0.262842059135437,0.37140244245529175,9.99999905104687e-09,1.0,9.99999905104687e-09,1.2720831364276819e-05,0.00013134905020706356,0.0007741342997178435,0.0037824183236807585,0.017096102237701416,0.08185280859470367,0.5,0.5,1.0,1.0
6,6160,25000,0.2628014385700226,0.37139374017715454,9.99999905104687e-09,1.0,9.99999905104687e-09,1.2683920431300066e-05,0.00013148428115528077,0.00077126978430897,0.0037497691810131073,0.016895197331905365,0.08225315064191818,0.5,0.5,1.0,1.0
6,6170,25000,0.26269420981407166,0.371381014585495,9.99999905104687e-09,1.0,9.99999905104687e-09,1.2905243238492403e-05,0.00013187727017793804,0.0007680289563722908,0.0037305401638150215,0.017057329416275024,0.0817706435918808,0.5,0.5,1.0,1.0
6,6180,25000,0.26271745562553406,0.3713817596435547,9.99999905104687e-09,1.0,9.99999905104687e-09,1.2892563063360285e-05,0.00013165062409825623,0.0007717808475717902,0.0037645925767719746,0.016973746940493584,0.0818185955286026,0.5,0.5,1.0,1.0
6,6190,25000,0.2627815902233124,0.37142080068588257,9.99999905104687e-09,1.0,9.99999905104687e-09,1.2750184396281838e-05,0.00013129164290148765,0.0007658343529328704,0.0037331178318709135,0.016917556524276733,0.08183687180280685,0.5,0.5,1.0,1.0
6,6200,25000,0.2627517580986023,0.3713670074939728,9.99999905104687e-09,1.0,9.99999905104687e-09,1.295658694289159e-05,0.00013266182213556021,0.0007709063356742263,0.0037550930865108967,0.017047207802534103,0.08244981616735458,0.5,0.5,1.0,1.0
6,6210,25000,0.2628595232963562,0.3714129328727722,9.99999905104687e-09,1.0,9.99999905104687e-09,1.2757320291711949e-05,0.00013106180995237082,0.0007658478571102023,0.0037371290381997824,0.017169630154967308,0.08234594017267227,0.5,0.5,1.0,1.0
6,6220,25000,0.26274991035461426,0.37138357758522034,9.99999905104687e-09,1.0,9.99999905104687e-09,1.2833105756726582e-05,0.00013247458264231682,0.0007670580525882542,0.0037309268955141306,0.017071621492505074,0.08202561736106873,0.5,0.5,1.0,1.0
6,6230,25000,0.26280608773231506,0.37142398953437805,9.99999905104687e-09,1.0,9.99999905104687e-09,1.2826228157791775e-05,0.00013096582551952451,0.0007784836343489587,0.003761976957321167,0.01716994121670723,0.08169852942228317,0.5,0.5,1.0,1.0
6,6240,25000,0.2627919316291809,0.3713858127593994,9.99999905104687e-09,1.0,9.99999905104687e-09,1.2806610357074533e-05,0.00013106722326483577,0.0007689592312090099,0.0037677851505577564,0.017087869346141815,0.0821581482887268,0.5,0.5,1.0,1.0
6,6250,25000,0.26276615262031555,0.37138938903808594,9.99999905104687e-09,1.0,9.99999905104687e-09,1.27755574794719e-05,0.00013170531019568443,0.000770123559050262,0.003764939960092306,0.017070721834897995,0.08212552219629288,0.5,0.5,1.0,1.0
6,6260,25000,0.2627702057361603,0.37138229608535767,9.99999905104687e-09,1.0,9.99999905104687e-09,1.291466560360277e-05,0.00013268426118884236,0.0007776590064167976,0.0037516041193157434,0.017148802056908607,0.08262630552053452,0.5,0.5,1.0,1.0
6,6270,25000,0.2627590298652649,0.3713604807853699,9.99999905104687e-09,1.0,9.99999905104687e-09,1.2977945516468026e-05,0.00013041950296610594,0.000768445257563144,0.0037357937544584274,0.017117884010076523,0.08220192044973373,0.5,0.5,1.0,1.0
6,6280,25000,0.26277294754981995,0.371369868516922,9.99999905104687e-09,1.0,9.99999905104687e-09,1.2948506082466338e-05,0.00013140255759935826,0.0007712607039138675,0.0037590274587273598,0.01720399409532547,0.0822727233171463,0.5,0.5,1.0,1.0
6,6290,25000,0.26279136538505554,0.37141579389572144,9.99999905104687e-09,1.0,9.99999905104687e-09,1.2885878277302254e-05,0.0001319756411248818,0.0007715881802141666,0.0037784564774483442,0.017070841044187546,0.08199474960565567,0.5,0.5,1.0,1.0
6,6300,25000,0.2627371847629547,0.3713485300540924,9.99999905104687e-09,1.0,9.99999905104687e-09,1.2971840988029726e-05,0.00013284661690704525,0.0007751705124974251,0.0037731474731117487,0.017210811376571655,0.0818750336766243,0.5,0.5,1.0,1.0
6,6310,25000,0.26286354660987854,0.3714166581630707,9.99999905104687e-09,1.0,9.99999905104687e-09,1.2893490747956093e-05,0.00013264112931210548,0.0007689498015679419,0.003749232739210129,0.01710028573870659,0.08150229603052139,0.5,0.5,1.0,1.0
6,6320,25000,0.262775719165802,0.3713805377483368,9.99999905104687e-09,1.0,9.99999905104687e-09,1.2827465980080888e-05,0.00013122511154506356,0.0007739717257209122,0.003745578695088625,0.017109503969550133,0.08229603618383408,0.5,0.5,1.0,1.0
6,6330,25000,0.26267167925834656,0.3713459074497223,9.99999905104687e-09,1.0,9.99999905104687e-09,1.292837259825319e-05,0.00013157224748283625,0.0007666667806915939,0.0037734757643193007,0.017123878002166748,0.08179664611816406,0.5,0.5,1.0,1.0
6,6340,25000,0.26282399892807007,0.37136030197143555,9.99999905104687e-09,1.0,9.99999905104687e-09,1.288808198296465e-05,0.00013240113912615925,0.0007717587286606431,0.003776619676500559,0.017295267432928085,0.08239082247018814,0.5,0.5,1.0,1.0
6,6350,25000,0.26279255747795105,0.37141329050064087,9.99999905104687e-09,1.0,9.99999905104687e-09,1.2886464901384898e-05,0.00013151216262485832,0.0007677588146179914,0.0037791018839925528,0.01712457276880741,0.0821583941578865,0.5,0.5,1.0,1.0
6,6360,25000,0.26276227831840515,0.3713803291320801,9.99999905104687e-09,1.0,9.99999905104687e-09,1.2932400750287343e-05,0.00013035348092671484,0.0007674272055737674,0.003751241136342287,0.017008956521749496,0.08247974514961243,0.5,0.5,1.0,1.0
6,6370,25000,0.26280686259269714,0.3714032769203186,9.99999905104687e-09,1.0,9.99999905104687e-09,1.2811269698431715e-05,0.00013134193432051688,0.0007693777442909777,0.003768836846575141,0.017027128487825394,0.08192483335733414,0.5,0.5,1.0,1.0
6,6380,25000,0.2628054618835449,0.37137728929519653,9.99999905104687e-09,1.0,9.99999905104687e-09,1.2805540791305248e-05,0.0001321787276538089,0.0007638301467522979,0.003766833571717143,0.01705465279519558,0.08250963687896729,0.5,0.5,1.0,1.0
6,6390,25000,0.26277971267700195,0.37142154574394226,9.99999905104687e-09,1.0,9.99999905104687e-09,1.2974407582078129e-05,0.00013126718113198876,0.0007667757454328239,0.0037556292954832315,0.016998719424009323,0.081768698990345,0.5,0.5,1.0,1.0
6,6400,25000,0.2627670168876648,0.37137192487716675,9.99999905104687e-09,1.0,9.99999905104687e-09,1.2792950656148605e-05,0.00013207581650931388,0.0007677349494770169,0.0037709008902311325,0.016907425597310066,0.08227787166833878,0.5,0.5,1.0,1.0
6,6410,25000,0.26281219720840454,0.3714125156402588,9.99999905104687e-09,1.0,9.99999905104687e-09,1.2904196410090663e-05,0.00013020621554460377,0.0007718175183981657,0.003733567427843809,0.017005236819386482,0.08176721632480621,0.5,0.5,1.0,1.0
6,6420,25000,0.2627919912338257,0.3713891804218292,9.99999905104687e-09,1.0,9.99999905104687e-09,1.2770035937137436e-05,0.00013103836681693792,0.0007661018753424287,0.0037707537412643433,0.017069999128580093,0.08234639465808868,0.5,0.5,1.0,1.0
6,6430,25000,0.26273736357688904,0.3713648021221161,9.99999905104687e-09,1.0,9.99999905104687e-09,1.287222039536573e-05,0.0001307766797253862,0.0007705323514528573,0.003758465638384223,0.017076335847377777,0.08235593885183334,0.5,0.5,1.0,1.0
6,6440,25000,0.2628071904182434,0.3714166283607483,9.99999905104687e-09,1.0,9.99999905104687e-09,1.275899285246851e-05,0.00013244347064755857,0.00076688127592206,0.0037660894449800253,0.01714712753891945,0.08187838643789291,0.5,0.5,1.0,1.0
6,6450,25000,0.2627928853034973,0.3713867962360382,9.99999905104687e-09,1.0,9.99999905104687e-09,1.2863632036896888e-05,0.00013111982843838632,0.0007725546020083129,0.0037762275896966457,0.016995932906866074,0.08230003714561462,0.5,0.5,1.0,1.0
6,6460,25000,0.2627963423728943,0.3713960349559784,9.99999905104687e-09,1.0,9.99999905104687e-09,1.2901653462904505e-05,0.00013168864825274795,0.0007697662222199142,0.003780728206038475,0.017150288447737694,0.08259275555610657,0.5,0.5,1.0,1.0
6,6470,25000,0.2628210783004761,0.3713717460632324,9.99999905104687e-09,1.0,9.99999905104687e-09,1.2915671504742932e-05,0.0001319563016295433,0.0007683096919208765,0.003782794810831547,0.017239445820450783,0.0824749618768692,0.5,0.5,1.0,1.0
6,6480,25000,0.2627871632575989,0.37141451239585876,9.99999905104687e-09,1.0,9.99999905104687e-09,1.2811608939955477e-05,0.00013172310718800873,0.0007762314635328948,0.0037683674599975348,0.017005180940032005,0.0821620523929596,0.5,0.5,1.0,1.0
6,6490,25000,0.2627868354320526,0.3714105486869812,9.99999905104687e-09,1.0,9.99999905104687e-09,1.2888471246697009e-05,0.00013269143528304994,0.0007713348022662103,0.003762905253097415,0.01713932678103447,0.08199417591094971,0.5,0.5,1.0,1.0
6,6500,25000,0.26282215118408203,0.37139925360679626,9.99999905104687e-09,1.0,9.99999905104687e-09,1.2981770851183683e-05,0.00013070441491436213,0.0007719051791355014,0.003736999351531267,0.016949567943811417,0.08209112286567688,0.5,0.5,1.0,1.0
6,6510,25000,0.2627386152744293,0.3713843524456024,9.99999905104687e-09,1.0,9.99999905104687e-09,1.2933601283293683e-05,0.00013190950267016888,0.0007684568990953267,0.0037304051220417023,0.017123520374298096,0.08184267580509186,0.5,0.5,1.0,1.0
6,6520,25000,0.26275908946990967,0.3713608980178833,9.99999905104687e-09,1.0,9.99999905104687e-09,1.2920211702294182e-05,0.00013225172006059438,0.0007747446070425212,0.0037710503675043583,0.017089523375034332,0.08187924325466156,0.5,0.5,1.0,1.0
6,6530,25000,0.2627849876880646,0.37140461802482605,9.99999905104687e-09,1.0,9.99999905104687e-09,1.286043152504135e-05,0.00013235359801910818,0.0007664001896046102,0.0037306458689272404,0.017096348106861115,0.0822037011384964,0.5,0.5,1.0,1.0
6,6540,25000,0.2627847194671631,0.37138181924819946,9.99999905104687e-09,1.0,9.99999905104687e-09,1.2763537597493269e-05,0.00013243181456346065,0.0007794642588123679,0.003780717495828867,0.017175108194351196,0.08230144530534744,0.5,0.5,1.0,1.0
6,6550,25000,0.2627147436141968,0.37137284874916077,9.99999905104687e-09,1.0,9.99999905104687e-09,1.2802837773051579e-05,0.00013193025370128453,0.0007769296644255519,0.003803978208452463,0.017004134133458138,0.08134056627750397,0.5,0.5,1.0,1.0
6,6560,25000,0.2627584934234619,0.37138912081718445,9.99999905104687e-09,1.0,9.99999905104687e-09,1.2895590771222487e-05,0.00013262848369777203,0.0007775270496495068,0.0037526884116232395,0.017018456012010574,0.08249466121196747,0.5,0.5,1.0,1.0
6,6570,25000,0.2627527117729187,0.3714047968387604,9.99999905104687e-09,1.0,9.99999905104687e-09,1.2739641533698887e-05,0.00013258564285933971,0.0007708464981988072,0.003754244651645422,0.017034636810421944,0.08201698958873749,0.5,0.5,1.0,1.0
6,6580,25000,0.26277902722358704,0.37140902876853943,9.99999905104687e-09,1.0,9.99999905104687e-09,1.294944104301976e-05,0.00013068609405308962,0.00076291459845379,0.003757735015824437,0.017082713544368744,0.08178838342428207,0.5,0.5,1.0,1.0
6,6590,25000,0.2627716660499573,0.3713640868663788,9.99999905104687e-09,1.0,9.99999905104687e-09,1.3007138477405533e-05,0.00013217589003033936,0.0007731740479357541,0.003759851213544607,0.017115090042352676,0.08239413052797318,0.5,0.5,1.0,1.0
6,6600,25000,0.26272884011268616,0.37139660120010376,9.99999905104687e-09,1.0,9.99999905104687e-09,1.2772947229677811e-05,0.00013247453898657113,0.00076899683335796,0.003745058551430702,0.01704218238592148,0.08163542300462723,0.5,0.5,1.0,1.0
6,6610,25000,0.26278766989707947,0.3713885247707367,9.99999905104687e-09,1.0,9.99999905104687e-09,1.2724385669571348e-05,0.00013097778719384223,0.0007708728080615401,0.0037450892850756645,0.017005018889904022,0.08191446959972382,0.5,0.5,1.0,1.0
6,6620,25000,0.2627423107624054,0.37140005826950073,9.99999905104687e-09,1.0,9.99999905104687e-09,1.276898638025159e-05,0.00013082617078907788,0.0007740010623820126,0.003787174355238676,0.01717587374150753,0.08164452016353607,0.5,0.5,1.0,1.0
6,6630,25000,0.2627785801887512,0.3714219033718109,9.99999905104687e-09,1.0,9.99999905104687e-09,1.2950989003002178e-05,0.00013164769916329533,0.0007733178790658712,0.003771041752770543,0.017060399055480957,0.0817936584353447,0.5,0.5,1.0,1.0
6,6640,25000,0.26283103227615356,0.3713969588279724,9.99999905104687e-09,1.0,9.99999905104687e-09,1.2795758266292978e-05,0.00013325568579602987,0.0007700247806496918,0.003779320977628231,0.01694663055241108,0.08228415250778198,0.5,0.5,1.0,1.0
6,6650,25000,0.2628308832645416,0.37141844630241394,9.99999905104687e-09,1.0,9.99999905104687e-09,1.2927721400046721e-05,0.000131204302306287,0.0007707725744694471,0.0037632868625223637,0.01719515770673752,0.0818476602435112,0.5,0.5,1.0,1.0
6,6660,25000,0.26275894045829773,0.3713766038417816,9.99999905104687e-09,1.0,9.99999905104687e-09,1.2861076356784906e-05,0.00013182254042476416,0.0007770766387693584,0.003759373677894473,0.017091743648052216,0.0820041373372078,0.5,0.5,1.0,1.0
6,6670,25000,0.26277977228164673,0.371422678232193,9.99999905104687e-09,1.0,9.99999905104687e-09,1.280282322113635e-05,0.00013230186596047133,0.0007725933101028204,0.003750432515516877,0.017016127705574036,0.08257701247930527,0.5,0.5,1.0,1.0
6,6680,25000,0.26272052526474,0.37138739228248596,9.99999905104687e-09,1.0,9.99999905104687e-09,1.282715948036639e-05,0.00013121763186063617,0.0007697591790929437,0.0037603690288960934,0.01701146364212036,0.08205298334360123,0.5,0.5,1.0,1.0
6,6690,25000,0.26286178827285767,0.37141692638397217,9.99999905104687e-09,1.0,9.99999905104687e-09,1.2998073543712962e-05,0.0001307176280533895,0.0007692910730838776,0.00375628424808383,0.017048045992851257,0.08187282085418701,0.5,0.5,1.0,1.0
6,6700,25000,0.26284292340278625,0.37139520049095154,9.99999905104687e-09,1.0,9.99999905104687e-09,1.2907441487186588e-05,0.0001328306389041245,0.0007742474554106593,0.003729994175955653,0.017089970409870148,0.08224581927061081,0.5,0.5,1.0,1.0
6,6710,25000,0.26280078291893005,0.3714205026626587,9.99999905104687e-09,1.0,9.99999905104687e-09,1.2764184248226229e-05,0.00013239543477538973,0.00076724321115762,0.003759098472073674,0.01692315563559532,0.08149122446775436,0.5,0.5,1.0,1.0
6,6720,25000,0.26279494166374207,0.371386855840683,9.99999905104687e-09,1.0,9.99999905104687e-09,1.2878432244178839e-05,0.00013187990407459438,0.0007825692882761359,0.003771333722397685,0.016994208097457886,0.08196642249822617,0.5,0.5,1.0,1.0
6,6730,25000,0.26276901364326477,0.3713785707950592,9.99999905104687e-09,1.0,9.99999905104687e-09,1.2799027899745852e-05,0.0001323087781202048,0.0007753779063932598,0.0038069693837314844,0.017103664577007294,0.08279906958341599,0.5,0.5,1.0,1.0
6,6740,25000,0.2627350389957428,0.3713776171207428,9.99999905104687e-09,1.0,9.99999905104687e-09,1.2901585250801872e-05,0.0001321929885307327,0.0007640619296580553,0.003772919299080968,0.017013102769851685,0.08223573118448257,0.5,0.5,1.0,1.0
6,6750,25000,0.262813538312912,0.3714299201965332,9.99999905104687e-09,1.0,9.99999905104687e-09,1.2980357496417128e-05,0.00013163317635189742,0.0007680060807615519,0.0037511687260121107,0.017203735187649727,0.08216697722673416,0.5,0.5,1.0,1.0
6,6760,25000,0.26278072595596313,0.3714260160923004,9.99999905104687e-09,1.0,9.99999905104687e-09,1.2799643627658952e-05,0.00013128152932040393,0.0007632774650119245,0.003741426393389702,0.01701059192419052,0.08213120698928833,0.5,0.5,1.0,1.0
6,6770,25000,0.2627357542514801,0.3713850677013397,9.99999905104687e-09,1.0,9.99999905104687e-09,1.2970767784281634e-05,0.00013270170893520117,0.0007722402806393802,0.003766299458220601,0.01699584163725376,0.08156328648328781,0.5,0.5,1.0,1.0
6,6780,25000,0.26273518800735474,0.37136125564575195,9.99999905104687e-09,1.0,9.99999905104687e-09,1.2868391422671266e-05,0.00013036410382483155,0.0007752241799607873,0.0037538628093898296,0.017077073454856873,0.08210422098636627,0.5,0.5,1.0,1.0
6,6790,25000,0.2626749873161316,0.3713575601577759,9.99999905104687e-09,1.0,9.99999905104687e-09,1.2813084140361752e-05,0.00013094556925352663,0.0007688926416449249,0.0037715458311140537,0.01708042621612549,0.08215102553367615,0.5,0.5,1.0,1.0
6,6800,25000,0.2628173828125,0.3713938891887665,9.99999905104687e-09,1.0,9.99999905104687e-09,1.2967878319614101e-05,0.0001316904672421515,0.0007727390038780868,0.003748574061319232,0.017021117731928825,0.08203311264514923,0.5,0.5,1.0,1.0
6,6810,25000,0.2627076208591461,0.37138161063194275,9.99999905104687e-09,1.0,9.99999905104687e-09,1.2810269254259765e-05,0.00013203789421822876,0.0007736092666164041,0.003754265606403351,0.017030492424964905,0.08167921006679535,0.5,0.5,1.0,1.0
6,6820,25000,0.26282426714897156,0.37140026688575745,9.99999905104687e-09,1.0,9.99999905104687e-09,1.2860079550591763e-05,0.00013214936188887805,0.0007679044501855969,0.0037742601707577705,0.01709159091114998,0.08217344433069229,0.5,0.5,1.0,1.0
6,6830,25000,0.2628161609172821,0.3714198172092438,9.99999905104687e-09,1.0,9.99999905104687e-09,1.2979713574168272e-05,0.00013201538240537047,0.0007718520355410874,0.003745944704860449,0.017035752534866333,0.08247438073158264,0.5,0.5,1.0,1.0
6,6840,25000,0.2627636194229126,0.37140047550201416,9.99999905104687e-09,1.0,9.99999905104687e-09,1.2945951311849058e-05,0.00013264745939522982,0.0007721052970737219,0.0037757507525384426,0.017122551798820496,0.08196932822465897,0.5,0.5,1.0,1.0
6,6850,25000,0.2627592086791992,0.3713524341583252,9.99999905104687e-09,1.0,9.99999905104687e-09,1.3060873243375681e-05,0.0001304772013099864,0.0007716710679233074,0.0037466795183718204,0.016997482627630234,0.08269955217838287,0.5,0.5,1.0,1.0
6,6860,25000,0.26277610659599304,0.37138035893440247,9.99999905104687e-09,1.0,9.99999905104687e-09,1.2813371540687513e-05,0.0001316884736297652,0.0007693189545534551,0.003731783013790846,0.017032291740179062,0.08231606334447861,0.5,0.5,1.0,1.0
6,6870,25000,0.2627352774143219,0.3713759183883667,9.99999905104687e-09,1.0,9.99999905104687e-09,1.2824130863009486e-05,0.00013112384476698935,0.0007736184634268284,0.0037710419856011868,0.01709633693099022,0.08157749474048615,0.5,0.5,1.0,1.0
6,6880,25000,0.26276832818984985,0.37139663100242615,9.99999905104687e-09,1.0,9.99999905104687e-09,1.2789641914423555e-05,0.00013275326637085527,0.0007749836659058928,0.0037634095642715693,0.01703144609928131,0.0824819952249527,0.5,0.5,1.0,1.0
6,6890,25000,0.2628578841686249,0.3713938295841217,9.99999905104687e-09,1.0,9.99999905104687e-09,1.2954051271663047e-05,0.00013113270688336343,0.0007734640967100859,0.0037492644041776657,0.017061948776245117,0.0828806459903717,0.5,0.5,1.0,1.0
6,6900,25000,0.2627779543399811,0.37140321731567383,9.99999905104687e-09,1.0,9.99999905104687e-09,1.2844537195633166e-05,0.0001325238699791953,0.000770945567637682,0.0037786895409226418,0.017021995037794113,0.08201374858617783,0.5,0.5,1.0,1.0
6,6910,25000,0.2627628445625305,0.37136146426200867,9.99999905104687e-09,1.0,9.99999905104687e-09,1.2686694390140474e-05,0.0001310505176661536,0.0007714034290984273,0.0037357527762651443,0.01716236025094986,0.08175132423639297,0.5,0.5,1.0,1.0
6,6920,25000,0.2627679109573364,0.371408611536026,9.99999905104687e-09,1.0,9.99999905104687e-09,1.2817362403438892e-05,0.0001308242353843525,0.0007632868364453316,0.0037499836180359125,0.017073187977075577,0.08193061500787735,0.5,0.5,1.0,1.0
6,6930,25000,0.262739360332489,0.3713701665401459,9.99999905104687e-09,1.0,9.99999905104687e-09,1.2883775525551755e-05,0.0001317949063377455,0.0007727472693659365,0.0037624177057296038,0.017033521085977554,0.08182273060083389,0.5,0.5,1.0,1.0
6,6940,25000,0.26275503635406494,0.37137115001678467,9.99999905104687e-09,1.0,9.99999905104687e-09,1.2840560884797014e-05,0.00013156395289115608,0.0007669897167943418,0.0037432690151035786,0.017212705686688423,0.0818035677075386,0.5,0.5,1.0,1.0
6,6950,25000,0.26278671622276306,0.3713691234588623,9.99999905104687e-09,1.0,9.99999905104687e-09,1.2822379176213872e-05,0.0001335727283731103,0.0007702682632952929,0.003746326547116041,0.0171605683863163,0.08221094310283661,0.5,0.5,1.0,1.0
6,6960,25000,0.2627878189086914,0.37142160534858704,9.99999905104687e-09,1.0,9.99999905104687e-09,1.2866171346104238e-05,0.00013150455197319388,0.0007766683702357113,0.003756673540920019,0.017068427056074142,0.08196374028921127,0.5,0.5,1.0,1.0
6,6970,25000,0.2628023028373718,0.3714069426059723,9.99999905104687e-09,1.0,9.99999905104687e-09,1.284805330215022e-05,0.0001316129055339843,0.0007735562394373119,0.0037486637011170387,0.01706002466380596,0.08196933567523956,0.5,0.5,1.0,1.0
6,6980,25000,0.2627541720867157,0.3713846802711487,9.99999905104687e-09,1.0,9.99999905104687e-09,1.2907403288409114e-05,0.00013218792446423322,0.0007739908760413527,0.003739618929103017,0.017052093520760536,0.08166493475437164,0.5,0.5,1.0,1.0
6,6990,25000,0.2627851963043213,0.37141454219818115,9.99999905104687e-09,1.0,9.99999905104687e-09,1.2855349268647842e-05,0.00013208617747295648,0.0007743330206722021,0.0037606193218380213,0.01701420359313488,0.08183133602142334,0.5,0.5,1.0,1.0
6,7000,25000,0.2628009617328644,0.3714001476764679,9.99999905104687e-09,1.0,9.99999905104687e-09,1.2793649148079567e-05,0.00012985228386241943,0.0007688475889153779,0.0037637564819306135,0.017039284110069275,0.08198778331279755,0.5,0.5,1.0,1.0
