step,epoch,n_refreshed,mean,std,min,max,q00,q10,q20,q30,q40,q50,q60,q70,q80,q90,q100
2,0,,0.5589835047721863,0.15185563266277313,0.5,1.0,0.5,0.5,0.5,0.5,0.5,0.5,0.5,0.5,0.5199999809265137,1.0,1.0
2,10,25000,0.26999369263648987,0.31437212228775024,2.516783024475444e-05,1.0,2.516783024475444e-05,0.004406868480145931,0.013113702647387981,0.02967931516468525,0.060148049145936966,0.11610594391822815,0.21638332307338715,0.4523112177848816,0.5,0.8673568964004517,1.0
2,20,25000,0.27005890011787415,0.31445345282554626,2.3401642465614714e-05,1.0,2.3401642465614714e-05,0.00439210282638669,0.0131565285846591,0.02980208210647106,0.0605105496942997,0.1156870424747467,0.2162962704896927,0.4526600241661072,0.5,0.868918240070343,1.0
2,30,25000,0.2701403498649597,0.3145188093185425,2.2667729353997856e-05,1.0,2.2667729353997856e-05,0.004402134567499161,0.01314568892121315,0.02986058220267296,0.060811128467321396,0.11566517502069473,0.21662719547748566,0.4542296528816223,0.5,0.873669445514679,1.0
2,40,25000,0.2700456976890564,0.31443989276885986,2.0266959836590104e-05,1.0,2.0266959836590104e-05,0.0044099511578679085,0.013074127957224846,0.029739506542682648,0.06052647531032562,0.1160571426153183,0.21620622277259827,0.45208504796028137,0.5,0.8724220395088196,1.0
2,50,25000,0.2701359987258911,0.31462472677230835,1.988946860365104e-05,1.0,1.988946860365104e-05,0.004419051576405764,0.01319254282861948,0.029807936400175095,0.06041747331619263,0.11585620045661926,0.21574045717716217,0.45551249384880066,0.5,0.877629280090332,1.0
2,60,25000,0.27028393745422363,0.31478703022003174,2.009281342907343e-05,1.0,2.009281342907343e-05,0.00441301753744483,0.013222647830843925,0.029748057946562767,0.060609810054302216,0.11564309895038605,0.21578992903232574,0.45376279950141907,0.5,0.8851006031036377,1.0
2,70,25000,0.2702651023864746,0.31477880477905273,2.3857464839238673e-05,1.0,2.3857464839238673e-05,0.004387469496577978,0.013149019330739975,0.029778197407722473,0.06052698194980621,0.11603350937366486,0.21592676639556885,0.45383360981941223,0.5,0.8911506533622742,1.0
2,80,25000,0.2702864706516266,0.3150191903114319,2.8387365091475658e-05,1.0,2.8387365091475658e-05,0.004383841063827276,0.013092780485749245,0.02977285161614418,0.060456469655036926,0.11559376120567322,0.2158706784248352,0.453482061624527,0.5,0.9099796414375305,1.0
2,90,25000,0.2704736590385437,0.31516656279563904,2.0494087948463857e-05,1.0,2.0494087948463857e-05,0.00444471649825573,0.013181180693209171,0.02970549836754799,0.06056876853108406,0.11623208224773407,0.21598221361637115,0.4533022940158844,0.5,0.9191583395004272,1.0
2,100,25000,0.2704574763774872,0.3153297007083893,2.430341555736959e-05,1.0,2.430341555736959e-05,0.0043919808231294155,0.01312671322375536,0.02971862442791462,0.06072515249252319,0.11545303463935852,0.21570484340190887,0.45377400517463684,0.5,0.9376675486564636,1.0
2,110,25000,0.2707223892211914,0.3155538737773895,2.1992766050971113e-05,1.0,2.1992766050971113e-05,0.0044176154769957066,0.013203302398324013,0.029726533219218254,0.06033328175544739,0.11610749363899231,0.2169049084186554,0.4542725682258606,0.5,1.0,1.0
2,120,25000,0.2708543837070465,0.3159022629261017,2.0255509298294783e-05,1.0,2.0255509298294783e-05,0.004408804699778557,0.013178853318095207,0.029768168926239014,0.06061066687107086,0.11590348184108734,0.21641874313354492,0.45360448956489563,0.5,1.0,1.0
2,130,25000,0.271199107170105,0.3166619539260864,2.187963946198579e-05,1.0,2.187963946198579e-05,0.004403769504278898,0.013186312280595303,0.029736753553152084,0.060495052486658096,0.1157035231590271,0.21579769253730774,0.4525185227394104,0.5,1.0,1.0
2,140,25000,0.2715457081794739,0.3172603249549866,2.875285099435132e-05,1.0,2.875285099435132e-05,0.0043978639878332615,0.013167496770620346,0.02972014807164669,0.060773592442274094,0.11609841883182526,0.21558117866516113,0.4524114727973938,0.5,1.0,1.0
2,150,25000,0.2716589570045471,0.31755995750427246,2.1868747353437357e-05,1.0,2.1868747353437357e-05,0.004407671745866537,0.01322790514677763,0.029845887795090675,0.060601990669965744,0.11571229994297028,0.2159198522567749,0.45218637585639954,0.5,1.0,1.0
2,160,25000,0.2718059718608856,0.31775975227355957,2.179713555960916e-05,1.0,2.179713555960916e-05,0.0044324519112706184,0.01308615505695343,0.0297543965280056,0.06038903817534447,0.11606749147176743,0.21559634804725647,0.45266541838645935,0.5,1.0,1.0
2,170,25000,0.2718244194984436,0.3178658187389374,2.6837702534976415e-05,1.0,2.6837702534976415e-05,0.004422449041157961,0.01322829071432352,0.029684405773878098,0.06072516739368439,0.11573836207389832,0.21628403663635254,0.45245686173439026,0.5,1.0,1.0
2,180,25000,0.2719181478023529,0.31794315576553345,2.5648376322351396e-05,1.0,2.5648376322351396e-05,0.0044156634248793125,0.013128159567713737,0.029657568782567978,0.06064656376838684,0.11608266830444336,0.21582144498825073,0.45310983061790466,0.5,1.0,1.0
2,190,25000,0.271888792514801,0.31780102849006653,2.269039578095544e-05,1.0,2.269039578095544e-05,0.0044071669690310955,0.013090172782540321,0.029799778014421463,0.06076135113835335,0.11608049273490906,0.2165721356868744,0.4541528522968292,0.5,1.0,1.0
2,200,25000,0.27166226506233215,0.31778135895729065,2.5337612896692008e-05,1.0,2.5337612896692008e-05,0.004410183522850275,0.013125214725732803,0.029620599001646042,0.0602925680577755,0.11582127213478088,0.21557332575321198,0.4531630575656891,0.5,1.0,1.0
2,210,25000,0.27196210622787476,0.317863404750824,2.1620699044433422e-05,1.0,2.1620699044433422e-05,0.004432766232639551,0.013214769773185253,0.029625093564391136,0.060517702251672745,0.1161724105477333,0.2166091650724411,0.4533657133579254,0.5,1.0,1.0
2,220,25000,0.27184024453163147,0.3178732693195343,2.7796111680800095e-05,1.0,2.7796111680800095e-05,0.004393079783767462,0.01319186482578516,0.029775060713291168,0.06050248071551323,0.11586388200521469,0.21620243787765503,0.4547521471977234,0.5,1.0,1.0
2,230,25000,0.27194565534591675,0.3178960978984833,2.9749993700534105e-05,1.0,2.9749993700534105e-05,0.004392044153064489,0.013204040005803108,0.02997559867799282,0.060248732566833496,0.11541196703910828,0.2161128968000412,0.4549916088581085,0.5,1.0,1.0
2,240,25000,0.27185162901878357,0.3178739845752716,2.3921307729324326e-05,1.0,2.3921307729324326e-05,0.004383011721074581,0.013190080411732197,0.029732201248407364,0.06072554364800453,0.11580350995063782,0.2157946079969406,0.4526301324367523,0.5,1.0,1.0
2,250,25000,0.271869421005249,0.3178821802139282,2.5648982045822777e-05,1.0,2.5648982045822777e-05,0.004387071821838617,0.013140931725502014,0.02968359924852848,0.060345083475112915,0.1158493310213089,0.2162127047777176,0.45222052931785583,0.5,1.0,1.0
2,260,25000,0.2718016803264618,0.31788936257362366,2.8560179998748936e-05,1.0,2.8560179998748936e-05,0.004374930635094643,0.0131897097453475,0.02960130199790001,0.060689084231853485,0.11598587781190872,0.21558572351932526,0.4533660411834717,0.5,1.0,1.0
2,270,25000,0.27178385853767395,0.3178333044052124,2.064718137262389e-05,1.0,2.064718137262389e-05,0.0044283801689744,0.013186714611947536,0.02965184859931469,0.06048980727791786,0.11586970090866089,0.2159394770860672,0.45202064514160156,0.5,1.0,1.0
2,280,25000,0.2719022333621979,0.31788551807403564,2.8066211598343216e-05,1.0,2.8066211598343216e-05,0.004402103368192911,0.013100864365696907,0.029594551771879196,0.06030822545289993,0.11616244912147522,0.2167145311832428,0.45336803793907166,0.5,1.0,1.0
2,290,25000,0.27179402112960815,0.3178057074546814,2.586106893431861e-05,1.0,2.586106893431861e-05,0.004405633080750704,0.013187838718295097,0.02976706437766552,0.060455769300460815,0.11604957282543182,0.2158016413450241,0.4529278576374054,0.5,1.0,1.0
2,300,25000,0.2718416750431061,0.3179529905319214,2.3914339180919342e-05,1.0,2.3914339180919342e-05,0.00440583610907197,0.01310504786670208,0.029707040637731552,0.06022987887263298,0.11579133570194244,0.21642133593559265,0.45316728949546814,0.5,1.0,1.0
2,310,25000,0.27183303236961365,0.3178308606147766,1.8653401639312506e-05,1.0,1.8653401639312506e-05,0.004379831254482269,0.013165839947760105,0.029720943421125412,0.060634270310401917,0.11606012284755707,0.2155807763338089,0.4518307149410248,0.5,1.0,1.0
2,320,25000,0.2717755436897278,0.3178887665271759,2.1485577235580422e-05,1.0,2.1485577235580422e-05,0.0043764058500528336,0.013049664907157421,0.029590139165520668,0.06063681095838547,0.11559504270553589,0.21629592776298523,0.4515407681465149,0.5,1.0,1.0
2,330,25000,0.27188149094581604,0.3179514408111572,2.6549167159828357e-05,1.0,2.6549167159828357e-05,0.004388670437037945,0.01306484080851078,0.02974785678088665,0.060585834085941315,0.11576887965202332,0.216375932097435,0.45321160554885864,0.5,1.0,1.0
2,340,25000,0.2717481851577759,0.3179191052913666,1.7919739548233338e-05,1.0,1.7919739548233338e-05,0.0044066421687603,0.013140156865119934,0.029835738241672516,0.06051304563879967,0.11535295844078064,0.2157004028558731,0.45321738719940186,0.5,1.0,1.0
2,350,25000,0.2718523442745209,0.31787917017936707,2.4277826014440507e-05,1.0,2.4277826014440507e-05,0.004407919943332672,0.01318352110683918,0.02970137633383274,0.06048471853137016,0.11599618196487427,0.21549062430858612,0.45220452547073364,0.5,1.0,1.0
2,360,25000,0.2719140648841858,0.3178310692310333,2.557341576903127e-05,1.0,2.557341576903127e-05,0.004406257066875696,0.013098052702844143,0.029827672988176346,0.0604761466383934,0.1161724105477333,0.21624313294887543,0.45257124304771423,0.5,1.0,1.0
2,370,25000,0.2717512547969818,0.3178851306438446,2.585014772193972e-05,1.0,2.585014772193972e-05,0.00438803480938077,0.013189854100346565,0.0297587551176548,0.06021060794591904,0.11594487726688385,0.21554943919181824,0.4533061683177948,0.5,1.0,1.0
2,380,25000,0.271793395280838,0.3179270625114441,2.5083572836592793e-05,1.0,2.5083572836592793e-05,0.004390794318169355,0.013157092966139317,0.029648812487721443,0.06012420728802681,0.11536015570163727,0.21619559824466705,0.4537881910800934,0.5,1.0,1.0
2,390,25000,0.27192676067352295,0.31783488392829895,2.7696140023181215e-05,1.0,2.7696140023181215e-05,0.004391208756715059,0.013105962425470352,0.02971385046839714,0.060596734285354614,0.11649812757968903,0.21645064651966095,0.45247596502304077,0.5,1.0,1.0
2,400,25000,0.2718733847141266,0.3179422616958618,2.5671819457784295e-05,1.0,2.5671819457784295e-05,0.004415478091686964,0.013122379779815674,0.0297738965600729,0.06065564602613449,0.11622266471385956,0.21518811583518982,0.4545527398586273,0.5,1.0,1.0
2,410,25000,0.27177107334136963,0.31793826818466187,2.5541787181282416e-05,1.0,2.5541787181282416e-05,0.004399085883051157,0.013065673410892487,0.02971198968589306,0.06042234227061272,0.11565539240837097,0.21553505957126617,0.45345598459243774,0.5,1.0,1.0
2,420,25000,0.27196037769317627,0.3178313970565796,2.1707523046643473e-05,1.0,2.1707523046643473e-05,0.004416231997311115,0.013192674145102501,0.029939904808998108,0.06072418391704559,0.11612473428249359,0.21679925918579102,0.45367467403411865,0.5,1.0,1.0
2,430,25000,0.27181869745254517,0.317902147769928,2.263570604554843e-05,1.0,2.263570604554843e-05,0.004394205752760172,0.01310346182435751,0.029711566865444183,0.06041623279452324,0.11546064913272858,0.2156652808189392,0.4530148208141327,0.5,1.0,1.0
2,440,25000,0.27195286750793457,0.3179542124271393,2.2619324226980098e-05,1.0,2.2619324226980098e-05,0.004408698529005051,0.013217988424003124,0.029841963201761246,0.06040382385253906,0.1159600168466568,0.21592971682548523,0.45633265376091003,0.5,1.0,1.0
2,450,25000,0.27168259024620056,0.3177509605884552,2.4395703803747892e-05,1.0,2.4395703803747892e-05,0.004398189019411802,0.013147790916264057,0.02982841432094574,0.06057635322213173,0.11586128175258636,0.21593081951141357,0.45191046595573425,0.5,1.0,1.0
2,460,25000,0.2717423737049103,0.3178095519542694,2.1506415578187443e-05,1.0,2.1506415578187443e-05,0.00441651651635766,0.013100051321089268,0.02965708076953888,0.06023045629262924,0.11591540277004242,0.21626001596450806,0.4528365731239319,0.5,1.0,1.0
2,470,25000,0.2718895971775055,0.31791141629219055,2.723126635828521e-05,1.0,2.723126635828521e-05,0.004397518001496792,0.01308374758809805,0.029641468077898026,0.06071678549051285,0.1158083975315094,0.21557524800300598,0.45343002676963806,0.5,1.0,1.0
2,480,25000,0.2717800736427307,0.3178424835205078,2.141619370377157e-05,1.0,2.141619370377157e-05,0.004419178701937199,0.01310416404157877,0.029658500105142593,0.06027083843946457,0.11603623628616333,0.21636836230754852,0.45340970158576965,0.5,1.0,1.0
2,490,25000,0.2717588543891907,0.31775736808776855,2.5165050828945823e-05,1.0,2.5165050828945823e-05,0.004400649573653936,0.013157570734620094,0.029728222638368607,0.060604214668273926,0.11593255400657654,0.21603716909885406,0.45312634110450745,0.5,1.0,1.0
2,500,25000,0.2717108130455017,0.31778112053871155,2.7820171453640796e-05,1.0,2.7820171453640796e-05,0.004419530741870403,0.01315346546471119,0.029659423977136612,0.06033945828676224,0.1157190352678299,0.21594823896884918,0.45381227135658264,0.5,1.0,1.0
2,510,25000,0.27180755138397217,0.3177221119403839,2.5565092073520645e-05,1.0,2.5565092073520645e-05,0.004372193943709135,0.013171232305467129,0.02976476214826107,0.06039436534047127,0.116061270236969,0.21635907888412476,0.4524203836917877,0.5,1.0,1.0
2,520,25000,0.2717515528202057,0.3176918625831604,1.7433629182050936e-05,1.0,1.7433629182050936e-05,0.004381401464343071,0.01321545708924532,0.029789352789521217,0.06059927120804787,0.11573292315006256,0.21622492372989655,0.4512864351272583,0.5,1.0,1.0
2,530,25000,0.27177658677101135,0.31775379180908203,2.5079069018829614e-05,1.0,2.5079069018829614e-05,0.004407343454658985,0.01313693542033434,0.029792604967951775,0.06053349748253822,0.11581636965274811,0.21594351530075073,0.45240288972854614,0.5,1.0,1.0
2,540,25000,0.27182817459106445,0.3178742229938507,2.337779733352363e-05,1.0,2.337779733352363e-05,0.004381888080388308,0.013132929801940918,0.029877007007598877,0.06059689074754715,0.11553849279880524,0.21569065749645233,0.4563133418560028,0.5,1.0,1.0
2,550,25000,0.27186381816864014,0.31780219078063965,2.351623152208049e-05,1.0,2.351623152208049e-05,0.004404749721288681,0.013203970156610012,0.02985178679227829,0.0604315847158432,0.11592316627502441,0.21591636538505554,0.45542705059051514,0.5,1.0,1.0
2,560,25000,0.27184632420539856,0.31782209873199463,2.0759112885571085e-05,1.0,2.0759112885571085e-05,0.00443105585873127,0.013209592550992966,0.02974589727818966,0.060418013483285904,0.11577658355236053,0.2161257565021515,0.4536115229129791,0.5,1.0,1.0
2,570,25000,0.2718096375465393,0.3177628815174103,2.229407436971087e-05,1.0,2.229407436971087e-05,0.004448451101779938,0.01320727076381445,0.029691999778151512,0.06055426970124245,0.11602554470300674,0.21595339477062225,0.4541442394256592,0.5,1.0,1.0
2,580,25000,0.2718217372894287,0.317779541015625,2.3808135665603913e-05,1.0,2.3808135665603913e-05,0.004404731560498476,0.01313062198460102,0.029760655015707016,0.06070682406425476,0.11584845185279846,0.21617025136947632,0.4533182382583618,0.5,1.0,1.0
2,590,25000,0.2717249095439911,0.31771013140678406,2.358432175242342e-05,1.0,2.358432175242342e-05,0.004372078459709883,0.01312918122857809,0.02982058748602867,0.060284558683633804,0.11531996726989746,0.21659860014915466,0.45270195603370667,0.5,1.0,1.0
2,600,25000,0.2717840075492859,0.3177221119403839,2.4203427528846078e-05,1.0,2.4203427528846078e-05,0.004420753568410873,0.013162325136363506,0.029786892235279083,0.060532521456480026,0.1160891056060791,0.21622948348522186,0.45228591561317444,0.5,1.0,1.0
2,610,25000,0.27192220091819763,0.3177710473537445,2.7904250600840896e-05,1.0,2.7904250600840896e-05,0.004387711174786091,0.01318875141441822,0.02976965345442295,0.06051020324230194,0.11588016897439957,0.2164405882358551,0.4549712836742401,0.5,1.0,1.0
2,620,25000,0.27164405584335327,0.31767168641090393,1.7716274669510312e-05,1.0,1.7716274669510312e-05,0.004403247963637114,0.013196997344493866,0.029831942170858383,0.06027322635054588,0.11562049388885498,0.21655166149139404,0.45242542028427124,0.5,1.0,1.0
2,630,25000,0.2717326879501343,0.31767553091049194,2.4032564397202805e-05,1.0,2.4032564397202805e-05,0.004433177411556244,0.013128485530614853,0.029708536341786385,0.060804445296525955,0.11580456793308258,0.21643687784671783,0.4528295397758484,0.5,1.0,1.0
2,640,25000,0.27169686555862427,0.31764787435531616,2.4385783035540953e-05,1.0,2.4385783035540953e-05,0.004416761454194784,0.013151967898011208,0.029785683378577232,0.060350459069013596,0.11600635945796967,0.21626155078411102,0.45434290170669556,0.5,1.0,1.0
2,650,25000,0.2715359032154083,0.317575603723526,2.0601928554242477e-05,1.0,2.0601928554242477e-05,0.004408335778862238,0.01311621256172657,0.029732337221503258,0.06042031571269035,0.11587969958782196,0.21633754670619965,0.45267224311828613,0.5,1.0,1.0
2,660,25000,0.2717256247997284,0.3176354765892029,2.198181209678296e-05,1.0,2.198181209678296e-05,0.00439422158524394,0.013171220198273659,0.029768837615847588,0.06060774624347687,0.11572019755840302,0.2165561467409134,0.4538481533527374,0.5,1.0,1.0
2,670,25000,0.27161043882369995,0.31759777665138245,2.163113276765216e-05,1.0,2.163113276765216e-05,0.00443633459508419,0.013123769313097,0.029713859781622887,0.06072123348712921,0.11587188392877579,0.21586960554122925,0.4527640640735626,0.5,1.0,1.0
2,680,25000,0.2718466520309448,0.3177168071269989,2.4085868062684312e-05,1.0,2.4085868062684312e-05,0.004450754728168249,0.013112780638039112,0.029742887243628502,0.0605812594294548,0.11599156260490417,0.21628905832767487,0.4549206495285034,0.5,1.0,1.0
2,690,25000,0.27176928520202637,0.31769153475761414,2.864798989321571e-05,1.0,2.864798989321571e-05,0.004404442384839058,0.013113238848745823,0.02974664978682995,0.060425736010074615,0.11572173237800598,0.216471865773201,0.45239758491516113,0.5,1.0,1.0
2,700,25000,0.27165183424949646,0.3176586329936981,2.168213359254878e-05,1.0,2.168213359254878e-05,0.0044212304055690765,0.013191851787269115,0.02974666655063629,0.06039649248123169,0.11605890095233917,0.2159034013748169,0.45263317227363586,0.5,1.0,1.0
2,710,25000,0.27166593074798584,0.3176206946372986,2.1750203814008273e-05,1.0,2.1750203814008273e-05,0.004430266562849283,0.013135034590959549,0.02972901426255703,0.060410305857658386,0.11599025875329971,0.21639946103096008,0.4529779851436615,0.5,1.0,1.0
2,720,25000,0.2716166079044342,0.3176705539226532,1.915604661917314e-05,1.0,1.915604661917314e-05,0.004405258223414421,0.012982793152332306,0.029648803174495697,0.06041998788714409,0.11557035148143768,0.21589204668998718,0.4536866545677185,0.5,1.0,1.0
2,730,25000,0.27164381742477417,0.31770116090774536,2.1894267774769105e-05,1.0,2.1894267774769105e-05,0.004411201924085617,0.013046152889728546,0.029668176546692848,0.060209810733795166,0.1164022833108902,0.21526674926280975,0.4534894526004791,0.5,1.0,1.0
2,740,25000,0.27170881628990173,0.31763753294944763,2.5937759346561506e-05,1.0,2.5937759346561506e-05,0.004365021362900734,0.013176275417208672,0.029718764126300812,0.06074924394488335,0.11607365310192108,0.2157982438802719,0.45285356044769287,0.5,1.0,1.0
2,750,25000,0.2718297243118286,0.3176495432853699,2.4597686206107028e-05,1.0,2.4597686206107028e-05,0.004407869651913643,0.013113518245518208,0.02983066439628601,0.060493353754282,0.11617979407310486,0.2167494148015976,0.4526826739311218,0.5,1.0,1.0
2,760,25000,0.27166128158569336,0.3176727294921875,2.3715290808468126e-05,1.0,2.3715290808468126e-05,0.004382620565593243,0.013172856532037258,0.02977837063372135,0.060355931520462036,0.11575505882501602,0.21600426733493805,0.45279327034950256,0.5,1.0,1.0
2,770,25000,0.2717406451702118,0.3175562620162964,2.824410876201e-05,1.0,2.824410876201e-05,0.004411590285599232,0.013154864311218262,0.029645076021552086,0.060442786663770676,0.11588149517774582,0.21658556163311005,0.45244285464286804,0.5,1.0,1.0
2,780,25000,0.2716664671897888,0.31762656569480896,2.3711842004559003e-05,1.0,2.3711842004559003e-05,0.004421689081937075,0.013163561001420021,0.029566330835223198,0.0605415515601635,0.11554190516471863,0.21574145555496216,0.4533264636993408,0.5,1.0,1.0
2,790,25000,0.27182236313819885,0.3176579475402832,2.398465949227102e-05,1.0,2.398465949227102e-05,0.00441838800907135,0.01321177463978529,0.029799118638038635,0.060695942491292953,0.11641179025173187,0.21624836325645447,0.4541291892528534,0.5,1.0,1.0
2,800,25000,0.2715970277786255,0.31768468022346497,1.8570723113953136e-05,1.0,1.8570723113953136e-05,0.0043956199660897255,0.01313590258359909,0.029699401929974556,0.06041264161467552,0.11553076654672623,0.21591615676879883,0.4528876543045044,0.5,1.0,1.0
2,810,25000,0.2717483341693878,0.3176299035549164,2.4329905500053428e-05,1.0,2.4329905500053428e-05,0.004410544876009226,0.013131099753081799,0.029720040038228035,0.06041627377271652,0.11590003967285156,0.2162591516971588,0.45195114612579346,0.5,1.0,1.0
2,820,25000,0.27166691422462463,0.3176121413707733,2.165954720112495e-05,1.0,2.165954720112495e-05,0.004385290667414665,0.013137579895555973,0.029873359948396683,0.06035088002681732,0.11576178669929504,0.21596555411815643,0.45330387353897095,0.5,1.0,1.0
2,830,25000,0.2718311548233032,0.31764456629753113,2.443247831251938e-05,1.0,2.443247831251938e-05,0.004435151815414429,0.013115525245666504,0.02968697063624859,0.06057541444897652,0.11609047651290894,0.2167728692293167,0.45275869965553284,0.5,1.0,1.0
2,840,25000,0.27172818779945374,0.31768226623535156,2.6123490897589363e-05,1.0,2.6123490897589363e-05,0.004408956505358219,0.013181466609239578,0.029836097732186317,0.06047401577234268,0.11564566195011139,0.21631795167922974,0.453619122505188,0.5,1.0,1.0
2,850,25000,0.2717067301273346,0.31765681505203247,2.2073425498092547e-05,1.0,2.2073425498092547e-05,0.004420719109475613,0.013196749612689018,0.02971573919057846,0.06039128080010414,0.11573357880115509,0.21607814729213715,0.4522455930709839,0.5,1.0,1.0
2,860,25000,0.27179625630378723,0.31770238280296326,2.7164733182871714e-05,1.0,2.7164733182871714e-05,0.0044002230279147625,0.013180890120565891,0.029740912839770317,0.06053749471902847,0.11589603126049042,0.21598133444786072,0.4544229507446289,0.5,1.0,1.0
2,870,25000,0.2716217041015625,0.3177192211151123,2.28261633310467e-05,1.0,2.28261633310467e-05,0.004402202554047108,0.013049863278865814,0.02983313985168934,0.060248423367738724,0.11570484936237335,0.21585655212402344,0.4527648091316223,0.5,1.0,1.0
2,880,25000,0.27165618538856506,0.3176036775112152,3.0109644285403192e-05,1.0,3.0109644285403192e-05,0.0043791416101157665,0.013125558383762836,0.02964979223906994,0.0607939176261425,0.11610932648181915,0.21550042927265167,0.45339515805244446,0.5,1.0,1.0
2,890,25000,0.2718225121498108,0.3177534341812134,2.4078932256088592e-05,1.0,2.4078932256088592e-05,0.0044096666388213634,0.013091028667986393,0.02977006509900093,0.06031438335776329,0.11559569835662842,0.21624764800071716,0.4550844430923462,0.5,1.0,1.0
2,900,25000,0.27171775698661804,0.31770601868629456,2.8065755032002926e-05,1.0,2.8065755032002926e-05,0.004412698559463024,0.013194958679378033,0.02973896823823452,0.0603293739259243,0.11554691195487976,0.21642723679542542,0.4531607925891876,0.5,1.0,1.0
2,910,25000,0.2716739773750305,0.3176633417606354,2.173873144784011e-05,1.0,2.173873144784011e-05,0.004404775332659483,0.0131148062646389,0.029857544228434563,0.0606977641582489,0.11598920822143555,0.21611173450946808,0.452539324760437,0.5,1.0,1.0
2,920,25000,0.2716894745826721,0.3177376389503479,2.3352808057097718e-05,1.0,2.3352808057097718e-05,0.0044049350544810295,0.013130866922438145,0.029690373688936234,0.06063976511359215,0.11524581909179688,0.2156706005334854,0.45439058542251587,0.5,1.0,1.0
2,930,25000,0.27176448702812195,0.3177482783794403,2.151447370124515e-05,1.0,2.151447370124515e-05,0.0043906341306865215,0.013101272284984589,0.029726997017860413,0.060494564473629,0.11591415107250214,0.21673831343650818,0.4515172243118286,0.5,1.0,1.0
2,940,25000,0.2717857360839844,0.31769728660583496,2.6134386644116603e-05,1.0,2.6134386644116603e-05,0.004377249628305435,0.013129981234669685,0.02982318587601185,0.060634367167949677,0.11583101749420166,0.21701820194721222,0.4529708921909332,0.5,1.0,1.0
2,950,25000,0.271620512008667,0.3176412582397461,2.2429203454521485e-05,1.0,2.2429203454521485e-05,0.0043908944353461266,0.013148901984095573,0.02976408414542675,0.06048382818698883,0.11567233502864838,0.21609213948249817,0.45131391286849976,0.5,1.0,1.0
2,960,25000,0.27169203758239746,0.3176959156990051,2.338598460482899e-05,1.0,2.338598460482899e-05,0.004410906229168177,0.01313417311757803,0.029684310778975487,0.060596611350774765,0.1159806177020073,0.2159510999917984,0.45315876603126526,0.5,1.0,1.0
2,970,25000,0.2716609537601471,0.3176237642765045,2.1169771571294405e-05,1.0,2.1169771571294405e-05,0.004392595030367374,0.013196183368563652,0.029789047315716743,0.06063033267855644,0.116009920835495,0.2159716635942459,0.4525749087333679,0.5,1.0,1.0
2,980,25000,0.27181118726730347,0.31778451800346375,2.964093437185511e-05,1.0,2.964093437185511e-05,0.004420698154717684,0.013149767182767391,0.029752837494015694,0.060543641448020935,0.11576475203037262,0.21618209779262543,0.45480167865753174,0.5,1.0,1.0
2,990,25000,0.27170148491859436,0.31759774684906006,2.7378946469980292e-05,1.0,2.7378946469980292e-05,0.004368339665234089,0.013150230050086975,0.029839105904102325,0.060505449771881104,0.11609804630279541,0.21652752161026,0.4520322382450104,0.5,1.0,1.0
2,1000,25000,0.27171123027801514,0.3176419138908386,2.458082053635735e-05,1.0,2.458082053635735e-05,0.004412727430462837,0.013176032342016697,0.02982553280889988,0.060308683663606644,0.11552125215530396,0.21620328724384308,0.453090637922287,0.5,1.0,1.0
2,1010,25000,0.27167874574661255,0.3176499307155609,2.418891199340578e-05,1.0,2.418891199340578e-05,0.004418068565428257,0.01313946396112442,0.029700398445129395,0.060505129396915436,0.11596804857254028,0.21608449518680573,0.45193418860435486,0.5,1.0,1.0
2,1020,25000,0.2716042101383209,0.3176615238189697,2.5797036869334988e-05,1.0,2.5797036869334988e-05,0.0044105881825089455,0.013154705986380577,0.029701504856348038,0.06046280264854431,0.11599481105804443,0.2154548019170761,0.4526880383491516,0.5,1.0,1.0
2,1030,25000,0.2717032730579376,0.3177325129508972,2.301102904311847e-05,1.0,2.301102904311847e-05,0.004373416304588318,0.01316226925700903,0.029849570244550705,0.060408640652894974,0.11568181216716766,0.2158593088388443,0.45368650555610657,0.5,1.0,1.0
2,1040,25000,0.27179843187332153,0.3177703619003296,2.1409154214779846e-05,1.0,2.1409154214779846e-05,0.004391461610794067,0.013179102912545204,0.029817529022693634,0.06065718084573746,0.11592705547809601,0.21562907099723816,0.45354849100112915,0.5,1.0,1.0
2,1050,25000,0.2718600332736969,0.3176860511302948,2.1100840967847034e-05,1.0,2.1100840967847034e-05,0.004447252489626408,0.013218734413385391,0.02978232130408287,0.06054280698299408,0.11576546728610992,0.21674667298793793,0.45230361819267273,0.5,1.0,1.0
2,1060,25000,0.2717832922935486,0.31777867674827576,2.112171750923153e-05,1.0,2.112171750923153e-05,0.004388659261167049,0.013174462132155895,0.029650988057255745,0.060398586094379425,0.11581508815288544,0.21603605151176453,0.4537985324859619,0.5,1.0,1.0
2,1070,25000,0.2718770205974579,0.317704975605011,2.0637966372305527e-05,1.0,2.0637966372305527e-05,0.004409743007272482,0.013215596787631512,0.029883816838264465,0.06033153831958771,0.1159893199801445,0.21696317195892334,0.45407092571258545,0.5,1.0,1.0
2,1080,25000,0.27183473110198975,0.31777897477149963,2.301319364050869e-05,1.0,2.301319364050869e-05,0.004406450316309929,0.01316921692341566,0.02975728176534176,0.060624394565820694,0.1154564917087555,0.21621114015579224,0.45517852902412415,0.5,1.0,1.0
2,1090,25000,0.27170008420944214,0.31780198216438293,2.980860517709516e-05,1.0,2.980860517709516e-05,0.004364859312772751,0.01312829926609993,0.029608547687530518,0.06008272245526314,0.11589158326387405,0.21587839722633362,0.45140355825424194,0.5,1.0,1.0
2,1100,25000,0.27179327607154846,0.31777244806289673,2.1292706151143648e-05,1.0,2.1292706151143648e-05,0.004397286102175713,0.013202757574617863,0.029778391122817993,0.06050048768520355,0.1158934012055397,0.21569332480430603,0.45369821786880493,0.5,1.0,1.0
2,1110,25000,0.2718804180622101,0.3177921175956726,2.3177244656835683e-05,1.0,2.3177244656835683e-05,0.004449967294931412,0.013123138807713985,0.02970033511519432,0.060700688511133194,0.11604958772659302,0.21615181863307953,0.4548224210739136,0.5,1.0,1.0
2,1120,25000,0.27183881402015686,0.3177860975265503,2.8211601602379233e-05,1.0,2.8211601602379233e-05,0.004367861431092024,0.01315713208168745,0.02978949062526226,0.06045595183968544,0.11556132882833481,0.21605665981769562,0.45572787523269653,0.5,1.0,1.0
2,1130,25000,0.27177566289901733,0.3177308440208435,2.2957154214964248e-05,1.0,2.2957154214964248e-05,0.004382843617349863,0.01311357319355011,0.02981005422770977,0.06071740761399269,0.11583156883716583,0.21547424793243408,0.4534459710121155,0.5,1.0,1.0
2,1140,25000,0.2718212306499481,0.3178617060184479,2.2009859094396234e-05,1.0,2.2009859094396234e-05,0.004408468492329121,0.013058017939329147,0.029800748452544212,0.06055215746164322,0.11570435762405396,0.21543729305267334,0.45415595173835754,0.5,1.0,1.0
2,1150,25000,0.27162712812423706,0.3177068531513214,2.8561842555063777e-05,1.0,2.8561842555063777e-05,0.004414509050548077,0.01316232979297638,0.02977248840034008,0.06070035323500633,0.11519338190555573,0.21578337252140045,0.4514593183994293,0.5,1.0,1.0
2,1160,25000,0.27163660526275635,0.3177408277988434,2.218789086327888e-05,1.0,2.218789086327888e-05,0.004414157941937447,0.013140741735696793,0.029750557616353035,0.06043210253119469,0.1160333901643753,0.21509528160095215,0.4535454511642456,0.5,1.0,1.0
2,1170,25000,0.2716970443725586,0.3177811801433563,2.4729568394832313e-05,1.0,2.4729568394832313e-05,0.004430743865668774,0.013155149295926094,0.029813839122653008,0.060410432517528534,0.11544550955295563,0.2160041332244873,0.45385515689849854,0.5,1.0,1.0
2,1180,25000,0.27184179425239563,0.31770771741867065,1.9596898710005917e-05,1.0,1.9596898710005917e-05,0.004437149967998266,0.013203524984419346,0.029771948233246803,0.0602736622095108,0.11613020300865173,0.21682389080524445,0.4526713788509369,0.5,1.0,1.0
2,1190,25000,0.27185142040252686,0.31780555844306946,2.073987889161799e-05,1.0,2.073987889161799e-05,0.004395554773509502,0.013075650669634342,0.02980613335967064,0.06074885278940201,0.11612889915704727,0.2164587676525116,0.45407775044441223,0.5,1.0,1.0
2,1200,25000,0.2718408405780792,0.31772834062576294,2.6207479095319286e-05,1.0,2.6207479095319286e-05,0.004387460183352232,0.013127032667398453,0.02983361855149269,0.06067175045609474,0.11579406261444092,0.21679145097732544,0.4528277814388275,0.5,1.0,1.0
2,1210,25000,0.2718164324760437,0.31778115034103394,2.0431547454791144e-05,1.0,2.0431547454791144e-05,0.004411390516906977,0.013068918138742447,0.02955017425119877,0.06054990738630295,0.11577720940113068,0.21600475907325745,0.4536055326461792,0.5,1.0,1.0
2,1220,25000,0.27170002460479736,0.3177495002746582,2.3938559024827555e-05,1.0,2.3938559024827555e-05,0.004383161664009094,0.013088866136968136,0.029612867161631584,0.06052683666348457,0.11582522094249725,0.2158999890089035,0.45315051078796387,0.5,1.0,1.0
2,1230,25000,0.2718963921070099,0.3177572190761566,2.3044924091664143e-05,1.0,2.3044924091664143e-05,0.004388181027024984,0.013187369331717491,0.029671482741832733,0.06044306606054306,0.1162365972995758,0.2173628807067871,0.45397841930389404,0.5,1.0,1.0
2,1240,25000,0.271720290184021,0.317679226398468,2.652941839187406e-05,1.0,2.652941839187406e-05,0.004411875270307064,0.013146319426596165,0.0296346303075552,0.06056881695985794,0.11585749685764313,0.21689343452453613,0.4510849118232727,0.5,1.0,1.0
2,1250,25000,0.27167224884033203,0.31776052713394165,1.7816462786868215e-05,1.0,1.7816462786868215e-05,0.004392183851450682,0.013118205592036247,0.029797468334436417,0.06055788695812225,0.11549879610538483,0.21629811823368073,0.4517742693424225,0.5,1.0,1.0
2,1260,25000,0.27173057198524475,0.3177584111690521,1.9065282685915008e-05,1.0,1.9065282685915008e-05,0.0044135358184576035,0.013121000491082668,0.02973976545035839,0.060570891946554184,0.11605317890644073,0.215511754155159,0.453142374753952,0.5,1.0,1.0
2,1270,25000,0.27176812291145325,0.31770262122154236,1.881007119663991e-05,1.0,1.881007119663991e-05,0.004408390261232853,0.013092893175780773,0.029753416776657104,0.060553908348083496,0.11596566438674927,0.21605221927165985,0.45247456431388855,0.5,1.0,1.0
2,1280,25000,0.2718314826488495,0.31781530380249023,2.7133768526255153e-05,1.0,2.7133768526255153e-05,0.0044133467599749565,0.013039193116128445,0.029763035476207733,0.0605338029563427,0.11592857539653778,0.21604232490062714,0.45268821716308594,0.5,1.0,1.0
2,1290,25000,0.2718251943588257,0.31780117750167847,2.4949693397502415e-05,1.0,2.4949693397502415e-05,0.004384833853691816,0.013163491152226925,0.02971755526959896,0.06050923094153404,0.11581147462129593,0.2160775065422058,0.45236220955848694,0.5,1.0,1.0
2,1300,25000,0.27186039090156555,0.317855566740036,2.4497303456882946e-05,1.0,2.4497303456882946e-05,0.0044221593998372555,0.013159669004380703,0.029618116095662117,0.060469552874565125,0.11613347381353378,0.21648062765598297,0.45372655987739563,0.5,1.0,1.0
2,1310,25000,0.2718677818775177,0.31781864166259766,1.9134646208840422e-05,1.0,1.9134646208840422e-05,0.004403037950396538,0.013081804849207401,0.02982579916715622,0.06057467684149742,0.11558461934328079,0.21626926958560944,0.4537155330181122,0.5,1.0,1.0
2,1320,25000,0.27178892493247986,0.3178701102733612,2.2959246052778326e-05,1.0,2.2959246052778326e-05,0.004406650550663471,0.01316459197551012,0.02983548305928707,0.06079886108636856,0.11568774282932281,0.21594101190567017,0.4523002803325653,0.5,1.0,1.0
2,1330,25000,0.27169346809387207,0.31775057315826416,2.6285088097210974e-05,1.0,2.6285088097210974e-05,0.004402620252221823,0.013117494061589241,0.029622826725244522,0.06050337478518486,0.11577630043029785,0.21590062975883484,0.4524599611759186,0.5,1.0,1.0
2,1340,25000,0.2718043625354767,0.3178538978099823,2.3585977032780647e-05,1.0,2.3585977032780647e-05,0.004394508432596922,0.013177815824747086,0.029644185677170753,0.060471635311841965,0.11570177972316742,0.21602630615234375,0.45371195673942566,0.5,1.0,1.0
2,1350,25000,0.2718515694141388,0.3179098069667816,2.4832368580973707e-05,1.0,2.4832368580973707e-05,0.004398774355649948,0.013122296892106533,0.029749317094683647,0.06053127720952034,0.11615929752588272,0.2156773954629898,0.45518040657043457,0.5,1.0,1.0
2,1360,25000,0.2718915045261383,0.3178067207336426,2.0110939658479765e-05,1.0,2.0110939658479765e-05,0.004395143128931522,0.013170686550438404,0.029835764318704605,0.06066451966762543,0.11599530279636383,0.2162691354751587,0.4548858106136322,0.5,1.0,1.0
2,1370,25000,0.27184829115867615,0.3178198039531708,2.225354728579987e-05,1.0,2.225354728579987e-05,0.004414011724293232,0.013157290406525135,0.029587404802441597,0.06048888340592384,0.11611489951610565,0.21542789041996002,0.45415711402893066,0.5,1.0,1.0
2,1380,25000,0.27189478278160095,0.31780874729156494,2.364538704568986e-05,1.0,2.364538704568986e-05,0.004423412494361401,0.013226001523435116,0.029840830713510513,0.06045069545507431,0.1161382794380188,0.2167118787765503,0.4540642499923706,0.5,1.0,1.0
2,1390,25000,0.27182984352111816,0.3177969753742218,1.9600433006417006e-05,1.0,1.9600433006417006e-05,0.004417927470058203,0.013219472952187061,0.029767384752631187,0.060494985431432724,0.11549653112888336,0.216519296169281,0.4528830051422119,0.5,1.0,1.0
2,1400,25000,0.27174562215805054,0.31778305768966675,2.3874281396274455e-05,1.0,2.3874281396274455e-05,0.0044191270135343075,0.013083809986710548,0.029659204185009003,0.06056859716773033,0.1156584769487381,0.21624180674552917,0.45300474762916565,0.5,1.0,1.0
2,1410,25000,0.2717932164669037,0.3178595304489136,2.541238791309297e-05,1.0,2.541238791309297e-05,0.004394842777401209,0.013125860132277012,0.029649952426552773,0.06076247990131378,0.11558206379413605,0.21614030003547668,0.4538115859031677,0.5,1.0,1.0
2,1420,25000,0.2717263102531433,0.3177453279495239,2.2291556888376363e-05,1.0,2.2291556888376363e-05,0.004438459873199463,0.013102968223392963,0.029693342745304108,0.06072699651122093,0.11592575907707214,0.2152790129184723,0.4531914293766022,0.5,1.0,1.0
2,1430,25000,0.27173763513565063,0.31784680485725403,2.3153377696871758e-05,1.0,2.3153377696871758e-05,0.004423179663717747,0.013191631995141506,0.029797105118632317,0.0605454184114933,0.11568984389305115,0.2157997488975525,0.4532385766506195,0.5,1.0,1.0
2,1440,25000,0.271982878446579,0.3179272413253784,2.8231743272044696e-05,1.0,2.8231743272044696e-05,0.004401632584631443,0.013176259584724903,0.029775496572256088,0.06058725714683533,0.11587658524513245,0.21592451632022858,0.45530039072036743,0.5,1.0,1.0
2,1450,25000,0.2718106806278229,0.3178749978542328,2.4439375920337625e-05,1.0,2.4439375920337625e-05,0.004416425712406635,0.013061259873211384,0.029623541980981827,0.06053977459669113,0.1155315637588501,0.21649612486362457,0.4533950388431549,0.5,1.0,1.0
2,1460,25000,0.2716723680496216,0.31782054901123047,2.2362544768839143e-05,1.0,2.2362544768839143e-05,0.004415510222315788,0.01313026063144207,0.029766228049993515,0.060314957052469254,0.11550328135490417,0.21542097628116608,0.4530423879623413,0.5,1.0,1.0
2,1470,25000,0.27176791429519653,0.31776657700538635,2.2571441149921156e-05,1.0,2.2571441149921156e-05,0.004393103066831827,0.013197433203458786,0.02988898940384388,0.060720499604940414,0.11554890871047974,0.21634788811206818,0.4518655836582184,0.5,1.0,1.0
2,1480,25000,0.27182161808013916,0.3178185522556305,2.4128965378622524e-05,1.0,2.4128965378622524e-05,0.004427327308803797,0.013154996559023857,0.02968154288828373,0.06048213690519333,0.11614128947257996,0.21626074612140656,0.45264920592308044,0.5,1.0,1.0
2,1490,25000,0.27176156640052795,0.3177412152290344,2.3105996660888195e-05,1.0,2.3105996660888195e-05,0.004375241696834564,0.013162778690457344,0.029732627794146538,0.06063928082585335,0.11558681726455688,0.21680815517902374,0.4539998769760132,0.5,1.0,1.0
2,1500,25000,0.2718345522880554,0.3177279531955719,2.5423974875593558e-05,1.0,2.5423974875593558e-05,0.004421674180775881,0.013175246305763721,0.02979317307472229,0.060756783932447433,0.1160811111330986,0.2159857451915741,0.45343801379203796,0.5,1.0,1.0
2,1510,25000,0.27179425954818726,0.3177673816680908,2.68149178737076e-05,1.0,2.68149178737076e-05,0.004432473331689835,0.01318751834332943,0.02981346659362316,0.06069783866405487,0.11558561027050018,0.21563266217708588,0.4544273614883423,0.5,1.0,1.0
2,1520,25000,0.27175676822662354,0.3178006410598755,2.310718446096871e-05,1.0,2.310718446096871e-05,0.004365408793091774,0.013147110119462013,0.029729565605521202,0.06052769348025322,0.11613814532756805,0.21573752164840698,0.450809508562088,0.5,1.0,1.0
2,1530,25000,0.2718002200126648,0.3177880346775055,2.545236020523589e-05,1.0,2.545236020523589e-05,0.004372712690383196,0.013160008005797863,0.029574494808912277,0.06060471013188362,0.11613023281097412,0.2158730924129486,0.45417967438697815,0.5,1.0,1.0
2,1540,25000,0.2718561589717865,0.3178110718727112,2.2191919924807735e-05,1.0,2.2191919924807735e-05,0.004417033866047859,0.013172619976103306,0.029686471447348595,0.06061400845646858,0.11582348495721817,0.21618938446044922,0.4549289345741272,0.5,1.0,1.0
2,1550,25000,0.2717936933040619,0.3177720308303833,2.2324025849229656e-05,1.0,2.2324025849229656e-05,0.004415977746248245,0.013212948106229305,0.029792170971632004,0.06034711003303528,0.11601801216602325,0.2157580703496933,0.4533666670322418,0.5,1.0,1.0
2,1560,25000,0.27172502875328064,0.31777650117874146,2.399653385509737e-05,1.0,2.399653385509737e-05,0.004428300075232983,0.01323594432324171,0.029672011733055115,0.060528501868247986,0.11552896350622177,0.21623671054840088,0.45398205518722534,0.5,1.0,1.0
2,1570,25000,0.27187418937683105,0.3177850842475891,2.4371011022594757e-05,1.0,2.4371011022594757e-05,0.004440650809556246,0.013191603124141693,0.029828887432813644,0.06069561094045639,0.1160547211766243,0.21633918583393097,0.45413047075271606,0.5,1.0,1.0
2,1580,25000,0.27176031470298767,0.31781962513923645,2.2312397049972787e-05,1.0,2.2312397049972787e-05,0.004436880815774202,0.013079770840704441,0.02980511076748371,0.060475096106529236,0.11580528318881989,0.21531717479228973,0.45327240228652954,0.5,1.0,1.0
2,1590,25000,0.271609902381897,0.317649245262146,2.2431466277339496e-05,1.0,2.2431466277339496e-05,0.004401318728923798,0.013179491274058819,0.029711473733186722,0.06054823473095894,0.11597692966461182,0.21531260013580322,0.4512504041194916,0.5,1.0,1.0
2,1600,25000,0.27174076437950134,0.31780511140823364,2.0089184545213357e-05,1.0,2.0089184545213357e-05,0.004406671971082687,0.013200828805565834,0.029825778678059578,0.060581136494874954,0.1155996173620224,0.21600592136383057,0.45489200949668884,0.5,1.0,1.0
2,1610,25000,0.27186787128448486,0.3178088963031769,1.9353490642970428e-05,1.0,1.9353490642970428e-05,0.004414904862642288,0.013207347132265568,0.029628736898303032,0.06037648022174835,0.11614170670509338,0.21621698141098022,0.4542381763458252,0.5,1.0,1.0
2,1620,25000,0.27179229259490967,0.31783056259155273,2.3185080863186158e-05,1.0,2.3185080863186158e-05,0.00441579008474946,0.013151108287274837,0.02972414903342724,0.06045948341488838,0.11596913635730743,0.21577118337154388,0.45387861132621765,0.5,1.0,1.0
2,1630,25000,0.2718541920185089,0.3178304135799408,2.3863771275500767e-05,1.0,2.3863771275500767e-05,0.0043967305682599545,0.013139511458575726,0.029661228880286217,0.06057415157556534,0.11546246707439423,0.21569068729877472,0.4536484181880951,0.5,1.0,1.0
2,1640,25000,0.2718108892440796,0.3178635537624359,2.3414533643517643e-05,1.0,2.3414533643517643e-05,0.004392850212752819,0.0132181067019701,0.029736993834376335,0.060363274067640305,0.11578714847564697,0.21604104340076447,0.4527115225791931,0.5,1.0,1.0
2,1650,25000,0.27183017134666443,0.3177799880504608,2.216703251178842e-05,1.0,2.216703251178842e-05,0.00441885506734252,0.01313745602965355,0.029796984046697617,0.06026327982544899,0.11601057648658752,0.21693256497383118,0.4527563154697418,0.5,1.0,1.0
2,1660,25000,0.2718554437160492,0.31775468587875366,2.4135526473401114e-05,1.0,2.4135526473401114e-05,0.004396153148263693,0.01314480509608984,0.02967200055718422,0.06083468347787857,0.1160142570734024,0.2160821557044983,0.4543001353740692,0.5,1.0,1.0
2,1670,25000,0.27191266417503357,0.3178342282772064,2.1095029296702705e-05,1.0,2.1095029296702705e-05,0.004380051977932453,0.013149651698768139,0.02966572530567646,0.060540445148944855,0.11596721410751343,0.21634452044963837,0.45382678508758545,0.5,1.0,1.0
2,1680,25000,0.27180781960487366,0.31786492466926575,2.0208597561577335e-05,1.0,2.0208597561577335e-05,0.004396024160087109,0.013159082271158695,0.02979026548564434,0.060334280133247375,0.11615188419818878,0.21569064259529114,0.45257368683815,0.5,1.0,1.0
2,1690,25000,0.27190840244293213,0.31784260272979736,2.2826567146694288e-05,1.0,2.2826567146694288e-05,0.004431781824678183,0.013174887746572495,0.029701828956604004,0.06069646403193474,0.11571073532104492,0.21617276966571808,0.45380693674087524,0.5,1.0,1.0
2,1700,25000,0.27176761627197266,0.3177453577518463,2.459597453707829e-05,1.0,2.459597453707829e-05,0.004414538387209177,0.01316890213638544,0.02980220504105091,0.0605844147503376,0.1159249097108841,0.21579478681087494,0.4549080431461334,0.5,1.0,1.0
2,1710,25000,0.27180215716362,0.31788337230682373,2.57094761764165e-05,1.0,2.57094761764165e-05,0.004407900385558605,0.013109561055898666,0.02963108755648136,0.060503218322992325,0.11591438204050064,0.21574446558952332,0.45225048065185547,0.5,1.0,1.0
2,1720,25000,0.27177929878234863,0.3178202509880066,2.2738951884093694e-05,1.0,2.2738951884093694e-05,0.004425922874361277,0.013203002512454987,0.02970709465444088,0.06068018078804016,0.11603133380413055,0.21536563336849213,0.4551759362220764,0.5,1.0,1.0
2,1730,25000,0.2717462480068207,0.3177989721298218,2.36554624279961e-05,1.0,2.36554624279961e-05,0.0044273617677390575,0.01318158209323883,0.029798248782753944,0.060705650597810745,0.11569536477327347,0.21542352437973022,0.45392733812332153,0.5,1.0,1.0
2,1740,25000,0.2716812491416931,0.31778204441070557,2.0297176888561808e-05,1.0,2.0297176888561808e-05,0.004399753641337156,0.013187999837100506,0.029764065518975258,0.060350220650434494,0.11598049104213715,0.215214803814888,0.45249131321907043,0.5,1.0,1.0
2,1750,25000,0.2717587947845459,0.31773096323013306,2.226934884674847e-05,1.0,2.226934884674847e-05,0.004404897335916758,0.013163686729967594,0.0297790989279747,0.06065785512328148,0.11574044823646545,0.21619686484336853,0.45273157954216003,0.5,1.0,1.0
2,1760,25000,0.2717013657093048,0.3177162706851959,2.451566979289055e-05,1.0,2.451566979289055e-05,0.004392438568174839,0.013161065988242626,0.02984502725303173,0.06057269498705864,0.1161823570728302,0.21546538174152374,0.4523233473300934,0.5,1.0,1.0
2,1770,25000,0.27182474732398987,0.3177989423274994,2.352960109419655e-05,1.0,2.352960109419655e-05,0.00443049892783165,0.01318391878157854,0.029797058552503586,0.060348737984895706,0.11571317911148071,0.21645855903625488,0.4536222219467163,0.5,1.0,1.0
2,1780,25000,0.27175986766815186,0.31782224774360657,2.327190486539621e-05,1.0,2.327190486539621e-05,0.004383105784654617,0.01311709824949503,0.029657451435923576,0.06043185666203499,0.11574345827102661,0.2159181535243988,0.45389512181282043,0.5,1.0,1.0
2,1790,25000,0.27181264758110046,0.3177502155303955,2.8901144105475396e-05,1.0,2.8901144105475396e-05,0.0044206841848790646,0.013196351006627083,0.029735833406448364,0.06072979047894478,0.11587978899478912,0.21633318066596985,0.45240744948387146,0.5,1.0,1.0
2,1800,25000,0.27166903018951416,0.317791610956192,2.4732693418627605e-05,1.0,2.4732693418627605e-05,0.00439968379214406,0.013141720555722713,0.029651150107383728,0.06048906594514847,0.11597137153148651,0.2151138037443161,0.4523876905441284,0.5,1.0,1.0
2,1810,25000,0.27179062366485596,0.3177604079246521,2.1565459974226542e-05,1.0,2.1565459974226542e-05,0.004387430846691132,0.013139745220541954,0.029772121459245682,0.06073794886469841,0.11572446674108505,0.21638570725917816,0.4537246823310852,0.5,1.0,1.0
2,1820,25000,0.2717292308807373,0.31780070066452026,2.23006554733729e-05,1.0,2.23006554733729e-05,0.004401952028274536,0.013191231526434422,0.029849376529455185,0.060484617948532104,0.11586127430200577,0.2157924920320511,0.4535466134548187,0.5,1.0,1.0
2,1830,25000,0.27179470658302307,0.31790217757225037,2.44976381509332e-05,1.0,2.44976381509332e-05,0.004419486969709396,0.013156739994883537,0.029604926705360413,0.060594938695430756,0.11610181629657745,0.2161698341369629,0.4529498815536499,0.5,1.0,1.0
2,1840,25000,0.2719212770462036,0.31783634424209595,2.4434641090920195e-05,1.0,2.4434641090920195e-05,0.0044000218622386456,0.013110891915857792,0.02963595651090145,0.060489729046821594,0.11648304760456085,0.21646209061145782,0.45362362265586853,0.5,1.0,1.0
2,1850,25000,0.271714985370636,0.3178097605705261,2.2635533241555095e-05,1.0,2.2635533241555095e-05,0.004427947569638491,0.013136069290339947,0.02972026728093624,0.06018969416618347,0.11553501337766647,0.21599240601062775,0.4532383680343628,0.5,1.0,1.0
2,1860,25000,0.27183419466018677,0.317951500415802,2.11346814467106e-05,1.0,2.11346814467106e-05,0.004399011377245188,0.013176605105400085,0.029650267213582993,0.0602041557431221,0.11523646116256714,0.2167671024799347,0.45320743322372437,0.5,1.0,1.0
2,1870,25000,0.271793931722641,0.3178424835205078,2.398671131231822e-05,1.0,2.398671131231822e-05,0.004391221795231104,0.013114911504089832,0.029702961444854736,0.060625817626714706,0.11595453321933746,0.21589432656764984,0.45351698994636536,0.5,1.0,1.0
2,1880,25000,0.27182915806770325,0.31788966059684753,2.4577006115578115e-05,1.0,2.4577006115578115e-05,0.004425740335136652,0.013082576915621758,0.0296067763119936,0.0604439452290535,0.11605826765298843,0.2166769951581955,0.4535815417766571,0.5,1.0,1.0
2,1890,25000,0.2717973291873932,0.3178500235080719,2.614929326227866e-05,1.0,2.614929326227866e-05,0.00441255047917366,0.01318544615060091,0.0297273937612772,0.060418643057346344,0.11564885079860687,0.2158418595790863,0.45286330580711365,0.5,1.0,1.0
2,1900,25000,0.271711140871048,0.3178078830242157,1.9704522856045514e-05,1.0,1.9704522856045514e-05,0.004407219588756561,0.013157094828784466,0.029800817370414734,0.06033622846007347,0.11609000712633133,0.21550247073173523,0.4520624279975891,0.5,1.0,1.0
2,1910,25000,0.27181753516197205,0.31784787774086,2.108985063387081e-05,1.0,2.108985063387081e-05,0.0044292570091784,0.013134530745446682,0.029805637896060944,0.060413431376218796,0.1159038245677948,0.21571151912212372,0.4527148902416229,0.5,1.0,1.0
2,1920,25000,0.2718029320240021,0.317818284034729,2.1683668819605373e-05,1.0,2.1683668819605373e-05,0.004417353309690952,0.013195715844631195,0.02979990839958191,0.06072360649704933,0.11574746668338776,0.2153390645980835,0.4543043076992035,0.5,1.0,1.0
2,1930,25000,0.27180132269859314,0.31783878803253174,2.0677243810496293e-05,1.0,2.0677243810496293e-05,0.0044070347212255,0.013116315007209778,0.029763346537947655,0.06061295047402382,0.11600642651319504,0.216000497341156,0.4520251452922821,0.5,1.0,1.0
2,1940,25000,0.2717748284339905,0.3177429735660553,1.8270211512572132e-05,1.0,1.8270211512572132e-05,0.004410089924931526,0.013237603940069675,0.029800349846482277,0.060751643031835556,0.11652646213769913,0.21644215285778046,0.4513157308101654,0.5,1.0,1.0
2,1950,25000,0.2716716527938843,0.3177999258041382,1.8487155102775432e-05,1.0,1.8487155102775432e-05,0.004404210485517979,0.013140530325472355,0.02961542457342148,0.06015866994857788,0.11576016247272491,0.21645338833332062,0.45338010787963867,0.5,1.0,1.0
2,1960,25000,0.271856427192688,0.31797730922698975,1.796666401787661e-05,1.0,1.796666401787661e-05,0.004404599312692881,0.013174735940992832,0.029642298817634583,0.060467418283224106,0.1158847063779831,0.21586614847183228,0.455481618642807,0.5,1.0,1.0
2,1970,25000,0.2716297209262848,0.317849725484848,2.4553955881856382e-05,1.0,2.4553955881856382e-05,0.004387638997286558,0.013216710649430752,0.029683319851756096,0.060329362750053406,0.11558844149112701,0.21602275967597961,0.4514264762401581,0.5,1.0,1.0
2,1980,25000,0.27182573080062866,0.31787168979644775,2.8718457542709075e-05,1.0,2.8718457542709075e-05,0.004421753343194723,0.013169018551707268,0.029648808762431145,0.06052368879318237,0.11634524166584015,0.21570265293121338,0.45414793491363525,0.5,1.0,1.0
2,1990,25000,0.2718445956707001,0.31784677505493164,2.3279762899619527e-05,1.0,2.3279762899619527e-05,0.0043936483561992645,0.013091564178466797,0.029717890545725822,0.06025309860706329,0.115719273686409,0.21532313525676727,0.4524654746055603,0.5,1.0,1.0
2,2000,25000,0.27184563875198364,0.31787732243537903,2.4916338588809595e-05,1.0,2.4916338588809595e-05,0.004393305163830519,0.013124145567417145,0.029803689569234848,0.060527119785547256,0.11562469601631165,0.21656198799610138,0.4533170461654663,0.5,1.0,1.0
2,2010,25000,0.2717861831188202,0.3178090751171112,2.287959614477586e-05,1.0,2.287959614477586e-05,0.004417029675096273,0.013197347521781921,0.02958281710743904,0.060487132519483566,0.11643669754266739,0.2155972421169281,0.4525878131389618,0.5,1.0,1.0
2,2020,25000,0.2718508541584015,0.3179386556148529,2.379823854425922e-05,1.0,2.379823854425922e-05,0.0044301277957856655,0.013186364434659481,0.02974885329604149,0.060223858803510666,0.11581875383853912,0.21562346816062927,0.4546325206756592,0.5,1.0,1.0
2,2030,25000,0.2718122899532318,0.31780704855918884,2.672687332960777e-05,1.0,2.672687332960777e-05,0.004446808248758316,0.013205133378505707,0.029794979840517044,0.06046439707279205,0.11586722731590271,0.21630272269248962,0.45232832431793213,0.5,1.0,1.0
2,2040,25000,0.2717973589897156,0.31786078214645386,2.2690137484460138e-05,1.0,2.2690137484460138e-05,0.004404495935887098,0.013126515783369541,0.02974897250533104,0.060587432235479355,0.11578072607517242,0.21548248827457428,0.4538322985172272,0.5,1.0,1.0
2,2050,25000,0.2718188166618347,0.31791427731513977,2.608165959827602e-05,1.0,2.608165959827602e-05,0.004411762580275536,0.013130540028214455,0.029655100777745247,0.06012550741434097,0.11575240641832352,0.2156907320022583,0.45337846875190735,0.5,1.0,1.0
2,2060,25000,0.2718127965927124,0.31783804297447205,2.4063414457486942e-05,1.0,2.4063414457486942e-05,0.004417364951223135,0.013191781006753445,0.02978522516787052,0.060506854206323624,0.116570845246315,0.21574197709560394,0.4527735114097595,0.5,1.0,1.0
2,2070,25000,0.27171456813812256,0.31789758801460266,2.469062019372359e-05,1.0,2.469062019372359e-05,0.0043812645599246025,0.013160282745957375,0.029667530208826065,0.060530662536621094,0.11573900282382965,0.2153618037700653,0.45372751355171204,0.5,1.0,1.0
2,2080,25000,0.271879643201828,0.3177729547023773,2.0703451809822582e-05,1.0,2.0703451809822582e-05,0.0043920958414673805,0.013140837661921978,0.029808007180690765,0.060539353638887405,0.11667674779891968,0.21680164337158203,0.45249101519584656,0.5,1.0,1.0
2,2090,25000,0.27192240953445435,0.31785356998443604,2.1070000002509914e-05,1.0,2.1070000002509914e-05,0.004422530997544527,0.013185178861021996,0.029718251898884773,0.060432903468608856,0.11592082679271698,0.21744531393051147,0.45338693261146545,0.5,1.0,1.0
2,2100,25000,0.2719593346118927,0.31795814633369446,2.5335968530271202e-05,1.0,2.5335968530271202e-05,0.004410770256072283,0.013141721487045288,0.029576940461993217,0.06052315980195999,0.11595260351896286,0.2162056863307953,0.4542740285396576,0.5,1.0,1.0
2,2110,25000,0.2719912827014923,0.31798046827316284,2.3294813217944466e-05,1.0,2.3294813217944466e-05,0.004362228326499462,0.01310564111918211,0.02969260700047016,0.06053297966718674,0.11639872193336487,0.21661046147346497,0.45442965626716614,0.5,1.0,1.0
2,2120,25000,0.27169790863990784,0.31787577271461487,2.7507943741511554e-05,1.0,2.7507943741511554e-05,0.004395016003400087,0.013112591579556465,0.029690930619835854,0.06032011657953262,0.11566339433193207,0.21598295867443085,0.4515943229198456,0.5,1.0,1.0
2,2130,25000,0.2719857394695282,0.3178649842739105,2.4115899577736855e-05,1.0,2.4115899577736855e-05,0.004436022602021694,0.0131705142557621,0.029777709394693375,0.06036975979804993,0.11602865159511566,0.21703000366687775,0.4559354782104492,0.5,1.0,1.0
2,2140,25000,0.2718603014945984,0.3179171681404114,2.8032702175551094e-05,1.0,2.8032702175551094e-05,0.004387119319289923,0.013176449574530125,0.029662664979696274,0.06041765213012695,0.11558567732572556,0.21645677089691162,0.4543687403202057,0.5,1.0,1.0
2,2150,25000,0.2718372046947479,0.317905992269516,2.3914895791676827e-05,1.0,2.3914895791676827e-05,0.0043822163715958595,0.0131559232249856,0.029819738119840622,0.06037164852023125,0.11594492197036743,0.21599160134792328,0.4525619447231293,0.5,1.0,1.0
2,2160,25000,0.27180707454681396,0.3179410994052887,2.35410152527038e-05,1.0,2.35410152527038e-05,0.004406294785439968,0.013129319995641708,0.029751993715763092,0.060638099908828735,0.11606251448392868,0.215353861451149,0.45376428961753845,0.5,1.0,1.0
2,2170,25000,0.2718871831893921,0.31789132952690125,2.246068288513925e-05,1.0,2.246068288513925e-05,0.004423956386744976,0.013223757967352867,0.02976292371749878,0.06062974035739899,0.11563383042812347,0.2164108157157898,0.45360782742500305,0.5,1.0,1.0
2,2180,25000,0.2716192901134491,0.3178820312023163,2.3849610442994162e-05,1.0,2.3849610442994162e-05,0.004434267990291119,0.013112479820847511,0.02950558066368103,0.060311466455459595,0.11583924293518066,0.2156694233417511,0.4514631927013397,0.5,1.0,1.0
2,2190,25000,0.2718445658683777,0.3179120123386383,2.454600326018408e-05,1.0,2.454600326018408e-05,0.004415108356624842,0.013107888400554657,0.02973341755568981,0.06033416837453842,0.11590994894504547,0.21624864637851715,0.4529615044593811,0.5,1.0,1.0
2,2200,25000,0.271725058555603,0.3177706301212311,2.3840040739742108e-05,1.0,2.3840040739742108e-05,0.0044402554631233215,0.013132479041814804,0.029686231166124344,0.060493677854537964,0.11587564647197723,0.21577531099319458,0.4522995054721832,0.5,1.0,1.0
2,2210,25000,0.2719372808933258,0.3179222047328949,2.250424586236477e-05,1.0,2.250424586236477e-05,0.004386098124086857,0.013157069683074951,0.02971242181956768,0.06056351587176323,0.1160576269030571,0.21619461476802826,0.45502743124961853,0.5,1.0,1.0
2,2220,25000,0.27176907658576965,0.31790992617607117,2.1493637177627534e-05,1.0,2.1493637177627534e-05,0.004406902473419905,0.013103277422487736,0.029665736481547356,0.06028358265757561,0.1156858503818512,0.216362863779068,0.4523720145225525,0.5,1.0,1.0
2,2230,25000,0.2719501554965973,0.31789329648017883,2.8321930585661903e-05,1.0,2.8321930585661903e-05,0.004395043943077326,0.013172178529202938,0.029701057821512222,0.06068069487810135,0.11613358557224274,0.21697406470775604,0.45463451743125916,0.5,1.0,1.0
2,2240,25000,0.27186813950538635,0.31780537962913513,2.216128632426262e-05,1.0,2.216128632426262e-05,0.004409291315823793,0.013183396309614182,0.029793158173561096,0.06068076193332672,0.11601148545742035,0.21625646948814392,0.4532758891582489,0.5,1.0,1.0
2,2250,25000,0.27187347412109375,0.31798192858695984,2.019189196289517e-05,1.0,2.019189196289517e-05,0.004365709610283375,0.013151703402400017,0.02952929586172104,0.06062132120132446,0.11585326492786407,0.2154647260904312,0.4536793529987335,0.5,1.0,1.0
2,2260,25000,0.2718603312969208,0.31791844964027405,1.9126213373965584e-05,1.0,1.9126213373965584e-05,0.0043959482572972775,0.013132622465491295,0.029796503484249115,0.06039854884147644,0.11586673557758331,0.21589192748069763,0.4534319341182709,0.5,1.0,1.0
2,2270,25000,0.27181345224380493,0.3178783059120178,2.149703686882276e-05,1.0,2.149703686882276e-05,0.004412132780998945,0.013200265355408192,0.029948294162750244,0.060525909066200256,0.11542872339487076,0.21592295169830322,0.45325687527656555,0.5,1.0,1.0
2,2280,25000,0.27175790071487427,0.3178252577781677,2.4075296096270904e-05,1.0,2.4075296096270904e-05,0.0044286674819886684,0.013120502233505249,0.02982255443930626,0.06047803908586502,0.11543157696723938,0.2163182646036148,0.45197024941444397,0.5,1.0,1.0
2,2290,25000,0.2718175947666168,0.31785476207733154,2.5998060664278455e-05,1.0,2.5998060664278455e-05,0.004372307565063238,0.013158556073904037,0.02969544194638729,0.060336388647556305,0.1160946637392044,0.21586282551288605,0.4537188410758972,0.5,1.0,1.0
2,2300,25000,0.2718948423862457,0.31792473793029785,2.060424412775319e-05,1.0,2.060424412775319e-05,0.004405372776091099,0.013033491559326649,0.029719620943069458,0.06071440503001213,0.11649119108915329,0.21583962440490723,0.4533531069755554,0.5,1.0,1.0
2,2310,25000,0.27174511551856995,0.31781870126724243,2.9917449865024537e-05,1.0,2.9917449865024537e-05,0.004410504829138517,0.013128475286066532,0.02975551411509514,0.060711570084095,0.11589378118515015,0.21564839780330658,0.45314937829971313,0.5,1.0,1.0
2,2320,25000,0.2719300389289856,0.3178654611110687,2.342222614970524e-05,1.0,2.342222614970524e-05,0.0044248271733522415,0.013233826495707035,0.02980455756187439,0.0606515072286129,0.11553975939750671,0.2160455584526062,0.45301124453544617,0.5,1.0,1.0
2,2330,25000,0.27183330059051514,0.3178442716598511,2.362603299843613e-05,1.0,2.362603299843613e-05,0.004400370642542839,0.013153504580259323,0.029821086674928665,0.060634203255176544,0.1158413290977478,0.21668237447738647,0.45295798778533936,0.5,1.0,1.0
2,2340,25000,0.27178409695625305,0.31781086325645447,2.0730611140606925e-05,1.0,2.0730611140606925e-05,0.004403545055538416,0.013184965588152409,0.0298601146787405,0.06089421361684799,0.11575870215892792,0.21603843569755554,0.45267021656036377,0.5,1.0,1.0
2,2350,25000,0.2719465494155884,0.3179236352443695,2.356501681788359e-05,1.0,2.356501681788359e-05,0.004436306189745665,0.013185574673116207,0.029879288747906685,0.06067974120378494,0.11579467356204987,0.2160404920578003,0.45505911111831665,0.5,1.0,1.0
2,2360,25000,0.2718331813812256,0.3179178237915039,2.3736478397040628e-05,1.0,2.3736478397040628e-05,0.004393025301396847,0.013191125355660915,0.029670029878616333,0.06061878055334091,0.11579808592796326,0.21610614657402039,0.45340779423713684,0.5,1.0,1.0
2,2370,25000,0.27177271246910095,0.3179160952568054,2.256651896459516e-05,1.0,2.256651896459516e-05,0.00441007548943162,0.0131369074806571,0.029696650803089142,0.060352448374032974,0.11567795276641846,0.2154265195131302,0.453075110912323,0.5,1.0,1.0
2,2380,25000,0.27181416749954224,0.3178275227546692,2.289623262186069e-05,1.0,2.289623262186069e-05,0.004420500248670578,0.013155030086636543,0.029758423566818237,0.06042111665010452,0.11613588035106659,0.2161833941936493,0.4516247510910034,0.5,1.0,1.0
2,2390,25000,0.2717680037021637,0.3179108798503876,2.423358273517806e-05,1.0,2.423358273517806e-05,0.004368666559457779,0.013147871941328049,0.02959446981549263,0.06068454310297966,0.11573029309511185,0.21549208462238312,0.4522347152233124,0.5,1.0,1.0
2,2400,25000,0.271819144487381,0.3179154694080353,2.1011672288295813e-05,1.0,2.1011672288295813e-05,0.004379882011562586,0.01320261787623167,0.029738740995526314,0.0606401227414608,0.11568408459424973,0.21637824177742004,0.452768474817276,0.5,1.0,1.0
2,2410,25000,0.27191445231437683,0.3179193437099457,2.4514351025572978e-05,1.0,2.4514351025572978e-05,0.004376158583909273,0.01318079698830843,0.029714547097682953,0.06065857410430908,0.11600184440612793,0.21639731526374817,0.4530053436756134,0.5,1.0,1.0
2,2420,25000,0.2717006206512451,0.3178168535232544,2.1102488972246647e-05,1.0,2.1102488972246647e-05,0.0043909684754908085,0.01309898216277361,0.02977915294468403,0.0604453980922699,0.11586566269397736,0.21594023704528809,0.450918048620224,0.5,1.0,1.0
2,2430,25000,0.2718457579612732,0.31790435314178467,2.3032813260215335e-05,1.0,2.3032813260215335e-05,0.004442031029611826,0.013110202737152576,0.029717199504375458,0.06034959852695465,0.11607920378446579,0.21563087403774261,0.453785240650177,0.5,1.0,1.0
2,2440,25000,0.2718934416770935,0.3179035484790802,2.4039491108851507e-05,1.0,2.4039491108851507e-05,0.0044234031811356544,0.013148881494998932,0.029698342084884644,0.060509346425533295,0.11593660712242126,0.21628275513648987,0.4542599618434906,0.5,1.0,1.0
2,2450,25000,0.2717314660549164,0.31787919998168945,2.3095648430171423e-05,1.0,2.3095648430171423e-05,0.004422225058078766,0.013178973458707333,0.029793815687298775,0.060164131224155426,0.11588677763938904,0.2163570672273636,0.4528473913669586,0.5,1.0,1.0
2,2460,25000,0.27189207077026367,0.3178935945034027,2.4219089027610607e-05,1.0,2.4219089027610607e-05,0.004404379520565271,0.013228286989033222,0.029684970155358315,0.060594383627176285,0.11569568514823914,0.21533939242362976,0.4523899257183075,0.5,1.0,1.0
2,2470,25000,0.2718620002269745,0.31788143515586853,1.9236875232309103e-05,1.0,1.9236875232309103e-05,0.004389592446386814,0.01312488317489624,0.029776865616440773,0.06053348630666733,0.11581307649612427,0.21615560352802277,0.45399215817451477,0.5,1.0,1.0
2,2480,25000,0.27191853523254395,0.31801310181617737,2.196820787503384e-05,1.0,2.196820787503384e-05,0.004391810856759548,0.013082467019557953,0.029735280200839043,0.060303185135126114,0.11613163352012634,0.21649819612503052,0.4525371491909027,0.5,1.0,1.0
2,2490,25000,0.2717958390712738,0.31798461079597473,2.449006751703564e-05,1.0,2.449006751703564e-05,0.0044014123268425465,0.01308363489806652,0.029583217576146126,0.06075047329068184,0.11540524661540985,0.21621404588222504,0.4539480209350586,0.5,1.0,1.0
2,2500,25000,0.2718140482902527,0.31788334250450134,2.243171911686659e-05,1.0,2.243171911686659e-05,0.004401673097163439,0.013194396160542965,0.029535571113228798,0.06035947427153587,0.11592850089073181,0.21598660945892334,0.4543909728527069,0.5,1.0,1.0
2,2510,25000,0.272007554769516,0.31794071197509766,2.7345977287041023e-05,1.0,2.7345977287041023e-05,0.004421739839017391,0.013098561204969883,0.029836129397153854,0.06030794233083725,0.11611253023147583,0.21704255044460297,0.45425644516944885,0.5,1.0,1.0
2,2520,25000,0.2718924880027771,0.3178785741329193,2.3928298105602153e-05,1.0,2.3928298105602153e-05,0.0043923635967075825,0.013121708296239376,0.02982734702527523,0.06036095321178436,0.11591525375843048,0.2158038169145584,0.45379960536956787,0.5,1.0,1.0
2,2530,25000,0.2718673050403595,0.31789854168891907,2.247833981527947e-05,1.0,2.247833981527947e-05,0.00440055038779974,0.013090694323182106,0.02980823814868927,0.06047283485531807,0.11639857292175293,0.21626736223697662,0.45239999890327454,0.5,1.0,1.0
2,2540,25000,0.2719399034976959,0.31795695424079895,2.274530015711207e-05,1.0,2.274530015711207e-05,0.004411446861922741,0.013177741318941116,0.029849514365196228,0.06050850823521614,0.11557769775390625,0.21619023382663727,0.4547901153564453,0.5,1.0,1.0
2,2550,25000,0.27175092697143555,0.31785687804222107,2.3126131054596044e-05,1.0,2.3126131054596044e-05,0.004404130857437849,0.01316307857632637,0.02975710667669773,0.06056671217083931,0.11571851372718811,0.21571238338947296,0.45275047421455383,0.5,1.0,1.0
2,2560,25000,0.2716844379901886,0.3178405463695526,2.6417219487484545e-05,1.0,2.6417219487484545e-05,0.004406323656439781,0.013199799694120884,0.029688186943531036,0.060509975999593735,0.11561447381973267,0.215328648686409,0.45409756898880005,0.5,1.0,1.0
2,2570,25000,0.27198314666748047,0.31795743107795715,2.260754263261333e-05,1.0,2.260754263261333e-05,0.004406762309372425,0.013090175576508045,0.02971985936164856,0.060750145465135574,0.11612653732299805,0.2162463665008545,0.4534527361392975,0.5,1.0,1.0
2,2580,25000,0.27182114124298096,0.3179263174533844,2.4725210096221417e-05,1.0,2.4725210096221417e-05,0.0044111283496022224,0.013180759735405445,0.029815128073096275,0.06026744842529297,0.1157131940126419,0.21612977981567383,0.45306676626205444,0.5,1.0,1.0
2,2590,25000,0.2718462347984314,0.3180323839187622,1.6480114936712198e-05,1.0,1.6480114936712198e-05,0.004394469782710075,0.013160509057343006,0.029725046828389168,0.06047632545232773,0.11592944711446762,0.21548058092594147,0.4532371163368225,0.5,1.0,1.0
2,2600,25000,0.2718452215194702,0.317979633808136,2.0473948097787797e-05,1.0,2.0473948097787797e-05,0.004386073909699917,0.01316398661583662,0.029680559411644936,0.060296591371297836,0.11582054197788239,0.21623849868774414,0.4536936283111572,0.5,1.0,1.0
2,2610,25000,0.27189600467681885,0.3179251253604889,2.7604950446402654e-05,1.0,2.7604950446402654e-05,0.004412045236676931,0.013215627521276474,0.029718302190303802,0.06034116819500923,0.11614610999822617,0.21636037528514862,0.4527280628681183,0.5,1.0,1.0
2,2620,25000,0.2719229459762573,0.3180232346057892,1.982030335057061e-05,1.0,1.982030335057061e-05,0.004374404903501272,0.013179600238800049,0.029696417972445488,0.06057530269026756,0.11597277224063873,0.21577215194702148,0.4537302255630493,0.5,1.0,1.0
2,2630,25000,0.2720777988433838,0.3181212544441223,2.2499118131236173e-05,1.0,2.2499118131236173e-05,0.004361607600003481,0.013198626227676868,0.029867298901081085,0.060648828744888306,0.11602484434843063,0.21647337079048157,0.45433488488197327,0.5,1.0,1.0
2,2640,25000,0.2718368172645569,0.3181160092353821,2.2282529243966565e-05,1.0,2.2282529243966565e-05,0.004408145323395729,0.013103112578392029,0.029816891998052597,0.060499779880046844,0.11540259420871735,0.2156946063041687,0.45261716842651367,0.5,1.0,1.0
2,2650,25000,0.2719918191432953,0.3181439936161041,2.6185634851572104e-05,1.0,2.6185634851572104e-05,0.00437750993296504,0.013172075152397156,0.029843762516975403,0.06054546684026718,0.11572682112455368,0.21595385670661926,0.4528129994869232,0.5,1.0,1.0
2,2660,25000,0.27194949984550476,0.318106472492218,2.6655205147108063e-05,1.0,2.6655205147108063e-05,0.004408490844070911,0.0131960054859519,0.02969270385801792,0.0604427345097065,0.11553171277046204,0.21610884368419647,0.4530905485153198,0.5,1.0,1.0
2,2670,25000,0.27188462018966675,0.31803494691848755,2.703763311728835e-05,1.0,2.703763311728835e-05,0.004381528124213219,0.013168632052838802,0.02962343581020832,0.0605560764670372,0.11574704200029373,0.21600422263145447,0.4541693329811096,0.5,1.0,1.0
2,2680,25000,0.2719278931617737,0.3180693984031677,2.2665260985377245e-05,1.0,2.2665260985377245e-05,0.0044092172756791115,0.013135186396539211,0.029662596061825752,0.0604860857129097,0.11592559516429901,0.2161140888929367,0.45153987407684326,0.5,1.0,1.0
2,2690,25000,0.27205508947372437,0.31816473603248596,2.4617993403808214e-05,1.0,2.4617993403808214e-05,0.004411356057971716,0.013154076412320137,0.029827382415533066,0.06055011600255966,0.11578319221735,0.21598394215106964,0.45268315076828003,0.5,1.0,1.0
2,2700,25000,0.27201300859451294,0.31813469529151917,2.0640898583224043e-05,1.0,2.0640898583224043e-05,0.004400405567139387,0.01315159909427166,0.029775502160191536,0.06040412560105324,0.11549361050128937,0.21655689179897308,0.45557647943496704,0.5,1.0,1.0
2,2710,25000,0.27219676971435547,0.3181777894496918,2.5081635612878017e-05,1.0,2.5081635612878017e-05,0.004423538688570261,0.01310028787702322,0.02976636402308941,0.06063085049390793,0.1163703128695488,0.21686895191669464,0.4551992416381836,0.5,1.0,1.0
2,2720,25000,0.2719022035598755,0.31813594698905945,2.1758316506748088e-05,1.0,2.1758316506748088e-05,0.004420272074639797,0.013101293705403805,0.029726041480898857,0.060684043914079666,0.11585312336683273,0.21539802849292755,0.4519135653972626,0.5,1.0,1.0
2,2730,25000,0.27204981446266174,0.318082720041275,2.5655885110609233e-05,1.0,2.5655885110609233e-05,0.004414936527609825,0.013177668675780296,0.02979491651058197,0.06043456122279167,0.11616837233304977,0.21622470021247864,0.4543784260749817,0.5,1.0,1.0
2,2740,25000,0.27193501591682434,0.31816139817237854,2.9261345844133757e-05,1.0,2.9261345844133757e-05,0.004408927168697119,0.013067989610135555,0.02964096888899803,0.060235295444726944,0.11613372713327408,0.21590407192707062,0.4529934227466583,0.5,1.0,1.0
2,2750,25000,0.2720320522785187,0.3182050585746765,2.352675437578e-05,1.0,2.352675437578e-05,0.00439066905528307,0.013079285621643066,0.02976842224597931,0.060552287846803665,0.11589553952217102,0.21576792001724243,0.4546626806259155,0.5,1.0,1.0
2,2760,25000,0.27204790711402893,0.3181981146335602,2.2348798665916547e-05,1.0,2.2348798665916547e-05,0.004418657161295414,0.013132703490555286,0.029702939093112946,0.06058325991034508,0.1156974732875824,0.21644416451454163,0.4537810683250427,0.5,1.0,1.0
2,2770,25000,0.2721130847930908,0.31811413168907166,2.0886083802906796e-05,1.0,2.0886083802906796e-05,0.004415732808411121,0.013144493103027344,0.029797591269016266,0.06070966273546219,0.11609835922718048,0.2162097543478012,0.45388031005859375,0.5,1.0,1.0
2,2780,25000,0.2719845771789551,0.3181074261665344,2.2203283151611686e-05,1.0,2.2203283151611686e-05,0.004399016033858061,0.013141476549208164,0.029687218368053436,0.060552578419446945,0.11547229439020157,0.2165064811706543,0.4537891745567322,0.5,1.0,1.0
2,2790,25000,0.2721094489097595,0.3181493580341339,2.1147019651834853e-05,1.0,2.1147019651834853e-05,0.0044248769991099834,0.013217272236943245,0.029723281040787697,0.06053486838936806,0.1160176545381546,0.21602992713451385,0.45469439029693604,0.5,1.0,1.0
2,2800,25000,0.2720107138156891,0.31820791959762573,2.1671061404049397e-05,1.0,2.1671061404049397e-05,0.0044301338493824005,0.013152933679521084,0.029827037826180458,0.06054679676890373,0.11560694873332977,0.21615011990070343,0.4531545341014862,0.5,1.0,1.0
2,2810,25000,0.2719118595123291,0.31813377141952515,2.5203753466485068e-05,1.0,2.5203753466485068e-05,0.004418555647134781,0.013158934190869331,0.029719501733779907,0.06041968613862991,0.11586566269397736,0.21605895459651947,0.45334333181381226,0.5,1.0,1.0
2,2820,25000,0.2719997763633728,0.318177729845047,2.3624943423783407e-05,1.0,2.3624943423783407e-05,0.004383436404168606,0.013155762106180191,0.029575610533356667,0.060455385595560074,0.11584631353616714,0.21618352830410004,0.4530457556247711,0.5,1.0,1.0
2,2830,25000,0.2719910442829132,0.3181554675102234,2.029981442319695e-05,1.0,2.029981442319695e-05,0.004423852544277906,0.013110669329762459,0.029749050736427307,0.06045663356781006,0.11620786786079407,0.2159692347049713,0.4538770318031311,0.5,1.0,1.0
2,2840,25000,0.2719768285751343,0.3182017207145691,2.6036130293505266e-05,1.0,2.6036130293505266e-05,0.00439662067219615,0.013102864846587181,0.02966250851750374,0.060360923409461975,0.11565163731575012,0.21628540754318237,0.45309966802597046,0.5,1.0,1.0
2,2850,25000,0.2719116806983948,0.318150132894516,2.2992528101895005e-05,1.0,2.2992528101895005e-05,0.004408468492329121,0.013127188198268414,0.02988436631858349,0.06068775802850723,0.11575556546449661,0.2158118486404419,0.45261380076408386,0.5,1.0,1.0
2,2860,25000,0.2718920409679413,0.31813815236091614,2.5136641852441244e-05,1.0,2.5136641852441244e-05,0.0043973298743367195,0.013208125717937946,0.029818857088685036,0.06078300625085831,0.11565355956554413,0.2155618816614151,0.45273077487945557,0.5,1.0,1.0
2,2870,25000,0.27197182178497314,0.3181842565536499,2.4078706701402552e-05,1.0,2.4078706701402552e-05,0.004399559460580349,0.0131355170160532,0.029722629114985466,0.06034315750002861,0.11587341129779816,0.21614040434360504,0.4532381296157837,0.5,1.0,1.0
2,2880,25000,0.2719610035419464,0.31815800070762634,2.6877787604462355e-05,1.0,2.6877787604462355e-05,0.004420268349349499,0.013158145360648632,0.029689067974686623,0.06037577614188194,0.11610817909240723,0.21546150743961334,0.45535513758659363,0.5,1.0,1.0
2,2890,25000,0.27195626497268677,0.31812816858291626,2.5212702894350514e-05,1.0,2.5212702894350514e-05,0.004415747243911028,0.013192763552069664,0.02970787324011326,0.0606069415807724,0.11584881693124771,0.21623572707176208,0.4530387222766876,0.5,1.0,1.0
2,2900,25000,0.27200499176979065,0.31819531321525574,2.0596424292307347e-05,1.0,2.0596424292307347e-05,0.00437026284635067,0.013141389936208725,0.02995849773287773,0.06056555360555649,0.11576284468173981,0.21610283851623535,0.45488473773002625,0.5,1.0,1.0
2,2910,25000,0.2720927894115448,0.31822317838668823,2.1460549760377035e-05,1.0,2.1460549760377035e-05,0.004415778908878565,0.013147659599781036,0.02971094846725464,0.060802120715379715,0.11607635021209717,0.21645639836788177,0.4535354673862457,0.5,1.0,1.0
2,2920,25000,0.2720789313316345,0.31814759969711304,2.404013866907917e-05,1.0,2.404013866907917e-05,0.004396534990519285,0.013139077462255955,0.02970639429986477,0.06073960289359093,0.11605820059776306,0.21630680561065674,0.45287349820137024,0.5,1.0,1.0
2,2930,25000,0.27189984917640686,0.31816136837005615,2.555073115217965e-05,1.0,2.555073115217965e-05,0.004391781985759735,0.013098843395709991,0.02971489168703556,0.06046722084283829,0.11583860218524933,0.21498660743236542,0.4525619149208069,0.5,1.0,1.0
2,2940,25000,0.2720140814781189,0.3181825876235962,2.614334152895026e-05,1.0,2.614334152895026e-05,0.004372927360236645,0.013109142892062664,0.02966977097094059,0.06066712737083435,0.11596998572349548,0.2159983068704605,0.4538930654525757,0.5,1.0,1.0
2,2950,25000,0.27204427123069763,0.31813424825668335,1.881954085547477e-05,1.0,1.881954085547477e-05,0.004410818684846163,0.013186140917241573,0.029663024470210075,0.060450948774814606,0.1161191463470459,0.2161116600036621,0.4544793665409088,0.5,1.0,1.0
2,2960,25000,0.27198806405067444,0.3181823790073395,2.4629300241940655e-05,1.0,2.4629300241940655e-05,0.00441711163148284,0.013115010224282742,0.02961452677845955,0.06036164239048958,0.11573681980371475,0.21569766104221344,0.45304152369499207,0.5,1.0,1.0
2,2970,25000,0.2721656858921051,0.31825926899909973,2.504508120182436e-05,1.0,2.504508120182436e-05,0.00441932724788785,0.013164154253900051,0.02973751910030842,0.06057898700237274,0.11586252599954605,0.21616876125335693,0.4542650282382965,0.5,1.0,1.0
2,2980,25000,0.2721428871154785,0.31826236844062805,2.438580122543499e-05,1.0,2.438580122543499e-05,0.0043863654136657715,0.013161828741431236,0.02988816611468792,0.060604169964790344,0.11567527800798416,0.21682871878147125,0.4540969729423523,0.5,1.0,1.0
2,2990,25000,0.2720267176628113,0.3182908296585083,2.243019662273582e-05,1.0,2.243019662273582e-05,0.00442100316286087,0.013067248277366161,0.02966783195734024,0.060638584196567535,0.11575902998447418,0.21574623882770538,0.453687459230423,0.5,1.0,1.0
2,3000,25000,0.27198684215545654,0.3181445300579071,2.0023580873385072e-05,1.0,2.0023580873385072e-05,0.004425744526088238,0.013172116130590439,0.029646487906575203,0.06055478751659393,0.11555146425962448,0.2162332534790039,0.45437687635421753,0.5,1.0,1.0
2,3010,25000,0.2720901072025299,0.3182574212551117,2.432916699035559e-05,1.0,2.432916699035559e-05,0.004414584022015333,0.013175505213439465,0.029735881835222244,0.06044976785778999,0.11549675464630127,0.21611689031124115,0.45362213253974915,0.5,1.0,1.0
2,3020,25000,0.27194276452064514,0.3182034194469452,2.0632445739465766e-05,1.0,2.0632445739465766e-05,0.004404706414788961,0.013192802667617798,0.029682941734790802,0.06032832711935043,0.11580498516559601,0.2162589728832245,0.45268064737319946,0.5,1.0,1.0
2,3030,25000,0.27181753516197205,0.3181217908859253,2.345522807445377e-05,1.0,2.345522807445377e-05,0.004416535142809153,0.013111547566950321,0.02959252893924713,0.06043780595064163,0.11561797559261322,0.21611566841602325,0.45219266414642334,0.5,1.0,1.0
2,3040,25000,0.2719687223434448,0.3181898891925812,2.5936556994565763e-05,1.0,2.5936556994565763e-05,0.004386590328067541,0.01316427905112505,0.02985813468694687,0.06052013114094734,0.1160246953368187,0.21623091399669647,0.4527226686477661,0.5,1.0,1.0
2,3050,25000,0.272024005651474,0.31822875142097473,2.5844909032457508e-05,1.0,2.5844909032457508e-05,0.004399663768708706,0.013086012564599514,0.029747748747467995,0.0604359470307827,0.11588925868272781,0.2160494029521942,0.4538370370864868,0.5,1.0,1.0
2,3060,25000,0.2720206081867218,0.318259060382843,2.449396015435923e-05,1.0,2.449396015435923e-05,0.004444102756679058,0.01315979938954115,0.029635457322001457,0.06041024252772331,0.11553777009248734,0.21593564748764038,0.4530629813671112,0.5,1.0,1.0
2,3070,25000,0.2720254361629486,0.3182218074798584,2.2284390070126392e-05,1.0,2.2284390070126392e-05,0.0044164699502289295,0.013156098313629627,0.02975987270474434,0.06061514467000961,0.11614830791950226,0.216291606426239,0.4521262049674988,0.5,1.0,1.0
2,3080,25000,0.27203792333602905,0.31827661395072937,2.359638165216893e-05,1.0,2.359638165216893e-05,0.0043854061514139175,0.013195300474762917,0.029818333685398102,0.06041306257247925,0.11604678630828857,0.21577462553977966,0.4548989236354828,0.5,1.0,1.0
2,3090,25000,0.27197253704071045,0.3182227909564972,2.615151424834039e-05,1.0,2.615151424834039e-05,0.004394912626594305,0.013168173842132092,0.02951153554022312,0.060525961220264435,0.11569492518901825,0.2161148190498352,0.45378607511520386,0.5,1.0,1.0
2,3100,25000,0.2720373570919037,0.31834498047828674,2.4769273295532912e-05,1.0,2.4769273295532912e-05,0.0043881600722670555,0.013178795576095581,0.029716793447732925,0.06024850904941559,0.11527672410011292,0.21571864187717438,0.45331400632858276,0.5,1.0,1.0
2,3110,25000,0.2719985842704773,0.31821680068969727,2.304827285115607e-05,1.0,2.304827285115607e-05,0.0044039832428097725,0.013091988861560822,0.029778501018881798,0.06060832366347313,0.11573360860347748,0.21607056260108948,0.4526439309120178,0.5,1.0,1.0
2,3120,25000,0.2720750570297241,0.31822723150253296,2.410335946478881e-05,1.0,2.410335946478881e-05,0.004398742225021124,0.013087009079754353,0.02964986301958561,0.060700371861457825,0.11591363698244095,0.21613813936710358,0.4528585374355316,0.5,1.0,1.0
2,3130,25000,0.27205154299736023,0.31820064783096313,1.840207005443517e-05,1.0,1.840207005443517e-05,0.004422672092914581,0.013200908899307251,0.029765738174319267,0.06051146239042282,0.11568906903266907,0.21621005237102509,0.45411109924316406,0.5,1.0,1.0
2,3140,25000,0.2720211446285248,0.31823697686195374,2.3477123249904253e-05,1.0,2.3477123249904253e-05,0.004397232551127672,0.013192914426326752,0.02986982837319374,0.060604311525821686,0.11549210548400879,0.21565626561641693,0.45324933528900146,0.5,1.0,1.0
2,3150,25000,0.2721947431564331,0.3182791769504547,2.4456516257487237e-05,1.0,2.4456516257487237e-05,0.004400970414280891,0.013144063763320446,0.029735662043094635,0.06092791259288788,0.11562848836183548,0.21697552502155304,0.4530523717403412,0.5,1.0,1.0
2,3160,25000,0.2719501554965973,0.3182348608970642,2.360183498240076e-05,1.0,2.360183498240076e-05,0.004402518272399902,0.013097638264298439,0.02967938221991062,0.06038549542427063,0.1157236099243164,0.21609920263290405,0.4533560872077942,0.5,1.0,1.0
2,3170,25000,0.27199622988700867,0.3183053135871887,2.394594412180595e-05,1.0,2.394594412180595e-05,0.004431558772921562,0.013104348443448544,0.02974374033510685,0.060298677533864975,0.11564561724662781,0.2159346640110016,0.45277348160743713,0.5,1.0,1.0
2,3180,25000,0.2720528841018677,0.3182535469532013,2.478684655216057e-05,1.0,2.478684655216057e-05,0.004386925604194403,0.013156023807823658,0.029754851013422012,0.06044671684503555,0.11546152830123901,0.21610215306282043,0.4519922733306885,0.5,1.0,1.0
2,3190,25000,0.27214527130126953,0.31825417280197144,2.6240539227728732e-05,1.0,2.6240539227728732e-05,0.004388856701552868,0.013204122893512249,0.02976744808256626,0.06034121662378311,0.11593548953533173,0.2163216471672058,0.4543439447879791,0.5,1.0,1.0
2,3200,25000,0.2719534635543823,0.31821197271347046,2.8150305297458544e-05,1.0,2.8150305297458544e-05,0.004379225429147482,0.013200937770307064,0.029720913618803024,0.06036326661705971,0.11572521924972534,0.2157268524169922,0.45340344309806824,0.5,1.0,1.0
2,3210,25000,0.2720736861228943,0.31826329231262207,2.5317998733953573e-05,1.0,2.5317998733953573e-05,0.004394968040287495,0.013105747289955616,0.029683345928788185,0.06063758209347725,0.11572650820016861,0.2168474793434143,0.45383161306381226,0.5,1.0,1.0
2,3220,25000,0.2720084488391876,0.3182466924190521,2.2619493392994627e-05,1.0,2.2619493392994627e-05,0.004432551097124815,0.013121138326823711,0.02983914315700531,0.060237325727939606,0.11581858992576599,0.21653416752815247,0.4518137276172638,0.5,1.0,1.0
2,3230,25000,0.27210062742233276,0.3182971179485321,2.2741629436495714e-05,1.0,2.2741629436495714e-05,0.004413268528878689,0.013132300227880478,0.029830804094672203,0.06042678654193878,0.11558406054973602,0.21572773158550262,0.45428958535194397,0.5,1.0,1.0
2,3240,25000,0.2720608711242676,0.31827312707901,2.5464454665780067e-05,1.0,2.5464454665780067e-05,0.004404398147016764,0.013150515034794807,0.029763998463749886,0.06043302267789841,0.11573994159698486,0.2161904126405716,0.45444172620773315,0.5,1.0,1.0
2,3250,25000,0.27210670709609985,0.3182372450828552,2.236493855889421e-05,1.0,2.236493855889421e-05,0.004416664596647024,0.013167593628168106,0.029834842309355736,0.060521889477968216,0.11569163203239441,0.21600691974163055,0.45380786061286926,0.5,1.0,1.0
2,3260,25000,0.27200189232826233,0.31817626953125,2.4253851734101772e-05,1.0,2.4253851734101772e-05,0.004419722128659487,0.013137668371200562,0.02979661338031292,0.060321152210235596,0.11597159504890442,0.21578726172447205,0.4529190957546234,0.5,1.0,1.0
2,3270,25000,0.2719903588294983,0.31816762685775757,2.4321268938365392e-05,1.0,2.4321268938365392e-05,0.004405370447784662,0.013160096481442451,0.02977648377418518,0.06072762981057167,0.11578710377216339,0.21620623767375946,0.45382484793663025,0.5,1.0,1.0
2,3280,25000,0.27187660336494446,0.31814199686050415,2.6710176825872622e-05,1.0,2.6710176825872622e-05,0.00438540568575263,0.01318212877959013,0.02989487536251545,0.0606965571641922,0.11538071930408478,0.21547329425811768,0.4521607458591461,0.5,1.0,1.0
2,3290,25000,0.2719527781009674,0.31816452741622925,2.41785073740175e-05,1.0,2.41785073740175e-05,0.004445366561412811,0.01316580455750227,0.029743386432528496,0.06065726280212402,0.11608312278985977,0.21638932824134827,0.4515568017959595,0.5,1.0,1.0
2,3300,25000,0.27201125025749207,0.31818127632141113,2.273247082484886e-05,1.0,2.273247082484886e-05,0.004372471012175083,0.0131369112059474,0.029776034876704216,0.06053093075752258,0.11600716412067413,0.21658717095851898,0.45137545466423035,0.5,1.0,1.0
2,3310,25000,0.27195292711257935,0.31826743483543396,2.2516987883136608e-05,1.0,2.2516987883136608e-05,0.004376263823360205,0.013126032426953316,0.029634496197104454,0.06012798473238945,0.11579842865467072,0.21636676788330078,0.45275750756263733,0.5,1.0,1.0
2,3320,25000,0.27183833718299866,0.31817105412483215,2.3129872715799138e-05,1.0,2.3129872715799138e-05,0.004393387120217085,0.013161418959498405,0.02965894713997841,0.06042349338531494,0.11540821194648743,0.21636386215686798,0.4526653587818146,0.5,1.0,1.0
2,3330,25000,0.27192234992980957,0.31818458437919617,2.630595008668024e-05,1.0,2.630595008668024e-05,0.004392690025269985,0.01316523365676403,0.02980636991560459,0.0605929009616375,0.11589841544628143,0.21623669564723969,0.45239898562431335,0.5,1.0,1.0
2,3340,25000,0.27202147245407104,0.31828129291534424,2.3413625967805274e-05,1.0,2.3413625967805274e-05,0.004415260627865791,0.013110112398862839,0.02975260280072689,0.060352519154548645,0.1156744435429573,0.21583452820777893,0.4550471603870392,0.5,1.0,1.0
2,3350,25000,0.2720679044723511,0.3182200491428375,2.2461264961748384e-05,1.0,2.2461264961748384e-05,0.0043988279066979885,0.013139366172254086,0.029751330614089966,0.060506612062454224,0.11612431704998016,0.2169100046157837,0.45265403389930725,0.5,1.0,1.0
2,3360,25000,0.2720670998096466,0.3182794153690338,2.536923420848325e-05,1.0,2.536923420848325e-05,0.004377544391900301,0.01315847784280777,0.02967827022075653,0.06036074832081795,0.11621315777301788,0.21599528193473816,0.45271191000938416,0.5,1.0,1.0
2,3370,25000,0.2720515727996826,0.31826847791671753,2.7094247343484312e-05,1.0,2.7094247343484312e-05,0.004383340012282133,0.013106994330883026,0.02983771078288555,0.060567423701286316,0.11557166278362274,0.21626071631908417,0.4525885581970215,0.5,1.0,1.0
2,3380,25000,0.27218085527420044,0.3183079659938812,2.4535278498660773e-05,1.0,2.4535278498660773e-05,0.004424147307872772,0.013132777065038681,0.029702244326472282,0.060549572110176086,0.11608254164457321,0.2159024029970169,0.4544626474380493,0.5,1.0,1.0
2,3390,25000,0.27211374044418335,0.3183330297470093,2.3050302843330428e-05,1.0,2.3050302843330428e-05,0.004384163301438093,0.013198384083807468,0.02992389351129532,0.060715917497873306,0.11575621366500854,0.21610000729560852,0.4551355838775635,0.5,1.0,1.0
2,3400,25000,0.2721906900405884,0.3183944523334503,2.8354423193377443e-05,1.0,2.8354423193377443e-05,0.0043843393214046955,0.013197858817875385,0.02969743311405182,0.060406263917684555,0.1157127171754837,0.21621984243392944,0.45496493577957153,0.5,1.0,1.0
2,3410,25000,0.27218565344810486,0.31830453872680664,2.334342207177542e-05,1.0,2.334342207177542e-05,0.004411682486534119,0.01311658974736929,0.029754552990198135,0.060578182339668274,0.11589081585407257,0.2164304405450821,0.4532111883163452,0.5,1.0,1.0
2,3420,25000,0.2719191312789917,0.3181888163089752,2.3934486307553016e-05,1.0,2.3934486307553016e-05,0.004438122734427452,0.013202338479459286,0.029550183564424515,0.06054915860295296,0.1154652088880539,0.21606631577014923,0.4525029957294464,0.5,1.0,1.0
2,3430,25000,0.2720165252685547,0.3182465732097626,2.4294671675306745e-05,1.0,2.4294671675306745e-05,0.004386526998132467,0.0131845036521554,0.029710644856095314,0.060595523566007614,0.11570116132497787,0.21546399593353271,0.4537770450115204,0.5,1.0,1.0
2,3440,25000,0.2720077633857727,0.3182736933231354,2.2617359718424268e-05,1.0,2.2617359718424268e-05,0.004409960936754942,0.01312709879130125,0.029695188626646996,0.060366686433553696,0.11585599184036255,0.21563610434532166,0.4517269730567932,0.5,1.0,1.0
2,3450,25000,0.27199676632881165,0.3182176649570465,2.3002581656328402e-05,1.0,2.3002581656328402e-05,0.004383275751024485,0.013087199069559574,0.029752623289823532,0.060352835804224014,0.11598464846611023,0.21589671075344086,0.4512174129486084,0.5,1.0,1.0
2,3460,25000,0.2719652056694031,0.3181736171245575,2.967089858429972e-05,1.0,2.967089858429972e-05,0.0044477819465100765,0.013122200965881348,0.029658688232302666,0.060629453510046005,0.11565963923931122,0.21626438200473785,0.455027312040329,0.5,1.0,1.0
2,3470,25000,0.2719573378562927,0.3181892931461334,2.6561156118987128e-05,1.0,2.6561156118987128e-05,0.004398146644234657,0.013215102255344391,0.029685288667678833,0.06043681874871254,0.11607494950294495,0.21583595871925354,0.4534505307674408,0.5,1.0,1.0
2,3480,25000,0.2719598710536957,0.31822073459625244,2.061759732896462e-05,1.0,2.061759732896462e-05,0.004409704823046923,0.013103308156132698,0.029594969004392624,0.06040123105049133,0.11553677916526794,0.21626320481300354,0.45326417684555054,0.5,1.0,1.0
2,3490,25000,0.2719409763813019,0.31823989748954773,2.5723822545842268e-05,1.0,2.5723822545842268e-05,0.004434597212821245,0.013227075338363647,0.029833823442459106,0.060338906943798065,0.11527916043996811,0.2153344452381134,0.4518003761768341,0.5,1.0,1.0
2,3500,25000,0.2722160518169403,0.3183487057685852,2.4570035748183727e-05,1.0,2.4570035748183727e-05,0.00442106369882822,0.013172514736652374,0.029863307252526283,0.060727182775735855,0.11580945551395416,0.21686619520187378,0.45418450236320496,0.5,1.0,1.0
2,3510,25000,0.2720058262348175,0.3181849718093872,2.0904295524815097e-05,1.0,2.0904295524815097e-05,0.004401653539389372,0.01313346903771162,0.02972521260380745,0.06062773987650871,0.11628908663988113,0.21635979413986206,0.4521666467189789,0.5,1.0,1.0
2,3520,25000,0.27210479974746704,0.31823694705963135,2.406558269285597e-05,1.0,2.406558269285597e-05,0.004370095208287239,0.013076203875243664,0.029782574623823166,0.06070202589035034,0.11622276902198792,0.21645358204841614,0.45342427492141724,0.5,1.0,1.0
2,3530,25000,0.2720607817173004,0.3183034062385559,1.943539064086508e-05,1.0,1.943539064086508e-05,0.004396453499794006,0.013143133372068405,0.029735591262578964,0.06053902953863144,0.11552206426858902,0.2158059924840927,0.45351356267929077,0.5,1.0,1.0
2,3540,25000,0.27208778262138367,0.31823259592056274,2.741806565609295e-05,1.0,2.741806565609295e-05,0.004433731082826853,0.013085205107927322,0.029744787141680717,0.06066577881574631,0.11607891321182251,0.21638113260269165,0.45288076996803284,0.5,1.0,1.0
2,3550,25000,0.2720356583595276,0.3182730972766876,2.1758089133072644e-05,1.0,2.1758089133072644e-05,0.004404219798743725,0.012999152764678001,0.0296263936907053,0.06053320690989494,0.1155695989727974,0.2158915400505066,0.45383191108703613,0.5,1.0,1.0
2,3560,25000,0.27207207679748535,0.3182010352611542,2.6075173082062975e-05,1.0,2.6075173082062975e-05,0.00437998678535223,0.013118862174451351,0.02980479598045349,0.06048085168004036,0.11595647037029266,0.2163221836090088,0.45325911045074463,0.5,1.0,1.0
2,3570,25000,0.2720891237258911,0.31830042600631714,2.460497671563644e-05,1.0,2.460497671563644e-05,0.004426359664648771,0.013156692497432232,0.029892902821302414,0.060598719865083694,0.11591695249080658,0.2160944640636444,0.4539773166179657,0.5,1.0,1.0
2,3580,25000,0.272016704082489,0.318256676197052,2.3839309506001882e-05,1.0,2.3839309506001882e-05,0.0043854303658008575,0.013207302428781986,0.029743846505880356,0.06028179079294205,0.11592768132686615,0.2160290628671646,0.4534728229045868,0.5,1.0,1.0
2,3590,25000,0.2719827890396118,0.3182317316532135,2.2274445655057207e-05,1.0,2.2274445655057207e-05,0.0043985359370708466,0.01310591958463192,0.029718272387981415,0.06028246134519577,0.11563438177108765,0.21597088873386383,0.453482985496521,0.5,1.0,1.0
2,3600,25000,0.27202069759368896,0.3183555006980896,2.6753135898616165e-05,1.0,2.6753135898616165e-05,0.004401979967951775,0.013059410266578197,0.029814422130584717,0.060357432812452316,0.11540336906909943,0.215927854180336,0.45373791456222534,0.5,1.0,1.0
2,3610,25000,0.2719675898551941,0.31820401549339294,2.814226536429487e-05,1.0,2.814226536429487e-05,0.00439227232709527,0.013193201273679733,0.029714681208133698,0.060511182993650436,0.11581461131572723,0.21567143499851227,0.4523082673549652,0.5,1.0,1.0
2,3620,25000,0.27219030261039734,0.31835082173347473,2.5164497856167145e-05,1.0,2.5164497856167145e-05,0.004402287304401398,0.013195269741117954,0.029660817235708237,0.06033019348978996,0.11566993594169617,0.21654903888702393,0.4562349021434784,0.5,1.0,1.0
2,3630,25000,0.2721673548221588,0.3182644546031952,2.1229356207186356e-05,1.0,2.1229356207186356e-05,0.004402463324368,0.013109476305544376,0.02975882776081562,0.060379508882761,0.1159159243106842,0.21579504013061523,0.4555095434188843,0.5,1.0,1.0
2,3640,25000,0.27209538221359253,0.31826168298721313,2.2326470570988022e-05,1.0,2.2326470570988022e-05,0.004394646268337965,0.013254211284220219,0.029836012050509453,0.060590505599975586,0.11598870158195496,0.21538318693637848,0.45355358719825745,0.5,1.0,1.0
2,3650,25000,0.27208977937698364,0.31820520758628845,1.9326496840221807e-05,1.0,1.9326496840221807e-05,0.004409980960190296,0.013157650828361511,0.02982918545603752,0.06069701910018921,0.11630560457706451,0.2166796326637268,0.4530940055847168,0.5,1.0,1.0
2,3660,25000,0.27194082736968994,0.31826290488243103,2.3470187443308532e-05,1.0,2.3470187443308532e-05,0.0044042132794857025,0.013181795366108418,0.029660973697900772,0.06052374094724655,0.11571630090475082,0.215615376830101,0.452844500541687,0.5,1.0,1.0
2,3670,25000,0.2721808850765228,0.3183552026748657,2.4504781322320923e-05,1.0,2.4504781322320923e-05,0.004392971750348806,0.013167227618396282,0.029832962900400162,0.06048513948917389,0.11625102162361145,0.2166217416524887,0.4534953534603119,0.5,1.0,1.0
2,3680,25000,0.27196937799453735,0.318267822265625,2.452797707519494e-05,1.0,2.452797707519494e-05,0.00443436112254858,0.01310801412910223,0.029833711683750153,0.06012088060379028,0.11588330566883087,0.21628515422344208,0.4526928663253784,0.5,1.0,1.0
2,3690,25000,0.27206337451934814,0.31821539998054504,1.9131748558720574e-05,1.0,1.9131748558720574e-05,0.00443964172154665,0.01320439763367176,0.029803769662976265,0.060688164085149765,0.11557644605636597,0.21621555089950562,0.45303481817245483,0.5,1.0,1.0
2,3700,25000,0.2720472514629364,0.3182661235332489,2.1140798708074726e-05,1.0,2.1140798708074726e-05,0.004406055901199579,0.013181003741919994,0.029726719483733177,0.06026192754507065,0.1161172091960907,0.21599306166172028,0.4530431926250458,0.5,1.0,1.0
2,3710,25000,0.2721627652645111,0.31827276945114136,2.4656103050801903e-05,1.0,2.4656103050801903e-05,0.004411637783050537,0.013183428905904293,0.029674997553229332,0.06043589487671852,0.11645132303237915,0.21656832098960876,0.4541981816291809,0.5,1.0,1.0
2,3720,25000,0.2719633877277374,0.3182704448699951,2.2439382519223727e-05,1.0,2.2439382519223727e-05,0.004401255398988724,0.013210875913500786,0.02972235158085823,0.060453154146671295,0.11567427217960358,0.21624153852462769,0.451619029045105,0.5,1.0,1.0
2,3730,25000,0.2721151113510132,0.3183409571647644,1.8862676370190457e-05,1.0,1.8862676370190457e-05,0.004443427547812462,0.013199898414313793,0.02981617860496044,0.06076986715197563,0.11585825681686401,0.21633794903755188,0.4535958170890808,0.5,1.0,1.0
2,3740,25000,0.27199849486351013,0.31819161772727966,2.0835201212321408e-05,1.0,2.0835201212321408e-05,0.0043985978700220585,0.013129512779414654,0.029638633131980896,0.060542602092027664,0.11629574745893478,0.21598827838897705,0.45293888449668884,0.5,1.0,1.0
2,3750,25000,0.27211299538612366,0.3181722164154053,1.8787826775223948e-05,1.0,1.8787826775223948e-05,0.00442880392074585,0.013185649178922176,0.02967763878405094,0.060595687478780746,0.11619040369987488,0.21670657396316528,0.45312273502349854,0.5,1.0,1.0
2,3760,25000,0.2720284163951874,0.3181937336921692,2.0279692762414925e-05,1.0,2.0279692762414925e-05,0.004417601507157087,0.013205613940954208,0.029813801869750023,0.06044066324830055,0.11603440344333649,0.2161387801170349,0.4505966305732727,0.5,1.0,1.0
2,3770,25000,0.27210021018981934,0.31823715567588806,2.7706328182830475e-05,1.0,2.7706328182830475e-05,0.004383814055472612,0.013149953447282314,0.02977859601378441,0.060670435428619385,0.11576645076274872,0.21630005538463593,0.4537504017353058,0.5,1.0,1.0
2,3780,25000,0.27203401923179626,0.3182614743709564,2.4822933482937515e-05,1.0,2.4822933482937515e-05,0.004403441678732634,0.013180049136281013,0.029833022505044937,0.06043645739555359,0.11628051847219467,0.21584613621234894,0.45184969902038574,0.5,1.0,1.0
2,3790,25000,0.272120863199234,0.3182470500469208,1.8336559151066467e-05,1.0,1.8336559151066467e-05,0.004414218477904797,0.013120921328663826,0.02967427484691143,0.060585156083106995,0.11625561118125916,0.21630454063415527,0.45436546206474304,0.5,1.0,1.0
2,3800,25000,0.27198633551597595,0.31822091341018677,2.519964618841186e-05,1.0,2.519964618841186e-05,0.004401576705276966,0.013130770064890385,0.029737282544374466,0.06054379418492317,0.11576493084430695,0.21678002178668976,0.45158809423446655,0.5,1.0,1.0
2,3810,25000,0.2720295190811157,0.31824585795402527,2.1868501789867878e-05,1.0,2.1868501789867878e-05,0.00437799422070384,0.013124057091772556,0.029596948996186256,0.060471776872873306,0.11582498997449875,0.21657852828502655,0.4541977047920227,0.5,1.0,1.0
2,3820,25000,0.2720233201980591,0.31817325949668884,2.2412572434404865e-05,1.0,2.2412572434404865e-05,0.004421329125761986,0.013144031167030334,0.02976185455918312,0.06036043539643288,0.11601841449737549,0.21645160019397736,0.4528641104698181,0.5,1.0,1.0
2,3830,25000,0.27190062403678894,0.3182579576969147,2.4634975488879718e-05,1.0,2.4634975488879718e-05,0.0044322386384010315,0.013138952665030956,0.0296640582382679,0.06049729138612747,0.11605401337146759,0.2153196930885315,0.45419180393218994,0.5,1.0,1.0
2,3840,25000,0.2719850540161133,0.31828340888023376,2.2828007786301896e-05,1.0,2.2828007786301896e-05,0.004418632481247187,0.013224990107119083,0.029755542054772377,0.060573264956474304,0.11560141295194626,0.2155207246541977,0.45134252309799194,0.5,1.0,1.0
2,3850,25000,0.27195966243743896,0.31825968623161316,2.6079160306835547e-05,1.0,2.6079160306835547e-05,0.004388788249343634,0.013146151788532734,0.029638314619660378,0.06055620685219765,0.11602306365966797,0.21523474156856537,0.45295393466949463,0.5,1.0,1.0
2,3860,25000,0.2720162868499756,0.3183051347732544,2.2513655494549312e-05,1.0,2.2513655494549312e-05,0.004404155071824789,0.013148833066225052,0.029773736372590065,0.06035567820072174,0.11573947221040726,0.21625620126724243,0.4521240293979645,0.5,1.0,1.0
2,3870,25000,0.27205511927604675,0.31826502084732056,2.256447078252677e-05,1.0,2.256447078252677e-05,0.004382398910820484,0.013165851123631,0.02977658249437809,0.060414377599954605,0.11580335348844528,0.215804323554039,0.45312559604644775,0.5,1.0,1.0
2,3880,25000,0.2719826400279999,0.3181747496128082,2.6692587198340334e-05,1.0,2.6692587198340334e-05,0.004395141266286373,0.013143441639840603,0.029763195663690567,0.06063653528690338,0.11601842194795609,0.21597452461719513,0.4533398449420929,0.5,1.0,1.0
2,3890,25000,0.2720629572868347,0.3182891309261322,2.439302988932468e-05,1.0,2.439302988932468e-05,0.004390818998217583,0.013166896998882294,0.029717005789279938,0.060628898441791534,0.11586745083332062,0.21643197536468506,0.4529854357242584,0.5,1.0,1.0
2,3900,25000,0.2721531093120575,0.31829801201820374,2.0696763385785744e-05,1.0,2.0696763385785744e-05,0.004402743652462959,0.013148619793355465,0.029826786369085312,0.06071393936872482,0.11586417257785797,0.21666334569454193,0.452926903963089,0.5,1.0,1.0
2,3910,25000,0.2721366882324219,0.31825578212738037,2.3257805878529325e-05,1.0,2.3257805878529325e-05,0.004444560967385769,0.013163488358259201,0.029727067798376083,0.06056990474462509,0.11628514528274536,0.21580711007118225,0.4535929560661316,0.5,1.0,1.0
2,3920,25000,0.2720467150211334,0.3181900084018707,2.269448850711342e-05,1.0,2.269448850711342e-05,0.004399024415761232,0.013200062327086926,0.029719771817326546,0.06057142838835716,0.11582919955253601,0.21681341528892517,0.4521322548389435,0.5,1.0,1.0
2,3930,25000,0.2719200849533081,0.31819257140159607,2.0473080439842306e-05,1.0,2.0473080439842306e-05,0.004395243711769581,0.013159263879060745,0.029650716111063957,0.06057917699217796,0.11581844091415405,0.21621660888195038,0.45300790667533875,0.5,1.0,1.0
2,3940,25000,0.27209949493408203,0.31829193234443665,2.5485567675787024e-05,1.0,2.5485567675787024e-05,0.004405403509736061,0.013274092227220535,0.029679205268621445,0.060693200677633286,0.11601684987545013,0.21617504954338074,0.45387002825737,0.5,1.0,1.0
2,3950,25000,0.27215999364852905,0.31828171014785767,2.5591327357687987e-05,1.0,2.5591327357687987e-05,0.004386569373309612,0.013173280283808708,0.029825858771800995,0.06051125004887581,0.11597758531570435,0.21633830666542053,0.45444735884666443,0.5,1.0,1.0
2,3960,25000,0.27204975485801697,0.3182941675186157,2.5490584448562004e-05,1.0,2.5490584448562004e-05,0.004393812734633684,0.013186708092689514,0.029708513990044594,0.06050899252295494,0.11627840995788574,0.21582041680812836,0.4541115462779999,0.5,1.0,1.0
2,3970,25000,0.27198392152786255,0.31829187273979187,2.233573468402028e-05,1.0,2.233573468402028e-05,0.004392546135932207,0.013172636739909649,0.029685230925679207,0.060278572142124176,0.11584965139627457,0.2166977971792221,0.4522620439529419,0.5,1.0,1.0
2,3980,25000,0.27211523056030273,0.3183198571205139,2.0662424503825605e-05,1.0,2.0662424503825605e-05,0.00441919919103384,0.013175605796277523,0.02975671924650669,0.06071579456329346,0.11604385077953339,0.21586374938488007,0.4520878493785858,0.5,1.0,1.0
2,3990,25000,0.2722194492816925,0.31835177540779114,2.4004466467886232e-05,1.0,2.4004466467886232e-05,0.004420005716383457,0.013158080168068409,0.029658641666173935,0.06075999140739441,0.11613044887781143,0.21610340476036072,0.45516717433929443,0.5,1.0,1.0
2,4000,25000,0.2719808518886566,0.31832581758499146,2.94465571641922e-05,1.0,2.94465571641922e-05,0.00444172415882349,0.013076798059046268,0.029743719846010208,0.06031488627195358,0.1152569055557251,0.2151399701833725,0.4538303315639496,0.5,1.0,1.0
2,4010,25000,0.2719724476337433,0.31823813915252686,2.760546703939326e-05,1.0,2.760546703939326e-05,0.004414120689034462,0.013176540844142437,0.02980220690369606,0.06038350239396095,0.11571620404720306,0.21603277325630188,0.45447391271591187,0.5,1.0,1.0
2,4020,25000,0.272044837474823,0.31829923391342163,2.635246164572891e-05,1.0,2.635246164572891e-05,0.004428112879395485,0.013173293322324753,0.02971920743584633,0.06043566018342972,0.11543656140565872,0.21616429090499878,0.4537946581840515,0.5,1.0,1.0
2,4030,25000,0.27208423614501953,0.3182525932788849,2.3558632165077142e-05,1.0,2.3558632165077142e-05,0.004404766019433737,0.013137619942426682,0.029753871262073517,0.0604487806558609,0.11586952209472656,0.21639665961265564,0.4529389441013336,0.5,1.0,1.0
2,4040,25000,0.27204838395118713,0.3182191252708435,2.449422754580155e-05,1.0,2.449422754580155e-05,0.004434973932802677,0.013186699710786343,0.02969338931143284,0.060856807976961136,0.11614334583282471,0.2163410782814026,0.4525287449359894,0.5,1.0,1.0
2,4050,25000,0.2718314230442047,0.3181215822696686,2.181127820222173e-05,1.0,2.181127820222173e-05,0.004401632584631443,0.013110112398862839,0.0297467652708292,0.06052893400192261,0.11582380533218384,0.21613451838493347,0.45248568058013916,0.5,1.0,1.0
2,4060,25000,0.2719498574733734,0.31823796033859253,1.6351659724023193e-05,1.0,1.6351659724023193e-05,0.004378979559987783,0.013146299868822098,0.0296460147947073,0.06041090190410614,0.11563901603221893,0.2152262032032013,0.4541376531124115,0.5,1.0,1.0
2,4070,25000,0.2720668613910675,0.3182872533798218,2.0901194147882052e-05,1.0,2.0901194147882052e-05,0.004403442610055208,0.01314508356153965,0.029743753373622894,0.0605413056910038,0.11563678085803986,0.2157515287399292,0.45370742678642273,0.5,1.0,1.0
2,4080,25000,0.2719739079475403,0.3182556629180908,2.2863927370053716e-05,1.0,2.2863927370053716e-05,0.004417869728058577,0.013169871643185616,0.029616419225931168,0.06061568111181259,0.11574584245681763,0.21606889367103577,0.4528616666793823,0.5,1.0,1.0
2,4090,25000,0.272026389837265,0.3182844817638397,2.400069024588447e-05,1.0,2.400069024588447e-05,0.004397889133542776,0.013099594041705132,0.029704328626394272,0.06049221754074097,0.11583690345287323,0.2158273607492447,0.45449209213256836,0.5,1.0,1.0
2,4100,25000,0.2720067799091339,0.3182564079761505,2.4612316337879747e-05,1.0,2.4612316337879747e-05,0.0044052256271243095,0.013148107565939426,0.029724549502134323,0.06068846583366394,0.1156797856092453,0.21618537604808807,0.45175278186798096,0.5,1.0,1.0
2,4110,25000,0.27207377552986145,0.3183532655239105,2.031434269156307e-05,1.0,2.031434269156307e-05,0.004371359013020992,0.013153670355677605,0.029598785564303398,0.060624994337558746,0.11563106626272202,0.2159143090248108,0.4529251158237457,0.5,1.0,1.0
2,4120,25000,0.27198490500450134,0.3182455599308014,2.567177580203861e-05,1.0,2.567177580203861e-05,0.00437676627188921,0.013126556761562824,0.029619652777910233,0.06063518673181534,0.11598487943410873,0.21575719118118286,0.45246922969818115,0.5,1.0,1.0
2,4130,25000,0.27201977372169495,0.3182732164859772,2.3415914256474935e-05,1.0,2.3415914256474935e-05,0.0044522653333842754,0.013133439235389233,0.02968779020011425,0.06058698147535324,0.11591897159814835,0.21567358076572418,0.45398685336112976,0.5,1.0,1.0
2,4140,25000,0.2721962630748749,0.31831052899360657,2.1691819711122662e-05,1.0,2.1691819711122662e-05,0.004413587041199207,0.013106227852404118,0.029796959832310677,0.06056036055088043,0.11656475067138672,0.21684317290782928,0.45376989245414734,0.5,1.0,1.0
2,4150,25000,0.27207106351852417,0.3182511031627655,2.0622108422685415e-05,1.0,2.0622108422685415e-05,0.004395176190882921,0.01313124131411314,0.029724426567554474,0.06086825579404831,0.11597967892885208,0.2163090705871582,0.4535793662071228,0.5,1.0,1.0
2,4160,25000,0.2719537019729614,0.3182107210159302,2.3064008928486146e-05,1.0,2.3064008928486146e-05,0.004388830624520779,0.013030431233346462,0.029669910669326782,0.06062254309654236,0.11602775752544403,0.21608296036720276,0.45198553800582886,0.5,1.0,1.0
2,4170,25000,0.27197393774986267,0.3182494342327118,2.24903087655548e-05,1.0,2.24903087655548e-05,0.004387788008898497,0.013082302175462246,0.029630525037646294,0.06040559709072113,0.115810826420784,0.2165483683347702,0.45296117663383484,0.5,1.0,1.0
2,4180,25000,0.2719673216342926,0.3181973695755005,2.5297391403000802e-05,1.0,2.5297391403000802e-05,0.004410790279507637,0.013099504634737968,0.02970944158732891,0.06075460463762283,0.11621131002902985,0.2162199318408966,0.4523806869983673,0.5,1.0,1.0
2,4190,25000,0.2720268964767456,0.3182516098022461,2.322555701539386e-05,1.0,2.322555701539386e-05,0.004393882118165493,0.013147076591849327,0.029829872772097588,0.060454871505498886,0.11556720733642578,0.21633516252040863,0.4534916579723358,0.5,1.0,1.0
2,4200,25000,0.27207547426223755,0.31828850507736206,2.462596785335336e-05,1.0,2.462596785335336e-05,0.00439872220158577,0.013131815940141678,0.02984474040567875,0.06070564314723015,0.11593659222126007,0.21625015139579773,0.4547341465950012,0.5,1.0,1.0
2,4210,25000,0.27205273509025574,0.31830698251724243,2.377398413955234e-05,1.0,2.377398413955234e-05,0.004416797775775194,0.013195306062698364,0.02970156818628311,0.060303036123514175,0.11524440348148346,0.21660710871219635,0.45269545912742615,0.5,1.0,1.0
2,4220,25000,0.2720438838005066,0.31831738352775574,2.474727443768643e-05,1.0,2.474727443768643e-05,0.00440374668687582,0.01315291691571474,0.02970854565501213,0.060629453510046005,0.11591166257858276,0.2155737578868866,0.45275384187698364,0.5,1.0,1.0
2,4230,25000,0.27203190326690674,0.3182814419269562,2.203717485826928e-05,1.0,2.203717485826928e-05,0.004413291346281767,0.013144259341061115,0.029729068279266357,0.06046522036194801,0.115785151720047,0.21515442430973053,0.45305994153022766,0.5,1.0,1.0
2,4240,25000,0.27211013436317444,0.31832247972488403,2.3068490918376483e-05,1.0,2.3068490918376483e-05,0.004417933523654938,0.013052640482783318,0.029639197513461113,0.06041882559657097,0.11597906053066254,0.21638986468315125,0.45394542813301086,0.5,1.0,1.0
2,4250,25000,0.27202197909355164,0.3182286322116852,2.529116318328306e-05,1.0,2.529116318328306e-05,0.004429541993886232,0.013137265108525753,0.029710421338677406,0.06040095537900925,0.11585263907909393,0.21613214910030365,0.4511260688304901,0.5,1.0,1.0
2,4260,25000,0.2719776928424835,0.3182457387447357,1.862456338130869e-05,1.0,1.862456338130869e-05,0.004395740106701851,0.013161877170205116,0.029696591198444366,0.06019877642393112,0.1162903904914856,0.21626053750514984,0.4531201124191284,0.5,1.0,1.0
2,4270,25000,0.2720041275024414,0.318213552236557,2.153606510546524e-05,1.0,2.153606510546524e-05,0.004411087371408939,0.01318057719618082,0.029827851802110672,0.060576099902391434,0.11610822379589081,0.21615535020828247,0.4523187577724457,0.5,1.0,1.0
2,4280,25000,0.27210092544555664,0.31830987334251404,2.1975632989779115e-05,1.0,2.1975632989779115e-05,0.004435520153492689,0.013121802359819412,0.029944665729999542,0.06084701791405678,0.11577874422073364,0.21599382162094116,0.45428919792175293,0.5,1.0,1.0
2,4290,25000,0.2718804180622101,0.31824129819869995,2.178470640501473e-05,1.0,2.178470640501473e-05,0.004407363012433052,0.013084560632705688,0.02961975708603859,0.06050679832696915,0.11602010577917099,0.2155561000108719,0.4526500403881073,0.5,1.0,1.0
2,4300,25000,0.2720927596092224,0.3182883858680725,2.6184357921010815e-05,1.0,2.6184357921010815e-05,0.004418140277266502,0.013227091170847416,0.029751714318990707,0.06072840094566345,0.11569879204034805,0.2165386825799942,0.4532470703125,0.5,1.0,1.0
2,4310,25000,0.2721101939678192,0.31825438141822815,2.481228693795856e-05,1.0,2.481228693795856e-05,0.004408617969602346,0.013143825344741344,0.029828349128365517,0.06050049141049385,0.11573199182748795,0.2164355367422104,0.453158974647522,0.5,1.0,1.0
2,4320,25000,0.27204060554504395,0.31829938292503357,2.5170975277433172e-05,1.0,2.5170975277433172e-05,0.004409227054566145,0.013140144757926464,0.029749814420938492,0.06052065268158913,0.11591450124979019,0.21604755520820618,0.45407721400260925,0.5,1.0,1.0
2,4330,25000,0.27206212282180786,0.3182390034198761,2.2413558326661587e-05,1.0,2.2413558326661587e-05,0.004415761213749647,0.013078114949166775,0.029771093279123306,0.060556720942258835,0.11603033542633057,0.21604657173156738,0.45403948426246643,0.5,1.0,1.0
2,4340,25000,0.27200597524642944,0.31826072931289673,2.603268512757495e-05,1.0,2.603268512757495e-05,0.0043970271944999695,0.013115325942635536,0.02970733493566513,0.06057243049144745,0.11598435044288635,0.21549025177955627,0.4540491998195648,0.5,1.0,1.0
2,4350,25000,0.2720594108104706,0.31826743483543396,2.6494892154005356e-05,1.0,2.6494892154005356e-05,0.004401009529829025,0.013206196948885918,0.0298357754945755,0.060655541718006134,0.11593914777040482,0.21646520495414734,0.45354175567626953,0.5,1.0,1.0
2,4360,25000,0.272093802690506,0.3183031976222992,2.318969927728176e-05,1.0,2.318969927728176e-05,0.004384784493595362,0.013127622194588184,0.02964433655142784,0.0608518160879612,0.1159617081284523,0.21633478999137878,0.4537833333015442,0.5,1.0,1.0
2,4370,25000,0.27189067006111145,0.31825706362724304,2.8649228624999523e-05,1.0,2.8649228624999523e-05,0.004402170889079571,0.013099128380417824,0.029782602563500404,0.06030471250414848,0.11540061235427856,0.2162168174982071,0.4525942802429199,0.5,1.0,1.0
2,4380,25000,0.2722005844116211,0.31829169392585754,2.109705746988766e-05,1.0,2.109705746988766e-05,0.004403106402605772,0.013125193305313587,0.0297893937677145,0.06045156344771385,0.1159798726439476,0.2159290909767151,0.4550541639328003,0.5,1.0,1.0
2,4390,25000,0.2721806466579437,0.31835246086120605,2.8651440516114235e-05,1.0,2.8651440516114235e-05,0.004435230046510696,0.01310945488512516,0.02972598932683468,0.06065105274319649,0.11596626788377762,0.21615850925445557,0.45408564805984497,0.5,1.0,1.0
2,4400,25000,0.2720532715320587,0.31831419467926025,2.381564991082996e-05,1.0,2.381564991082996e-05,0.004390999209135771,0.01319783367216587,0.029721098020672798,0.06063687801361084,0.11581426858901978,0.21601581573486328,0.4532344937324524,0.5,1.0,1.0
2,4410,25000,0.2720029354095459,0.3182356059551239,2.7065090762334876e-05,1.0,2.7065090762334876e-05,0.004387131426483393,0.013208502903580666,0.02968970127403736,0.06070644408464432,0.11582028865814209,0.2155599296092987,0.454953134059906,0.5,1.0,1.0
2,4420,25000,0.27203449606895447,0.3182205259799957,2.334933014935814e-05,1.0,2.334933014935814e-05,0.004431815352290869,0.01312026847153902,0.029671963304281235,0.06050645932555199,0.11600416898727417,0.216215580701828,0.45344823598861694,0.5,1.0,1.0
2,4430,25000,0.2720290720462799,0.3182602524757385,2.03223607968539e-05,1.0,2.03223607968539e-05,0.004393828567117453,0.013150573708117008,0.02980823442339897,0.060428351163864136,0.11561144888401031,0.2164991796016693,0.453957736492157,0.5,1.0,1.0
2,4440,25000,0.27205219864845276,0.318220317363739,2.248674354632385e-05,1.0,2.248674354632385e-05,0.0043966746889054775,0.013052030466496944,0.029711250215768814,0.06050005927681923,0.11564276367425919,0.2165037989616394,0.4528807997703552,0.5,1.0,1.0
2,4450,25000,0.27213579416275024,0.318261057138443,2.2043306671548635e-05,1.0,2.2043306671548635e-05,0.004416737239807844,0.013161050155758858,0.0296401996165514,0.060573771595954895,0.1162789911031723,0.21653731167316437,0.4538661241531372,0.5,1.0,1.0
2,4460,25000,0.272024929523468,0.3182753622531891,2.2045767764211632e-05,1.0,2.2045767764211632e-05,0.004418550059199333,0.013188065029680729,0.02971211075782776,0.06028156727552414,0.11564032733440399,0.21603643894195557,0.4533042013645172,0.5,1.0,1.0
2,4470,25000,0.27223190665245056,0.3183499872684479,3.0131448511383496e-05,1.0,3.0131448511383496e-05,0.004398316144943237,0.013139283284544945,0.029577622190117836,0.06026417762041092,0.11575469374656677,0.21626968681812286,0.45535269379615784,0.5,1.0,1.0
2,4480,25000,0.27195626497268677,0.31827566027641296,2.280593071191106e-05,1.0,2.280593071191106e-05,0.00445352541282773,0.013156279921531677,0.02962093986570835,0.06041232496500015,0.11564932763576508,0.21543198823928833,0.4519033432006836,0.5,1.0,1.0
2,4490,25000,0.2719014286994934,0.318208247423172,2.26357406063471e-05,1.0,2.26357406063471e-05,0.00440168846398592,0.013114801608026028,0.029738981276750565,0.06057821586728096,0.11586431413888931,0.21520251035690308,0.4511577785015106,0.5,1.0,1.0
2,4500,25000,0.27205905318260193,0.3181998133659363,2.492995554348454e-05,1.0,2.492995554348454e-05,0.004370064474642277,0.013206795789301395,0.029874762520194054,0.0604916512966156,0.11584889143705368,0.21674217283725739,0.45279157161712646,0.5,1.0,1.0
2,4510,25000,0.2721066474914551,0.31824854016304016,2.3196076654130593e-05,1.0,2.3196076654130593e-05,0.004368314985185862,0.01325420755892992,0.029650049284100533,0.060730140656232834,0.11632011830806732,0.21680131554603577,0.45150139927864075,0.5,1.0,1.0
2,4520,25000,0.27199140191078186,0.31822073459625244,2.4038981791818514e-05,1.0,2.4038981791818514e-05,0.004376872442662716,0.013149459846317768,0.029709139838814735,0.06059810146689415,0.11619848757982254,0.21593354642391205,0.4530821144580841,0.5,1.0,1.0
2,4530,25000,0.27200597524642944,0.3182147741317749,2.367830165894702e-05,1.0,2.367830165894702e-05,0.004399084020406008,0.013178236782550812,0.029737871140241623,0.06057024747133255,0.11575579643249512,0.21563823521137238,0.45258480310440063,0.5,1.0,1.0
2,4540,25000,0.2719947099685669,0.3182131350040436,2.660673089849297e-05,1.0,2.660673089849297e-05,0.0044032311998307705,0.013117331080138683,0.029862171038985252,0.060516390949487686,0.11581186950206757,0.21588486433029175,0.4509883522987366,0.5,1.0,1.0
2,4550,25000,0.2719779312610626,0.3183181583881378,2.3458604118786752e-05,1.0,2.3458604118786752e-05,0.0044015259481966496,0.013192782178521156,0.029841886833310127,0.06042494624853134,0.11580993235111237,0.215282142162323,0.4540557265281677,0.5,1.0,1.0
2,4560,25000,0.27206552028656006,0.3182533383369446,2.202080941060558e-05,1.0,2.202080941060558e-05,0.004421349614858627,0.01314840279519558,0.0297489445656538,0.06037289276719093,0.11577922850847244,0.21611009538173676,0.4529074728488922,0.5,1.0,1.0
2,4570,25000,0.2721199691295624,0.31836241483688354,1.910466016852297e-05,1.0,1.910466016852297e-05,0.004370350856333971,0.013208458200097084,0.02977750450372696,0.06055721640586853,0.11567402631044388,0.21603144705295563,0.45303454995155334,0.5,1.0,1.0
2,4580,25000,0.27195513248443604,0.318284809589386,2.3091428374755196e-05,1.0,2.3091428374755196e-05,0.004417745862156153,0.013172052800655365,0.02958017587661743,0.06047678738832474,0.11545121669769287,0.21630963683128357,0.45156964659690857,0.5,1.0,1.0
2,4590,25000,0.27214106917381287,0.3182840645313263,2.1644729713443667e-05,1.0,2.1644729713443667e-05,0.004409231245517731,0.013178341090679169,0.029820658266544342,0.060443151742219925,0.11582103371620178,0.2168169617652893,0.4542068541049957,0.5,1.0,1.0
2,4600,25000,0.27206099033355713,0.3183068335056305,2.4819284590194002e-05,1.0,2.4819284590194002e-05,0.004405110143125057,0.013136770576238632,0.029801441356539726,0.06076987087726593,0.1156129539012909,0.2158021181821823,0.452772319316864,0.5,1.0,1.0
2,4610,25000,0.2720569670200348,0.31822651624679565,2.4744113034103066e-05,1.0,2.4744113034103066e-05,0.004419753327965736,0.013159778900444508,0.029865600168704987,0.06055701524019241,0.11593413352966309,0.2165934443473816,0.45507848262786865,0.5,1.0,1.0
2,4620,25000,0.2721349596977234,0.318318247795105,2.3216731278807856e-05,1.0,2.3216731278807856e-05,0.004430399276316166,0.013181250542402267,0.029667628929018974,0.06068505719304085,0.11631689220666885,0.21596243977546692,0.45258280634880066,0.5,1.0,1.0
2,4630,25000,0.27210766077041626,0.318431556224823,2.0942785340594128e-05,1.0,2.0942785340594128e-05,0.004397758282721043,0.013116627000272274,0.029708825051784515,0.060239795595407486,0.1153908222913742,0.21557164192199707,0.452942430973053,0.5,1.0,1.0
2,4640,25000,0.2719746232032776,0.31827428936958313,2.5834571715677157e-05,1.0,2.5834571715677157e-05,0.004432959482073784,0.01315747294574976,0.02978057973086834,0.060396481305360794,0.1157943606376648,0.2160729616880417,0.4525640904903412,0.5,1.0,1.0
2,4650,25000,0.2720596194267273,0.31830283999443054,2.1001766072004102e-05,1.0,2.1001766072004102e-05,0.004403285216540098,0.01313380990177393,0.029696153476834297,0.060558684170246124,0.11615940928459167,0.21588148176670074,0.4543316960334778,0.5,1.0,1.0
2,4660,25000,0.2722874879837036,0.31837329268455505,2.5399298465345055e-05,1.0,2.5399298465345055e-05,0.0044099208898842335,0.013131515122950077,0.029782487079501152,0.06064475327730179,0.11603112518787384,0.21685558557510376,0.4548131823539734,0.5,1.0,1.0
2,4670,25000,0.2720942199230194,0.31828784942626953,2.5236489818780683e-05,1.0,2.5236489818780683e-05,0.004402793012559414,0.013153756968677044,0.02968963235616684,0.06036100536584854,0.11601008474826813,0.2162611037492752,0.4528210461139679,0.5,1.0,1.0
2,4680,25000,0.27205702662467957,0.3182886838912964,2.6075138521264307e-05,1.0,2.6075138521264307e-05,0.004402398597449064,0.013111636973917484,0.029766760766506195,0.06044894456863403,0.11560721695423126,0.21582108736038208,0.4526853859424591,0.5,1.0,1.0
2,4690,25000,0.27202704548835754,0.31833529472351074,2.4661138013470918e-05,1.0,2.4661138013470918e-05,0.004366487730294466,0.013168646022677422,0.02970457822084427,0.06016160547733307,0.11553513258695602,0.21529319882392883,0.4535878598690033,0.5,1.0,1.0
2,4700,25000,0.27207204699516296,0.31827816367149353,2.5238936359528452e-05,1.0,2.5238936359528452e-05,0.004445147234946489,0.013195018284022808,0.029695039615035057,0.060339830815792084,0.11601290106773376,0.21608616411685944,0.45298272371292114,0.5,1.0,1.0
2,4710,25000,0.272003710269928,0.31824883818626404,2.0814386516576633e-05,1.0,2.0814386516576633e-05,0.004426651168614626,0.01308645959943533,0.029649866744875908,0.060543566942214966,0.11660604178905487,0.2160654515028,0.4528878629207611,0.5,1.0,1.0
2,4720,25000,0.27202460169792175,0.3183891177177429,2.0491461327765137e-05,1.0,2.0491461327765137e-05,0.004387549590319395,0.01309056393802166,0.02958604320883751,0.060393936932086945,0.11553706973791122,0.21510811150074005,0.45492735505104065,0.5,1.0,1.0
2,4730,25000,0.27199289202690125,0.3183060586452484,1.970109951798804e-05,1.0,1.970109951798804e-05,0.00441561546176672,0.013262702152132988,0.029686126857995987,0.060453150421381,0.11562692373991013,0.21552447974681854,0.45247727632522583,0.5,1.0,1.0
2,4740,25000,0.2721203565597534,0.31834885478019714,2.806172960845288e-05,1.0,2.806172960845288e-05,0.004432783927768469,0.013093961402773857,0.0296181570738554,0.06038670986890793,0.11597249656915665,0.21640326082706451,0.4533176124095917,0.5,1.0,1.0
2,4750,25000,0.2720396816730499,0.3182196319103241,2.38990305660991e-05,1.0,2.38990305660991e-05,0.004405738320201635,0.013123681768774986,0.029753098264336586,0.06071558967232704,0.11556391417980194,0.21689170598983765,0.45288634300231934,0.5,1.0,1.0
2,4760,25000,0.2719683349132538,0.318295955657959,1.9908735339413397e-05,1.0,1.9908735339413397e-05,0.0043949889950454235,0.013127652928233147,0.02958875335752964,0.0604904405772686,0.11548294126987457,0.21544770896434784,0.4548812508583069,0.5,1.0,1.0
2,4770,25000,0.27208998799324036,0.31831374764442444,1.7772352293832228e-05,1.0,1.7772352293832228e-05,0.004378528334200382,0.013054083101451397,0.029680753126740456,0.06048687919974327,0.1158810406923294,0.21627527475357056,0.451977401971817,0.5,1.0,1.0
2,4780,25000,0.2721686065196991,0.31826767325401306,2.1711402951041237e-05,1.0,2.1711402951041237e-05,0.004402582533657551,0.013135119341313839,0.029710523784160614,0.06034528464078903,0.11646097153425217,0.21693232655525208,0.45329082012176514,0.5,1.0,1.0
2,4790,25000,0.27209755778312683,0.31821343302726746,2.5320179702248424e-05,1.0,2.5320179702248424e-05,0.004401945509016514,0.013217229396104813,0.029811840504407883,0.060586266219615936,0.11615490168333054,0.21618564426898956,0.45453301072120667,0.5,1.0,1.0
2,4800,25000,0.2721610367298126,0.31825119256973267,2.3143244106904604e-05,1.0,2.3143244106904604e-05,0.004382740706205368,0.013097172603011131,0.029924483969807625,0.060608819127082825,0.11578282713890076,0.21661730110645294,0.45340508222579956,0.5,1.0,1.0
2,4810,25000,0.2720913589000702,0.31828150153160095,2.350296563236043e-05,1.0,2.350296563236043e-05,0.004414448514580727,0.013107171282172203,0.029613163322210312,0.060595665127038956,0.11602359265089035,0.21586675941944122,0.454673707485199,0.5,1.0,1.0
2,4820,25000,0.27203357219696045,0.31828683614730835,2.1172463675611652e-05,1.0,2.1172463675611652e-05,0.00442345067858696,0.01316498126834631,0.02952360175549984,0.0607098750770092,0.11612445116043091,0.2157755047082901,0.45240846276283264,0.5,1.0,1.0
2,4830,25000,0.27203115820884705,0.31826987862586975,2.287202005391009e-05,1.0,2.287202005391009e-05,0.0044192057102918625,0.013160770758986473,0.029656924307346344,0.060586702078580856,0.11587512493133545,0.2153153121471405,0.4531607925891876,0.5,1.0,1.0
2,4840,25000,0.2720731198787689,0.3182245194911957,2.4898326955735683e-05,1.0,2.4898326955735683e-05,0.004419837612658739,0.01314981747418642,0.02963808737695217,0.06045105308294296,0.11634758114814758,0.2166198492050171,0.452355295419693,0.5,1.0,1.0
2,4850,25000,0.2719195783138275,0.31817561388015747,2.3623912056791596e-05,1.0,2.3623912056791596e-05,0.00438032578676939,0.013146032579243183,0.02965950407087803,0.06025436893105507,0.11616262793540955,0.21543502807617188,0.4532887637615204,0.5,1.0,1.0
2,4860,25000,0.272034227848053,0.3183324635028839,1.8217435354017653e-05,1.0,1.8217435354017653e-05,0.004384367261081934,0.013080759905278683,0.02972714975476265,0.06036390736699104,0.11541064083576202,0.21611426770687103,0.45337358117103577,0.5,1.0,1.0
2,4870,25000,0.2719825804233551,0.3181708753108978,2.7803782359114848e-05,1.0,2.7803782359114848e-05,0.004436006303876638,0.013203784823417664,0.02976892702281475,0.060469407588243484,0.11604226380586624,0.21613718569278717,0.4549514651298523,0.5,1.0,1.0
2,4880,25000,0.2720666527748108,0.31830206513404846,2.537697582738474e-05,1.0,2.537697582738474e-05,0.004390852991491556,0.013180851005017757,0.02968478389084339,0.06055843457579613,0.1157277375459671,0.2164137214422226,0.4525371491909027,0.5,1.0,1.0
2,4890,25000,0.2720680236816406,0.31824368238449097,2.2627371436101384e-05,1.0,2.2627371436101384e-05,0.004379934631288052,0.013166626915335655,0.02973770909011364,0.06052011996507645,0.11630779504776001,0.21571528911590576,0.45182040333747864,0.5,1.0,1.0
2,4900,25000,0.2721526324748993,0.31817248463630676,2.1951615053694695e-05,1.0,2.1951615053694695e-05,0.004423769190907478,0.013191093690693378,0.029658064246177673,0.06055707857012749,0.1163446307182312,0.21710795164108276,0.45356324315071106,0.5,1.0,1.0
2,4910,25000,0.27195656299591064,0.3183019161224365,2.2485637600766495e-05,1.0,2.2485637600766495e-05,0.004383987747132778,0.013101979158818722,0.029739314690232277,0.06037181615829468,0.11571476608514786,0.21468746662139893,0.45283475518226624,0.5,1.0,1.0
2,4920,25000,0.27204182744026184,0.31820449233055115,2.4647762984386645e-05,1.0,2.4647762984386645e-05,0.0044138794764876366,0.0132124163210392,0.029665682464838028,0.060840267688035965,0.11595626920461655,0.21576836705207825,0.4527451694011688,0.5,1.0,1.0
2,4930,25000,0.2719946801662445,0.3182699978351593,2.125691571563948e-05,1.0,2.125691571563948e-05,0.0043796575628221035,0.013085152953863144,0.02960667945444584,0.06044052168726921,0.11571219563484192,0.21642133593559265,0.45259642601013184,0.5,1.0,1.0
2,4940,25000,0.2719728648662567,0.31830742955207825,2.3131080524763092e-05,1.0,2.3131080524763092e-05,0.004391391295939684,0.013110414147377014,0.029661551117897034,0.060414012521505356,0.11549124121665955,0.2152845710515976,0.45337918400764465,0.5,1.0,1.0
2,4950,25000,0.2719499468803406,0.31831932067871094,2.4990767997223884e-05,1.0,2.4990767997223884e-05,0.004381987266242504,0.013101759366691113,0.02968311868607998,0.06045697629451752,0.11548815667629242,0.21533483266830444,0.4534524977207184,0.5,1.0,1.0
2,4960,25000,0.2721402943134308,0.3182513117790222,2.0598530682036653e-05,1.0,2.0598530682036653e-05,0.004395732190459967,0.0131663354113698,0.02981412038207054,0.06073388829827309,0.11593317985534668,0.21651026606559753,0.45417362451553345,0.5,1.0,1.0
2,4970,25000,0.2719372510910034,0.3182663917541504,2.8231464966665953e-05,1.0,2.8231464966665953e-05,0.004368212539702654,0.013190481811761856,0.029792586341500282,0.06041611358523369,0.1159636527299881,0.2162330001592636,0.4521401822566986,0.5,1.0,1.0
2,4980,25000,0.27210769057273865,0.3182872235774994,2.3668295398238115e-05,1.0,2.3668295398238115e-05,0.004398668650537729,0.01319008506834507,0.029809048399329185,0.060432836413383484,0.11592548340559006,0.21619802713394165,0.4548671245574951,0.5,1.0,1.0
2,4990,25000,0.27228617668151855,0.3184530735015869,2.557164043537341e-05,1.0,2.557164043537341e-05,0.004385749343782663,0.013120974414050579,0.02972351387143135,0.06064273416996002,0.11571648716926575,0.2161579430103302,0.45590102672576904,0.5,1.0,1.0
2,5000,25000,0.272028386592865,0.3182375431060791,2.5942297725123353e-05,1.0,2.5942297725123353e-05,0.004431878216564655,0.013189825229346752,0.029923150315880775,0.060408614575862885,0.11592096090316772,0.21560625731945038,0.4524098038673401,0.5,1.0,1.0
2,5010,25000,0.2720509469509125,0.3182313144207001,2.361957376706414e-05,1.0,2.361957376706414e-05,0.004387751221656799,0.013074742630124092,0.02978602424263954,0.06053074449300766,0.1158253401517868,0.2168581485748291,0.4538009762763977,0.5,1.0,1.0
2,5020,25000,0.2720372974872589,0.31830406188964844,2.363347084610723e-05,1.0,2.363347084610723e-05,0.004397279117256403,0.013103021308779716,0.02981187030673027,0.06059308722615242,0.11603865027427673,0.21630054712295532,0.45293930172920227,0.5,1.0,1.0
2,5030,25000,0.272065669298172,0.3182515799999237,2.6712121325545013e-05,1.0,2.6712121325545013e-05,0.004404734820127487,0.013158068060874939,0.029708880931138992,0.060549695044755936,0.11622464656829834,0.21649090945720673,0.4533158838748932,0.5,1.0,1.0
2,5040,25000,0.27200737595558167,0.3183564841747284,2.2137564883450978e-05,1.0,2.2137564883450978e-05,0.004421227611601353,0.013106025755405426,0.02967134490609169,0.060483481734991074,0.11619701981544495,0.21538002789020538,0.45465943217277527,0.5,1.0,1.0
2,5050,25000,0.27201783657073975,0.3182523548603058,1.9972880181740038e-05,1.0,1.9972880181740038e-05,0.0043793534860014915,0.013174229301512241,0.029749814420938492,0.06073062866926193,0.11540882289409637,0.21573415398597717,0.45321160554885864,0.5,1.0,1.0
2,5060,25000,0.2720288336277008,0.3182620704174042,2.7190199034521356e-05,1.0,2.7190199034521356e-05,0.004402000457048416,0.01311181578785181,0.029510801658034325,0.060549356043338776,0.11587171256542206,0.21654824912548065,0.4524334967136383,0.5,1.0,1.0
2,5070,25000,0.2720045745372772,0.31829503178596497,1.9999497453682125e-05,1.0,1.9999497453682125e-05,0.004419639706611633,0.013135701417922974,0.029782133176922798,0.06056161969900131,0.11556681990623474,0.2160104364156723,0.45298507809638977,0.5,1.0,1.0
2,5080,25000,0.27209681272506714,0.3183293044567108,2.4364906494156457e-05,1.0,2.4364906494156457e-05,0.004398057237267494,0.013197085820138454,0.02970881760120392,0.060460448265075684,0.1160445436835289,0.2162381112575531,0.4526355564594269,0.5,1.0,1.0
2,5090,25000,0.27214768528938293,0.31835299730300903,2.199638583988417e-05,1.0,2.199638583988417e-05,0.004404631908982992,0.013243138790130615,0.02973182313144207,0.06063471734523773,0.11597024649381638,0.21564242243766785,0.4545322060585022,0.5,1.0,1.0
2,5100,25000,0.2719491124153137,0.31828397512435913,2.298148683621548e-05,1.0,2.298148683621548e-05,0.0043804096058011055,0.013177660293877125,0.029759876430034637,0.06068015843629837,0.11551447212696075,0.21564193069934845,0.4530291259288788,0.5,1.0,1.0
2,5110,25000,0.27196386456489563,0.3182584345340729,2.304755980730988e-05,1.0,2.304755980730988e-05,0.0044268532656133175,0.013192945159971714,0.029802359640598297,0.0604734942317009,0.11536555737257004,0.21593442559242249,0.45313239097595215,0.5,1.0,1.0
2,5120,25000,0.27199411392211914,0.318327933549881,2.1418798496597447e-05,1.0,2.1418798496597447e-05,0.0044256276451051235,0.01310492493212223,0.029516631737351418,0.060306891798973083,0.11564003676176071,0.21615400910377502,0.4522068202495575,0.5,1.0,1.0
2,5130,25000,0.27202117443084717,0.3182748854160309,2.3475866328226402e-05,1.0,2.3475866328226402e-05,0.004405051004141569,0.013193928636610508,0.02953004278242588,0.060370657593011856,0.11586714535951614,0.21618300676345825,0.45192238688468933,0.5,1.0,1.0
2,5140,25000,0.2721104621887207,0.3182533085346222,3.2845899113453925e-05,1.0,3.2845899113453925e-05,0.0044282544404268265,0.013149344362318516,0.02978069707751274,0.060555554926395416,0.11611379683017731,0.21581730246543884,0.4535260498523712,0.5,1.0,1.0
2,5150,25000,0.2720024883747101,0.3182520866394043,2.0958070308552124e-05,1.0,2.0958070308552124e-05,0.0044006891548633575,0.013124752789735794,0.02976650930941105,0.0605214424431324,0.11581702530384064,0.2161390781402588,0.4541444778442383,0.5,1.0,1.0
2,5160,25000,0.2721206545829773,0.3182125389575958,2.4690703867236152e-05,1.0,2.4690703867236152e-05,0.004440136719495058,0.013162358663976192,0.029803387820720673,0.06039741262793541,0.11624692380428314,0.21662132441997528,0.45332765579223633,0.5,1.0,1.0
2,5170,25000,0.27216190099716187,0.31834226846694946,2.369473804719746e-05,1.0,2.369473804719746e-05,0.004407282453030348,0.013151604682207108,0.029675984755158424,0.06055121496319771,0.1159164160490036,0.21641002595424652,0.45340701937675476,0.5,1.0,1.0
2,5180,25000,0.27217209339141846,0.3183201253414154,2.2119844288681634e-05,1.0,2.2119844288681634e-05,0.004372111521661282,0.013178231194615364,0.02977566234767437,0.060532018542289734,0.11589731276035309,0.2167470008134842,0.4530143141746521,0.5,1.0,1.0
2,5190,25000,0.2722305655479431,0.31845220923423767,2.5047042072401382e-05,1.0,2.5047042072401382e-05,0.004390431568026543,0.013050279580056667,0.029643427580595016,0.06058000400662422,0.11601585149765015,0.21596355736255646,0.4541468322277069,0.5,1.0,1.0
2,5200,25000,0.27217432856559753,0.3181792199611664,2.1549009034060873e-05,1.0,2.1549009034060873e-05,0.004419856239110231,0.013094266876578331,0.02978210523724556,0.0606585331261158,0.11624503135681152,0.21698054671287537,0.45256751775741577,0.5,1.0,1.0
2,5210,25000,0.2719005346298218,0.3182605504989624,1.9166725905961357e-05,1.0,1.9166725905961357e-05,0.0044002840295434,0.013139582239091396,0.029769832268357277,0.06064225360751152,0.11542578041553497,0.21503102779388428,0.4534253478050232,0.5,1.0,1.0
2,5220,25000,0.2720233201980591,0.3182501196861267,2.2149353753775358e-05,1.0,2.2149353753775358e-05,0.004392818547785282,0.013197511434555054,0.029892394319176674,0.06048231199383736,0.11551038920879364,0.21629367768764496,0.45358923077583313,0.5,1.0,1.0
2,5230,25000,0.27205562591552734,0.31825241446495056,2.629340269777458e-05,1.0,2.629340269777458e-05,0.004407069180160761,0.013163022696971893,0.029755111783742905,0.060717251151800156,0.11602377891540527,0.21625040471553802,0.4538936913013458,0.5,1.0,1.0
2,5240,25000,0.27212244272232056,0.31834176182746887,2.356465847697109e-05,1.0,2.356465847697109e-05,0.004425876308232546,0.013201835565268993,0.029720772057771683,0.0602809377014637,0.11584807932376862,0.21556338667869568,0.45427796244621277,0.5,1.0,1.0
2,5250,25000,0.27198269963264465,0.3182472288608551,2.820933877956122e-05,1.0,2.820933877956122e-05,0.004391559399664402,0.013116884045302868,0.029697636142373085,0.06051198020577431,0.11564086377620697,0.2158185988664627,0.45224472880363464,0.5,1.0,1.0
2,5260,25000,0.2720319926738739,0.3182116150856018,2.223515184596181e-05,1.0,2.223515184596181e-05,0.004455035086721182,0.013147776946425438,0.029608195647597313,0.060611069202423096,0.1162375658750534,0.21642379462718964,0.45205819606781006,0.5,1.0,1.0
2,5270,25000,0.2720986604690552,0.3183230757713318,2.099717858072836e-05,1.0,2.099717858072836e-05,0.004370658192783594,0.013150263577699661,0.02975578047335148,0.06049357354640961,0.11607404053211212,0.2156934142112732,0.4539097845554352,0.5,1.0,1.0
2,5280,25000,0.2721041440963745,0.31825175881385803,2.3874395992606878e-05,1.0,2.3874395992606878e-05,0.004397895187139511,0.01320172194391489,0.029670605435967445,0.060497235506772995,0.11606186628341675,0.21662922203540802,0.45377546548843384,0.5,1.0,1.0
2,5290,25000,0.2721148729324341,0.3182721436023712,2.115728239004966e-05,1.0,2.115728239004966e-05,0.004434124566614628,0.013099942356348038,0.029500963166356087,0.06062305346131325,0.11627151072025299,0.21623490750789642,0.45327940583229065,0.5,1.0,1.0
2,5300,25000,0.2719188332557678,0.31818294525146484,2.4016764655243605e-05,1.0,2.4016764655243605e-05,0.004419267177581787,0.013236301951110363,0.029714563861489296,0.06066703051328659,0.1157379299402237,0.21625454723834991,0.4515197277069092,0.5,1.0,1.0
2,5310,25000,0.2720857560634613,0.3182518184185028,1.9637922378024086e-05,1.0,1.9637922378024086e-05,0.004383657593280077,0.013133439235389233,0.029797444120049477,0.0605195127427578,0.1156371459364891,0.2167215645313263,0.4530089497566223,0.5,1.0,1.0
2,5320,25000,0.2721160054206848,0.31820741295814514,2.1507697965716943e-05,1.0,2.1507697965716943e-05,0.004423980135470629,0.013148671016097069,0.029680991545319557,0.060532987117767334,0.11620204150676727,0.21631109714508057,0.4542449414730072,0.5,1.0,1.0
2,5330,25000,0.2720782458782196,0.31835028529167175,2.2709285985911265e-05,1.0,2.2709285985911265e-05,0.0043989247642457485,0.013275109231472015,0.02980765886604786,0.06064770743250847,0.11549937725067139,0.21571210026741028,0.45389145612716675,0.5,1.0,1.0
2,5340,25000,0.2721806466579437,0.3182608187198639,2.2446050934377126e-05,1.0,2.2446050934377126e-05,0.004417132586240768,0.01319405622780323,0.029667630791664124,0.06043141335248947,0.11616086959838867,0.2170920968055725,0.4530891180038452,0.5,1.0,1.0
2,5350,25000,0.2720382511615753,0.31822168827056885,2.6778210667544045e-05,1.0,2.6778210667544045e-05,0.00441944133490324,0.013192393817007542,0.02971329167485237,0.06059054657816887,0.11583763360977173,0.21602357923984528,0.4509078860282898,0.5,1.0,1.0
2,5360,25000,0.27190935611724854,0.3182131052017212,2.338735976081807e-05,1.0,2.338735976081807e-05,0.004428126383572817,0.013129489496350288,0.02953054942190647,0.06049511581659317,0.11585365980863571,0.2156822234392166,0.451726496219635,0.5,1.0,1.0
2,5370,25000,0.2721005082130432,0.3183155059814453,2.22330945689464e-05,1.0,2.22330945689464e-05,0.0043940069153904915,0.013149365782737732,0.029715722426772118,0.06024828180670738,0.11590021848678589,0.2171185463666916,0.4525011479854584,0.5,1.0,1.0
2,5380,25000,0.2720332741737366,0.31832894682884216,2.243276685476303e-05,1.0,2.243276685476303e-05,0.00439496710896492,0.013207070529460907,0.029890330508351326,0.06046370789408684,0.11573565751314163,0.2159832864999771,0.4541507363319397,0.5,1.0,1.0
2,5390,25000,0.2720288932323456,0.3183334469795227,2.2544376406585798e-05,1.0,2.2544376406585798e-05,0.004401948302984238,0.013110357336699963,0.02964737080037594,0.06037589907646179,0.11557777225971222,0.21560312807559967,0.4539620876312256,0.5,1.0,1.0
2,5400,25000,0.27192580699920654,0.31827324628829956,2.7051670258515514e-05,1.0,2.7051670258515514e-05,0.004402275662869215,0.01315796747803688,0.029732797294855118,0.060231927782297134,0.1163358986377716,0.2152351438999176,0.4515319764614105,0.5,1.0,1.0
2,5410,25000,0.27192485332489014,0.31821584701538086,1.8518874639994465e-05,1.0,1.8518874639994465e-05,0.004432854242622852,0.013140772469341755,0.029649633914232254,0.06043928116559982,0.11577728390693665,0.2158789038658142,0.452801376581192,0.5,1.0,1.0
2,5420,25000,0.2720191478729248,0.31827715039253235,2.4180597392842174e-05,1.0,2.4180597392842174e-05,0.004386499989777803,0.013122807256877422,0.029645971953868866,0.06029856204986572,0.11565650999546051,0.21643006801605225,0.452434778213501,0.5,1.0,1.0
2,5430,25000,0.27193617820739746,0.318232923746109,1.847159001044929e-05,1.0,1.847159001044929e-05,0.004398114047944546,0.013144132681190968,0.029718421399593353,0.06036767736077309,0.11575770378112793,0.2158621996641159,0.45307403802871704,0.5,1.0,1.0
2,5440,25000,0.27217528223991394,0.3183075189590454,2.3326896553044207e-05,1.0,2.3326896553044207e-05,0.0044170874170959,0.013123790733516216,0.02978208102285862,0.060645755380392075,0.11606152355670929,0.21662840247154236,0.45366618037223816,0.5,1.0,1.0
2,5450,25000,0.27195197343826294,0.3183402717113495,1.875504312920384e-05,1.0,1.875504312920384e-05,0.004425630904734135,0.013132006861269474,0.029674794524908066,0.06043363735079765,0.11527584493160248,0.21500582993030548,0.45375847816467285,0.5,1.0,1.0
2,5460,25000,0.272090882062912,0.3183111846446991,2.6667290512705222e-05,1.0,2.6667290512705222e-05,0.004459712188690901,0.013132929801940918,0.029719095677137375,0.06042695790529251,0.11548265814781189,0.2164175808429718,0.45274895429611206,0.5,1.0,1.0
2,5470,25000,0.27189889550209045,0.3183250427246094,2.5267665478168055e-05,1.0,2.5267665478168055e-05,0.004384215921163559,0.013138909824192524,0.02959338203072548,0.06065009906888008,0.11559189856052399,0.2152261883020401,0.45256704092025757,0.5,1.0,1.0
2,5480,25000,0.2719942629337311,0.3182947337627411,2.4201734049711376e-05,1.0,2.4201734049711376e-05,0.004389163572341204,0.013151644729077816,0.029629390686750412,0.060442227870225906,0.11575686931610107,0.2154356837272644,0.4527072012424469,0.5,1.0,1.0
2,5490,25000,0.27201828360557556,0.31832677125930786,2.8460146495490335e-05,1.0,2.8460146495490335e-05,0.00441586272791028,0.013084393925964832,0.029689481481909752,0.06055286154150963,0.11592628061771393,0.21542611718177795,0.45284831523895264,0.5,1.0,1.0
2,5500,25000,0.27216121554374695,0.31826919317245483,1.8430913769407198e-05,1.0,1.8430913769407198e-05,0.004381272010505199,0.013144025579094887,0.02971070632338524,0.0604688785970211,0.11621981859207153,0.21621115505695343,0.4527120292186737,0.5,1.0,1.0
2,5510,25000,0.27208808064460754,0.31828418374061584,2.0617189875338227e-05,1.0,2.0617189875338227e-05,0.004364365246146917,0.013038643635809422,0.02964431419968605,0.06070908531546593,0.11587075889110565,0.21590746939182281,0.454618364572525,0.5,1.0,1.0
2,5520,25000,0.27209731936454773,0.3183191418647766,2.331518589926418e-05,1.0,2.331518589926418e-05,0.004389788955450058,0.013136145658791065,0.02977384626865387,0.06049250811338425,0.11610779166221619,0.21585425734519958,0.45442214608192444,0.5,1.0,1.0
2,5530,25000,0.27212581038475037,0.3182786703109741,2.4404516807408072e-05,1.0,2.4404516807408072e-05,0.004398868419229984,0.013150789774954319,0.029647713527083397,0.06052010878920555,0.11621969193220139,0.21663860976696014,0.45302945375442505,0.5,1.0,1.0
2,5540,25000,0.2721151113510132,0.3183234632015228,2.461588883306831e-05,1.0,2.461588883306831e-05,0.004399212077260017,0.013188197277486324,0.029880013316869736,0.06051871180534363,0.11585690081119537,0.216122105717659,0.45364221930503845,0.5,1.0,1.0
2,5550,25000,0.27204638719558716,0.31825581192970276,2.253785169159528e-05,1.0,2.253785169159528e-05,0.004380529746413231,0.013154122978448868,0.029689958319067955,0.060193561017513275,0.11642342060804367,0.21585583686828613,0.45249906182289124,0.5,1.0,1.0
2,5560,25000,0.27213239669799805,0.3183239698410034,2.2711143174092285e-05,1.0,2.2711143174092285e-05,0.004404986277222633,0.01319961342960596,0.02964085526764393,0.060617975890636444,0.11592642962932587,0.21666136384010315,0.4551979899406433,0.5,1.0,1.0
2,5570,25000,0.2720951437950134,0.31833338737487793,2.1741920136264525e-05,1.0,2.1741920136264525e-05,0.0043806047178804874,0.013140163384377956,0.029743105173110962,0.06062759831547737,0.11578898876905441,0.21569307148456573,0.4537772536277771,0.5,1.0,1.0
2,5580,25000,0.2720988392829895,0.3183552324771881,2.5366571207996458e-05,1.0,2.5366571207996458e-05,0.004380162805318832,0.01315582636743784,0.029785053804516792,0.06039014831185341,0.1156315952539444,0.21583548188209534,0.45352086424827576,0.5,1.0,1.0
2,5590,25000,0.27213695645332336,0.3183138370513916,2.2285634258878417e-05,1.0,2.2285634258878417e-05,0.004420152865350246,0.013156041502952576,0.02964169532060623,0.06061847507953644,0.11613886058330536,0.2163335382938385,0.4533419907093048,0.5,1.0,1.0
2,5600,25000,0.27211517095565796,0.31829795241355896,2.4487701011821628e-05,1.0,2.4487701011821628e-05,0.0044187093153595924,0.013198607601225376,0.029673278331756592,0.06034735590219498,0.11619940400123596,0.21593403816223145,0.4525676369667053,0.5,1.0,1.0
2,5610,25000,0.2720128297805786,0.31834137439727783,2.0659772417275235e-05,1.0,2.0659772417275235e-05,0.004396602977067232,0.013179050758481026,0.029667874798178673,0.0602584034204483,0.11602137982845306,0.21587906777858734,0.45317089557647705,0.5,1.0,1.0
2,5620,25000,0.27200648188591003,0.3182806670665741,2.345107168366667e-05,1.0,2.345107168366667e-05,0.004423453938215971,0.013134263455867767,0.02971911057829857,0.060405433177948,0.11585639417171478,0.21613278985023499,0.4540187418460846,0.5,1.0,1.0
2,5630,25000,0.2720896005630493,0.3182818293571472,2.4021561330300756e-05,1.0,2.4021561330300756e-05,0.004427506122738123,0.013160883449018002,0.02976778894662857,0.060534778982400894,0.11629495024681091,0.21583814918994904,0.45437055826187134,0.5,1.0,1.0
2,5640,25000,0.27217555046081543,0.31830909848213196,2.3634724129806273e-05,1.0,2.3634724129806273e-05,0.0044557019136846066,0.013145129196345806,0.029834594577550888,0.06039984151721001,0.11581413447856903,0.21685783565044403,0.4540928304195404,0.5,1.0,1.0
2,5650,25000,0.27207839488983154,0.31834569573402405,2.496267916285433e-05,1.0,2.496267916285433e-05,0.004400367848575115,0.01310502178966999,0.029592275619506836,0.060407575219869614,0.1157318502664566,0.21655145287513733,0.4532775282859802,0.5,1.0,1.0
2,5660,25000,0.27210885286331177,0.31823477149009705,2.2138445274322294e-05,1.0,2.2138445274322294e-05,0.004399000201374292,0.013117939233779907,0.02970082126557827,0.060682158917188644,0.11590328812599182,0.21617750823497772,0.45375359058380127,0.5,1.0,1.0
2,5670,25000,0.2720407545566559,0.3182543218135834,2.574509198893793e-05,1.0,2.574509198893793e-05,0.004425168968737125,0.013148677535355091,0.02956320345401764,0.060566265136003494,0.11591260135173798,0.21615538001060486,0.45350539684295654,0.5,1.0,1.0
2,5680,25000,0.27197131514549255,0.3182835876941681,2.1881069187656976e-05,1.0,2.1881069187656976e-05,0.004398052114993334,0.01317847054451704,0.02976096048951149,0.06040002405643463,0.11552828550338745,0.21608728170394897,0.4522961378097534,0.5,1.0,1.0
2,5690,25000,0.27208849787712097,0.3183276951313019,2.164526995329652e-05,1.0,2.164526995329652e-05,0.004427906591445208,0.01312049850821495,0.029849836602807045,0.06058280169963837,0.11594591289758682,0.21666273474693298,0.45160993933677673,0.5,1.0,1.0
2,5700,25000,0.27188071608543396,0.3181515634059906,2.1972113245283253e-05,1.0,2.1972113245283253e-05,0.004403653088957071,0.013106183148920536,0.029927333816885948,0.060565706342458725,0.1159101128578186,0.21608701348304749,0.45187094807624817,0.5,1.0,1.0
2,5710,25000,0.27217504382133484,0.3182739317417145,2.31254925893154e-05,1.0,2.31254925893154e-05,0.004416839685291052,0.013151108287274837,0.029867006465792656,0.0605735220015049,0.11633934825658798,0.21613283455371857,0.45384594798088074,0.5,1.0,1.0
2,5720,25000,0.2721722424030304,0.3182944357395172,2.539914748922456e-05,1.0,2.539914748922456e-05,0.004399518482387066,0.013216940686106682,0.029703883454203606,0.06056849658489227,0.11635929346084595,0.2162020355463028,0.4538629949092865,0.5,1.0,1.0
2,5730,25000,0.27211976051330566,0.3183237910270691,1.9593953766161576e-05,1.0,1.9593953766161576e-05,0.004421202931553125,0.013090533204376698,0.029630225151777267,0.06061680242419243,0.11602525413036346,0.21577493846416473,0.4541679620742798,0.5,1.0,1.0
2,5740,25000,0.2721174359321594,0.3183130621910095,1.8781551261781715e-05,1.0,1.8781551261781715e-05,0.004416830837726593,0.013110291212797165,0.029824310913681984,0.06073091924190521,0.1154252290725708,0.2164544016122818,0.4528242349624634,0.5,1.0,1.0
2,5750,25000,0.27212241291999817,0.3182459771633148,2.1493895474122837e-05,1.0,2.1493895474122837e-05,0.0044297147542238235,0.013159005902707577,0.02996845915913582,0.060841090977191925,0.11622066795825958,0.21671362221240997,0.45367658138275146,0.5,1.0,1.0
2,5760,25000,0.27214688062667847,0.31830912828445435,2.3690619855187833e-05,1.0,2.3690619855187833e-05,0.004412075038999319,0.01314496248960495,0.029660863801836967,0.06085408478975296,0.11587806046009064,0.21634167432785034,0.45470309257507324,0.5,1.0,1.0
2,5770,25000,0.2721990942955017,0.31827741861343384,2.553503873059526e-05,1.0,2.553503873059526e-05,0.004405953921377659,0.013137069530785084,0.029776016250252724,0.060558050870895386,0.11616101861000061,0.21671494841575623,0.45360592007637024,0.5,1.0,1.0
2,5780,25000,0.27213573455810547,0.31841641664505005,1.923949457705021e-05,1.0,1.923949457705021e-05,0.004417778458446264,0.013235220685601234,0.029780540615320206,0.06045043468475342,0.11550433933734894,0.21542418003082275,0.45400381088256836,0.5,1.0,1.0
2,5790,25000,0.2720566987991333,0.31829506158828735,2.60079850704642e-05,1.0,2.60079850704642e-05,0.004414426628500223,0.013220667839050293,0.029857279732823372,0.0607328936457634,0.11580146849155426,0.2159709334373474,0.45345255732536316,0.5,1.0,1.0
2,5800,25000,0.2719680070877075,0.3181286156177521,2.1789182937936857e-05,1.0,2.1789182937936857e-05,0.004395992960780859,0.013128964230418205,0.02987084537744522,0.060555003583431244,0.115960031747818,0.21642178297042847,0.45284634828567505,0.5,1.0,1.0
2,5810,25000,0.2721143364906311,0.3183067739009857,2.4070957806543447e-05,1.0,2.4070957806543447e-05,0.004388096742331982,0.013079524040222168,0.029833266511559486,0.06039024144411087,0.11576758325099945,0.2167590856552124,0.45460695028305054,0.5,1.0,1.0
2,5820,25000,0.27200931310653687,0.3182787299156189,2.093465081998147e-05,1.0,2.093465081998147e-05,0.004395558964461088,0.013101238757371902,0.02977612428367138,0.06039740517735481,0.11549340933561325,0.2167196273803711,0.45248815417289734,0.5,1.0,1.0
2,5830,25000,0.2721225619316101,0.3183375298976898,2.4281051082652994e-05,1.0,2.4281051082652994e-05,0.004402761347591877,0.013074081391096115,0.029725102707743645,0.06040196865797043,0.11554127931594849,0.21673965454101562,0.45439276099205017,0.5,1.0,1.0
2,5840,25000,0.2719866931438446,0.3183401823043823,2.3858359782025218e-05,1.0,2.3858359782025218e-05,0.0043894220143556595,0.013242245651781559,0.02983473241329193,0.06056385859847069,0.11570580303668976,0.21601974964141846,0.4517177641391754,0.5,1.0,1.0
2,5850,25000,0.2719719409942627,0.31825003027915955,2.1577699953923002e-05,1.0,2.1577699953923002e-05,0.004388718865811825,0.013086660765111446,0.029649365693330765,0.06054184213280678,0.11584529280662537,0.215990349650383,0.45198366045951843,0.5,1.0,1.0
2,5860,25000,0.27216577529907227,0.3183033764362335,2.296597267559264e-05,1.0,2.296597267559264e-05,0.0044018919579684734,0.013182115741074085,0.02980518899857998,0.060550931841135025,0.11619441211223602,0.21594862639904022,0.454263299703598,0.5,1.0,1.0
2,5870,25000,0.2720703184604645,0.3183559477329254,1.878310831671115e-05,1.0,1.878310831671115e-05,0.004407798405736685,0.01317546796053648,0.02977163717150688,0.06031420826911926,0.11562679708003998,0.2167019098997116,0.45268362760543823,0.5,1.0,1.0
2,5880,25000,0.27206775546073914,0.3183318078517914,2.4506663976353593e-05,1.0,2.4506663976353593e-05,0.004426298663020134,0.013197020627558231,0.029880492016673088,0.060595206916332245,0.1154181957244873,0.21563804149627686,0.4537644684314728,0.5,1.0,1.0
2,5890,25000,0.27206912636756897,0.31827014684677124,2.7486214094096795e-05,1.0,2.7486214094096795e-05,0.004403985571116209,0.013170193880796432,0.0299119520932436,0.06071195378899574,0.11577804386615753,0.21622291207313538,0.45277100801467896,0.5,1.0,1.0
2,5900,25000,0.27215149998664856,0.31832394003868103,2.409617809462361e-05,1.0,2.409617809462361e-05,0.004392323084175587,0.013147672638297081,0.029622193425893784,0.060520902276039124,0.11625073105096817,0.216793492436409,0.45463961362838745,0.5,1.0,1.0
2,5910,25000,0.2720692753791809,0.3183101713657379,2.3874752514529973e-05,1.0,2.3874752514529973e-05,0.0044218795374035835,0.013138907961547375,0.02968667633831501,0.06030840426683426,0.11535273492336273,0.21657568216323853,0.4539700448513031,0.5,1.0,1.0
2,5920,25000,0.2720637619495392,0.318324476480484,2.118574957421515e-05,1.0,2.118574957421515e-05,0.004426663275808096,0.0131826838478446,0.02974347583949566,0.060444146394729614,0.11582343280315399,0.21641559898853302,0.4538530707359314,0.5,1.0,1.0
2,5930,25000,0.272043913602829,0.31836163997650146,2.4006078092497773e-05,1.0,2.4006078092497773e-05,0.004429697059094906,0.013229744508862495,0.029684685170650482,0.06038929522037506,0.11582827568054199,0.21609339118003845,0.4541811943054199,0.5,1.0,1.0
2,5940,25000,0.2720082700252533,0.3182869553565979,2.2162601453601383e-05,1.0,2.2162601453601383e-05,0.004396466538310051,0.013096227310597897,0.029756885021924973,0.060570985078811646,0.11539071798324585,0.2162678986787796,0.45402225852012634,0.5,1.0,1.0
2,5950,25000,0.2719841003417969,0.3182964622974396,2.5824232579907402e-05,1.0,2.5824232579907402e-05,0.00440665939822793,0.013169505633413792,0.029587654396891594,0.06032731011509895,0.11601068079471588,0.2161547988653183,0.4523333013057709,0.5,1.0,1.0
2,5960,25000,0.2721749544143677,0.31833305954933167,2.355552715016529e-05,1.0,2.355552715016529e-05,0.004399291705340147,0.0130574069917202,0.02965974248945713,0.06048734486103058,0.11569754779338837,0.21660557389259338,0.4536418616771698,0.5,1.0,1.0
2,5970,25000,0.2720765471458435,0.3183736205101013,2.1331850803107955e-05,1.0,2.1331850803107955e-05,0.004383574239909649,0.013176312670111656,0.029636051505804062,0.06049614027142525,0.11577872186899185,0.21559205651283264,0.4540313184261322,0.5,1.0,1.0
2,5980,25000,0.27216529846191406,0.31832846999168396,2.282249988638796e-05,1.0,2.282249988638796e-05,0.004414056893438101,0.013165364973247051,0.02981310710310936,0.06053745001554489,0.11592882126569748,0.21706078946590424,0.45312225818634033,0.5,1.0,1.0
2,5990,25000,0.2720044255256653,0.3183076083660126,2.2021582481102087e-05,1.0,2.2021582481102087e-05,0.004380286205559969,0.013163774274289608,0.029620900750160217,0.06050510331988335,0.11565512418746948,0.21649813652038574,0.4528938829898834,0.5,1.0,1.0
2,6000,25000,0.2718504071235657,0.3182072043418884,2.622229658300057e-05,1.0,2.622229658300057e-05,0.0043986183591187,0.013101262971758842,0.029659541323781013,0.060423266142606735,0.11560886353254318,0.2162885069847107,0.4511524736881256,0.5,1.0,1.0
2,6010,25000,0.27200886607170105,0.3182910978794098,2.4486038455506787e-05,1.0,2.4486038455506787e-05,0.004402235150337219,0.013116167858242989,0.029798395931720734,0.060383185744285583,0.11615723371505737,0.216332346200943,0.4519909918308258,0.5,1.0,1.0
2,6020,25000,0.2720465064048767,0.3183136582374573,2.5978806661441922e-05,1.0,2.5978806661441922e-05,0.0044185747392475605,0.013082697056233883,0.029659297317266464,0.060615174472332,0.11588863283395767,0.21587039530277252,0.45418182015419006,0.5,1.0,1.0
2,6030,25000,0.2720314860343933,0.3182724714279175,2.3213427994051017e-05,1.0,2.3213427994051017e-05,0.004420680459588766,0.013151833787560463,0.02970983274281025,0.06027472764253616,0.11603567749261856,0.2163788378238678,0.45470309257507324,0.5,1.0,1.0
2,6040,25000,0.27220913767814636,0.31834039092063904,2.7210400730837137e-05,1.0,2.7210400730837137e-05,0.0043881540186703205,0.013100468553602695,0.029584448784589767,0.06055532023310661,0.11597435921430588,0.2162102311849594,0.4534141421318054,0.5,1.0,1.0
2,6050,25000,0.2720630168914795,0.31828853487968445,2.2244423234951682e-05,1.0,2.2244423234951682e-05,0.004409105982631445,0.013230817392468452,0.029779886826872826,0.060592327266931534,0.11571890115737915,0.21593710780143738,0.4542103707790375,0.5,1.0,1.0
2,6060,25000,0.2720962464809418,0.3182693123817444,2.4744736947468482e-05,1.0,2.4744736947468482e-05,0.004374614916741848,0.013122892938554287,0.029702162370085716,0.06059630587697029,0.11614906787872314,0.2163292020559311,0.4535526633262634,0.5,1.0,1.0
2,6070,25000,0.27210235595703125,0.31830716133117676,2.4491166186635382e-05,1.0,2.4491166186635382e-05,0.004427207168191671,0.013274271972477436,0.02980385161936283,0.06052025035023689,0.11599094420671463,0.21635031700134277,0.45355552434921265,0.5,1.0,1.0
2,6080,25000,0.2719470262527466,0.3183157742023468,2.3679862351855263e-05,1.0,2.3679862351855263e-05,0.004368769470602274,0.013073784299194813,0.02960924245417118,0.06035918742418289,0.11598740518093109,0.21536916494369507,0.4527721107006073,0.5,1.0,1.0
2,6090,25000,0.27205517888069153,0.3182975947856903,2.3873371901572682e-05,1.0,2.3873371901572682e-05,0.004407826345413923,0.013091173022985458,0.029762523248791695,0.060422103852033615,0.11567234992980957,0.2159889042377472,0.45414745807647705,0.5,1.0,1.0
2,6100,25000,0.27202102541923523,0.31828728318214417,2.695114744710736e-05,1.0,2.695114744710736e-05,0.004424980375915766,0.013173487037420273,0.02978888712823391,0.06036737561225891,0.11592275649309158,0.21624840795993805,0.45406612753868103,0.5,1.0,1.0
2,6110,25000,0.2720484435558319,0.31827887892723083,2.3270409656106494e-05,1.0,2.3270409656106494e-05,0.004471894353628159,0.013174666091799736,0.029789000749588013,0.06016907840967178,0.11587436497211456,0.21614369750022888,0.45339474081993103,0.5,1.0,1.0
2,6120,25000,0.2721530497074127,0.31827712059020996,2.094265801133588e-05,1.0,2.094265801133588e-05,0.004427082370966673,0.013186505064368248,0.029763683676719666,0.060526467859745026,0.11590956151485443,0.21642190217971802,0.45411983132362366,0.5,1.0,1.0
2,6130,25000,0.27216145396232605,0.31829628348350525,2.822223905241117e-05,1.0,2.822223905241117e-05,0.004394358955323696,0.013154669664800167,0.029717959463596344,0.06047488749027252,0.1160682886838913,0.21697339415550232,0.45352694392204285,0.5,1.0,1.0
2,6140,25000,0.2720542848110199,0.3182685077190399,2.647379551490303e-05,1.0,2.647379551490303e-05,0.004401756450533867,0.013211800716817379,0.02968803606927395,0.060223691165447235,0.11583730578422546,0.2162219136953354,0.45395898818969727,0.5,1.0,1.0
2,6150,25000,0.272082656621933,0.31826362013816833,1.916465953399893e-05,1.0,1.916465953399893e-05,0.004399637691676617,0.0131587078794837,0.02980354242026806,0.06046336516737938,0.11646191775798798,0.216218501329422,0.45321381092071533,0.5,1.0,1.0
2,6160,25000,0.2721630930900574,0.3184051215648651,1.738244463922456e-05,1.0,1.738244463922456e-05,0.00439918227493763,0.01322777010500431,0.02966461330652237,0.060711637139320374,0.11559713631868362,0.21567969024181366,0.4549347162246704,0.5,1.0,1.0
2,6170,25000,0.2720257341861725,0.31839606165885925,2.214680534962099e-05,1.0,2.214680534962099e-05,0.004389237612485886,0.013124171644449234,0.029674295336008072,0.06036464124917984,0.11583970487117767,0.2156996726989746,0.4531928300857544,0.5,1.0,1.0
2,6180,25000,0.27204054594039917,0.31826624274253845,2.341937943128869e-05,1.0,2.341937943128869e-05,0.0044052377343177795,0.013214638456702232,0.029803365468978882,0.06060589477419853,0.11613602936267853,0.21636953949928284,0.4535432755947113,0.5,1.0,1.0
2,6190,25000,0.27195316553115845,0.3182317614555359,2.39359142142348e-05,1.0,2.39359142142348e-05,0.004432165063917637,0.013115809299051762,0.029666652902960777,0.06056954711675644,0.11601363122463226,0.21565768122673035,0.4532090425491333,0.5,1.0,1.0
2,6200,25000,0.2721135914325714,0.31827619671821594,2.0234467228874564e-05,1.0,2.0234467228874564e-05,0.004390548449009657,0.013036479242146015,0.029709989205002785,0.06061502546072006,0.11594314873218536,0.21648941934108734,0.4530511796474457,0.5,1.0,1.0
2,6210,25000,0.27211126685142517,0.31834331154823303,2.1480609575519338e-05,1.0,2.1480609575519338e-05,0.004421173594892025,0.013139748945832253,0.02984534576535225,0.06046181544661522,0.11602117121219635,0.21635019779205322,0.45478254556655884,0.5,1.0,1.0
2,6220,25000,0.272055447101593,0.31832829117774963,2.468597813276574e-05,1.0,2.468597813276574e-05,0.0043967547826468945,0.01316690444946289,0.029654091224074364,0.06051547825336456,0.11602288484573364,0.21554870903491974,0.45452800393104553,0.5,1.0,1.0
2,6230,25000,0.27221983671188354,0.3183022141456604,2.1710444343625568e-05,1.0,2.1710444343625568e-05,0.0043792263604700565,0.013143440708518028,0.029745399951934814,0.06054001674056053,0.11612194776535034,0.2168305218219757,0.453691303730011,0.5,1.0,1.0
2,6240,25000,0.27206188440322876,0.31835049390792847,2.6677089408622123e-05,1.0,2.6677089408622123e-05,0.004399373661726713,0.013158249668776989,0.029638607054948807,0.06060817465186119,0.11597909778356552,0.2157379388809204,0.45176517963409424,0.5,1.0,1.0
2,6250,25000,0.27211490273475647,0.3183102607727051,1.9964048988185823e-05,1.0,1.9964048988185823e-05,0.004384824074804783,0.013215694576501846,0.029843982309103012,0.06060485541820526,0.11627491563558578,0.21611660718917847,0.453201025724411,0.5,1.0,1.0
2,6260,25000,0.2720399498939514,0.31830671429634094,2.4134735213010572e-05,1.0,2.4134735213010572e-05,0.004404210951179266,0.013120206072926521,0.029764894396066666,0.06039091572165489,0.11562742292881012,0.215506449341774,0.45398157835006714,0.5,1.0,1.0
2,6270,25000,0.2720027565956116,0.318289577960968,2.0382818547659554e-05,1.0,2.0382818547659554e-05,0.004422223195433617,0.013124137185513973,0.029792405664920807,0.060578104108572006,0.11585983633995056,0.21531902253627777,0.4525408446788788,0.5,1.0,1.0
2,6280,25000,0.2721046507358551,0.31834715604782104,2.2844222257845104e-05,1.0,2.2844222257845104e-05,0.004436254035681486,0.013160335831344128,0.029746321961283684,0.060595616698265076,0.1157040074467659,0.21633309125900269,0.45244601368904114,0.5,1.0,1.0
2,6290,25000,0.27205219864845276,0.31828659772872925,2.449755083944183e-05,1.0,2.449755083944183e-05,0.004410104360431433,0.013150461949408054,0.029855873435735703,0.06076609343290329,0.11626638472080231,0.21553432941436768,0.45340192317962646,0.5,1.0,1.0
2,6300,25000,0.2720407247543335,0.31827834248542786,2.5512452339171432e-05,1.0,2.5512452339171432e-05,0.004456188529729843,0.013114862143993378,0.0296934861689806,0.06066468358039856,0.11597056686878204,0.2160222828388214,0.4537712037563324,0.5,1.0,1.0
2,6310,25000,0.2719693183898926,0.3182806968688965,2.5010776880662888e-05,1.0,2.5010776880662888e-05,0.004428123589605093,0.013191520236432552,0.029714757576584816,0.060412608087062836,0.11572261899709702,0.21583573520183563,0.45190006494522095,0.5,1.0,1.0
2,6320,25000,0.27222689986228943,0.3183298110961914,2.4554305127821863e-05,1.0,2.4554305127821863e-05,0.004422558471560478,0.013157264329493046,0.029708240181207657,0.06056384742259979,0.11613469570875168,0.21664084494113922,0.454669326543808,0.5,1.0,1.0
2,6330,25000,0.27194371819496155,0.31821054220199585,2.3045320631354116e-05,1.0,2.3045320631354116e-05,0.004404368810355663,0.013170605525374413,0.02980436012148857,0.06060737371444702,0.11557884514331818,0.21584542095661163,0.45197057723999023,0.5,1.0,1.0
2,6340,25000,0.2720222473144531,0.31835392117500305,2.4168362870113924e-05,1.0,2.4168362870113924e-05,0.004403363447636366,0.01310934778302908,0.02966318279504776,0.06048978120088577,0.11559520661830902,0.21569401025772095,0.45420151948928833,0.5,1.0,1.0
2,6350,25000,0.27206864953041077,0.3183201551437378,2.2002190235070884e-05,1.0,2.2002190235070884e-05,0.004407323431223631,0.013150493614375591,0.029821190983057022,0.06055359169840813,0.1158042848110199,0.21649593114852905,0.45288994908332825,0.5,1.0,1.0
2,6360,25000,0.2720653712749481,0.31829530000686646,2.204991142207291e-05,1.0,2.204991142207291e-05,0.004425639286637306,0.013206117786467075,0.029792292043566704,0.060669805854558945,0.11571717262268066,0.2158368080854416,0.45250898599624634,0.5,1.0,1.0
2,6370,25000,0.2719956934452057,0.3182809352874756,2.2157653802423738e-05,1.0,2.2157653802423738e-05,0.004410777240991592,0.013111485168337822,0.029605917632579803,0.060456883162260056,0.11553705483675003,0.21615539491176605,0.4519006311893463,0.5,1.0,1.0
2,6380,25000,0.2720693349838257,0.3183269500732422,2.4129672965500504e-05,1.0,2.4129672965500504e-05,0.004416285548359156,0.013168883509933949,0.02969689480960369,0.06029018759727478,0.11566122621297836,0.21603326499462128,0.4545258581638336,0.5,1.0,1.0
2,6390,25000,0.2721153199672699,0.3182871341705322,2.606408997962717e-05,1.0,2.606408997962717e-05,0.00439536664634943,0.013114813715219498,0.02989651821553707,0.060487050563097,0.11556920409202576,0.21646057069301605,0.4522842466831207,0.5,1.0,1.0
2,6400,25000,0.2720160484313965,0.3183465600013733,2.2368800273397937e-05,1.0,2.2368800273397937e-05,0.004393185954540968,0.013152336701750755,0.029651155695319176,0.06018342450261116,0.11587607860565186,0.2155766636133194,0.454569935798645,0.5,1.0,1.0
2,6410,25000,0.27218297123908997,0.318348228931427,2.256786683574319e-05,1.0,2.256786683574319e-05,0.004413858521729708,0.013163698837161064,0.029647165909409523,0.06059085205197334,0.11603065580129623,0.21589383482933044,0.45258742570877075,0.5,1.0,1.0
2,6420,25000,0.27213218808174133,0.318268746137619,2.4594210117356852e-05,1.0,2.4594210117356852e-05,0.004413436632603407,0.013151931576430798,0.029763568192720413,0.06050514802336693,0.11611640453338623,0.21707463264465332,0.45337429642677307,0.5,1.0,1.0
2,6430,25000,0.2720923125743866,0.3182692229747772,2.002700603043195e-05,1.0,2.002700603043195e-05,0.004405750893056393,0.013144050724804401,0.029836107045412064,0.0607745386660099,0.11580587923526764,0.2161707878112793,0.4543769955635071,0.5,1.0,1.0
2,6440,25000,0.2720351219177246,0.31823548674583435,2.5321971406810917e-05,1.0,2.5321971406810917e-05,0.004388121888041496,0.013215536251664162,0.029696019366383553,0.060646820813417435,0.11569394171237946,0.21697665750980377,0.4530889391899109,0.5,1.0,1.0
2,6450,25000,0.2719750702381134,0.31830814480781555,2.3914570192573592e-05,1.0,2.3914570192573592e-05,0.0044116550125181675,0.013042978942394257,0.029772033914923668,0.06081068888306618,0.11617165803909302,0.21578429639339447,0.45024943351745605,0.5,1.0,1.0
2,6460,25000,0.27203869819641113,0.3182268738746643,2.3198848793981597e-05,1.0,2.3198848793981597e-05,0.004413406830281019,0.01313794031739235,0.029800165444612503,0.0606108084321022,0.11588121950626373,0.21593253314495087,0.45276910066604614,0.5,1.0,1.0
2,6470,25000,0.2721363306045532,0.3183745741844177,2.39461751334602e-05,1.0,2.39461751334602e-05,0.0044113993644714355,0.013095471076667309,0.029700379818677902,0.06067858636379242,0.11617046594619751,0.21638226509094238,0.45270517468452454,0.5,1.0,1.0
2,6480,25000,0.2720891535282135,0.3183898627758026,2.166912418033462e-05,1.0,2.166912418033462e-05,0.004413531627506018,0.013086637482047081,0.029678966850042343,0.06057578697800636,0.11567743867635727,0.21607784926891327,0.4547971487045288,0.5,1.0,1.0
2,6490,25000,0.2720722258090973,0.3183060586452484,2.1971631213091314e-05,1.0,2.1971631213091314e-05,0.004419748205691576,0.013144053518772125,0.02976117841899395,0.060614801943302155,0.11637747287750244,0.21673712134361267,0.4523574709892273,0.5,1.0,1.0
2,6500,25000,0.2720295190811157,0.31828954815864563,2.566823604865931e-05,1.0,2.566823604865931e-05,0.004415756091475487,0.013220930472016335,0.029730435460805893,0.06029326096177101,0.11596168577671051,0.2159024327993393,0.4519592225551605,0.5,1.0,1.0
2,6510,25000,0.2720908224582672,0.31824827194213867,2.2588897991226986e-05,1.0,2.2588897991226986e-05,0.004399665165692568,0.013139189220964909,0.029820401221513748,0.060521449893713,0.11620229482650757,0.2154165506362915,0.4541325569152832,0.5,1.0,1.0
2,6520,25000,0.2721637487411499,0.31840360164642334,2.6614721718942747e-05,1.0,2.6614721718942747e-05,0.004417261574417353,0.013173467479646206,0.029710443690419197,0.06032967567443848,0.11577636003494263,0.2164412885904312,0.4535098969936371,0.5,1.0,1.0
2,6530,25000,0.27213186025619507,0.31834855675697327,2.322262298548594e-05,1.0,2.322262298548594e-05,0.00440203258767724,0.013151658698916435,0.02976507507264614,0.060967154800891876,0.11547104269266129,0.2157130092382431,0.4531658887863159,0.5,1.0,1.0
2,6540,25000,0.27197521924972534,0.31832170486450195,2.520808448025491e-05,1.0,2.520808448025491e-05,0.004442564677447081,0.013186538591980934,0.02961367927491665,0.060284342616796494,0.1154223084449768,0.21607595682144165,0.45394858717918396,0.5,1.0,1.0
2,6550,25000,0.27201929688453674,0.31826508045196533,2.248569580842741e-05,1.0,2.248569580842741e-05,0.004405485466122627,0.013175016269087791,0.029735038056969643,0.06058904528617859,0.11582355201244354,0.21588978171348572,0.45378583669662476,0.5,1.0,1.0
2,6560,25000,0.2720562517642975,0.31822967529296875,2.5028359232237563e-05,1.0,2.5028359232237563e-05,0.004377942066639662,0.013170994818210602,0.029799405485391617,0.06046111509203911,0.11597788333892822,0.21683822572231293,0.4512970447540283,0.5,1.0,1.0
2,6570,25000,0.2719396650791168,0.31825974583625793,2.4280470825033262e-05,1.0,2.4280470825033262e-05,0.0044312127865850925,0.013121089898049831,0.029543908312916756,0.06019977107644081,0.11576751619577408,0.21583165228366852,0.45409679412841797,0.5,1.0,1.0
2,6580,25000,0.2720273733139038,0.31826385855674744,2.5113813535426743e-05,1.0,2.5113813535426743e-05,0.004447399638593197,0.013208803720772266,0.029678676277399063,0.060378286987543106,0.11574952304363251,0.21636627614498138,0.4531521797180176,0.5,1.0,1.0
2,6590,25000,0.27196356654167175,0.31825128197669983,1.983796937565785e-05,1.0,1.983796937565785e-05,0.004430393688380718,0.013161951676011086,0.02981697954237461,0.06046929582953453,0.11594366282224655,0.216010183095932,0.4511832594871521,0.5,1.0,1.0
2,6600,25000,0.2721130847930908,0.3182303309440613,2.4389964892179705e-05,1.0,2.4389964892179705e-05,0.004412300884723663,0.013126849196851254,0.02986772358417511,0.06077663600444794,0.1160665825009346,0.21593526005744934,0.45278671383857727,0.5,1.0,1.0
2,6610,25000,0.2723386585712433,0.31845757365226746,2.1128482330823317e-05,1.0,2.1128482330823317e-05,0.004396564327180386,0.013160943984985352,0.029693860560655594,0.06041228771209717,0.11586886644363403,0.2167450487613678,0.4558340609073639,0.5,1.0,1.0
2,6620,25000,0.2720605432987213,0.3183858096599579,2.3329917894443497e-05,1.0,2.3329917894443497e-05,0.0044184098951518536,0.013142557814717293,0.0296136774122715,0.06039009988307953,0.11604329943656921,0.21571864187717438,0.4538259506225586,0.5,1.0,1.0
2,6630,25000,0.2720136344432831,0.31829193234443665,2.796017906803172e-05,1.0,2.796017906803172e-05,0.00437104981392622,0.01318066194653511,0.029785659164190292,0.060369301587343216,0.11597874760627747,0.21568699181079865,0.45365995168685913,0.5,1.0,1.0
2,6640,25000,0.27215126156806946,0.31837761402130127,2.354026037210133e-05,1.0,2.354026037210133e-05,0.004408739041537046,0.013214142993092537,0.029741808772087097,0.060473985970020294,0.11539424955844879,0.2167227864265442,0.45315998792648315,0.5,1.0,1.0
2,6650,25000,0.2720892131328583,0.31831294298171997,2.0339775801403448e-05,1.0,2.0339775801403448e-05,0.004422513302415609,0.013131530955433846,0.029752256348729134,0.060632359236478806,0.11583450436592102,0.2157900035381317,0.4526319205760956,0.5,1.0,1.0
2,6660,25000,0.27205124497413635,0.3182925879955292,2.521506030461751e-05,1.0,2.521506030461751e-05,0.004417658783495426,0.013134037144482136,0.029838407412171364,0.0607522577047348,0.11598366498947144,0.21548579633235931,0.45353513956069946,0.5,1.0,1.0
2,6670,25000,0.27207860350608826,0.3182770907878876,2.3855269319028594e-05,1.0,2.3855269319028594e-05,0.004405203275382519,0.013136781752109528,0.02960292063653469,0.06041411682963371,0.11589908599853516,0.2156444638967514,0.45255589485168457,0.5,1.0,1.0
2,6680,25000,0.2720951735973358,0.31828659772872925,2.286627386638429e-05,1.0,2.286627386638429e-05,0.004384319763630629,0.013096265494823456,0.0296954158693552,0.06076781451702118,0.11622032523155212,0.21565216779708862,0.45238596200942993,0.5,1.0,1.0
2,6690,25000,0.2721249461174011,0.3184029459953308,2.740284617175348e-05,1.0,2.740284617175348e-05,0.004393363371491432,0.01316098403185606,0.02965424954891205,0.06008956953883171,0.11599632352590561,0.21573173999786377,0.45508456230163574,0.5,1.0,1.0
2,6700,25000,0.27194154262542725,0.31818345189094543,1.746533416735474e-05,1.0,1.746533416735474e-05,0.0043944101780653,0.013154988177120686,0.029810016974806786,0.06078697368502617,0.11609895527362823,0.21548959612846375,0.45219817757606506,0.5,1.0,1.0
2,6710,25000,0.27224835753440857,0.31831586360931396,2.4193483113776892e-05,1.0,2.4193483113776892e-05,0.004425407387316227,0.013187406584620476,0.02978239394724369,0.060580428689718246,0.11639468371868134,0.21674659848213196,0.4546375572681427,0.5,1.0,1.0
2,6720,25000,0.2720094919204712,0.31833595037460327,2.7479018172016367e-05,1.0,2.7479018172016367e-05,0.004399983212351799,0.01308197807520628,0.0297507606446743,0.06044688820838928,0.11604069173336029,0.2162458449602127,0.4539395570755005,0.5,1.0,1.0
2,6730,25000,0.2720336616039276,0.3182048499584198,2.2527865439769812e-05,1.0,2.2527865439769812e-05,0.0043962690979242325,0.013212059624493122,0.029828708618879318,0.06050108000636101,0.11611133813858032,0.21645888686180115,0.4526651203632355,0.5,1.0,1.0
2,6740,25000,0.2719970941543579,0.3182457387447357,2.130534267053008e-05,1.0,2.130534267053008e-05,0.004384389612823725,0.013215084560215473,0.029604891315102577,0.0604688823223114,0.11585003137588501,0.2158413678407669,0.4520464241504669,0.5,1.0,1.0
2,6750,25000,0.27192559838294983,0.31824469566345215,2.39349919866072e-05,1.0,2.39349919866072e-05,0.004411733243614435,0.013142647221684456,0.0296883936971426,0.06036927551031113,0.11554698646068573,0.2157861590385437,0.45161548256874084,0.5,1.0,1.0
2,6760,25000,0.2719079256057739,0.31822967529296875,2.662085898919031e-05,1.0,2.662085898919031e-05,0.004423091188073158,0.013136135414242744,0.029662469401955605,0.0605645477771759,0.1158284917473793,0.21555158495903015,0.45156314969062805,0.5,1.0,1.0
2,6770,25000,0.2721686065196991,0.3183138370513916,2.625749220896978e-05,1.0,2.625749220896978e-05,0.004410239867866039,0.013156757690012455,0.02979617938399315,0.060660623013973236,0.1162295937538147,0.21586614847183228,0.4540453553199768,0.5,1.0,1.0
2,6780,25000,0.2721123695373535,0.31846481561660767,2.484215838194359e-05,1.0,2.484215838194359e-05,0.00441425247117877,0.013133298605680466,0.029771868139505386,0.06052827835083008,0.11580480635166168,0.21528775990009308,0.45429062843322754,0.5,1.0,1.0
2,6790,25000,0.27215224504470825,0.31836313009262085,2.0779129044967704e-05,1.0,2.0779129044967704e-05,0.0044145951978862286,0.01306769996881485,0.029716065153479576,0.06079668551683426,0.11570665240287781,0.21670043468475342,0.45522427558898926,0.5,1.0,1.0
2,6800,25000,0.2721368074417114,0.3182624280452728,2.2176374841365032e-05,1.0,2.2176374841365032e-05,0.004436301998794079,0.01317834947258234,0.0297247227281332,0.06059957668185234,0.11613062024116516,0.21659037470817566,0.4541068375110626,0.5,1.0,1.0
2,6810,25000,0.2721017599105835,0.3183683156967163,2.0668156139436178e-05,1.0,2.0668156139436178e-05,0.004430647008121014,0.013209969736635685,0.029690230265259743,0.060226451605558395,0.11563961207866669,0.21653306484222412,0.45359471440315247,0.5,1.0,1.0
2,6820,25000,0.2721199691295624,0.31840357184410095,2.1857902538613416e-05,1.0,2.1857902538613416e-05,0.004420178011059761,0.013144208118319511,0.029694467782974243,0.060405123978853226,0.11562682688236237,0.21602003276348114,0.4537592828273773,0.5,1.0,1.0
2,6830,25000,0.27206164598464966,0.3183545172214508,2.475907422194723e-05,1.0,2.475907422194723e-05,0.004426164552569389,0.013152669183909893,0.02978965826332569,0.060309361666440964,0.11578778922557831,0.2156028002500534,0.45495501160621643,0.5,1.0,1.0
2,6840,25000,0.2720271348953247,0.3182485103607178,2.385887455602642e-05,1.0,2.385887455602642e-05,0.004411899484694004,0.013060297816991806,0.029738258570432663,0.06059819459915161,0.11582094430923462,0.21638460457324982,0.4526320695877075,0.5,1.0,1.0
2,6850,25000,0.27199041843414307,0.31829845905303955,2.3847611373639666e-05,1.0,2.3847611373639666e-05,0.004411178641021252,0.013107288628816605,0.029598094522953033,0.060320958495140076,0.11542089283466339,0.21638736128807068,0.4529026746749878,0.5,1.0,1.0
2,6860,25000,0.2721612751483917,0.31833115220069885,2.9159147743484937e-05,1.0,2.9159147743484937e-05,0.004385609179735184,0.013222415931522846,0.029654495418071747,0.060589272528886795,0.11637666821479797,0.2154715210199356,0.4524591863155365,0.5,1.0,1.0
2,6870,25000,0.27205511927604675,0.3183455467224121,2.3782014977768995e-05,1.0,2.3782014977768995e-05,0.004362915642559528,0.013153786770999432,0.029741665348410606,0.06034957990050316,0.11567085981369019,0.21582219004631042,0.452709823846817,0.5,1.0,1.0
2,6880,25000,0.27215391397476196,0.3183208405971527,2.2671196347801015e-05,1.0,2.2671196347801015e-05,0.004379599820822477,0.01310813333839178,0.029734190553426743,0.06050591915845871,0.11626257747411728,0.216367706656456,0.45372873544692993,0.5,1.0,1.0
2,6890,25000,0.2719653844833374,0.31836503744125366,2.4411570848315023e-05,1.0,2.4411570848315023e-05,0.0044138687662780285,0.013139331713318825,0.029522009193897247,0.0602562315762043,0.11570622771978378,0.2154580056667328,0.4535079300403595,0.5,1.0,1.0
2,6900,25000,0.27213186025619507,0.3183612823486328,2.6669640647014603e-05,1.0,2.6669640647014603e-05,0.004431868903338909,0.013167751021683216,0.0295935720205307,0.06027241796255112,0.11577660590410233,0.216029554605484,0.4523003101348877,0.5,1.0,1.0
2,6910,25000,0.27201345562934875,0.3183230757713318,2.7136247808812186e-05,1.0,2.7136247808812186e-05,0.0044053890742361546,0.013172554783523083,0.02974114753305912,0.06019805371761322,0.11576098203659058,0.21626484394073486,0.4524049460887909,0.5,1.0,1.0
2,6920,25000,0.27204641699790955,0.31821364164352417,2.1525911506614648e-05,1.0,2.1525911506614648e-05,0.004387888591736555,0.013129944913089275,0.029726536944508553,0.06025996059179306,0.11597389727830887,0.21700149774551392,0.4526146352291107,0.5,1.0,1.0
2,6930,25000,0.27203094959259033,0.318326473236084,2.5666560759418644e-05,1.0,2.5666560759418644e-05,0.004397408105432987,0.013090234249830246,0.029677722603082657,0.06020735204219818,0.1157950609922409,0.21581202745437622,0.4540576636791229,0.5,1.0,1.0
2,6940,25000,0.2721233665943146,0.3183850944042206,2.134555506927427e-05,1.0,2.134555506927427e-05,0.004418341442942619,0.01320674829185009,0.029812555760145187,0.060647524893283844,0.11553331464529037,0.215875044465065,0.45313939452171326,0.5,1.0,1.0
2,6950,25000,0.27222350239753723,0.3182998299598694,2.2079017071519047e-05,1.0,2.2079017071519047e-05,0.004404822364449501,0.013263033702969551,0.029791871085762978,0.06030219793319702,0.11593896150588989,0.2166135460138321,0.4540781080722809,0.5,1.0,1.0
2,6960,25000,0.2719464898109436,0.3182765245437622,2.0331423002062365e-05,1.0,2.0331423002062365e-05,0.00442777294665575,0.013155067339539528,0.029800642281770706,0.060567766427993774,0.11565767973661423,0.21546190977096558,0.45188865065574646,0.5,1.0,1.0
2,6970,25000,0.2719930410385132,0.31828734278678894,2.1024550733272918e-05,1.0,2.1024550733272918e-05,0.004413064103573561,0.01312495581805706,0.02981916256248951,0.060662392526865005,0.11603650450706482,0.21560436487197876,0.4515853822231293,0.5,1.0,1.0
2,6980,25000,0.2720710039138794,0.31825289130210876,2.3153572328737937e-05,1.0,2.3153572328737937e-05,0.004397233482450247,0.013133717700839043,0.029825082048773766,0.06057940423488617,0.11601459980010986,0.21614870429039001,0.4526856541633606,0.5,1.0,1.0
2,6990,25000,0.272030770778656,0.31826889514923096,2.4683111405465752e-05,1.0,2.4683111405465752e-05,0.004401255864650011,0.013150212354958057,0.02972618117928505,0.06067076697945595,0.11597089469432831,0.2154957801103592,0.45319974422454834,0.5,1.0,1.0
2,7000,25000,0.27206850051879883,0.318308025598526,2.551793477323372e-05,1.0,2.551793477323372e-05,0.004396358039230108,0.013074740767478943,0.029734216630458832,0.06054852902889252,0.11578524112701416,0.2157127857208252,0.454275906085968,0.5,1.0,1.0
