step,epoch,n_refreshed,mean,std,min,max,q00,q10,q20,q30,q40,q50,q60,q70,q80,q90,q100
4,0,,0.594902515411377,0.18881918489933014,0.5,1.0,0.5,0.5,0.5,0.5,0.5,0.5,0.5,0.5099999904632568,0.5999999642372131,1.0,1.0
4,10,25000,0.30773404240608215,0.3693360686302185,1.3217244543284323e-07,1.0,1.3217244543284323e-07,0.0006780280964449048,0.003909498918801546,0.0133937643840909,0.03740794584155083,0.09418505430221558,0.2470516711473465,0.5,0.560621976852417,1.0,1.0
4,20,25000,0.30776020884513855,0.369452565908432,1.220737431140151e-07,1.0,1.220737431140151e-07,0.000685962091665715,0.003918833564966917,0.013476397842168808,0.03742072731256485,0.09363016486167908,0.24752171337604523,0.5,0.5647745132446289,1.0,1.0
4,30,25000,0.3076538145542145,0.3693893253803253,1.514685834536067e-07,1.0,1.514685834536067e-07,0.0006576709565706551,0.003953128587454557,0.013596058823168278,0.03705771267414093,0.09403976798057556,0.2441912740468979,0.5,0.5635719299316406,1.0,1.0
4,40,25000,0.3077336251735687,0.36937806010246277,1.2624703060737374e-07,1.0,1.2624703060737374e-07,0.0006938991718925536,0.003932191990315914,0.013466470874845982,0.03767694532871246,0.09464138746261597,0.24579238891601562,0.5,0.5644829273223877,1.0,1.0
4,50,25000,0.30778515338897705,0.3693705201148987,1.0935634975339781e-07,1.0,1.0935634975339781e-07,0.0006814750377088785,0.003939113579690456,0.013401644304394722,0.03751203045248985,0.09433232247829437,0.24767766892910004,0.5,0.5600000023841858,1.0,1.0
4,60,25000,0.3076811134815216,0.3693748116493225,1.5039532286209578e-07,1.0,1.5039532286209578e-07,0.0006784007418900728,0.003924831282347441,0.013584199361503124,0.03748404607176781,0.09431661665439606,0.24570593237876892,0.5,0.5600000023841858,1.0,1.0
4,70,25000,0.30789685249328613,0.36954739689826965,1.282368060628869e-07,1.0,1.282368060628869e-07,0.0006745100836269557,0.003960766363888979,0.013324862346053123,0.03732151910662651,0.0948076844215393,0.24912579357624054,0.5,0.5600000023841858,1.0,1.0
4,80,25000,0.3079526722431183,0.3696790039539337,1.1543592393081781e-07,1.0,1.1543592393081781e-07,0.0006810756167396903,0.003959171939641237,0.013423335738480091,0.037361036986112595,0.09445175528526306,0.2472848892211914,0.5,0.5644624829292297,1.0,1.0
4,90,25000,0.3079022169113159,0.3697185814380646,1.0130950300890618e-07,1.0,1.0130950300890618e-07,0.0006830119527876377,0.0039573367685079575,0.013418823480606079,0.03739384934306145,0.09430612623691559,0.24669837951660156,0.5,0.5611481070518494,1.0,1.0
4,100,25000,0.30789002776145935,0.3697661757469177,1.1667128063663768e-07,1.0,1.1667128063663768e-07,0.0006788860191591084,0.003933373373001814,0.013522746972739697,0.037475161254405975,0.09439049661159515,0.24616973102092743,0.5,0.5600000023841858,1.0,1.0
4,110,25000,0.30815964937210083,0.3698156476020813,1.2957859496509627e-07,1.0,1.2957859496509627e-07,0.0006809854530729353,0.003978258930146694,0.013524151407182217,0.037539370357990265,0.09478475153446198,0.24711774289608002,0.5,0.5634887218475342,1.0,1.0
4,120,25000,0.30822980403900146,0.37015026807785034,1.378925702510969e-07,1.0,1.378925702510969e-07,0.0006818096153438091,0.003967564553022385,0.013432210311293602,0.03733906149864197,0.09435740858316422,0.24649138748645782,0.5,0.5600000023841858,1.0,1.0
4,130,25000,0.3085637092590332,0.370657354593277,1.0106806769272225e-07,1.0,1.0106806769272225e-07,0.0006765771540813148,0.003944785799831152,0.013571149669587612,0.03741229325532913,0.09401962906122208,0.24795301258563995,0.5,0.5624843239784241,1.0,1.0
4,140,25000,0.30903443694114685,0.3714791536331177,1.240118763234932e-07,1.0,1.240118763234932e-07,0.0006763509009033442,0.003944829571992159,0.013458416797220707,0.03711209073662758,0.09380371868610382,0.2482275664806366,0.5,0.5611339211463928,1.0,1.0
4,150,25000,0.30941781401634216,0.3719661831855774,1.3473065507696447e-07,1.0,1.3473065507696447e-07,0.0006847729673609138,0.003971274476498365,0.013434793800115585,0.0372556708753109,0.09424355626106262,0.2465236335992813,0.5,0.563055157661438,1.0,1.0
4,160,25000,0.3094446659088135,0.3723231554031372,1.1986232095750893e-07,1.0,1.1986232095750893e-07,0.0006802476709708571,0.003924828954041004,0.013580776751041412,0.03733237460255623,0.0948222428560257,0.2445848137140274,0.5,0.5624658465385437,1.0,1.0
4,170,25000,0.3096049427986145,0.37233150005340576,1.2729803700040065e-07,1.0,1.2729803700040065e-07,0.0006732122274115682,0.003939411602914333,0.013551433570683002,0.037401407957077026,0.09481628239154816,0.2462296038866043,0.5,0.5626219511032104,1.0,1.0
4,180,25000,0.30968040227890015,0.37235307693481445,1.1595370352779355e-07,1.0,1.1595370352779355e-07,0.0006845631869509816,0.003969600889831781,0.0133571932092309,0.03752881661057472,0.09422824531793594,0.2482248693704605,0.5,0.562433660030365,1.0,1.0
4,190,25000,0.30956435203552246,0.37232181429862976,1.4306792195384332e-07,1.0,1.4306792195384332e-07,0.0006816858658567071,0.003932600375264883,0.013402714394032955,0.03760674223303795,0.09385189414024353,0.24728278815746307,0.5,0.5628632307052612,1.0,1.0
4,200,25000,0.3096027970314026,0.3722406327724457,1.3298806322836754e-07,1.0,1.3298806322836754e-07,0.000669884670060128,0.003909449093043804,0.01365472562611103,0.037411969155073166,0.09438778460025787,0.2467917501926422,0.5,0.5609107613563538,1.0,1.0
4,210,25000,0.3096114993095398,0.3722037076950073,1.0881601752998904e-07,1.0,1.0881601752998904e-07,0.0006801458657719195,0.0039029063191264868,0.013550044037401676,0.037481680512428284,0.094448983669281,0.24794994294643402,0.5,0.5611533522605896,1.0,1.0
4,220,25000,0.3095833957195282,0.3722776174545288,1.394828359480016e-07,1.0,1.394828359480016e-07,0.0006802083807997406,0.0039728437550365925,0.013473281636834145,0.03729192912578583,0.09424994140863419,0.24624739587306976,0.5,0.5600000023841858,1.0,1.0
4,230,25000,0.3095910847187042,0.3722076416015625,1.3071026216948667e-07,1.0,1.3071026216948667e-07,0.000680109835229814,0.003948492463678122,0.013341794721782207,0.037819549441337585,0.09428238123655319,0.24806243181228638,0.5,0.5629606246948242,1.0,1.0
4,240,25000,0.3097110688686371,0.37232139706611633,1.1787882669977989e-07,1.0,1.1787882669977989e-07,0.0006706443964503706,0.003942393232136965,0.013487727381289005,0.03765298053622246,0.09484785795211792,0.24715907871723175,0.5,0.560160756111145,1.0,1.0
4,250,25000,0.3096563220024109,0.3723510503768921,1.2259208403975208e-07,1.0,1.2259208403975208e-07,0.0006701551610603929,0.003965009469538927,0.013483596034348011,0.03726664558053017,0.09434692561626434,0.24756693840026855,0.5,0.5600000023841858,1.0,1.0
4,260,25000,0.3095266819000244,0.3722468614578247,1.3419258948488277e-07,1.0,1.3419258948488277e-07,0.0006809202604927123,0.003943427465856075,0.013495192863047123,0.03733913227915764,0.09424317628145218,0.24624818563461304,0.5,0.5600000023841858,1.0,1.0
4,270,25000,0.3097352981567383,0.3722597062587738,1.1909551034250399e-07,1.0,1.1909551034250399e-07,0.0006792902713641524,0.003932969179004431,0.013431391678750515,0.037433281540870667,0.0950763076543808,0.24788449704647064,0.5,0.5602067708969116,1.0,1.0
4,280,25000,0.3097541630268097,0.37226855754852295,1.0153986806926696e-07,1.0,1.0153986806926696e-07,0.0006784896831959486,0.003924875985831022,0.013571641407907009,0.0372859351336956,0.09509116411209106,0.2482161968946457,0.5,0.5629585981369019,1.0,1.0
4,290,25000,0.30964165925979614,0.3723719120025635,1.3007012000798568e-07,1.0,1.3007012000798568e-07,0.0006756226648576558,0.003879557130858302,0.013492870144546032,0.037261273711919785,0.0947992205619812,0.24682162702083588,0.5,0.5635293126106262,1.0,1.0
4,300,25000,0.30955007672309875,0.37229809165000916,1.5072875214627857e-07,1.0,1.5072875214627857e-07,0.0006834394298493862,0.003980505745857954,0.0134365763515234,0.03750947117805481,0.09458714723587036,0.24349544942378998,0.5,0.5600000023841858,1.0,1.0
4,310,25000,0.3096214234828949,0.3723159432411194,1.1423898627072049e-07,1.0,1.1423898627072049e-07,0.0006725004059262574,0.003908511716872454,0.013420451432466507,0.03749006614089012,0.09458000957965851,0.2462797462940216,0.5,0.5613160729408264,1.0,1.0
4,320,25000,0.3097265958786011,0.3723592162132263,1.3173695379009587e-07,1.0,1.3173695379009587e-07,0.000682140642311424,0.003955565392971039,0.013454638421535492,0.037643056362867355,0.0947427749633789,0.24844513833522797,0.5,0.5600000023841858,1.0,1.0
4,330,25000,0.3096449077129364,0.37236088514328003,1.5051786306230497e-07,1.0,1.5051786306230497e-07,0.0006671044393442571,0.003912399522960186,0.01336856372654438,0.03770604357123375,0.09461475908756256,0.2470526099205017,0.5,0.5610136389732361,1.0,1.0
4,340,25000,0.30958712100982666,0.3723296523094177,1.1698429602802207e-07,1.0,1.1698429602802207e-07,0.0006707803113386035,0.004006286151707172,0.013367263600230217,0.03738808259367943,0.09467637538909912,0.24652430415153503,0.5,0.5603708624839783,1.0,1.0
4,350,25000,0.3097875118255615,0.3723047375679016,1.8572416138340486e-07,1.0,1.8572416138340486e-07,0.0006749119493179023,0.003908457700163126,0.013538222759962082,0.03775667026638985,0.0946492850780487,0.24844200909137726,0.5,0.5623308420181274,1.0,1.0
4,360,25000,0.30963608622550964,0.37234601378440857,1.2941225691065483e-07,1.0,1.2941225691065483e-07,0.0006861285073682666,0.003943559248000383,0.013590668328106403,0.03734354302287102,0.09435811638832092,0.24580927193164825,0.5,0.5619279146194458,1.0,1.0
4,370,25000,0.30973854660987854,0.3723202049732208,1.2146738015417213e-07,1.0,1.2146738015417213e-07,0.0006948183290660381,0.0039191776886582375,0.013468896970152855,0.03725980594754219,0.09482069313526154,0.2472163289785385,0.5,0.5609816312789917,1.0,1.0
4,380,25000,0.3098173439502716,0.37237748503685,1.1429545310193134e-07,1.0,1.1429545310193134e-07,0.0006802334683015943,0.003985678777098656,0.013498482294380665,0.03776431828737259,0.09490063786506653,0.24709440767765045,0.5,0.5648285150527954,1.0,1.0
4,390,25000,0.30970287322998047,0.3724214434623718,1.0927970350849137e-07,1.0,1.0927970350849137e-07,0.00067615055013448,0.0039868783205747604,0.013524099253118038,0.037501025944948196,0.09402113407850266,0.24532300233840942,0.5,0.5638591051101685,1.0,1.0
4,400,25000,0.30969738960266113,0.37239816784858704,1.2680203553827596e-07,1.0,1.2680203553827596e-07,0.0006778223905712366,0.003908208571374416,0.013453387655317783,0.03753919526934624,0.09366527944803238,0.24807433784008026,0.5,0.5627038478851318,1.0,1.0
4,410,25000,0.30975452065467834,0.3723529875278473,9.171221648784922e-08,1.0,9.171221648784922e-08,0.0006743082194589078,0.003915294073522091,0.01344492007046938,0.037511195987463,0.09418796002864838,0.24810466170310974,0.5,0.5631142258644104,1.0,1.0
4,420,25000,0.309601366519928,0.37233710289001465,1.0100261960133139e-07,1.0,1.0100261960133139e-07,0.0006827229517512023,0.003932054620236158,0.013456232845783234,0.037814803421497345,0.09423384070396423,0.24714764952659607,0.5,0.5601674318313599,1.0,1.0
4,430,25000,0.30959028005599976,0.3723844587802887,1.686563138036945e-07,1.0,1.686563138036945e-07,0.0006789687322452664,0.003956197760999203,0.013616247102618217,0.03732645511627197,0.09470753371715546,0.24513667821884155,0.5,0.5614376664161682,1.0,1.0
4,440,25000,0.30973079800605774,0.3723500669002533,1.0999512056741878e-07,1.0,1.0999512056741878e-07,0.0006730593740940094,0.0038898419588804245,0.01361420750617981,0.03774543106555939,0.0941736027598381,0.24771445989608765,0.5,0.5634385943412781,1.0,1.0
4,450,25000,0.30970850586891174,0.372427761554718,1.4479255128208024e-07,1.0,1.4479255128208024e-07,0.0006689443835057318,0.003916049376130104,0.013463567942380905,0.037168893963098526,0.09440005570650101,0.24781489372253418,0.5,0.5600000023841858,1.0,1.0
4,460,25000,0.3096521198749542,0.3723430931568146,1.1549744982630727e-07,1.0,1.1549744982630727e-07,0.0006848025368526578,0.0039414456114172935,0.013671117834746838,0.03735027462244034,0.09450199455022812,0.248811274766922,0.5,0.5613100528717041,1.0,1.0
4,470,25000,0.3096124827861786,0.37241098284721375,1.2608145993908693e-07,1.0,1.2608145993908693e-07,0.0006743712001480162,0.0039347093552351,0.013482819311320782,0.037429843097925186,0.09449833631515503,0.2456207573413849,0.5,0.5615594387054443,1.0,1.0
4,480,25000,0.30976417660713196,0.37234795093536377,8.897297476551103e-08,1.0,8.897297476551103e-08,0.0006669536815024912,0.003984184470027685,0.01350114680826664,0.03738921135663986,0.0946807935833931,0.2469911128282547,0.5,0.5630389451980591,1.0,1.0
4,490,25000,0.3097846806049347,0.3724142611026764,1.1863203042139503e-07,1.0,1.1863203042139503e-07,0.0006776416557841003,0.0039304643869400024,0.01354938093572855,0.037371035665273666,0.09438422322273254,0.24664096534252167,0.5,0.5600634217262268,1.0,1.0
4,500,25000,0.309561550617218,0.3723672926425934,1.345915876527215e-07,1.0,1.345915876527215e-07,0.0006845746538601816,0.003934916574507952,0.013484579510986805,0.03736887499690056,0.0943969115614891,0.24747925996780396,0.5,0.5600000023841858,1.0,1.0
4,510,25000,0.3096006214618683,0.372346967458725,1.053710008136477e-07,1.0,1.053710008136477e-07,0.0006753304041922092,0.003999313805252314,0.013485852628946304,0.03740573301911354,0.0949152410030365,0.24641266465187073,0.5,0.5600000023841858,1.0,1.0
4,520,25000,0.3096040189266205,0.3723934292793274,1.5173181111549638e-07,1.0,1.5173181111549638e-07,0.0006754797650501132,0.003951395861804485,0.013503569178283215,0.037403129041194916,0.09448206424713135,0.24754080176353455,0.5,0.5600000023841858,1.0,1.0
4,530,25000,0.30981114506721497,0.37237632274627686,1.2609642396910203e-07,1.0,1.2609642396910203e-07,0.0006658066413365304,0.00401182658970356,0.013545230962336063,0.03753174468874931,0.09451533854007721,0.24695739150047302,0.5,0.5600000023841858,1.0,1.0
4,540,25000,0.30956384539604187,0.372385710477829,1.2615564060070028e-07,1.0,1.2615564060070028e-07,0.0006669564172625542,0.00392091553658247,0.013539467006921768,0.03742930293083191,0.09399174153804779,0.24822336435317993,0.5,0.5610719919204712,1.0,1.0
4,550,25000,0.3097129464149475,0.37244904041290283,1.0905888103707184e-07,1.0,1.0905888103707184e-07,0.0006804718868806958,0.003908109851181507,0.013403489254415035,0.037507567554712296,0.09436554461717606,0.24725142121315002,0.5,0.5612770318984985,1.0,1.0
4,560,25000,0.30967772006988525,0.3724810779094696,1.306862600358727e-07,1.0,1.306862600358727e-07,0.0006842740694992244,0.003959725610911846,0.013486163690686226,0.03744891658425331,0.09486138820648193,0.2461174577474594,0.5,0.5635572671890259,1.0,1.0
4,570,25000,0.30978769063949585,0.37246325612068176,1.0775438141763516e-07,1.0,1.0775438141763516e-07,0.0006763330893591046,0.003973471932113171,0.013555358164012432,0.03761441260576248,0.09521755576133728,0.2451171576976776,0.5,0.565332293510437,1.0,1.0
4,580,25000,0.30965864658355713,0.37239980697631836,1.3666839038251055e-07,1.0,1.3666839038251055e-07,0.0006744202692061663,0.00393888633698225,0.013433831743896008,0.03726248815655708,0.09458966553211212,0.24657995998859406,0.5,0.5600000023841858,1.0,1.0
4,590,25000,0.3095838129520416,0.3724532127380371,1.2895316103822552e-07,1.0,1.2895316103822552e-07,0.0006854194798506796,0.003946567419916391,0.013485001400113106,0.03723223879933357,0.09391781687736511,0.24492129683494568,0.5,0.5608637928962708,1.0,1.0
4,600,25000,0.3097854554653168,0.3724754750728607,1.3175289836908632e-07,1.0,1.3175289836908632e-07,0.0006884914473630488,0.004001458175480366,0.01357045117765665,0.037329841405153275,0.09405627846717834,0.24699515104293823,0.5,0.5631424188613892,1.0,1.0
4,610,25000,0.309780091047287,0.3724987804889679,1.203641062375027e-07,1.0,1.203641062375027e-07,0.0006719565135426819,0.0039385100826621056,0.01348847895860672,0.03764282166957855,0.09469684958457947,0.24545994400978088,0.5,0.5621574521064758,1.0,1.0
4,620,25000,0.309924840927124,0.3724902868270874,1.0625451096757388e-07,1.0,1.0625451096757388e-07,0.0006841816357336938,0.003916890360414982,0.013646626845002174,0.037418488413095474,0.09503814578056335,0.2463424950838089,0.5,0.5643781423568726,1.0,1.0
4,630,25000,0.3097088634967804,0.37246161699295044,1.1373317221341495e-07,1.0,1.1373317221341495e-07,0.0006858009728603065,0.0039046998135745525,0.013596190139651299,0.0374218225479126,0.09404557198286057,0.24824325740337372,0.5,0.5606249570846558,1.0,1.0
4,640,25000,0.309673935174942,0.37246599793434143,1.2156741036051244e-07,1.0,1.2156741036051244e-07,0.0006704849656671286,0.003943884279578924,0.013367892242968082,0.03764200583100319,0.09411947429180145,0.24717091023921967,0.5,0.5600000023841858,1.0,1.0
4,650,25000,0.3096585273742676,0.37242618203163147,1.151539805732682e-07,1.0,1.151539805732682e-07,0.0006622194778174162,0.004002593923360109,0.013497619889676571,0.03732834383845329,0.09406612813472748,0.24677784740924835,0.5,0.560716450214386,1.0,1.0
4,660,25000,0.3097686767578125,0.37247398495674133,1.3689813727069122e-07,1.0,1.3689813727069122e-07,0.0006893062382005155,0.003959499765187502,0.013502755202353,0.037126146256923676,0.09452065825462341,0.24807830154895782,0.5,0.5606578588485718,1.0,1.0
4,670,25000,0.3098098337650299,0.37250351905822754,1.4620968613598961e-07,1.0,1.4620968613598961e-07,0.0006767954910174012,0.003943964373320341,0.013523573987185955,0.037537138909101486,0.09403923898935318,0.24752020835876465,0.5,0.5620262622833252,1.0,1.0
4,680,25000,0.3096354007720947,0.3724585175514221,1.1850508485622413e-07,1.0,1.1850508485622413e-07,0.0006773357163183391,0.003956025466322899,0.013435034081339836,0.0373290553689003,0.09467262029647827,0.24611841142177582,0.5,0.5600000023841858,1.0,1.0
4,690,25000,0.30968227982521057,0.37246233224868774,1.219986955902641e-07,1.0,1.219986955902641e-07,0.0006826602621003985,0.003918991889804602,0.013446241617202759,0.037235651165246964,0.09449147433042526,0.24703827500343323,0.5,0.5624670386314392,1.0,1.0
4,700,25000,0.3095895051956177,0.3725007474422455,1.198092860477118e-07,1.0,1.198092860477118e-07,0.0006823563599027693,0.003870004089549184,0.013463933020830154,0.037215638905763626,0.0947553813457489,0.24617142975330353,0.5,0.5618996620178223,1.0,1.0
4,710,25000,0.3095996379852295,0.3724806606769562,1.2252539249857364e-07,1.0,1.2252539249857364e-07,0.0006737049552612007,0.003990858793258667,0.013489765115082264,0.03741978853940964,0.09449928998947144,0.2481658011674881,0.5,0.5600000023841858,1.0,1.0
4,720,25000,0.3097526431083679,0.37247994542121887,1.0689998930502043e-07,1.0,1.0689998930502043e-07,0.0006761339027434587,0.003970190417021513,0.013549997471272945,0.03769493103027344,0.09474366903305054,0.24656112492084503,0.5,0.5616148114204407,1.0,1.0
4,730,25000,0.309792697429657,0.37254634499549866,1.5265423769506015e-07,1.0,1.5265423769506015e-07,0.0006712660542689264,0.003974537365138531,0.013568670488893986,0.03740072622895241,0.09477412700653076,0.2470237761735916,0.5,0.5625606179237366,1.0,1.0
4,740,25000,0.3098258078098297,0.3725222051143646,1.282867287955014e-07,1.0,1.282867287955014e-07,0.0006794438231736422,0.003907398786395788,0.013504802249372005,0.037702735513448715,0.094040647149086,0.24585966765880585,0.5,0.5603262782096863,1.0,1.0
4,750,25000,0.309781938791275,0.37250766158103943,1.1451133019590998e-07,1.0,1.1451133019590998e-07,0.0006764103891327977,0.003918466158211231,0.013481488451361656,0.037383727729320526,0.09362451732158661,0.24720166623592377,0.5,0.5616896152496338,1.0,1.0
4,760,25000,0.30972498655319214,0.3725823760032654,1.1842701042041881e-07,1.0,1.1842701042041881e-07,0.0006747042061761022,0.003932117018848658,0.013569320552051067,0.03744020685553551,0.09489569067955017,0.24651426076889038,0.5,0.5622633099555969,1.0,1.0
4,770,25000,0.309767484664917,0.3725547790527344,1.13363974207914e-07,1.0,1.13363974207914e-07,0.0006854379898868501,0.00392564432695508,0.013585067354142666,0.037358447909355164,0.09425407648086548,0.247310072183609,0.5,0.5628110766410828,1.0,1.0
4,780,25000,0.30979123711586,0.3725512623786926,1.203788571046971e-07,1.0,1.203788571046971e-07,0.0006698176148347557,0.003968334756791592,0.013375661335885525,0.03742440789937973,0.09420615434646606,0.2472987323999405,0.5,0.5612056255340576,1.0,1.0
4,790,25000,0.30982860922813416,0.37258535623550415,1.301653895779964e-07,1.0,1.301653895779964e-07,0.0006741463439539075,0.004003328736871481,0.013578531332314014,0.03754578158259392,0.09421536326408386,0.24770060181617737,0.5,0.5638960003852844,1.0,1.0
4,800,25000,0.30974650382995605,0.3725019693374634,1.5435419697951147e-07,1.0,1.5435419697951147e-07,0.0006842041620984674,0.00393331702798605,0.0133398761972785,0.03777706250548363,0.0946236327290535,0.24735578894615173,0.5,0.5600261092185974,1.0,1.0
4,810,25000,0.3097795844078064,0.3724908232688904,1.356797980633928e-07,1.0,1.356797980633928e-07,0.0006924645858816803,0.003915226552635431,0.013436699286103249,0.03750844672322273,0.09464703500270844,0.24694666266441345,0.5,0.5611944198608398,1.0,1.0
4,820,25000,0.3097495436668396,0.37251368165016174,1.3588967817668163e-07,1.0,1.3588967817668163e-07,0.0006691256421618164,0.003981228917837143,0.013398915529251099,0.03782361373305321,0.09396646171808243,0.24703183770179749,0.5,0.5623691082000732,1.0,1.0
4,830,25000,0.30980202555656433,0.37253236770629883,1.1055944781901417e-07,1.0,1.1055944781901417e-07,0.0006782442796975374,0.003959730267524719,0.013528842478990555,0.03723670914769173,0.09400516748428345,0.2469986528158188,0.5,0.5600000023841858,1.0,1.0
4,840,25000,0.30970263481140137,0.372563898563385,1.3367630913307949e-07,1.0,1.3367630913307949e-07,0.0006618685438297689,0.003919473849236965,0.013550099916756153,0.03732623904943466,0.09442143142223358,0.2471194565296173,0.5,0.5602593421936035,1.0,1.0
4,850,25000,0.30981898307800293,0.3724873661994934,1.2869338661403162e-07,1.0,1.2869338661403162e-07,0.0006798148388043046,0.003964805509895086,0.013404269702732563,0.03762691840529442,0.09518305957317352,0.2484392523765564,0.5,0.5623688697814941,1.0,1.0
4,860,25000,0.3097846806049347,0.3725441098213196,1.3348100935672846e-07,1.0,1.3348100935672846e-07,0.0006689241854473948,0.003909007180482149,0.013408107683062553,0.037299830466508865,0.09448154270648956,0.2482825517654419,0.5,0.5626572370529175,1.0,1.0
4,870,25000,0.3097943961620331,0.3725523352622986,1.1837109781254185e-07,1.0,1.1837109781254185e-07,0.0006765502039343119,0.003939320333302021,0.013468687422573566,0.03733185678720474,0.09448495507240295,0.24648459255695343,0.5,0.5632586479187012,1.0,1.0
4,880,25000,0.30977576971054077,0.3725418448448181,1.0909349867915807e-07,1.0,1.0909349867915807e-07,0.0006783955032005906,0.003973566461354494,0.013460054993629456,0.03763348609209061,0.09470862150192261,0.24739746749401093,0.5,0.5600000023841858,1.0,1.0
4,890,25000,0.3097813129425049,0.37251076102256775,1.3897293626996543e-07,1.0,1.3897293626996543e-07,0.0006816897657699883,0.003950018435716629,0.013519277796149254,0.03739370405673981,0.09454022347927094,0.24637767672538757,0.5,0.5600000023841858,1.0,1.0
4,900,25000,0.3097280263900757,0.37259089946746826,1.1570443092523419e-07,1.0,1.1570443092523419e-07,0.000679258955642581,0.003981595393270254,0.013460339047014713,0.03751895949244499,0.09476908296346664,0.2458966225385666,0.5,0.5631360411643982,1.0,1.0
4,910,25000,0.3097909986972809,0.3725111484527588,1.229262949209442e-07,1.0,1.229262949209442e-07,0.0006775376969017088,0.003950722515583038,0.013428050093352795,0.03720496967434883,0.09397286176681519,0.24663443863391876,0.5,0.5600000023841858,1.0,1.0
4,920,25000,0.3097425103187561,0.37248730659484863,1.1947447831062163e-07,1.0,1.1947447831062163e-07,0.0006784102879464626,0.003943539224565029,0.013469770550727844,0.03728295490145683,0.0942227840423584,0.24712923169136047,0.5,0.5600000023841858,1.0,1.0
4,930,25000,0.3097347021102905,0.3724985420703888,1.3021762867992948e-07,1.0,1.3021762867992948e-07,0.0006726027932018042,0.003979646135121584,0.013543843291699886,0.037634532898664474,0.09445299208164215,0.24644817411899567,0.5,0.5600000023841858,1.0,1.0
4,940,25000,0.3098413050174713,0.37253835797309875,1.352111667074496e-07,1.0,1.352111667074496e-07,0.000682651880197227,0.00393742136657238,0.013525992631912231,0.03759414330124855,0.09430185705423355,0.24745294451713562,0.5,0.5600000023841858,1.0,1.0
4,950,25000,0.30975139141082764,0.37259048223495483,1.2155210526998417e-07,1.0,1.2155210526998417e-07,0.0006616382161155343,0.0039151390083134174,0.013297582045197487,0.037298545241355896,0.09387475252151489,0.245497927069664,0.5,0.5600000023841858,1.0,1.0
4,960,25000,0.309832364320755,0.3725261688232422,1.1624805296150953e-07,1.0,1.1624805296150953e-07,0.0006764467107132077,0.003937451634556055,0.013458184897899628,0.03758401423692703,0.0944015383720398,0.24811586737632751,0.5,0.5623632073402405,1.0,1.0
4,970,25000,0.30977749824523926,0.37256231904029846,1.318644820003101e-07,1.0,1.318644820003101e-07,0.0006792789790779352,0.003935094922780991,0.013455074280500412,0.03763781487941742,0.09370465576648712,0.24702921509742737,0.5,0.5602543950080872,1.0,1.0
4,980,25000,0.3097851276397705,0.3725668787956238,1.1586259773821439e-07,1.0,1.1586259773821439e-07,0.0006891575176268816,0.003930516075342894,0.013370268978178501,0.037295710295438766,0.09476576745510101,0.2488435059785843,0.5,0.5603475570678711,1.0,1.0
4,990,25000,0.3097231388092041,0.37251371145248413,1.3776157459233218e-07,1.0,1.3776157459233218e-07,0.0006885363254696131,0.003944743890315294,0.013527835719287395,0.03772962838411331,0.09415817260742188,0.24552854895591736,0.5,0.5601733922958374,1.0,1.0
4,1000,25000,0.30969035625457764,0.3724272549152374,1.1381811049204771e-07,1.0,1.1381811049204771e-07,0.0006803351570852101,0.003942194860428572,0.013350684195756912,0.037548311054706573,0.09516383707523346,0.24594925343990326,0.5,0.5600000023841858,1.0,1.0
4,1010,25000,0.30985623598098755,0.37252524495124817,1.3225960060481157e-07,1.0,1.3225960060481157e-07,0.0006714804330840707,0.0038947092834860086,0.013508649542927742,0.03710469976067543,0.09447358548641205,0.24685582518577576,0.5,0.5603135824203491,1.0,1.0
4,1020,25000,0.3097204566001892,0.3724982440471649,1.3318729941147467e-07,1.0,1.3318729941147467e-07,0.0006834291270934045,0.003956356551498175,0.013464534655213356,0.037584420293569565,0.09553102403879166,0.2475968450307846,0.5,0.5600000023841858,1.0,1.0
4,1030,25000,0.3098461329936981,0.37258180975914,1.457951839256566e-07,1.0,1.457951839256566e-07,0.0006837000255472958,0.003891796339303255,0.013589474372565746,0.037390995770692825,0.09444695711135864,0.24729710817337036,0.5,0.5617489814758301,1.0,1.0
4,1040,25000,0.3098585307598114,0.37256762385368347,1.463894250264275e-07,1.0,1.463894250264275e-07,0.000674780982080847,0.003906418569386005,0.013399101793766022,0.03753180801868439,0.09435077011585236,0.2480335831642151,0.5,0.5622855424880981,1.0,1.0
4,1050,25000,0.3098789155483246,0.37261009216308594,1.4248328739085991e-07,1.0,1.4248328739085991e-07,0.0006817064713686705,0.003995312377810478,0.013443712145090103,0.037625644356012344,0.09456194192171097,0.24739378690719604,0.5,0.5618815422058105,1.0,1.0
4,1060,25000,0.30987340211868286,0.3726317584514618,1.0508315284596392e-07,1.0,1.0508315284596392e-07,0.0006763939163647592,0.0039284974336624146,0.013409964740276337,0.037661366164684296,0.0951717346906662,0.24513201415538788,0.5,0.5621150732040405,1.0,1.0
4,1070,25000,0.30977267026901245,0.37262850999832153,9.125911759610972e-08,1.0,9.125911759610972e-08,0.0006815601955167949,0.003933532629162073,0.013452422805130482,0.03765089809894562,0.09389222413301468,0.24699096381664276,0.5,0.5602844953536987,1.0,1.0
4,1080,25000,0.30985721945762634,0.37252670526504517,1.1382706333051829e-07,1.0,1.1382706333051829e-07,0.0006772761116735637,0.0038805590011179447,0.01354631781578064,0.037508878856897354,0.0949731320142746,0.24819405376911163,0.5,0.5600000023841858,1.0,1.0
4,1090,25000,0.3099474012851715,0.37266606092453003,1.2556151318676712e-07,1.0,1.2556151318676712e-07,0.0006711017922498286,0.00397357577458024,0.013433891348540783,0.03703697770833969,0.09440560638904572,0.24786053597927094,0.5,0.564536988735199,1.0,1.0
4,1100,25000,0.30993548035621643,0.37260183691978455,1.0672572869907526e-07,1.0,1.0672572869907526e-07,0.0006739944801665843,0.00390728609636426,0.013371577486395836,0.03727087378501892,0.09482179582118988,0.24729874730110168,0.5,0.5607370734214783,1.0,1.0
4,1110,25000,0.30975818634033203,0.3725670576095581,1.305691483821647e-07,1.0,1.305691483821647e-07,0.0006850081845186651,0.003966210409998894,0.013407887890934944,0.03757372871041298,0.09449237585067749,0.2474919557571411,0.5,0.5615019798278809,1.0,1.0
4,1120,25000,0.30972909927368164,0.37250086665153503,1.4282051097325166e-07,1.0,1.4282051097325166e-07,0.0006758392555639148,0.003976605832576752,0.013393131084740162,0.03756372630596161,0.09457901120185852,0.24629896879196167,0.5,0.5600000023841858,1.0,1.0
4,1130,25000,0.3099007308483124,0.37249720096588135,1.1825186163605395e-07,1.0,1.1825186163605395e-07,0.0006748517043888569,0.003939605318009853,0.01348069030791521,0.03759152442216873,0.09435809403657913,0.24738840758800507,0.5,0.5638316869735718,1.0,1.0
4,1140,25000,0.3098641335964203,0.37264207005500793,1.243189728938887e-07,1.0,1.243189728938887e-07,0.0006871173973195255,0.00396057590842247,0.013565069995820522,0.037720028311014175,0.09444239735603333,0.24545073509216309,0.5,0.5628785490989685,1.0,1.0
4,1150,25000,0.30979108810424805,0.372537761926651,1.3231145601366734e-07,1.0,1.3231145601366734e-07,0.0006745649152435362,0.003989520948380232,0.0134621886536479,0.03753477334976196,0.09389748424291611,0.24698325991630554,0.5,0.5600000023841858,1.0,1.0
4,1160,25000,0.30989280343055725,0.37252601981163025,1.1980721126292337e-07,1.0,1.1980721126292337e-07,0.0006756306393072009,0.003915398847311735,0.013486365787684917,0.037420906126499176,0.0944204181432724,0.24762047827243805,0.5,0.5600000023841858,1.0,1.0
4,1170,25000,0.30974438786506653,0.3725379705429077,1.3453248470796098e-07,1.0,1.3453248470796098e-07,0.0006834340747445822,0.003966971766203642,0.013516987673938274,0.03754010796546936,0.09411159157752991,0.2467198371887207,0.5,0.5624659061431885,1.0,1.0
4,1180,25000,0.30974650382995605,0.37250837683677673,1.3654322117417905e-07,1.0,1.3654322117417905e-07,0.0006852312362752855,0.003951492719352245,0.013511402532458305,0.037448059767484665,0.09537924081087112,0.24553155899047852,0.5,0.5600000023841858,1.0,1.0
4,1190,25000,0.3098768889904022,0.37250712513923645,1.2153030581885105e-07,1.0,1.2153030581885105e-07,0.0006779776304028928,0.00390635896474123,0.013539754785597324,0.03755350783467293,0.09468135237693787,0.24806182086467743,0.5,0.5611844062805176,1.0,1.0
4,1200,25000,0.30981943011283875,0.3725031018257141,1.2757389811213216e-07,1.0,1.2757389811213216e-07,0.000675864692311734,0.003973076585680246,0.013508342206478119,0.03745017200708389,0.09546661376953125,0.24716304242610931,0.5,0.5618720054626465,1.0,1.0
4,1210,25000,0.30978110432624817,0.3725554049015045,1.2246604796928295e-07,1.0,1.2246604796928295e-07,0.0006758710951544344,0.003964277449995279,0.013466810807585716,0.03740597888827324,0.09441143274307251,0.24682404100894928,0.5,0.5605356693267822,1.0,1.0
4,1220,25000,0.3098214268684387,0.3726082742214203,1.3747172999956092e-07,1.0,1.3747172999956092e-07,0.0006796129746362567,0.003969159442931414,0.01341162621974945,0.0375228226184845,0.09455223381519318,0.24720905721187592,0.5,0.5600000023841858,1.0,1.0
4,1230,25000,0.3099399209022522,0.37254124879837036,1.1406991262674637e-07,1.0,1.1406991262674637e-07,0.0006779453833587468,0.003968856763094664,0.013568472117185593,0.03728174790740013,0.09534138441085815,0.2473912239074707,0.5,0.560701847076416,1.0,1.0
4,1240,25000,0.30983418226242065,0.37253761291503906,1.287136512928555e-07,1.0,1.287136512928555e-07,0.0006772354827262461,0.003923907410353422,0.013636305928230286,0.03743136674165726,0.0946764424443245,0.24683532118797302,0.5,0.5600000023841858,1.0,1.0
4,1250,25000,0.30994945764541626,0.3725513219833374,1.1582489634065496e-07,1.0,1.1582489634065496e-07,0.0006799088441766798,0.003882777178660035,0.013464981690049171,0.03738167881965637,0.09495073556900024,0.24736689031124115,0.5,0.5615760684013367,1.0,1.0
4,1260,25000,0.30963778495788574,0.37246623635292053,1.223968126851105e-07,1.0,1.223968126851105e-07,0.0006869913195259869,0.0038738716393709183,0.013505466282367706,0.03718635439872742,0.0945526659488678,0.24595266580581665,0.5,0.5600000023841858,1.0,1.0
4,1270,25000,0.3098849356174469,0.372550904750824,1.0202524691749204e-07,1.0,1.0202524691749204e-07,0.0006768456660211086,0.003946132492274046,0.013377334922552109,0.037172816693782806,0.09516774117946625,0.24701960384845734,0.5,0.5607642531394958,1.0,1.0
4,1280,25000,0.30979639291763306,0.3725748658180237,1.4143864746074541e-07,1.0,1.4143864746074541e-07,0.0006645466783083975,0.003915366251021624,0.013464653864502907,0.03731333836913109,0.09430275112390518,0.24627573788166046,0.5,0.5612542629241943,1.0,1.0
4,1290,25000,0.30982717871665955,0.3725830614566803,1.3411190025180986e-07,1.0,1.3411190025180986e-07,0.0006738153751939535,0.003995283506810665,0.013340632431209087,0.03771093487739563,0.09451701492071152,0.2465476095676422,0.5,0.5609254837036133,1.0,1.0
4,1300,25000,0.3098486661911011,0.37253451347351074,1.0027318353422743e-07,1.0,1.0027318353422743e-07,0.0006693581235595047,0.003943041432648897,0.013535741716623306,0.0373217836022377,0.09557987749576569,0.24640220403671265,0.5,0.5628483891487122,1.0,1.0
4,1310,25000,0.3098420798778534,0.37253305315971375,1.3091424477806868e-07,1.0,1.3091424477806868e-07,0.0006937014404684305,0.003976759966462851,0.013588999398052692,0.03718859702348709,0.09483533352613449,0.24837669730186462,0.5,0.5600000023841858,1.0,1.0
4,1320,25000,0.3098069727420807,0.37251338362693787,1.4413411975056079e-07,1.0,1.4413411975056079e-07,0.0006737496005371213,0.00398158049210906,0.013510496355593204,0.03744453936815262,0.09450708329677582,0.2481960952281952,0.5,0.5600000023841858,1.0,1.0
4,1330,25000,0.3096391260623932,0.37257102131843567,1.3572262957950443e-07,1.0,1.3572262957950443e-07,0.0006692848401144147,0.0039487117901444435,0.013452708721160889,0.03732236847281456,0.09456655383110046,0.2453656643629074,0.5,0.5624778866767883,1.0,1.0
4,1340,25000,0.3098413348197937,0.3725312650203705,1.75078213260349e-07,1.0,1.75078213260349e-07,0.0006703705294057727,0.0039310334250330925,0.013499457389116287,0.03763595223426819,0.09393665194511414,0.2478996068239212,0.5,0.561089277267456,1.0,1.0
4,1350,25000,0.30967476963996887,0.37256094813346863,1.282006394376367e-07,1.0,1.282006394376367e-07,0.0006756578222848475,0.003936581313610077,0.013604242354631424,0.0374397449195385,0.09449329972267151,0.2459261268377304,0.5,0.5600000023841858,1.0,1.0
4,1360,25000,0.3097403347492218,0.37246108055114746,1.3177687208099087e-07,1.0,1.3177687208099087e-07,0.0006785807199776173,0.00396316172555089,0.013396683149039745,0.0376737155020237,0.09436638653278351,0.24631346762180328,0.5,0.5600000023841858,1.0,1.0
4,1370,25000,0.30976688861846924,0.3725833594799042,1.0998203237022608e-07,1.0,1.0998203237022608e-07,0.000692750618327409,0.003967673983424902,0.013392171822488308,0.0373048260807991,0.09405183047056198,0.2459607720375061,0.5,0.5643845796585083,1.0,1.0
4,1380,25000,0.30986589193344116,0.372613787651062,1.0455841703560509e-07,1.0,1.0455841703560509e-07,0.0006832183571532369,0.0039787678979337215,0.013543720357120037,0.03741823509335518,0.09438048303127289,0.2482316941022873,0.5,0.5618903040885925,1.0,1.0
4,1390,25000,0.3100261390209198,0.3725336492061615,9.56600985091427e-08,1.0,9.56600985091427e-08,0.0006817692774347961,0.003959410358220339,0.013509174808859825,0.03759701922535896,0.09390482306480408,0.24805466830730438,0.5,0.5607882142066956,1.0,1.0
4,1400,25000,0.3098011314868927,0.37258780002593994,1.170395265148727e-07,1.0,1.170395265148727e-07,0.0006673274328932166,0.003946114331483841,0.013444292359054089,0.03752504289150238,0.0946274995803833,0.2476915717124939,0.5,0.5600000023841858,1.0,1.0
4,1410,25000,0.30985525250434875,0.3725769817829132,1.4647316959326417e-07,1.0,1.4647316959326417e-07,0.0006684980471618474,0.0039529320783913136,0.01325494609773159,0.03765671327710152,0.09491240233182907,0.24684332311153412,0.5,0.5600838661193848,1.0,1.0
4,1420,25000,0.30979442596435547,0.3725360631942749,1.226680126364954e-07,1.0,1.226680126364954e-07,0.0006858502747491002,0.0039335619658231735,0.013418191112577915,0.037756964564323425,0.09488673508167267,0.24771541357040405,0.5,0.5629940629005432,1.0,1.0
4,1430,25000,0.3099137246608734,0.3726136386394501,1.21631401839295e-07,1.0,1.21631401839295e-07,0.0006821555434726179,0.003927391488105059,0.013533171266317368,0.03747986629605293,0.0943058580160141,0.24564173817634583,0.5,0.5639724731445312,1.0,1.0
4,1440,25000,0.3097594380378723,0.37260764837265015,9.822804258874385e-08,1.0,9.822804258874385e-08,0.000685522798448801,0.0039589619264006615,0.013541012071073055,0.037225645035505295,0.09436927735805511,0.2468913346529007,0.5,0.5600000023841858,1.0,1.0
4,1450,25000,0.30979079008102417,0.37267711758613586,1.1097516505742533e-07,1.0,1.1097516505742533e-07,0.0006792281637899578,0.003922152798622847,0.013581013306975365,0.03745504841208458,0.09385911375284195,0.24598710238933563,0.5,0.5611712336540222,1.0,1.0
4,1460,25000,0.30984094738960266,0.3725968599319458,1.1280499023769153e-07,1.0,1.1280499023769153e-07,0.0006799455150030553,0.003949486650526524,0.013681178912520409,0.03760461509227753,0.09436863660812378,0.24626006186008453,0.5,0.5613172054290771,1.0,1.0
4,1470,25000,0.30983972549438477,0.372590035200119,1.37393385557516e-07,1.0,1.37393385557516e-07,0.0006842126604169607,0.003956369124352932,0.013456177897751331,0.03714561089873314,0.09475833177566528,0.24723297357559204,0.5,0.5631299614906311,1.0,1.0
4,1480,25000,0.30980342626571655,0.37255603075027466,1.1618203643593006e-07,1.0,1.1618203643593006e-07,0.000686126877553761,0.003952955827116966,0.013525106944143772,0.03731098771095276,0.09495149552822113,0.24626080691814423,0.5,0.5600000023841858,1.0,1.0
4,1490,25000,0.3098091781139374,0.37251123785972595,1.151461717086022e-07,1.0,1.151461717086022e-07,0.000677411153446883,0.003975837957113981,0.013508717529475689,0.03742590919137001,0.09482038021087646,0.24966906011104584,0.5,0.5600000023841858,1.0,1.0
4,1500,25000,0.3097308576107025,0.3725656569004059,1.1103661989864122e-07,1.0,1.1103661989864122e-07,0.0006797967362217605,0.003937994129955769,0.013568248599767685,0.037467826157808304,0.09434029459953308,0.24700815975666046,0.5,0.5611565709114075,1.0,1.0
4,1510,25000,0.3099198043346405,0.3725531995296478,1.6207151531943964e-07,1.0,1.6207151531943964e-07,0.000670756446197629,0.003975447732955217,0.013560005463659763,0.03721541911363602,0.09501970559358597,0.24662742018699646,0.5,0.5600000023841858,1.0,1.0
4,1520,25000,0.30985912680625916,0.37257373332977295,1.1653840203962318e-07,1.0,1.1653840203962318e-07,0.0006904078181833029,0.003960857633501291,0.013534204103052616,0.03744635730981827,0.09462903439998627,0.24648770689964294,0.5,0.5629795789718628,1.0,1.0
4,1530,25000,0.3097623586654663,0.3725644648075104,1.35680437551855e-07,1.0,1.35680437551855e-07,0.0006688773282803595,0.003951283171772957,0.013448962941765785,0.03766791522502899,0.09437877684831619,0.24720211327075958,0.5,0.5600000023841858,1.0,1.0
4,1540,25000,0.30981966853141785,0.37254151701927185,1.3082323846447252e-07,1.0,1.3082323846447252e-07,0.0006761573604308069,0.003972718492150307,0.013435027562081814,0.037370748817920685,0.09503647685050964,0.2466905564069748,0.5,0.5607895255088806,1.0,1.0
4,1550,25000,0.30981239676475525,0.372519850730896,1.0743578826577505e-07,1.0,1.0743578826577505e-07,0.0006741114193573594,0.003972752019762993,0.013475552201271057,0.03757898509502411,0.0948476642370224,0.24685342609882355,0.5,0.5600000023841858,1.0,1.0
4,1560,25000,0.30981042981147766,0.3725516200065613,1.0182744603071114e-07,1.0,1.0182744603071114e-07,0.0006840373971499503,0.003994319122284651,0.013526134192943573,0.03728233650326729,0.0947314202785492,0.2457517683506012,0.5,0.5602171421051025,1.0,1.0
4,1570,25000,0.30969470739364624,0.3726188838481903,9.494780783825263e-08,1.0,9.494780783825263e-08,0.0006713599432259798,0.0039059112314134836,0.013573981821537018,0.037581879645586014,0.09367942810058594,0.2460561990737915,0.5,0.5600000023841858,1.0,1.0
4,1580,25000,0.30980607867240906,0.372594952583313,1.0886550683153473e-07,1.0,1.0886550683153473e-07,0.0006873591337352991,0.003940609283745289,0.013457067310810089,0.037201110273599625,0.09432077407836914,0.24702593684196472,0.5,0.5600000023841858,1.0,1.0
4,1590,25000,0.30984386801719666,0.3726440668106079,1.253322778893562e-07,1.0,1.253322778893562e-07,0.0006727081490680575,0.003969993442296982,0.013416891917586327,0.037051815539598465,0.09457941353321075,0.2475917637348175,0.5,0.5626052021980286,1.0,1.0
4,1600,25000,0.3099651634693146,0.3726021349430084,1.1215834661015833e-07,1.0,1.1215834661015833e-07,0.0006797271780669689,0.00393696641549468,0.013477378524839878,0.037427473813295364,0.09448707848787308,0.2479100078344345,0.5,0.5614482164382935,1.0,1.0
4,1610,25000,0.30975261330604553,0.3725605309009552,1.3923340702604037e-07,1.0,1.3923340702604037e-07,0.0006772146443836391,0.003948709927499294,0.013529124669730663,0.037633467465639114,0.09459012001752853,0.2455175668001175,0.5,0.5600000023841858,1.0,1.0
4,1620,25000,0.3097698390483856,0.37260687351226807,1.1788043252636271e-07,1.0,1.1788043252636271e-07,0.0006808429607190192,0.003875091439113021,0.013557206839323044,0.0375388078391552,0.09449824690818787,0.24567589163780212,0.5,0.5644891262054443,1.0,1.0
4,1630,25000,0.3098619878292084,0.3725545108318329,1.2070545096776186e-07,1.0,1.2070545096776186e-07,0.0006876307888887823,0.003881363896653056,0.013437185436487198,0.03741659224033356,0.09438852965831757,0.24705320596694946,0.5,0.5616722702980042,1.0,1.0
4,1640,25000,0.3098651170730591,0.37252724170684814,1.2653075032176275e-07,1.0,1.2653075032176275e-07,0.0006866565090604126,0.0038992036134004593,0.013448303565382957,0.03730440512299538,0.09436448663473129,0.24976499378681183,0.5,0.560623288154602,1.0,1.0
4,1650,25000,0.3098364472389221,0.37250328063964844,1.2175934216429596e-07,1.0,1.2175934216429596e-07,0.000668011954985559,0.003938876558095217,0.013573255389928818,0.03750786930322647,0.09458916634321213,0.24772238731384277,0.5,0.5600000023841858,1.0,1.0
4,1660,25000,0.3098542094230652,0.37258845567703247,1.2039897967497382e-07,1.0,1.2039897967497382e-07,0.0006611620192416012,0.003978281747549772,0.013478555716574192,0.03737560287117958,0.09439115226268768,0.24848727881908417,0.5,0.5619343519210815,1.0,1.0
4,1670,25000,0.30993011593818665,0.37257376313209534,1.223697125851686e-07,1.0,1.223697125851686e-07,0.0006907074130140245,0.003930831793695688,0.013666429556906223,0.0375492237508297,0.09465263783931732,0.2468145340681076,0.5,0.5605738162994385,1.0,1.0
4,1680,25000,0.3097362220287323,0.3726196587085724,9.879454410111066e-08,1.0,9.879454410111066e-08,0.0006720175733789802,0.003988755401223898,0.01343974843621254,0.03740338236093521,0.09384625405073166,0.24617789685726166,0.5,0.5600000023841858,1.0,1.0
4,1690,25000,0.30991026759147644,0.3726789355278015,1.6014683978937683e-07,1.0,1.6014683978937683e-07,0.0006867672200314701,0.003940535243600607,0.013332650065422058,0.03753890469670296,0.09456244856119156,0.24515055119991302,0.5,0.5645745396614075,1.0,1.0
4,1700,25000,0.3099224269390106,0.37255212664604187,1.270282865561967e-07,1.0,1.270282865561967e-07,0.000676591822411865,0.00401722639799118,0.013368884101510048,0.03766433522105217,0.0948525071144104,0.24850541353225708,0.5,0.5600407719612122,1.0,1.0
4,1710,25000,0.309787780046463,0.37255996465682983,1.3085096384202188e-07,1.0,1.3085096384202188e-07,0.0006855592946521938,0.0039183576591312885,0.013522949069738388,0.03751547262072563,0.09490607678890228,0.2457122653722763,0.5,0.5602590441703796,1.0,1.0
4,1720,25000,0.30988195538520813,0.3725489675998688,1.259978716916521e-07,1.0,1.259978716916521e-07,0.0006782617419958115,0.003911601845175028,0.013502794317901134,0.037526685744524,0.09480403363704681,0.24779990315437317,0.5,0.5600000023841858,1.0,1.0
4,1730,25000,0.309781938791275,0.3725782334804535,1.1834437430024991e-07,1.0,1.1834437430024991e-07,0.0006762861739844084,0.00402431795373559,0.013448658399283886,0.037484560161828995,0.09451626986265182,0.24615159630775452,0.5,0.5617172122001648,1.0,1.0
4,1740,25000,0.3097255229949951,0.372568279504776,1.2281259387236787e-07,1.0,1.2281259387236787e-07,0.0006756638758815825,0.003973324783146381,0.013294131495058537,0.03764256834983826,0.09461408853530884,0.24647502601146698,0.5,0.5600000023841858,1.0,1.0
4,1750,25000,0.30973321199417114,0.3725833296775818,1.2682980354838946e-07,1.0,1.2682980354838946e-07,0.0006815542583353817,0.003920179326087236,0.013273663818836212,0.03735940158367157,0.0950302928686142,0.2466142326593399,0.5,0.5600000023841858,1.0,1.0
4,1760,25000,0.3098007142543793,0.3726610839366913,1.2652955660996668e-07,1.0,1.2652955660996668e-07,0.0006814688676968217,0.00386707647703588,0.01353347860276699,0.037059757858514786,0.0945153459906578,0.24571293592453003,0.5,0.5603514313697815,1.0,1.0
4,1770,25000,0.30990365147590637,0.37261962890625,1.3934867126863537e-07,1.0,1.3934867126863537e-07,0.000681635516230017,0.004002856090664864,0.013479138724505901,0.03760526329278946,0.09395097196102142,0.24787215888500214,0.5,0.5624128580093384,1.0,1.0
4,1780,25000,0.3097321391105652,0.3725511431694031,1.7873107083232753e-07,1.0,1.7873107083232753e-07,0.0006760972319170833,0.003973017912358046,0.013431244529783726,0.03741169348359108,0.09436596930027008,0.2471642792224884,0.5,0.5601973533630371,1.0,1.0
4,1790,25000,0.3098728060722351,0.3725842237472534,1.1090740770214325e-07,1.0,1.1090740770214325e-07,0.0006801960989832878,0.003919881768524647,0.013565722852945328,0.037338629364967346,0.09478908777236938,0.24809011816978455,0.5,0.56014484167099,1.0,1.0
4,1800,25000,0.3098376989364624,0.3725201487541199,1.4155710914565134e-07,1.0,1.4155710914565134e-07,0.0006784579600207508,0.003903409233316779,0.013448743149638176,0.03727232664823532,0.09535790979862213,0.2460165172815323,0.5,0.5600000023841858,1.0,1.0
4,1810,25000,0.30981287360191345,0.37259984016418457,1.273315461958191e-07,1.0,1.273315461958191e-07,0.0006847939221188426,0.003961571957916021,0.013612468726933002,0.037535060197114944,0.09316502511501312,0.24702416360378265,0.5,0.5630508065223694,1.0,1.0
4,1820,25000,0.3097856640815735,0.37254267930984497,1.2328592902122182e-07,1.0,1.2328592902122182e-07,0.0006762351840734482,0.003954396117478609,0.013486573472619057,0.03723062947392464,0.09432417154312134,0.24702778458595276,0.5,0.5604943633079529,1.0,1.0
4,1830,25000,0.30982479453086853,0.3726290762424469,1.0456845700446138e-07,1.0,1.0456845700446138e-07,0.0006854938110336661,0.003987664822489023,0.01334739662706852,0.03751290962100029,0.09452704340219498,0.24649390578269958,0.5,0.5640867352485657,1.0,1.0
4,1840,25000,0.3097446858882904,0.3726258873939514,1.2344943911557493e-07,1.0,1.2344943911557493e-07,0.0006697535864077508,0.003977877553552389,0.013480693101882935,0.03706616908311844,0.09432737529277802,0.24659931659698486,0.5,0.5619243383407593,1.0,1.0
4,1850,25000,0.30985569953918457,0.37256506085395813,8.946418006416934e-08,1.0,8.946418006416934e-08,0.0006801888812333345,0.003951007034629583,0.013405309058725834,0.037355199456214905,0.09453664720058441,0.2480294108390808,0.5,0.5611609816551208,1.0,1.0
4,1860,25000,0.3098147511482239,0.37268486618995667,1.1699952295884941e-07,1.0,1.1699952295884941e-07,0.000684406200889498,0.003956396132707596,0.013404807075858116,0.03717755526304245,0.09465218335390091,0.2481212317943573,0.5,0.5608476400375366,1.0,1.0
4,1870,25000,0.3097620904445648,0.3726348876953125,1.2326857756761456e-07,1.0,1.2326857756761456e-07,0.0006810484919697046,0.003969303797930479,0.01333270501345396,0.03770479932427406,0.09406013041734695,0.24792388081550598,0.5,0.5624791979789734,1.0,1.0
4,1880,25000,0.30986496806144714,0.37258535623550415,1.25670595707561e-07,1.0,1.25670595707561e-07,0.0006668352289125323,0.00396293168887496,0.01343174185603857,0.037310779094696045,0.09449690580368042,0.2467181235551834,0.5,0.5615108609199524,1.0,1.0
4,1890,25000,0.30971238017082214,0.3726043999195099,1.292273168473912e-07,1.0,1.292273168473912e-07,0.0006774851935915649,0.003947394900023937,0.013353705406188965,0.03742757812142372,0.09413839876651764,0.24598908424377441,0.5,0.5606295466423035,1.0,1.0
4,1900,25000,0.3099788725376129,0.37263014912605286,1.1667064114817549e-07,1.0,1.1667064114817549e-07,0.0006742759142071009,0.003966799005866051,0.013642186298966408,0.037521496415138245,0.09417393803596497,0.24938815832138062,0.5,0.5621662735939026,1.0,1.0
4,1910,25000,0.30984222888946533,0.3726387023925781,1.1280053513473831e-07,1.0,1.1280053513473831e-07,0.0006647301488555968,0.003916128538548946,0.013522700406610966,0.037447281181812286,0.09443262219429016,0.246723473072052,0.5,0.5615931153297424,1.0,1.0
4,1920,25000,0.3099709451198578,0.37257978320121765,1.3886570116028452e-07,1.0,1.3886570116028452e-07,0.000674280512612313,0.003964274190366268,0.013596877455711365,0.03753765672445297,0.09485024213790894,0.24748624861240387,0.5,0.5618569254875183,1.0,1.0
4,1930,25000,0.3098231852054596,0.3725703954696655,1.4638982293035951e-07,1.0,1.4638982293035951e-07,0.000676437746733427,0.003948671277612448,0.013475039042532444,0.03733987733721733,0.09450971335172653,0.24670466780662537,0.5,0.5600000023841858,1.0,1.0
4,1940,25000,0.30984699726104736,0.37253859639167786,1.4643637769040652e-07,1.0,1.4643637769040652e-07,0.0006802107091061771,0.003933250904083252,0.013459580950438976,0.03757670894265175,0.094728022813797,0.24679547548294067,0.5,0.5600000023841858,1.0,1.0
4,1950,25000,0.30974045395851135,0.3726294934749603,1.3061730896879453e-07,1.0,1.3061730896879453e-07,0.0006768653984181583,0.003955033607780933,0.01350495032966137,0.03755434602499008,0.0945277139544487,0.2459409236907959,0.5,0.5615849494934082,1.0,1.0
4,1960,25000,0.3096220791339874,0.37261465191841125,1.1164619451164981e-07,1.0,1.1164619451164981e-07,0.0006696894997730851,0.003978232853114605,0.013452142477035522,0.03767738491296768,0.09403988718986511,0.24467264115810394,0.5,0.5600000023841858,1.0,1.0
4,1970,25000,0.30985671281814575,0.3725718855857849,1.1893313711652809e-07,1.0,1.1893313711652809e-07,0.0006712893955409527,0.003908984828740358,0.013428348116576672,0.03747396543622017,0.09436209499835968,0.24851301312446594,0.5,0.5600000023841858,1.0,1.0
4,1980,25000,0.3098079562187195,0.3726183772087097,1.1347405148853795e-07,1.0,1.1347405148853795e-07,0.00067277648486197,0.00391627661883831,0.01339107658714056,0.03765750676393509,0.09410311281681061,0.24699178338050842,0.5,0.5600171685218811,1.0,1.0
4,1990,25000,0.3099205195903778,0.37259775400161743,1.3135401388808532e-07,1.0,1.3135401388808532e-07,0.0006766155129298568,0.003941722679883242,0.013524549081921577,0.037462808191776276,0.09458296000957489,0.24662551283836365,0.5,0.5609092712402344,1.0,1.0
4,2000,25000,0.30991852283477783,0.372624933719635,1.2944330762820755e-07,1.0,1.2944330762820755e-07,0.000683602353092283,0.003977174870669842,0.013499924913048744,0.03768840432167053,0.09440034627914429,0.247998908162117,0.5,0.5618946552276611,1.0,1.0
4,2010,25000,0.3096705377101898,0.372540146112442,1.4107853019140748e-07,1.0,1.4107853019140748e-07,0.0006751543842256069,0.003973616752773523,0.013457504101097584,0.03781379014253616,0.0940253734588623,0.24705009162425995,0.5,0.5600000023841858,1.0,1.0
4,2020,25000,0.3098866641521454,0.3725665211677551,1.2525866566193145e-07,1.0,1.2525866566193145e-07,0.0006893295794725418,0.003948811907321215,0.013496927917003632,0.0376991406083107,0.09464581310749054,0.24591386318206787,0.5,0.5620014071464539,1.0,1.0
4,2030,25000,0.30994656682014465,0.3726397156715393,1.2831388573886215e-07,1.0,1.2831388573886215e-07,0.0006656020414084196,0.003928228747099638,0.013460084795951843,0.037972982972860336,0.09442552179098129,0.2471422553062439,0.5,0.56373131275177,1.0,1.0
4,2040,25000,0.30990201234817505,0.37263259291648865,1.4501287637358473e-07,1.0,1.4501287637358473e-07,0.000681934179738164,0.003934563137590885,0.013407033868134022,0.03757597506046295,0.09466951340436935,0.24657687544822693,0.5,0.5606539249420166,1.0,1.0
4,2050,25000,0.30985400080680847,0.3725818991661072,1.3548417143738334e-07,1.0,1.3548417143738334e-07,0.0006762915290892124,0.003973584156483412,0.01337640080600977,0.037632498890161514,0.09441128373146057,0.24658076465129852,0.5,0.5600000023841858,1.0,1.0
4,2060,25000,0.3098652958869934,0.3725593090057373,1.6226809407271503e-07,1.0,1.6226809407271503e-07,0.0006761616095900536,0.003974899183958769,0.013602517545223236,0.03779140114784241,0.09435927122831345,0.24725142121315002,0.5,0.5600000023841858,1.0,1.0
4,2070,25000,0.30993130803108215,0.37259602546691895,1.188774305660445e-07,1.0,1.188774305660445e-07,0.0006786081357859075,0.0039582401514053345,0.013497903011739254,0.037488605827093124,0.0951240062713623,0.24727047979831696,0.5,0.5664570331573486,1.0,1.0
4,2080,25000,0.30982160568237305,0.3725831210613251,1.3538091536702268e-07,1.0,1.3538091536702268e-07,0.0006863915477879345,0.0039176857098937035,0.01345403678715229,0.037325602024793625,0.09413828700780869,0.24731837213039398,0.5,0.5600000023841858,1.0,1.0
4,2090,25000,0.3099110424518585,0.3726757764816284,1.1508640085367006e-07,1.0,1.1508640085367006e-07,0.0006820232374593616,0.003923978190869093,0.013393249362707138,0.0373753160238266,0.09469239413738251,0.2464088648557663,0.5,0.563296914100647,1.0,1.0
4,2100,25000,0.30987289547920227,0.3725776970386505,1.2387974379635125e-07,1.0,1.2387974379635125e-07,0.0006699461373500526,0.003962880000472069,0.013496600091457367,0.0377078540623188,0.09472379833459854,0.24941864609718323,0.5,0.560967206954956,1.0,1.0
4,2110,25000,0.3096459209918976,0.3725981116294861,1.1587574988425331e-07,1.0,1.1587574988425331e-07,0.0006766356527805328,0.0039583356119692326,0.013509371317923069,0.037649206817150116,0.09385345131158829,0.24517697095870972,0.5,0.5600000023841858,1.0,1.0
4,2120,25000,0.3098367750644684,0.37260672450065613,1.3717905744670134e-07,1.0,1.3717905744670134e-07,0.0006717602955177426,0.003914847504347563,0.013341146521270275,0.03783901780843735,0.09439213573932648,0.24799080193042755,0.5,0.5600000023841858,1.0,1.0
4,2130,25000,0.30989009141921997,0.37256020307540894,1.1336666005945517e-07,1.0,1.1336666005945517e-07,0.0006793871289119124,0.0039960527792572975,0.013566652312874794,0.03726492449641228,0.0948013961315155,0.24733573198318481,0.5,0.5608561635017395,1.0,1.0
4,2140,25000,0.3098110556602478,0.3725697994232178,1.1802949018147046e-07,1.0,1.1802949018147046e-07,0.0006890167132951319,0.003977457992732525,0.013515658676624298,0.03736729174852371,0.09440115094184875,0.2473287135362625,0.5,0.5600000023841858,1.0,1.0
4,2150,25000,0.3097456991672516,0.3725544810295105,1.476487057061604e-07,1.0,1.476487057061604e-07,0.0006804119911976159,0.003925445023924112,0.01343162078410387,0.03771362826228142,0.0944003164768219,0.24604550004005432,0.5,0.561100959777832,1.0,1.0
4,2160,25000,0.3098974823951721,0.3725585341453552,1.0433492292349911e-07,1.0,1.0433492292349911e-07,0.0006827022298239172,0.003924827557057142,0.01349103357642889,0.03742494061589241,0.09481797367334366,0.2482445389032364,0.5,0.5600000023841858,1.0,1.0
4,2170,25000,0.30970925092697144,0.37251850962638855,1.1641041908205807e-07,1.0,1.1641041908205807e-07,0.0006793512147851288,0.00392927136272192,0.013477671891450882,0.0375107079744339,0.09440413117408752,0.24749985337257385,0.5,0.5623094439506531,1.0,1.0
4,2180,25000,0.30993640422821045,0.3726230561733246,1.1795862064900575e-07,1.0,1.1795862064900575e-07,0.0006813822546973825,0.003933461848646402,0.013569455593824387,0.037286534905433655,0.09437157213687897,0.24779434502124786,0.5,0.5621742606163025,1.0,1.0
4,2190,25000,0.30977773666381836,0.372549444437027,1.429257139307083e-07,1.0,1.429257139307083e-07,0.0006733026821166277,0.003951886668801308,0.01363365724682808,0.03760024905204773,0.09386160969734192,0.2489977478981018,0.5,0.5600000023841858,1.0,1.0
4,2200,25000,0.3097135126590729,0.37260985374450684,1.1919283338102105e-07,1.0,1.1919283338102105e-07,0.0006711361929774284,0.003968086093664169,0.013417740352451801,0.0373707078397274,0.094265878200531,0.2470308542251587,0.5,0.5628655552864075,1.0,1.0
4,2210,25000,0.30961838364601135,0.37259697914123535,1.0170590059033202e-07,1.0,1.0170590059033202e-07,0.000670283508952707,0.003959841560572386,0.013595151714980602,0.03738623484969139,0.09346172958612442,0.2467489093542099,0.5,0.5600000023841858,1.0,1.0
4,2220,25000,0.3097304701805115,0.3725634813308716,1.1079546169412424e-07,1.0,1.1079546169412424e-07,0.0006871732184663415,0.003933717031031847,0.013470824807882309,0.03746892139315605,0.09446125477552414,0.24513182044029236,0.5,0.5600000023841858,1.0,1.0
4,2230,25000,0.30972036719322205,0.37262028455734253,1.0059402200113254e-07,1.0,1.0059402200113254e-07,0.0006723873666487634,0.003962751477956772,0.013469171710312366,0.03740468621253967,0.09487573057413101,0.24618498980998993,0.5,0.5604833960533142,1.0,1.0
4,2240,25000,0.3098679780960083,0.3725658059120178,1.1995388149443897e-07,1.0,1.1995388149443897e-07,0.000686662329826504,0.003935860935598612,0.013601679354906082,0.03746873885393143,0.09445546567440033,0.2473827302455902,0.5,0.5615676045417786,1.0,1.0
4,2250,25000,0.30975788831710815,0.3726084232330322,1.3911666485455498e-07,1.0,1.3911666485455498e-07,0.0006767604500055313,0.003948679659515619,0.01357660535722971,0.03746063634753227,0.09435226023197174,0.2450842410326004,0.5,0.5627620220184326,1.0,1.0
4,2260,25000,0.309815376996994,0.37258628010749817,1.2630565038307395e-07,1.0,1.2630565038307395e-07,0.0006762042758055031,0.003937424160540104,0.013643380254507065,0.03760429471731186,0.09410111606121063,0.24661317467689514,0.5,0.5600000023841858,1.0,1.0
4,2270,25000,0.30988436937332153,0.37265342473983765,1.1117937503968278e-07,1.0,1.1117937503968278e-07,0.0006697570206597447,0.003923796117305756,0.013570676557719707,0.037487976253032684,0.0947393849492073,0.24755322933197021,0.5,0.564048707485199,1.0,1.0
4,2280,25000,0.30980384349823,0.3726104199886322,1.4767690004191536e-07,1.0,1.4767690004191536e-07,0.0006736345239914954,0.003944608382880688,0.013443287461996078,0.037454236298799515,0.09507066011428833,0.2447105497121811,0.5,0.5600000023841858,1.0,1.0
4,2290,25000,0.3098180294036865,0.3725681006908417,1.02272842639195e-07,1.0,1.02272842639195e-07,0.0006747044390067458,0.003964889328926802,0.013507041148841381,0.03763355314731598,0.09344616532325745,0.24703852832317352,0.5,0.5600000023841858,1.0,1.0
4,2300,25000,0.30977165699005127,0.3725621998310089,1.0747572076752476e-07,1.0,1.0747572076752476e-07,0.0006742813275195658,0.0039006019942462444,0.013442901894450188,0.037639401853084564,0.09432900696992874,0.24625129997730255,0.5,0.5608608722686768,1.0,1.0
4,2310,25000,0.3099324405193329,0.37264055013656616,1.429965692523183e-07,1.0,1.429965692523183e-07,0.000681798264849931,0.003977907355874777,0.013567971996963024,0.037938568741083145,0.09474587440490723,0.24873577058315277,0.5,0.561434805393219,1.0,1.0
4,2320,25000,0.3100087344646454,0.3726610243320465,1.4214626276043418e-07,1.0,1.4214626276043418e-07,0.0006808062316849828,0.0039429329335689545,0.01341558713465929,0.03785264119505882,0.0942763164639473,0.2462032586336136,0.5,0.5654077529907227,1.0,1.0
4,2330,25000,0.3097708523273468,0.372625470161438,1.2545005745323579e-07,1.0,1.2545005745323579e-07,0.0006839986890554428,0.003965841140598059,0.013512277975678444,0.03749798983335495,0.0946548581123352,0.24572528898715973,0.5,0.5604342222213745,1.0,1.0
4,2340,25000,0.30973517894744873,0.3725317716598511,1.2599862486695201e-07,1.0,1.2599862486695201e-07,0.0006826444296166301,0.0039412532933056355,0.013549987226724625,0.03759228438138962,0.09414058923721313,0.24699418246746063,0.5,0.5624827146530151,1.0,1.0
4,2350,25000,0.3098166286945343,0.3726154565811157,1.200870229922657e-07,1.0,1.200870229922657e-07,0.0006817795219831169,0.003927290905267,0.013413799926638603,0.03746796399354935,0.0947546660900116,0.245767280459404,0.5,0.5600000023841858,1.0,1.0
4,2360,25000,0.30980801582336426,0.37260979413986206,1.3163857204290252e-07,1.0,1.3163857204290252e-07,0.0006867622723802924,0.003998220432549715,0.013395772315561771,0.03749731555581093,0.09502565860748291,0.2453581690788269,0.5,0.5612136721611023,1.0,1.0
4,2370,25000,0.3098435401916504,0.3725531995296478,1.4351402910506295e-07,1.0,1.4351402910506295e-07,0.0006708624423481524,0.003953264560550451,0.013536307960748672,0.037935689091682434,0.0942736268043518,0.24685847759246826,0.5,0.5600000023841858,1.0,1.0
4,2380,25000,0.30972394347190857,0.37254536151885986,1.0802718719560289e-07,1.0,1.0802718719560289e-07,0.0006763928104192019,0.004036582540720701,0.013417827896773815,0.03749871999025345,0.09502913802862167,0.24598604440689087,0.5,0.5602225065231323,1.0,1.0
4,2390,25000,0.30978602170944214,0.37261372804641724,1.0377751635815002e-07,1.0,1.0377751635815002e-07,0.0006816989043727517,0.003973040264099836,0.013455599546432495,0.037450045347213745,0.09439645707607269,0.2468029111623764,0.5,0.5637421011924744,1.0,1.0
4,2400,25000,0.30970776081085205,0.3725854158401489,1.2674077254359872e-07,1.0,1.2674077254359872e-07,0.0006822666036896408,0.003967673983424902,0.013323668390512466,0.03727521374821663,0.09436484426259995,0.24715927243232727,0.5,0.5600000023841858,1.0,1.0
4,2410,25000,0.30981385707855225,0.37251660227775574,1.330199097537843e-07,1.0,1.330199097537843e-07,0.0006777761736884713,0.003946907818317413,0.013436210341751575,0.03774016350507736,0.09492531418800354,0.246048703789711,0.5,0.5611108541488647,1.0,1.0
4,2420,25000,0.30989086627960205,0.3725874423980713,1.5011879384019267e-07,1.0,1.5011879384019267e-07,0.0006727413274347782,0.003954118117690086,0.013432999141514301,0.037632741034030914,0.09418643265962601,0.2478070855140686,0.5,0.5615196228027344,1.0,1.0
4,2430,25000,0.309772253036499,0.3726356625556946,1.4139325799078506e-07,1.0,1.4139325799078506e-07,0.0006925054476596415,0.003975981846451759,0.013383870013058186,0.037732772529125214,0.09416250884532928,0.24640117585659027,0.5,0.5653932690620422,1.0,1.0
4,2440,25000,0.3099018335342407,0.37252938747406006,1.0783242032630369e-07,1.0,1.0783242032630369e-07,0.0006687929853796959,0.003976085223257542,0.013516951352357864,0.037324436008930206,0.09437765926122665,0.2474783957004547,0.5,0.5600000023841858,1.0,1.0
4,2450,25000,0.30979296565055847,0.37269502878189087,1.4386824886969407e-07,1.0,1.4386824886969407e-07,0.0006688028806820512,0.003961104433983564,0.013521225191652775,0.03745844215154648,0.09404692053794861,0.24622556567192078,0.5,0.5600000023841858,1.0,1.0
4,2460,25000,0.3098891079425812,0.37264570593833923,1.1104313557552814e-07,1.0,1.1104313557552814e-07,0.0006826890166848898,0.00392703153192997,0.01332012563943863,0.0375630222260952,0.09439806640148163,0.24771283566951752,0.5,0.5634170174598694,1.0,1.0
4,2470,25000,0.3098120391368866,0.3726378083229065,1.2888288836165884e-07,1.0,1.2888288836165884e-07,0.0006673634052276611,0.0040048714727163315,0.01341815385967493,0.037495315074920654,0.09375263750553131,0.24709336459636688,0.5,0.5600000023841858,1.0,1.0
4,2480,25000,0.3098725378513336,0.3725874423980713,1.2478724897846405e-07,1.0,1.2478724897846405e-07,0.0006846172036603093,0.003935457207262516,0.013502340763807297,0.03728107735514641,0.09427806735038757,0.24634197354316711,0.5,0.5600000023841858,1.0,1.0
4,2490,25000,0.30985888838768005,0.3726356625556946,1.495099866133387e-07,1.0,1.495099866133387e-07,0.000687788357026875,0.003946484532207251,0.013565991073846817,0.03741170093417168,0.09440183639526367,0.247421994805336,0.5,0.5629205107688904,1.0,1.0
4,2500,25000,0.30975329875946045,0.3725823163986206,1.2160496964952472e-07,1.0,1.2160496964952472e-07,0.0006746564176864922,0.003894189838320017,0.013535960577428341,0.03736039623618126,0.09438762068748474,0.24678336083889008,0.5,0.5600000023841858,1.0,1.0
4,2510,25000,0.30984124541282654,0.37264323234558105,1.3685192357115739e-07,1.0,1.3685192357115739e-07,0.0006711835158057511,0.003887004218995571,0.013417576439678669,0.03794744610786438,0.09463389217853546,0.24664367735385895,0.5,0.5610844492912292,1.0,1.0
4,2520,25000,0.3097583055496216,0.37254950404167175,1.0304304964847688e-07,1.0,1.0304304964847688e-07,0.0006758880335837603,0.003976333886384964,0.01351274736225605,0.037252359092235565,0.09491642564535141,0.24774634838104248,0.5,0.5600000023841858,1.0,1.0
4,2530,25000,0.3097299039363861,0.3726430833339691,9.28532202237875e-08,1.0,9.28532202237875e-08,0.0006663465173915029,0.003951336722820997,0.013470049016177654,0.037299204617738724,0.09442690014839172,0.24479658901691437,0.5,0.5624470710754395,1.0,1.0
4,2540,25000,0.3097613751888275,0.37257975339889526,1.0369949166033621e-07,1.0,1.0369949166033621e-07,0.000676918716635555,0.003915844019502401,0.013430017046630383,0.03722827509045601,0.0948440209031105,0.24525050818920135,0.5,0.5600135326385498,1.0,1.0
4,2550,25000,0.30975234508514404,0.37260305881500244,1.1502763186399534e-07,1.0,1.1502763186399534e-07,0.0006846628966741264,0.003928000573068857,0.013361988589167595,0.03751230984926224,0.09440617263317108,0.24673543870449066,0.5,0.5600000023841858,1.0,1.0
4,2560,25000,0.30976390838623047,0.3725118637084961,1.1174771685773521e-07,1.0,1.1174771685773521e-07,0.0006757241208106279,0.003995056264102459,0.013498315587639809,0.03733095899224281,0.09381239861249924,0.2475343644618988,0.5,0.5600000023841858,1.0,1.0
4,2570,25000,0.3098525404930115,0.3726821839809418,1.6514253786681365e-07,1.0,1.6514253786681365e-07,0.0006908318027853966,0.003938631154596806,0.013368144631385803,0.03718314692378044,0.09501241147518158,0.24586251378059387,0.5,0.5600000023841858,1.0,1.0
4,2580,25000,0.3096886873245239,0.372592955827713,1.4214110422017256e-07,1.0,1.4214110422017256e-07,0.0006702119717374444,0.003975343890488148,0.0135476253926754,0.03728689253330231,0.09426070749759674,0.24598124623298645,0.5,0.5615251064300537,1.0,1.0
4,2590,25000,0.30974218249320984,0.37262916564941406,1.1044981818031374e-07,1.0,1.1044981818031374e-07,0.0006699085934087634,0.003963196650147438,0.01344585046172142,0.03787774592638016,0.09448275715112686,0.2459619790315628,0.5,0.5622918009757996,1.0,1.0
4,2600,25000,0.3099721372127533,0.37267565727233887,1.7824751807893335e-07,1.0,1.7824751807893335e-07,0.0006883926689624786,0.003951879218220711,0.013357803225517273,0.03760632500052452,0.0949828028678894,0.24835172295570374,0.5,0.5600000023841858,1.0,1.0
4,2610,25000,0.3099014163017273,0.3726664185523987,9.689103563914614e-08,1.0,9.689103563914614e-08,0.00067284976830706,0.003884663572534919,0.013376133516430855,0.037573523819446564,0.09495356678962708,0.24763424694538116,0.5,0.5632078051567078,1.0,1.0
4,2620,25000,0.30995693802833557,0.3726383447647095,1.4702010275868815e-07,1.0,1.4702010275868815e-07,0.0006826139870099723,0.003913941327482462,0.01352415606379509,0.037598617374897,0.09527215361595154,0.24657514691352844,0.5,0.5627456307411194,1.0,1.0
4,2630,25000,0.3099433183670044,0.37267032265663147,1.4474186116331111e-07,1.0,1.4474186116331111e-07,0.0006827139877714217,0.003969453740864992,0.013475319370627403,0.03760692477226257,0.09464392066001892,0.24614913761615753,0.5,0.5647379755973816,1.0,1.0
4,2640,25000,0.30973464250564575,0.3725983202457428,1.1602956817569066e-07,1.0,1.1602956817569066e-07,0.0006822781288065016,0.003950483165681362,0.013530470430850983,0.037437908351421356,0.09428511559963226,0.24573171138763428,0.5,0.560185968875885,1.0,1.0
4,2650,25000,0.3098992109298706,0.3726053535938263,1.253949193369408e-07,1.0,1.253949193369408e-07,0.0006732492474839091,0.003950127866119146,0.013454544357955456,0.037671077996492386,0.09447742998600006,0.2484208345413208,0.5,0.56288743019104,1.0,1.0
4,2660,25000,0.3097231090068817,0.3725990355014801,1.4385504698566365e-07,1.0,1.4385504698566365e-07,0.0006734308553859591,0.003956787288188934,0.013271990232169628,0.03715433552861214,0.09444397687911987,0.24543815851211548,0.5,0.5600000023841858,1.0,1.0
4,2670,25000,0.30977222323417664,0.3725683391094208,1.3490196693055623e-07,1.0,1.3490196693055623e-07,0.0006763049168512225,0.003975498955696821,0.013477092608809471,0.03754066303372383,0.09488563984632492,0.24690166115760803,0.5,0.5600000023841858,1.0,1.0
4,2680,25000,0.30978935956954956,0.37269678711891174,1.1815473044407554e-07,1.0,1.1815473044407554e-07,0.0006894231191836298,0.003974034916609526,0.013500493951141834,0.037455394864082336,0.09411704540252686,0.24625293910503387,0.5,0.5610812902450562,1.0,1.0
4,2690,25000,0.30991992354393005,0.3725670874118805,1.0473755196471757e-07,1.0,1.0473755196471757e-07,0.0006829373305663466,0.0039468496106565,0.013531668111681938,0.03737908974289894,0.09497054666280746,0.24795077741146088,0.5,0.5609158873558044,1.0,1.0
4,2700,25000,0.30996716022491455,0.37269657850265503,1.2480965949634992e-07,1.0,1.2480965949634992e-07,0.000672302208840847,0.003942128736525774,0.013357029296457767,0.03726810961961746,0.0950280949473381,0.24731718003749847,0.5,0.5628888607025146,1.0,1.0
4,2710,25000,0.30989915132522583,0.37256819009780884,1.44868707252499e-07,1.0,1.44868707252499e-07,0.000684907368849963,0.003938474226742983,0.013414550572633743,0.03710769861936569,0.09485051035881042,0.2471308708190918,0.5,0.561798095703125,1.0,1.0
4,2720,25000,0.30987221002578735,0.37263500690460205,1.2997766418720857e-07,1.0,1.2997766418720857e-07,0.0006847157492302358,0.003969991579651833,0.013422654941678047,0.0376640148460865,0.09470836073160172,0.24644735455513,0.5,0.5600000023841858,1.0,1.0
4,2730,25000,0.3097798824310303,0.3725951015949249,1.1944250388751243e-07,1.0,1.1944250388751243e-07,0.0006716962670907378,0.003939117770642042,0.013201690278947353,0.037502601742744446,0.0949995219707489,0.2456578016281128,0.5,0.5612466335296631,1.0,1.0
4,2740,25000,0.30984681844711304,0.3725894093513489,1.2385675063342205e-07,1.0,1.2385675063342205e-07,0.0006803193828091025,0.00395070668309927,0.013415194116532803,0.037264514714479446,0.09455892443656921,0.24800363183021545,0.5,0.5613511800765991,1.0,1.0
4,2750,25000,0.3099154531955719,0.372673898935318,1.1324905813125952e-07,1.0,1.1324905813125952e-07,0.0006823315052315593,0.003927832003682852,0.013530291616916656,0.0377810075879097,0.09496854245662689,0.2469530999660492,0.5,0.5644014477729797,1.0,1.0
4,2760,25000,0.30974432826042175,0.37265893816947937,1.3064511961147218e-07,1.0,1.3064511961147218e-07,0.0006825200980529189,0.003960625734180212,0.013406150043010712,0.03716820850968361,0.09463827311992645,0.24587999284267426,0.5,0.5600146651268005,1.0,1.0
4,2770,25000,0.3097125291824341,0.37257882952690125,1.1240848607485532e-07,1.0,1.1240848607485532e-07,0.0006807761965319514,0.003950244747102261,0.01361022237688303,0.03758997842669487,0.09399361908435822,0.2462691068649292,0.5,0.5616439580917358,1.0,1.0
4,2780,25000,0.30986589193344116,0.37259119749069214,1.289000408633001e-07,1.0,1.289000408633001e-07,0.0006796268280595541,0.003950793761759996,0.013508321717381477,0.03789506107568741,0.09523870050907135,0.24599389731884003,0.5,0.5600000023841858,1.0,1.0
4,2790,25000,0.30998727679252625,0.3726617991924286,1.354516996343591e-07,1.0,1.354516996343591e-07,0.0006846286705695093,0.0039575370028615,0.013481505215168,0.037452321499586105,0.0948493555188179,0.2479846030473709,0.5,0.5604588389396667,1.0,1.0
4,2800,25000,0.3099156618118286,0.37258481979370117,1.460597189861801e-07,1.0,1.460597189861801e-07,0.0006818755064159632,0.00394072849303484,0.0134976115077734,0.037389758974313736,0.09407494962215424,0.2483249306678772,0.5,0.5600538849830627,1.0,1.0
4,2810,25000,0.3098513185977936,0.3727128207683563,1.2292784390410816e-07,1.0,1.2292784390410816e-07,0.0006784747238270938,0.003980125766247511,0.013375835493206978,0.037217892706394196,0.09462076425552368,0.2463020533323288,0.5,0.5618816614151001,1.0,1.0
4,2820,25000,0.3099340796470642,0.37259435653686523,9.48399048184001e-08,1.0,9.48399048184001e-08,0.0006896302220411599,0.0038697184063494205,0.013342982158064842,0.03764912858605385,0.09423516690731049,0.2473716288805008,0.5,0.5600000023841858,1.0,1.0
4,2830,25000,0.3099570870399475,0.3726421892642975,1.1190393678361943e-07,1.0,1.1190393678361943e-07,0.0006789611070416868,0.003906657453626394,0.013452557846903801,0.03769846260547638,0.09407993406057358,0.24856708943843842,0.5,0.5632184743881226,1.0,1.0
4,2840,25000,0.3098369836807251,0.37257587909698486,1.1729643034641413e-07,1.0,1.1729643034641413e-07,0.0006879736320115626,0.003960479982197285,0.013382245786488056,0.03753364086151123,0.09396027773618698,0.24656563997268677,0.5,0.5600000023841858,1.0,1.0
4,2850,25000,0.3099433481693268,0.37266090512275696,1.280908890066712e-07,1.0,1.280908890066712e-07,0.0006841956055723131,0.003950362093746662,0.013452227227389812,0.03702789917588234,0.09397507458925247,0.24797292053699493,0.5,0.5615313053131104,1.0,1.0
4,2860,25000,0.3098718523979187,0.37258341908454895,1.28417781297685e-07,1.0,1.28417781297685e-07,0.0006853321101516485,0.003966977819800377,0.013563144020736217,0.03749141842126846,0.09522173553705215,0.24715594947338104,0.5,0.5600000023841858,1.0,1.0
4,2870,25000,0.3098315894603729,0.3726598918437958,1.4209770426987234e-07,1.0,1.4209770426987234e-07,0.0006745205027982593,0.003963871393352747,0.013458700850605965,0.037602610886096954,0.09409542381763458,0.24623671174049377,0.5,0.5622172951698303,1.0,1.0
4,2880,25000,0.30996933579444885,0.3726693391799927,1.1267032107298292e-07,1.0,1.1267032107298292e-07,0.0006665408727712929,0.003950322512537241,0.01346102450042963,0.03720929101109505,0.09473152458667755,0.24753865599632263,0.5,0.5606337189674377,1.0,1.0
4,2890,25000,0.30991700291633606,0.37261852622032166,1.0281998186201236e-07,1.0,1.0281998186201236e-07,0.0006833112565800548,0.003952004946768284,0.013417186215519905,0.03688717633485794,0.09504194557666779,0.24905142188072205,0.5,0.5600000023841858,1.0,1.0
4,2900,25000,0.3097960650920868,0.3726911246776581,1.2762953360834217e-07,1.0,1.2762953360834217e-07,0.0006786457961425185,0.003917721100151539,0.013575560413300991,0.037307512015104294,0.09415934979915619,0.24748854339122772,0.5,0.5600000023841858,1.0,1.0
4,2910,25000,0.30973079800605774,0.3726504445075989,1.252457195732859e-07,1.0,1.252457195732859e-07,0.0006701808306388557,0.003944743424654007,0.013531193137168884,0.03734137862920761,0.0942850187420845,0.2459000200033188,0.5,0.5602165460586548,1.0,1.0
4,2920,25000,0.30983251333236694,0.3726733326911926,1.3373080776091228e-07,1.0,1.3373080776091228e-07,0.0006865076720714569,0.004012362565845251,0.013577939011156559,0.03738793730735779,0.09372438490390778,0.24650956690311432,0.5,0.5600000023841858,1.0,1.0
4,2930,25000,0.309866338968277,0.37269163131713867,1.3285648492455948e-07,1.0,1.3285648492455948e-07,0.0006644072127528489,0.003938194829970598,0.013550342060625553,0.03732927143573761,0.09457230567932129,0.2469189316034317,0.5,0.5649673342704773,1.0,1.0
4,2940,25000,0.3098277449607849,0.3726499378681183,1.2317975972564454e-07,1.0,1.2317975972564454e-07,0.0006776044028811157,0.003943717107176781,0.013569715432822704,0.037436407059431076,0.09432381391525269,0.2471935749053955,0.5,0.5615101456642151,1.0,1.0
4,2950,25000,0.30994662642478943,0.37261125445365906,1.2109420310935093e-07,1.0,1.2109420310935093e-07,0.0006820233538746834,0.003988036885857582,0.013339223340153694,0.03755834326148033,0.09502899646759033,0.24807694554328918,0.5,0.561249852180481,1.0,1.0
4,2960,25000,0.30980217456817627,0.3727017045021057,1.072380797495498e-07,1.0,1.072380797495498e-07,0.0006799713592045009,0.003944628406316042,0.013569500297307968,0.03762350603938103,0.09468734264373779,0.24610279500484467,0.5,0.5639749765396118,1.0,1.0
4,2970,25000,0.3099745213985443,0.372618168592453,1.1785601117253464e-07,1.0,1.1785601117253464e-07,0.0006847228505648673,0.003876248374581337,0.013502617366611958,0.03756823018193245,0.09463523328304291,0.24718642234802246,0.5,0.5629453659057617,1.0,1.0
4,2980,25000,0.30982595682144165,0.3726983666419983,1.3150791744465096e-07,1.0,1.3150791744465096e-07,0.0006839489215053618,0.00398488761857152,0.013440017588436604,0.03758283331990242,0.09416599571704865,0.2461107224225998,0.5,0.5600000023841858,1.0,1.0
4,2990,25000,0.3097497820854187,0.3725726902484894,1.1535291832842631e-07,1.0,1.1535291832842631e-07,0.0006764164427295327,0.003975147847086191,0.013389179483056068,0.03752461448311806,0.09547121077775955,0.2469794750213623,0.5,0.5613924264907837,1.0,1.0
4,3000,25000,0.3098905086517334,0.3726857006549835,1.438821186638961e-07,1.0,1.438821186638961e-07,0.0006744840648025274,0.0039192610420286655,0.013440496288239956,0.03765944391489029,0.09493856132030487,0.24725748598575592,0.5,0.5642680525779724,1.0,1.0
4,3010,25000,0.30978065729141235,0.3726782500743866,1.261265794028077e-07,1.0,1.261265794028077e-07,0.000679505814332515,0.004012913443148136,0.013492269441485405,0.037271030247211456,0.09394671767950058,0.2445926070213318,0.5,0.5600000023841858,1.0,1.0
4,3020,25000,0.3100050389766693,0.3726697266101837,1.5198766334378888e-07,1.0,1.5198766334378888e-07,0.0006828558398410678,0.0039579905569553375,0.013426659628748894,0.03753324970602989,0.09479625523090363,0.24817070364952087,0.5,0.5646450519561768,1.0,1.0
4,3030,25000,0.3098541796207428,0.3725791573524475,1.2869986676378176e-07,1.0,1.2869986676378176e-07,0.0006716371281072497,0.004002345260232687,0.013571462593972683,0.037563446909189224,0.09440964460372925,0.24846936762332916,0.5,0.5600000023841858,1.0,1.0
4,3040,25000,0.3098195195198059,0.37267225980758667,1.1465546378985891e-07,1.0,1.1465546378985891e-07,0.0006762089324183762,0.0039022983983159065,0.01342052686959505,0.03753043711185455,0.09443657845258713,0.24804683029651642,0.5,0.5611109137535095,1.0,1.0
4,3050,25000,0.30979666113853455,0.37265661358833313,1.3858344516393117e-07,1.0,1.3858344516393117e-07,0.00068781862501055,0.003961488604545593,0.01346380915492773,0.03736642375588417,0.09453116357326508,0.24641571938991547,0.5,0.5607422590255737,1.0,1.0
4,3060,25000,0.30999162793159485,0.3726816773414612,1.1216572204375552e-07,1.0,1.1216572204375552e-07,0.0006846830365248024,0.003964084666222334,0.013439318165183067,0.03760905563831329,0.0945974588394165,0.24724718928337097,0.5,0.5627498030662537,1.0,1.0
4,3070,25000,0.3098808228969574,0.3727134168148041,1.2115756931052601e-07,1.0,1.2115756931052601e-07,0.0006827694596722722,0.0039340597577393055,0.013542650267481804,0.03722909837961197,0.09365558624267578,0.24550075829029083,0.5,0.5609068870544434,1.0,1.0
4,3080,25000,0.3100055158138275,0.37269127368927,1.1818925571560612e-07,1.0,1.1818925571560612e-07,0.0006757157971151173,0.003966254182159901,0.013534602709114552,0.037531014531850815,0.09423769265413284,0.24716447293758392,0.5,0.5603687763214111,1.0,1.0
4,3090,25000,0.30975544452667236,0.3725779354572296,1.1403015065525324e-07,1.0,1.1403015065525324e-07,0.0006766612059436738,0.003959793131798506,0.013636418618261814,0.037552472203969955,0.094875767827034,0.2470034509897232,0.5,0.5600000023841858,1.0,1.0
4,3100,25000,0.3097568154335022,0.3726886510848999,1.1545878209062721e-07,1.0,1.1545878209062721e-07,0.0006812791689299047,0.003941482398658991,0.013441678136587143,0.037374574691057205,0.09382544457912445,0.24795924127101898,0.5,0.5600000023841858,1.0,1.0
4,3110,25000,0.3097486197948456,0.37268179655075073,1.1071286110109213e-07,1.0,1.1071286110109213e-07,0.000677693635225296,0.003936082124710083,0.013548437505960464,0.03759874403476715,0.09376619756221771,0.24588243663311005,0.5,0.5612978935241699,1.0,1.0
4,3120,25000,0.3098164498806,0.37270137667655945,9.798115030434928e-08,1.0,9.798115030434928e-08,0.0006830868660472333,0.003954307176172733,0.01341116800904274,0.037373121827840805,0.09378485381603241,0.24665947258472443,0.5,0.5600000023841858,1.0,1.0
4,3130,25000,0.30973881483078003,0.37263259291648865,1.4128809766589256e-07,1.0,1.4128809766589256e-07,0.0006701668608002365,0.003942758776247501,0.013442778028547764,0.03732846677303314,0.09547276049852371,0.24472272396087646,0.5,0.5608603954315186,1.0,1.0
4,3140,25000,0.3099052906036377,0.3726804554462433,1.0058899135856336e-07,1.0,1.0058899135856336e-07,0.0006878426647745073,0.003952816128730774,0.013362180441617966,0.03744654357433319,0.09467048943042755,0.24713227152824402,0.5,0.5600350499153137,1.0,1.0
4,3150,25000,0.30988478660583496,0.37267032265663147,1.2866308907177881e-07,1.0,1.2866308907177881e-07,0.0006835203384980559,0.003933427389711142,0.013424486853182316,0.037323758006095886,0.09406890720129013,0.24667048454284668,0.5,0.5600000023841858,1.0,1.0
4,3160,25000,0.3098810613155365,0.37265288829803467,1.4643744350451016e-07,1.0,1.4643744350451016e-07,0.000675607065204531,0.003949644509702921,0.013439110480248928,0.037485357373952866,0.09418123960494995,0.2462451159954071,0.5,0.560097873210907,1.0,1.0
4,3170,25000,0.3099561333656311,0.3726525604724884,1.3399608178588096e-07,1.0,1.3399608178588096e-07,0.0006749310414306819,0.003946190699934959,0.01351187378168106,0.03778037428855896,0.09540480375289917,0.2478121817111969,0.5,0.5600000023841858,1.0,1.0
4,3180,25000,0.3098534941673279,0.3726637065410614,1.1652793574512543e-07,1.0,1.1652793574512543e-07,0.0006801700801588595,0.003950789570808411,0.013440059497952461,0.03722545877099037,0.09457041323184967,0.2462794929742813,0.5,0.5612074136734009,1.0,1.0
4,3190,25000,0.3097449243068695,0.37269601225852966,1.040315780187484e-07,1.0,1.040315780187484e-07,0.0006809073383919895,0.00398273766040802,0.013524886220693588,0.037111178040504456,0.09435564279556274,0.24793711304664612,0.5,0.5600035190582275,1.0,1.0
4,3200,25000,0.30989232659339905,0.3726406693458557,1.235511177810622e-07,1.0,1.235511177810622e-07,0.0006692826282233,0.003962656483054161,0.013432144187390804,0.03730778023600578,0.09433656185865402,0.2480115443468094,0.5,0.5600000023841858,1.0,1.0
4,3210,25000,0.30979570746421814,0.37262848019599915,1.0404650652162672e-07,1.0,1.0404650652162672e-07,0.0006881112931296229,0.003965564072132111,0.013501737266778946,0.037430547177791595,0.09458605945110321,0.2474796324968338,0.5,0.5601876974105835,1.0,1.0
4,3220,25000,0.3100276589393616,0.37268203496932983,1.195235341810985e-07,1.0,1.195235341810985e-07,0.0006897789426147938,0.003961933311074972,0.013473386876285076,0.03747885301709175,0.09421420097351074,0.24864618480205536,0.5,0.5607880353927612,1.0,1.0
4,3230,25000,0.3098825514316559,0.37263205647468567,1.444978749987058e-07,1.0,1.444978749987058e-07,0.0006714252522215247,0.00393632659688592,0.013366111554205418,0.03721918538212776,0.0948941707611084,0.2462877333164215,0.5,0.5600000023841858,1.0,1.0
4,3240,25000,0.30983835458755493,0.3726714551448822,1.4508786705391685e-07,1.0,1.4508786705391685e-07,0.0006821834249421954,0.00396518362686038,0.013483630493283272,0.037157949060201645,0.09461304545402527,0.24654199182987213,0.5,0.5621218681335449,1.0,1.0
4,3250,25000,0.30988648533821106,0.37267473340034485,1.080496261351982e-07,1.0,1.080496261351982e-07,0.000667185930069536,0.003970121033489704,0.013387910090386868,0.037187010049819946,0.09427773952484131,0.24728715419769287,0.5,0.5616427659988403,1.0,1.0
4,3260,25000,0.309940367937088,0.37264636158943176,1.290587903213236e-07,1.0,1.290587903213236e-07,0.0006823032163083553,0.003961505368351936,0.013509183190762997,0.037447426468133926,0.0941653698682785,0.24894475936889648,0.5,0.5614522695541382,1.0,1.0
4,3270,25000,0.30975374579429626,0.37263011932373047,1.1739268046540019e-07,1.0,1.1739268046540019e-07,0.0006699408986605704,0.003957419656217098,0.013570628128945827,0.0374881848692894,0.09417223930358887,0.2484269142150879,0.5,0.5600000023841858,1.0,1.0
4,3280,25000,0.30994170904159546,0.3726574182510376,1.1588268478135433e-07,1.0,1.1588268478135433e-07,0.0006780507392250001,0.003924874123185873,0.013505383394658566,0.03713127598166466,0.0951591432094574,0.24744750559329987,0.5,0.5606948733329773,1.0,1.0
4,3290,25000,0.30979204177856445,0.37270012497901917,1.2993827169793803e-07,1.0,1.2993827169793803e-07,0.0006760894902981818,0.0039308867417275906,0.013422040268778801,0.03753713145852089,0.09475065767765045,0.24540333449840546,0.5,0.5600000023841858,1.0,1.0
4,3300,25000,0.30997374653816223,0.3726590871810913,1.2852730435497506e-07,1.0,1.2852730435497506e-07,0.0006835983949713409,0.003915578126907349,0.01360790804028511,0.03756098449230194,0.09447032958269119,0.2459430992603302,0.5,0.5600000023841858,1.0,1.0
4,3310,25000,0.3097790479660034,0.3726242482662201,1.2499234003371384e-07,1.0,1.2499234003371384e-07,0.0006732904585078359,0.003915674053132534,0.013603773899376392,0.03743869811296463,0.09480424225330353,0.2466561198234558,0.5,0.5615102648735046,1.0,1.0
4,3320,25000,0.3097338378429413,0.3726497292518616,1.2314274044911144e-07,1.0,1.2314274044911144e-07,0.0006866976036690176,0.003892228240147233,0.01351318508386612,0.037157636135816574,0.09387768805027008,0.2471560537815094,0.5,0.5600000023841858,1.0,1.0
4,3330,25000,0.30993351340293884,0.3725283145904541,1.4598278141875198e-07,1.0,1.4598278141875198e-07,0.0006750106113031507,0.003919699229300022,0.013456271030008793,0.03760188817977905,0.09524896740913391,0.24732336401939392,0.5,0.5600000023841858,1.0,1.0
4,3340,25000,0.30993250012397766,0.3727175295352936,1.1801367350017244e-07,1.0,1.1801367350017244e-07,0.0006731104804202914,0.0039518591947853565,0.013474562205374241,0.03773713484406471,0.09454219043254852,0.24725531041622162,0.5,0.5619153380393982,1.0,1.0
4,3350,25000,0.30984577536582947,0.3726654350757599,1.0540490080757081e-07,1.0,1.0540490080757081e-07,0.0006833281950093806,0.0038959309458732605,0.01353849284350872,0.037265241146087646,0.09485365450382233,0.2470654547214508,0.5,0.5629530549049377,1.0,1.0
4,3360,25000,0.30984219908714294,0.3726416528224945,1.4203470755091985e-07,1.0,1.4203470755091985e-07,0.0006818979163654149,0.0039777597412467,0.013507390394806862,0.03761812672019005,0.09406594187021255,0.24660302698612213,0.5,0.5600000023841858,1.0,1.0
4,3370,25000,0.3098667562007904,0.3726828396320343,1.3814427290981257e-07,1.0,1.3814427290981257e-07,0.00066649034852162,0.003962167538702488,0.013452201150357723,0.03724756836891174,0.0952061340212822,0.2457754760980606,0.5,0.5614498853683472,1.0,1.0
4,3380,25000,0.31006044149398804,0.3727000057697296,1.3223171890786034e-07,1.0,1.3223171890786034e-07,0.0006869484786875546,0.003955469466745853,0.013376141898334026,0.03751957044005394,0.09484584629535675,0.24696750938892365,0.5,0.5614415407180786,1.0,1.0
4,3390,25000,0.3100298047065735,0.37259796261787415,1.0426535368424084e-07,1.0,1.0426535368424084e-07,0.0006692763417959213,0.0038996899966150522,0.013486895710229874,0.037373218685388565,0.09514375030994415,0.24882693588733673,0.5,0.5600000023841858,1.0,1.0
4,3400,25000,0.3098280727863312,0.3726781904697418,1.5656486596071773e-07,1.0,1.5656486596071773e-07,0.0006761992117390037,0.003938551060855389,0.013540424406528473,0.03751884400844574,0.0943109467625618,0.24624884128570557,0.5,0.562083899974823,1.0,1.0
4,3410,25000,0.30984529852867126,0.37268194556236267,1.2008493399662257e-07,1.0,1.2008493399662257e-07,0.0006732391193509102,0.0039114453829824924,0.013440362177789211,0.037376340478658676,0.09490399062633514,0.24632269144058228,0.5,0.5633951425552368,1.0,1.0
4,3420,25000,0.30992600321769714,0.37270280718803406,1.2847280572714226e-07,1.0,1.2847280572714226e-07,0.0006816648528911173,0.0039059205446392298,0.013336694799363613,0.03751461207866669,0.09462891519069672,0.24693135917186737,0.5,0.5637110471725464,1.0,1.0
4,3430,25000,0.3099105954170227,0.372691810131073,1.080681428788921e-07,1.0,1.080681428788921e-07,0.0006650358554907143,0.0039650327526032925,0.013455229811370373,0.0372462198138237,0.09412798285484314,0.24615155160427094,0.5,0.5600000023841858,1.0,1.0
4,3440,25000,0.30979108810424805,0.3727021813392639,1.2528070669759472e-07,1.0,1.2528070669759472e-07,0.0006755393696948886,0.003920830320566893,0.01341454777866602,0.03747451305389404,0.09454856067895889,0.24634712934494019,0.5,0.5616607069969177,1.0,1.0
4,3450,25000,0.3098771274089813,0.37263429164886475,1.1218961759595913e-07,1.0,1.1218961759595913e-07,0.0006788226310163736,0.0039172605611383915,0.013465414755046368,0.037630386650562286,0.09476888179779053,0.24653342366218567,0.5,0.560876190662384,1.0,1.0
4,3460,25000,0.30991944670677185,0.37269967794418335,1.2398292881243833e-07,1.0,1.2398292881243833e-07,0.0006721902755089104,0.003910570405423641,0.013511215336620808,0.037390563637018204,0.09413143992424011,0.24539993703365326,0.5,0.5601869225502014,1.0,1.0
4,3470,25000,0.3098899722099304,0.3727092444896698,1.0955857732142249e-07,1.0,1.0955857732142249e-07,0.0006693748873658478,0.00392578961327672,0.013425060547888279,0.03742524981498718,0.09426424652338028,0.24830789864063263,0.5,0.5638516545295715,1.0,1.0
4,3480,25000,0.3098739981651306,0.37261807918548584,1.1424572932128285e-07,1.0,1.1424572932128285e-07,0.0006837103283032775,0.003937406465411186,0.013502196408808231,0.037578366696834564,0.09445109963417053,0.24831034243106842,0.5,0.5600000023841858,1.0,1.0
4,3490,25000,0.30987390875816345,0.37267887592315674,1.17198013072084e-07,1.0,1.17198013072084e-07,0.0006689438596367836,0.003969848155975342,0.01348439883440733,0.03766748681664467,0.09470558166503906,0.24633556604385376,0.5,0.5604154467582703,1.0,1.0
4,3500,25000,0.3100365400314331,0.37266337871551514,1.3159856848687923e-07,1.0,1.3159856848687923e-07,0.0006774731446057558,0.003963865805417299,0.013561943545937538,0.03757164254784584,0.09463369846343994,0.2467963993549347,0.5,0.5615866780281067,1.0,1.0
4,3510,25000,0.30999618768692017,0.3727712631225586,1.2578524888340326e-07,1.0,1.2578524888340326e-07,0.0006739688105881214,0.0039185406640172005,0.013348821550607681,0.037486638873815536,0.09410695731639862,0.24828138947486877,0.5,0.5629352927207947,1.0,1.0
4,3520,25000,0.30979984998703003,0.3726390302181244,1.1361060359149633e-07,1.0,1.1361060359149633e-07,0.0006781085394322872,0.003934281412512064,0.013485652394592762,0.03751036897301674,0.09476829320192337,0.2462196946144104,0.5,0.5624874234199524,1.0,1.0
4,3530,25000,0.309891015291214,0.37270116806030273,1.0480169265747463e-07,1.0,1.0480169265747463e-07,0.0006870577344670892,0.0039646620862185955,0.013507177121937275,0.03738654404878616,0.09418253600597382,0.2461833655834198,0.5,0.5636348128318787,1.0,1.0
4,3540,25000,0.309874027967453,0.3726324141025543,1.1653529696786791e-07,1.0,1.1653529696786791e-07,0.0006768259918317199,0.0039967140182852745,0.013592428527772427,0.03763195127248764,0.09518346190452576,0.24627624452114105,0.5,0.5600000023841858,1.0,1.0
4,3550,25000,0.30990827083587646,0.3726220726966858,1.2487859635257337e-07,1.0,1.2487859635257337e-07,0.000670711393468082,0.003897211980074644,0.01362188532948494,0.03724595531821251,0.09439784288406372,0.24623611569404602,0.5,0.5600000023841858,1.0,1.0
4,3560,25000,0.30986616015434265,0.3726534843444824,1.1949352085594e-07,1.0,1.1949352085594e-07,0.000674347160384059,0.0039709205739200115,0.013641268946230412,0.03770211711525917,0.09507273137569427,0.24561870098114014,0.5,0.5601010322570801,1.0,1.0
4,3570,25000,0.31001782417297363,0.3726620376110077,1.0455208609982947e-07,1.0,1.0455208609982947e-07,0.0006942995823919773,0.0039682346396148205,0.013392046093940735,0.03758418560028076,0.09484775364398956,0.24695543944835663,0.5,0.5601553320884705,1.0,1.0
4,3580,25000,0.30986544489860535,0.37276819348335266,1.0260149707619348e-07,1.0,1.0260149707619348e-07,0.0006792012136429548,0.0039548249915242195,0.013570405542850494,0.03747352957725525,0.09440191090106964,0.24498212337493896,0.5,0.5633427500724792,1.0,1.0
4,3590,25000,0.30992361903190613,0.3726706802845001,1.2828824935695593e-07,1.0,1.2828824935695593e-07,0.0006758052622899413,0.003918898291885853,0.013491365127265453,0.037202030420303345,0.09485211968421936,0.24752873182296753,0.5,0.5610666275024414,1.0,1.0
4,3600,25000,0.30988040566444397,0.3726939857006073,1.1556325318906602e-07,1.0,1.1556325318906602e-07,0.0006717591313645244,0.003954804968088865,0.013497570529580116,0.03739990293979645,0.09409528970718384,0.24759894609451294,0.5,0.5613316893577576,1.0,1.0
4,3610,25000,0.3099496066570282,0.37261131405830383,1.0483869061772566e-07,1.0,1.0483869061772566e-07,0.0006884690374135971,0.003957138862460852,0.01361194346100092,0.03778327628970146,0.09485778957605362,0.24602936208248138,0.5,0.5600000023841858,1.0,1.0
4,3620,25000,0.3099786341190338,0.3727525472640991,1.2984573061203264e-07,1.0,1.2984573061203264e-07,0.0006819589179940522,0.003952598664909601,0.013503245078027248,0.037632692605257034,0.09447188675403595,0.2468094676733017,0.5,0.5620290040969849,1.0,1.0
4,3630,25000,0.3097018599510193,0.3726423680782318,1.2629386958451505e-07,1.0,1.2629386958451505e-07,0.0006784927099943161,0.003965982235968113,0.013588586822152138,0.03738121688365936,0.09357865154743195,0.24670280516147614,0.5,0.5600000023841858,1.0,1.0
4,3640,25000,0.3099423050880432,0.3727191984653473,1.3684793032098241e-07,1.0,1.3684793032098241e-07,0.0006780014373362064,0.00394176272675395,0.0135242510586977,0.03781257942318916,0.09394145011901855,0.24683207273483276,0.5,0.5618849396705627,1.0,1.0
4,3650,25000,0.30990204215049744,0.37264108657836914,1.2653018188757414e-07,1.0,1.2653018188757414e-07,0.000676354335155338,0.0039623877964913845,0.013344853185117245,0.03754739463329315,0.09477610886096954,0.24608561396598816,0.5,0.5616187453269958,1.0,1.0
4,3660,25000,0.3099226951599121,0.372628778219223,1.2149732242505706e-07,1.0,1.2149732242505706e-07,0.0006643391097895801,0.003917986061424017,0.01339278370141983,0.03758372366428375,0.09416221082210541,0.24748903512954712,0.5,0.5600000023841858,1.0,1.0
4,3670,25000,0.30991825461387634,0.3726263642311096,1.0297760155708602e-07,1.0,1.0297760155708602e-07,0.0006770394975319505,0.003959416411817074,0.01337982714176178,0.03784594312310219,0.09449633955955505,0.2464814931154251,0.5,0.5603104829788208,1.0,1.0
4,3680,25000,0.30983835458755493,0.372639924287796,1.3535067466818873e-07,1.0,1.3535067466818873e-07,0.0006705178529955447,0.00392608018592,0.013462874107062817,0.03731286898255348,0.09447570145130157,0.24759404361248016,0.5,0.5600000023841858,1.0,1.0
4,3690,25000,0.30978304147720337,0.37265926599502563,1.3050338054654276e-07,1.0,1.3050338054654276e-07,0.0006768700550310314,0.003932773135602474,0.013494053855538368,0.03748803585767746,0.09444386512041092,0.2455502599477768,0.5,0.5607168674468994,1.0,1.0
4,3700,25000,0.3098190724849701,0.37264660000801086,1.3069698923118267e-07,1.0,1.3069698923118267e-07,0.0006796083762310445,0.003974617458879948,0.013437272049486637,0.03742898255586624,0.09406999498605728,0.24629387259483337,0.5,0.5605732202529907,1.0,1.0
4,3710,25000,0.3097894489765167,0.3726782500743866,1.1811849276455177e-07,1.0,1.1811849276455177e-07,0.0006689736037515104,0.003970861900597811,0.013402373529970646,0.03756238520145416,0.09390164911746979,0.2467874437570572,0.5,0.5600572228431702,1.0,1.0
4,3720,25000,0.31001031398773193,0.3727099597454071,1.1721637349637604e-07,1.0,1.1721637349637604e-07,0.0006743446574546397,0.00396043062210083,0.013472383841872215,0.037667445838451385,0.094341941177845,0.2479904443025589,0.5,0.5651460289955139,1.0,1.0
4,3730,25000,0.3099210262298584,0.37267056107521057,1.1364979712880086e-07,1.0,1.1364979712880086e-07,0.0006730175809934735,0.003931100480258465,0.013585551641881466,0.03750007227063179,0.09434167295694351,0.24713779985904694,0.5,0.5601344108581543,1.0,1.0
4,3740,25000,0.3099227249622345,0.37268197536468506,1.2294137263779703e-07,1.0,1.2294137263779703e-07,0.0006785701843909919,0.003951713442802429,0.013357828371226788,0.03765610232949257,0.09469999372959137,0.24657581746578217,0.5,0.5600000023841858,1.0,1.0
4,3750,25000,0.3099278211593628,0.37271353602409363,1.2330505683166848e-07,1.0,1.2330505683166848e-07,0.000682610203512013,0.00395813025534153,0.013558294624090195,0.03739398345351219,0.09427481889724731,0.24737097322940826,0.5,0.5600000023841858,1.0,1.0
4,3760,25000,0.3098912537097931,0.37265321612358093,1.2126847082072345e-07,1.0,1.2126847082072345e-07,0.000689745123963803,0.003951789811253548,0.013413596898317337,0.03779660165309906,0.09426609426736832,0.24663914740085602,0.5,0.561395525932312,1.0,1.0
4,3770,25000,0.3099737763404846,0.37263113260269165,1.2994605924632197e-07,1.0,1.2994605924632197e-07,0.0006694564945064485,0.0038989258464425802,0.013517060317099094,0.03739173337817192,0.094936802983284,0.24764704704284668,0.5,0.560291588306427,1.0,1.0
4,3780,25000,0.30974891781806946,0.37270674109458923,1.192181144915594e-07,1.0,1.192181144915594e-07,0.0006607575924135745,0.003921638708561659,0.013460957445204258,0.03756190836429596,0.09387767314910889,0.24656686186790466,0.5,0.5620055198669434,1.0,1.0
4,3790,25000,0.3098287880420685,0.3727274537086487,1.1782825737327585e-07,1.0,1.1782825737327585e-07,0.0006813379586674273,0.003927189856767654,0.01349800918251276,0.037515588104724884,0.09458011388778687,0.24521218240261078,0.5,0.5607457160949707,1.0,1.0
4,3800,25000,0.3097202479839325,0.37266576290130615,1.1867532379028489e-07,1.0,1.1867532379028489e-07,0.0006694194162264466,0.003909806255251169,0.01346583105623722,0.037419021129608154,0.09390600025653839,0.24715843796730042,0.5,0.5600000023841858,1.0,1.0
4,3810,25000,0.3098085820674896,0.37267157435417175,1.2880887823030207e-07,1.0,1.2880887823030207e-07,0.0006750277243554592,0.0039558750577270985,0.013381170108914375,0.03762282431125641,0.09387488663196564,0.24643902480602264,0.5,0.5604484677314758,1.0,1.0
4,3820,25000,0.30983462929725647,0.37268200516700745,1.2587477726810903e-07,1.0,1.2587477726810903e-07,0.0006713321781717241,0.003918929025530815,0.013534055091440678,0.037647150456905365,0.09442366659641266,0.24695450067520142,0.5,0.5625721216201782,1.0,1.0
4,3830,25000,0.30984756350517273,0.37261322140693665,9.186045701881085e-08,1.0,9.186045701881085e-08,0.0006790277548134327,0.003963044378906488,0.01345706358551979,0.03741627186536789,0.09494231641292572,0.24503003060817719,0.5,0.5601219534873962,1.0,1.0
4,3840,25000,0.3099380135536194,0.3727004826068878,1.2778308189353993e-07,1.0,1.2778308189353993e-07,0.0006685833213850856,0.00398767227306962,0.013532367534935474,0.037615783512592316,0.09487493336200714,0.24550439417362213,0.5,0.5656291246414185,1.0,1.0
4,3850,25000,0.3099406063556671,0.37267518043518066,1.2958069817159412e-07,1.0,1.2958069817159412e-07,0.0006816055392846465,0.003958925139158964,0.013456013984978199,0.03759514540433884,0.09467756748199463,0.24702714383602142,0.5,0.56093430519104,1.0,1.0
4,3860,25000,0.30993279814720154,0.3726116716861725,1.1572852542940382e-07,1.0,1.1572852542940382e-07,0.0006894547841511667,0.00393308699131012,0.013476555235683918,0.03736856207251549,0.09456109255552292,0.24652515351772308,0.5,0.5600000023841858,1.0,1.0
4,3870,25000,0.30990830063819885,0.3726594150066376,1.218084690890464e-07,1.0,1.218084690890464e-07,0.0006718540680594742,0.003920415882021189,0.013534775003790855,0.03746996074914932,0.09439773857593536,0.24725452065467834,0.5,0.5614789128303528,1.0,1.0
4,3880,25000,0.3098633885383606,0.37273091077804565,1.2692505890754546e-07,1.0,1.2692505890754546e-07,0.0006820817943662405,0.00395141402259469,0.013601255603134632,0.03770984336733818,0.09430479258298874,0.24457912147045135,0.5,0.5628689527511597,1.0,1.0
4,3890,25000,0.3099680244922638,0.3726503551006317,1.2960092021785385e-07,1.0,1.2960092021785385e-07,0.0006876782281324267,0.003986706957221031,0.01344374194741249,0.03764234855771065,0.09477479755878448,0.24674661457538605,0.5,0.5600002408027649,1.0,1.0
4,3900,25000,0.30983272194862366,0.37264323234558105,1.363867880854741e-07,1.0,1.363867880854741e-07,0.0006732831243425608,0.003915050067007542,0.013319645076990128,0.03728239983320236,0.09469804912805557,0.24869219958782196,0.5,0.5602216124534607,1.0,1.0
4,3910,25000,0.3097606301307678,0.37263500690460205,1.4310980134268902e-07,1.0,1.4310980134268902e-07,0.0006790201878175139,0.003880277508869767,0.01352107897400856,0.03754134103655815,0.0944061130285263,0.24633006751537323,0.5,0.5600000023841858,1.0,1.0
4,3920,25000,0.3098212778568268,0.37271055579185486,1.1559536261529502e-07,1.0,1.1559536261529502e-07,0.000675816205330193,0.003928510006517172,0.013377523981034756,0.037207163870334625,0.09477359056472778,0.24692195653915405,0.5,0.5617927312850952,1.0,1.0
4,3930,25000,0.3099074363708496,0.3726845383644104,1.3819413879900821e-07,1.0,1.3819413879900821e-07,0.0006757513619959354,0.003947589546442032,0.013470903970301151,0.03768283873796463,0.09498093277215958,0.24714604020118713,0.5,0.560385525226593,1.0,1.0
4,3940,25000,0.3098553717136383,0.3726367652416229,1.1946895028813742e-07,1.0,1.1946895028813742e-07,0.0006604960653930902,0.0038877464830875397,0.013518950901925564,0.03737786412239075,0.09461094439029694,0.2465754747390747,0.5,0.5600000023841858,1.0,1.0
4,3950,25000,0.30995094776153564,0.37263861298561096,1.0666706629081091e-07,1.0,1.0666706629081091e-07,0.0006750838365405798,0.003970410209149122,0.013720390386879444,0.03764369711279869,0.09421510994434357,0.24763977527618408,0.5,0.5607380270957947,1.0,1.0
4,3960,25000,0.30984699726104736,0.3727070689201355,1.2504546020863927e-07,1.0,1.2504546020863927e-07,0.0006813190993852913,0.003935153596103191,0.013600938953459263,0.03747623413801193,0.09386205673217773,0.24698320031166077,0.5,0.5611549019813538,1.0,1.0
4,3970,25000,0.30974432826042175,0.3726978302001953,9.626677410778939e-08,1.0,9.626677410778939e-08,0.00067873764783144,0.003976647276431322,0.01346028782427311,0.037406761199235916,0.09429627656936646,0.24591073393821716,0.5,0.5622037053108215,1.0,1.0
4,3980,25000,0.30987051129341125,0.37271037697792053,1.1565378343902921e-07,1.0,1.1565378343902921e-07,0.0006791676278226078,0.003953557461500168,0.013407613150775433,0.037153054028749466,0.09423865377902985,0.24587863683700562,0.5,0.5617597103118896,1.0,1.0
4,3990,25000,0.3100093603134155,0.37268438935279846,1.1268065236436087e-07,1.0,1.1268065236436087e-07,0.0006667430861853063,0.003982253838330507,0.013485481962561607,0.03760811686515808,0.09473849833011627,0.24813324213027954,0.5,0.5608952045440674,1.0,1.0
4,4000,25000,0.3099307417869568,0.37269240617752075,1.4241749113352853e-07,1.0,1.4241749113352853e-07,0.0006794018554501235,0.003976764623075724,0.013443701900541782,0.037196993827819824,0.09468042850494385,0.2469804286956787,0.5,0.5633569955825806,1.0,1.0
4,4010,25000,0.30983835458755493,0.37266892194747925,1.386180485951627e-07,1.0,1.386180485951627e-07,0.0006726584979332983,0.003945896402001381,0.013503290712833405,0.0371851846575737,0.09442977607250214,0.24788014590740204,0.5,0.5600000023841858,1.0,1.0
4,4020,25000,0.3098667562007904,0.3726422190666199,1.4510675327983336e-07,1.0,1.4510675327983336e-07,0.0006899792933836579,0.0039111715741455555,0.013364273123443127,0.03755691275000572,0.09436914324760437,0.2468782365322113,0.5,0.5623059868812561,1.0,1.0
4,4030,25000,0.30994170904159546,0.37272974848747253,1.2062299958870426e-07,1.0,1.2062299958870426e-07,0.0006810639752075076,0.00389465712942183,0.01353210024535656,0.03754326328635216,0.09427924454212189,0.24587887525558472,0.5,0.5624334812164307,1.0,1.0
4,4040,25000,0.30985209345817566,0.37267956137657166,1.1880537442721106e-07,1.0,1.1880537442721106e-07,0.0006843158043920994,0.0038978673983365297,0.013422324322164059,0.03745580464601517,0.09422577917575836,0.245783269405365,0.5,0.5602472424507141,1.0,1.0
4,4050,25000,0.3099604845046997,0.37271299958229065,1.0938293115714259e-07,1.0,1.0938293115714259e-07,0.0006741559482179582,0.003928421065211296,0.013395027257502079,0.03739292174577713,0.0939042866230011,0.24729318916797638,0.5,0.5631633400917053,1.0,1.0
4,4060,25000,0.3099061846733093,0.3726777136325836,1.0581832299294547e-07,1.0,1.0581832299294547e-07,0.0006800479022786021,0.004008366726338863,0.01338980719447136,0.03790624439716339,0.09408396482467651,0.24763204157352448,0.5,0.5600000023841858,1.0,1.0
4,4070,25000,0.3099266290664673,0.3727251887321472,1.1446976344586801e-07,1.0,1.1446976344586801e-07,0.0006556164589710534,0.003970239777117968,0.01340946089476347,0.03730398043990135,0.09437629580497742,0.24763430655002594,0.5,0.5628387331962585,1.0,1.0
4,4080,25000,0.30989915132522583,0.37272903323173523,9.930754174547474e-08,1.0,9.930754174547474e-08,0.0006890071672387421,0.003954680170863867,0.01361175812780857,0.03744549676775932,0.09432226419448853,0.24600164592266083,0.5,0.5630823373794556,1.0,1.0
4,4090,25000,0.30997470021247864,0.37271955609321594,1.0673862504972931e-07,1.0,1.0673862504972931e-07,0.0006674070609733462,0.003965870011597872,0.013585728593170643,0.0374230332672596,0.0945190042257309,0.24810880422592163,0.5,0.5613025426864624,1.0,1.0
4,4100,25000,0.30990296602249146,0.37270066142082214,1.3772725537819497e-07,1.0,1.3772725537819497e-07,0.0006794210057705641,0.0038833313155919313,0.013305263593792915,0.03723733872175217,0.09445412456989288,0.2474205493927002,0.5,0.5630524158477783,1.0,1.0
4,4110,25000,0.310000479221344,0.3727686107158661,1.1639610875135986e-07,1.0,1.1639610875135986e-07,0.0006759691168554127,0.003912466112524271,0.013525531627237797,0.037591345608234406,0.09422144293785095,0.24555116891860962,0.5,0.563441812992096,1.0,1.0
4,4120,25000,0.30990371108055115,0.3727036714553833,1.145389774137584e-07,1.0,1.145389774137584e-07,0.0006785687291994691,0.00393232936039567,0.013411782681941986,0.037449538707733154,0.09505468606948853,0.2455274760723114,0.5,0.5623235702514648,1.0,1.0
4,4130,25000,0.30993300676345825,0.37268495559692383,1.3022189193634404e-07,1.0,1.3022189193634404e-07,0.0006803210126236081,0.003932186868041754,0.013524330221116543,0.03741253539919853,0.0944635421037674,0.24732424318790436,0.5,0.5615223050117493,1.0,1.0
4,4140,25000,0.3099762499332428,0.37265750765800476,1.3438020118883287e-07,1.0,1.3438020118883287e-07,0.0006740079261362553,0.003921505529433489,0.013604794628918171,0.037519220262765884,0.09518717229366302,0.24725425243377686,0.5,0.5600000023841858,1.0,1.0
4,4150,25000,0.30984261631965637,0.372724711894989,1.3530861053823173e-07,1.0,1.3530861053823173e-07,0.0006846497417427599,0.0039501977153122425,0.013532064855098724,0.03709559515118599,0.09465846419334412,0.24653147161006927,0.5,0.561797559261322,1.0,1.0
4,4160,25000,0.30992719531059265,0.3727182149887085,1.4947788429253706e-07,1.0,1.4947788429253706e-07,0.0006791242631152272,0.003952523693442345,0.013469384983181953,0.03767934814095497,0.0945938229560852,0.24811166524887085,0.5,0.5607510209083557,1.0,1.0
4,4170,25000,0.30977311730384827,0.3726496696472168,1.4663096692402178e-07,1.0,1.4663096692402178e-07,0.0006630622665397823,0.00392123032361269,0.013350541703402996,0.037449996918439865,0.09488356113433838,0.24687924981117249,0.5,0.5600000023841858,1.0,1.0
4,4180,25000,0.3098294138908386,0.3726606070995331,1.0052804100268986e-07,1.0,1.0052804100268986e-07,0.0006762613775208592,0.00391924986615777,0.013433565385639668,0.037541233003139496,0.09463562071323395,0.2475532442331314,0.5,0.5600000023841858,1.0,1.0
4,4190,25000,0.30986109375953674,0.37264788150787354,1.3944757881745318e-07,1.0,1.3944757881745318e-07,0.0006862559821456671,0.003944280557334423,0.013494773767888546,0.03745996952056885,0.09512987732887268,0.24747450649738312,0.5,0.5600000023841858,1.0,1.0
4,4200,25000,0.3097955286502838,0.3726729452610016,1.1399274058021547e-07,1.0,1.1399274058021547e-07,0.000687512569129467,0.003960680682212114,0.013459624722599983,0.037304073572158813,0.09451450407505035,0.2474396675825119,0.5,0.5607263445854187,1.0,1.0
4,4210,25000,0.3098340332508087,0.372651606798172,1.2390557913022349e-07,1.0,1.2390557913022349e-07,0.00066814583260566,0.003946362994611263,0.013543072156608105,0.037374235689640045,0.0944342315196991,0.24703210592269897,0.5,0.5600000023841858,1.0,1.0
4,4220,25000,0.3098665475845337,0.37272241711616516,1.3994733194522269e-07,1.0,1.3994733194522269e-07,0.00067025056341663,0.003983560483902693,0.013520622625946999,0.037489451467990875,0.09401118755340576,0.24713283777236938,0.5,0.560089647769928,1.0,1.0
4,4230,25000,0.30999019742012024,0.37267813086509705,1.2523172188139142e-07,1.0,1.2523172188139142e-07,0.0006866531330160797,0.003948523197323084,0.013496202416718006,0.03752821311354637,0.09417641907930374,0.24869973957538605,0.5,0.5602357983589172,1.0,1.0
4,4240,25000,0.3099355697631836,0.3727043867111206,1.3325551151410764e-07,1.0,1.3325551151410764e-07,0.0006818632245995104,0.003954137209802866,0.013389138504862785,0.037579331547021866,0.09465362876653671,0.24820734560489655,0.5,0.5619082450866699,1.0,1.0
4,4250,25000,0.30989497900009155,0.37271350622177124,1.396387716567915e-07,1.0,1.396387716567915e-07,0.0006848218035884202,0.003961656708270311,0.013549629598855972,0.03767413645982742,0.094636470079422,0.24681690335273743,0.5,0.5625141859054565,1.0,1.0
4,4260,25000,0.30992943048477173,0.37269189953804016,1.0097315339407942e-07,1.0,1.0097315339407942e-07,0.0006738834781572223,0.0039269523695111275,0.013461766764521599,0.037324972450733185,0.09421680867671967,0.2486017942428589,0.5,0.5600000023841858,1.0,1.0
4,4270,25000,0.3098733723163605,0.3726900517940521,1.272036769250917e-07,1.0,1.272036769250917e-07,0.0006760559044778347,0.003953214734792709,0.01348450779914856,0.03755510598421097,0.09458628296852112,0.24706032872200012,0.5,0.560521125793457,1.0,1.0
4,4280,25000,0.30991360545158386,0.372654527425766,1.423291280389094e-07,1.0,1.423291280389094e-07,0.0006783090066164732,0.003985641989856958,0.013495713472366333,0.03737218677997589,0.09453640878200531,0.24760586023330688,0.5,0.5610659122467041,1.0,1.0
4,4290,25000,0.31008419394493103,0.37266331911087036,1.285459489963614e-07,1.0,1.285459489963614e-07,0.0006791779305785894,0.003927747253328562,0.013606643304228783,0.03746730834245682,0.09437291324138641,0.24811407923698425,0.5,0.5625262260437012,1.0,1.0
4,4300,25000,0.30984991788864136,0.37271395325660706,1.5311313461552345e-07,1.0,1.5311313461552345e-07,0.0006854899693280458,0.003955319058150053,0.013436168432235718,0.03742742910981178,0.09422889351844788,0.24611057341098785,0.5,0.5611772537231445,1.0,1.0
4,4310,25000,0.30984362959861755,0.3726993799209595,1.382846051001252e-07,1.0,1.382846051001252e-07,0.0006788935861550272,0.003957024775445461,0.013317207805812359,0.037457145750522614,0.09398092329502106,0.24675504863262177,0.5,0.5642733573913574,1.0,1.0
4,4320,25000,0.30978384613990784,0.372667521238327,1.1752143080911992e-07,1.0,1.1752143080911992e-07,0.0006835536332800984,0.0039719692431390285,0.01360731665045023,0.03782792016863823,0.09462475776672363,0.24669654667377472,0.5,0.5627480745315552,1.0,1.0
4,4330,25000,0.3099393844604492,0.3726844787597656,1.402433014163762e-07,1.0,1.402433014163762e-07,0.0006739484379068017,0.003938417416065931,0.013447139412164688,0.03770783916115761,0.0946887731552124,0.2462034374475479,0.5,0.5629722476005554,1.0,1.0
4,4340,25000,0.30981412529945374,0.372718870639801,1.331360124368075e-07,1.0,1.331360124368075e-07,0.0006815542583353817,0.0039827218279242516,0.013520191423594952,0.03730348125100136,0.09460791200399399,0.24687743186950684,0.5,0.5603361129760742,1.0,1.0
4,4350,25000,0.3099617063999176,0.3727579414844513,1.7230955506875034e-07,1.0,1.7230955506875034e-07,0.0006857052794657648,0.003976522013545036,0.013475000858306885,0.03712024167180061,0.09489685297012329,0.24699850380420685,0.5,0.5654629468917847,1.0,1.0
4,4360,25000,0.30990204215049744,0.3727452754974365,1.036205929949574e-07,1.0,1.036205929949574e-07,0.0006870218785479665,0.00390847772359848,0.013535741716623306,0.03763584792613983,0.09413833916187286,0.24631206691265106,0.5,0.5628131031990051,1.0,1.0
4,4370,25000,0.3100137710571289,0.37272942066192627,1.400312044097518e-07,1.0,1.400312044097518e-07,0.0006889134529046714,0.003939948510378599,0.013253739103674889,0.03758111223578453,0.09444780647754669,0.2465539127588272,0.5,0.5603755116462708,1.0,1.0
4,4380,25000,0.30998581647872925,0.37270280718803406,1.2299618390443356e-07,1.0,1.2299618390443356e-07,0.0006814745720475912,0.0038913479074835777,0.013412431813776493,0.037570539861917496,0.09463176131248474,0.24801667034626007,0.5,0.5608574748039246,1.0,1.0
4,4390,25000,0.3100108206272125,0.3727204203605652,1.3100734008730797e-07,1.0,1.3100734008730797e-07,0.0006839220877736807,0.003975836560130119,0.013408225029706955,0.03745991364121437,0.09508887678384781,0.24668054282665253,0.5,0.5630282163619995,1.0,1.0
4,4400,25000,0.3098730146884918,0.3727576732635498,1.4507992318613105e-07,1.0,1.4507992318613105e-07,0.0006746714352630079,0.0039517940022051334,0.013408085331320763,0.037479009479284286,0.09407477080821991,0.24605081975460052,0.5,0.5614477396011353,1.0,1.0
4,4410,25000,0.309904545545578,0.3727203607559204,1.406089893407625e-07,1.0,1.406089893407625e-07,0.0006664471002295613,0.0038934266194701195,0.013529143296182156,0.03732507303357124,0.09461361169815063,0.24601350724697113,0.5,0.5620049834251404,1.0,1.0
4,4420,25000,0.31006920337677,0.3727518916130066,1.2600054333233857e-07,1.0,1.2600054333233857e-07,0.0006795472581870854,0.003959599882364273,0.013556706719100475,0.03748911991715431,0.09438054263591766,0.2473473697900772,0.5,0.564252495765686,1.0,1.0
4,4430,25000,0.30995744466781616,0.37269818782806396,1.3469511372932175e-07,1.0,1.3469511372932175e-07,0.0006739157834090292,0.003932700492441654,0.013447859324514866,0.03751653432846069,0.09508301317691803,0.24655891954898834,0.5,0.5600000023841858,1.0,1.0
4,4440,25000,0.3099309206008911,0.3727485239505768,1.1757121143318727e-07,1.0,1.1757121143318727e-07,0.000683644087985158,0.003947045188397169,0.013479053974151611,0.03756437450647354,0.0943719893693924,0.2475055456161499,0.5,0.5613457560539246,1.0,1.0
4,4450,25000,0.30994635820388794,0.372638463973999,1.4324660924103227e-07,1.0,1.4324660924103227e-07,0.0006883881869725883,0.003963387105613947,0.013523220084607601,0.037444405257701874,0.0944179892539978,0.247792050242424,0.5,0.5600000023841858,1.0,1.0
4,4460,25000,0.309932142496109,0.37266430258750916,1.694683646746853e-07,1.0,1.694683646746853e-07,0.0006922658649273217,0.0039536599069833755,0.013527030125260353,0.03743920475244522,0.09419240802526474,0.24759142100811005,0.5,0.5600000023841858,1.0,1.0
4,4470,25000,0.3100433349609375,0.3726978302001953,9.963633118559301e-08,1.0,9.963633118559301e-08,0.0006567194941453636,0.003961339592933655,0.013439295813441277,0.03735791891813278,0.09484780579805374,0.2482832968235016,0.5,0.5664893984794617,1.0,1.0
4,4480,25000,0.3098537027835846,0.3726980686187744,1.18818825001199e-07,1.0,1.18818825001199e-07,0.0006856640102341771,0.003987711854279041,0.013410180807113647,0.037372782826423645,0.09488411247730255,0.24632956087589264,0.5,0.5605975389480591,1.0,1.0
4,4490,25000,0.30985376238822937,0.37275707721710205,1.2889718448150234e-07,1.0,1.2889718448150234e-07,0.0006728337612003088,0.003945242613554001,0.013436364941298962,0.03754261136054993,0.09417983144521713,0.2464725524187088,0.5,0.5617753267288208,1.0,1.0
4,4500,25000,0.30984801054000854,0.37267571687698364,1.0950068229931276e-07,1.0,1.0950068229931276e-07,0.0006884188624098897,0.0039960159920156,0.013620961457490921,0.03777884319424629,0.09450297057628632,0.2476043999195099,0.5,0.5600000023841858,1.0,1.0
4,4510,25000,0.309945285320282,0.37270528078079224,1.0875429978796092e-07,1.0,1.0875429978796092e-07,0.0006863848539069295,0.003963069058954716,0.013598780147731304,0.03738630935549736,0.0945110097527504,0.2476019412279129,0.5,0.56280916929245,1.0,1.0
4,4520,25000,0.30991917848587036,0.37268203496932983,1.1201434801932919e-07,1.0,1.1201434801932919e-07,0.0006827076431363821,0.003948113415390253,0.013524984009563923,0.03752423822879791,0.09479406476020813,0.24626202881336212,0.5,0.5600000023841858,1.0,1.0
4,4530,25000,0.3100111484527588,0.3727121651172638,1.4445456031353388e-07,1.0,1.4445456031353388e-07,0.0006741594988852739,0.003912475425750017,0.013486433774232864,0.03735871985554695,0.09454722702503204,0.248676598072052,0.5,0.5620855689048767,1.0,1.0
4,4540,25000,0.3098347783088684,0.3726847171783447,1.2308439067965082e-07,1.0,1.2308439067965082e-07,0.0006842399016022682,0.003964551258832216,0.013522620312869549,0.037353768944740295,0.09399193525314331,0.24717362225055695,0.5,0.5600000023841858,1.0,1.0
4,4550,25000,0.3099230229854584,0.3727324903011322,1.2916237324134272e-07,1.0,1.2916237324134272e-07,0.0006896367412991822,0.0039224824868142605,0.013551976531744003,0.037266314029693604,0.09435045719146729,0.24671675264835358,0.5,0.5619982481002808,1.0,1.0
4,4560,25000,0.3100832402706146,0.37274369597435,1.1718930181814358e-07,1.0,1.1718930181814358e-07,0.0006716270581819117,0.003968574572354555,0.013555776327848434,0.03773162513971329,0.09482501447200775,0.2476835399866104,0.5,0.5639631748199463,1.0,1.0
4,4570,25000,0.30989882349967957,0.37272909283638,1.0753875301361404e-07,1.0,1.0753875301361404e-07,0.0006698284996673465,0.003936527296900749,0.01345017645508051,0.037132639437913895,0.09453105926513672,0.24836233258247375,0.5,0.5643024444580078,1.0,1.0
4,4580,25000,0.3098791539669037,0.372720330953598,1.2763435108809063e-07,1.0,1.2763435108809063e-07,0.0006706815911456943,0.003909425809979439,0.013549032621085644,0.037563107907772064,0.09496541321277618,0.24630630016326904,0.5,0.5600000023841858,1.0,1.0
4,4590,25000,0.3098696172237396,0.37270388007164,1.215520342157106e-07,1.0,1.215520342157106e-07,0.000677543634083122,0.0039465404115617275,0.013375340029597282,0.03744800016283989,0.09379720687866211,0.2462763637304306,0.5,0.5600597858428955,1.0,1.0
4,4600,25000,0.3099406957626343,0.3727336525917053,1.264124449562587e-07,1.0,1.264124449562587e-07,0.0006774193607270718,0.003907511476427317,0.013650919310748577,0.037475328892469406,0.09415251016616821,0.2482103407382965,0.5,0.5600000023841858,1.0,1.0
4,4610,25000,0.30991989374160767,0.3726949095726013,1.2958092554526957e-07,1.0,1.2958092554526957e-07,0.0006702275131829083,0.00399484857916832,0.013560749590396881,0.03770013526082039,0.0945526510477066,0.24841369688510895,0.5,0.5612908601760864,1.0,1.0
4,4620,25000,0.3099559247493744,0.3726711571216583,1.1994279702776112e-07,1.0,1.1994279702776112e-07,0.0006752509507350624,0.0039159078150987625,0.013419272378087044,0.03799780085682869,0.09444895386695862,0.24796797335147858,0.5,0.5603607296943665,1.0,1.0
4,4630,25000,0.30990082025527954,0.3726761043071747,1.0726583354880859e-07,1.0,1.0726583354880859e-07,0.0006708684959448874,0.00391999538987875,0.013362846337258816,0.03748396039009094,0.09489628672599792,0.24542519450187683,0.5,0.5600000023841858,1.0,1.0
4,4640,25000,0.3098372519016266,0.3726831078529358,1.316962254804821e-07,1.0,1.316962254804821e-07,0.0006860309513285756,0.003951041493564844,0.013759169727563858,0.03747659549117088,0.0941215455532074,0.24717329442501068,0.5,0.5617437958717346,1.0,1.0
4,4650,25000,0.3097071349620819,0.3727244734764099,1.2736086318909656e-07,1.0,1.2736086318909656e-07,0.0006738684023730457,0.00396585650742054,0.01347813755273819,0.037432726472616196,0.09400583803653717,0.24521590769290924,0.5,0.5601312518119812,1.0,1.0
4,4660,25000,0.30985531210899353,0.37272366881370544,1.2166320573214762e-07,1.0,1.2166320573214762e-07,0.0006692773313261569,0.003943513613194227,0.013377889059484005,0.03726714476943016,0.09450723230838776,0.24563287198543549,0.5,0.5630372166633606,1.0,1.0
4,4670,25000,0.30994686484336853,0.37276673316955566,1.2653305248022662e-07,1.0,1.2653305248022662e-07,0.0006789976614527404,0.003943342715501785,0.013441809453070164,0.03751689940690994,0.0941595509648323,0.24610298871994019,0.5,0.5632187724113464,1.0,1.0
4,4680,25000,0.3098162114620209,0.37263715267181396,1.3319018421498185e-07,1.0,1.3319018421498185e-07,0.0006776701775379479,0.003961954265832901,0.013381848111748695,0.03757775202393532,0.09487997740507126,0.24745753407478333,0.5,0.5600000023841858,1.0,1.0
4,4690,25000,0.3098261058330536,0.3727125823497772,1.1368305052883443e-07,1.0,1.1368305052883443e-07,0.0006834464729763567,0.0039417939260602,0.013589330017566681,0.03736016899347305,0.09423145651817322,0.24536001682281494,0.5,0.5631245374679565,1.0,1.0
4,4700,25000,0.3098178207874298,0.37268462777137756,1.2100129254122294e-07,1.0,1.2100129254122294e-07,0.000673774688038975,0.003928199876099825,0.01358790136873722,0.03732075169682503,0.09442426264286041,0.24745218455791473,0.5,0.5601624250411987,1.0,1.0
4,4710,25000,0.30986642837524414,0.3727110028266907,1.2501354262894893e-07,1.0,1.2501354262894893e-07,0.0006721495883539319,0.003901197575032711,0.013379422016441822,0.037649743258953094,0.09424634277820587,0.2478545755147934,0.5,0.5627304911613464,1.0,1.0
4,4720,25000,0.3099633753299713,0.37267905473709106,1.3338576820842718e-07,1.0,1.3338576820842718e-07,0.0006931073148734868,0.0039879921823740005,0.013663116842508316,0.03765467181801796,0.09421952068805695,0.24604228138923645,0.5,0.5613656640052795,1.0,1.0
4,4730,25000,0.3097984492778778,0.3727482557296753,1.2872456522927678e-07,1.0,1.2872456522927678e-07,0.0006844034651294351,0.003957741428166628,0.013495363295078278,0.037164922803640366,0.09383633732795715,0.24597227573394775,0.5,0.5600000023841858,1.0,1.0
4,4740,25000,0.3098793625831604,0.37274879217147827,1.303087060477992e-07,1.0,1.303087060477992e-07,0.0006832511280663311,0.0039714425802230835,0.013465674594044685,0.037207189947366714,0.09443476796150208,0.24501991271972656,0.5,0.5609138011932373,1.0,1.0
4,4750,25000,0.3098968267440796,0.37270721793174744,1.278792467473977e-07,1.0,1.278792467473977e-07,0.0006652332376688719,0.003931074868887663,0.013438881374895573,0.03743962571024895,0.09435059130191803,0.24713200330734253,0.5,0.5600000023841858,1.0,1.0
4,4760,25000,0.30998507142066956,0.3727063238620758,1.6025130378238828e-07,1.0,1.6025130378238828e-07,0.0006870858487673104,0.0039707813411951065,0.013429179787635803,0.037475503981113434,0.09498203545808792,0.24688641726970673,0.5,0.5600000023841858,1.0,1.0
4,4770,25000,0.3098351061344147,0.37275269627571106,1.2764120072006335e-07,1.0,1.2764120072006335e-07,0.0006739986129105091,0.003927244804799557,0.01357005350291729,0.0374898687005043,0.0940878689289093,0.24562612175941467,0.5,0.5628983974456787,1.0,1.0
4,4780,25000,0.3099043071269989,0.3727186322212219,1.4643184442775237e-07,1.0,1.4643184442775237e-07,0.0006795343360863626,0.003932456020265818,0.013384170830249786,0.0373108871281147,0.09445834159851074,0.2474905252456665,0.5,0.5613240003585815,1.0,1.0
4,4790,25000,0.30994147062301636,0.3727610409259796,1.1428226542875564e-07,1.0,1.1428226542875564e-07,0.0006879280554130673,0.003903743578121066,0.013409893959760666,0.03737403452396393,0.09428627043962479,0.2468147575855255,0.5,0.5632025599479675,1.0,1.0
4,4800,25000,0.3099807798862457,0.3727889955043793,1.0860250654332049e-07,1.0,1.0860250654332049e-07,0.0006669334834441543,0.003950322512537241,0.013407277874648571,0.03747430816292763,0.0945625752210617,0.24628892540931702,0.5,0.5671687126159668,1.0,1.0
4,4810,25000,0.30986639857292175,0.3727579414844513,1.4790826696753356e-07,1.0,1.4790826696753356e-07,0.0006811554776504636,0.0039020879194140434,0.013384799472987652,0.03720903396606445,0.09438706934452057,0.2461233288049698,0.5,0.5633888244628906,1.0,1.0
4,4820,25000,0.30975857377052307,0.37267470359802246,1.2828786566387862e-07,1.0,1.2828786566387862e-07,0.000679907388985157,0.003928984049707651,0.0134469885379076,0.03711485117673874,0.09436638653278351,0.24669364094734192,0.5,0.5600000023841858,1.0,1.0
4,4830,25000,0.3098502457141876,0.3726970851421356,1.2055221532136784e-07,1.0,1.2055221532136784e-07,0.0006809940678067505,0.0039360253140330315,0.013532450422644615,0.03738365322351456,0.09374256432056427,0.2464815080165863,0.5,0.562017023563385,1.0,1.0
4,4840,25000,0.30996838212013245,0.3727166950702667,1.1476418393385757e-07,1.0,1.1476418393385757e-07,0.0006799252587370574,0.003926840145140886,0.013356924057006836,0.037723083049058914,0.09400927275419235,0.24752499163150787,0.5,0.5639113783836365,1.0,1.0
4,4850,25000,0.3098638653755188,0.37269556522369385,1.1855321702114452e-07,1.0,1.1855321702114452e-07,0.0006887039635330439,0.00394678907468915,0.01357885729521513,0.03755708783864975,0.09513788670301437,0.24656331539154053,0.5,0.5621830224990845,1.0,1.0
4,4860,25000,0.3099302649497986,0.37266847491264343,1.0419298490660367e-07,1.0,1.0419298490660367e-07,0.0006705696578137577,0.003908488899469376,0.01346405316144228,0.0375978983938694,0.0943092331290245,0.2481389194726944,0.5,0.5605459213256836,1.0,1.0
4,4870,25000,0.3099871575832367,0.3727223873138428,1.1843252423204831e-07,1.0,1.1843252423204831e-07,0.0006798717076890171,0.0039190929383039474,0.013443440198898315,0.037419166415929794,0.09400573372840881,0.24884919822216034,0.5,0.5647803544998169,1.0,1.0
4,4880,25000,0.3098473846912384,0.37272387742996216,1.1598780247368268e-07,1.0,1.1598780247368268e-07,0.0006779585964977741,0.003937693312764168,0.01339918002486229,0.03752705082297325,0.09444344788789749,0.24619676172733307,0.5,0.5615590810775757,1.0,1.0
4,4890,25000,0.3098689317703247,0.37268581986427307,1.3406764765022672e-07,1.0,1.3406764765022672e-07,0.0006753445486538112,0.00395051809027791,0.013551170937716961,0.037462204694747925,0.09434936940670013,0.24484746158123016,0.5,0.5618618130683899,1.0,1.0
4,4900,25000,0.30996590852737427,0.37270671129226685,1.1349958839446117e-07,1.0,1.1349958839446117e-07,0.0006801062845624983,0.003954754676669836,0.01349826343357563,0.03748757019639015,0.09495265036821365,0.2458219975233078,0.5,0.5622907876968384,1.0,1.0
4,4910,25000,0.3099215626716614,0.3726603090763092,1.1965454405071796e-07,1.0,1.1965454405071796e-07,0.000680863275192678,0.004024110268801451,0.013667833060026169,0.0373975969851017,0.09504196792840958,0.24669353663921356,0.5,0.5600000023841858,1.0,1.0
4,4920,25000,0.3100323975086212,0.37275463342666626,1.2992124709398922e-07,1.0,1.2992124709398922e-07,0.0006837965920567513,0.003916462417691946,0.013284093700349331,0.03761352226138115,0.09396117925643921,0.24849309027194977,0.5,0.5653176307678223,1.0,1.0
4,4930,25000,0.30983248353004456,0.3727278709411621,1.2094287171748874e-07,1.0,1.2094287171748874e-07,0.0006712585454806685,0.003883959725499153,0.01354787964373827,0.037316251546144485,0.09351819008588791,0.24639515578746796,0.5,0.5611500144004822,1.0,1.0
4,4940,25000,0.3099553883075714,0.37275293469429016,1.2234080770667788e-07,1.0,1.2234080770667788e-07,0.0006723780534230173,0.003977902699261904,0.013402787037193775,0.03765096887946129,0.09481717646121979,0.2472999542951584,0.5,0.5631819367408752,1.0,1.0
4,4950,25000,0.3098527193069458,0.3727496266365051,1.3754180372416158e-07,1.0,1.3754180372416158e-07,0.0006675224285572767,0.0039141420274972916,0.013422412797808647,0.037123870104551315,0.09509376436471939,0.24752850830554962,0.5,0.5606153011322021,1.0,1.0
4,4960,25000,0.30972206592559814,0.3727039396762848,9.256568489490746e-08,1.0,9.256568489490746e-08,0.0006819282425567508,0.003960330039262772,0.013460282236337662,0.03739584609866142,0.09399741888046265,0.24646811187267303,0.5,0.5600000023841858,1.0,1.0
4,4970,25000,0.3098500370979309,0.3727511763572693,1.4277779314397776e-07,1.0,1.4277779314397776e-07,0.0006688753492198884,0.003935721702873707,0.013437477871775627,0.03741917386651039,0.09428544342517853,0.245731383562088,0.5,0.5638794898986816,1.0,1.0
4,4980,25000,0.3100056052207947,0.37271130084991455,1.4637365097769361e-07,1.0,1.4637365097769361e-07,0.0006840338464826345,0.0039787376299500465,0.013390503823757172,0.03755313530564308,0.09458500891923904,0.2475312203168869,0.5,0.5600000023841858,1.0,1.0
4,4990,25000,0.30985909700393677,0.37272316217422485,1.152733020148844e-07,1.0,1.152733020148844e-07,0.0006807142635807395,0.003945978358387947,0.013429023325443268,0.0373825877904892,0.09446892142295837,0.24771372973918915,0.5,0.5619260668754578,1.0,1.0
4,5000,25000,0.30993354320526123,0.3726951777935028,1.0647200809899005e-07,1.0,1.0647200809899005e-07,0.000669279950670898,0.003968896344304085,0.013332698494195938,0.03735119476914406,0.09465097635984421,0.24625952541828156,0.5,0.5600000023841858,1.0,1.0
4,5010,25000,0.30992162227630615,0.37273383140563965,1.142846670632025e-07,1.0,1.142846670632025e-07,0.0006842269212938845,0.00391840236261487,0.01343410462141037,0.037550847977399826,0.09429872035980225,0.24639716744422913,0.5,0.5627774000167847,1.0,1.0
4,5020,25000,0.30996522307395935,0.37274858355522156,1.1338226357793246e-07,1.0,1.1338226357793246e-07,0.0006678941426798701,0.003965403884649277,0.013607320375740528,0.037599340081214905,0.09469377994537354,0.24615710973739624,0.5,0.5629186034202576,1.0,1.0
4,5030,25000,0.30977341532707214,0.3727002441883087,1.0922045134975633e-07,1.0,1.0922045134975633e-07,0.0006871309597045183,0.003947683610022068,0.013524222187697887,0.03753760829567909,0.0939430519938469,0.24659281969070435,0.5,0.5609359741210938,1.0,1.0
4,5040,25000,0.3097638487815857,0.37273308634757996,1.279461656622516e-07,1.0,1.279461656622516e-07,0.0006773217464797199,0.003921939060091972,0.013562045060098171,0.03747024014592171,0.09431133419275284,0.24577417969703674,0.5,0.5606825351715088,1.0,1.0
4,5050,25000,0.3099895715713501,0.3727259933948517,1.1080888384640275e-07,1.0,1.1080888384640275e-07,0.000681350298691541,0.003916352055966854,0.013479458168148994,0.03786029294133186,0.09454017877578735,0.24837398529052734,0.5,0.563519299030304,1.0,1.0
4,5060,25000,0.30980104207992554,0.3727356493473053,1.6129972379985702e-07,1.0,1.6129972379985702e-07,0.0006785228615626693,0.003945745527744293,0.013523032888770103,0.03750266879796982,0.09393830597400665,0.2456294596195221,0.5,0.5600000023841858,1.0,1.0
4,5070,25000,0.3099336624145508,0.37272438406944275,1.1562013213506361e-07,1.0,1.1562013213506361e-07,0.0006826480384916067,0.003955570049583912,0.013349530287086964,0.03726974502205849,0.09473275393247604,0.24716295301914215,0.5,0.5632014274597168,1.0,1.0
4,5080,25000,0.30987977981567383,0.3727857768535614,1.1454623205509051e-07,1.0,1.1454623205509051e-07,0.0006773085915483534,0.003987482748925686,0.013425616547465324,0.03739885613322258,0.09432573616504669,0.24640199542045593,0.5,0.5618897676467896,1.0,1.0
4,5090,25000,0.30981823801994324,0.3727327883243561,1.3603386150862207e-07,1.0,1.3603386150862207e-07,0.0006752363406121731,0.0039974297396838665,0.013405533507466316,0.03739083558320999,0.0942954272031784,0.24637150764465332,0.5,0.5613598823547363,1.0,1.0
4,5100,25000,0.30989235639572144,0.3727646470069885,1.3720885760903911e-07,1.0,1.3720885760903911e-07,0.0006770418840460479,0.0039700898341834545,0.013554421253502369,0.03743225336074829,0.09336766600608826,0.24703840911388397,0.5,0.5613265037536621,1.0,1.0
4,5110,25000,0.30984699726104736,0.3727799654006958,1.1573482794347001e-07,1.0,1.1573482794347001e-07,0.0006693185423500836,0.0039125652983784676,0.01340186595916748,0.03717159852385521,0.09440144896507263,0.24622130393981934,0.5,0.5615828037261963,1.0,1.0
4,5120,25000,0.30986395478248596,0.37270206212997437,1.2555385353607562e-07,1.0,1.2555385353607562e-07,0.0006749670719727874,0.003925397992134094,0.01347416453063488,0.037548504769802094,0.09455324709415436,0.24763080477714539,0.5,0.5623874664306641,1.0,1.0
4,5130,25000,0.309859961271286,0.3727337121963501,1.2002273308553413e-07,1.0,1.2002273308553413e-07,0.0006696846685372293,0.003927488811314106,0.013468206860125065,0.03750358149409294,0.09400953352451324,0.24792757630348206,0.5,0.5621681213378906,1.0,1.0
4,5140,25000,0.3098500370979309,0.37269484996795654,1.4345006604798982e-07,1.0,1.4345006604798982e-07,0.000678311858791858,0.003950326703488827,0.013445211574435234,0.037592679262161255,0.09473051130771637,0.24658726155757904,0.5,0.5600000023841858,1.0,1.0
4,5150,25000,0.309839129447937,0.3726860582828522,1.200964732106513e-07,1.0,1.200964732106513e-07,0.0006797454552724957,0.003956321161240339,0.013398934155702591,0.037227947264909744,0.09468407928943634,0.24771496653556824,0.5,0.5600000023841858,1.0,1.0
4,5160,25000,0.3098648488521576,0.372686505317688,1.1787903275717326e-07,1.0,1.1787903275717326e-07,0.0006717135547660291,0.003971320576965809,0.013405464589595795,0.03720526769757271,0.09458215534687042,0.2475082129240036,0.5,0.5600000023841858,1.0,1.0
4,5170,25000,0.3099775016307831,0.372684121131897,1.1381803943777413e-07,1.0,1.1381803943777413e-07,0.0006738344090990722,0.0039258250035345554,0.013524946756660938,0.037610918283462524,0.09419621527194977,0.24675115942955017,0.5,0.5600000023841858,1.0,1.0
4,5180,25000,0.3098216652870178,0.3727439343929291,1.289408970706063e-07,1.0,1.289408970706063e-07,0.000684862257912755,0.003945065196603537,0.01348495576530695,0.03736557066440582,0.09446723759174347,0.24630597233772278,0.5,0.563351571559906,1.0,1.0
4,5190,25000,0.30991578102111816,0.37272995710372925,1.2670274429638084e-07,1.0,1.2670274429638084e-07,0.0006708942819386721,0.003929978236556053,0.01350683905184269,0.03738345205783844,0.09425529837608337,0.24757391214370728,0.5,0.5619658827781677,1.0,1.0
4,5200,25000,0.3099151849746704,0.3726849853992462,1.2668375859448133e-07,1.0,1.2668375859448133e-07,0.0006731951143592596,0.003922777250409126,0.0135884378105402,0.03769264742732048,0.09421136975288391,0.24606631696224213,0.5,0.5605353116989136,1.0,1.0
4,5210,25000,0.3099886476993561,0.37268805503845215,1.2536915505734214e-07,1.0,1.2536915505734214e-07,0.0006794543005526066,0.0039076427929103374,0.013633879832923412,0.03742881119251251,0.09460602700710297,0.2479029893875122,0.5,0.5600000023841858,1.0,1.0
4,5220,25000,0.30991029739379883,0.3727330267429352,1.1174422809290263e-07,1.0,1.1174422809290263e-07,0.0006751578184776008,0.00396006042137742,0.013360711745917797,0.03740498796105385,0.09464140981435776,0.2479155957698822,0.5,0.5622338056564331,1.0,1.0
4,5230,25000,0.30975693464279175,0.3727218806743622,1.3677139065748634e-07,1.0,1.3677139065748634e-07,0.0006712391041219234,0.003952731844037771,0.013628526590764523,0.037446122616529465,0.09377558529376984,0.246932253241539,0.5,0.563148558139801,1.0,1.0
4,5240,25000,0.3100280463695526,0.37272748351097107,1.3387635533490538e-07,1.0,1.3387635533490538e-07,0.0006720811361446977,0.00397501839324832,0.013536538928747177,0.03744354099035263,0.09447698295116425,0.24749986827373505,0.5,0.5627211332321167,1.0,1.0
4,5250,25000,0.30990248918533325,0.3726690411567688,1.3152657629689202e-07,1.0,1.3152657629689202e-07,0.0006765121361240745,0.003933233208954334,0.013607543893158436,0.037409789860248566,0.09532597661018372,0.24701090157032013,0.5,0.5616884827613831,1.0,1.0
4,5260,25000,0.3098750412464142,0.37271445989608765,1.3656202213496726e-07,1.0,1.3656202213496726e-07,0.0006824448355473578,0.0040211002342402935,0.01348072849214077,0.03747383505105972,0.09473054111003876,0.24676793813705444,0.5,0.5624011158943176,1.0,1.0
4,5270,25000,0.30986323952674866,0.37279656529426575,1.426843425633706e-07,1.0,1.426843425633706e-07,0.0006738727097399533,0.0039004385471343994,0.013483045622706413,0.03749179467558861,0.09410816431045532,0.24632036685943604,0.5,0.5627120137214661,1.0,1.0
4,5280,25000,0.30990296602249146,0.3727221190929413,1.1786809039904256e-07,1.0,1.1786809039904256e-07,0.0006835294771008193,0.003947179298847914,0.013517455197870731,0.03748641908168793,0.09465549886226654,0.24725061655044556,0.5,0.5631130933761597,1.0,1.0
4,5290,25000,0.3098699152469635,0.37272539734840393,1.168027807807448e-07,1.0,1.168027807807448e-07,0.000675629242323339,0.003973002545535564,0.013499000109732151,0.037450842559337616,0.09418096393346786,0.24735572934150696,0.5,0.5605835318565369,1.0,1.0
4,5300,25000,0.30984658002853394,0.372766375541687,1.2139605587435653e-07,1.0,1.2139605587435653e-07,0.0006858465494588017,0.003991271369159222,0.013378141447901726,0.037458281964063644,0.09470565617084503,0.24591803550720215,0.5,0.5620779991149902,1.0,1.0
4,5310,25000,0.3099497854709625,0.3727351725101471,1.3234799212114012e-07,1.0,1.3234799212114012e-07,0.0006851159851066768,0.003920432645827532,0.013353921473026276,0.037592820823192596,0.09446725994348526,0.2463379055261612,0.5,0.5610734224319458,1.0,1.0
4,5320,25000,0.3098854422569275,0.37273970246315,1.1971944502420229e-07,1.0,1.1971944502420229e-07,0.0006826003082096577,0.0039772395975887775,0.013451696373522282,0.037240639328956604,0.09415453672409058,0.2466127723455429,0.5,0.5624225735664368,1.0,1.0
4,5330,25000,0.30990076065063477,0.37271106243133545,1.1279560396815214e-07,1.0,1.1279560396815214e-07,0.0006815838860347867,0.0039114258252084255,0.013400941155850887,0.037301864475011826,0.09395495802164078,0.24618537724018097,0.5,0.5600000023841858,1.0,1.0
4,5340,25000,0.31001341342926025,0.3727482557296753,1.2662317772083043e-07,1.0,1.2662317772083043e-07,0.000683239137288183,0.003906955011188984,0.013587144203484058,0.0375673770904541,0.09510830044746399,0.24723617732524872,0.5,0.5628197193145752,1.0,1.0
4,5350,25000,0.3098962604999542,0.3728139102458954,1.3025695011492644e-07,1.0,1.3025695011492644e-07,0.0006771345506422222,0.003953804261982441,0.013559190556406975,0.037129759788513184,0.09490331262350082,0.24478289484977722,0.5,0.5607556104660034,1.0,1.0
4,5360,25000,0.3099617063999176,0.37280088663101196,1.401067208917084e-07,1.0,1.401067208917084e-07,0.0006735288770869374,0.003958773799240589,0.013414203189313412,0.037398144602775574,0.09438148140907288,0.24814721941947937,0.5,0.563382089138031,1.0,1.0
4,5370,25000,0.30995550751686096,0.37274688482284546,9.940950462805631e-08,1.0,9.940950462805631e-08,0.0006771216867491603,0.003932354040443897,0.013497180305421352,0.03750847280025482,0.09497097134590149,0.24744223058223724,0.5,0.5608230829238892,1.0,1.0
4,5380,25000,0.3099386990070343,0.3727149963378906,1.1621239082160173e-07,1.0,1.1621239082160173e-07,0.0006827133474871516,0.0039297835901379585,0.013537202961742878,0.037656594067811966,0.09421597421169281,0.24861285090446472,0.5,0.5607349276542664,1.0,1.0
4,5390,25000,0.3098529279232025,0.37267547845840454,1.0341354794718427e-07,1.0,1.0341354794718427e-07,0.0006739375530742109,0.00396446930244565,0.013489694334566593,0.037346623837947845,0.09449872374534607,0.24663743376731873,0.5,0.5623633861541748,1.0,1.0
4,5400,25000,0.3098773956298828,0.37260907888412476,1.2849655206537136e-07,1.0,1.2849655206537136e-07,0.0006809058832004666,0.003934874199330807,0.01348124723881483,0.037747498601675034,0.09496812522411346,0.24765580892562866,0.5,0.5600000023841858,1.0,1.0
4,5410,25000,0.3098684847354889,0.3726825714111328,1.3671856891050993e-07,1.0,1.3671856891050993e-07,0.0006745749269612134,0.003958360757678747,0.01344049721956253,0.037595268338918686,0.09466466307640076,0.24683791399002075,0.5,0.5600000023841858,1.0,1.0
4,5420,25000,0.3098504841327667,0.3726973235607147,1.2286967887575884e-07,1.0,1.2286967887575884e-07,0.0006763560231775045,0.0039384253323078156,0.013559193350374699,0.037488020956516266,0.09471246600151062,0.24607056379318237,0.5,0.5602433085441589,1.0,1.0
4,5430,25000,0.30992409586906433,0.37274113297462463,1.1991355108875723e-07,1.0,1.1991355108875723e-07,0.0006829688209109008,0.003909518010914326,0.013357809744775295,0.03770472854375839,0.09485084563493729,0.24622370302677155,0.5,0.5613369345664978,1.0,1.0
4,5440,25000,0.30993229150772095,0.37270548939704895,1.1950021416851087e-07,1.0,1.1950021416851087e-07,0.000681931443978101,0.0039108325727283955,0.013514827005565166,0.03745999559760094,0.09485651552677155,0.246058389544487,0.5,0.5600000023841858,1.0,1.0
4,5450,25000,0.3099123239517212,0.3727399408817291,9.881478035822511e-08,1.0,9.881478035822511e-08,0.000683726160787046,0.003900605719536543,0.013427930884063244,0.03717618063092232,0.09419001638889313,0.24752162396907806,0.5,0.560982882976532,1.0,1.0
4,5460,25000,0.3099443018436432,0.37271547317504883,1.3269762177969824e-07,1.0,1.3269762177969824e-07,0.0006741109536960721,0.003940618596971035,0.013448493555188179,0.03752981126308441,0.09450523555278778,0.24749618768692017,0.5,0.560700535774231,1.0,1.0
4,5470,25000,0.3098609745502472,0.3727496862411499,1.369639193171679e-07,1.0,1.369639193171679e-07,0.0006767634185962379,0.003969508223235607,0.013489303179085255,0.03740822896361351,0.0945492684841156,0.24461038410663605,0.5,0.5640814900398254,1.0,1.0
4,5480,25000,0.30998605489730835,0.37275972962379456,1.344677258430238e-07,1.0,1.344677258430238e-07,0.000678268086630851,0.003855787916108966,0.013465801253914833,0.037535302340984344,0.09527524560689926,0.2474202662706375,0.5,0.5634717345237732,1.0,1.0
4,5490,25000,0.30984795093536377,0.37273579835891724,1.2343768673872546e-07,1.0,1.2343768673872546e-07,0.000675942050293088,0.003941301256418228,0.013418854214251041,0.037440814077854156,0.09422293305397034,0.24688145518302917,0.5,0.5600000023841858,1.0,1.0
4,5500,25000,0.309823215007782,0.37272483110427856,1.3056938996669487e-07,1.0,1.3056938996669487e-07,0.0006718577351421118,0.0039007070008665323,0.013420172035694122,0.03730233013629913,0.09390797466039658,0.24863789975643158,0.5,0.5601464509963989,1.0,1.0
4,5510,25000,0.30988237261772156,0.37275877594947815,1.2979667474155576e-07,1.0,1.2979667474155576e-07,0.000682845595292747,0.003919180482625961,0.013475868850946426,0.03743630275130272,0.09466841071844101,0.2468181997537613,0.5,0.5608403086662292,1.0,1.0
4,5520,25000,0.30990171432495117,0.3728090226650238,1.6489404686126363e-07,1.0,1.6489404686126363e-07,0.000682502519339323,0.003969449084252119,0.01351754181087017,0.03749561309814453,0.09436710178852081,0.24484775960445404,0.5,0.5626713037490845,1.0,1.0
4,5530,25000,0.30994272232055664,0.3726845681667328,1.2363361179268395e-07,1.0,1.2363361179268395e-07,0.0006835012463852763,0.003966926597058773,0.013674709014594555,0.037828534841537476,0.09358391165733337,0.24649813771247864,0.5,0.5602448582649231,1.0,1.0
4,5540,25000,0.30987852811813354,0.37278032302856445,1.330843133473536e-07,1.0,1.330843133473536e-07,0.000674686802085489,0.0039107827469706535,0.013353165239095688,0.03712698072195053,0.09447638690471649,0.24531494081020355,0.5,0.5605916976928711,1.0,1.0
4,5550,25000,0.30989834666252136,0.37270882725715637,1.3388897457389248e-07,1.0,1.3388897457389248e-07,0.0006851204670965672,0.003991986159235239,0.01339980959892273,0.037515003234148026,0.09466829895973206,0.24642692506313324,0.5,0.5622047185897827,1.0,1.0
4,5560,25000,0.30979081988334656,0.37274783849716187,1.2006488248061942e-07,1.0,1.2006488248061942e-07,0.0006854765233583748,0.003946120385080576,0.013428985141217709,0.03764446824789047,0.09409746527671814,0.24674662947654724,0.5,0.5610468983650208,1.0,1.0
4,5570,25000,0.30982014536857605,0.37275928258895874,1.3422639710825024e-07,1.0,1.3422639710825024e-07,0.0006723777041770518,0.003954506944864988,0.013391631655395031,0.03733402118086815,0.09462809562683105,0.24519938230514526,0.5,0.56111741065979,1.0,1.0
4,5580,25000,0.30988752841949463,0.37275171279907227,1.0094421298845191e-07,1.0,1.0094421298845191e-07,0.0006782758282497525,0.0039582522585988045,0.013629429042339325,0.03747650608420372,0.09390388429164886,0.24631407856941223,0.5,0.5611723065376282,1.0,1.0
4,5590,25000,0.3100087642669678,0.37273383140563965,1.3022622624703217e-07,1.0,1.3022622624703217e-07,0.0006774237263016403,0.00393311120569706,0.013348466716706753,0.037691131234169006,0.09486547857522964,0.2467556595802307,0.5,0.5603491067886353,1.0,1.0
4,5600,25000,0.30995282530784607,0.37267938256263733,1.340263224847149e-07,1.0,1.340263224847149e-07,0.000672894180752337,0.003932770807296038,0.013407000340521336,0.037490807473659515,0.0951714962720871,0.2472781091928482,0.5,0.5609330534934998,1.0,1.0
4,5610,25000,0.3098757863044739,0.3726658821105957,1.2386762193727918e-07,1.0,1.2386762193727918e-07,0.0006771671469323337,0.003942475654184818,0.013409067876636982,0.03731532394886017,0.09511998295783997,0.24613100290298462,0.5,0.5600000023841858,1.0,1.0
4,5620,25000,0.30988451838493347,0.3726852238178253,1.025609392968363e-07,1.0,1.025609392968363e-07,0.0006805239827372134,0.00396253727376461,0.01340714655816555,0.03746510297060013,0.09452245384454727,0.24808163940906525,0.5,0.5600000023841858,1.0,1.0
4,5630,25000,0.30983397364616394,0.3727305829524994,1.2672866489538137e-07,1.0,1.2672866489538137e-07,0.0006605828530155122,0.004012511111795902,0.013461022637784481,0.037161219865083694,0.09471692144870758,0.24605880677700043,0.5,0.5600000023841858,1.0,1.0
4,5640,25000,0.3100593388080597,0.3726474940776825,1.1548358003210524e-07,1.0,1.1548358003210524e-07,0.0006753653287887573,0.003942758776247501,0.013466191478073597,0.03756337612867355,0.094309501349926,0.24770060181617737,0.5,0.56135094165802,1.0,1.0
4,5650,25000,0.31003087759017944,0.37276673316955566,1.1034640579055122e-07,1.0,1.1034640579055122e-07,0.000678400625474751,0.003972584381699562,0.013585035689175129,0.03739728406071663,0.09476184099912643,0.2456880509853363,0.5,0.5645601749420166,1.0,1.0
4,5660,25000,0.30997994542121887,0.37273529171943665,1.1278577716211657e-07,1.0,1.1278577716211657e-07,0.0006753825000487268,0.003937141038477421,0.013321060687303543,0.03725244104862213,0.0949573740363121,0.24704408645629883,0.5,0.5600000023841858,1.0,1.0
4,5670,25000,0.30988645553588867,0.37274473905563354,1.1923016529635788e-07,1.0,1.1923016529635788e-07,0.0006768994498997927,0.003978601656854153,0.013494959101080894,0.037628334015607834,0.09448686987161636,0.2465226948261261,0.5,0.5607461929321289,1.0,1.0
4,5680,25000,0.3100210726261139,0.3726867735385895,1.2138175975451304e-07,1.0,1.2138175975451304e-07,0.0006681872764602304,0.003956763073801994,0.013460670597851276,0.037595998495817184,0.09454372525215149,0.24764728546142578,0.5,0.5600000023841858,1.0,1.0
4,5690,25000,0.30996087193489075,0.3727792203426361,1.337847663762659e-07,1.0,1.337847663762659e-07,0.0006804972654208541,0.003918422386050224,0.013573226518929005,0.03722719848155975,0.09361236542463303,0.2471800595521927,0.5,0.5605617761611938,1.0,1.0
4,5700,25000,0.309954971075058,0.37277519702911377,1.467411152589193e-07,1.0,1.467411152589193e-07,0.000689516484271735,0.003940365742892027,0.013388048857450485,0.03731393814086914,0.09402277320623398,0.24659498035907745,0.5,0.5620915293693542,1.0,1.0
4,5710,25000,0.31001049280166626,0.37273383140563965,1.334675943098773e-07,1.0,1.334675943098773e-07,0.0006736390641890466,0.0039327554404735565,0.013487134128808975,0.03764205053448677,0.0942205935716629,0.24691714346408844,0.5,0.5606575608253479,1.0,1.0
4,5720,25000,0.30990561842918396,0.3727615475654602,1.195146381860468e-07,1.0,1.195146381860468e-07,0.0006671850569546223,0.003933919593691826,0.013477102853357792,0.037404146045446396,0.09426712244749069,0.24765664339065552,0.5,0.5603966116905212,1.0,1.0
4,5730,25000,0.30985027551651,0.3727194666862488,1.163063103604145e-07,1.0,1.163063103604145e-07,0.0006881504668854177,0.003927301149815321,0.013459265232086182,0.03736857697367668,0.09415321797132492,0.24842779338359833,0.5,0.5600000023841858,1.0,1.0
4,5740,25000,0.30997607111930847,0.3727651536464691,1.2112926128793333e-07,1.0,1.2112926128793333e-07,0.0006697027129121125,0.003988960292190313,0.013524291105568409,0.03760576248168945,0.09472101926803589,0.2460467368364334,0.5,0.5621936917304993,1.0,1.0
4,5750,25000,0.3098028600215912,0.37263253331184387,1.3209961480242782e-07,1.0,1.3209961480242782e-07,0.000698571209795773,0.003970796708017588,0.013539872132241726,0.0376446470618248,0.09496872127056122,0.24746663868427277,0.5,0.5600000023841858,1.0,1.0
4,5760,25000,0.3097957670688629,0.37272557616233826,1.3329572823295166e-07,1.0,1.3329572823295166e-07,0.0006911828531883657,0.00393700459972024,0.0134452348574996,0.03751901164650917,0.09457560628652573,0.24702385067939758,0.5,0.5608222484588623,1.0,1.0
4,5770,25000,0.3099512755870819,0.37271398305892944,1.13538966672877e-07,1.0,1.13538966672877e-07,0.0006773846689611673,0.003923979587852955,0.013509889133274555,0.03737266734242439,0.09400370717048645,0.24791927635669708,0.5,0.5603023171424866,1.0,1.0
4,5780,25000,0.3099328875541687,0.37269625067710876,1.3892946526539163e-07,1.0,1.3892946526539163e-07,0.000674920273013413,0.0039191171526908875,0.013521680608391762,0.03777490183711052,0.09447933733463287,0.2483678013086319,0.5,0.5600000023841858,1.0,1.0
4,5790,25000,0.3098900616168976,0.3727020025253296,1.3064787651728693e-07,1.0,1.3064787651728693e-07,0.0006815505330450833,0.003941923845559359,0.01342060323804617,0.03759331256151199,0.09450799226760864,0.24611838161945343,0.5,0.5615587830543518,1.0,1.0
4,5800,25000,0.30996888875961304,0.37272486090660095,1.293282849701427e-07,1.0,1.293282849701427e-07,0.0006714167539030313,0.003972890321165323,0.01343858428299427,0.037491608411073685,0.09464815258979797,0.24798324704170227,0.5,0.5637026429176331,1.0,1.0
4,5810,25000,0.31004223227500916,0.3727175295352936,1.1836828406330824e-07,1.0,1.1836828406330824e-07,0.0006828024634160101,0.003960321191698313,0.013536333106458187,0.03747822716832161,0.09448102861642838,0.2476477473974228,0.5,0.5607292652130127,1.0,1.0
4,5820,25000,0.3099394142627716,0.3727288544178009,1.3672949705778592e-07,1.0,1.3672949705778592e-07,0.0006765636499039829,0.003915194887667894,0.013539766892790794,0.037505142390728,0.09452643245458603,0.24745501577854156,0.5,0.5602096319198608,1.0,1.0
4,5830,25000,0.3098292052745819,0.37271004915237427,1.1401815669387361e-07,1.0,1.1401815669387361e-07,0.0006907412898726761,0.003966072108596563,0.013573679141700268,0.03745260834693909,0.09385745227336884,0.24760165810585022,0.5,0.5601927042007446,1.0,1.0
4,5840,25000,0.3100000023841858,0.37270957231521606,1.3077467997391068e-07,1.0,1.3077467997391068e-07,0.0006865269388072193,0.003925598692148924,0.013413938693702221,0.03767024353146553,0.09446261823177338,0.2462991625070572,0.5,0.5600000023841858,1.0,1.0
4,5850,25000,0.3100046217441559,0.372712641954422,1.384512984259345e-07,1.0,1.384512984259345e-07,0.0006752501940354705,0.003952707163989544,0.013402302749454975,0.03766607493162155,0.09488967061042786,0.24923215806484222,0.5,0.5628840327262878,1.0,1.0
4,5860,25000,0.3098754286766052,0.37270721793174744,1.228483199611219e-07,1.0,1.228483199611219e-07,0.000677033793181181,0.003953163977712393,0.013591830618679523,0.037658609449863434,0.0941581130027771,0.24638167023658752,0.5,0.5612938404083252,1.0,1.0
4,5870,25000,0.3098847270011902,0.3727215528488159,1.426432163498248e-07,1.0,1.426432163498248e-07,0.000673015252687037,0.003905750811100006,0.013469498604536057,0.0373324416577816,0.09455573558807373,0.24606984853744507,0.5,0.5600000023841858,1.0,1.0
4,5880,25000,0.30992311239242554,0.3727550208568573,1.327370426906782e-07,1.0,1.327370426906782e-07,0.0006695854244753718,0.0039743403904139996,0.013483038172125816,0.0371711328625679,0.09413544088602066,0.24698896706104279,0.5,0.5607059001922607,1.0,1.0
4,5890,25000,0.310018926858902,0.37288185954093933,1.3906138462971285e-07,1.0,1.3906138462971285e-07,0.0006676432094536722,0.003922938834875822,0.013460546731948853,0.037562526762485504,0.09407738596200943,0.2466060072183609,0.5,0.5623058080673218,1.0,1.0
4,5900,25000,0.3100349009037018,0.3728819489479065,1.2576096253269498e-07,1.0,1.2576096253269498e-07,0.0006810406339354813,0.0039222766645252705,0.01353236474096775,0.037538040429353714,0.09484860301017761,0.24732843041419983,0.5,0.5671480894088745,1.0,1.0
4,5910,25000,0.30989328026771545,0.3728063702583313,1.38585150466497e-07,1.0,1.38585150466497e-07,0.0006785009172745049,0.00392081867903471,0.013476422056555748,0.03760934993624687,0.09388979524374008,0.24639290571212769,0.5,0.5608339309692383,1.0,1.0
4,5920,25000,0.30999720096588135,0.3728160560131073,1.0377367232194956e-07,1.0,1.0377367232194956e-07,0.0006784868892282248,0.003937375266104937,0.013551266863942146,0.03738564997911453,0.09394922852516174,0.24751701951026917,0.5,0.5628400444984436,1.0,1.0
4,5930,25000,0.30999720096588135,0.37268805503845215,1.554216737531533e-07,1.0,1.554216737531533e-07,0.000680558558087796,0.003946283832192421,0.013572828844189644,0.037415891885757446,0.09512380510568619,0.24757730960845947,0.5,0.5609456896781921,1.0,1.0
4,5940,25000,0.30994513630867004,0.37271931767463684,1.1135183797250647e-07,1.0,1.1135183797250647e-07,0.0006808063481003046,0.003942457493394613,0.013599078170955181,0.0377376526594162,0.09480388462543488,0.24741461873054504,0.5,0.5600844025611877,1.0,1.0
4,5950,25000,0.30985701084136963,0.3726746141910553,1.3476017102220794e-07,1.0,1.3476017102220794e-07,0.0006762639968656003,0.003965987358242273,0.013486879877746105,0.037597984075546265,0.09445902705192566,0.24775250256061554,0.5,0.5600000023841858,1.0,1.0
4,5960,25000,0.3098870813846588,0.3727131187915802,1.295583302862724e-07,1.0,1.295583302862724e-07,0.0006779245450161397,0.003946482669562101,0.013458308763802052,0.037449177354574203,0.09443731606006622,0.24743609130382538,0.5,0.563666820526123,1.0,1.0
4,5970,25000,0.309937447309494,0.37272879481315613,1.090360797206813e-07,1.0,1.090360797206813e-07,0.0006783643621020019,0.0039174556732177734,0.013452564366161823,0.03770529106259346,0.09407645463943481,0.24694009125232697,0.5,0.5611246824264526,1.0,1.0
4,5980,25000,0.3098924160003662,0.3727215826511383,1.3112220642597094e-07,1.0,1.3112220642597094e-07,0.0006715962081216276,0.003917035646736622,0.013405491597950459,0.03751043975353241,0.09386937320232391,0.24662715196609497,0.5,0.5640958547592163,1.0,1.0
4,5990,25000,0.3098885416984558,0.3727265000343323,1.4225888378405216e-07,1.0,1.4225888378405216e-07,0.0006919148145243526,0.003933900501579046,0.013453979045152664,0.03714056313037872,0.09421564638614655,0.24687954783439636,0.5,0.5600000023841858,1.0,1.0
4,6000,25000,0.3099043369293213,0.3727523386478424,1.2707161545222334e-07,1.0,1.2707161545222334e-07,0.0006679252837784588,0.003926626406610012,0.013515970669686794,0.03740064799785614,0.0947188287973404,0.24538449943065643,0.5,0.5626691579818726,1.0,1.0
4,6010,25000,0.30994218587875366,0.3727414608001709,1.113283047970981e-07,1.0,1.113283047970981e-07,0.0006708608707413077,0.003978651482611895,0.013488567434251308,0.0375361368060112,0.09414114058017731,0.24700477719306946,0.5,0.5644075870513916,1.0,1.0
4,6020,25000,0.3098560571670532,0.3727964460849762,1.4208637821866432e-07,1.0,1.4208637821866432e-07,0.0006798820686526597,0.0039082239381968975,0.013371655717492104,0.0375438816845417,0.0942121148109436,0.24641072750091553,0.5,0.5613676905632019,1.0,1.0
4,6030,25000,0.309945285320282,0.3727588951587677,1.2655068815092818e-07,1.0,1.2655068815092818e-07,0.0006801808485761285,0.003947880584746599,0.013568723574280739,0.03739999979734421,0.09493674337863922,0.2475222796201706,0.5,0.5600000023841858,1.0,1.0
4,6040,25000,0.30994847416877747,0.3727310299873352,1.3636385176596377e-07,1.0,1.3636385176596377e-07,0.0006636892794631422,0.003981895744800568,0.013504419475793839,0.03751456364989281,0.09447506070137024,0.24709215760231018,0.5,0.5613148212432861,1.0,1.0
4,6050,25000,0.30993491411209106,0.3727948069572449,1.1149555234624131e-07,1.0,1.1149555234624131e-07,0.0006816757959313691,0.003990751691162586,0.013635355979204178,0.03714090585708618,0.09390202164649963,0.24718569219112396,0.5,0.5647690296173096,1.0,1.0
4,6060,25000,0.3099195957183838,0.3726968765258789,1.244495564378667e-07,1.0,1.244495564378667e-07,0.0006788256578147411,0.003954433370381594,0.013267717324197292,0.03755577653646469,0.0948103815317154,0.24598319828510284,0.5,0.5600000023841858,1.0,1.0
4,6070,25000,0.3097493648529053,0.37274613976478577,1.295326228500926e-07,1.0,1.295326228500926e-07,0.0006916571874171495,0.003961085341870785,0.013461142778396606,0.037202138453722,0.09375461935997009,0.24665331840515137,0.5,0.5614713430404663,1.0,1.0
4,6080,25000,0.3099597096443176,0.3727402091026306,1.462484675585074e-07,1.0,1.462484675585074e-07,0.0006849875207990408,0.003952775616198778,0.013492797501385212,0.037661973387002945,0.09423244744539261,0.24630552530288696,0.5,0.5630006194114685,1.0,1.0
4,6090,25000,0.3099028766155243,0.37279462814331055,1.0685122475706521e-07,1.0,1.0685122475706521e-07,0.0006654117605648935,0.00393395172432065,0.013536961749196053,0.03755037859082222,0.0944887027144432,0.2462216466665268,0.5,0.5622437596321106,1.0,1.0
4,6100,25000,0.3098945915699005,0.3727642893791199,1.083651710587219e-07,1.0,1.083651710587219e-07,0.0006787310121580958,0.003943868912756443,0.013487646356225014,0.03737057372927666,0.09421209990978241,0.2471591681241989,0.5,0.5600000023841858,1.0,1.0
4,6110,25000,0.30988630652427673,0.3728157579898834,1.2616132494258636e-07,1.0,1.2616132494258636e-07,0.0006785301957279444,0.003914160188287497,0.013522684574127197,0.03753011301159859,0.09447510540485382,0.24696709215641022,0.5,0.5600000023841858,1.0,1.0
4,6120,25000,0.3099932372570038,0.37279829382896423,1.2139889804529957e-07,1.0,1.2139889804529957e-07,0.0006826129974797368,0.0039525385946035385,0.013522067107260227,0.037450965493917465,0.09372458606958389,0.2470574527978897,0.5,0.5631698369979858,1.0,1.0
4,6130,25000,0.31003305315971375,0.37274882197380066,1.0538865069520398e-07,1.0,1.0538865069520398e-07,0.0006813991349190474,0.003983393777161837,0.013394114561378956,0.03740285336971283,0.09491631388664246,0.2467842698097229,0.5,0.5600000023841858,1.0,1.0
4,6140,25000,0.31007641553878784,0.3727058470249176,1.226453889557888e-07,1.0,1.226453889557888e-07,0.0006738694501109421,0.003968638367950916,0.013344405218958855,0.037640321999788284,0.09476221352815628,0.24744512140750885,0.5,0.5623422861099243,1.0,1.0
4,6150,25000,0.3098423480987549,0.37269461154937744,1.2118201198063616e-07,1.0,1.2118201198063616e-07,0.000683504855260253,0.0039399233646690845,0.013420618139207363,0.03736139461398125,0.09440650790929794,0.24841336905956268,0.5,0.5600000023841858,1.0,1.0
4,6160,25000,0.30975526571273804,0.3727479577064514,1.2060353071774443e-07,1.0,1.2060353071774443e-07,0.0006755055510438979,0.003968671429902315,0.013425958342850208,0.03765224292874336,0.09461279213428497,0.2451796531677246,0.5,0.5620035529136658,1.0,1.0
4,6170,25000,0.30989524722099304,0.3727432191371918,1.2962270545813226e-07,1.0,1.2962270545813226e-07,0.0006965887150727212,0.0039245374500751495,0.013537028804421425,0.03741701692342758,0.09401289373636246,0.24642856419086456,0.5,0.564659595489502,1.0,1.0
4,6180,25000,0.3099074363708496,0.37275153398513794,1.199443744326345e-07,1.0,1.199443744326345e-07,0.0006901994347572327,0.0039109415374696255,0.013608148321509361,0.03724122419953346,0.09489802271127701,0.24676422774791718,0.5,0.5600000023841858,1.0,1.0
4,6190,25000,0.30997151136398315,0.372811883687973,1.0144846385173878e-07,1.0,1.0144846385173878e-07,0.0006732899928465486,0.00391716044396162,0.01348879560828209,0.037220731377601624,0.09449328482151031,0.24669413268566132,0.5,0.5608968734741211,1.0,1.0
4,6200,25000,0.3099361062049866,0.3727389872074127,1.2763644008373376e-07,1.0,1.2763644008373376e-07,0.0006786917219869792,0.00396612286567688,0.013533120043575764,0.03738773241639137,0.09534535557031631,0.24642638862133026,0.5,0.5610174536705017,1.0,1.0
4,6210,25000,0.31012609601020813,0.3727363646030426,1.2370047386411898e-07,1.0,1.2370047386411898e-07,0.0006866786279715598,0.003962249495089054,0.01360312569886446,0.03747641667723656,0.09488052129745483,0.2485862672328949,0.5,0.5617297291755676,1.0,1.0
4,6220,25000,0.31004050374031067,0.37273263931274414,1.1478334016601366e-07,1.0,1.1478334016601366e-07,0.0006856218096800148,0.0039214445278048515,0.013490177690982819,0.03783844783902168,0.09420070052146912,0.24808233976364136,0.5,0.5600000023841858,1.0,1.0
4,6230,25000,0.3098869025707245,0.372744083404541,1.287859987542106e-07,1.0,1.287859987542106e-07,0.0006778361857868731,0.003909984137862921,0.01338327769190073,0.03739331662654877,0.09438257664442062,0.24671617150306702,0.5,0.5600000023841858,1.0,1.0
4,6240,25000,0.31001749634742737,0.3727387487888336,1.264365607767104e-07,1.0,1.264365607767104e-07,0.0006771787302568555,0.003914231434464455,0.013357626274228096,0.037491574883461,0.09489886462688446,0.2480028122663498,0.5,0.5609763860702515,1.0,1.0
4,6250,25000,0.3099941611289978,0.37273523211479187,1.483887075437451e-07,1.0,1.483887075437451e-07,0.0006863150047138333,0.003942596726119518,0.01339903473854065,0.03756922110915184,0.09494622051715851,0.24652913212776184,0.5,0.5625157952308655,1.0,1.0
4,6260,25000,0.3098523020744324,0.3727967143058777,1.2545601180136146e-07,1.0,1.2545601180136146e-07,0.0006713170441798866,0.003918158821761608,0.013469740748405457,0.03777565434575081,0.09448366612195969,0.247211754322052,0.5,0.5635802745819092,1.0,1.0
4,6270,25000,0.30992621183395386,0.37267693877220154,1.4768782818919135e-07,1.0,1.4768782818919135e-07,0.0006757182418368757,0.003996387589722872,0.01343434676527977,0.0374731682240963,0.09421119093894958,0.2468491792678833,0.5,0.5600000023841858,1.0,1.0
4,6280,25000,0.3098783791065216,0.37275952100753784,1.2298792739784403e-07,1.0,1.2298792739784403e-07,0.0006761648110114038,0.00395454466342926,0.013336422853171825,0.037435196340084076,0.09449576586484909,0.24698865413665771,0.5,0.562919020652771,1.0,1.0
4,6290,25000,0.30996274948120117,0.37277910113334656,1.429552582976612e-07,1.0,1.429552582976612e-07,0.0006819008849561214,0.003954353742301464,0.013489119708538055,0.03760162368416786,0.09448704868555069,0.24603258073329926,0.5,0.5610307455062866,1.0,1.0
4,6300,25000,0.3098205626010895,0.3726966083049774,1.0759269031268559e-07,1.0,1.0759269031268559e-07,0.0006860453286208212,0.003915196750313044,0.013549775816500187,0.03730371221899986,0.09483151137828827,0.24671773612499237,0.5,0.5600000023841858,1.0,1.0
4,6310,25000,0.30993011593818665,0.3727131187915802,1.3426959810658445e-07,1.0,1.3426959810658445e-07,0.0006741828401573002,0.003990048076957464,0.013487800024449825,0.03709912672638893,0.09482687711715698,0.24538423120975494,0.5,0.5627104640007019,1.0,1.0
4,6320,25000,0.31011831760406494,0.37271761894226074,1.3789895092486404e-07,1.0,1.3789895092486404e-07,0.0006672921008430421,0.003947235643863678,0.013485318049788475,0.03746950253844261,0.09460599720478058,0.2483745813369751,0.5,0.5610539317131042,1.0,1.0
4,6330,25000,0.31004616618156433,0.37282484769821167,1.217117073792906e-07,1.0,1.217117073792906e-07,0.0006843656883575022,0.003949921112507582,0.013390900567173958,0.037523724138736725,0.09478971362113953,0.24741262197494507,0.5,0.5603561997413635,1.0,1.0
4,6340,25000,0.30991771817207336,0.37273749709129333,1.296992024890642e-07,1.0,1.296992024890642e-07,0.0006754481000825763,0.0039163632318377495,0.013500492088496685,0.037508558481931686,0.09526246786117554,0.24659866094589233,0.5,0.5612292885780334,1.0,1.0
4,6350,25000,0.30996015667915344,0.3727072775363922,1.570482339730006e-07,1.0,1.570482339730006e-07,0.0006754006026312709,0.003985201008617878,0.013494136743247509,0.03736649453639984,0.09463895857334137,0.247702494263649,0.5,0.5600571632385254,1.0,1.0
4,6360,25000,0.3097400367259979,0.3726632595062256,1.1029007396246016e-07,1.0,1.1029007396246016e-07,0.0006682289531454444,0.004013852681964636,0.013494079001247883,0.037481456995010376,0.09395551681518555,0.24539446830749512,0.5,0.5600000023841858,1.0,1.0
4,6370,25000,0.3098507523536682,0.3727332353591919,1.0445739206943472e-07,1.0,1.0445739206943472e-07,0.0006867545889690518,0.004015220329165459,0.013357633724808693,0.03736180067062378,0.09427598118782043,0.24596646428108215,0.5,0.5628046989440918,1.0,1.0
4,6380,25000,0.309912770986557,0.3727824091911316,1.1943600952690758e-07,1.0,1.1943600952690758e-07,0.0006804999429732561,0.003925181459635496,0.013389269821345806,0.03747611120343208,0.09446819871664047,0.2478184551000595,0.5,0.5633354187011719,1.0,1.0
4,6390,25000,0.30990684032440186,0.372783899307251,1.430084353160055e-07,1.0,1.430084353160055e-07,0.0006870784563943744,0.0039147911593317986,0.013569599017500877,0.037380535155534744,0.0935337021946907,0.24687670171260834,0.5,0.5612813234329224,1.0,1.0
4,6400,25000,0.3099033832550049,0.37273108959198,1.0099736869051412e-07,1.0,1.0099736869051412e-07,0.0006772350170649588,0.003947009798139334,0.013340994715690613,0.03754746541380882,0.09422075748443604,0.24706581234931946,0.5,0.56236732006073,1.0,1.0
4,6410,25000,0.31000202894210815,0.37270769476890564,1.4238976575597917e-07,1.0,1.4238976575597917e-07,0.0006818010006099939,0.003958858549594879,0.013517248444259167,0.037629157304763794,0.09519606828689575,0.24603910744190216,0.5,0.561057984828949,1.0,1.0
4,6420,25000,0.309918612241745,0.3727196156978607,1.637710340673948e-07,1.0,1.637710340673948e-07,0.0006894248654134572,0.00392133416607976,0.013430229388177395,0.037685904651880264,0.09502856433391571,0.24844692647457123,0.5,0.5600000023841858,1.0,1.0
4,6430,25000,0.30995747447013855,0.3727983236312866,1.0976916087201971e-07,1.0,1.0976916087201971e-07,0.0006881430163048208,0.003921197261661291,0.013456572778522968,0.03744792938232422,0.09413434565067291,0.24493826925754547,0.5,0.5619748830795288,1.0,1.0
4,6440,25000,0.3099256753921509,0.3727346956729889,1.0620276924555583e-07,1.0,1.0620276924555583e-07,0.0006755354115739465,0.003955479245632887,0.01358158327639103,0.037441689521074295,0.09455324709415436,0.24600036442279816,0.5,0.5617777705192566,1.0,1.0
4,6450,25000,0.30980971455574036,0.3726810812950134,1.480854479041227e-07,1.0,1.480854479041227e-07,0.0006646285182796419,0.003940612077713013,0.013515976257622242,0.0373149998486042,0.09509293735027313,0.24703070521354675,0.5,0.5626698136329651,1.0,1.0
4,6460,25000,0.3099088668823242,0.3726908564567566,1.2955237593814672e-07,1.0,1.2955237593814672e-07,0.000684212485793978,0.003949227277189493,0.013476167805492878,0.037517249584198,0.09501408040523529,0.24511700868606567,0.5,0.5611891150474548,1.0,1.0
4,6470,25000,0.30994391441345215,0.37271440029144287,1.72166764400572e-07,1.0,1.72166764400572e-07,0.0006771226180717349,0.0038787126541137695,0.013593249954283237,0.037327442318201065,0.09491494297981262,0.2469586879014969,0.5,0.5610225200653076,1.0,1.0
4,6480,25000,0.3098349869251251,0.3726905882358551,1.3884159955068753e-07,1.0,1.3884159955068753e-07,0.0006950539536774158,0.003954845014959574,0.013427290134131908,0.03773980587720871,0.09452995657920837,0.2459034025669098,0.5,0.5607165694236755,1.0,1.0
4,6490,25000,0.3098962604999542,0.3726590871810913,1.3697226108888572e-07,1.0,1.3697226108888572e-07,0.0006710009765811265,0.003962190821766853,0.013500492088496685,0.03730400651693344,0.09469352662563324,0.2472488135099411,0.5,0.5600000023841858,1.0,1.0
4,6500,25000,0.3099890649318695,0.37276309728622437,1.2296295892610942e-07,1.0,1.2296295892610942e-07,0.0006885475013405085,0.0039407252334058285,0.01348059345036745,0.03743087127804756,0.09407807141542435,0.2475862205028534,0.5,0.5638369917869568,1.0,1.0
4,6510,25000,0.30993807315826416,0.37283265590667725,1.2087342327049555e-07,1.0,1.2087342327049555e-07,0.0006685486878268421,0.003964490722864866,0.013380010612308979,0.03727518767118454,0.09370659291744232,0.2471737414598465,0.5,0.5600000023841858,1.0,1.0
4,6520,25000,0.3100278079509735,0.3727182149887085,1.328108822917784e-07,1.0,1.328108822917784e-07,0.0006851486978121102,0.003919403534382582,0.0136075709015131,0.03756549209356308,0.09438565373420715,0.24939821660518646,0.5,0.5620759129524231,1.0,1.0
4,6530,25000,0.3099794089794159,0.37277474999427795,1.3375328933307173e-07,1.0,1.3375328933307173e-07,0.0006737562362104654,0.003971131984144449,0.013558254577219486,0.03727760538458824,0.0946669727563858,0.24742141366004944,0.5,0.563003420829773,1.0,1.0
4,6540,25000,0.30998891592025757,0.3727709949016571,1.1771620478384648e-07,1.0,1.1771620478384648e-07,0.000675500778015703,0.0039953854866325855,0.013522843830287457,0.037858329713344574,0.09512198716402054,0.2468041181564331,0.5,0.563329815864563,1.0,1.0
4,6550,25000,0.30992913246154785,0.37280502915382385,1.1750712047842171e-07,1.0,1.1750712047842171e-07,0.0006773598724976182,0.003926874604076147,0.013431298546493053,0.03739986568689346,0.09461407363414764,0.24757051467895508,0.5,0.5600000023841858,1.0,1.0
4,6560,25000,0.3098545968532562,0.37282365560531616,1.4076375975946576e-07,1.0,1.4076375975946576e-07,0.0006754104397259653,0.003954464569687843,0.01356305368244648,0.0373593270778656,0.09434859454631805,0.24612535536289215,0.5,0.5600000023841858,1.0,1.0
4,6570,25000,0.3099457025527954,0.3727697730064392,1.3676148569174984e-07,1.0,1.3676148569174984e-07,0.0006792119820602238,0.003970812540501356,0.013541092164814472,0.0372106097638607,0.09454722702503204,0.24614295363426208,0.5,0.5600000023841858,1.0,1.0
4,6580,25000,0.3098810017108917,0.3727444112300873,1.3399049691997789e-07,1.0,1.3399049691997789e-07,0.0006762805278412998,0.003952824976295233,0.01335932593792677,0.0373673290014267,0.09496380388736725,0.2455216497182846,0.5,0.5600000023841858,1.0,1.0
4,6590,25000,0.30984771251678467,0.3727070093154907,1.3939249754457705e-07,1.0,1.3939249754457705e-07,0.000684622093103826,0.003919379785656929,0.013516204431653023,0.03738941252231598,0.09471195936203003,0.24777115881443024,0.5,0.5600000023841858,1.0,1.0
4,6600,25000,0.30987387895584106,0.37275105714797974,1.3346213734166668e-07,1.0,1.3346213734166668e-07,0.0006795282242819667,0.003948185592889786,0.01360350102186203,0.037370916455984116,0.09402711689472198,0.2457379251718521,0.5,0.5600000023841858,1.0,1.0
4,6610,25000,0.3100070357322693,0.37286198139190674,1.254967259001205e-07,1.0,1.254967259001205e-07,0.0006745998980477452,0.003939073998481035,0.013521409593522549,0.03735867887735367,0.09385930001735687,0.24602192640304565,0.5,0.5630857348442078,1.0,1.0
4,6620,25000,0.31009915471076965,0.3727797269821167,1.2070000821040594e-07,1.0,1.2070000821040594e-07,0.0006763902492821217,0.003960527945309877,0.013678628019988537,0.037639498710632324,0.09466397017240524,0.24771292507648468,0.5,0.5620201230049133,1.0,1.0
4,6630,25000,0.3100908398628235,0.3727726638317108,1.0238506575888096e-07,1.0,1.0238506575888096e-07,0.0006775800138711929,0.003915665205568075,0.013574425131082535,0.03748830035328865,0.09451793134212494,0.24701189994812012,0.5,0.5600000023841858,1.0,1.0
4,6640,25000,0.3100554645061493,0.3727837800979614,1.1564459612145583e-07,1.0,1.1564459612145583e-07,0.0006723652477376163,0.003937952220439911,0.01345740258693695,0.0374419242143631,0.0951714888215065,0.2475055307149887,0.5,0.5621153116226196,1.0,1.0
4,6650,25000,0.3099296987056732,0.3729134500026703,1.2780017755176232e-07,1.0,1.2780017755176232e-07,0.0006870999350212514,0.003920413088053465,0.013625177554786205,0.03711337596178055,0.0939394161105156,0.24634721875190735,0.5,0.563725471496582,1.0,1.0
4,6660,25000,0.3101237118244171,0.37277302145957947,1.1377061071016215e-07,1.0,1.1377061071016215e-07,0.0006698668585158885,0.003977574408054352,0.013481799513101578,0.03761468455195427,0.09509848803281784,0.2474280446767807,0.5,0.5633302330970764,1.0,1.0
4,6670,25000,0.30994924902915955,0.3727912902832031,1.2606855648300552e-07,1.0,1.2606855648300552e-07,0.0006750544416718185,0.003931897226721048,0.013714265078306198,0.03747841715812683,0.09473412483930588,0.2462277114391327,0.5,0.5609752535820007,1.0,1.0
4,6680,25000,0.3098943531513214,0.37283146381378174,1.4175654428072448e-07,1.0,1.4175654428072448e-07,0.0006995289586484432,0.003948087804019451,0.01337696798145771,0.037388984113931656,0.09417342394590378,0.24595966935157776,0.5,0.5621192455291748,1.0,1.0
4,6690,25000,0.30977776646614075,0.37285172939300537,1.2164218787802383e-07,1.0,1.2164218787802383e-07,0.0006756625371053815,0.0039426726289093494,0.013429566286504269,0.037346336990594864,0.09381161630153656,0.2460683286190033,0.5,0.5608112215995789,1.0,1.0
4,6700,25000,0.31003615260124207,0.37280046939849854,1.278833536844104e-07,1.0,1.278833536844104e-07,0.0006799253169447184,0.003958520945161581,0.013505876064300537,0.03758170083165169,0.09402912110090256,0.2472275346517563,0.5,0.5669457316398621,1.0,1.0
4,6710,25000,0.3098805248737335,0.3727828562259674,1.2571261720495386e-07,1.0,1.2571261720495386e-07,0.0006763935671187937,0.003939521964639425,0.013456050306558609,0.03733452409505844,0.09399297833442688,0.24700558185577393,0.5,0.5600000023841858,1.0,1.0
4,6720,25000,0.3098786473274231,0.37270063161849976,1.1311448844253391e-07,1.0,1.1311448844253391e-07,0.0006844219751656055,0.003960247617214918,0.013409709557890892,0.0373864509165287,0.09502890706062317,0.24681542813777924,0.5,0.5600000023841858,1.0,1.0
4,6730,25000,0.30992186069488525,0.3726702034473419,1.454429536806856e-07,1.0,1.454429536806856e-07,0.0006848803604952991,0.00395584711804986,0.013438417576253414,0.03739079833030701,0.0951308161020279,0.24796798825263977,0.5,0.5600000023841858,1.0,1.0
4,6740,25000,0.3099057674407959,0.37273600697517395,1.2557030970583583e-07,1.0,1.2557030970583583e-07,0.0006680541555397213,0.00393779156729579,0.013489644043147564,0.037297122180461884,0.09469638764858246,0.24815678596496582,0.5,0.5617396235466003,1.0,1.0
4,6750,25000,0.310162216424942,0.37271037697792053,1.3509576035630744e-07,1.0,1.3509576035630744e-07,0.0006851287325844169,0.0039458503015339375,0.013689376413822174,0.03745235875248909,0.09559134393930435,0.2471066415309906,0.5,0.563541829586029,1.0,1.0
4,6760,25000,0.30978596210479736,0.3728473484516144,1.1705716929100163e-07,1.0,1.1705716929100163e-07,0.0006815152592025697,0.0040077585726976395,0.013613789342343807,0.0373208187520504,0.09331156313419342,0.24575580656528473,0.5,0.5611061453819275,1.0,1.0
4,6770,25000,0.3098842203617096,0.3727656304836273,1.0241456038784236e-07,1.0,1.0241456038784236e-07,0.0006764994468539953,0.003922805190086365,0.013484165072441101,0.03767266497015953,0.09474249184131622,0.24527469277381897,0.5,0.5609965324401855,1.0,1.0
4,6780,25000,0.310019850730896,0.37281525135040283,1.5332157943248603e-07,1.0,1.5332157943248603e-07,0.0006747408770024776,0.003995839506387711,0.013463284820318222,0.0373162217438221,0.09435337036848068,0.24767224490642548,0.5,0.5600000023841858,1.0,1.0
4,6790,25000,0.3099166452884674,0.3727860748767853,9.36867365908256e-08,1.0,9.36867365908256e-08,0.0006721485988236964,0.003954059444367886,0.013433177024126053,0.03731578588485718,0.09443767368793488,0.24730315804481506,0.5,0.5600000023841858,1.0,1.0
4,6800,25000,0.30997323989868164,0.3727830946445465,1.6546997017030662e-07,1.0,1.6546997017030662e-07,0.0006842107977718115,0.003875304711982608,0.01341680996119976,0.03708701580762863,0.09413623809814453,0.24850398302078247,0.5,0.5605437159538269,1.0,1.0
4,6810,25000,0.30996039509773254,0.3728329837322235,1.399440776594929e-07,1.0,1.399440776594929e-07,0.0006674262695014477,0.0039470018818974495,0.013474829494953156,0.037508174777030945,0.09430061280727386,0.247382253408432,0.5,0.5607293248176575,1.0,1.0
4,6820,25000,0.30996644496917725,0.3727222979068756,1.3266236464914982e-07,1.0,1.3266236464914982e-07,0.0006855184910818934,0.003952162805944681,0.01340392604470253,0.03737683221697807,0.0944511741399765,0.2485979050397873,0.5,0.5609480142593384,1.0,1.0
4,6830,25000,0.3100561499595642,0.3728407025337219,1.1537626676272339e-07,1.0,1.1537626676272339e-07,0.0006778311799280345,0.0039205970242619514,0.01364437397569418,0.037605155259370804,0.09453006088733673,0.24773497879505157,0.5,0.5630517601966858,1.0,1.0
4,6840,25000,0.30995166301727295,0.3727116286754608,1.309250166059428e-07,1.0,1.309250166059428e-07,0.0006877006380818784,0.003920178860425949,0.013447816483676434,0.03742081671953201,0.09494918584823608,0.24678730964660645,0.5,0.5600000023841858,1.0,1.0
4,6850,25000,0.309957891702652,0.3728087246417999,1.340484629963612e-07,1.0,1.340484629963612e-07,0.0006752351764589548,0.0039026779122650623,0.013396352529525757,0.03711918368935585,0.09459644556045532,0.24752937257289886,0.5,0.5627778768539429,1.0,1.0
4,6860,25000,0.30998116731643677,0.37272539734840393,1.1944561606469506e-07,1.0,1.1944561606469506e-07,0.0006814124062657356,0.003998296335339546,0.01327083446085453,0.037588924169540405,0.0948534905910492,0.2477051466703415,0.5,0.5600000023841858,1.0,1.0
4,6870,25000,0.309906542301178,0.3728042542934418,1.0794546767556312e-07,1.0,1.0794546767556312e-07,0.0006827692850492895,0.0038881939835846424,0.013395645655691624,0.03750595450401306,0.09437818080186844,0.24590080976486206,0.5,0.5619748830795288,1.0,1.0
4,6880,25000,0.31003692746162415,0.3727816641330719,1.1067844241097191e-07,1.0,1.1067844241097191e-07,0.0006812486099079251,0.003939372021704912,0.013477170839905739,0.03740856423974037,0.09487558901309967,0.24712836742401123,0.5,0.562113344669342,1.0,1.0
4,6890,25000,0.31009918451309204,0.3727864623069763,1.0245107517903307e-07,1.0,1.0245107517903307e-07,0.0006881629815325141,0.003922245465219021,0.013588492758572102,0.03740997239947319,0.09496712684631348,0.24664035439491272,0.5,0.560735821723938,1.0,1.0
4,6900,25000,0.30995047092437744,0.372798889875412,1.213912668163175e-07,1.0,1.213912668163175e-07,0.0006885210168547928,0.00400198670104146,0.013543283566832542,0.037574589252471924,0.09452736377716064,0.24557417631149292,0.5,0.5611599683761597,1.0,1.0
4,6910,25000,0.310029000043869,0.37270450592041016,1.1662111631949301e-07,1.0,1.1662111631949301e-07,0.0006803215947002172,0.003936480265110731,0.013493712991476059,0.037684790790081024,0.09492309391498566,0.24801179766654968,0.5,0.5600000023841858,1.0,1.0
4,6920,25000,0.30990850925445557,0.37286269664764404,1.2843503327530925e-07,1.0,1.2843503327530925e-07,0.0006824253941886127,0.003946317359805107,0.013410710729658604,0.03736083209514618,0.09422153234481812,0.24706704914569855,0.5,0.5633314847946167,1.0,1.0
4,6930,25000,0.3099733591079712,0.3728230893611908,1.2214091782425385e-07,1.0,1.2214091782425385e-07,0.000687072635628283,0.003964349627494812,0.01344291027635336,0.037478283047676086,0.09447777271270752,0.24749773740768433,0.5,0.5600000023841858,1.0,1.0
4,6940,25000,0.31005072593688965,0.3728638291358948,1.4780202661768271e-07,1.0,1.4780202661768271e-07,0.000687160063534975,0.003927985671907663,0.013680761680006981,0.037410929799079895,0.09457117319107056,0.24680721759796143,0.5,0.5626543164253235,1.0,1.0
4,6950,25000,0.3099970519542694,0.3727530539035797,1.3673852095053007e-07,1.0,1.3673852095053007e-07,0.0006784218130633235,0.003968367353081703,0.01352030597627163,0.0375167541205883,0.09397979825735092,0.24656462669372559,0.5,0.5600000023841858,1.0,1.0
4,6960,25000,0.30995646119117737,0.37282463908195496,1.2506691859925922e-07,1.0,1.2506691859925922e-07,0.0006766286096535623,0.003923905547708273,0.013477358967065811,0.037448398768901825,0.0939447283744812,0.247064471244812,0.5,0.5621371865272522,1.0,1.0
4,6970,25000,0.3100511133670807,0.37276938557624817,1.3769123086149193e-07,1.0,1.3769123086149193e-07,0.0006709161098115146,0.003966366872191429,0.013517783023416996,0.037607256323099136,0.09443643689155579,0.24855002760887146,0.5,0.5600000023841858,1.0,1.0
4,6980,25000,0.30999693274497986,0.3728143572807312,1.1976084124398767e-07,1.0,1.1976084124398767e-07,0.0006914415862411261,0.003967774100601673,0.013434111140668392,0.037218958139419556,0.09519883245229721,0.24570190906524658,0.5,0.5600000023841858,1.0,1.0
4,6990,25000,0.30986180901527405,0.37272438406944275,9.550895896381917e-08,1.0,9.550895896381917e-08,0.0006782377604395151,0.003988736774772406,0.01348382793366909,0.03759709373116493,0.09436257928609848,0.24703744053840637,0.5,0.560589611530304,1.0,1.0
4,7000,25000,0.3098360002040863,0.37273845076560974,1.1206483208070495e-07,1.0,1.1206483208070495e-07,0.0006613166769966483,0.003988233860582113,0.013491668738424778,0.037422966212034225,0.09498026967048645,0.2470119297504425,0.5,0.5606791377067566,1.0,1.0
