step,epoch,n_refreshed,mean,std,min,max,q00,q10,q20,q30,q40,q50,q60,q70,q80,q90,q100
7,0,,0.6311169862747192,0.21414150297641754,0.5,1.0,0.5,0.5,0.5,0.5,0.5,0.5,0.5,0.5399999618530273,1.0,1.0,1.0
7,10,25000,0.32636386156082153,0.4186190366744995,9.99999905104687e-09,1.0,9.99999905104687e-09,8.390693437831942e-07,1.400329165335279e-05,0.00018282572273164988,0.0018254609312862158,0.016197726130485535,0.19340425729751587,0.5,1.0,1.0,1.0
7,20,25000,0.32626670598983765,0.4185945391654968,9.99999905104687e-09,1.0,9.99999905104687e-09,8.245357321357005e-07,1.3717819456360303e-05,0.00017855192709248513,0.001893221982754767,0.016388019546866417,0.1906343251466751,0.5,1.0,1.0,1.0
7,30,25000,0.32630425691604614,0.4186326265335083,9.99999905104687e-09,1.0,9.99999905104687e-09,8.213219189201482e-07,1.363982300972566e-05,0.00018144196656066924,0.00182030675932765,0.016425790265202522,0.19190384447574615,0.5,1.0,1.0,1.0
7,40,25000,0.32630324363708496,0.4185706675052643,9.99999905104687e-09,1.0,9.99999905104687e-09,8.013042815946392e-07,1.3814582416671328e-05,0.00018305855337530375,0.0018429828342050314,0.016418393701314926,0.19114121794700623,0.5,1.0,1.0,1.0
7,50,25000,0.3263169527053833,0.4186764657497406,9.99999905104687e-09,1.0,9.99999905104687e-09,8.223008194363501e-07,1.3585628039436415e-05,0.0001825788785936311,0.0018508817302063107,0.016130488365888596,0.18915985524654388,0.5,1.0,1.0,1.0
7,60,25000,0.32638582587242126,0.4186311364173889,9.99999905104687e-09,1.0,9.99999905104687e-09,7.910476256256516e-07,1.4049402125237975e-05,0.00017788505647331476,0.0018496402772143483,0.016328562051057816,0.1935783177614212,0.5,1.0,1.0,1.0
7,70,25000,0.3263423442840576,0.4187104403972626,9.99999905104687e-09,1.0,9.99999905104687e-09,8.176413075489108e-07,1.3991430023452267e-05,0.0001833282585721463,0.0018035700777545571,0.01614544168114662,0.19007372856140137,0.5,1.0,1.0,1.0
7,80,25000,0.3263840079307556,0.41868942975997925,9.99999905104687e-09,1.0,9.99999905104687e-09,8.221535381380818e-07,1.4002247553435154e-05,0.0001887153775896877,0.0018823322607204318,0.01599794626235962,0.19196975231170654,0.5,1.0,1.0,1.0
7,90,25000,0.32644400000572205,0.41871365904808044,9.99999905104687e-09,1.0,9.99999905104687e-09,8.241494242611225e-07,1.3698988368560094e-05,0.00018697835912462324,0.0017890406306833029,0.016110222786664963,0.19348621368408203,0.5,1.0,1.0,1.0
7,100,25000,0.3263561427593231,0.4187614321708679,9.99999905104687e-09,1.0,9.99999905104687e-09,8.104711923806462e-07,1.3742608643951826e-05,0.0001838662865338847,0.0018937407294288278,0.015937525779008865,0.19272789359092712,0.5,1.0,1.0,1.0
7,110,25000,0.3263940215110779,0.4187575876712799,9.99999905104687e-09,1.0,9.99999905104687e-09,8.193193821171008e-07,1.446266924176598e-05,0.0001861754135461524,0.0018396464874967933,0.01611609011888504,0.1938517540693283,0.5,1.0,1.0,1.0
7,120,25000,0.32646480202674866,0.4188157916069031,9.99999905104687e-09,1.0,9.99999905104687e-09,8.106887321446266e-07,1.3605012100015301e-05,0.00018097089196089655,0.0018650454003363848,0.016279034316539764,0.1927398294210434,0.5,1.0,1.0,1.0
7,130,25000,0.3264177143573761,0.4187600612640381,9.99999905104687e-09,1.0,9.99999905104687e-09,8.009218959159625e-07,1.3629878594656475e-05,0.00018093186372425407,0.0018233241280540824,0.0159282423555851,0.1923997849225998,0.5,1.0,1.0,1.0
7,140,25000,0.3265925943851471,0.4190990626811981,9.99999905104687e-09,1.0,9.99999905104687e-09,8.294533699881868e-07,1.3779818800685462e-05,0.00018568968516774476,0.0018280434887856245,0.016111433506011963,0.1905263066291809,0.5,1.0,1.0,1.0
7,150,25000,0.32693564891815186,0.41958317160606384,9.99999905104687e-09,1.0,9.99999905104687e-09,8.106360382953426e-07,1.4231030036171433e-05,0.00018115801503881812,0.001855627167969942,0.015900935977697372,0.19232726097106934,0.5,1.0,1.0,1.0
7,160,25000,0.32757294178009033,0.42009225487709045,9.99999905104687e-09,1.0,9.99999905104687e-09,8.213210094254464e-07,1.3798009604215622e-05,0.0001852407876867801,0.0018483418971300125,0.016002751886844635,0.1941940039396286,0.5,1.0,1.0,1.0
7,170,25000,0.32789427042007446,0.420452356338501,9.99999905104687e-09,1.0,9.99999905104687e-09,8.245605158663238e-07,1.3720758033741731e-05,0.0001790381211321801,0.0018365123542025685,0.01616070792078972,0.1891942024230957,0.5,1.0,1.0,1.0
7,180,25000,0.32819077372550964,0.4207264184951782,9.99999905104687e-09,1.0,9.99999905104687e-09,8.087253036137554e-07,1.4050541722099297e-05,0.0001889823324745521,0.0018381436821073294,0.0162668414413929,0.19278484582901,0.5,1.0,1.0,1.0
7,190,25000,0.328243225812912,0.4208891987800598,9.99999905104687e-09,1.0,9.99999905104687e-09,7.978439384714875e-07,1.3867535926692653e-05,0.00018164856010116637,0.0018420310225337744,0.016012107953429222,0.190891832113266,0.5,1.0,1.0,1.0
7,200,25000,0.32811301946640015,0.42083796858787537,9.99999905104687e-09,1.0,9.99999905104687e-09,8.323513611685485e-07,1.3753247003478464e-05,0.0001784317137207836,0.0018642847426235676,0.01638982445001602,0.18992586433887482,0.5,1.0,1.0,1.0
7,210,25000,0.3281328082084656,0.4207715690135956,9.99999905104687e-09,1.0,9.99999905104687e-09,8.124366672745964e-07,1.3995974768477026e-05,0.00017857369675766677,0.001860093092545867,0.01612064428627491,0.19077706336975098,0.5,1.0,1.0,1.0
7,220,25000,0.3282063901424408,0.420818567276001,9.99999905104687e-09,1.0,9.99999905104687e-09,8.025724582694238e-07,1.3950292668596376e-05,0.00018416743841953576,0.0018710504518821836,0.01589590311050415,0.19337470829486847,0.5,1.0,1.0,1.0
7,230,25000,0.32823190093040466,0.4208582639694214,9.99999905104687e-09,1.0,9.99999905104687e-09,8.072988180174434e-07,1.3480600500770379e-05,0.00018593386630527675,0.0018436230020597577,0.015831345692276955,0.19197268784046173,0.5,1.0,1.0,1.0
7,240,25000,0.3280502259731293,0.42089685797691345,9.99999905104687e-09,1.0,9.99999905104687e-09,8.254983754341083e-07,1.411935591022484e-05,0.00017880344239529222,0.0018553405534476042,0.015897419303655624,0.19013307988643646,0.5,1.0,1.0,1.0
7,250,25000,0.3282566964626312,0.42081165313720703,9.99999905104687e-09,1.0,9.99999905104687e-09,8.267306270681729e-07,1.3624152416014113e-05,0.0001843115605879575,0.0018675241153687239,0.01632029190659523,0.1916094273328781,0.5,1.0,1.0,1.0
7,260,25000,0.3281767666339874,0.4208679795265198,9.99999905104687e-09,1.0,9.99999905104687e-09,8.371644639737497e-07,1.3493960068444721e-05,0.00017888532602228224,0.0018505698535591364,0.01586451381444931,0.18998631834983826,0.5,1.0,1.0,1.0
7,270,25000,0.3282831907272339,0.42078131437301636,9.99999905104687e-09,1.0,9.99999905104687e-09,8.128037620735995e-07,1.3681276868737768e-05,0.00018751119205262512,0.0018593063578009605,0.01659274473786354,0.18950599431991577,0.5,1.0,1.0,1.0
7,280,25000,0.3281809389591217,0.42088162899017334,9.99999905104687e-09,1.0,9.99999905104687e-09,8.301856837533705e-07,1.3939218661107589e-05,0.0001798647572286427,0.0018861866556107998,0.01574970781803131,0.1923159509897232,0.5,1.0,1.0,1.0
7,290,25000,0.3282715976238251,0.4208611249923706,9.99999905104687e-09,1.0,9.99999905104687e-09,8.099445381049009e-07,1.3874338947061915e-05,0.00017955309886019677,0.0018174361903220415,0.016029266640543938,0.19304119050502777,0.5,1.0,1.0,1.0
7,300,25000,0.3282664716243744,0.42081698775291443,9.99999905104687e-09,1.0,9.99999905104687e-09,8.056650244725461e-07,1.389200406265445e-05,0.00018964105402119458,0.0018315375782549381,0.016099411994218826,0.19185420870780945,0.5,1.0,1.0,1.0
7,310,25000,0.32832446694374084,0.42098578810691833,9.99999905104687e-09,1.0,9.99999905104687e-09,8.251650456259085e-07,1.3771082194580231e-05,0.00018172278942074627,0.0018264430109411478,0.015953728929162025,0.19184458255767822,0.5,1.0,1.0,1.0
7,320,25000,0.3282729685306549,0.4209272265434265,9.99999905104687e-09,1.0,9.99999905104687e-09,8.155566888490284e-07,1.3643159945786465e-05,0.00018288244609721005,0.0018496030243113637,0.015895212069153786,0.19177189469337463,0.5,1.0,1.0,1.0
7,330,25000,0.32836034893989563,0.4209284484386444,9.99999905104687e-09,1.0,9.99999905104687e-09,8.222521614698053e-07,1.3810436030325945e-05,0.00018406400340609252,0.0018867567414417863,0.016026310622692108,0.19283068180084229,0.5,1.0,1.0,1.0
7,340,25000,0.3283645510673523,0.420928418636322,9.99999905104687e-09,1.0,9.99999905104687e-09,8.193254643629189e-07,1.3868460882804357e-05,0.00018384993018116802,0.0018574511632323265,0.016065780073404312,0.1914234310388565,0.5,1.0,1.0,1.0
7,350,25000,0.3283127248287201,0.42098724842071533,9.99999905104687e-09,1.0,9.99999905104687e-09,8.101333150989376e-07,1.357189830741845e-05,0.0001823400816647336,0.0018546204082667828,0.01609230414032936,0.19017498195171356,0.5,1.0,1.0,1.0
7,360,25000,0.32826271653175354,0.4209708273410797,9.99999905104687e-09,1.0,9.99999905104687e-09,8.107723488137708e-07,1.3918830518377945e-05,0.00017603885498829186,0.001860469812527299,0.01599140837788582,0.18998272716999054,0.5,1.0,1.0,1.0
7,370,25000,0.3283730149269104,0.42093709111213684,9.99999905104687e-09,1.0,9.99999905104687e-09,8.099100909930712e-07,1.3940102689957712e-05,0.00018417529645375907,0.0018539547454565763,0.016097772866487503,0.19085361063480377,0.5,1.0,1.0,1.0
7,380,25000,0.3283444941043854,0.42093560099601746,9.99999905104687e-09,1.0,9.99999905104687e-09,8.101451953734795e-07,1.3796318853565026e-05,0.00018018734408542514,0.001850769971497357,0.01621173322200775,0.19232480227947235,0.5,1.0,1.0,1.0
7,390,25000,0.3283837139606476,0.42096883058547974,9.99999905104687e-09,1.0,9.99999905104687e-09,8.222352789744036e-07,1.4101336091698613e-05,0.0001762000611051917,0.0018049293430522084,0.01635037362575531,0.19098836183547974,0.5,1.0,1.0,1.0
7,400,25000,0.32837149500846863,0.42089539766311646,9.99999905104687e-09,1.0,9.99999905104687e-09,8.367429700228968e-07,1.3655803741130512e-05,0.00018521715537644923,0.0018116725841537118,0.01611935719847679,0.1939581036567688,0.5,1.0,1.0,1.0
7,410,25000,0.328309029340744,0.42095521092414856,9.99999905104687e-09,1.0,9.99999905104687e-09,8.282858061647858e-07,1.3909654626331758e-05,0.00018268155690748245,0.0018325191922485828,0.015981357544660568,0.1945808082818985,0.5,1.0,1.0,1.0
7,420,25000,0.3284063935279846,0.4209422767162323,9.99999905104687e-09,1.0,9.99999905104687e-09,8.173064429684018e-07,1.3593124094768427e-05,0.0001830734108807519,0.001872536726295948,0.016237210482358932,0.19275350868701935,0.5,1.0,1.0,1.0
7,430,25000,0.328309565782547,0.4210462272167206,9.99999905104687e-09,1.0,9.99999905104687e-09,8.023578743632243e-07,1.3795211089018267e-05,0.0001807900407584384,0.00179438223131001,0.015780474990606308,0.18824581801891327,0.5,1.0,1.0,1.0
7,440,25000,0.32839176058769226,0.4210445284843445,9.99999905104687e-09,1.0,9.99999905104687e-09,8.091262202469807e-07,1.3803792171529494e-05,0.00018047318735625595,0.0017873249016702175,0.01601284183561802,0.19033950567245483,0.5,1.0,1.0,1.0
7,450,25000,0.32833412289619446,0.42095980048179626,9.99999905104687e-09,1.0,9.99999905104687e-09,8.160404831869528e-07,1.3809240044793114e-05,0.00018460798310115933,0.0018621034687384963,0.016225021332502365,0.1915590465068817,0.5,1.0,1.0,1.0
7,460,25000,0.32838451862335205,0.4208836853504181,9.99999905104687e-09,1.0,9.99999905104687e-09,8.130681408147211e-07,1.3579701771959662e-05,0.0001816915173549205,0.0018894607201218605,0.01609082520008087,0.19355452060699463,0.5,1.0,1.0,1.0
7,470,25000,0.3284745514392853,0.42095082998275757,9.99999905104687e-09,1.0,9.99999905104687e-09,8.096346277852717e-07,1.3699926967092324e-05,0.00018512674432713538,0.0018823683494701982,0.01625955104827881,0.1933942437171936,0.5,1.0,1.0,1.0
7,480,25000,0.32845669984817505,0.4209609627723694,9.99999905104687e-09,1.0,9.99999905104687e-09,8.077098527792259e-07,1.3619274795928504e-05,0.00018316875502932817,0.0018487509805709124,0.016390956938266754,0.19053086638450623,0.5,1.0,1.0,1.0
7,490,25000,0.3283885419368744,0.42093342542648315,9.99999905104687e-09,1.0,9.99999905104687e-09,8.217889444495086e-07,1.3727576515520923e-05,0.0001770111412042752,0.0018420673441141844,0.016164084896445274,0.1933819055557251,0.5,1.0,1.0,1.0
7,500,25000,0.32844194769859314,0.4209231734275818,9.99999905104687e-09,1.0,9.99999905104687e-09,8.179321184798027e-07,1.3716618923353963e-05,0.00017722796474117786,0.001865206053480506,0.015925664454698563,0.19612464308738708,0.5,1.0,1.0,1.0
7,510,25000,0.32832542061805725,0.42094507813453674,9.99999905104687e-09,1.0,9.99999905104687e-09,8.013655588001711e-07,1.379863988404395e-05,0.00017489127640146762,0.0018339696107432246,0.01600074954330921,0.19181859493255615,0.5,1.0,1.0,1.0
7,520,25000,0.328299880027771,0.4209762215614319,9.99999905104687e-09,1.0,9.99999905104687e-09,8.251654435298406e-07,1.3783610484097153e-05,0.00018121485481970012,0.0018179344478994608,0.01633443683385849,0.18933510780334473,0.5,1.0,1.0,1.0
7,530,25000,0.3284432888031006,0.42093390226364136,9.99999905104687e-09,1.0,9.99999905104687e-09,8.161586038113455e-07,1.3807379218633287e-05,0.0001834329159464687,0.00187673547770828,0.01602560095489025,0.1933193951845169,0.5,1.0,1.0,1.0
7,540,25000,0.3284105062484741,0.42096126079559326,9.99999905104687e-09,1.0,9.99999905104687e-09,8.263470476777002e-07,1.332551892119227e-05,0.00018378652748651803,0.0018375148065388203,0.016124192625284195,0.19236943125724792,0.5,1.0,1.0,1.0
7,550,25000,0.32830968499183655,0.4210037887096405,9.99999905104687e-09,1.0,9.99999905104687e-09,8.217892286666029e-07,1.391533442074433e-05,0.00018277655181009322,0.0018464312888681889,0.016208674758672714,0.19211746752262115,0.5,1.0,1.0,1.0
7,560,25000,0.3283647894859314,0.4209704101085663,9.99999905104687e-09,1.0,9.99999905104687e-09,8.137586178236234e-07,1.3644489627040457e-05,0.00018323292897548527,0.001842379104346037,0.016195286065340042,0.19346067309379578,0.5,1.0,1.0,1.0
7,570,25000,0.32836097478866577,0.4209403693675995,9.99999905104687e-09,1.0,9.99999905104687e-09,8.227148668993323e-07,1.3953756933915429e-05,0.00018060093862004578,0.0018528931541368365,0.0162794291973114,0.19276535511016846,0.5,1.0,1.0,1.0
7,580,25000,0.3282930850982666,0.420989066362381,9.99999905104687e-09,1.0,9.99999905104687e-09,8.029382456697931e-07,1.3551699339586776e-05,0.00018029917555395514,0.0018256002804264426,0.016216326504945755,0.1880725771188736,0.5,1.0,1.0,1.0
7,590,25000,0.3283037841320038,0.42101991176605225,9.99999905104687e-09,1.0,9.99999905104687e-09,8.144368166540517e-07,1.4021077731740661e-05,0.00018303147226106375,0.0018282784149050713,0.016057074069976807,0.19030781090259552,0.5,1.0,1.0,1.0
7,600,25000,0.32843783497810364,0.4209609925746918,9.99999905104687e-09,1.0,9.99999905104687e-09,8.232206027969369e-07,1.3850964023731649e-05,0.00018163952336180955,0.0018386553274467587,0.016098810359835625,0.193373903632164,0.5,1.0,1.0,1.0
7,610,25000,0.32837364077568054,0.4210032820701599,9.99999905104687e-09,1.0,9.99999905104687e-09,8.276609264612489e-07,1.3829674571752548e-05,0.0001784693740773946,0.0018126418581232429,0.01595129631459713,0.19461168348789215,0.5,1.0,1.0,1.0
7,620,25000,0.328301340341568,0.4210100769996643,9.99999905104687e-09,1.0,9.99999905104687e-09,8.228012688960007e-07,1.42616900120629e-05,0.0001844598591560498,0.0018434111261740327,0.01584315299987793,0.19558730721473694,0.5,1.0,1.0,1.0
7,630,25000,0.32837143540382385,0.4209551215171814,9.99999905104687e-09,1.0,9.99999905104687e-09,8.17343106973567e-07,1.3922896869189572e-05,0.00018728975555859506,0.0018601639894768596,0.01630629226565361,0.190778911113739,0.5,1.0,1.0,1.0
7,640,25000,0.3283761739730835,0.4209411144256592,9.99999905104687e-09,1.0,9.99999905104687e-09,8.259247010755644e-07,1.3424029930320103e-05,0.00018332371837459505,0.0018394371727481484,0.01637236773967743,0.19023460149765015,0.5,1.0,1.0,1.0
7,650,25000,0.3283056616783142,0.4209897816181183,9.99999905104687e-09,1.0,9.99999905104687e-09,8.180377335520461e-07,1.4058789929549675e-05,0.00018060590082313865,0.0018405391601845622,0.016217540949583054,0.18861059844493866,0.5,1.0,1.0,1.0
7,660,25000,0.32832300662994385,0.4209180772304535,9.99999905104687e-09,1.0,9.99999905104687e-09,8.144878052007698e-07,1.3585484339273535e-05,0.00018168598762713373,0.0018499995348975062,0.016109023243188858,0.19124864041805267,0.5,1.0,1.0,1.0
7,670,25000,0.32838964462280273,0.42090538144111633,9.99999905104687e-09,1.0,9.99999905104687e-09,8.169599823304452e-07,1.3916697753302287e-05,0.00018570182146504521,0.0018724123947322369,0.016116652637720108,0.19509491324424744,0.5,1.0,1.0,1.0
7,680,25000,0.32823410630226135,0.4209403097629547,9.99999905104687e-09,1.0,9.99999905104687e-09,8.234420079133997e-07,1.3653284440806601e-05,0.00018762750551104546,0.0018651814898476005,0.016019845381379128,0.1938495635986328,0.5,1.0,1.0,1.0
7,690,25000,0.32829752564430237,0.4209344983100891,9.99999905104687e-09,1.0,9.99999905104687e-09,8.065649126365315e-07,1.3534759091271553e-05,0.00018220821220893413,0.0018701496301218867,0.01628141477704048,0.1896909773349762,0.5,1.0,1.0,1.0
7,700,25000,0.32827386260032654,0.4209293723106384,9.99999905104687e-09,1.0,9.99999905104687e-09,8.254612566815922e-07,1.348509522358654e-05,0.0001851074630394578,0.0018173817079514265,0.015987684950232506,0.19273649156093597,0.5,1.0,1.0,1.0
7,710,25000,0.3283737599849701,0.42093029618263245,9.99999905104687e-09,1.0,9.99999905104687e-09,8.164372502506012e-07,1.3828691407979932e-05,0.00018618580361362547,0.0018756941426545382,0.015970846638083458,0.19171665608882904,0.5,1.0,1.0,1.0
7,720,25000,0.32831519842147827,0.4208740293979645,9.99999905104687e-09,1.0,9.99999905104687e-09,8.225881629186915e-07,1.4034987543709576e-05,0.00018263923993799835,0.0018594082212075591,0.016205206513404846,0.19424232840538025,0.5,1.0,1.0,1.0
7,730,25000,0.3283196687698364,0.4208988845348358,9.99999905104687e-09,1.0,9.99999905104687e-09,8.353328553312167e-07,1.3753522580373101e-05,0.00018037711561191827,0.001832299749366939,0.016002262011170387,0.18953068554401398,0.5,1.0,1.0,1.0
7,740,25000,0.3282026946544647,0.42085880041122437,9.99999905104687e-09,1.0,9.99999905104687e-09,8.033449603317422e-07,1.4004254808241967e-05,0.00018452174845151603,0.0018606410594657063,0.016097407788038254,0.1908448040485382,0.5,1.0,1.0,1.0
7,750,25000,0.32817453145980835,0.4208606481552124,9.99999905104687e-09,1.0,9.99999905104687e-09,8.139528517858707e-07,1.3993925676913932e-05,0.00018220269703306258,0.0017940104007720947,0.015961475670337677,0.19031263887882233,0.5,1.0,1.0,1.0
7,760,25000,0.32828760147094727,0.42091459035873413,9.99999905104687e-09,1.0,9.99999905104687e-09,8.36853530472581e-07,1.3977152775623836e-05,0.00018225192616228014,0.0018894734093919396,0.01601126603782177,0.1901077777147293,0.5,1.0,1.0,1.0
7,770,25000,0.3283484876155853,0.4208792448043823,9.99999905104687e-09,1.0,9.99999905104687e-09,8.241783575613226e-07,1.3766267329629045e-05,0.00018981446919497102,0.0018593030981719494,0.01614880934357643,0.1943172812461853,0.5,1.0,1.0,1.0
7,780,25000,0.3282400369644165,0.42095234990119934,9.99999905104687e-09,1.0,9.99999905104687e-09,8.108027600428613e-07,1.381519359711092e-05,0.00017773309082258493,0.0018355875508859754,0.015901949256658554,0.19171056151390076,0.5,1.0,1.0,1.0
7,790,25000,0.328224778175354,0.4208579659461975,9.99999905104687e-09,1.0,9.99999905104687e-09,8.189940103875415e-07,1.3688824765267782e-05,0.00018269306747242808,0.0018604474607855082,0.016175679862499237,0.19329552352428436,0.5,1.0,1.0,1.0
7,800,25000,0.3281555771827698,0.4208087623119354,9.99999905104687e-09,1.0,9.99999905104687e-09,8.017877917154692e-07,1.4314527106762398e-05,0.00018326423014514148,0.0018682745285332203,0.016063328832387924,0.1896156221628189,0.5,1.0,1.0,1.0
7,810,25000,0.32825905084609985,0.4208199083805084,9.99999905104687e-09,1.0,9.99999905104687e-09,8.218752327593393e-07,1.3519792446459178e-05,0.00017943832790479064,0.001809526700526476,0.016026781871914864,0.19178052246570587,0.5,1.0,1.0,1.0
7,820,25000,0.3281644880771637,0.4208391606807709,9.99999905104687e-09,1.0,9.99999905104687e-09,8.070291528383677e-07,1.336819968855707e-05,0.0001814944262150675,0.0018336041830480099,0.016081899404525757,0.19264525175094604,0.5,1.0,1.0,1.0
7,830,25000,0.32824820280075073,0.42078089714050293,9.99999905104687e-09,1.0,9.99999905104687e-09,8.172812044904276e-07,1.3998504073242657e-05,0.00018118094885721803,0.0018881082069128752,0.016071004793047905,0.19219571352005005,0.5,1.0,1.0,1.0
7,840,25000,0.3282243609428406,0.4208141267299652,9.99999905104687e-09,1.0,9.99999905104687e-09,8.236656299231981e-07,1.3488733202393632e-05,0.00018385142902843654,0.0018021700670942664,0.01610569655895233,0.19337452948093414,0.5,1.0,1.0,1.0
7,850,25000,0.3283263146877289,0.42088302969932556,9.99999905104687e-09,1.0,9.99999905104687e-09,8.198462069231027e-07,1.3938742995378561e-05,0.00017727904196362942,0.0018144961213693023,0.015862267464399338,0.19383381307125092,0.5,1.0,1.0,1.0
7,860,25000,0.32834839820861816,0.4208184778690338,9.99999905104687e-09,1.0,9.99999905104687e-09,8.320199071931711e-07,1.37942533910973e-05,0.00017972120258491486,0.0018199129262939095,0.016388922929763794,0.19407764077186584,0.5,1.0,1.0,1.0
7,870,25000,0.3282354176044464,0.4207797944545746,9.99999905104687e-09,1.0,9.99999905104687e-09,8.186459012904379e-07,1.3776585547020659e-05,0.00018548032676335424,0.0019045824883505702,0.015995655208826065,0.1915661096572876,0.5,1.0,1.0,1.0
7,880,25000,0.328215092420578,0.42088693380355835,9.99999905104687e-09,1.0,9.99999905104687e-09,8.308307997140219e-07,1.3795144695905037e-05,0.00018377367814537138,0.0018458478152751923,0.016215406358242035,0.18916508555412292,0.5,1.0,1.0,1.0
7,890,25000,0.32823288440704346,0.42083171010017395,9.99999905104687e-09,1.0,9.99999905104687e-09,8.090671599347843e-07,1.379997320327675e-05,0.00018393390928395092,0.0018485068576410413,0.016092216596007347,0.190977543592453,0.5,1.0,1.0,1.0
7,900,25000,0.3281935453414917,0.42089009284973145,9.99999905104687e-09,1.0,9.99999905104687e-09,8.109780083032092e-07,1.3685706107935403e-05,0.00018251212895847857,0.0018586773658171296,0.01637885347008705,0.1903388649225235,0.5,1.0,1.0,1.0
7,910,25000,0.32820549607276917,0.4207529127597809,9.99999905104687e-09,1.0,9.99999905104687e-09,8.090495384749374e-07,1.3442753697745502e-05,0.00018443638691678643,0.0018639996415004134,0.01641888916492462,0.18956109881401062,0.5,1.0,1.0,1.0
7,920,25000,0.3282213509082794,0.4208148121833801,9.99999905104687e-09,1.0,9.99999905104687e-09,8.191718166017381e-07,1.4196729352988768e-05,0.00018191961862612516,0.0018719532527029514,0.01624186709523201,0.19119763374328613,0.5,1.0,1.0,1.0
7,930,25000,0.3282051682472229,0.4207569360733032,9.99999905104687e-09,1.0,9.99999905104687e-09,8.133866913340171e-07,1.3294577911437955e-05,0.00018249046115670353,0.0018813001224771142,0.01646392047405243,0.19324329495429993,0.5,1.0,1.0,1.0
7,940,25000,0.3281500041484833,0.4208257794380188,9.99999905104687e-09,1.0,9.99999905104687e-09,8.307158623210853e-07,1.363385672448203e-05,0.00018109347729478031,0.001880165422335267,0.016077445819973946,0.1873951405286789,0.5,1.0,1.0,1.0
7,950,25000,0.32809019088745117,0.42083191871643066,9.99999905104687e-09,1.0,9.99999905104687e-09,8.410430041294603e-07,1.3850471077603288e-05,0.000183000709512271,0.0018268889980390668,0.01598251610994339,0.19268395006656647,0.5,1.0,1.0,1.0
7,960,25000,0.32824137806892395,0.4207810163497925,9.99999905104687e-09,1.0,9.99999905104687e-09,8.146305390255293e-07,1.3649666470882948e-05,0.00018218776676803827,0.0018379325047135353,0.016106396913528442,0.19233687222003937,0.5,1.0,1.0,1.0
7,970,25000,0.3283275365829468,0.4208430051803589,9.99999905104687e-09,1.0,9.99999905104687e-09,8.231239121414546e-07,1.4068993550608866e-05,0.00018178207392338663,0.0018246573163196445,0.016354259103536606,0.19315548241138458,0.5,1.0,1.0,1.0
7,980,25000,0.328177809715271,0.42081570625305176,9.99999905104687e-09,1.0,9.99999905104687e-09,8.002475624380168e-07,1.3835535355610773e-05,0.00018240064673591405,0.0018315386259928346,0.015977229923009872,0.18903079628944397,0.5,1.0,1.0,1.0
7,990,25000,0.3281777799129486,0.42082467675209045,9.99999905104687e-09,1.0,9.99999905104687e-09,8.279230314656161e-07,1.3645403669215739e-05,0.00018846058810595423,0.0018563511548563838,0.015942178666591644,0.1900634765625,0.5,1.0,1.0,1.0
7,1000,25000,0.328134149312973,0.4208205044269562,9.99999905104687e-09,1.0,9.99999905104687e-09,8.142666274579824e-07,1.3773668797512073e-05,0.0001847207167884335,0.0019064291846007109,0.016055896878242493,0.18804289400577545,0.5,1.0,1.0,1.0
7,1010,25000,0.3282143175601959,0.4208163917064667,9.99999905104687e-09,1.0,9.99999905104687e-09,8.174258709914284e-07,1.4033797015144955e-05,0.00018192388233728707,0.0018406108720228076,0.015828032046556473,0.19197328388690948,0.5,1.0,1.0,1.0
7,1020,25000,0.32813435792922974,0.42081892490386963,9.99999905104687e-09,1.0,9.99999905104687e-09,8.263169206657039e-07,1.3984678844281007e-05,0.0001838094904087484,0.0018623375799506903,0.016216382384300232,0.19230689108371735,0.5,1.0,1.0,1.0
7,1030,25000,0.32812732458114624,0.42081281542778015,9.99999905104687e-09,1.0,9.99999905104687e-09,8.352396889677038e-07,1.3716636203753296e-05,0.0001794113195501268,0.0018448205664753914,0.01593869924545288,0.19102102518081665,0.5,1.0,1.0,1.0
7,1040,25000,0.32808464765548706,0.42080074548721313,9.99999905104687e-09,1.0,9.99999905104687e-09,8.316142157127615e-07,1.4307578567240853e-05,0.00018567126244306564,0.0018358721863478422,0.01589341089129448,0.19056303799152374,0.5,1.0,1.0,1.0
7,1050,25000,0.3282492160797119,0.420737087726593,9.99999905104687e-09,1.0,9.99999905104687e-09,8.182263400158263e-07,1.3774086255580187e-05,0.00018605896912049502,0.0018229358829557896,0.016504403203725815,0.19228783249855042,0.5,1.0,1.0,1.0
7,1060,25000,0.3281894624233246,0.4208230972290039,9.99999905104687e-09,1.0,9.99999905104687e-09,8.015400680960738e-07,1.3610125279228669e-05,0.0001852576097007841,0.001831026398576796,0.016077198088169098,0.19206154346466064,0.5,1.0,1.0,1.0
7,1070,25000,0.3282649517059326,0.4207910895347595,9.99999905104687e-09,1.0,9.99999905104687e-09,8.117395964291063e-07,1.3698828297492582e-05,0.00018486115732230246,0.0018108481308445334,0.01627429760992527,0.1934364140033722,0.5,1.0,1.0,1.0
7,1080,25000,0.3281933665275574,0.42079219222068787,9.99999905104687e-09,1.0,9.99999905104687e-09,8.069140449151746e-07,1.3880247024644632e-05,0.00018416378588881344,0.001815927680581808,0.016153164207935333,0.19137054681777954,0.5,1.0,1.0,1.0
7,1090,25000,0.32824623584747314,0.42082035541534424,9.99999905104687e-09,1.0,9.99999905104687e-09,8.322895723722468e-07,1.3782802852801979e-05,0.0001830014807637781,0.0018426930764690042,0.016280297189950943,0.19199402630329132,0.5,1.0,1.0,1.0
7,1100,25000,0.32818469405174255,0.42081815004348755,9.99999905104687e-09,1.0,9.99999905104687e-09,8.202620733754884e-07,1.4160090358927846e-05,0.00018439740233588964,0.0018806539010256529,0.015884317457675934,0.1919630765914917,0.5,1.0,1.0,1.0
7,1110,25000,0.32814791798591614,0.4208724796772003,9.99999905104687e-09,1.0,9.99999905104687e-09,8.067204930739535e-07,1.3727611985814292e-05,0.00018362139235250652,0.0018087064381688833,0.016040142625570297,0.19108176231384277,0.5,1.0,1.0,1.0
7,1120,25000,0.3281742036342621,0.42078274488449097,9.99999905104687e-09,1.0,9.99999905104687e-09,8.130646733661706e-07,1.4085541806707624e-05,0.0001878641196526587,0.0018493968527764082,0.015862036496400833,0.1926341950893402,0.5,1.0,1.0,1.0
7,1130,25000,0.3281642198562622,0.4208015501499176,9.99999905104687e-09,1.0,9.99999905104687e-09,7.870200988691067e-07,1.3951585060567595e-05,0.00018012394139077514,0.0018657775362953544,0.016139550134539604,0.1943802684545517,0.5,1.0,1.0,1.0
7,1140,25000,0.32805946469306946,0.42081505060195923,9.99999905104687e-09,1.0,9.99999905104687e-09,8.08838194643613e-07,1.3855506949767005e-05,0.00018426454334985465,0.0018505522748455405,0.016259031370282173,0.1929323524236679,0.5,1.0,1.0,1.0
7,1150,25000,0.32809093594551086,0.42082566022872925,9.99999905104687e-09,1.0,9.99999905104687e-09,8.165828262463037e-07,1.3742481314693578e-05,0.0001793461269699037,0.0018301642267033458,0.015982545912265778,0.19038055837154388,0.5,1.0,1.0,1.0
7,1160,25000,0.32818594574928284,0.42080408334732056,9.99999905104687e-09,1.0,9.99999905104687e-09,8.16318106444669e-07,1.36359958560206e-05,0.00018723048560786992,0.0018206079257652164,0.016393199563026428,0.1906447410583496,0.5,1.0,1.0,1.0
7,1170,25000,0.3280731737613678,0.42079806327819824,9.99999905104687e-09,1.0,9.99999905104687e-09,8.184741773220594e-07,1.3856206351192668e-05,0.0001835931179812178,0.0018811908084899187,0.01620592549443245,0.19185374677181244,0.5,1.0,1.0,1.0
7,1180,25000,0.32825377583503723,0.420750230550766,9.99999905104687e-09,1.0,9.99999905104687e-09,8.067102612585586e-07,1.418846568412846e-05,0.0001838231401052326,0.0018576540751382709,0.016225147992372513,0.1930823028087616,0.5,1.0,1.0,1.0
7,1190,25000,0.3281274139881134,0.42085012793540955,9.99999905104687e-09,1.0,9.99999905104687e-09,8.245631875070103e-07,1.3493905498762615e-05,0.00018159119645133615,0.0018375542713329196,0.015976998955011368,0.1892913579940796,0.5,1.0,1.0,1.0
7,1200,25000,0.3281483054161072,0.4207695424556732,9.99999905104687e-09,1.0,9.99999905104687e-09,8.108589213406958e-07,1.3553362805396318e-05,0.00018016759713646024,0.0018499610014259815,0.016010776162147522,0.19300174713134766,0.5,1.0,1.0,1.0
7,1210,25000,0.3281046450138092,0.42081671953201294,9.99999905104687e-09,1.0,9.99999905104687e-09,8.209034376704949e-07,1.4079359061724972e-05,0.00017810305871535093,0.001814186805859208,0.016106940805912018,0.1897074580192566,0.5,1.0,1.0,1.0
7,1220,25000,0.3281085193157196,0.4207190275192261,9.99999905104687e-09,1.0,9.99999905104687e-09,8.149223731379607e-07,1.3735841093875933e-05,0.0001786483044270426,0.0018390911864116788,0.016120370477437973,0.19016610085964203,0.5,1.0,1.0,1.0
7,1230,25000,0.3282262086868286,0.4207626283168793,9.99999905104687e-09,1.0,9.99999905104687e-09,8.130493256430782e-07,1.3745040632784367e-05,0.00018697870837058872,0.0018783384002745152,0.016289129853248596,0.1925872564315796,0.5,1.0,1.0,1.0
7,1240,25000,0.3283497095108032,0.42076823115348816,9.99999905104687e-09,1.0,9.99999905104687e-09,8.201257060136413e-07,1.3758266504737549e-05,0.000179565220605582,0.0018281959928572178,0.016431398689746857,0.19377975165843964,0.5,1.0,1.0,1.0
7,1250,25000,0.3283158838748932,0.4208132028579712,9.99999905104687e-09,1.0,9.99999905104687e-09,8.12390680948738e-07,1.3766659321845509e-05,0.0001806391082936898,0.001837129588238895,0.015848632901906967,0.1935669630765915,0.5,1.0,1.0,1.0
7,1260,25000,0.32806849479675293,0.4207538068294525,9.99999905104687e-09,1.0,9.99999905104687e-09,8.165810641003191e-07,1.3774208127870224e-05,0.00018588329839985818,0.0018055669497698545,0.016006220132112503,0.19209864735603333,0.5,1.0,1.0,1.0
7,1270,25000,0.3280583918094635,0.42088645696640015,9.99999905104687e-09,1.0,9.99999905104687e-09,7.997762168088229e-07,1.3527343071473297e-05,0.00018362203263677657,0.001832763198763132,0.015947194769978523,0.18895867466926575,0.5,1.0,1.0,1.0
7,1280,25000,0.32821932435035706,0.4206991493701935,9.99999905104687e-09,1.0,9.99999905104687e-09,8.237650490627857e-07,1.35855179905775e-05,0.00017910671886056662,0.0018317683134227991,0.016125839203596115,0.1933061182498932,0.5,1.0,1.0,1.0
7,1290,25000,0.32814353704452515,0.42074257135391235,9.99999905104687e-09,1.0,9.99999905104687e-09,8.266508757515112e-07,1.3449514881358482e-05,0.00018294127949047834,0.001851239474490285,0.016171928495168686,0.19066773355007172,0.5,1.0,1.0,1.0
7,1300,25000,0.328174889087677,0.4207778573036194,9.99999905104687e-09,1.0,9.99999905104687e-09,8.104678954623523e-07,1.3861390470992774e-05,0.0001819721655920148,0.0018445209134370089,0.016211893409490585,0.1918553113937378,0.5,1.0,1.0,1.0
7,1310,25000,0.3281911015510559,0.42078909277915955,9.99999905104687e-09,1.0,9.99999905104687e-09,8.197594638659211e-07,1.3662346646015067e-05,0.00018320782692171633,0.001899626455269754,0.01603478007018566,0.19220592081546783,0.5,1.0,1.0,1.0
7,1320,25000,0.32808512449264526,0.4207790195941925,9.99999905104687e-09,1.0,9.99999905104687e-09,8.159465778589947e-07,1.4135047422314528e-05,0.00018507600179873407,0.0018380284309387207,0.016381844878196716,0.19082796573638916,0.5,1.0,1.0,1.0
7,1330,25000,0.3280412554740906,0.420786589384079,9.99999905104687e-09,1.0,9.99999905104687e-09,8.102839501589187e-07,1.3954970199847594e-05,0.00018096489657182246,0.0018520193407312036,0.01592632755637169,0.18853582441806793,0.5,1.0,1.0,1.0
7,1340,25000,0.32815200090408325,0.420748233795166,9.99999905104687e-09,1.0,9.99999905104687e-09,8.265712381216872e-07,1.3915208910475485e-05,0.0001806157670216635,0.001856374554336071,0.016446338966488838,0.19053809344768524,0.5,1.0,1.0,1.0
7,1350,25000,0.3281833827495575,0.42085298895835876,9.99999905104687e-09,1.0,9.99999905104687e-09,8.06855496193748e-07,1.40933780130581e-05,0.00018430179625283927,0.0018613128922879696,0.016182031482458115,0.19018951058387756,0.5,1.0,1.0,1.0
7,1360,25000,0.3282119333744049,0.4207695722579956,9.99999905104687e-09,1.0,9.99999905104687e-09,8.10433732567617e-07,1.3793686775898095e-05,0.00018142577027902007,0.0018890092615038157,0.016181930899620056,0.19299183785915375,0.5,1.0,1.0,1.0
7,1370,25000,0.3281504809856415,0.4207819104194641,9.99999905104687e-09,1.0,9.99999905104687e-09,8.141771559166955e-07,1.4143770385999233e-05,0.000183551775990054,0.0018517541466280818,0.016073159873485565,0.1940845400094986,0.5,1.0,1.0,1.0
7,1380,25000,0.3282090723514557,0.42081016302108765,9.99999905104687e-09,1.0,9.99999905104687e-09,8.081663054326782e-07,1.4319698493636679e-05,0.00018335331697016954,0.0018269906286150217,0.0162604171782732,0.1885249763727188,0.5,1.0,1.0,1.0
7,1390,25000,0.3280225396156311,0.42078593373298645,9.99999905104687e-09,1.0,9.99999905104687e-09,8.005475820027641e-07,1.368704397464171e-05,0.0001834465510910377,0.0018469903152436018,0.016214650124311447,0.18974590301513672,0.5,1.0,1.0,1.0
7,1400,25000,0.3281663656234741,0.4207703173160553,9.99999905104687e-09,1.0,9.99999905104687e-09,8.127667001645023e-07,1.3751776350545697e-05,0.00017820368520915508,0.0018381783738732338,0.01610080525279045,0.1916491836309433,0.5,1.0,1.0,1.0
7,1410,25000,0.3281608819961548,0.4208162724971771,9.99999905104687e-09,1.0,9.99999905104687e-09,8.171457466232823e-07,1.3999337170389481e-05,0.00018413928046356887,0.0018644497031345963,0.016100332140922546,0.1893566995859146,0.5,1.0,1.0,1.0
7,1420,25000,0.3280850648880005,0.4207722842693329,9.99999905104687e-09,1.0,9.99999905104687e-09,8.197717420443951e-07,1.3757159649685491e-05,0.00018160711624659598,0.0018088056240230799,0.016283754259347916,0.1911972165107727,0.5,1.0,1.0,1.0
7,1430,25000,0.3280823528766632,0.42077022790908813,9.99999905104687e-09,1.0,9.99999905104687e-09,8.135775715345517e-07,1.391469322697958e-05,0.0001842634374042973,0.001877996721304953,0.016250431537628174,0.18965885043144226,0.5,1.0,1.0,1.0
7,1440,25000,0.3281038999557495,0.42075517773628235,9.99999905104687e-09,1.0,9.99999905104687e-09,8.148041388267302e-07,1.392129524901975e-05,0.00018446706235408783,0.001818076940253377,0.01596522517502308,0.19011688232421875,0.5,1.0,1.0,1.0
7,1450,25000,0.32812297344207764,0.42072242498397827,9.99999905104687e-09,1.0,9.99999905104687e-09,8.215905040742655e-07,1.4180382095219102e-05,0.00018498561985325068,0.0018329952144995332,0.0162338949739933,0.1923774927854538,0.5,1.0,1.0,1.0
7,1460,25000,0.32815006375312805,0.42072823643684387,9.99999905104687e-09,1.0,9.99999905104687e-09,8.318347681779414e-07,1.3913343536842149e-05,0.00018312396423425525,0.00185633753426373,0.016356423497200012,0.1931406557559967,0.5,1.0,1.0,1.0
7,1470,25000,0.3281194865703583,0.4207923412322998,9.99999905104687e-09,1.0,9.99999905104687e-09,8.336788823726238e-07,1.3616991054732352e-05,0.00017706563812680542,0.0018401584820821881,0.01606576144695282,0.19292744994163513,0.5,1.0,1.0,1.0
7,1480,25000,0.32818421721458435,0.4208284616470337,9.99999905104687e-09,1.0,9.99999905104687e-09,7.98489395492652e-07,1.414780126651749e-05,0.00017982903227675706,0.0018396523082628846,0.01582842506468296,0.19206471741199493,0.5,1.0,1.0,1.0
7,1490,25000,0.3281909227371216,0.42073971033096313,9.99999905104687e-09,1.0,9.99999905104687e-09,8.037103498281795e-07,1.3780629160464741e-05,0.00018065550830215216,0.0018786682048812509,0.01628272980451584,0.19292838871479034,0.5,1.0,1.0,1.0
7,1500,25000,0.3282487690448761,0.4207347333431244,9.99999905104687e-09,1.0,9.99999905104687e-09,8.195530085686187e-07,1.3966281585453544e-05,0.0001814912393456325,0.0018805564614012837,0.01616773009300232,0.1921580582857132,0.5,1.0,1.0,1.0
7,1510,25000,0.32811516523361206,0.42075222730636597,9.99999905104687e-09,1.0,9.99999905104687e-09,8.314392516695079e-07,1.4185785403242335e-05,0.00018085735791828483,0.0018242537043988705,0.016279976814985275,0.19245092570781708,0.5,1.0,1.0,1.0
7,1520,25000,0.3280249238014221,0.42078495025634766,9.99999905104687e-09,1.0,9.99999905104687e-09,8.284487762466597e-07,1.3694717381440569e-05,0.00017636126722209156,0.0018404385773465037,0.016031157225370407,0.19044512510299683,0.5,1.0,1.0,1.0
7,1530,25000,0.3279775083065033,0.42074593901634216,9.99999905104687e-09,1.0,9.99999905104687e-09,8.030208391573979e-07,1.382882419420639e-05,0.00018059655849356204,0.001837560092099011,0.016099976375699043,0.1909414380788803,0.5,1.0,1.0,1.0
7,1540,25000,0.3280285894870758,0.42071932554244995,9.99999905104687e-09,1.0,9.99999905104687e-09,8.040859711400117e-07,1.3828992450726219e-05,0.0001804768107831478,0.0018348126905038953,0.016360139474272728,0.19211536645889282,0.5,1.0,1.0,1.0
7,1550,25000,0.32818159461021423,0.4206995368003845,9.99999905104687e-09,1.0,9.99999905104687e-09,8.243335969382315e-07,1.3759704415861052e-05,0.00018056701810564846,0.0018484359607100487,0.016099710017442703,0.19352535903453827,0.5,1.0,1.0,1.0
7,1560,25000,0.32816749811172485,0.42079463601112366,9.99999905104687e-09,1.0,9.99999905104687e-09,8.261265520559391e-07,1.3439129361358937e-05,0.00018437631661072373,0.0018289854051545262,0.01642567478120327,0.19084079563617706,0.5,1.0,1.0,1.0
7,1570,25000,0.3281651437282562,0.42079034447669983,9.99999905104687e-09,1.0,9.99999905104687e-09,8.258378443315451e-07,1.3910441339248791e-05,0.0001844012294895947,0.0018441774882376194,0.016025805845856667,0.19149824976921082,0.5,1.0,1.0,1.0
7,1580,25000,0.3281343877315521,0.4207698702812195,9.99999905104687e-09,1.0,9.99999905104687e-09,8.072656214608287e-07,1.3752159247815143e-05,0.00018566136714071035,0.0018475954420864582,0.01602119579911232,0.1925472766160965,0.5,1.0,1.0,1.0
7,1590,25000,0.3281617760658264,0.42078378796577454,9.99999905104687e-09,1.0,9.99999905104687e-09,8.075654136519006e-07,1.3680839401786216e-05,0.00017857432249002159,0.0018676879117265344,0.01590937003493309,0.19261282682418823,0.5,1.0,1.0,1.0
7,1600,25000,0.32824045419692993,0.4207741916179657,9.99999905104687e-09,1.0,9.99999905104687e-09,8.14829945738893e-07,1.3788322576147038e-05,0.0001805824285838753,0.0018721283413469791,0.016397669911384583,0.19087247550487518,0.5,1.0,1.0,1.0
7,1610,25000,0.3280046284198761,0.4207744598388672,9.99999905104687e-09,1.0,9.99999905104687e-09,8.18590308426792e-07,1.3953900634078309e-05,0.00017808271513786167,0.0018244636012241244,0.016028594225645065,0.19153065979480743,0.5,1.0,1.0,1.0
7,1620,25000,0.3282472491264343,0.4207175672054291,9.99999905104687e-09,1.0,9.99999905104687e-09,8.099756314550177e-07,1.4145430213829968e-05,0.00017902803665492684,0.0018672904698178172,0.016344714909791946,0.19328802824020386,0.5,1.0,1.0,1.0
7,1630,25000,0.3281993865966797,0.4207616448402405,9.99999905104687e-09,1.0,9.99999905104687e-09,8.130515993798326e-07,1.3612523616757244e-05,0.0001795525458874181,0.0018123430199921131,0.016188165172934532,0.19088909029960632,0.5,1.0,1.0,1.0
7,1640,25000,0.32816553115844727,0.42080584168434143,9.99999905104687e-09,1.0,9.99999905104687e-09,8.094265240288223e-07,1.3880558071832638e-05,0.0001809848181437701,0.0018571018008515239,0.01594957336783409,0.19085638225078583,0.5,1.0,1.0,1.0
7,1650,25000,0.32809123396873474,0.42081618309020996,9.99999905104687e-09,1.0,9.99999905104687e-09,8.12889709322917e-07,1.3715820387005806e-05,0.00018081192683894187,0.0018615563167259097,0.01585112139582634,0.19025039672851562,0.5,1.0,1.0,1.0
7,1660,25000,0.32827919721603394,0.42073139548301697,9.99999905104687e-09,1.0,9.99999905104687e-09,7.991626489456394e-07,1.382233949698275e-05,0.00017742157797329128,0.0018459277926012874,0.0160823967307806,0.1939016580581665,0.5,1.0,1.0,1.0
7,1670,25000,0.3282086253166199,0.4208599925041199,9.99999905104687e-09,1.0,9.99999905104687e-09,8.254036742982862e-07,1.3938607480667997e-05,0.00018274062313139439,0.0018574581481516361,0.016045648604631424,0.19076086580753326,0.5,1.0,1.0,1.0
7,1680,25000,0.32814550399780273,0.4207654297351837,9.99999905104687e-09,1.0,9.99999905104687e-09,8.114817546811537e-07,1.4010664926900063e-05,0.00018231001740787178,0.0018471722723916173,0.016102701425552368,0.19035713374614716,0.5,1.0,1.0,1.0
7,1690,25000,0.32801681756973267,0.4207891523838043,9.99999905104687e-09,1.0,9.99999905104687e-09,8.133866344905982e-07,1.374220573779894e-05,0.0001829205866670236,0.0018728491850197315,0.0160423144698143,0.1880694478750229,0.5,1.0,1.0,1.0
7,1700,25000,0.3280406892299652,0.4207865297794342,9.99999905104687e-09,1.0,9.99999905104687e-09,7.923012503852078e-07,1.3489750017470215e-05,0.00018431180797051638,0.0018543212208896875,0.016371160745620728,0.19061711430549622,0.5,1.0,1.0,1.0
7,1710,25000,0.32815825939178467,0.42072930932044983,9.99999905104687e-09,1.0,9.99999905104687e-09,8.165542340066168e-07,1.3743315321335103e-05,0.0001868162798928097,0.0018874049419537187,0.01612221635878086,0.19292382895946503,0.5,1.0,1.0,1.0
7,1720,25000,0.3280169665813446,0.42073819041252136,9.99999905104687e-09,1.0,9.99999905104687e-09,8.189359164134657e-07,1.382692607876379e-05,0.00018227433611173183,0.0018502108287066221,0.016108673065900803,0.19025641679763794,0.5,1.0,1.0,1.0
7,1730,25000,0.3282308578491211,0.4207821488380432,9.99999905104687e-09,1.0,9.99999905104687e-09,8.185262458937359e-07,1.3789439435640816e-05,0.00018670987628865987,0.0018321338575333357,0.016326066106557846,0.19154034554958344,0.5,1.0,1.0,1.0
7,1740,25000,0.3281913697719574,0.420806884765625,9.99999905104687e-09,1.0,9.99999905104687e-09,8.323598308379587e-07,1.3622502592625096e-05,0.00017659866716712713,0.0018547865329310298,0.01633615419268608,0.1904854029417038,0.5,1.0,1.0,1.0
7,1750,25000,0.3281615078449249,0.4207495450973511,9.99999905104687e-09,1.0,9.99999905104687e-09,8.281944587906764e-07,1.3529142961488105e-05,0.00017771493003237993,0.0018914320971816778,0.01627563126385212,0.19180813431739807,0.5,1.0,1.0,1.0
7,1760,25000,0.32804539799690247,0.4207899570465088,9.99999905104687e-09,1.0,9.99999905104687e-09,8.149457357831125e-07,1.3814181329507846e-05,0.00017688974912744015,0.0017995689995586872,0.01620614528656006,0.19306525588035583,0.5,1.0,1.0,1.0
7,1770,25000,0.3280712366104126,0.4207499921321869,9.99999905104687e-09,1.0,9.99999905104687e-09,8.263338031611056e-07,1.3743025192525238e-05,0.00017953960923478007,0.0018900245195254683,0.016216350719332695,0.191552996635437,0.5,1.0,1.0,1.0
7,1780,25000,0.3281530439853668,0.4208112955093384,9.99999905104687e-09,1.0,9.99999905104687e-09,8.214460649469402e-07,1.4179046047502197e-05,0.00018131575779989362,0.0018496176926419139,0.015806429088115692,0.18882854282855988,0.5,1.0,1.0,1.0
7,1790,25000,0.3281552791595459,0.4207286238670349,9.99999905104687e-09,1.0,9.99999905104687e-09,8.069095542850846e-07,1.3977839444123674e-05,0.00018345200805924833,0.0019031697884202003,0.016180504113435745,0.19401799142360687,0.5,1.0,1.0,1.0
7,1800,25000,0.3280644416809082,0.4207618534564972,9.99999905104687e-09,1.0,9.99999905104687e-09,8.150852863764158e-07,1.3850698451278731e-05,0.00018643634393811226,0.0018066575285047293,0.016247674822807312,0.19125066697597504,0.5,1.0,1.0,1.0
7,1810,25000,0.32812386751174927,0.4207608997821808,9.99999905104687e-09,1.0,9.99999905104687e-09,8.174098979907285e-07,1.3969349311082624e-05,0.0001843455684138462,0.0018426667666062713,0.016235848888754845,0.1891407072544098,0.5,1.0,1.0,1.0
7,1820,25000,0.3281104862689972,0.4207077920436859,9.99999905104687e-09,1.0,9.99999905104687e-09,8.450376753899036e-07,1.3665242477145512e-05,0.00018257694318890572,0.001835689297877252,0.016128569841384888,0.1916915476322174,0.5,1.0,1.0,1.0
7,1830,25000,0.3281436562538147,0.42079415917396545,9.99999905104687e-09,1.0,9.99999905104687e-09,8.132547577588412e-07,1.3828622286382597e-05,0.00018016609828919172,0.0018703299574553967,0.016268882900476456,0.19319045543670654,0.5,1.0,1.0,1.0
7,1840,25000,0.3280535042285919,0.4208482801914215,9.99999905104687e-09,1.0,9.99999905104687e-09,8.249873530985496e-07,1.3821623724652454e-05,0.00018512246606405824,0.001848851446993649,0.015943489968776703,0.18679027259349823,0.5,1.0,1.0,1.0
7,1850,25000,0.3282121419906616,0.4207744896411896,9.99999905104687e-09,1.0,9.99999905104687e-09,8.122128178911225e-07,1.3857117664883845e-05,0.0001848255196819082,0.0018464538734406233,0.016023052856326103,0.1947992593050003,0.5,1.0,1.0,1.0
7,1860,25000,0.3281446397304535,0.4208357036113739,9.99999905104687e-09,1.0,9.99999905104687e-09,8.13189899417921e-07,1.3428560123429634e-05,0.00018263421952724457,0.001835944945923984,0.01614358276128769,0.1926436573266983,0.5,1.0,1.0,1.0
7,1870,25000,0.32810547947883606,0.42084118723869324,9.99999905104687e-09,1.0,9.99999905104687e-09,7.992635460141173e-07,1.3476050298777409e-05,0.0001813081617001444,0.0018265784019604325,0.015833813697099686,0.19063909351825714,0.5,1.0,1.0,1.0
7,1880,25000,0.3281138837337494,0.42076143622398376,9.99999905104687e-09,1.0,9.99999905104687e-09,8.106038649202674e-07,1.3687445061805192e-05,0.0001852615678217262,0.0018531897803768516,0.016205649822950363,0.1908002644777298,0.5,1.0,1.0,1.0
7,1890,25000,0.32815974950790405,0.42073750495910645,9.99999905104687e-09,1.0,9.99999905104687e-09,8.303706522383436e-07,1.3621115613204893e-05,0.000183348631253466,0.0018022789154201746,0.015755977481603622,0.1913968026638031,0.5,1.0,1.0,1.0
7,1900,25000,0.328175812959671,0.4208117723464966,9.99999905104687e-09,1.0,9.99999905104687e-09,8.201436685340013e-07,1.4084866961638909e-05,0.00018480391008779407,0.0018557292642071843,0.016007110476493835,0.1912497580051422,0.5,1.0,1.0,1.0
7,1910,25000,0.3282229006290436,0.4208127558231354,9.99999905104687e-09,1.0,9.99999905104687e-09,8.121572250274767e-07,1.3908854270994198e-05,0.0001826526568038389,0.0018298814538866282,0.0160004124045372,0.19635704159736633,0.5,1.0,1.0,1.0
7,1920,25000,0.32811519503593445,0.4207373559474945,9.99999905104687e-09,1.0,9.99999905104687e-09,8.163931397575652e-07,1.3658005627803504e-05,0.00018142956832889467,0.001868722029030323,0.01603425107896328,0.19357691705226898,0.5,1.0,1.0,1.0
7,1930,25000,0.32817476987838745,0.4207400381565094,9.99999905104687e-09,1.0,9.99999905104687e-09,8.115295599964156e-07,1.4318183275463525e-05,0.00018136703874915838,0.0018240753561258316,0.016372332349419594,0.1915750503540039,0.5,1.0,1.0,1.0
7,1940,25000,0.3282177150249481,0.42077791690826416,9.99999905104687e-09,1.0,9.99999905104687e-09,8.255216812358412e-07,1.3793216567137279e-05,0.00018224719678983092,0.0018440837739035487,0.01618259772658348,0.19309672713279724,0.5,1.0,1.0,1.0
7,1950,25000,0.32828545570373535,0.4207746386528015,9.99999905104687e-09,1.0,9.99999905104687e-09,8.140407885548484e-07,1.3584039152192418e-05,0.00018318863294553012,0.0018084493931382895,0.01623326912522316,0.1945836842060089,0.5,1.0,1.0,1.0
7,1960,25000,0.32807862758636475,0.42075034976005554,9.99999905104687e-09,1.0,9.99999905104687e-09,8.162600124705932e-07,1.3795446648146026e-05,0.00018857803661376238,0.001812098314985633,0.015639785677194595,0.1933676302433014,0.5,1.0,1.0,1.0
7,1970,25000,0.3281649947166443,0.4208385944366455,9.99999905104687e-09,1.0,9.99999905104687e-09,8.15067210169218e-07,1.3677402421308216e-05,0.0001883586373878643,0.0018058267887681723,0.01590074598789215,0.19041357934474945,0.5,1.0,1.0,1.0
7,1980,25000,0.3280864953994751,0.4208299517631531,9.99999905104687e-09,1.0,9.99999905104687e-09,8.200992169804522e-07,1.3381186363403685e-05,0.00017967019812203944,0.0018284610705450177,0.01593172922730446,0.19149531424045563,0.5,1.0,1.0,1.0
7,1990,25000,0.3282272517681122,0.4207562208175659,9.99999905104687e-09,1.0,9.99999905104687e-09,8.133875439853e-07,1.359337693429552e-05,0.00017928368470165879,0.0018418134422972798,0.016206294298171997,0.1934288889169693,0.5,1.0,1.0,1.0
7,2000,25000,0.32815253734588623,0.4207359850406647,9.99999905104687e-09,1.0,9.99999905104687e-09,8.077570896602992e-07,1.381353649776429e-05,0.00018295466725248843,0.0018383875722065568,0.01622503064572811,0.19215761125087738,0.5,1.0,1.0,1.0
7,2010,25000,0.32814618945121765,0.4207504689693451,9.99999905104687e-09,1.0,9.99999905104687e-09,8.110669682537264e-07,1.4192388334777206e-05,0.00018243154045194387,0.0018555743154138327,0.015860846266150475,0.19012972712516785,0.5,1.0,1.0,1.0
7,2020,25000,0.3282466530799866,0.42081862688064575,9.99999905104687e-09,1.0,9.99999905104687e-09,8.152107398018416e-07,1.3633939488499891e-05,0.0001827118539949879,0.0018396275117993355,0.01587764360010624,0.1911570131778717,0.5,1.0,1.0,1.0
7,2030,25000,0.32821035385131836,0.42077192664146423,9.99999905104687e-09,1.0,9.99999905104687e-09,8.054479394559166e-07,1.4001888303027954e-05,0.00017916230717673898,0.0018055196851491928,0.01621123030781746,0.19081096351146698,0.5,1.0,1.0,1.0
7,2040,25000,0.3281324505805969,0.4207800626754761,9.99999905104687e-09,1.0,9.99999905104687e-09,8.016173751457245e-07,1.3796875464322511e-05,0.00018068880308419466,0.0018463392043486238,0.01605055294930935,0.1899077296257019,0.5,1.0,1.0,1.0
7,2050,25000,0.3281490206718445,0.42079874873161316,9.99999905104687e-09,1.0,9.99999905104687e-09,8.113359513117757e-07,1.373692703054985e-05,0.00018142303451895714,0.0018651951104402542,0.016169726848602295,0.1891145259141922,0.5,1.0,1.0,1.0
7,2060,25000,0.32810813188552856,0.42074617743492126,9.99999905104687e-09,1.0,9.99999905104687e-09,8.214569788833614e-07,1.3373221008805558e-05,0.00018619230831973255,0.0018318986985832453,0.01603020913898945,0.19162337481975555,0.5,1.0,1.0,1.0
7,2070,25000,0.3281233310699463,0.4207872748374939,9.99999905104687e-09,1.0,9.99999905104687e-09,8.211941917579679e-07,1.3842947737430222e-05,0.00018458491831552237,0.0018453317461535335,0.01602206565439701,0.1907239556312561,0.5,1.0,1.0,1.0
7,2080,25000,0.328109472990036,0.4208061993122101,9.99999905104687e-09,1.0,9.99999905104687e-09,8.259312949121522e-07,1.3978885363030713e-05,0.0001835772127378732,0.001868254505097866,0.01588474027812481,0.18823204934597015,0.5,1.0,1.0,1.0
7,2090,25000,0.32808423042297363,0.42075613141059875,9.99999905104687e-09,1.0,9.99999905104687e-09,8.289998163490964e-07,1.3652967027155682e-05,0.00018207606626674533,0.001870968146249652,0.016008157283067703,0.191944420337677,0.5,1.0,1.0,1.0
7,2100,25000,0.3281846344470978,0.4207923114299774,9.99999905104687e-09,1.0,9.99999905104687e-09,8.25254687697452e-07,1.4241217286325991e-05,0.0001867029641289264,0.0018643690273165703,0.016236839815974236,0.19330357015132904,0.5,1.0,1.0,1.0
7,2110,25000,0.3281743824481964,0.4208097755908966,9.99999905104687e-09,1.0,9.99999905104687e-09,8.234080723923398e-07,1.3533694072975777e-05,0.00018294375331606716,0.0018882538424804807,0.01592046581208706,0.1918822079896927,0.5,1.0,1.0,1.0
7,2120,25000,0.328168123960495,0.42076972126960754,9.99999905104687e-09,1.0,9.99999905104687e-09,8.142465048877057e-07,1.3944615602667909e-05,0.00018379172252025455,0.001842491328716278,0.016233518719673157,0.19374540448188782,0.5,1.0,1.0,1.0
7,2130,25000,0.3281539976596832,0.420758455991745,9.99999905104687e-09,1.0,9.99999905104687e-09,8.182360602404515e-07,1.3790322554996237e-05,0.00018234271556138992,0.0018308392027392983,0.01609097048640251,0.19283610582351685,0.5,1.0,1.0,1.0
7,2140,25000,0.3282645046710968,0.4208083152770996,9.99999905104687e-09,1.0,9.99999905104687e-09,8.183789645954676e-07,1.3928909538662992e-05,0.00017761148046702147,0.001820867182686925,0.015987232327461243,0.19337816536426544,0.5,1.0,1.0,1.0
7,2150,25000,0.32821306586265564,0.42081594467163086,9.99999905104687e-09,1.0,9.99999905104687e-09,8.249264169535309e-07,1.3736710570810828e-05,0.00018115568673238158,0.0018495098920539021,0.01614977791905403,0.19030357897281647,0.5,1.0,1.0,1.0
7,2160,25000,0.3281381130218506,0.42077717185020447,9.99999905104687e-09,1.0,9.99999905104687e-09,8.206464485738252e-07,1.3682477401744109e-05,0.00018398046086076647,0.001868081046268344,0.016161378473043442,0.1901937872171402,0.5,1.0,1.0,1.0
7,2170,25000,0.3281659483909607,0.42080292105674744,9.99999905104687e-09,1.0,9.99999905104687e-09,8.186964350898052e-07,1.3755976397078484e-05,0.0001808738597901538,0.0018288649152964354,0.01592184416949749,0.19338783621788025,0.5,1.0,1.0,1.0
7,2180,25000,0.32818496227264404,0.4207644462585449,9.99999905104687e-09,1.0,9.99999905104687e-09,8.228992101066979e-07,1.377090757159749e-05,0.00018492277013137937,0.001852362067438662,0.016145985573530197,0.1927056610584259,0.5,1.0,1.0,1.0
7,2190,25000,0.32813578844070435,0.42075034976005554,9.99999905104687e-09,1.0,9.99999905104687e-09,8.225426881836029e-07,1.3917287105869036e-05,0.00018275481124874204,0.0018336903303861618,0.016147494316101074,0.1911679059267044,0.5,1.0,1.0,1.0
7,2200,25000,0.3282102942466736,0.4208098351955414,9.99999905104687e-09,1.0,9.99999905104687e-09,8.170395062734315e-07,1.3883932297176216e-05,0.00018050664220936596,0.0018545638304203749,0.016142401844263077,0.1923249512910843,0.5,1.0,1.0,1.0
7,2210,25000,0.328137069940567,0.4207664132118225,9.99999905104687e-09,1.0,9.99999905104687e-09,8.152291570695525e-07,1.3741919246967882e-05,0.00018658270710147917,0.0017938168020918965,0.016247903928160667,0.1928149163722992,0.5,1.0,1.0,1.0
7,2220,25000,0.3282151222229004,0.42079252004623413,9.99999905104687e-09,1.0,9.99999905104687e-09,8.133324627124239e-07,1.3849235074303579e-05,0.00018305341654922813,0.0018233130685985088,0.01620268076658249,0.19221808016300201,0.5,1.0,1.0,1.0
7,2230,25000,0.3281600773334503,0.42081141471862793,9.99999905104687e-09,1.0,9.99999905104687e-09,8.129748607643705e-07,1.3810854397888761e-05,0.00018809102766681463,0.0018289106665179133,0.01584998518228531,0.19230398535728455,0.5,1.0,1.0,1.0
7,2240,25000,0.3281939625740051,0.42074546217918396,9.99999905104687e-09,1.0,9.99999905104687e-09,8.235608106588188e-07,1.3525113899959251e-05,0.00018215733871329576,0.0018189058173447847,0.016408253461122513,0.1919270008802414,0.5,1.0,1.0,1.0
7,2250,25000,0.32810312509536743,0.4207894802093506,9.99999905104687e-09,1.0,9.99999905104687e-09,8.133559390444134e-07,1.3725570170208812e-05,0.00018095712584909052,0.0018293587490916252,0.01599007286131382,0.19177064299583435,0.5,1.0,1.0,1.0
7,2260,25000,0.32816842198371887,0.420732319355011,9.99999905104687e-09,1.0,9.99999905104687e-09,8.055575904108991e-07,1.4162786101223901e-05,0.0001822598569560796,0.0018281093798577785,0.016104621812701225,0.19305281341075897,0.5,1.0,1.0,1.0
7,2270,25000,0.3281651437282562,0.4207913279533386,9.99999905104687e-09,1.0,9.99999905104687e-09,8.239325666181685e-07,1.3845220564689953e-05,0.0001796379656298086,0.0018252081936225295,0.01599699631333351,0.19190800189971924,0.5,1.0,1.0,1.0
7,2280,25000,0.328136682510376,0.4207559823989868,9.99999905104687e-09,1.0,9.99999905104687e-09,8.234252959482546e-07,1.3729486454394646e-05,0.0001831760600907728,0.0018699022475630045,0.016026955097913742,0.1918221414089203,0.5,1.0,1.0,1.0
7,2290,25000,0.32820892333984375,0.42074865102767944,9.99999905104687e-09,1.0,9.99999905104687e-09,8.128793069772655e-07,1.3223017049313057e-05,0.0001878894545370713,0.0018465651664882898,0.016122862696647644,0.19351111352443695,0.5,1.0,1.0,1.0
7,2300,25000,0.328147828578949,0.42083755135536194,9.99999905104687e-09,1.0,9.99999905104687e-09,8.223547069974302e-07,1.3929096894571558e-05,0.00018129880481865257,0.0018167527159675956,0.016061637550592422,0.19075801968574524,0.5,1.0,1.0,1.0
7,2310,25000,0.3281278908252716,0.42080792784690857,9.99999905104687e-09,1.0,9.99999905104687e-09,8.178397479241539e-07,1.3764985851594247e-05,0.00018381407426204532,0.0018805941799655557,0.01615118980407715,0.19149330258369446,0.5,1.0,1.0,1.0
7,2320,25000,0.3281390964984894,0.42079806327819824,9.99999905104687e-09,1.0,9.99999905104687e-09,8.225518399740395e-07,1.3972214219393209e-05,0.00017853290773928165,0.001860838383436203,0.01601061038672924,0.1902042180299759,0.5,1.0,1.0,1.0
7,2330,25000,0.32804593443870544,0.42082324624061584,9.99999905104687e-09,1.0,9.99999905104687e-09,8.212562079279451e-07,1.3855564247933216e-05,0.00017922990082297474,0.0018515809206292033,0.015966201201081276,0.18879534304141998,0.5,1.0,1.0,1.0
7,2340,25000,0.32813504338264465,0.42083674669265747,9.99999905104687e-09,1.0,9.99999905104687e-09,8.198085765798169e-07,1.366840206173947e-05,0.00018685437680687755,0.001841443357989192,0.015941167250275612,0.1884869784116745,0.5,1.0,1.0,1.0
7,2350,25000,0.3280695974826813,0.4207559823989868,9.99999905104687e-09,1.0,9.99999905104687e-09,8.203232368941826e-07,1.3666050108440686e-05,0.00018556155555415899,0.0018730736337602139,0.01602266915142536,0.19358721375465393,0.5,1.0,1.0,1.0
7,2360,25000,0.32817593216896057,0.42073938250541687,9.99999905104687e-09,1.0,9.99999905104687e-09,8.188617925952713e-07,1.383393828291446e-05,0.0001828730310080573,0.0018323699478060007,0.016270998865365982,0.19098255038261414,0.5,1.0,1.0,1.0
7,2370,25000,0.3281594514846802,0.42077454924583435,9.99999905104687e-09,1.0,9.99999905104687e-09,8.263614859060908e-07,1.338680067419773e-05,0.00018056410772260278,0.0018408404430374503,0.01625771075487137,0.1915709376335144,0.5,1.0,1.0,1.0
7,2380,25000,0.32815441489219666,0.42073795199394226,9.99999905104687e-09,1.0,9.99999905104687e-09,8.055816920204961e-07,1.386734948027879e-05,0.00018172674754168838,0.0018716936465352774,0.01642998680472374,0.19194380939006805,0.5,1.0,1.0,1.0
7,2390,25000,0.328046977519989,0.4207686483860016,9.99999905104687e-09,1.0,9.99999905104687e-09,8.123293468997872e-07,1.345776763628237e-05,0.00018147083756048232,0.0018617105670273304,0.01616835966706276,0.1904386729001999,0.5,1.0,1.0,1.0
7,2400,25000,0.32804185152053833,0.4207976460456848,9.99999905104687e-09,1.0,9.99999905104687e-09,8.13631345408794e-07,1.3830355783284176e-05,0.00018327526049688458,0.0019133782479912043,0.016002390533685684,0.18962879478931427,0.5,1.0,1.0,1.0
7,2410,25000,0.32820621132850647,0.4207582473754883,9.99999905104687e-09,1.0,9.99999905104687e-09,7.916152640063956e-07,1.3610343557957094e-05,0.00018516983254812658,0.0018193599535152316,0.016168855130672455,0.19448666274547577,0.5,1.0,1.0,1.0
7,2420,25000,0.3280690908432007,0.4208153784275055,9.99999905104687e-09,1.0,9.99999905104687e-09,8.190928610929404e-07,1.3809631127514876e-05,0.00018521130550652742,0.001848910702392459,0.016263725236058235,0.18924671411514282,0.5,1.0,1.0,1.0
7,2430,25000,0.3281680643558502,0.4208028018474579,9.99999905104687e-09,1.0,9.99999905104687e-09,8.070848593888513e-07,1.3615542229672428e-05,0.0001796818251023069,0.0018412928329780698,0.016051609069108963,0.19288288056850433,0.5,1.0,1.0,1.0
7,2440,25000,0.3282161056995392,0.4207042157649994,9.99999905104687e-09,1.0,9.99999905104687e-09,8.128572517307475e-07,1.3701245734409895e-05,0.00018519519653636962,0.0018501330632716417,0.0161624476313591,0.19485986232757568,0.5,1.0,1.0,1.0
7,2450,25000,0.3282340168952942,0.4207722544670105,9.99999905104687e-09,1.0,9.99999905104687e-09,7.979779184097424e-07,1.4225884115148801e-05,0.0001802605256671086,0.0018618220929056406,0.015892500057816505,0.19073332846164703,0.5,1.0,1.0,1.0
7,2460,25000,0.3281623423099518,0.4207702875137329,9.99999905104687e-09,1.0,9.99999905104687e-09,8.08290110398957e-07,1.411542143614497e-05,0.00018227429245598614,0.0018589801620692015,0.01613081991672516,0.19148056209087372,0.5,1.0,1.0,1.0
7,2470,25000,0.3281966745853424,0.420763224363327,9.99999905104687e-09,1.0,9.99999905104687e-09,8.22803997380106e-07,1.3706553545489442e-05,0.00018296002235729247,0.0018293894827365875,0.015908988192677498,0.1941646933555603,0.5,1.0,1.0,1.0
7,2480,25000,0.32816165685653687,0.4207947850227356,9.99999905104687e-09,1.0,9.99999905104687e-09,8.228216188399529e-07,1.3604474588646553e-05,0.00017859117360785604,0.0018733780598267913,0.01614312455058098,0.19328132271766663,0.5,1.0,1.0,1.0
7,2490,25000,0.32818180322647095,0.42080503702163696,9.99999905104687e-09,1.0,9.99999905104687e-09,8.240064630626875e-07,1.3965796824777499e-05,0.00017905281856656075,0.0018221036298200488,0.015952154994010925,0.19054056704044342,0.5,1.0,1.0,1.0
7,2500,25000,0.3280959129333496,0.42076221108436584,9.99999905104687e-09,1.0,9.99999905104687e-09,8.309340842060919e-07,1.3747917364526074e-05,0.00018427320173941553,0.0018492689123377204,0.015935998409986496,0.19259583950042725,0.5,1.0,1.0,1.0
7,2510,25000,0.32809239625930786,0.420815646648407,9.99999905104687e-09,1.0,9.99999905104687e-09,8.296120199702273e-07,1.3738037523580715e-05,0.00018084471230395138,0.0018004869343712926,0.01628357544541359,0.18729227781295776,0.5,1.0,1.0,1.0
7,2520,25000,0.3280877470970154,0.4207626283168793,9.99999905104687e-09,1.0,9.99999905104687e-09,8.390287007387087e-07,1.36663647936075e-05,0.00018391980847809464,0.0018795824144035578,0.016337070614099503,0.19131417572498322,0.5,1.0,1.0,1.0
7,2530,25000,0.3280600309371948,0.42078152298927307,9.99999905104687e-09,1.0,9.99999905104687e-09,8.001997571227548e-07,1.3863587810192257e-05,0.00018496606207918376,0.0018514313269406557,0.015986260026693344,0.19084535539150238,0.5,1.0,1.0,1.0
7,2540,25000,0.32818204164505005,0.4208121597766876,9.99999905104687e-09,1.0,9.99999905104687e-09,8.221544476327836e-07,1.4168478628562298e-05,0.00018399459077045321,0.001850875443778932,0.016029641032218933,0.19205725193023682,0.5,1.0,1.0,1.0
7,2550,25000,0.32814884185791016,0.4207684397697449,9.99999905104687e-09,1.0,9.99999905104687e-09,8.258799653049209e-07,1.3795810446026735e-05,0.00018001503485720605,0.0018745374400168657,0.016176536679267883,0.19056351482868195,0.5,1.0,1.0,1.0
7,2560,25000,0.3282608091831207,0.4207991659641266,9.99999905104687e-09,1.0,9.99999905104687e-09,8.075991217992851e-07,1.4059282875678036e-05,0.00018089610966853797,0.0018473665695637465,0.016194254159927368,0.19168353080749512,0.5,1.0,1.0,1.0
7,2570,25000,0.32821837067604065,0.4208284914493561,9.99999905104687e-09,1.0,9.99999905104687e-09,8.039624503908271e-07,1.3554106772062369e-05,0.0001833201094996184,0.0019079125486314297,0.01593593694269657,0.192369744181633,0.5,1.0,1.0,1.0
7,2580,25000,0.32817864418029785,0.42078423500061035,9.99999905104687e-09,1.0,9.99999905104687e-09,8.169594138962566e-07,1.391059413435869e-05,0.00017994586960412562,0.0018218376208096743,0.016296543180942535,0.19174888730049133,0.5,1.0,1.0,1.0
7,2590,25000,0.3282667398452759,0.42077651619911194,9.99999905104687e-09,1.0,9.99999905104687e-09,8.117757488435018e-07,1.3594527445093263e-05,0.0001846835803007707,0.0018630987033247948,0.01634131744503975,0.19513000547885895,0.5,1.0,1.0,1.0
7,2600,25000,0.328102171421051,0.4208141267299652,9.99999905104687e-09,1.0,9.99999905104687e-09,8.229095556089305e-07,1.3880062397220172e-05,0.00018642868963070214,0.0018682621885091066,0.01595097780227661,0.19030167162418365,0.5,1.0,1.0,1.0
7,2610,25000,0.32802513241767883,0.4208163917064667,9.99999905104687e-09,1.0,9.99999905104687e-09,8.104644848572207e-07,1.4107501556281932e-05,0.00018678464402910322,0.001850744942203164,0.01587359979748726,0.19001272320747375,0.5,1.0,1.0,1.0
7,2620,25000,0.32816100120544434,0.4208163321018219,9.99999905104687e-09,1.0,9.99999905104687e-09,8.204640380427008e-07,1.3749610843660776e-05,0.00018474174430593848,0.0018572243861854076,0.016295675188302994,0.1923595368862152,0.5,1.0,1.0,1.0
7,2630,25000,0.32811087369918823,0.4207797348499298,9.99999905104687e-09,1.0,9.99999905104687e-09,8.171375611709664e-07,1.3869815120415296e-05,0.00018530181841924787,0.0018578050658106804,0.016237523406744003,0.19104720652103424,0.5,1.0,1.0,1.0
7,2640,25000,0.32819241285324097,0.4207233786582947,9.99999905104687e-09,1.0,9.99999905104687e-09,8.293647510981828e-07,1.3917924661654979e-05,0.00018050910148303956,0.0018686039838939905,0.016221098601818085,0.190497487783432,0.5,1.0,1.0,1.0
7,2650,25000,0.32822081446647644,0.4208047091960907,9.99999905104687e-09,1.0,9.99999905104687e-09,8.34664604099089e-07,1.3803357433062047e-05,0.00018589077808428556,0.0018432073993608356,0.016031496226787567,0.19155645370483398,0.5,1.0,1.0,1.0
7,2660,25000,0.3282831907272339,0.42079949378967285,9.99999905104687e-09,1.0,9.99999905104687e-09,8.024545081752876e-07,1.3849267816112842e-05,0.0001820001343730837,0.0018700178479775786,0.016171172261238098,0.19085724651813507,0.5,1.0,1.0,1.0
7,2670,25000,0.3280492424964905,0.42077285051345825,9.99999905104687e-09,1.0,9.99999905104687e-09,8.107860480777163e-07,1.364919535262743e-05,0.00017987735918723047,0.0018831918714568019,0.015895985066890717,0.1919117271900177,0.5,1.0,1.0,1.0
7,2680,25000,0.3280937075614929,0.42076653242111206,9.99999905104687e-09,1.0,9.99999905104687e-09,8.231612014242273e-07,1.3804870832245797e-05,0.00018159578030463308,0.0018632060382515192,0.015880655497312546,0.1926359385251999,0.5,1.0,1.0,1.0
7,2690,25000,0.3280975818634033,0.4208340644836426,9.99999905104687e-09,1.0,9.99999905104687e-09,8.067095222941134e-07,1.408037860528566e-05,0.00018134752463083714,0.0018541403114795685,0.01631300151348114,0.1917608380317688,0.5,1.0,1.0,1.0
7,2700,25000,0.3281733989715576,0.42075955867767334,9.99999905104687e-09,1.0,9.99999905104687e-09,8.338461725543311e-07,1.412758410879178e-05,0.00018530641682446003,0.001847702544182539,0.016007810831069946,0.19299858808517456,0.5,1.0,1.0,1.0
7,2710,25000,0.32822510600090027,0.42079266905784607,9.99999905104687e-09,1.0,9.99999905104687e-09,8.266098916465126e-07,1.3974773537483998e-05,0.00018357163935434073,0.0018687255214899778,0.016155458986759186,0.19272546470165253,0.5,1.0,1.0,1.0
7,2720,25000,0.32831206917762756,0.4207472503185272,9.99999905104687e-09,1.0,9.99999905104687e-09,8.071844490586955e-07,1.3818250408803578e-05,0.0001835026196204126,0.001891127321869135,0.01643916219472885,0.19205647706985474,0.5,1.0,1.0,1.0
7,2730,25000,0.32808712124824524,0.4207979142665863,9.99999905104687e-09,1.0,9.99999905104687e-09,8.155501518558594e-07,1.3697672329726629e-05,0.0001844074868131429,0.0018455625977367163,0.01617257297039032,0.19274495542049408,0.5,1.0,1.0,1.0
7,2740,25000,0.32820838689804077,0.4207361936569214,9.99999905104687e-09,1.0,9.99999905104687e-09,8.109611258078075e-07,1.4019909031048883e-05,0.0001825821673264727,0.0018608870450407267,0.01604853942990303,0.19350090622901917,0.5,1.0,1.0,1.0
7,2750,25000,0.328147828578949,0.4207915663719177,9.99999905104687e-09,1.0,9.99999905104687e-09,8.153805310939788e-07,1.4006377568875905e-05,0.00017958423995878547,0.001822628197260201,0.016590939834713936,0.187860369682312,0.5,1.0,1.0,1.0
7,2760,25000,0.3281064033508301,0.42079633474349976,9.99999905104687e-09,1.0,9.99999905104687e-09,8.158176569850184e-07,1.3980239600641653e-05,0.000181339040864259,0.0018617230234667659,0.01588812842965126,0.19157244265079498,0.5,1.0,1.0,1.0
7,2770,25000,0.3281661570072174,0.4207771420478821,9.99999905104687e-09,1.0,9.99999905104687e-09,8.160480433616613e-07,1.3905322703067213e-05,0.00017960683908313513,0.001863535144366324,0.015898386016488075,0.19206562638282776,0.5,1.0,1.0,1.0
7,2780,25000,0.3281283676624298,0.420816570520401,9.99999905104687e-09,1.0,9.99999905104687e-09,8.032326945794921e-07,1.374355997540988e-05,0.00017811839643400162,0.0018585503567010164,0.01604236289858818,0.1917678266763687,0.5,1.0,1.0,1.0
7,2790,25000,0.328116774559021,0.4207642078399658,9.99999905104687e-09,1.0,9.99999905104687e-09,8.22982883619261e-07,1.3732421393797267e-05,0.00018619111506268382,0.0018382079433649778,0.016130700707435608,0.1906997114419937,0.5,1.0,1.0,1.0
7,2800,25000,0.32803407311439514,0.4207899570465088,9.99999905104687e-09,1.0,9.99999905104687e-09,8.198412615456618e-07,1.3609235793410335e-05,0.0001834279391914606,0.0018357525113970041,0.016039390116930008,0.19076254963874817,0.5,1.0,1.0,1.0
7,2810,25000,0.3282020390033722,0.4207552373409271,9.99999905104687e-09,1.0,9.99999905104687e-09,8.077748248069838e-07,1.3976188711239956e-05,0.0001767495705280453,0.0018350895261391997,0.016385583207011223,0.19132354855537415,0.5,1.0,1.0,1.0
7,2820,25000,0.3281612694263458,0.42079153656959534,9.99999905104687e-09,1.0,9.99999905104687e-09,8.226150498558127e-07,1.3987295460538007e-05,0.00018785183783620596,0.001879486022517085,0.016214605420827866,0.1911463886499405,0.5,1.0,1.0,1.0
7,2830,25000,0.3281663656234741,0.42083558440208435,9.99999905104687e-09,1.0,9.99999905104687e-09,7.925538625386253e-07,1.3681002201337833e-05,0.0001817902084439993,0.0018749238224700093,0.015993256121873856,0.19199314713478088,0.5,1.0,1.0,1.0
7,2840,25000,0.3282477557659149,0.4207834005355835,9.99999905104687e-09,1.0,9.99999905104687e-09,8.247685627793544e-07,1.368767971143825e-05,0.00017749230028130114,0.001868921797722578,0.015872403979301453,0.1926703006029129,0.5,1.0,1.0,1.0
7,2850,25000,0.32824358344078064,0.4207872152328491,9.99999905104687e-09,1.0,9.99999905104687e-09,8.107439839477593e-07,1.3947885236120783e-05,0.0001819508761400357,0.001828696927987039,0.01601671427488327,0.19308193027973175,0.5,1.0,1.0,1.0
7,2860,25000,0.32821813225746155,0.42078715562820435,9.99999905104687e-09,1.0,9.99999905104687e-09,8.230974231082655e-07,1.3799925909552258e-05,0.00017898021906148642,0.0018264983082190156,0.01612095907330513,0.19276542961597443,0.5,1.0,1.0,1.0
7,2870,25000,0.32830050587654114,0.4207669794559479,9.99999905104687e-09,1.0,9.99999905104687e-09,8.153716066772176e-07,1.3851204130332917e-05,0.00018715998157858849,0.0018614087020978332,0.016001086682081223,0.19285592436790466,0.5,1.0,1.0,1.0
7,2880,25000,0.3282419443130493,0.42078426480293274,9.99999905104687e-09,1.0,9.99999905104687e-09,8.318999107359559e-07,1.3890014997741673e-05,0.0001825676445150748,0.0018233582377433777,0.01616603136062622,0.19123676419258118,0.5,1.0,1.0,1.0
7,2890,25000,0.32812485098838806,0.4207911193370819,9.99999905104687e-09,1.0,9.99999905104687e-09,8.071244792517973e-07,1.4290433682617731e-05,0.00018560017633717507,0.00183808000292629,0.016251549124717712,0.18723556399345398,0.5,1.0,1.0,1.0
7,2900,25000,0.3281799852848053,0.42081189155578613,9.99999905104687e-09,1.0,9.99999905104687e-09,8.026501632230065e-07,1.3665428923559375e-05,0.00018105529306922108,0.0018853496294468641,0.016504038125276566,0.19061920046806335,0.5,1.0,1.0,1.0
7,2910,25000,0.32806307077407837,0.4207804501056671,9.99999905104687e-09,1.0,9.99999905104687e-09,8.18415514913795e-07,1.3894766198063735e-05,0.00018374377395957708,0.0018122433684766293,0.01630210131406784,0.19089126586914062,0.5,1.0,1.0,1.0
7,2920,25000,0.3281005322933197,0.42076969146728516,9.99999905104687e-09,1.0,9.99999905104687e-09,8.097634349724103e-07,1.3731010767514817e-05,0.0001859725161921233,0.0018635591259226203,0.016019847244024277,0.1904975324869156,0.5,1.0,1.0,1.0
7,2930,25000,0.32820847630500793,0.4207403361797333,9.99999905104687e-09,1.0,9.99999905104687e-09,8.141379339576815e-07,1.3773828868579585e-05,0.0001801973266992718,0.001857374794781208,0.016257062554359436,0.19238784909248352,0.5,1.0,1.0,1.0
7,2940,25000,0.3281801640987396,0.42081138491630554,9.99999905104687e-09,1.0,9.99999905104687e-09,8.195747227546235e-07,1.3303754712978844e-05,0.00018434277444612235,0.0018465201137587428,0.01609419658780098,0.19144116342067719,0.5,1.0,1.0,1.0
7,2950,25000,0.32813650369644165,0.42079731822013855,9.99999905104687e-09,1.0,9.99999905104687e-09,8.222045835282188e-07,1.378197794110747e-05,0.0001865230588009581,0.001845810329541564,0.015973009169101715,0.19109521806240082,0.5,1.0,1.0,1.0
7,2960,25000,0.32816800475120544,0.42080408334732056,9.99999905104687e-09,1.0,9.99999905104687e-09,7.935894359434315e-07,1.3793998732580803e-05,0.0001836106675909832,0.001855447655543685,0.016082432121038437,0.19358207285404205,0.5,1.0,1.0,1.0
7,2970,25000,0.32819727063179016,0.4207829236984253,9.99999905104687e-09,1.0,9.99999905104687e-09,8.16730562291923e-07,1.3431004845188e-05,0.00017907045548781753,0.001857701106928289,0.015669895336031914,0.19137367606163025,0.5,1.0,1.0,1.0
7,2980,25000,0.3281182050704956,0.42079129815101624,9.99999905104687e-09,1.0,9.99999905104687e-09,8.11700090252998e-07,1.374588373437291e-05,0.00018231723515782505,0.0018594692228361964,0.015919819474220276,0.19309823215007782,0.5,1.0,1.0,1.0
7,2990,25000,0.328195184469223,0.4207373559474945,9.99999905104687e-09,1.0,9.99999905104687e-09,8.063496466093056e-07,1.3904693332733586e-05,0.0001792130497051403,0.001839130069129169,0.016184650361537933,0.19375775754451752,0.5,1.0,1.0,1.0
7,3000,25000,0.3281351625919342,0.4207654297351837,9.99999905104687e-09,1.0,9.99999905104687e-09,8.071088473116106e-07,1.4239561096474063e-05,0.00018186328816227615,0.0018369673052802682,0.01615951396524906,0.19257432222366333,0.5,1.0,1.0,1.0
7,3010,25000,0.32813769578933716,0.42077353596687317,9.99999905104687e-09,1.0,9.99999905104687e-09,8.233914741140325e-07,1.3675869922735728e-05,0.00018506060587242246,0.0018648187397047877,0.016158167272806168,0.19074268639087677,0.5,1.0,1.0,1.0
7,3020,25000,0.3279271721839905,0.4208142161369324,9.99999905104687e-09,1.0,9.99999905104687e-09,8.069156933743216e-07,1.386549774906598e-05,0.00017960960394702852,0.0018747576978057623,0.015985658392310143,0.18832623958587646,0.5,1.0,1.0,1.0
7,3030,25000,0.3280951678752899,0.42079007625579834,9.99999905104687e-09,1.0,9.99999905104687e-09,8.23260165816464e-07,1.3878934623789974e-05,0.00018058071145787835,0.0018857890972867608,0.0159972682595253,0.19163408875465393,0.5,1.0,1.0,1.0
7,3040,25000,0.32815036177635193,0.4207843840122223,9.99999905104687e-09,1.0,9.99999905104687e-09,8.107213602670527e-07,1.3940100870968308e-05,0.00018007421749643981,0.0018230406567454338,0.016305919736623764,0.19142897427082062,0.5,1.0,1.0,1.0
7,3050,25000,0.3281998932361603,0.42078253626823425,9.99999905104687e-09,1.0,9.99999905104687e-09,8.127497608256817e-07,1.3839485291100573e-05,0.00018050745711661875,0.001857971539720893,0.016110409051179886,0.19164566695690155,0.5,1.0,1.0,1.0
7,3060,25000,0.32826223969459534,0.42076486349105835,9.99999905104687e-09,1.0,9.99999905104687e-09,8.002742788448813e-07,1.3861110346624628e-05,0.00017718508024699986,0.0018513549584895372,0.01603737100958824,0.1934632807970047,0.5,1.0,1.0,1.0
7,3070,25000,0.3280816674232483,0.4208199381828308,9.99999905104687e-09,1.0,9.99999905104687e-09,8.236765438596194e-07,1.3620233403344173e-05,0.00018004716548603028,0.001877933624200523,0.016048211604356766,0.191944882273674,0.5,1.0,1.0,1.0
7,3080,25000,0.32818663120269775,0.4207974076271057,9.99999905104687e-09,1.0,9.99999905104687e-09,8.115198397717904e-07,1.3488995136867743e-05,0.00018184352666139603,0.001844135345891118,0.016167761757969856,0.19177226722240448,0.5,1.0,1.0,1.0
7,3090,25000,0.32816195487976074,0.4207952320575714,9.99999905104687e-09,1.0,9.99999905104687e-09,8.123013799377077e-07,1.3787422176392283e-05,0.00018534289847593755,0.001818631892092526,0.01612279936671257,0.19127602875232697,0.5,1.0,1.0,1.0
7,3100,25000,0.32817524671554565,0.420779824256897,9.99999905104687e-09,1.0,9.99999905104687e-09,8.150998382916441e-07,1.3610090718430001e-05,0.00018530846864450723,0.001802662038244307,0.01619204506278038,0.19158823788166046,0.5,1.0,1.0,1.0
7,3110,25000,0.32817649841308594,0.420796275138855,9.99999905104687e-09,1.0,9.99999905104687e-09,8.068687407103425e-07,1.3835469871992245e-05,0.00018808127788361162,0.001821254612877965,0.016313714906573296,0.19003356993198395,0.5,1.0,1.0,1.0
7,3120,25000,0.32827141880989075,0.42077329754829407,9.99999905104687e-09,1.0,9.99999905104687e-09,8.110198450594908e-07,1.3817259969073348e-05,0.0001808965316740796,0.0018344386480748653,0.016155488789081573,0.19306425750255585,0.5,1.0,1.0,1.0
7,3130,25000,0.3281838595867157,0.4207874834537506,9.99999905104687e-09,1.0,9.99999905104687e-09,7.958842047628423e-07,1.3546873560699169e-05,0.00018457828264217824,0.0018677173648029566,0.015979943796992302,0.1866568773984909,0.5,1.0,1.0,1.0
7,3140,25000,0.32810404896736145,0.42082279920578003,9.99999905104687e-09,1.0,9.99999905104687e-09,8.212167017518368e-07,1.3899579244025517e-05,0.00018309922597836703,0.0018724807305261493,0.015822628512978554,0.19192077219486237,0.5,1.0,1.0,1.0
7,3150,25000,0.3281874358654022,0.4207519292831421,9.99999905104687e-09,1.0,9.99999905104687e-09,7.933118695291341e-07,1.3691216736333445e-05,0.0001757670397637412,0.001820230740122497,0.016194555908441544,0.19237418472766876,0.5,1.0,1.0,1.0
7,3160,25000,0.32809019088745117,0.4207887053489685,9.99999905104687e-09,1.0,9.99999905104687e-09,7.922406553007022e-07,1.3668999599758536e-05,0.00018291300511918962,0.0018834987422451377,0.016215255483984947,0.18851439654827118,0.5,1.0,1.0,1.0
7,3170,25000,0.32812562584877014,0.420756071805954,9.99999905104687e-09,1.0,9.99999905104687e-09,8.132819857564755e-07,1.403526130161481e-05,0.00018262283992953598,0.0018465154571458697,0.016156312078237534,0.18894408643245697,0.5,1.0,1.0,1.0
7,3180,25000,0.32819464802742004,0.42078056931495667,9.99999905104687e-09,1.0,9.99999905104687e-09,8.236876283262973e-07,1.3919298908149358e-05,0.0001813978306017816,0.0018117621075361967,0.016020236536860466,0.19252005219459534,0.5,1.0,1.0,1.0
7,3190,25000,0.3281130790710449,0.42079874873161316,9.99999905104687e-09,1.0,9.99999905104687e-09,8.222483529607416e-07,1.3667186976817902e-05,0.00018062835442833602,0.0018341753166168928,0.015946635976433754,0.19144906103610992,0.5,1.0,1.0,1.0
7,3200,25000,0.32813575863838196,0.42080217599868774,9.99999905104687e-09,1.0,9.99999905104687e-09,8.107790563371964e-07,1.3491244317265227e-05,0.00018499205179978162,0.0018187795067206025,0.01604130119085312,0.19058933854103088,0.5,1.0,1.0,1.0
7,3210,25000,0.32817256450653076,0.4208393394947052,9.99999905104687e-09,1.0,9.99999905104687e-09,7.999828994798008e-07,1.376734235236654e-05,0.00018103282491210848,0.001854408299550414,0.01597760245203972,0.19284382462501526,0.5,1.0,1.0,1.0
7,3220,25000,0.3281751573085785,0.4207967519760132,9.99999905104687e-09,1.0,9.99999905104687e-09,8.299404044009862e-07,1.4057575754122809e-05,0.00018220010679215193,0.0018428897019475698,0.01602260395884514,0.19393013417720795,0.5,1.0,1.0,1.0
7,3230,25000,0.3281307518482208,0.42082735896110535,9.99999905104687e-09,1.0,9.99999905104687e-09,8.182625492736406e-07,1.4154318705550395e-05,0.00018202763749286532,0.0018347165314480662,0.01609572023153305,0.1920623928308487,0.5,1.0,1.0,1.0
7,3240,25000,0.3280761241912842,0.4207705557346344,9.99999905104687e-09,1.0,9.99999905104687e-09,8.110314411169384e-07,1.3568590475188103e-05,0.00018340216774959117,0.001836880692280829,0.01608417183160782,0.1904255896806717,0.5,1.0,1.0,1.0
7,3250,25000,0.32808586955070496,0.4207904040813446,9.99999905104687e-09,1.0,9.99999905104687e-09,8.222413612202217e-07,1.383694416290382e-05,0.00018394290236756206,0.0017844097455963492,0.016161330044269562,0.18943126499652863,0.5,1.0,1.0,1.0
7,3260,25000,0.3281193971633911,0.42080700397491455,9.99999905104687e-09,1.0,9.99999905104687e-09,8.319552762259264e-07,1.344445081485901e-05,0.00018642914074007422,0.001826906343922019,0.01597689837217331,0.1912916749715805,0.5,1.0,1.0,1.0
7,3270,25000,0.32819220423698425,0.42076778411865234,9.99999905104687e-09,1.0,9.99999905104687e-09,8.031429956645297e-07,1.3881223821954336e-05,0.00017969604232348502,0.0018824737053364515,0.016147177666425705,0.19426855444908142,0.5,1.0,1.0,1.0
7,3280,25000,0.3282570242881775,0.4207269251346588,9.99999905104687e-09,1.0,9.99999905104687e-09,8.11780580534105e-07,1.403114220011048e-05,0.00018696750339586288,0.0018478266429156065,0.016171930357813835,0.19410420954227448,0.5,1.0,1.0,1.0
7,3290,25000,0.3281154930591583,0.42083680629730225,9.99999905104687e-09,1.0,9.99999905104687e-09,8.287382229354989e-07,1.3429463251668494e-05,0.0001797610311768949,0.001814862946048379,0.01578311063349247,0.18951989710330963,0.5,1.0,1.0,1.0
7,3300,25000,0.32825347781181335,0.4207937717437744,9.99999905104687e-09,1.0,9.99999905104687e-09,8.029552986954513e-07,1.3950409993412904e-05,0.0001782756153261289,0.0018136822618544102,0.016029108315706253,0.19347576797008514,0.5,1.0,1.0,1.0
7,3310,25000,0.3281649053096771,0.42082804441452026,9.99999905104687e-09,1.0,9.99999905104687e-09,8.363408596778754e-07,1.3797084648103919e-05,0.0001846897939685732,0.0018160013714805245,0.01611492410302162,0.19166387617588043,0.5,1.0,1.0,1.0
7,3320,25000,0.3281141519546509,0.420823872089386,9.99999905104687e-09,1.0,9.99999905104687e-09,8.185012347894371e-07,1.351152423012536e-05,0.0001818885502871126,0.0018037543632090092,0.01620672643184662,0.19055405259132385,0.5,1.0,1.0,1.0
7,3330,25000,0.3280670940876007,0.4208371341228485,9.99999905104687e-09,1.0,9.99999905104687e-09,8.2719981264745e-07,1.4347494470712263e-05,0.00018262396042700857,0.0018308578291907907,0.015796680003404617,0.191461980342865,0.5,1.0,1.0,1.0
7,3340,25000,0.3282557427883148,0.4207615852355957,9.99999905104687e-09,1.0,9.99999905104687e-09,8.142669116750767e-07,1.3938399206381291e-05,0.00018418626859784126,0.0018715948099270463,0.01608733832836151,0.1923518031835556,0.5,1.0,1.0,1.0
7,3350,25000,0.32819560170173645,0.4207843244075775,9.99999905104687e-09,1.0,9.99999905104687e-09,8.203363108805206e-07,1.3868316273146775e-05,0.0001806061336537823,0.0018135911086574197,0.01641986519098282,0.19223950803279877,0.5,1.0,1.0,1.0
7,3360,25000,0.3281504213809967,0.42077964544296265,9.99999905104687e-09,1.0,9.99999905104687e-09,8.1140160546056e-07,1.3897001736040693e-05,0.00018303850083611906,0.0018592366250231862,0.015966881066560745,0.18936583399772644,0.5,1.0,1.0,1.0
7,3370,25000,0.32807910442352295,0.420853853225708,9.99999905104687e-09,1.0,9.99999905104687e-09,8.024808266782202e-07,1.4242907127481885e-05,0.00018449159688316286,0.0018495820695534348,0.01590820588171482,0.1879531294107437,0.5,1.0,1.0,1.0
7,3380,25000,0.32813170552253723,0.4207935333251953,9.99999905104687e-09,1.0,9.99999905104687e-09,8.171329568540386e-07,1.3848670278093778e-05,0.00018476080731488764,0.0018547471845522523,0.016133885830640793,0.1900569200515747,0.5,1.0,1.0,1.0
7,3390,25000,0.328118234872818,0.4208362400531769,9.99999905104687e-09,1.0,9.99999905104687e-09,8.153566568580572e-07,1.412031542713521e-05,0.00018674235616344959,0.0018453248776495457,0.01590767316520214,0.190205916762352,0.5,1.0,1.0,1.0
7,3400,25000,0.32815787196159363,0.4208014905452728,9.99999905104687e-09,1.0,9.99999905104687e-09,8.334699828083103e-07,1.3716174180444796e-05,0.0001822078920667991,0.0018196350429207087,0.01602291129529476,0.1907116323709488,0.5,1.0,1.0,1.0
7,3410,25000,0.32811564207077026,0.4208351969718933,9.99999905104687e-09,1.0,9.99999905104687e-09,8.134236963996955e-07,1.3909078916185535e-05,0.0001836489245761186,0.0018262057565152645,0.016077321022748947,0.1927480399608612,0.5,1.0,1.0,1.0
7,3420,25000,0.3280884325504303,0.420812726020813,9.99999905104687e-09,1.0,9.99999905104687e-09,8.212285251829599e-07,1.3793783182336483e-05,0.00018337543588131666,0.0018418041290715337,0.015956010669469833,0.19048607349395752,0.5,1.0,1.0,1.0
7,3430,25000,0.3281475901603699,0.4207683801651001,9.99999905104687e-09,1.0,9.99999905104687e-09,8.057290301621833e-07,1.3911730093241204e-05,0.00018320696835871786,0.001871056854724884,0.016284829005599022,0.19118060171604156,0.5,1.0,1.0,1.0
7,3440,25000,0.32819437980651855,0.4207921326160431,9.99999905104687e-09,1.0,9.99999905104687e-09,8.222748988373496e-07,1.3989731996844057e-05,0.00017995620146393776,0.0018145892536267638,0.016151877120137215,0.19342391192913055,0.5,1.0,1.0,1.0
7,3450,25000,0.32819151878356934,0.4207918643951416,9.99999905104687e-09,1.0,9.99999905104687e-09,8.189974209926731e-07,1.401788631483214e-05,0.00018073963292408735,0.0018711744341999292,0.015952352434396744,0.1919187307357788,0.5,1.0,1.0,1.0
7,3460,25000,0.3280809223651886,0.4207858443260193,9.99999905104687e-09,1.0,9.99999905104687e-09,8.103297659545206e-07,1.3820695130561944e-05,0.00018410642223898321,0.001822605263441801,0.016166549175977707,0.19176484644412994,0.5,1.0,1.0,1.0
7,3470,25000,0.32818421721458435,0.4207829535007477,9.99999905104687e-09,1.0,9.99999905104687e-09,8.124846999635338e-07,1.3735811080550775e-05,0.0001859022449934855,0.0018600886687636375,0.016045264899730682,0.1907060742378235,0.5,1.0,1.0,1.0
7,3480,25000,0.32811784744262695,0.4208053946495056,9.99999905104687e-09,1.0,9.99999905104687e-09,7.993629651537049e-07,1.3888406101614237e-05,0.0001818357122829184,0.0018480692524462938,0.01609128713607788,0.19144891202449799,0.5,1.0,1.0,1.0
7,3490,25000,0.3281727135181427,0.4208182096481323,9.99999905104687e-09,1.0,9.99999905104687e-09,8.103341428977728e-07,1.3892296919948421e-05,0.00018640572670847178,0.0018578096060082316,0.016083301976323128,0.1924920529127121,0.5,1.0,1.0,1.0
7,3500,25000,0.32806694507598877,0.4208604395389557,9.99999905104687e-09,1.0,9.99999905104687e-09,8.179305268640746e-07,1.402297039021505e-05,0.00018841867859009653,0.0018548648804426193,0.01605657860636711,0.18932487070560455,0.5,1.0,1.0,1.0
7,3510,25000,0.32815027236938477,0.4208201766014099,9.99999905104687e-09,1.0,9.99999905104687e-09,8.076893323050172e-07,1.3661839147971477e-05,0.00018427074246574193,0.0018582209013402462,0.01608157902956009,0.19282609224319458,0.5,1.0,1.0,1.0
7,3520,25000,0.3281348645687103,0.42080897092819214,9.99999905104687e-09,1.0,9.99999905104687e-09,8.084527394203178e-07,1.4005722732690629e-05,0.00018474691023584455,0.0018158144084736705,0.015800587832927704,0.19163203239440918,0.5,1.0,1.0,1.0
7,3530,25000,0.32819753885269165,0.42080408334732056,9.99999905104687e-09,1.0,9.99999905104687e-09,8.188791298380238e-07,1.3443078387354035e-05,0.00018368825840298086,0.001874002511613071,0.016138050705194473,0.1904238909482956,0.5,1.0,1.0,1.0
7,3540,25000,0.32803863286972046,0.420839786529541,9.99999905104687e-09,1.0,9.99999905104687e-09,8.103864388431248e-07,1.3793934158456977e-05,0.00018622913921717554,0.0018250355497002602,0.015916481614112854,0.190895214676857,0.5,1.0,1.0,1.0
7,3550,25000,0.3282163739204407,0.4207526445388794,9.99999905104687e-09,1.0,9.99999905104687e-09,8.401392506129923e-07,1.3893951290810946e-05,0.0001807087246561423,0.0018313552718609571,0.0162913016974926,0.19379602372646332,0.5,1.0,1.0,1.0
7,3560,25000,0.32814738154411316,0.4207751750946045,9.99999905104687e-09,1.0,9.99999905104687e-09,8.136500468935992e-07,1.394723767589312e-05,0.00018498084682505578,0.0018661064095795155,0.016100972890853882,0.1931874006986618,0.5,1.0,1.0,1.0
7,3570,25000,0.32817506790161133,0.4208129048347473,9.99999905104687e-09,1.0,9.99999905104687e-09,8.226244858633436e-07,1.4159392776491586e-05,0.00018281232041772455,0.0018666340038180351,0.016172204166650772,0.19405768811702728,0.5,1.0,1.0,1.0
7,3580,25000,0.3281746804714203,0.42078208923339844,9.99999905104687e-09,1.0,9.99999905104687e-09,8.157713295986468e-07,1.4006381206854712e-05,0.00018050061771646142,0.0018471708754077554,0.016118772327899933,0.19238008558750153,0.5,1.0,1.0,1.0
7,3590,25000,0.3282793462276459,0.4207816421985626,9.99999905104687e-09,1.0,9.99999905104687e-09,8.126000352604024e-07,1.357847486360697e-05,0.0001831447589211166,0.0018681802321225405,0.01657494157552719,0.19408579170703888,0.5,1.0,1.0,1.0
7,3600,25000,0.328220397233963,0.4208013415336609,9.99999905104687e-09,1.0,9.99999905104687e-09,8.19161641629762e-07,1.3691033927898388e-05,0.00018456725229043514,0.0018928628414869308,0.016253871843218803,0.1916814148426056,0.5,1.0,1.0,1.0
7,3610,25000,0.3282650113105774,0.4208095967769623,9.99999905104687e-09,1.0,9.99999905104687e-09,8.115598006952496e-07,1.3907958418712951e-05,0.0001837239833548665,0.001858697272837162,0.01625499315559864,0.19043081998825073,0.5,1.0,1.0,1.0
7,3620,25000,0.32809513807296753,0.420803040266037,9.99999905104687e-09,1.0,9.99999905104687e-09,8.200586307793856e-07,1.3739306268689688e-05,0.00018421227287035435,0.0018568444065749645,0.016219856217503548,0.19100794196128845,0.5,1.0,1.0,1.0
7,3630,25000,0.3282316029071808,0.42076778411865234,9.99999905104687e-09,1.0,9.99999905104687e-09,8.236348207901756e-07,1.4001719137013424e-05,0.00018565905338618904,0.001896547619253397,0.016143841668963432,0.1940300166606903,0.5,1.0,1.0,1.0
7,3640,25000,0.32813510298728943,0.42081400752067566,9.99999905104687e-09,1.0,9.99999905104687e-09,8.083861757768318e-07,1.3613172086479608e-05,0.00018319522496312857,0.001849142019636929,0.016123872250318527,0.19193802773952484,0.5,1.0,1.0,1.0
7,3650,25000,0.32814332842826843,0.420788437128067,9.99999905104687e-09,1.0,9.99999905104687e-09,8.172056027433428e-07,1.3291530194692314e-05,0.00018226176325697452,0.0018626825185492635,0.016248157247900963,0.19098027050495148,0.5,1.0,1.0,1.0
7,3660,25000,0.3281767666339874,0.420834481716156,9.99999905104687e-09,1.0,9.99999905104687e-09,8.200798902180395e-07,1.3694218068849295e-05,0.00018704139802139252,0.0018206993117928505,0.016005316749215126,0.1915731281042099,0.5,1.0,1.0,1.0
7,3670,25000,0.3281324505805969,0.4208303391933441,9.99999905104687e-09,1.0,9.99999905104687e-09,8.246393008448649e-07,1.3738002053287346e-05,0.00018538539006840438,0.0018598411697894335,0.016041940078139305,0.19284562766551971,0.5,1.0,1.0,1.0
7,3680,25000,0.32811152935028076,0.4208284914493561,9.99999905104687e-09,1.0,9.99999905104687e-09,8.10445953902672e-07,1.3781514098809566e-05,0.00018100305169355124,0.0018148705130442977,0.015999265015125275,0.19206449389457703,0.5,1.0,1.0,1.0
7,3690,25000,0.3282451927661896,0.42080846428871155,9.99999905104687e-09,1.0,9.99999905104687e-09,7.991966413101181e-07,1.3574224794865586e-05,0.00017674655828159302,0.0018428585026413202,0.016103852540254593,0.19271834194660187,0.5,1.0,1.0,1.0
7,3700,25000,0.3281653821468353,0.4207923114299774,9.99999905104687e-09,1.0,9.99999905104687e-09,8.267151088148239e-07,1.3726654287893325e-05,0.00018226752581540495,0.00186171755194664,0.01588279753923416,0.19324149191379547,0.5,1.0,1.0,1.0
7,3710,25000,0.3281802833080292,0.42080289125442505,9.99999905104687e-09,1.0,9.99999905104687e-09,8.208845656554331e-07,1.3805506569042336e-05,0.0001837333693401888,0.0018726717680692673,0.01617458090186119,0.19154606759548187,0.5,1.0,1.0,1.0
7,3720,25000,0.32809001207351685,0.4208373427391052,9.99999905104687e-09,1.0,9.99999905104687e-09,8.21246828763833e-07,1.36346106955898e-05,0.00017838437634054571,0.0018385685980319977,0.016127174720168114,0.1903308928012848,0.5,1.0,1.0,1.0
7,3730,25000,0.3281235992908478,0.4207727909088135,9.99999905104687e-09,1.0,9.99999905104687e-09,8.194198812816467e-07,1.3725476492254529e-05,0.00018097918655257672,0.0018203298095613718,0.016146328300237656,0.19071100652217865,0.5,1.0,1.0,1.0
7,3740,25000,0.32809963822364807,0.4207814037799835,9.99999905104687e-09,1.0,9.99999905104687e-09,8.241815407927788e-07,1.3982070413476322e-05,0.00017875409685075283,0.0018925396725535393,0.016023483127355576,0.18943607807159424,0.5,1.0,1.0,1.0
7,3750,25000,0.3281296193599701,0.4207892119884491,9.99999905104687e-09,1.0,9.99999905104687e-09,8.125080057652667e-07,1.3725758435612079e-05,0.0001813690469134599,0.0018140218453481793,0.01630055531859398,0.19329458475112915,0.5,1.0,1.0,1.0
7,3760,25000,0.3282065987586975,0.42080965638160706,9.99999905104687e-09,1.0,9.99999905104687e-09,8.223520922001626e-07,1.333831824013032e-05,0.00017928915622178465,0.0018105608178302646,0.01594669371843338,0.19213442504405975,0.5,1.0,1.0,1.0
7,3770,25000,0.32813748717308044,0.4208579957485199,9.99999905104687e-09,1.0,9.99999905104687e-09,8.105060942398268e-07,1.371774578728946e-05,0.0001838298048824072,0.0018886758480221033,0.016087118536233902,0.1927151381969452,0.5,1.0,1.0,1.0
7,3780,25000,0.3282231390476227,0.420825332403183,9.99999905104687e-09,1.0,9.99999905104687e-09,8.271179012808716e-07,1.3910639609093778e-05,0.00018698936037253588,0.0018618470057845116,0.015939615666866302,0.19150233268737793,0.5,1.0,1.0,1.0
7,3790,25000,0.3281611502170563,0.42081448435783386,9.99999905104687e-09,1.0,9.99999905104687e-09,8.011051022549509e-07,1.3773542377748527e-05,0.00018336782522965223,0.0018035838147625327,0.016250288113951683,0.1905578225851059,0.5,1.0,1.0,1.0
7,3800,25000,0.32812345027923584,0.42084723711013794,9.99999905104687e-09,1.0,9.99999905104687e-09,8.25068070753332e-07,1.4053225640964229e-05,0.00018726245616562665,0.0018898537382483482,0.016153626143932343,0.18957370519638062,0.5,1.0,1.0,1.0
7,3810,25000,0.32813313603401184,0.4208250641822815,9.99999905104687e-09,1.0,9.99999905104687e-09,8.154142392413632e-07,1.3443154784908984e-05,0.00018169321992900223,0.0018237726762890816,0.016237130388617516,0.18666617572307587,0.5,1.0,1.0,1.0
7,3820,25000,0.32810917496681213,0.4208811819553375,9.99999905104687e-09,1.0,9.99999905104687e-09,8.135868938552449e-07,1.3879765901947394e-05,0.00017909755115397274,0.0018546910723671317,0.01598275639116764,0.18979184329509735,0.5,1.0,1.0,1.0
7,3830,25000,0.32810282707214355,0.4208851456642151,9.99999905104687e-09,1.0,9.99999905104687e-09,8.327086220560886e-07,1.3649580978380982e-05,0.00018691491277422756,0.0018388262251392007,0.015891674906015396,0.1901325285434723,0.5,1.0,1.0,1.0
7,3840,25000,0.3282060921192169,0.42079710960388184,9.99999905104687e-09,1.0,9.99999905104687e-09,7.955243290780345e-07,1.3663532627106179e-05,0.0001791974646039307,0.0018509906949475408,0.016122808679938316,0.1915956735610962,0.5,1.0,1.0,1.0
7,3850,25000,0.32818603515625,0.42078691720962524,9.99999905104687e-09,1.0,9.99999905104687e-09,8.080262432486052e-07,1.3440852853818797e-05,0.00018439088307786733,0.0018311620224267244,0.01620989665389061,0.19468794763088226,0.5,1.0,1.0,1.0
7,3860,25000,0.32813140749931335,0.42077934741973877,9.99999905104687e-09,1.0,9.99999905104687e-09,8.03213140443404e-07,1.3625267456518486e-05,0.00018277126946486533,0.001866114791482687,0.016167055815458298,0.1918567568063736,0.5,1.0,1.0,1.0
7,3870,25000,0.3282841145992279,0.42084476351737976,9.99999905104687e-09,1.0,9.99999905104687e-09,8.096748160824063e-07,1.384574716212228e-05,0.00018347342847846448,0.001853765221312642,0.01594023033976555,0.19255229830741882,0.5,1.0,1.0,1.0
7,3880,25000,0.32829275727272034,0.42089012265205383,9.99999905104687e-09,1.0,9.99999905104687e-09,8.149308428073709e-07,1.3947270417702384e-05,0.00017984258010983467,0.0018204174702987075,0.016523027792572975,0.18907152116298676,0.5,1.0,1.0,1.0
7,3890,25000,0.3281862139701843,0.42084017395973206,9.99999905104687e-09,1.0,9.99999905104687e-09,8.128007493723999e-07,1.382396567350952e-05,0.00018206785898655653,0.0018365968717262149,0.016268212348222733,0.191762775182724,0.5,1.0,1.0,1.0
7,3900,25000,0.32817667722702026,0.42084455490112305,9.99999905104687e-09,1.0,9.99999905104687e-09,8.087022251856979e-07,1.3647390915139113e-05,0.00017712406406644732,0.0018686521798372269,0.015829894691705704,0.19349749386310577,0.5,1.0,1.0,1.0
7,3910,25000,0.32831892371177673,0.4208346903324127,9.99999905104687e-09,1.0,9.99999905104687e-09,8.208119766095479e-07,1.3575621778727509e-05,0.0001835436123656109,0.0018374284263700247,0.015879027545452118,0.19302991032600403,0.5,1.0,1.0,1.0
7,3920,25000,0.32826870679855347,0.42082980275154114,9.99999905104687e-09,1.0,9.99999905104687e-09,8.154458441822499e-07,1.3879050129617099e-05,0.00019109556160401553,0.0018447062466293573,0.01608690619468689,0.19267843663692474,0.5,1.0,1.0,1.0
7,3930,25000,0.32815462350845337,0.42080000042915344,9.99999905104687e-09,1.0,9.99999905104687e-09,8.051974873524159e-07,1.3588971341960132e-05,0.00018422224093228579,0.0018354469211772084,0.01618700847029686,0.19140635430812836,0.5,1.0,1.0,1.0
7,3940,25000,0.32822713255882263,0.42077693343162537,9.99999905104687e-09,1.0,9.99999905104687e-09,8.154341344379645e-07,1.3849281458533369e-05,0.00018311500025447458,0.0018716920167207718,0.016049249097704887,0.19246888160705566,0.5,1.0,1.0,1.0
7,3950,25000,0.32816749811172485,0.4208112359046936,9.99999905104687e-09,1.0,9.99999905104687e-09,8.136655083035294e-07,1.3540831787395291e-05,0.00018036729306913912,0.0018376901280134916,0.015961915254592896,0.1933266818523407,0.5,1.0,1.0,1.0
7,3960,25000,0.32822906970977783,0.4208211302757263,9.99999905104687e-09,1.0,9.99999905104687e-09,8.167393161784275e-07,1.4306445336842444e-05,0.0001841244229581207,0.001847532344982028,0.01620456762611866,0.1941012144088745,0.5,1.0,1.0,1.0
7,3970,25000,0.32820266485214233,0.42080923914909363,9.99999905104687e-09,1.0,9.99999905104687e-09,8.188129640984698e-07,1.3520114407583605e-05,0.00017789301637094468,0.0018638487672433257,0.016166262328624725,0.19238103926181793,0.5,1.0,1.0,1.0
7,3980,25000,0.32814618945121765,0.42082318663597107,9.99999905104687e-09,1.0,9.99999905104687e-09,8.104709650069708e-07,1.3859513273928314e-05,0.00018380096298642457,0.0018360576359555125,0.016162283718585968,0.19215238094329834,0.5,1.0,1.0,1.0
7,3990,25000,0.32828962802886963,0.42078855633735657,9.99999905104687e-09,1.0,9.99999905104687e-09,8.255080388153146e-07,1.387854263157351e-05,0.000179746508365497,0.0018609415274113417,0.016134370118379593,0.19389621913433075,0.5,1.0,1.0,1.0
7,4000,25000,0.328151136636734,0.4207932651042938,9.99999905104687e-09,1.0,9.99999905104687e-09,8.124425221467391e-07,1.3634986316901632e-05,0.00018368080782238394,0.0018138509476557374,0.016246140003204346,0.19074523448944092,0.5,1.0,1.0,1.0
7,4010,25000,0.3282589912414551,0.420772910118103,9.99999905104687e-09,1.0,9.99999905104687e-09,8.064455414569238e-07,1.360592432320118e-05,0.00018460024148225784,0.0018616956658661366,0.015998683869838715,0.19232290983200073,0.5,1.0,1.0,1.0
7,4020,25000,0.32817330956459045,0.4208751916885376,9.99999905104687e-09,1.0,9.99999905104687e-09,8.139116971506155e-07,1.3678888535650913e-05,0.00018312344036530703,0.0018427555914968252,0.01625925675034523,0.1905956268310547,0.5,1.0,1.0,1.0
7,4030,25000,0.32824835181236267,0.4208078980445862,9.99999905104687e-09,1.0,9.99999905104687e-09,8.149986570060719e-07,1.4009056030772626e-05,0.00017818956985138357,0.0018678545020520687,0.01618890091776848,0.1950383186340332,0.5,1.0,1.0,1.0
7,4040,25000,0.3281433880329132,0.42079994082450867,9.99999905104687e-09,1.0,9.99999905104687e-09,7.994855195647688e-07,1.3655585462402087e-05,0.00018357030057813972,0.0018537839641794562,0.01586589217185974,0.1903831660747528,0.5,1.0,1.0,1.0
7,4050,25000,0.32824191451072693,0.4208046495914459,9.99999905104687e-09,1.0,9.99999905104687e-09,8.111601346172392e-07,1.3959312127553858e-05,0.00017943726561497897,0.001852637273259461,0.015844766050577164,0.19100122153759003,0.5,1.0,1.0,1.0
7,4060,25000,0.32820963859558105,0.42079731822013855,9.99999905104687e-09,1.0,9.99999905104687e-09,8.161843538800895e-07,1.394444188917987e-05,0.00018267473205924034,0.0018390114419162273,0.01619982346892357,0.1898680180311203,0.5,1.0,1.0,1.0
7,4070,25000,0.328110009431839,0.4207812249660492,9.99999905104687e-09,1.0,9.99999905104687e-09,8.061302878559218e-07,1.3620399840874597e-05,0.00017890980234369636,0.0019064357038587332,0.015980396419763565,0.1904670000076294,0.5,1.0,1.0,1.0
7,4080,25000,0.32822930812835693,0.4207610785961151,9.99999905104687e-09,1.0,9.99999905104687e-09,8.005496283658431e-07,1.3798518011753913e-05,0.00018290466687176377,0.0018380496185272932,0.01602271944284439,0.19451786577701569,0.5,1.0,1.0,1.0
7,4090,25000,0.32818707823753357,0.42083507776260376,9.99999905104687e-09,1.0,9.99999905104687e-09,8.221152825171885e-07,1.397992491547484e-05,0.00017826870316639543,0.0018140822649002075,0.01600676029920578,0.19383476674556732,0.5,1.0,1.0,1.0
7,4100,25000,0.32821983098983765,0.42081019282341003,9.99999905104687e-09,1.0,9.99999905104687e-09,8.090891014944646e-07,1.3710250641452149e-05,0.00018449180060997605,0.0018543507903814316,0.016158170998096466,0.19066187739372253,0.5,1.0,1.0,1.0
7,4110,25000,0.3282320499420166,0.42076897621154785,9.99999905104687e-09,1.0,9.99999905104687e-09,7.958151968523453e-07,1.4040089808986522e-05,0.00018368264136370271,0.00184348423499614,0.016294078901410103,0.1930287480354309,0.5,1.0,1.0,1.0
7,4120,25000,0.3283216655254364,0.4208142161369324,9.99999905104687e-09,1.0,9.99999905104687e-09,8.160696438608284e-07,1.4082372217671946e-05,0.00018337754590902478,0.0018376248190179467,0.016075298190116882,0.1919078230857849,0.5,1.0,1.0,1.0
7,4130,25000,0.32823553681373596,0.42083385586738586,9.99999905104687e-09,1.0,9.99999905104687e-09,8.0453912687517e-07,1.4051006473891903e-05,0.0001823195198085159,0.0018622156931087375,0.015734557062387466,0.191467747092247,0.5,1.0,1.0,1.0
7,4140,25000,0.3282567858695984,0.42079728841781616,9.99999905104687e-09,1.0,9.99999905104687e-09,8.217830895773659e-07,1.3859273167327046e-05,0.00018716102931648493,0.0018278805073350668,0.016056112945079803,0.191501647233963,0.5,1.0,1.0,1.0
7,4150,25000,0.3281998634338379,0.42083248496055603,9.99999905104687e-09,1.0,9.99999905104687e-09,8.233860171458218e-07,1.36567723529879e-05,0.00018256204202771187,0.0018263733945786953,0.016016311943531036,0.19014738500118256,0.5,1.0,1.0,1.0
7,4160,25000,0.32816949486732483,0.4208260774612427,9.99999905104687e-09,1.0,9.99999905104687e-09,8.049674988797051e-07,1.4016748536960222e-05,0.00018433235527481884,0.001861786819063127,0.016044918447732925,0.19111405313014984,0.5,1.0,1.0,1.0
7,4170,25000,0.3281581699848175,0.4208217263221741,9.99999905104687e-09,1.0,9.99999905104687e-09,8.138742373375862e-07,1.3817905710311607e-05,0.00018377929518464953,0.0018245563842356205,0.016262661665678024,0.19150830805301666,0.5,1.0,1.0,1.0
7,4180,25000,0.32811272144317627,0.4208229184150696,9.99999905104687e-09,1.0,9.99999905104687e-09,8.173798278221511e-07,1.3511336874216795e-05,0.0001835331931943074,0.0018789299065247178,0.015881139785051346,0.19139692187309265,0.5,1.0,1.0,1.0
7,4190,25000,0.32809510827064514,0.42079779505729675,9.99999905104687e-09,1.0,9.99999905104687e-09,8.231377250922378e-07,1.3948208106739912e-05,0.00018434299272485077,0.0018449798226356506,0.016112135723233223,0.19067953526973724,0.5,1.0,1.0,1.0
7,4200,25000,0.3281469941139221,0.42077183723449707,9.99999905104687e-09,1.0,9.99999905104687e-09,8.041478167797322e-07,1.4056161489861552e-05,0.0001842083438532427,0.0018450994975864887,0.01609206385910511,0.19093242287635803,0.5,1.0,1.0,1.0
7,4210,25000,0.3282347321510315,0.42080989480018616,9.99999905104687e-09,1.0,9.99999905104687e-09,8.074269430835557e-07,1.3706585377804004e-05,0.00018619158072397113,0.0018431730568408966,0.016043130308389664,0.1935349404811859,0.5,1.0,1.0,1.0
7,4220,25000,0.3281670808792114,0.42082324624061584,9.99999905104687e-09,1.0,9.99999905104687e-09,8.098138550849399e-07,1.3654044778377283e-05,0.00018123675545211881,0.0018624302465468645,0.016143005341291428,0.18977637588977814,0.5,1.0,1.0,1.0
7,4230,25000,0.3282472491264343,0.4207996428012848,9.99999905104687e-09,1.0,9.99999905104687e-09,8.222352221309848e-07,1.3982032214698847e-05,0.00017720568575896323,0.0018115913262590766,0.01633666828274727,0.19106841087341309,0.5,1.0,1.0,1.0
7,4240,25000,0.32811546325683594,0.420803427696228,9.99999905104687e-09,1.0,9.99999905104687e-09,8.022383894967788e-07,1.3742082956014201e-05,0.00018426899623591453,0.0018938557477667928,0.01598961651325226,0.19092948734760284,0.5,1.0,1.0,1.0
7,4250,25000,0.32806628942489624,0.42081165313720703,9.99999905104687e-09,1.0,9.99999905104687e-09,8.055206421886396e-07,1.3564746041083708e-05,0.0001849045802373439,0.001852588728070259,0.015922855585813522,0.1935454159975052,0.5,1.0,1.0,1.0
7,4260,25000,0.328177809715271,0.4207797646522522,9.99999905104687e-09,1.0,9.99999905104687e-09,8.306896006615716e-07,1.4065650248085149e-05,0.0001790915266610682,0.0018443313892930746,0.01615169644355774,0.19301563501358032,0.5,1.0,1.0,1.0
7,4270,25000,0.3282424807548523,0.4207910895347595,9.99999905104687e-09,1.0,9.99999905104687e-09,8.155464570336335e-07,1.4014784028404392e-05,0.00018861120042856783,0.00183855218347162,0.016525328159332275,0.19369065761566162,0.5,1.0,1.0,1.0
7,4280,25000,0.3281915485858917,0.4207999110221863,9.99999905104687e-09,1.0,9.99999905104687e-09,8.03408340743772e-07,1.3809485608362593e-05,0.00018339861708227545,0.0018463325686752796,0.015919877216219902,0.19052132964134216,0.5,1.0,1.0,1.0
7,4290,25000,0.32815802097320557,0.4208413064479828,9.99999905104687e-09,1.0,9.99999905104687e-09,8.12547511941375e-07,1.3954880159872118e-05,0.00018117629224434495,0.001896240166388452,0.016154732555150986,0.19014479219913483,0.5,1.0,1.0,1.0
7,4300,25000,0.3281823396682739,0.420748770236969,9.99999905104687e-09,1.0,9.99999905104687e-09,8.116481353681593e-07,1.3989396393299103e-05,0.0001764034095685929,0.0018113628029823303,0.01634751819074154,0.19273659586906433,0.5,1.0,1.0,1.0
7,4310,25000,0.32820481061935425,0.42079824209213257,9.99999905104687e-09,1.0,9.99999905104687e-09,8.155453201652563e-07,1.3907164429838303e-05,0.00018191264825873077,0.0018437181133776903,0.016297949478030205,0.1933695375919342,0.5,1.0,1.0,1.0
7,4320,25000,0.32816940546035767,0.42081308364868164,9.99999905104687e-09,1.0,9.99999905104687e-09,8.362010248674778e-07,1.3827268958266359e-05,0.00018168911628890783,0.0018472931114956737,0.01604928821325302,0.1931421458721161,0.5,1.0,1.0,1.0
7,4330,25000,0.3281736671924591,0.4207962155342102,9.99999905104687e-09,1.0,9.99999905104687e-09,8.113748890536954e-07,1.3899803889216855e-05,0.0001832220732467249,0.001854405621998012,0.015760615468025208,0.19421283900737762,0.5,1.0,1.0,1.0
7,4340,25000,0.32829996943473816,0.42079323530197144,9.99999905104687e-09,1.0,9.99999905104687e-09,8.288889148388989e-07,1.4166763321554754e-05,0.0001812046830309555,0.001823587459512055,0.016303546726703644,0.1931922286748886,0.5,1.0,1.0,1.0
7,4350,25000,0.32817935943603516,0.4208487570285797,9.99999905104687e-09,1.0,9.99999905104687e-09,8.115409286801878e-07,1.4054833627596963e-05,0.00018228444969281554,0.001831828965805471,0.016298580914735794,0.19275647401809692,0.5,1.0,1.0,1.0
7,4360,25000,0.3281082808971405,0.42085161805152893,9.99999905104687e-09,1.0,9.99999905104687e-09,8.092850407592778e-07,1.3659192518389318e-05,0.0001860600314103067,0.0018796016229316592,0.015930024906992912,0.19154368340969086,0.5,1.0,1.0,1.0
7,4370,25000,0.32811179757118225,0.4207954704761505,9.99999905104687e-09,1.0,9.99999905104687e-09,8.16048157048499e-07,1.3447261153487489e-05,0.00018459284910932183,0.0018527560168877244,0.015967290848493576,0.19118838012218475,0.5,1.0,1.0,1.0
7,4380,25000,0.3281823992729187,0.42079395055770874,9.99999905104687e-09,1.0,9.99999905104687e-09,8.131308391057246e-07,1.3971192856843118e-05,0.0001782741310307756,0.001841078046709299,0.016199607402086258,0.19049757719039917,0.5,1.0,1.0,1.0
7,4390,25000,0.3281975984573364,0.42081689834594727,9.99999905104687e-09,1.0,9.99999905104687e-09,8.290735422633588e-07,1.3770537407253869e-05,0.0001820557372411713,0.001855294918641448,0.015937205404043198,0.1926136463880539,0.5,1.0,1.0,1.0
7,4400,25000,0.3281891644001007,0.42080989480018616,9.99999905104687e-09,1.0,9.99999905104687e-09,8.177741506187886e-07,1.363709907309385e-05,0.00018451739742886275,0.0018536157440394163,0.016197171062231064,0.19152192771434784,0.5,1.0,1.0,1.0
7,4410,25000,0.32815057039260864,0.42085081338882446,9.99999905104687e-09,1.0,9.99999905104687e-09,8.157722390933486e-07,1.3971744010632392e-05,0.00018235381867270917,0.0018406100571155548,0.016029424965381622,0.1909307986497879,0.5,1.0,1.0,1.0
7,4420,25000,0.32818758487701416,0.4207595884799957,9.99999905104687e-09,1.0,9.99999905104687e-09,8.094029340099951e-07,1.4087743693380617e-05,0.00017965483129955828,0.001810821471735835,0.016259711235761642,0.1912330836057663,0.5,1.0,1.0,1.0
7,4430,25000,0.3281901478767395,0.42085590958595276,9.99999905104687e-09,1.0,9.99999905104687e-09,8.128420745379117e-07,1.3798457075608894e-05,0.0001816426229197532,0.0017984345322474837,0.016127310693264008,0.1902194768190384,0.5,1.0,1.0,1.0
7,4440,25000,0.3281133472919464,0.4207910895347595,9.99999905104687e-09,1.0,9.99999905104687e-09,8.130479045576067e-07,1.3335473340703174e-05,0.00018074334366247058,0.001845890306867659,0.016196761280298233,0.19144128262996674,0.5,1.0,1.0,1.0
7,4450,25000,0.32814547419548035,0.4208240807056427,9.99999905104687e-09,1.0,9.99999905104687e-09,8.160579909599619e-07,1.3801227396470495e-05,0.00018203021318186074,0.0018093069083988667,0.016188662499189377,0.19160038232803345,0.5,1.0,1.0,1.0
7,4460,25000,0.3282395303249359,0.42079028487205505,9.99999905104687e-09,1.0,9.99999905104687e-09,8.29975192573329e-07,1.374471958115464e-05,0.00018606954836286604,0.00189720478374511,0.01660265401005745,0.18858815729618073,0.5,1.0,1.0,1.0
7,4470,25000,0.3281652331352234,0.4207920432090759,9.99999905104687e-09,1.0,9.99999905104687e-09,8.195772807084722e-07,1.393970160279423e-05,0.00018318464572075754,0.0018254470778629184,0.016272936016321182,0.19191384315490723,0.5,1.0,1.0,1.0
7,4480,25000,0.32826149463653564,0.42079174518585205,9.99999905104687e-09,1.0,9.99999905104687e-09,8.196601584131713e-07,1.389592307532439e-05,0.00018343687406741083,0.0018149394309148192,0.015951162204146385,0.19329611957073212,0.5,1.0,1.0,1.0
7,4490,25000,0.3282334506511688,0.4208694100379944,9.99999905104687e-09,1.0,9.99999905104687e-09,8.135993425639754e-07,1.4038022527529392e-05,0.000182274729013443,0.001873011700809002,0.01611161231994629,0.1934977024793625,0.5,1.0,1.0,1.0
7,4500,25000,0.3281913995742798,0.4207913875579834,9.99999905104687e-09,1.0,9.99999905104687e-09,8.063469749686192e-07,1.3879905054636765e-05,0.00018010126950684935,0.001865828176960349,0.016155779361724854,0.19228176772594452,0.5,1.0,1.0,1.0
7,4510,25000,0.3281264007091522,0.42079785466194153,9.99999905104687e-09,1.0,9.99999905104687e-09,8.342854016518686e-07,1.4218046089808922e-05,0.00018518258002586663,0.0018570285756140947,0.01634371280670166,0.19063597917556763,0.5,1.0,1.0,1.0
7,4520,25000,0.3282186985015869,0.4207904040813446,9.99999905104687e-09,1.0,9.99999905104687e-09,8.094598911156936e-07,1.3866982953913976e-05,0.00018594581342767924,0.001883055898360908,0.016083572059869766,0.1932157278060913,0.5,1.0,1.0,1.0
7,4530,25000,0.32817912101745605,0.4207780659198761,9.99999905104687e-09,1.0,9.99999905104687e-09,7.998505680006929e-07,1.4056268810236361e-05,0.0001878079492598772,0.0018245138926431537,0.015904856845736504,0.19114412367343903,0.5,1.0,1.0,1.0
7,4540,25000,0.328167587518692,0.42079126834869385,9.99999905104687e-09,1.0,9.99999905104687e-09,8.007422138689435e-07,1.4271382497099694e-05,0.00018145135254599154,0.0018574727000668645,0.016185149550437927,0.19112628698349,0.5,1.0,1.0,1.0
7,4550,25000,0.32820022106170654,0.4208253026008606,9.99999905104687e-09,1.0,9.99999905104687e-09,8.248870813076792e-07,1.3933395166532136e-05,0.00017810249119065702,0.00181839510332793,0.016258787363767624,0.19345831871032715,0.5,1.0,1.0,1.0
7,4560,25000,0.3281095027923584,0.42083844542503357,9.99999905104687e-09,1.0,9.99999905104687e-09,8.105209303721495e-07,1.3575081538874656e-05,0.00018600917246658355,0.001790571492165327,0.016041401773691177,0.19139507412910461,0.5,1.0,1.0,1.0
7,4570,25000,0.3281247317790985,0.4208311438560486,9.99999905104687e-09,1.0,9.99999905104687e-09,8.056364890762779e-07,1.4285695215221494e-05,0.00018460670253261924,0.001832198933698237,0.016112469136714935,0.1906508207321167,0.5,1.0,1.0,1.0
7,4580,25000,0.3280552327632904,0.4208139479160309,9.99999905104687e-09,1.0,9.99999905104687e-09,8.248895824181091e-07,1.4008855941938236e-05,0.0001814482093323022,0.0018411470809951425,0.016256187111139297,0.19000273942947388,0.5,1.0,1.0,1.0
7,4590,25000,0.3281960189342499,0.420789510011673,9.99999905104687e-09,1.0,9.99999905104687e-09,8.179874271263543e-07,1.3511295946955215e-05,0.00017967629537452012,0.0018262272933498025,0.01645699515938759,0.18942126631736755,0.5,1.0,1.0,1.0
7,4600,25000,0.32810863852500916,0.4208593964576721,9.99999905104687e-09,1.0,9.99999905104687e-09,7.978960638865829e-07,1.3967571248940658e-05,0.0001834721042541787,0.00185319350566715,0.01622401364147663,0.19251766800880432,0.5,1.0,1.0,1.0
7,4610,25000,0.3282662332057953,0.42078179121017456,9.99999905104687e-09,1.0,9.99999905104687e-09,8.151366159836471e-07,1.3646284060087055e-05,0.00018331449246034026,0.001829921850003302,0.016217026859521866,0.19104278087615967,0.5,1.0,1.0,1.0
7,4620,25000,0.3282456696033478,0.42090505361557007,9.99999905104687e-09,1.0,9.99999905104687e-09,8.159224194059789e-07,1.3796240637020674e-05,0.0001850977714639157,0.0018608603859320283,0.016050098463892937,0.19229094684123993,0.5,1.0,1.0,1.0
7,4630,25000,0.3281008005142212,0.42082080245018005,9.99999905104687e-09,1.0,9.99999905104687e-09,7.934449399726873e-07,1.4023434232512955e-05,0.0001814944262150675,0.0019127008272334933,0.016065672039985657,0.19091446697711945,0.5,1.0,1.0,1.0
7,4640,25000,0.328258216381073,0.420742392539978,9.99999905104687e-09,1.0,9.99999905104687e-09,8.209560178329411e-07,1.3930517525295727e-05,0.0001821239129640162,0.0018460392020642757,0.016481157392263412,0.1939404159784317,0.5,1.0,1.0,1.0
7,4650,25000,0.32814547419548035,0.42078524827957153,9.99999905104687e-09,1.0,9.99999905104687e-09,8.169145644387754e-07,1.3744116586167365e-05,0.0001809862005757168,0.0018325402634218335,0.01656447909772396,0.19463133811950684,0.5,1.0,1.0,1.0
7,4660,25000,0.32818517088890076,0.420780748128891,9.99999905104687e-09,1.0,9.99999905104687e-09,8.190001494767785e-07,1.3827796465193387e-05,0.00018286745762452483,0.0018386298324912786,0.01618112251162529,0.19278420507907867,0.5,1.0,1.0,1.0
7,4670,25000,0.3282005190849304,0.4208042621612549,9.99999905104687e-09,1.0,9.99999905104687e-09,8.17092370652972e-07,1.3836422112945002e-05,0.0001807755179470405,0.001851069275289774,0.016216816380620003,0.19381672143936157,0.5,1.0,1.0,1.0
7,4680,25000,0.3281704783439636,0.42084673047065735,9.99999905104687e-09,1.0,9.99999905104687e-09,8.193242138077039e-07,1.4021135939401574e-05,0.00018404560978524387,0.0018126402283087373,0.016148045659065247,0.18965205550193787,0.5,1.0,1.0,1.0
7,4690,25000,0.3281153440475464,0.42079389095306396,9.99999905104687e-09,1.0,9.99999905104687e-09,8.043842285587743e-07,1.3876474440621678e-05,0.0001806623477023095,0.0018767084693536162,0.016067463904619217,0.19293227791786194,0.5,1.0,1.0,1.0
7,4700,25000,0.3282330334186554,0.42082545161247253,9.99999905104687e-09,1.0,9.99999905104687e-09,8.319458402183955e-07,1.3871629562345333e-05,0.0001822954509407282,0.0018707128474488854,0.016247732564806938,0.19029834866523743,0.5,1.0,1.0,1.0
7,4710,25000,0.3281821012496948,0.42083483934402466,9.99999905104687e-09,1.0,9.99999905104687e-09,8.158866648955154e-07,1.3602741091744974e-05,0.0001850695989560336,0.001868778606876731,0.01602894254028797,0.19044269621372223,0.5,1.0,1.0,1.0
7,4720,25000,0.32817211747169495,0.42080309987068176,9.99999905104687e-09,1.0,9.99999905104687e-09,7.982462193467654e-07,1.3821835636917967e-05,0.00018402606656309217,0.0018539009615778923,0.016030175611376762,0.19128109514713287,0.5,1.0,1.0,1.0
7,4730,25000,0.32802706956863403,0.4207996129989624,9.99999905104687e-09,1.0,9.99999905104687e-09,7.939582360450004e-07,1.3638804375659674e-05,0.00018121639732271433,0.0018407755997031927,0.016210786998271942,0.19082258641719818,0.5,1.0,1.0,1.0
7,4740,25000,0.32811862230300903,0.42077526450157166,9.99999905104687e-09,1.0,9.99999905104687e-09,8.128493504955259e-07,1.4034048945177346e-05,0.00018608960090205073,0.001855946145951748,0.016106482595205307,0.19137294590473175,0.5,1.0,1.0,1.0
7,4750,25000,0.32820531725883484,0.4208070635795593,9.99999905104687e-09,1.0,9.99999905104687e-09,8.099520982796093e-07,1.3392011169344187e-05,0.00017985743761528283,0.0018806583248078823,0.01600688137114048,0.19168215990066528,0.5,1.0,1.0,1.0
7,4760,25000,0.32816606760025024,0.420799195766449,9.99999905104687e-09,1.0,9.99999905104687e-09,8.238541227001406e-07,1.3904661500419024e-05,0.00018304554396308959,0.0018337815999984741,0.016062088310718536,0.19004254043102264,0.5,1.0,1.0,1.0
7,4770,25000,0.32819655537605286,0.4208138585090637,9.99999905104687e-09,1.0,9.99999905104687e-09,8.137749887282553e-07,1.3593685252999421e-05,0.00018275034381076694,0.0019133267924189568,0.016260294243693352,0.19193921983242035,0.5,1.0,1.0,1.0
7,4780,25000,0.3281049430370331,0.42081525921821594,9.99999905104687e-09,1.0,9.99999905104687e-09,8.144950243149651e-07,1.3567493624577764e-05,0.00017933938943315297,0.001856919378042221,0.016285670921206474,0.1915353387594223,0.5,1.0,1.0,1.0
7,4790,25000,0.3281410336494446,0.4208538234233856,9.99999905104687e-09,1.0,9.99999905104687e-09,8.130512014759006e-07,1.3602007129520644e-05,0.00017845442926045507,0.001856952323578298,0.016018981114029884,0.188526451587677,0.5,1.0,1.0,1.0
7,4800,25000,0.3283105492591858,0.4208170473575592,9.99999905104687e-09,1.0,9.99999905104687e-09,8.017900086088048e-07,1.3469122677634005e-05,0.00018421415006741881,0.001861901138909161,0.016274789348244667,0.19249451160430908,0.5,1.0,1.0,1.0
7,4810,25000,0.32815685868263245,0.42087599635124207,9.99999905104687e-09,1.0,9.99999905104687e-09,8.07885840004019e-07,1.3936148206994403e-05,0.0001772868272382766,0.0018584540812298656,0.01651752181351185,0.18897579610347748,0.5,1.0,1.0,1.0
7,4820,25000,0.3282405734062195,0.4208303391933441,9.99999905104687e-09,1.0,9.99999905104687e-09,8.073830599641951e-07,1.3872794625058305e-05,0.00018285874102730304,0.001820412464439869,0.016056159511208534,0.19200986623764038,0.5,1.0,1.0,1.0
7,4830,25000,0.3281528055667877,0.4208282232284546,9.99999905104687e-09,1.0,9.99999905104687e-09,8.171936087819631e-07,1.356975917587988e-05,0.00017615237447898835,0.001833889284171164,0.016159798949956894,0.19138789176940918,0.5,1.0,1.0,1.0
7,4840,25000,0.32817450165748596,0.4208734631538391,9.99999905104687e-09,1.0,9.99999905104687e-09,7.998007731657708e-07,1.380922276439378e-05,0.0001841965422499925,0.0018663399387151003,0.016086813062429428,0.19124899804592133,0.5,1.0,1.0,1.0
7,4850,25000,0.328114777803421,0.4208632707595825,9.99999905104687e-09,1.0,9.99999905104687e-09,8.31940724310698e-07,1.4005058801558334e-05,0.00017902253603097051,0.001837044837884605,0.015893347561359406,0.1917521059513092,0.5,1.0,1.0,1.0
7,4860,25000,0.3282109200954437,0.4208400845527649,9.99999905104687e-09,1.0,9.99999905104687e-09,8.084800811047899e-07,1.4105803529673722e-05,0.00018000768614001572,0.0018440471030771732,0.016169633716344833,0.19200469553470612,0.5,1.0,1.0,1.0
7,4870,25000,0.32819515466690063,0.42082297801971436,9.99999905104687e-09,1.0,9.99999905104687e-09,8.175147740985267e-07,1.385064661008073e-05,0.00017966434825211763,0.0018207989633083344,0.016276339069008827,0.1924745887517929,0.5,1.0,1.0,1.0
7,4880,25000,0.32819876074790955,0.42085984349250793,9.99999905104687e-09,1.0,9.99999905104687e-09,8.225788405979984e-07,1.3679587937076576e-05,0.0001826865045586601,0.0018151539843529463,0.016017233952879906,0.19025754928588867,0.5,1.0,1.0,1.0
7,4890,25000,0.3281570076942444,0.42076200246810913,9.99999905104687e-09,1.0,9.99999905104687e-09,8.356001330867002e-07,1.3925827261118684e-05,0.00018723291577771306,0.0018115912098437548,0.01612219214439392,0.19167500734329224,0.5,1.0,1.0,1.0
7,4900,25000,0.3282066583633423,0.42086175084114075,9.99999905104687e-09,1.0,9.99999905104687e-09,8.157684874277038e-07,1.3806904462398961e-05,0.00018319193623028696,0.0018211574060842395,0.01588316261768341,0.19191592931747437,0.5,1.0,1.0,1.0
7,4910,25000,0.32800763845443726,0.42082545161247253,9.99999905104687e-09,1.0,9.99999905104687e-09,8.171076615326456e-07,1.3568326721724588e-05,0.00018629906116984785,0.0018461958970874548,0.016155384480953217,0.1882045567035675,0.5,1.0,1.0,1.0
7,4920,25000,0.3282732665538788,0.4207654595375061,9.99999905104687e-09,1.0,9.99999905104687e-09,8.157432489497296e-07,1.4034947525942698e-05,0.0001841033372329548,0.0018648988334462047,0.016154535114765167,0.19508814811706543,0.5,1.0,1.0,1.0
7,4930,25000,0.3282323181629181,0.420828640460968,9.99999905104687e-09,1.0,9.99999905104687e-09,8.131130471156212e-07,1.3671022315975279e-05,0.00017814451712183654,0.0018620704067870975,0.016198549419641495,0.1911514401435852,0.5,1.0,1.0,1.0
7,4940,25000,0.32811203598976135,0.42082130908966064,9.99999905104687e-09,1.0,9.99999905104687e-09,8.020377322282002e-07,1.4249717423808761e-05,0.0001812291011447087,0.001875365269370377,0.015983618795871735,0.19200803339481354,0.5,1.0,1.0,1.0
7,4950,25000,0.3281119763851166,0.42085713148117065,9.99999905104687e-09,1.0,9.99999905104687e-09,8.147088692567195e-07,1.4104133697401267e-05,0.00018530724628362805,0.0018452750518918037,0.016057860106229782,0.18843208253383636,0.5,1.0,1.0,1.0
7,4960,25000,0.3281122148036957,0.42079514265060425,9.99999905104687e-09,1.0,9.99999905104687e-09,8.072037758211081e-07,1.3791679521091282e-05,0.0001823051570681855,0.0018108207732439041,0.015860047191381454,0.19125314056873322,0.5,1.0,1.0,1.0
7,4970,25000,0.3282126784324646,0.4208255410194397,9.99999905104687e-09,1.0,9.99999905104687e-09,8.14763779999339e-07,1.4069518329051789e-05,0.00018178885511588305,0.001841092249378562,0.01603984832763672,0.1921589970588684,0.5,1.0,1.0,1.0
7,4980,25000,0.32814812660217285,0.4208199083805084,9.99999905104687e-09,1.0,9.99999905104687e-09,8.255625516540022e-07,1.3841669897374231e-05,0.00018646511307451874,0.0018347181612625718,0.01608659327030182,0.19309812784194946,0.5,1.0,1.0,1.0
7,4990,25000,0.32823821902275085,0.4207875430583954,9.99999905104687e-09,1.0,9.99999905104687e-09,8.132692528306507e-07,1.3822579603584018e-05,0.000180644346983172,0.0018594959983602166,0.01581721380352974,0.19416745007038116,0.5,1.0,1.0,1.0
7,5000,25000,0.3281821608543396,0.4208308458328247,9.99999905104687e-09,1.0,9.99999905104687e-09,8.100883519546187e-07,1.3574323929788079e-05,0.00018048529454972595,0.0018398395041003823,0.015961259603500366,0.1932516098022461,0.5,1.0,1.0,1.0
7,5010,25000,0.32814544439315796,0.4208224415779114,9.99999905104687e-09,1.0,9.99999905104687e-09,8.258874686362105e-07,1.3802285138808656e-05,0.0001813304261304438,0.0018448964692652225,0.0160395298153162,0.1905895322561264,0.5,1.0,1.0,1.0
7,5020,25000,0.3281504213809967,0.42079636454582214,9.99999905104687e-09,1.0,9.99999905104687e-09,8.170713954314124e-07,1.391016849083826e-05,0.00018303441174793988,0.001838024938479066,0.016160786151885986,0.19200123846530914,0.5,1.0,1.0,1.0
7,5030,25000,0.3281809985637665,0.4207801818847656,9.99999905104687e-09,1.0,9.99999905104687e-09,8.201193395507289e-07,1.3963413948658854e-05,0.000183386480784975,0.0018465631874278188,0.01621236652135849,0.19435349106788635,0.5,1.0,1.0,1.0
7,5040,25000,0.32814958691596985,0.42080506682395935,9.99999905104687e-09,1.0,9.99999905104687e-09,8.113170224532951e-07,1.383437484037131e-05,0.0001809819514164701,0.0018226696411147714,0.016227133572101593,0.1903180330991745,0.5,1.0,1.0,1.0
7,5050,25000,0.32820233702659607,0.42080292105674744,9.99999905104687e-09,1.0,9.99999905104687e-09,8.167070859599335e-07,1.433983925380744e-05,0.00018016040849033743,0.0018684989772737026,0.015977976843714714,0.19203367829322815,0.5,1.0,1.0,1.0
7,5060,25000,0.3282332420349121,0.4208245873451233,9.99999905104687e-09,1.0,9.99999905104687e-09,8.189226718968712e-07,1.3892699826101307e-05,0.0001798889134079218,0.0018584915669634938,0.01594844087958336,0.1921304315328598,0.5,1.0,1.0,1.0
7,5070,25000,0.3281609117984772,0.420835942029953,9.99999905104687e-09,1.0,9.99999905104687e-09,8.145514698298939e-07,1.3524459063773975e-05,0.00017910181486513466,0.001852125278674066,0.01591361127793789,0.19119292497634888,0.5,1.0,1.0,1.0
7,5080,25000,0.3281504809856415,0.42078790068626404,9.99999905104687e-09,1.0,9.99999905104687e-09,8.166658744812594e-07,1.4286507393990178e-05,0.0001784863998182118,0.0017998500261455774,0.015993379056453705,0.193370059132576,0.5,1.0,1.0,1.0
7,5090,25000,0.3281385898590088,0.4207962155342102,9.99999905104687e-09,1.0,9.99999905104687e-09,7.895375233601953e-07,1.3810821656079497e-05,0.00018048063793685287,0.0018856404349207878,0.01604228839278221,0.18947534263134003,0.5,1.0,1.0,1.0
7,5100,25000,0.32819509506225586,0.4207912087440491,9.99999905104687e-09,1.0,9.99999905104687e-09,8.232100299210288e-07,1.3768608368991408e-05,0.000177613808773458,0.0018976908177137375,0.016230560839176178,0.19158072769641876,0.5,1.0,1.0,1.0
7,5110,25000,0.32816651463508606,0.4208233058452606,9.99999905104687e-09,1.0,9.99999905104687e-09,8.061571747930429e-07,1.409806645824574e-05,0.00018737130449153483,0.001832005102187395,0.015986915677785873,0.19073176383972168,0.5,1.0,1.0,1.0
7,5120,25000,0.32806459069252014,0.4208498001098633,9.99999905104687e-09,1.0,9.99999905104687e-09,8.219127494157874e-07,1.387730117130559e-05,0.00018576566071715206,0.0018365898868069053,0.016047002747654915,0.18963444232940674,0.5,1.0,1.0,1.0
7,5130,25000,0.3280152976512909,0.4208161234855652,9.99999905104687e-09,1.0,9.99999905104687e-09,8.244018090408645e-07,1.3604099876829423e-05,0.0001794427225831896,0.0018738263752311468,0.015907056629657745,0.1892423927783966,0.5,1.0,1.0,1.0
7,5140,25000,0.3280675411224365,0.42080748081207275,9.99999905104687e-09,1.0,9.99999905104687e-09,8.06746015769022e-07,1.3546132322517224e-05,0.00018109966185875237,0.0018763078842312098,0.016068004071712494,0.19180110096931458,0.5,1.0,1.0,1.0
7,5150,25000,0.32815051078796387,0.4208202660083771,9.99999905104687e-09,1.0,9.99999905104687e-09,8.005749236872362e-07,1.4378802006831393e-05,0.00018630684644449502,0.001888049067929387,0.016061823815107346,0.19169318675994873,0.5,1.0,1.0,1.0
7,5160,25000,0.3281916677951813,0.4207784831523895,9.99999905104687e-09,1.0,9.99999905104687e-09,8.195577265723841e-07,1.3669209693034645e-05,0.00018151897529605776,0.001847851206548512,0.016192156821489334,0.19208554923534393,0.5,1.0,1.0,1.0
7,5170,25000,0.3282727301120758,0.4208056926727295,9.99999905104687e-09,1.0,9.99999905104687e-09,8.17265515706822e-07,1.346495992038399e-05,0.00018158589955419302,0.0018210449488833547,0.016138112172484398,0.19213753938674927,0.5,1.0,1.0,1.0
7,5180,25000,0.3282416760921478,0.420827180147171,9.99999905104687e-09,1.0,9.99999905104687e-09,8.124235932882584e-07,1.3867162124370225e-05,0.00017981327255256474,0.0018344968557357788,0.016015181317925453,0.192206010222435,0.5,1.0,1.0,1.0
7,5190,25000,0.3281865119934082,0.42084529995918274,9.99999905104687e-09,1.0,9.99999905104687e-09,8.315640229739074e-07,1.3729403690376785e-05,0.00017837715859059244,0.0018510451773181558,0.016009079292416573,0.1945631057024002,0.5,1.0,1.0,1.0
7,5200,25000,0.32817432284355164,0.42078909277915955,9.99999905104687e-09,1.0,9.99999905104687e-09,8.070794024206407e-07,1.3930193745181896e-05,0.00018257612828165293,0.0018321664538234472,0.01646856963634491,0.19063925743103027,0.5,1.0,1.0,1.0
7,5210,25000,0.32807639241218567,0.4208358824253082,9.99999905104687e-09,1.0,9.99999905104687e-09,8.028231377466e-07,1.3968481653137133e-05,0.00018153568089473993,0.0018506565829738975,0.01593625918030739,0.18947197496891022,0.5,1.0,1.0,1.0
7,5220,25000,0.32818713784217834,0.4207570254802704,9.99999905104687e-09,1.0,9.99999905104687e-09,8.053058877521835e-07,1.387375141348457e-05,0.00017563403525855392,0.0018241277430206537,0.016212796792387962,0.1938861608505249,0.5,1.0,1.0,1.0
7,5230,25000,0.3280728757381439,0.42084169387817383,9.99999905104687e-09,1.0,9.99999905104687e-09,8.009762950678123e-07,1.344980137218954e-05,0.00018389713659416884,0.0018363123526796699,0.01640608347952366,0.192387655377388,0.5,1.0,1.0,1.0
7,5240,25000,0.3281761705875397,0.4208473563194275,9.99999905104687e-09,1.0,9.99999905104687e-09,8.318841082655126e-07,1.3735379980062135e-05,0.00017911448958329856,0.0018113801488652825,0.016130417585372925,0.19200606644153595,0.5,1.0,1.0,1.0
7,5250,25000,0.32812413573265076,0.420844167470932,9.99999905104687e-09,1.0,9.99999905104687e-09,8.123048473862582e-07,1.3816937098454218e-05,0.0001828818494686857,0.0018405653536319733,0.016126826405525208,0.19058939814567566,0.5,1.0,1.0,1.0
7,5260,25000,0.3282151520252228,0.4207700788974762,9.99999905104687e-09,1.0,9.99999905104687e-09,8.182753958863032e-07,1.3651340850628912e-05,0.0001819864846765995,0.0018079446163028479,0.016348106786608696,0.1912907063961029,0.5,1.0,1.0,1.0
7,5270,25000,0.32814961671829224,0.42083191871643066,9.99999905104687e-09,1.0,9.99999905104687e-09,8.177965469258197e-07,1.3765660696662962e-05,0.000182096628122963,0.0018356541404500604,0.01573088765144348,0.19093985855579376,0.5,1.0,1.0,1.0
7,5280,25000,0.32818493247032166,0.4208572506904602,9.99999905104687e-09,1.0,9.99999905104687e-09,8.238014288508566e-07,1.3672178283741232e-05,0.00018544966587796807,0.001820162171497941,0.016101107001304626,0.19301706552505493,0.5,1.0,1.0,1.0
7,5290,25000,0.32828930020332336,0.4207906723022461,9.99999905104687e-09,1.0,9.99999905104687e-09,8.352848794856982e-07,1.3717072761210147e-05,0.00018177073798142374,0.0018878791015595198,0.016124285757541656,0.19298405945301056,0.5,1.0,1.0,1.0
7,5300,25000,0.3283224105834961,0.42084625363349915,9.99999905104687e-09,1.0,9.99999905104687e-09,8.196835210583231e-07,1.3812971701554488e-05,0.00018636965251062065,0.0018555308924987912,0.0159562136977911,0.19089598953723907,0.5,1.0,1.0,1.0
7,5310,25000,0.32807210087776184,0.42083460092544556,9.99999905104687e-09,1.0,9.99999905104687e-09,8.011705290300597e-07,1.393154525430873e-05,0.00018077784625347704,0.001830294611863792,0.01604521833360195,0.19116602838039398,0.5,1.0,1.0,1.0
7,5320,25000,0.32806116342544556,0.42076927423477173,9.99999905104687e-09,1.0,9.99999905104687e-09,8.051256372709759e-07,1.3781705092696939e-05,0.0001778311125235632,0.0018400043481960893,0.01609019935131073,0.19107414782047272,0.5,1.0,1.0,1.0
7,5330,25000,0.3281858265399933,0.42080315947532654,9.99999905104687e-09,1.0,9.99999905104687e-09,8.17780914985633e-07,1.3477269931172486e-05,0.00018475382239557803,0.0018588631646707654,0.01621733419597149,0.19053448736667633,0.5,1.0,1.0,1.0
7,5340,25000,0.32822853326797485,0.42078813910484314,9.99999905104687e-09,1.0,9.99999905104687e-09,7.994077009243483e-07,1.4181458027451299e-05,0.00018376161460764706,0.0018349214224144816,0.016100918874144554,0.19259770214557648,0.5,1.0,1.0,1.0
7,5350,25000,0.3282359540462494,0.42080196738243103,9.99999905104687e-09,1.0,9.99999905104687e-09,8.163032703123463e-07,1.4132065189187415e-05,0.0001850263070082292,0.0018789743771776557,0.01613239385187626,0.19366951286792755,0.5,1.0,1.0,1.0
7,5360,25000,0.3281823992729187,0.420804500579834,9.99999905104687e-09,1.0,9.99999905104687e-09,8.342769888258772e-07,1.3683235920325387e-05,0.00018226378597319126,0.00186973309610039,0.016136497259140015,0.1896066814661026,0.5,1.0,1.0,1.0
7,5370,25000,0.32814669609069824,0.42077481746673584,9.99999905104687e-09,1.0,9.99999905104687e-09,8.13816768641118e-07,1.389207591273589e-05,0.00018085412739310414,0.0018297646893188357,0.01642397791147232,0.1908661276102066,0.5,1.0,1.0,1.0
7,5380,25000,0.3281819820404053,0.42078128457069397,9.99999905104687e-09,1.0,9.99999905104687e-09,8.27370513434289e-07,1.3857132216799073e-05,0.0001825479557737708,0.0018997110892087221,0.016064509749412537,0.18999037146568298,0.5,1.0,1.0,1.0
7,5390,25000,0.328093945980072,0.42077383399009705,9.99999905104687e-09,1.0,9.99999905104687e-09,8.090055416687392e-07,1.3642494195664767e-05,0.0001843563950387761,0.0018295389600098133,0.015999391674995422,0.19072239100933075,0.5,1.0,1.0,1.0
7,5400,25000,0.3281000852584839,0.4208095371723175,9.99999905104687e-09,1.0,9.99999905104687e-09,8.165753229150141e-07,1.3451764061755966e-05,0.00018188936519436538,0.0018583303317427635,0.016197444871068,0.1910925954580307,0.5,1.0,1.0,1.0
7,5410,25000,0.3281845152378082,0.4208015501499176,9.99999905104687e-09,1.0,9.99999905104687e-09,8.210207624870236e-07,1.3969935025670566e-05,0.00018522085156291723,0.0018550700042396784,0.016015004366636276,0.1915295571088791,0.5,1.0,1.0,1.0
7,5420,25000,0.32819634675979614,0.4208083152770996,9.99999905104687e-09,1.0,9.99999905104687e-09,8.20238938104012e-07,1.3950883840152528e-05,0.0001855863374657929,0.0018469878705218434,0.016228478401899338,0.19042442739009857,0.5,1.0,1.0,1.0
7,5430,25000,0.3282400071620941,0.42078450322151184,9.99999905104687e-09,1.0,9.99999905104687e-09,7.938242561067455e-07,1.3610188034363091e-05,0.0001824225764721632,0.0018407059833407402,0.016093660145998,0.1901036649942398,0.5,1.0,1.0,1.0
7,5440,25000,0.32812657952308655,0.4208124577999115,9.99999905104687e-09,1.0,9.99999905104687e-09,8.151816359713848e-07,1.3957289411337115e-05,0.0001806486543500796,0.0018613648135215044,0.016140170395374298,0.19092324376106262,0.5,1.0,1.0,1.0
7,5450,25000,0.32814112305641174,0.42081329226493835,9.99999905104687e-09,1.0,9.99999905104687e-09,8.119989729493682e-07,1.3706555364478845e-05,0.0001814849820220843,0.0019083565566688776,0.01592767983675003,0.18993715941905975,0.5,1.0,1.0,1.0
7,5460,25000,0.3281465470790863,0.4208020567893982,9.99999905104687e-09,1.0,9.99999905104687e-09,8.186130457943364e-07,1.4084529539104551e-05,0.0001814705756260082,0.0018481389852240682,0.015752853825688362,0.18982698023319244,0.5,1.0,1.0,1.0
7,5470,25000,0.3280707895755768,0.42083925008773804,9.99999905104687e-09,1.0,9.99999905104687e-09,8.197299621315324e-07,1.3647229934576899e-05,0.00018419965635985136,0.0017980360426008701,0.015880079939961433,0.19133315980434418,0.5,1.0,1.0,1.0
7,5480,25000,0.32808718085289,0.4208481013774872,9.99999905104687e-09,1.0,9.99999905104687e-09,8.120437655634305e-07,1.3817309991281945e-05,0.0001838731550378725,0.0018746296409517527,0.016038931906223297,0.1886679232120514,0.5,1.0,1.0,1.0
7,5490,25000,0.32821911573410034,0.420816570520401,9.99999905104687e-09,1.0,9.99999905104687e-09,8.070214789768215e-07,1.3756008229393046e-05,0.00018404635193292052,0.0018420596607029438,0.015885749831795692,0.19294248521327972,0.5,1.0,1.0,1.0
7,5500,25000,0.32824933528900146,0.4207879900932312,9.99999905104687e-09,1.0,9.99999905104687e-09,7.949112159622018e-07,1.3692497304873541e-05,0.0001872204156825319,0.001829321263357997,0.016309035941958427,0.1939302533864975,0.5,1.0,1.0,1.0
7,5510,25000,0.3282853662967682,0.42078664898872375,9.99999905104687e-09,1.0,9.99999905104687e-09,8.347823836629686e-07,1.3490363926393911e-05,0.00018450987408868968,0.0018607357051223516,0.016268113628029823,0.1964423507452011,0.5,1.0,1.0,1.0
7,5520,25000,0.3281135857105255,0.4208444058895111,9.99999905104687e-09,1.0,9.99999905104687e-09,8.139759870573471e-07,1.3657796444022097e-05,0.0001830624823924154,0.0018520154990255833,0.016018103808164597,0.18987199664115906,0.5,1.0,1.0,1.0
7,5530,25000,0.32825079560279846,0.4207906723022461,9.99999905104687e-09,1.0,9.99999905104687e-09,8.050919291235914e-07,1.395906201651087e-05,0.00018680040375329554,0.0018027963815256953,0.01607082225382328,0.19222594797611237,0.5,1.0,1.0,1.0
7,5540,25000,0.3281499743461609,0.420809268951416,9.99999905104687e-09,1.0,9.99999905104687e-09,8.302429250761634e-07,1.3888680769014172e-05,0.00017695696442387998,0.0018162622582167387,0.015907850116491318,0.19144001603126526,0.5,1.0,1.0,1.0
7,5550,25000,0.3281422257423401,0.42080461978912354,9.99999905104687e-09,1.0,9.99999905104687e-09,8.175340440175205e-07,1.3829820090904832e-05,0.00018338466179557145,0.0018210039706900716,0.01630479469895363,0.1909855157136917,0.5,1.0,1.0,1.0
7,5560,25000,0.32820793986320496,0.42075929045677185,9.99999905104687e-09,1.0,9.99999905104687e-09,8.197205829674203e-07,1.3829082490701694e-05,0.0001823887723730877,0.0018620002083480358,0.016506455838680267,0.19229017198085785,0.5,1.0,1.0,1.0
7,5570,25000,0.3281848430633545,0.4207656979560852,9.99999905104687e-09,1.0,9.99999905104687e-09,8.127441333272145e-07,1.3765401490672957e-05,0.00018614828877616674,0.0019070931011810899,0.01629764959216118,0.19168023765087128,0.5,1.0,1.0,1.0
7,5580,25000,0.3281785547733307,0.4207974672317505,9.99999905104687e-09,1.0,9.99999905104687e-09,8.229146146732091e-07,1.3754026440437883e-05,0.00018063667812384665,0.001863463199697435,0.01612289808690548,0.1917586326599121,0.5,1.0,1.0,1.0
7,5590,25000,0.32820332050323486,0.4208240211009979,9.99999905104687e-09,1.0,9.99999905104687e-09,8.109076929940784e-07,1.3820186723023653e-05,0.00018324455595575273,0.0018656065221875906,0.016175586730241776,0.19455000758171082,0.5,1.0,1.0,1.0
7,5600,25000,0.3280988037586212,0.4208630621433258,9.99999905104687e-09,1.0,9.99999905104687e-09,8.147197831931408e-07,1.3710961866308935e-05,0.00018539742450229824,0.0018587619997560978,0.01636057160794735,0.18771308660507202,0.5,1.0,1.0,1.0
7,5610,25000,0.3280509412288666,0.4207853674888611,9.99999905104687e-09,1.0,9.99999905104687e-09,8.262133519565396e-07,1.3908394976169802e-05,0.00018413420184515417,0.0017992419889196754,0.01618310622870922,0.18943889439105988,0.5,1.0,1.0,1.0
7,5620,25000,0.3281495273113251,0.42080622911453247,9.99999905104687e-09,1.0,9.99999905104687e-09,8.299259661725955e-07,1.3797714018437546e-05,0.0001829865068430081,0.0018567132065072656,0.0159752294421196,0.19053079187870026,0.5,1.0,1.0,1.0
7,5630,25000,0.3282567262649536,0.4207872748374939,9.99999905104687e-09,1.0,9.99999905104687e-09,8.071628485595284e-07,1.3900306839786936e-05,0.00018402891873847693,0.0018440854037180543,0.01621563732624054,0.19407442212104797,0.5,1.0,1.0,1.0
7,5640,25000,0.3281784951686859,0.4208163022994995,9.99999905104687e-09,1.0,9.99999905104687e-09,8.195677878575225e-07,1.3922041944169905e-05,0.00017920872778631747,0.0018417576793581247,0.01627189666032791,0.19183695316314697,0.5,1.0,1.0,1.0
7,5650,25000,0.328161358833313,0.4207986891269684,9.99999905104687e-09,1.0,9.99999905104687e-09,8.106903237603547e-07,1.3791205674351659e-05,0.00018355262000113726,0.001843632897362113,0.016198456287384033,0.1885824203491211,0.5,1.0,1.0,1.0
7,5660,25000,0.32819318771362305,0.4208146929740906,9.99999905104687e-09,1.0,9.99999905104687e-09,8.007569931578473e-07,1.3934521120972931e-05,0.00018307562277186662,0.001825409708544612,0.01628941297531128,0.19083917140960693,0.5,1.0,1.0,1.0
7,5670,25000,0.3282619118690491,0.4208013713359833,9.99999905104687e-09,1.0,9.99999905104687e-09,8.285811645691865e-07,1.3730121281696483e-05,0.000183101263246499,0.0018993966514244676,0.016364149749279022,0.19165216386318207,0.5,1.0,1.0,1.0
7,5680,25000,0.3281974196434021,0.42078787088394165,9.99999905104687e-09,1.0,9.99999905104687e-09,8.2604367435124e-07,1.3733467312704306e-05,0.00018204895604867488,0.001840124954469502,0.016250673681497574,0.19297996163368225,0.5,1.0,1.0,1.0
7,5690,25000,0.32811227440834045,0.42080387473106384,9.99999905104687e-09,1.0,9.99999905104687e-09,8.168105409822601e-07,1.362141210847767e-05,0.00017920436221174896,0.0018119299784302711,0.01602165214717388,0.19109593331813812,0.5,1.0,1.0,1.0
7,5700,25000,0.3282523453235626,0.42078471183776855,9.99999905104687e-09,1.0,9.99999905104687e-09,8.268573878922325e-07,1.3644846148963552e-05,0.00018220837228000164,0.0018334004562348127,0.01608496531844139,0.19467958807945251,0.5,1.0,1.0,1.0
7,5710,25000,0.32814905047416687,0.4208293855190277,9.99999905104687e-09,1.0,9.99999905104687e-09,8.084952014542068e-07,1.3750790458288975e-05,0.0001833550923038274,0.0018821697449311614,0.01618395745754242,0.1909969300031662,0.5,1.0,1.0,1.0
7,5720,25000,0.3281988799571991,0.42078399658203125,9.99999905104687e-09,1.0,9.99999905104687e-09,8.229355330513499e-07,1.3971098269394133e-05,0.00018298965005669743,0.0018384403083473444,0.01618785969913006,0.19282853603363037,0.5,1.0,1.0,1.0
7,5730,25000,0.32822632789611816,0.42081648111343384,9.99999905104687e-09,1.0,9.99999905104687e-09,8.010097758415213e-07,1.3701863281312399e-05,0.00018376894877292216,0.0018388411263003945,0.015976592898368835,0.1938762664794922,0.5,1.0,1.0,1.0
7,5740,25000,0.32819274067878723,0.4208097755908966,9.99999905104687e-09,1.0,9.99999905104687e-09,8.264492521448119e-07,1.3445770491671283e-05,0.00018139430903829634,0.0018594501307234168,0.01616479456424713,0.19152206182479858,0.5,1.0,1.0,1.0
7,5750,25000,0.3280692398548126,0.42076826095581055,9.99999905104687e-09,1.0,9.99999905104687e-09,8.075371056293079e-07,1.3746572221862152e-05,0.00018363443086855114,0.001863456447608769,0.016236349940299988,0.18900035321712494,0.5,1.0,1.0,1.0
7,5760,25000,0.3282613456249237,0.420751690864563,9.99999905104687e-09,1.0,9.99999905104687e-09,8.185261322068982e-07,1.3971407497592736e-05,0.00018473037926014513,0.0018297992646694183,0.01627126708626747,0.19118934869766235,0.5,1.0,1.0,1.0
7,5770,25000,0.3281780779361725,0.42083147168159485,9.99999905104687e-09,1.0,9.99999905104687e-09,8.293711175610952e-07,1.3573404430644587e-05,0.00018146021466236562,0.001809850218705833,0.016225555911660194,0.19217097759246826,0.5,1.0,1.0,1.0
7,5780,25000,0.3282024562358856,0.42078253626823425,9.99999905104687e-09,1.0,9.99999905104687e-09,8.226830345847702e-07,1.3748264791502152e-05,0.00018539080338086933,0.001838254276663065,0.016225334256887436,0.19171150028705597,0.5,1.0,1.0,1.0
7,5790,25000,0.3282584249973297,0.4207650125026703,9.99999905104687e-09,1.0,9.99999905104687e-09,8.130218702717684e-07,1.4210202607500833e-05,0.00018329262093175203,0.0018369622994214296,0.01629405841231346,0.19381114840507507,0.5,1.0,1.0,1.0
7,5800,25000,0.3282136619091034,0.4207966923713684,9.99999905104687e-09,1.0,9.99999905104687e-09,8.133081337291515e-07,1.3601337741420139e-05,0.00018352980259805918,0.0018719382351264358,0.015861814841628075,0.1914520114660263,0.5,1.0,1.0,1.0
7,5810,25000,0.3282284736633301,0.420838326215744,9.99999905104687e-09,1.0,9.99999905104687e-09,8.166869633896567e-07,1.3949045751360245e-05,0.00018268924031872302,0.0018470755312591791,0.01623651757836342,0.19129818677902222,0.5,1.0,1.0,1.0
7,5820,25000,0.3282262980937958,0.4208007752895355,9.99999905104687e-09,1.0,9.99999905104687e-09,8.011816134967376e-07,1.374756629957119e-05,0.00018125871429219842,0.001831796602346003,0.01610538735985756,0.18877993524074554,0.5,1.0,1.0,1.0
7,5830,25000,0.3280642330646515,0.420816034078598,9.99999905104687e-09,1.0,9.99999905104687e-09,8.461770448775496e-07,1.380488265567692e-05,0.0001811636466300115,0.0018338675145059824,0.01595253124833107,0.19247746467590332,0.5,1.0,1.0,1.0
7,5840,25000,0.3281233608722687,0.42078137397766113,9.99999905104687e-09,1.0,9.99999905104687e-09,8.257507033704314e-07,1.4304538126452826e-05,0.00018195518350694329,0.0018237584736198187,0.016131632030010223,0.19413845241069794,0.5,1.0,1.0,1.0
7,5850,25000,0.3282337188720703,0.4207773506641388,9.99999905104687e-09,1.0,9.99999905104687e-09,8.075379582805908e-07,1.3650567780132405e-05,0.00018408875621389598,0.0018478590063750744,0.015905391424894333,0.19298143684864044,0.5,1.0,1.0,1.0
7,5860,25000,0.32819029688835144,0.42081359028816223,9.99999905104687e-09,1.0,9.99999905104687e-09,8.310711905323842e-07,1.388223608955741e-05,0.00018501539307180792,0.001860395772382617,0.016222093254327774,0.19256865978240967,0.5,1.0,1.0,1.0
7,5870,25000,0.3282340466976166,0.4207856059074402,9.99999905104687e-09,1.0,9.99999905104687e-09,8.170745218194497e-07,1.3872821909899358e-05,0.00018338309018872678,0.0018383485730737448,0.016335617750883102,0.19373354315757751,0.5,1.0,1.0,1.0
7,5880,25000,0.3281979560852051,0.42077121138572693,9.99999905104687e-09,1.0,9.99999905104687e-09,8.181726798284217e-07,1.3947947081760503e-05,0.00018156248552259058,0.0018662218935787678,0.016073916107416153,0.19168618321418762,0.5,1.0,1.0,1.0
7,5890,25000,0.3280647397041321,0.4207969307899475,9.99999905104687e-09,1.0,9.99999905104687e-09,7.968012027959048e-07,1.3576477613241877e-05,0.00018174792057834566,0.0018893135711550713,0.01640690490603447,0.19212329387664795,0.5,1.0,1.0,1.0
7,5900,25000,0.32808396220207214,0.42082056403160095,9.99999905104687e-09,1.0,9.99999905104687e-09,8.280468932753138e-07,1.3591567949333694e-05,0.0001820421894080937,0.0018267245031893253,0.016323748975992203,0.19055312871932983,0.5,1.0,1.0,1.0
7,5910,25000,0.328246146440506,0.4207620918750763,9.99999905104687e-09,1.0,9.99999905104687e-09,8.16331578334939e-07,1.3857086742063984e-05,0.00017739016038831323,0.0018736106576398015,0.01608995720744133,0.19282399117946625,0.5,1.0,1.0,1.0
7,5920,25000,0.32827308773994446,0.42076948285102844,9.99999905104687e-09,1.0,9.99999905104687e-09,8.342312867171131e-07,1.4140295206743758e-05,0.00017842292436398566,0.0017753756837919354,0.016300301998853683,0.19017744064331055,0.5,1.0,1.0,1.0
7,5930,25000,0.32813596725463867,0.42086663842201233,9.99999905104687e-09,1.0,9.99999905104687e-09,8.3534416717157e-07,1.3955364011053462e-05,0.00018479317077435553,0.0018717803759500384,0.015801604837179184,0.19007015228271484,0.5,1.0,1.0,1.0
7,5940,25000,0.3281148672103882,0.42073631286621094,9.99999905104687e-09,1.0,9.99999905104687e-09,8.12855830645276e-07,1.3781520465272479e-05,0.00018055162217933685,0.0018777087097987533,0.01627090573310852,0.19317558407783508,0.5,1.0,1.0,1.0
7,5950,25000,0.32824480533599854,0.42079034447669983,9.99999905104687e-09,1.0,9.99999905104687e-09,8.118854566419031e-07,1.3695863344764803e-05,0.00018259997887071222,0.0018909703940153122,0.016459522768855095,0.1922038346529007,0.5,1.0,1.0,1.0
7,5960,25000,0.32820409536361694,0.4207964837551117,9.99999905104687e-09,1.0,9.99999905104687e-09,8.177260042430134e-07,1.380846879328601e-05,0.0001876749738585204,0.001861990662291646,0.015894491225481033,0.1926700323820114,0.5,1.0,1.0,1.0
7,5970,25000,0.3282376527786255,0.4208222031593323,9.99999905104687e-09,1.0,9.99999905104687e-09,8.119498033920536e-07,1.3640938959724735e-05,0.00018415418162476271,0.0019199157832190394,0.01609235256910324,0.19546808302402496,0.5,1.0,1.0,1.0
7,5980,25000,0.32812434434890747,0.4208071827888489,9.99999905104687e-09,1.0,9.99999905104687e-09,8.187645335056004e-07,1.4055492101761047e-05,0.0001825017243390903,0.0018286838894709945,0.016200222074985504,0.19109879434108734,0.5,1.0,1.0,1.0
7,5990,25000,0.32815515995025635,0.42083412408828735,9.99999905104687e-09,1.0,9.99999905104687e-09,8.207368864532327e-07,1.3632033187604975e-05,0.00018129852833226323,0.0018531568348407745,0.0160074345767498,0.19255205988883972,0.5,1.0,1.0,1.0
7,6000,25000,0.32818976044654846,0.42080920934677124,9.99999905104687e-09,1.0,9.99999905104687e-09,7.967695410115994e-07,1.3629123714054003e-05,0.00018421353888697922,0.0018711053999140859,0.016125068068504333,0.1914338320493698,0.5,1.0,1.0,1.0
7,6010,25000,0.3281611502170563,0.42079731822013855,9.99999905104687e-09,1.0,9.99999905104687e-09,8.172732464117871e-07,1.3675232366949786e-05,0.00018178562459070235,0.0018476140685379505,0.01631363295018673,0.19067589938640594,0.5,1.0,1.0,1.0
7,6020,25000,0.32825571298599243,0.4207759499549866,9.99999905104687e-09,1.0,9.99999905104687e-09,8.265440669674717e-07,1.3928310181654524e-05,0.00018871056090574712,0.0018523404141888022,0.0162971131503582,0.19415636360645294,0.5,1.0,1.0,1.0
7,6030,25000,0.3281734883785248,0.4208567440509796,9.99999905104687e-09,1.0,9.99999905104687e-09,8.018349717531237e-07,1.3482316717272624e-05,0.000180451970663853,0.0018343777628615499,0.016382034868001938,0.19184395670890808,0.5,1.0,1.0,1.0
7,6040,25000,0.32822176814079285,0.4207790493965149,9.99999905104687e-09,1.0,9.99999905104687e-09,8.105895972221333e-07,1.3475770174409263e-05,0.00018227221153210849,0.00185494520701468,0.01596585288643837,0.1932295858860016,0.5,1.0,1.0,1.0
7,6050,25000,0.3281797468662262,0.42083388566970825,9.99999905104687e-09,1.0,9.99999905104687e-09,8.234665074269287e-07,1.3720732567890082e-05,0.00018525974883232266,0.0018540077144280076,0.016362477093935013,0.19180473685264587,0.5,1.0,1.0,1.0
7,6060,25000,0.32823294401168823,0.4208368957042694,9.99999905104687e-09,1.0,9.99999905104687e-09,8.248081826423004e-07,1.3769246834272053e-05,0.00018126641225535423,0.001909406972117722,0.016373174265027046,0.19287718832492828,0.5,1.0,1.0,1.0
7,6070,25000,0.3281868100166321,0.420784592628479,9.99999905104687e-09,1.0,9.99999905104687e-09,8.240037914220011e-07,1.4051279322302435e-05,0.00018489781359676272,0.0018434046069160104,0.016105350106954575,0.19228732585906982,0.5,1.0,1.0,1.0
7,6080,25000,0.328239381313324,0.42079994082450867,9.99999905104687e-09,1.0,9.99999905104687e-09,8.191501592591521e-07,1.3896142263547517e-05,0.00018828311294782907,0.001866067759692669,0.01600039377808571,0.19202381372451782,0.5,1.0,1.0,1.0
7,6090,25000,0.3282519280910492,0.4207444489002228,9.99999905104687e-09,1.0,9.99999905104687e-09,7.988339802977862e-07,1.4229558473743964e-05,0.00018449476920068264,0.00184150249697268,0.016132434830069542,0.19473797082901,0.5,1.0,1.0,1.0
7,6100,25000,0.32817766070365906,0.4208182692527771,9.99999905104687e-09,1.0,9.99999905104687e-09,8.176373853530094e-07,1.3858714737580158e-05,0.00018214021110907197,0.0018572105327621102,0.015871640294790268,0.1922716647386551,0.5,1.0,1.0,1.0
7,6110,25000,0.32813560962677,0.4207795262336731,9.99999905104687e-09,1.0,9.99999905104687e-09,8.035520409066521e-07,1.3836604921380058e-05,0.00018284031830262393,0.001850825734436512,0.01604193076491356,0.19046540558338165,0.5,1.0,1.0,1.0
7,6120,25000,0.3281857669353485,0.4207878112792969,9.99999905104687e-09,1.0,9.99999905104687e-09,8.024915700843849e-07,1.4178638593875803e-05,0.00018071764498017728,0.0017977514071390033,0.01612125150859356,0.19384650886058807,0.5,1.0,1.0,1.0
7,6130,25000,0.328148752450943,0.4207790195941925,9.99999905104687e-09,1.0,9.99999905104687e-09,8.114889169519302e-07,1.3706189747608732e-05,0.0001826426450861618,0.0018229008419439197,0.016182944178581238,0.19266769289970398,0.5,1.0,1.0,1.0
7,6140,25000,0.32819730043411255,0.42080292105674744,9.99999905104687e-09,1.0,9.99999905104687e-09,8.417634376201022e-07,1.4025751625013072e-05,0.0001824948121793568,0.0018393928185105324,0.015938650816679,0.194090336561203,0.5,1.0,1.0,1.0
7,6150,25000,0.32821962237358093,0.4208628833293915,9.99999905104687e-09,1.0,9.99999905104687e-09,8.308228984788002e-07,1.377059470542008e-05,0.0001840444456320256,0.0018710826989263296,0.015970127657055855,0.1916014403104782,0.5,1.0,1.0,1.0
7,6160,25000,0.32816556096076965,0.42080357670783997,9.99999905104687e-09,1.0,9.99999905104687e-09,8.122526082843251e-07,1.3593332369055133e-05,0.00018020505376625806,0.0018722264794632792,0.016287388280034065,0.1932617872953415,0.5,1.0,1.0,1.0
7,6170,25000,0.3281557261943817,0.4208051860332489,9.99999905104687e-09,1.0,9.99999905104687e-09,8.103804702841444e-07,1.4232389730750583e-05,0.00017823143571149558,0.0018583545461297035,0.015767261385917664,0.1913565993309021,0.5,1.0,1.0,1.0
7,6180,25000,0.3281566798686981,0.42080727219581604,9.99999905104687e-09,1.0,9.99999905104687e-09,8.082780027507397e-07,1.3645036233356223e-05,0.00018470273062121123,0.0018562573241069913,0.016085892915725708,0.1916964203119278,0.5,1.0,1.0,1.0
7,6190,25000,0.32826998829841614,0.420830100774765,9.99999905104687e-09,1.0,9.99999905104687e-09,8.203139714169083e-07,1.3621510333905462e-05,0.00018425614689476788,0.0018435879610478878,0.016076281666755676,0.1931130439043045,0.5,1.0,1.0,1.0
7,6200,25000,0.3281474709510803,0.42080745100975037,9.99999905104687e-09,1.0,9.99999905104687e-09,8.334995982295368e-07,1.3931759895058349e-05,0.0001795839925762266,0.001852477085776627,0.015872612595558167,0.1926228255033493,0.5,1.0,1.0,1.0
7,6210,25000,0.3283362090587616,0.4207625091075897,9.99999905104687e-09,1.0,9.99999905104687e-09,8.326258011948084e-07,1.3990891602588817e-05,0.00018557198927737772,0.001854980131611228,0.01602853648364544,0.19375357031822205,0.5,1.0,1.0,1.0
7,6220,25000,0.3281441628932953,0.4208362400531769,9.99999905104687e-09,1.0,9.99999905104687e-09,8.129336492856964e-07,1.4072669728193432e-05,0.00018335384083911777,0.0018510017544031143,0.016046933829784393,0.18882927298545837,0.5,1.0,1.0,1.0
7,6230,25000,0.32808917760849,0.42081913352012634,9.99999905104687e-09,1.0,9.99999905104687e-09,8.171390390998567e-07,1.3773601494904142e-05,0.00018089298100676388,0.0018708744319155812,0.015931591391563416,0.19126206636428833,0.5,1.0,1.0,1.0
7,6240,25000,0.32797694206237793,0.4208669662475586,9.99999905104687e-09,1.0,9.99999905104687e-09,8.031748279790918e-07,1.356298253085697e-05,0.00018253909365739673,0.0018138998420909047,0.015943458303809166,0.19104814529418945,0.5,1.0,1.0,1.0
7,6250,25000,0.3282235264778137,0.42079174518585205,9.99999905104687e-09,1.0,9.99999905104687e-09,8.21673211248708e-07,1.3799986845697276e-05,0.0001788239023881033,0.001875100308097899,0.01626080460846424,0.1914033591747284,0.5,1.0,1.0,1.0
7,6260,25000,0.3282409906387329,0.4207710325717926,9.99999905104687e-09,1.0,9.99999905104687e-09,8.152885015988431e-07,1.366096330457367e-05,0.00017825729446485639,0.0018412057543173432,0.01604366861283779,0.19375373423099518,0.5,1.0,1.0,1.0
7,6270,25000,0.3282676339149475,0.4208473563194275,9.99999905104687e-09,1.0,9.99999905104687e-09,8.140354452734755e-07,1.4045310308574699e-05,0.0001838383759604767,0.0018805043073371053,0.016253702342510223,0.1918497383594513,0.5,1.0,1.0,1.0
7,6280,25000,0.3282119929790497,0.42082512378692627,9.99999905104687e-09,1.0,9.99999905104687e-09,8.232821073761443e-07,1.3761959962721448e-05,0.00018331930914428085,0.001837712712585926,0.016026807948946953,0.1890990287065506,0.5,1.0,1.0,1.0
7,6290,25000,0.3281831741333008,0.42083361744880676,9.99999905104687e-09,1.0,9.99999905104687e-09,8.32418947993574e-07,1.365603384329006e-05,0.00018173678836319596,0.0017967240419238806,0.016053736209869385,0.1908925622701645,0.5,1.0,1.0,1.0
7,6300,25000,0.3282502293586731,0.4207443594932556,9.99999905104687e-09,1.0,9.99999905104687e-09,8.042540002861642e-07,1.4070313227421138e-05,0.00018206192180514336,0.0018366120057180524,0.016274629160761833,0.19210512936115265,0.5,1.0,1.0,1.0
7,6310,25000,0.32818588614463806,0.4208090901374817,9.99999905104687e-09,1.0,9.99999905104687e-09,8.09005200608226e-07,1.3906254025641829e-05,0.000184690608875826,0.0018802928971126676,0.016096027567982674,0.19167649745941162,0.5,1.0,1.0,1.0
7,6320,25000,0.3281942307949066,0.42085573077201843,9.99999905104687e-09,1.0,9.99999905104687e-09,8.042366630434117e-07,1.4217592251952738e-05,0.00018334033666178584,0.0018794350326061249,0.015832804143428802,0.19239801168441772,0.5,1.0,1.0,1.0
7,6330,25000,0.32819753885269165,0.42078232765197754,9.99999905104687e-09,1.0,9.99999905104687e-09,8.089766652119579e-07,1.35659729494364e-05,0.00018285140686202794,0.0018701683729887009,0.016106128692626953,0.1940702646970749,0.5,1.0,1.0,1.0
7,6340,25000,0.3281826376914978,0.42081156373023987,9.99999905104687e-09,1.0,9.99999905104687e-09,8.250661380770907e-07,1.3922268408350646e-05,0.00018401187844574451,0.0018695186590775847,0.015948260203003883,0.19092251360416412,0.5,1.0,1.0,1.0
7,6350,25000,0.3282047510147095,0.42080578207969666,9.99999905104687e-09,1.0,9.99999905104687e-09,8.190420999198977e-07,1.3990016668685712e-05,0.0001890312705654651,0.0018605598015710711,0.01604040339589119,0.19118553400039673,0.5,1.0,1.0,1.0
7,6360,25000,0.32816246151924133,0.42078763246536255,9.99999905104687e-09,1.0,9.99999905104687e-09,8.130921855808992e-07,1.3620145182358101e-05,0.0001827594096539542,0.0018415183294564486,0.01596760004758835,0.19308821856975555,0.5,1.0,1.0,1.0
7,6370,25000,0.328274130821228,0.4208001494407654,9.99999905104687e-09,1.0,9.99999905104687e-09,8.19615365799109e-07,1.3934615708421916e-05,0.0001813014823710546,0.0018549246015027165,0.016130074858665466,0.19077633321285248,0.5,1.0,1.0,1.0
7,6380,25000,0.3281513750553131,0.4207979440689087,9.99999905104687e-09,1.0,9.99999905104687e-09,8.149600034812465e-07,1.3972914530313574e-05,0.00018116850696969777,0.0018584785284474492,0.015944790095090866,0.19186875224113464,0.5,1.0,1.0,1.0
7,6390,25000,0.32811200618743896,0.42082706093788147,9.99999905104687e-09,1.0,9.99999905104687e-09,8.17630620986165e-07,1.3761708032689057e-05,0.00018373483908362687,0.0018727377755567431,0.01618441939353943,0.18991105258464813,0.5,1.0,1.0,1.0
7,6400,25000,0.32808151841163635,0.42085251212120056,9.99999905104687e-09,1.0,9.99999905104687e-09,8.022075803637563e-07,1.3864351785741746e-05,0.00018331602041143924,0.0018823667196556926,0.016155920922756195,0.1930200457572937,0.5,1.0,1.0,1.0
7,6410,25000,0.3282736837863922,0.4208253026008606,9.99999905104687e-09,1.0,9.99999905104687e-09,8.093912811091286e-07,1.4135305718809832e-05,0.00018420335254631937,0.0018965265480801463,0.015995826572179794,0.19227762520313263,0.5,1.0,1.0,1.0
7,6420,25000,0.32816410064697266,0.4208355247974396,9.99999905104687e-09,1.0,9.99999905104687e-09,8.173993251148204e-07,1.3989365470479243e-05,0.0001799525780370459,0.0018262353260070086,0.016258975490927696,0.19009454548358917,0.5,1.0,1.0,1.0
7,6430,25000,0.32813334465026855,0.4208434820175171,9.99999905104687e-09,1.0,9.99999905104687e-09,8.264289022008597e-07,1.3953831512480974e-05,0.00017898491933010519,0.0018465378088876605,0.01594424434006214,0.19132129848003387,0.5,1.0,1.0,1.0
7,6440,25000,0.32807475328445435,0.4208222031593323,9.99999905104687e-09,1.0,9.99999905104687e-09,8.217974709623377e-07,1.3393465451372322e-05,0.0001830127730499953,0.001852462301030755,0.016174640506505966,0.18993614614009857,0.5,1.0,1.0,1.0
7,6450,25000,0.328097403049469,0.42084455490112305,9.99999905104687e-09,1.0,9.99999905104687e-09,8.14267195892171e-07,1.3987406418891624e-05,0.0001820753823267296,0.0018520195735618472,0.01633131317794323,0.1900712251663208,0.5,1.0,1.0,1.0
7,6460,25000,0.32832950353622437,0.4208056628704071,9.99999905104687e-09,1.0,9.99999905104687e-09,8.146245704665489e-07,1.3968045095680282e-05,0.00018821436970029026,0.0018492289818823338,0.016125814989209175,0.1913350522518158,0.5,1.0,1.0,1.0
7,6470,25000,0.3282937705516815,0.4207971692085266,9.99999905104687e-09,1.0,9.99999905104687e-09,8.279680514533538e-07,1.362580314889783e-05,0.00018181357881985605,0.0018435368547216058,0.016114909201860428,0.19467170536518097,0.5,1.0,1.0,1.0
7,6480,25000,0.3282575011253357,0.4207967221736908,9.99999905104687e-09,1.0,9.99999905104687e-09,8.154096349244355e-07,1.4072052181290928e-05,0.00018042609735857695,0.001886515412479639,0.01647482067346573,0.1920311003923416,0.5,1.0,1.0,1.0
7,6490,25000,0.32822102308273315,0.42079412937164307,9.99999905104687e-09,1.0,9.99999905104687e-09,8.22584297566209e-07,1.3533765013562515e-05,0.00018593856657389551,0.0018665873212739825,0.0160166397690773,0.19237132370471954,0.5,1.0,1.0,1.0
7,6500,25000,0.32822567224502563,0.42082157731056213,9.99999905104687e-09,1.0,9.99999905104687e-09,8.184973694369546e-07,1.3598243640444707e-05,0.00018352728511672467,0.0018543535843491554,0.015862226486206055,0.19326156377792358,0.5,1.0,1.0,1.0
7,6510,25000,0.32814979553222656,0.42086201906204224,9.99999905104687e-09,1.0,9.99999905104687e-09,8.046781090342847e-07,1.4176383047015406e-05,0.0001802894112188369,0.0018526555504649878,0.01593683287501335,0.19187887012958527,0.5,1.0,1.0,1.0
7,6520,25000,0.3281535506248474,0.42074188590049744,9.99999905104687e-09,1.0,9.99999905104687e-09,8.186142963495513e-07,1.3587049579655286e-05,0.00018235472089145333,0.0018626662204042077,0.01633470319211483,0.19044910371303558,0.5,1.0,1.0,1.0
7,6530,25000,0.3281448483467102,0.42081311345100403,9.99999905104687e-09,1.0,9.99999905104687e-09,8.036073495532037e-07,1.3558415957959369e-05,0.00018476409604772925,0.0019072202267125249,0.016019966453313828,0.19470275938510895,0.5,1.0,1.0,1.0
7,6540,25000,0.3281603753566742,0.42085039615631104,9.99999905104687e-09,1.0,9.99999905104687e-09,8.301366847263125e-07,1.4057159205549397e-05,0.00018614625150803477,0.0018810454057529569,0.016403082758188248,0.18936361372470856,0.5,1.0,1.0,1.0
7,6550,25000,0.32807764410972595,0.42077070474624634,9.99999905104687e-09,1.0,9.99999905104687e-09,8.213463615902583e-07,1.3739355381403584e-05,0.00018239002383779734,0.0018867227481678128,0.016359496861696243,0.1911383420228958,0.5,1.0,1.0,1.0
7,6560,25000,0.328142911195755,0.4208304286003113,9.99999905104687e-09,1.0,9.99999905104687e-09,8.146345180648495e-07,1.3613110240839887e-05,0.00018270136206410825,0.0017969700274989009,0.016191884875297546,0.18939624726772308,0.5,1.0,1.0,1.0
7,6570,25000,0.3282204270362854,0.42076680064201355,9.99999905104687e-09,1.0,9.99999905104687e-09,8.078694690993871e-07,1.3676170055987313e-05,0.00018381710106041282,0.0018887349870055914,0.016058634966611862,0.19395215809345245,0.5,1.0,1.0,1.0
7,6580,25000,0.32819437980651855,0.42082834243774414,9.99999905104687e-09,1.0,9.99999905104687e-09,8.254838235188799e-07,1.347026955045294e-05,0.00018206961976829916,0.0018597084563225508,0.01608401909470558,0.19200235605239868,0.5,1.0,1.0,1.0
7,6590,25000,0.3282496929168701,0.4208044707775116,9.99999905104687e-09,1.0,9.99999905104687e-09,8.240412512350304e-07,1.3928209227742627e-05,0.00018172268755733967,0.0018273791065439582,0.01605934649705887,0.19032299518585205,0.5,1.0,1.0,1.0
7,6600,25000,0.32819864153862,0.42084386944770813,9.99999905104687e-09,1.0,9.99999905104687e-09,8.163391953530663e-07,1.3917231626692228e-05,0.00018267679843120277,0.001832083915360272,0.016185810789465904,0.19072537124156952,0.5,1.0,1.0,1.0
7,6610,25000,0.32823896408081055,0.4208211898803711,9.99999905104687e-09,1.0,9.99999905104687e-09,8.076560789049836e-07,1.3916339412389789e-05,0.00017978214600589126,0.001845506951212883,0.016055122017860413,0.1924867033958435,0.5,1.0,1.0,1.0
7,6620,25000,0.3280487656593323,0.4207768142223358,9.99999905104687e-09,1.0,9.99999905104687e-09,8.26213977234147e-07,1.3575342563854065e-05,0.00018694873142521828,0.0018460809951648116,0.016331560909748077,0.18919973075389862,0.5,1.0,1.0,1.0
7,6630,25000,0.32818537950515747,0.42083847522735596,9.99999905104687e-09,1.0,9.99999905104687e-09,8.053555689002678e-07,1.3668900464836042e-05,0.00018382379494141787,0.0017973696812987328,0.016189273446798325,0.18950673937797546,0.5,1.0,1.0,1.0
7,6640,25000,0.3281603753566742,0.4208006262779236,9.99999905104687e-09,1.0,9.99999905104687e-09,8.284764589916449e-07,1.4139409358904231e-05,0.0001810434478102252,0.0018514557741582394,0.015971191227436066,0.19104818999767303,0.5,1.0,1.0,1.0
7,6650,25000,0.3281838595867157,0.4208347201347351,9.99999905104687e-09,1.0,9.99999905104687e-09,8.303648542096198e-07,1.3670097359863576e-05,0.0001831998524721712,0.001815696945413947,0.016151931136846542,0.18971142172813416,0.5,1.0,1.0,1.0
7,6660,25000,0.3281581699848175,0.4207935035228729,9.99999905104687e-09,1.0,9.99999905104687e-09,8.281841132884438e-07,1.3427528756437823e-05,0.00018182475469075143,0.0018178317695856094,0.01608280837535858,0.19086286425590515,0.5,1.0,1.0,1.0
7,6670,25000,0.32821124792099,0.42081406712532043,9.99999905104687e-09,1.0,9.99999905104687e-09,8.262185247076559e-07,1.348561818304006e-05,0.00018748512957245111,0.0017989022890105844,0.01619960367679596,0.19139312207698822,0.5,1.0,1.0,1.0
7,6680,25000,0.328125536441803,0.42082908749580383,9.99999905104687e-09,1.0,9.99999905104687e-09,8.146700452016375e-07,1.3946946637588553e-05,0.00017954174836631864,0.0018811466870829463,0.01624484173953533,0.19193460047245026,0.5,1.0,1.0,1.0
7,6690,25000,0.32821187376976013,0.4207877814769745,9.99999905104687e-09,1.0,9.99999905104687e-09,8.0922654888127e-07,1.3893012692278717e-05,0.00018193881260231137,0.0018731196178123355,0.016098491847515106,0.1916273981332779,0.5,1.0,1.0,1.0
7,6700,25000,0.32820579409599304,0.4208024740219116,9.99999905104687e-09,1.0,9.99999905104687e-09,8.059577680796792e-07,1.3672504792339168e-05,0.00018359340901952237,0.0018811516929417849,0.0162214282900095,0.19012098014354706,0.5,1.0,1.0,1.0
7,6710,25000,0.3282172381877899,0.4208313822746277,9.99999905104687e-09,1.0,9.99999905104687e-09,8.101961270767788e-07,1.397797041136073e-05,0.00018213763542007655,0.001815510680899024,0.016079077497124672,0.1914333999156952,0.5,1.0,1.0,1.0
7,6720,25000,0.32822561264038086,0.4208584725856781,9.99999905104687e-09,1.0,9.99999905104687e-09,8.259166293100861e-07,1.3957646842754912e-05,0.00017701003525871783,0.001875676098279655,0.01613340713083744,0.1913384050130844,0.5,1.0,1.0,1.0
7,6730,25000,0.3281661868095398,0.4208192825317383,9.99999905104687e-09,1.0,9.99999905104687e-09,8.18299952243251e-07,1.3836935067956802e-05,0.00018506156629882753,0.0017760703340172768,0.016321007162332535,0.19079211354255676,0.5,1.0,1.0,1.0
7,6740,25000,0.3282395005226135,0.4208040237426758,9.99999905104687e-09,1.0,9.99999905104687e-09,8.183754403034982e-07,1.3776335435977671e-05,0.0001847591483965516,0.0018577954033389688,0.016412269324064255,0.19079028069972992,0.5,1.0,1.0,1.0
7,6750,25000,0.32821381092071533,0.420855849981308,9.99999905104687e-09,1.0,9.99999905104687e-09,8.241980253842485e-07,1.3857553312845994e-05,0.00018598655879031867,0.0018131026299670339,0.016034986823797226,0.19131416082382202,0.5,1.0,1.0,1.0
7,6760,25000,0.32821711897850037,0.42080023884773254,9.99999905104687e-09,1.0,9.99999905104687e-09,8.172603997991246e-07,1.4141835890768562e-05,0.00018085642659571022,0.0018498379504308105,0.016178693622350693,0.19480952620506287,0.5,1.0,1.0,1.0
7,6770,25000,0.3281767964363098,0.4208371043205261,9.99999905104687e-09,1.0,9.99999905104687e-09,8.190079370251624e-07,1.3678540199180134e-05,0.0001816402218537405,0.0018871271749958396,0.01621493697166443,0.191842183470726,0.5,1.0,1.0,1.0
7,6780,25000,0.32820165157318115,0.4208224415779114,9.99999905104687e-09,1.0,9.99999905104687e-09,8.04135254384164e-07,1.3824123925587628e-05,0.00018178408208768815,0.0018348554149270058,0.016204796731472015,0.19289664924144745,0.5,1.0,1.0,1.0
7,6790,25000,0.32814228534698486,0.420798122882843,9.99999905104687e-09,1.0,9.99999905104687e-09,8.246375955422991e-07,1.4253167137212586e-05,0.0001823667116696015,0.0018744919216260314,0.016218412667512894,0.18990057706832886,0.5,1.0,1.0,1.0
7,6800,25000,0.3281629979610443,0.4208109974861145,9.99999905104687e-09,1.0,9.99999905104687e-09,8.232887012127321e-07,1.3993016182212159e-05,0.00018126281793229282,0.0018472897354513407,0.016159873455762863,0.19062693417072296,0.5,1.0,1.0,1.0
7,6810,25000,0.328135222196579,0.4208064377307892,9.99999905104687e-09,1.0,9.99999905104687e-09,8.257107992903912e-07,1.3840560313838068e-05,0.00018170550174545497,0.001878806739114225,0.016215162351727486,0.19049477577209473,0.5,1.0,1.0,1.0
7,6820,25000,0.3282741606235504,0.42080357670783997,9.99999905104687e-09,1.0,9.99999905104687e-09,8.23661991944391e-07,1.3734371350437868e-05,0.0001816964941099286,0.0018278524512425065,0.015987172722816467,0.19207215309143066,0.5,1.0,1.0,1.0
7,6830,25000,0.32815974950790405,0.42085692286491394,9.99999905104687e-09,1.0,9.99999905104687e-09,8.192663472073036e-07,1.3734909771301318e-05,0.0001830495020840317,0.0018450977513566613,0.01590644009411335,0.1890714317560196,0.5,1.0,1.0,1.0
7,6840,25000,0.32825520634651184,0.4207696318626404,9.99999905104687e-09,1.0,9.99999905104687e-09,8.125484214360768e-07,1.36468715936644e-05,0.00018373009515926242,0.0018542222678661346,0.016003459692001343,0.19395428895950317,0.5,1.0,1.0,1.0
7,6850,25000,0.3281424939632416,0.420881062746048,9.99999905104687e-09,1.0,9.99999905104687e-09,8.21093692593422e-07,1.4088845091464464e-05,0.00018400061526335776,0.0018684796523302794,0.016122417524456978,0.1899978369474411,0.5,1.0,1.0,1.0
7,6860,25000,0.3282391130924225,0.4208015203475952,9.99999905104687e-09,1.0,9.99999905104687e-09,8.172289653884945e-07,1.3813481018587481e-05,0.00018377012747805566,0.0018644712399691343,0.016022756695747375,0.1929178535938263,0.5,1.0,1.0,1.0
7,6870,25000,0.3281121551990509,0.4207945764064789,9.99999905104687e-09,1.0,9.99999905104687e-09,8.312180739267205e-07,1.3400069292401895e-05,0.00018138768791686743,0.0018923947354778647,0.016140971332788467,0.1929997354745865,0.5,1.0,1.0,1.0
7,6880,25000,0.32815492153167725,0.42084023356437683,9.99999905104687e-09,1.0,9.99999905104687e-09,8.027452622627607e-07,1.3833539924235083e-05,0.00018430415366310626,0.00182302703615278,0.015817243605852127,0.18995441496372223,0.5,1.0,1.0,1.0
7,6890,25000,0.3282071053981781,0.42081505060195923,9.99999905104687e-09,1.0,9.99999905104687e-09,8.047387609622092e-07,1.399501707055606e-05,0.0001818163291318342,0.001802873215638101,0.016280226409435272,0.1903187334537506,0.5,1.0,1.0,1.0
7,6900,25000,0.3281833529472351,0.42087215185165405,9.99999905104687e-09,1.0,9.99999905104687e-09,8.052990096985013e-07,1.3780388144368771e-05,0.0001814430725062266,0.0018666039686650038,0.01603872701525688,0.19116637110710144,0.5,1.0,1.0,1.0
7,6910,25000,0.3282570242881775,0.42081156373023987,9.99999905104687e-09,1.0,9.99999905104687e-09,7.978100597938464e-07,1.382983464282006e-05,0.0001844229263952002,0.001854154048487544,0.016146093606948853,0.1928180307149887,0.5,1.0,1.0,1.0
7,6920,25000,0.32826799154281616,0.42079082131385803,9.99999905104687e-09,1.0,9.99999905104687e-09,8.105316737783141e-07,1.3654564099851996e-05,0.00018173335411120206,0.001869861502200365,0.016306474804878235,0.19472917914390564,0.5,1.0,1.0,1.0
7,6930,25000,0.3282111585140228,0.42080339789390564,9.99999905104687e-09,1.0,9.99999905104687e-09,8.185241995306569e-07,1.3942695659352466e-05,0.00018147367518395185,0.0018451996147632599,0.01601085625588894,0.19342344999313354,0.5,1.0,1.0,1.0
7,6940,25000,0.32821667194366455,0.4207930564880371,9.99999905104687e-09,1.0,9.99999905104687e-09,8.12316784504219e-07,1.354310370516032e-05,0.00018274912144988775,0.0018618745962157845,0.01597311906516552,0.1945192664861679,0.5,1.0,1.0,1.0
7,6950,25000,0.3282201588153839,0.42078009247779846,9.99999905104687e-09,1.0,9.99999905104687e-09,8.123503789647657e-07,1.3644985301652923e-05,0.0001809195091482252,0.0018616433953866363,0.01636810414493084,0.19220104813575745,0.5,1.0,1.0,1.0
7,6960,25000,0.32811129093170166,0.4208088517189026,9.99999905104687e-09,1.0,9.99999905104687e-09,8.218772791224183e-07,1.4052438928047195e-05,0.0001859405601862818,0.0018303965916857123,0.016299806535243988,0.1924315243959427,0.5,1.0,1.0,1.0
7,6970,25000,0.3281506896018982,0.4208098351955414,9.99999905104687e-09,1.0,9.99999905104687e-09,8.136325959640089e-07,1.3727547411690466e-05,0.00017962402489501983,0.0018542249454185367,0.015955371782183647,0.19335748255252838,0.5,1.0,1.0,1.0
7,6980,25000,0.3281417787075043,0.42082059383392334,9.99999905104687e-09,1.0,9.99999905104687e-09,8.1513746863493e-07,1.3836797734256834e-05,0.0001823862548917532,0.0018206083914265037,0.016278021037578583,0.19304707646369934,0.5,1.0,1.0,1.0
7,6990,25000,0.3281807005405426,0.4208016097545624,9.99999905104687e-09,1.0,9.99999905104687e-09,8.18651983536256e-07,1.3980541552882642e-05,0.00018420144624542445,0.0018507653148844838,0.015956375747919083,0.19308795034885406,0.5,1.0,1.0,1.0
7,7000,25000,0.3282592296600342,0.42082932591438293,9.99999905104687e-09,1.0,9.99999905104687e-09,8.034845677684643e-07,1.3555694749811664e-05,0.00018343381816521287,0.0018614331493154168,0.016179991886019707,0.19204825162887573,0.5,1.0,1.0,1.0
