step,epoch,n_refreshed,mean,std,min,max,q00,q10,q20,q30,q40,q50,q60,q70,q80,q90,q100
1,0,,0.5454321503639221,0.13546210527420044,0.5,1.0,0.5,0.5,0.5,0.5,0.5,0.5,0.5,0.5,0.5099999904632568,0.5799999833106995,1.0
1,10,25000,0.2835423946380615,0.29064011573791504,0.00011929225001949817,1.0,0.00011929225001949817,0.013833578675985336,0.03137759864330292,0.05928187444806099,0.10267288237810135,0.16828402876853943,0.2702726721763611,0.45862892270088196,0.5,0.6703189015388489,1.0
1,20,25000,0.28339388966560364,0.29071396589279175,0.0001331579842371866,1.0,0.0001331579842371866,0.013923135586082935,0.031218307092785835,0.059058528393507004,0.10250772535800934,0.16797909140586853,0.2702028155326843,0.45761531591415405,0.5,0.6706584692001343,1.0
1,30,25000,0.2834513485431671,0.2906988561153412,0.0001233469374710694,1.0,0.0001233469374710694,0.013819820247590542,0.03159031271934509,0.05921642482280731,0.10266242176294327,0.16804617643356323,0.27113866806030273,0.456768274307251,0.5,0.6718041896820068,1.0
1,40,25000,0.2835293710231781,0.2906673848628998,0.0001322522439295426,1.0,0.0001322522439295426,0.013809578493237495,0.031265515834093094,0.05897923558950424,0.10237666219472885,0.1687372922897339,0.27161356806755066,0.45949316024780273,0.5,0.6698235869407654,1.0
1,50,25000,0.28349101543426514,0.29080620408058167,0.00013981203665025532,1.0,0.00013981203665025532,0.013846858404576778,0.031216027215123177,0.058794956654310226,0.10272540152072906,0.1679767221212387,0.271735817193985,0.4579175114631653,0.5,0.6692726016044617,1.0
1,60,25000,0.2833612263202667,0.29071569442749023,8.861130481818691e-05,1.0,8.861130481818691e-05,0.013792634010314941,0.031465038657188416,0.059338126331567764,0.10202112793922424,0.16836552321910858,0.26907217502593994,0.4569176137447357,0.5,0.670719563961029,1.0
1,70,25000,0.2836753726005554,0.29096245765686035,0.00010465813829796389,1.0,0.00010465813829796389,0.013988497667014599,0.03135930001735687,0.05916450545191765,0.10246703773736954,0.16832450032234192,0.2706875801086426,0.4603158235549927,0.5,0.6717345118522644,1.0
1,80,25000,0.2833181619644165,0.2906511425971985,0.00014670904783997685,1.0,0.00014670904783997685,0.013792081736028194,0.0312734916806221,0.05901350453495979,0.10260365158319473,0.16837704181671143,0.2709941267967224,0.45815959572792053,0.5,0.6708920001983643,1.0
1,90,25000,0.28361397981643677,0.29086169600486755,0.00011718161113094538,1.0,0.00011718161113094538,0.014048210345208645,0.03139139339327812,0.05929211527109146,0.10203021764755249,0.1680491715669632,0.27187734842300415,0.4584791362285614,0.5,0.6713183522224426,1.0
1,100,25000,0.2835899889469147,0.29081735014915466,0.00012592857819981873,1.0,0.00012592857819981873,0.013830145820975304,0.03126637265086174,0.05900433659553528,0.10214808583259583,0.16876815259456635,0.2703750729560852,0.45824921131134033,0.5,0.6732139587402344,1.0
1,110,25000,0.2834687829017639,0.2909289300441742,0.00016776504344306886,1.0,0.00016776504344306886,0.013931154273450375,0.031176190823316574,0.05952199921011925,0.1023455485701561,0.167565256357193,0.2699418365955353,0.458158016204834,0.5,0.6719518303871155,1.0
1,120,25000,0.2837826609611511,0.2913230061531067,0.00010860051406780258,1.0,0.00010860051406780258,0.013890930451452732,0.031247476115822792,0.05900522693991661,0.10206209123134613,0.16788843274116516,0.27122822403907776,0.4576261043548584,0.5,0.6770068407058716,1.0
1,130,25000,0.2841973304748535,0.29220297932624817,0.0001134118065237999,1.0,0.0001134118065237999,0.013743452727794647,0.03116452880203724,0.059109438210725784,0.10230347514152527,0.16826997697353363,0.2702849507331848,0.4599096179008484,0.5,0.6723479628562927,1.0
1,140,25000,0.2846251428127289,0.2931542694568634,0.00010541340452618897,1.0,0.00010541340452618897,0.013881384395062923,0.03136163949966431,0.058999739587306976,0.10264323651790619,0.16880585253238678,0.2702813148498535,0.45880529284477234,0.5,0.6692042350769043,1.0
1,150,25000,0.2847966253757477,0.2935626804828644,0.00014486575673799962,1.0,0.00014486575673799962,0.013770080171525478,0.031227003782987595,0.05919893458485603,0.10228777676820755,0.16883614659309387,0.27062416076660156,0.45937833189964294,0.5,0.6696059107780457,1.0
1,160,25000,0.2847425639629364,0.29366421699523926,0.00010527295671636239,1.0,0.00010527295671636239,0.013826138339936733,0.03108862042427063,0.058526411652565,0.10275906324386597,0.16821041703224182,0.2693898677825928,0.45871445536613464,0.5,0.6727132201194763,1.0
1,170,25000,0.28496092557907104,0.2935106158256531,0.00013443677744362503,1.0,0.00013443677744362503,0.013884123414754868,0.03117728792130947,0.05917667970061302,0.10268901288509369,0.16905951499938965,0.27145200967788696,0.4582422971725464,0.5,0.6699999570846558,1.0
1,180,25000,0.2848333716392517,0.2936190366744995,0.00011022429680451751,1.0,0.00011022429680451751,0.013990328647196293,0.031141012907028198,0.058900170028209686,0.10324234515428543,0.16773396730422974,0.2705349922180176,0.45896369218826294,0.5,0.6706950664520264,1.0
1,190,25000,0.2849198579788208,0.29363781213760376,0.00010333321552025154,1.0,0.00010333321552025154,0.013828129507601261,0.03132845088839531,0.05902925878763199,0.10269242525100708,0.1676819920539856,0.2712957561016083,0.4597063660621643,0.5,0.6710660457611084,1.0
1,200,25000,0.28474536538124084,0.29371199011802673,0.0001267471379833296,1.0,0.0001267471379833296,0.013964339159429073,0.031216533854603767,0.05908612161874771,0.10197307914495468,0.16817688941955566,0.27096107602119446,0.45691734552383423,0.5,0.6700208187103271,1.0
1,210,25000,0.28476694226264954,0.29363131523132324,0.00011878520308528095,1.0,0.00011878520308528095,0.013966729864478111,0.031230255961418152,0.058842431753873825,0.10282239317893982,0.16762813925743103,0.2700653672218323,0.45935049653053284,0.5,0.6715850830078125,1.0
1,220,25000,0.28493595123291016,0.29374587535858154,0.00016650420730002224,1.0,0.00016650420730002224,0.014003178104758263,0.031242238357663155,0.05900967866182327,0.10219915211200714,0.1689065396785736,0.26994335651397705,0.4602607488632202,0.5,0.6700004935264587,1.0
1,230,25000,0.2848505675792694,0.29371899366378784,0.00011802259541582316,1.0,0.00011802259541582316,0.013987991958856583,0.03131262585520744,0.059081390500068665,0.1027277484536171,0.1677132546901703,0.2704119384288788,0.4590075612068176,0.5,0.6749480366706848,1.0
1,240,25000,0.28502410650253296,0.2937537431716919,0.00011324176011839882,1.0,0.00011324176011839882,0.013905220665037632,0.031267836689949036,0.05894093215465546,0.10286211967468262,0.16785484552383423,0.2710726261138916,0.4600507318973541,0.5,0.6698159575462341,1.0
1,250,25000,0.2849257290363312,0.2937844693660736,0.00012191263522254303,1.0,0.00012191263522254303,0.013860081322491169,0.031286902725696564,0.05915568768978119,0.10234137624502182,0.16872075200080872,0.26981332898139954,0.4602138102054596,0.5,0.6681625247001648,1.0
1,260,25000,0.2850397825241089,0.29382088780403137,0.00011040762910852209,1.0,0.00011040762910852209,0.01388214435428381,0.031117508187890053,0.059028979390859604,0.10224204510450363,0.168247252702713,0.2707046568393707,0.459185391664505,0.5,0.6686739325523376,1.0
1,270,25000,0.2849104702472687,0.293748140335083,9.941000462276861e-05,1.0,9.941000462276861e-05,0.0137712387368083,0.031399015337228775,0.059280090034008026,0.1025429219007492,0.1689591407775879,0.2699039578437805,0.4580721855163574,0.5,0.6682708859443665,1.0
1,280,25000,0.2847469747066498,0.2937728762626648,0.000136344984639436,1.0,0.000136344984639436,0.013779828324913979,0.031088918447494507,0.05885904282331467,0.10246200859546661,0.16704724729061127,0.2719828188419342,0.4553140103816986,0.5,0.6700259447097778,1.0
1,290,25000,0.2848455607891083,0.293741375207901,0.00014088152965996414,1.0,0.00014088152965996414,0.013887605629861355,0.03127429634332657,0.05915183573961258,0.10285133868455887,0.16852736473083496,0.2701673209667206,0.458419531583786,0.5,0.6704941391944885,1.0
1,300,25000,0.2849598824977875,0.293753981590271,0.00018391574849374592,1.0,0.00018391574849374592,0.013846619054675102,0.03136446699500084,0.05949007347226143,0.10244482010602951,0.16825687885284424,0.27212637662887573,0.4584963917732239,0.5,0.6730227470397949,1.0
1,310,25000,0.284907728433609,0.29382315278053284,0.00011942177661694586,1.0,0.00011942177661694586,0.013862607069313526,0.03122209571301937,0.059313077479600906,0.10238667577505112,0.16803202033042908,0.27063465118408203,0.4595903158187866,0.5,0.6699999570846558,1.0
1,320,25000,0.2848338186740875,0.2938922047615051,0.00010531846055528149,1.0,0.00010531846055528149,0.013884443789720535,0.031264424324035645,0.05936719477176666,0.10210363566875458,0.16796544194221497,0.270147442817688,0.45880797505378723,0.5,0.6720126271247864,1.0
1,330,25000,0.285025954246521,0.2939820885658264,0.00013614361523650587,1.0,0.00013614361523650587,0.013814151287078857,0.031211504712700844,0.05902509018778801,0.10307613760232925,0.16792267560958862,0.2709513306617737,0.45804843306541443,0.5,0.6695972681045532,1.0
1,340,25000,0.2848661243915558,0.2939072251319885,0.00010697450488805771,1.0,0.00010697450488805771,0.01399922277778387,0.03139830008149147,0.059039562940597534,0.10220962017774582,0.16864466667175293,0.2694586217403412,0.45801854133605957,0.5,0.6733023524284363,1.0
1,350,25000,0.2849620580673218,0.2938983738422394,0.00012675373000092804,1.0,0.00012675373000092804,0.01390397734940052,0.031183885410428047,0.059212472289800644,0.10260890424251556,0.1680058240890503,0.27044960856437683,0.46038752794265747,0.5,0.6717035174369812,1.0
1,360,25000,0.2846909463405609,0.2938569188117981,0.00010736418335000053,1.0,0.00010736418335000053,0.013906078413128853,0.031358011066913605,0.05914593115448952,0.10227552801370621,0.1680789291858673,0.2691701054573059,0.4574471414089203,0.5,0.675112247467041,1.0
1,370,25000,0.285006582736969,0.29395270347595215,0.00014033567276783288,1.0,0.00014033567276783288,0.013936921022832394,0.031173326075077057,0.05878269299864769,0.10295574367046356,0.16815070807933807,0.2710789144039154,0.45759159326553345,0.5,0.6713128685951233,1.0
1,380,25000,0.28510239720344543,0.29397091269493103,0.00012614343722816557,1.0,0.00012614343722816557,0.013906897976994514,0.031246243044734,0.0593620203435421,0.10255062580108643,0.16801968216896057,0.27106955647468567,0.4598936438560486,0.5,0.6699999570846558,1.0
1,390,25000,0.2847285270690918,0.29390084743499756,0.00012797588715329766,1.0,0.00012797588715329766,0.01380675658583641,0.031106257811188698,0.05866298824548721,0.10245723277330399,0.16842791438102722,0.27007856965065,0.4581279158592224,0.5,0.6686487793922424,1.0
1,400,25000,0.28492581844329834,0.2939775586128235,0.0001298924908041954,1.0,0.0001298924908041954,0.013995417393743992,0.03128742426633835,0.05888083949685097,0.10199572890996933,0.16795304417610168,0.27055883407592773,0.4592614769935608,0.5,0.6746053695678711,1.0
1,410,25000,0.28510764241218567,0.2939348518848419,0.0001312011299887672,1.0,0.0001312011299887672,0.013796158134937286,0.03143035247921944,0.0589275024831295,0.10282270610332489,0.16838397085666656,0.27121853828430176,0.4581891596317291,0.5,0.6723809242248535,1.0
1,420,25000,0.28486791253089905,0.2939431071281433,0.0001740267762215808,1.0,0.0001740267762215808,0.013813294470310211,0.031238703057169914,0.059164728969335556,0.1023523136973381,0.1680387556552887,0.2693985104560852,0.45755743980407715,0.5,0.6732857823371887,1.0
1,430,25000,0.28487837314605713,0.2938568890094757,9.890486398944631e-05,1.0,9.890486398944631e-05,0.013834561221301556,0.0313434936106205,0.058771755546331406,0.10246267169713974,0.1684173047542572,0.27158892154693604,0.45816880464553833,0.5,0.6700015664100647,1.0
1,440,25000,0.28519386053085327,0.293960303068161,0.00015190429985523224,1.0,0.00015190429985523224,0.013986579142510891,0.031356748193502426,0.05907101929187775,0.10233438014984131,0.16900435090065002,0.2711581885814667,0.45795875787734985,0.5,0.6728997230529785,1.0
1,450,25000,0.2849313020706177,0.293819397687912,0.00012816072558052838,1.0,0.00012816072558052838,0.013814106583595276,0.031326644122600555,0.05906691402196884,0.1020532175898552,0.16918912529945374,0.27074798941612244,0.4581543505191803,0.5,0.6689591407775879,1.0
1,460,25000,0.28484997153282166,0.29391589760780334,0.00011022508988389745,1.0,0.00011022508988389745,0.01393367163836956,0.03101414442062378,0.05887867510318756,0.10264892876148224,0.16789017617702484,0.2701740860939026,0.45757612586021423,0.5,0.6703011989593506,1.0
1,470,25000,0.28488755226135254,0.2938805818557739,0.00012031978985760361,1.0,0.00012031978985760361,0.013865574263036251,0.031161852180957794,0.059267062693834305,0.10307229310274124,0.16886809468269348,0.26948001980781555,0.4563008248806,0.5,0.6711061000823975,1.0
1,480,25000,0.2850080728530884,0.29398900270462036,0.00012079961015842855,1.0,0.00012079961015842855,0.013790602795779705,0.03129385784268379,0.05869388207793236,0.10229586809873581,0.16859322786331177,0.2710028290748596,0.46016374230384827,0.5,0.6721717715263367,1.0
1,490,25000,0.28507667779922485,0.29397478699684143,0.0001240469719050452,1.0,0.0001240469719050452,0.01386710349470377,0.031214825809001923,0.059139735996723175,0.10242527723312378,0.16861821711063385,0.27053147554397583,0.4590928256511688,0.5,0.6699999570846558,1.0
1,500,25000,0.28488969802856445,0.2938847541809082,0.00015743033145554364,1.0,0.00015743033145554364,0.013844686560332775,0.03113315813243389,0.059253890067338943,0.10248149931430817,0.1676131784915924,0.27089688181877136,0.46000581979751587,0.5,0.6709352731704712,1.0
1,510,25000,0.28487688302993774,0.29376718401908875,0.0001236724783666432,1.0,0.0001236724783666432,0.01402204018086195,0.031354911625385284,0.05894375964999199,0.10266664624214172,0.16834786534309387,0.27075204253196716,0.45728063583374023,0.5,0.6688103079795837,1.0
1,520,25000,0.2848950922489166,0.29380983114242554,0.00010961897351080552,1.0,0.00010961897351080552,0.014008751139044762,0.031383976340293884,0.05892778933048248,0.10279064625501633,0.1679973006248474,0.2717175781726837,0.46028584241867065,0.5,0.6692989468574524,1.0
1,530,25000,0.28516942262649536,0.29398539662361145,0.00010628977906890213,1.0,0.00010628977906890213,0.013922317884862423,0.03134172782301903,0.059405554085969925,0.1023017168045044,0.16857443749904633,0.2715159058570862,0.4619469940662384,0.5,0.6737462878227234,1.0
1,540,25000,0.285128116607666,0.2938947081565857,0.00015848684415686876,1.0,0.00015848684415686876,0.013871973380446434,0.031286899000406265,0.05909518525004387,0.10269977897405624,0.1695067137479782,0.27161577343940735,0.4567928612232208,0.5,0.6714259386062622,1.0
1,550,25000,0.28511279821395874,0.2939683496952057,0.00011455112689873204,1.0,0.00011455112689873204,0.013870025984942913,0.0311638955026865,0.058736201375722885,0.10249277204275131,0.16912369430065155,0.2717834413051605,0.4598085582256317,0.5,0.6730377078056335,1.0
1,560,25000,0.28510162234306335,0.29395389556884766,0.00011093490320490673,1.0,0.00011093490320490673,0.013808141462504864,0.03128349035978317,0.05896870046854019,0.10229122638702393,0.16804134845733643,0.271851509809494,0.45971307158470154,0.5,0.6709781289100647,1.0
1,570,25000,0.28501805663108826,0.2939833104610443,0.0001422751520294696,1.0,0.0001422751520294696,0.0140464436262846,0.03129534423351288,0.059065304696559906,0.10266947746276855,0.1683846116065979,0.27046263217926025,0.460149884223938,0.5,0.6737601161003113,1.0
1,580,25000,0.28492486476898193,0.29390671849250793,9.138856694335118e-05,1.0,9.138856694335118e-05,0.013887543231248856,0.03134727105498314,0.05888470634818077,0.10225251317024231,0.16919192671775818,0.2703298032283783,0.4577348530292511,0.5,0.6713114380836487,1.0
1,590,25000,0.28495827317237854,0.2938668429851532,0.00011759079643525183,1.0,0.00011759079643525183,0.013915417715907097,0.031132787466049194,0.059193823486566544,0.10281797498464584,0.16821330785751343,0.27047476172447205,0.45819559693336487,0.5,0.6699999570846558,1.0
1,600,25000,0.2849997878074646,0.2939106822013855,0.0001091369049390778,1.0,0.0001091369049390778,0.013791545294225216,0.03135959431529045,0.05882348120212555,0.10316667705774307,0.16816061735153198,0.26996034383773804,0.45794230699539185,0.5,0.6699243783950806,1.0
1,610,25000,0.2850531339645386,0.293962687253952,0.00013294532254803926,1.0,0.00013294532254803926,0.013872181065380573,0.031177211552858353,0.05952785909175873,0.10243572294712067,0.16744419932365417,0.2715793251991272,0.4596046805381775,0.5,0.6723317503929138,1.0
1,620,25000,0.2849338948726654,0.2939491868019104,0.00011349439591867849,1.0,0.00011349439591867849,0.013858857564628124,0.031008316203951836,0.05929623916745186,0.10199974477291107,0.1680728793144226,0.2709868848323822,0.4566024839878082,0.5,0.6680670380592346,1.0
1,630,25000,0.2851734757423401,0.29400596022605896,0.00013926449173595756,1.0,0.00013926449173595756,0.013832678087055683,0.03118651919066906,0.05903482809662819,0.10272088646888733,0.168472558259964,0.27210041880607605,0.4582284390926361,0.5,0.6710229516029358,1.0
1,640,25000,0.2850368320941925,0.2939734160900116,0.00019576582417357713,1.0,0.00019576582417357713,0.013719392009079456,0.031223239377141,0.05894992873072624,0.10255088657140732,0.16836610436439514,0.27093684673309326,0.45850539207458496,0.5,0.669034481048584,1.0
1,650,25000,0.2849745452404022,0.293984591960907,0.0001310442021349445,1.0,0.0001310442021349445,0.013798218220472336,0.031154248863458633,0.058878712356090546,0.10242962092161179,0.1673976182937622,0.27169084548950195,0.45964765548706055,0.5,0.670809805393219,1.0
1,660,25000,0.2850969731807709,0.29401782155036926,0.00011962048301938921,1.0,0.00011962048301938921,0.013823578134179115,0.03147841617465019,0.059078723192214966,0.10256417095661163,0.1680370569229126,0.27083903551101685,0.4563089609146118,0.5,0.6714990139007568,1.0
1,670,25000,0.28503087162971497,0.29388442635536194,0.00011342967627570033,1.0,0.00011342967627570033,0.013867946341633797,0.031212560832500458,0.05929739773273468,0.10304901748895645,0.169279545545578,0.27137455344200134,0.45768845081329346,0.5,0.6704416275024414,1.0
1,680,25000,0.28483936190605164,0.29381465911865234,0.00010388846567366272,1.0,0.00010388846567366272,0.01379450038075447,0.03132345527410507,0.059378139674663544,0.10261999070644379,0.16767136752605438,0.27038854360580444,0.4574102759361267,0.5,0.6676304340362549,1.0
1,690,25000,0.28484517335891724,0.2939036786556244,0.00011192200327059254,1.0,0.00011192200327059254,0.013879064470529556,0.031434569507837296,0.05889596790075302,0.10173510015010834,0.1681453436613083,0.27045154571533203,0.45950940251350403,0.5,0.6706372499465942,1.0
1,700,25000,0.2849210202693939,0.2940117418766022,0.00016363643226213753,1.0,0.00016363643226213753,0.013865686021745205,0.03142707422375679,0.05882946029305458,0.1022450178861618,0.16826622188091278,0.27162474393844604,0.4581220746040344,0.5,0.669950544834137,1.0
1,710,25000,0.2850704789161682,0.2939300835132599,0.00012013842933811247,1.0,0.00012013842933811247,0.013853209093213081,0.03131183236837387,0.05886036530137062,0.10263264924287796,0.16822569072246552,0.2699490189552307,0.4599090814590454,0.5,0.6708273887634277,1.0
1,720,25000,0.2849331200122833,0.2939659655094147,0.00011546433961484581,1.0,0.00011546433961484581,0.013883511535823345,0.031224679201841354,0.05891655758023262,0.10235270857810974,0.16860079765319824,0.27058592438697815,0.4580487012863159,0.5,0.6711364388465881,1.0
1,730,25000,0.2849712073802948,0.29398444294929504,0.0001365267380606383,1.0,0.0001365267380606383,0.013751945458352566,0.031410861760377884,0.059406738728284836,0.10299219936132431,0.16744667291641235,0.2704620361328125,0.4582841694355011,0.5,0.672814130783081,1.0
1,740,25000,0.284976601600647,0.2939099073410034,0.0001630179031053558,1.0,0.0001630179031053558,0.01397514995187521,0.03125745803117752,0.05878091976046562,0.10241074860095978,0.16777685284614563,0.2710821032524109,0.4588276445865631,0.5,0.6701720356941223,1.0
1,750,25000,0.28503188490867615,0.29399603605270386,9.825015149544924e-05,1.0,9.825015149544924e-05,0.013874410651624203,0.03115049935877323,0.059145886451005936,0.10254646092653275,0.16825248301029205,0.2702536880970001,0.46110570430755615,0.5,0.671918511390686,1.0
1,760,25000,0.2850753962993622,0.2941172122955322,0.00010224429570371285,1.0,0.00010224429570371285,0.013818357139825821,0.0312817357480526,0.05908928066492081,0.10212511569261551,0.16857406497001648,0.2715367376804352,0.45766353607177734,0.5,0.6728941798210144,1.0
1,770,25000,0.2849303185939789,0.29400649666786194,0.0001428370305802673,1.0,0.0001428370305802673,0.013863757252693176,0.03134237229824066,0.05916828289628029,0.1027996838092804,0.1684781312942505,0.26968124508857727,0.4573128819465637,0.5,0.6702862977981567,1.0
1,780,25000,0.2849730849266052,0.29395171999931335,9.387652244186029e-05,1.0,9.387652244186029e-05,0.01387389563024044,0.03137040138244629,0.05931328982114792,0.1026451587677002,0.16817213594913483,0.27001696825027466,0.45807644724845886,0.5,0.6709393262863159,1.0
1,790,25000,0.2848745584487915,0.29394322633743286,0.00010300814756192267,1.0,0.00010300814756192267,0.014015783555805683,0.031158650293946266,0.05896097421646118,0.10237836092710495,0.1688174605369568,0.2707255482673645,0.45866870880126953,0.5,0.6694157123565674,1.0
1,800,25000,0.2851259410381317,0.2939967215061188,0.00012066219642292708,1.0,0.00012066219642292708,0.013847319409251213,0.03126769885420799,0.05887458100914955,0.10272643715143204,0.16907334327697754,0.27120864391326904,0.45908308029174805,0.5,0.6698087453842163,1.0
1,810,25000,0.2849244773387909,0.2938961684703827,0.00014151731738820672,1.0,0.00014151731738820672,0.013958738185465336,0.03127278387546539,0.05926687642931938,0.1027054488658905,0.16891011595726013,0.2702147960662842,0.45909982919692993,0.5,0.6695773601531982,1.0
1,820,25000,0.28477951884269714,0.2939939498901367,0.00014804373495280743,1.0,0.00014804373495280743,0.013797733932733536,0.03130648657679558,0.0589534193277359,0.10215651988983154,0.167110413312912,0.269564688205719,0.45896586775779724,0.5,0.6700064539909363,1.0
1,830,25000,0.2850807309150696,0.29404565691947937,0.00012312331818975508,1.0,0.00012312331818975508,0.013833707198500633,0.031131891533732414,0.058683354407548904,0.10244125872850418,0.16743212938308716,0.2713533639907837,0.45839962363243103,0.5,0.6701694130897522,1.0
1,840,25000,0.2851009964942932,0.2941623032093048,9.511649113846943e-05,1.0,9.511649113846943e-05,0.013861098326742649,0.031192271038889885,0.05876608565449715,0.1027538850903511,0.16698598861694336,0.2706787884235382,0.4601062536239624,0.5,0.6726757287979126,1.0
1,850,25000,0.2850190997123718,0.29405149817466736,0.0001218650650116615,1.0,0.0001218650650116615,0.01384979672729969,0.0312284417450428,0.059081580489873886,0.10264252871274948,0.1682748794555664,0.2704332768917084,0.45937007665634155,0.5,0.6733829975128174,1.0
1,860,25000,0.28492140769958496,0.294144868850708,0.00011262242333032191,1.0,0.00011262242333032191,0.013780258595943451,0.0311879999935627,0.05876164510846138,0.10222781449556351,0.16815085709095,0.270773708820343,0.4583982825279236,0.5,0.6731857061386108,1.0
1,870,25000,0.28484344482421875,0.2939227521419525,0.0001634032087167725,1.0,0.0001634032087167725,0.013833827339112759,0.031200110912322998,0.05870411545038223,0.10221003741025925,0.16823306679725647,0.27034077048301697,0.4580109119415283,0.5,0.6718591451644897,1.0
1,880,25000,0.28499656915664673,0.29396331310272217,0.00011860308586619794,1.0,0.00011860308586619794,0.01389876939356327,0.03132271394133568,0.05901666358113289,0.1018616110086441,0.16818365454673767,0.2696557343006134,0.45762398838996887,0.5,0.6707035303115845,1.0
1,890,25000,0.285074919462204,0.29399606585502625,9.104344644583762e-05,1.0,9.104344644583762e-05,0.013947254978120327,0.031046096235513687,0.05881424993276596,0.10275056213140488,0.1685701161623001,0.26959729194641113,0.45795631408691406,0.5,0.6719056963920593,1.0
1,900,25000,0.28511252999305725,0.2940414249897003,0.00014144529995974153,1.0,0.00014144529995974153,0.013861561194062233,0.03128362447023392,0.05906527116894722,0.10271419584751129,0.16875432431697845,0.2708891034126282,0.4596308171749115,0.5,0.6740775108337402,1.0
1,910,25000,0.2849982678890228,0.29401862621307373,0.0001008850522339344,1.0,0.0001008850522339344,0.013980796560645103,0.03126413747668266,0.05918613076210022,0.10245869308710098,0.16796031594276428,0.26997506618499756,0.4592817723751068,0.5,0.6699999570846558,1.0
1,920,25000,0.28500571846961975,0.29398447275161743,0.00015205616364255548,1.0,0.00015205616364255548,0.0138414166867733,0.031010566279292107,0.05925750359892845,0.1029033213853836,0.1681273877620697,0.2701570391654968,0.45828232169151306,0.5,0.6713120937347412,1.0
1,930,25000,0.28490379452705383,0.29402437806129456,0.00010518839553697035,1.0,0.00010518839553697035,0.013817425817251205,0.031298909336328506,0.05911911278963089,0.10178454965353012,0.16882970929145813,0.2703470289707184,0.458813339471817,0.5,0.6704362630844116,1.0
1,940,25000,0.2850678265094757,0.2940989136695862,0.00012862418952863663,1.0,0.00012862418952863663,0.013797588646411896,0.03130895271897316,0.058958303183317184,0.10232963413000107,0.1684609353542328,0.2704585790634155,0.4599861204624176,0.5,0.6732861995697021,1.0
1,950,25000,0.2850109040737152,0.2940615117549896,0.00012738995428662747,1.0,0.00012738995428662747,0.013929746113717556,0.03169023618102074,0.05892423167824745,0.10223601013422012,0.16756173968315125,0.2718746066093445,0.45912009477615356,0.5,0.6699999570846558,1.0
1,960,25000,0.28490298986434937,0.29396533966064453,0.00012517090362962335,1.0,0.00012517090362962335,0.013812223449349403,0.031308211386203766,0.05906780809164047,0.10257671773433685,0.16814076900482178,0.2691271901130676,0.45848432183265686,0.5,0.6681654453277588,1.0
1,970,25000,0.2850605547428131,0.29400789737701416,0.00011439222726039588,1.0,0.00011439222726039588,0.013769350945949554,0.031177610158920288,0.0592840276658535,0.1025138795375824,0.16863353550434113,0.2711636424064636,0.4583873152732849,0.5,0.6728529334068298,1.0
1,980,25000,0.2852028012275696,0.2940385639667511,0.00013824852067045867,1.0,0.00013824852067045867,0.013932356610894203,0.031201224774122238,0.05920698493719101,0.1022643893957138,0.16856427490711212,0.27182289958000183,0.4600657522678375,0.5,0.6723785996437073,1.0
1,990,25000,0.28499406576156616,0.29409027099609375,0.00010521215153858066,1.0,0.00010521215153858066,0.013922463171184063,0.03145525977015495,0.05903316289186478,0.10262239724397659,0.16787518560886383,0.2714149057865143,0.45732834935188293,0.5,0.6704171299934387,1.0
1,1000,25000,0.28500446677207947,0.29409122467041016,0.00012573202548082918,1.0,0.00012573202548082918,0.013773180544376373,0.03125698119401932,0.05919279903173447,0.10229548811912537,0.1677292436361313,0.2693386375904083,0.4589780271053314,0.5,0.6738167405128479,1.0
1,1010,25000,0.28517577052116394,0.2940192222595215,8.919775427784771e-05,1.0,8.919775427784771e-05,0.013967832550406456,0.031592778861522675,0.0591396689414978,0.10216844826936722,0.1682959794998169,0.2701403796672821,0.4612613916397095,0.5,0.6668819785118103,1.0
1,1020,25000,0.2849574387073517,0.2940559685230255,0.00010956765618175268,1.0,0.00010956765618175268,0.013829940930008888,0.031216463074088097,0.059418655931949615,0.10244403034448624,0.16870152950286865,0.2695735692977905,0.46032610535621643,0.5,0.6703251600265503,1.0
1,1030,25000,0.2849733531475067,0.293989360332489,0.00012469575449358672,1.0,0.00012469575449358672,0.013747232034802437,0.03130033239722252,0.058810919523239136,0.10277353227138519,0.16820290684700012,0.27062126994132996,0.4576089084148407,0.5,0.6707810759544373,1.0
1,1040,25000,0.2852403521537781,0.2941252887248993,0.00012905591574963182,1.0,0.00012905591574963182,0.01391163282096386,0.031048718839883804,0.05914346128702164,0.10279259830713272,0.16889016330242157,0.2714722752571106,0.45960143208503723,0.5,0.6723431944847107,1.0
1,1050,25000,0.2848660945892334,0.2941617965698242,0.0001300831645494327,1.0,0.0001300831645494327,0.013768307864665985,0.031394150108098984,0.058730680495500565,0.1023489236831665,0.16785165667533875,0.2701190710067749,0.4584861397743225,0.5,0.6703912019729614,1.0
1,1060,25000,0.28487473726272583,0.29407668113708496,9.193364530801773e-05,1.0,9.193364530801773e-05,0.01383368019014597,0.03137747198343277,0.058936238288879395,0.10189682245254517,0.16766196489334106,0.2711870074272156,0.45836248993873596,0.5,0.6696086525917053,1.0
1,1070,25000,0.2848685681819916,0.29400044679641724,0.00011972962965955958,1.0,0.00011972962965955958,0.013847232796251774,0.031104421243071556,0.05949479714035988,0.10253948718309402,0.16851535439491272,0.26978299021720886,0.457608699798584,0.5,0.6668826937675476,1.0
1,1080,25000,0.28499263525009155,0.29398176074028015,9.930942906066775e-05,1.0,9.930942906066775e-05,0.013856093399226665,0.03115086257457733,0.05888211727142334,0.10256071388721466,0.1682303547859192,0.27080994844436646,0.45872774720191956,0.5,0.6694725751876831,1.0
1,1090,25000,0.28503578901290894,0.2940068244934082,0.00012667119153775275,1.0,0.00012667119153775275,0.013863460160791874,0.03127172216773033,0.05932583659887314,0.10277889668941498,0.16868682205677032,0.27005061507225037,0.4580303132534027,0.5,0.6714787483215332,1.0
1,1100,25000,0.2850785553455353,0.2940537929534912,0.00012805590813513845,1.0,0.00012805590813513845,0.013841402716934681,0.031128235161304474,0.059258364140987396,0.1026301234960556,0.16804538667201996,0.2707863748073578,0.4592050313949585,0.5,0.6706672310829163,1.0
1,1110,25000,0.2850712239742279,0.29405808448791504,0.00013501961075235158,1.0,0.00013501961075235158,0.013896718621253967,0.03144935518503189,0.0591956302523613,0.10272913426160812,0.16861344873905182,0.2710527777671814,0.45606115460395813,0.5,0.6732954978942871,1.0
1,1120,25000,0.2850759029388428,0.29396697878837585,0.00011142743460368365,1.0,0.00011142743460368365,0.013935968279838562,0.03113325498998165,0.05924825742840767,0.1026233658194542,0.1681349128484726,0.2706488072872162,0.4574141800403595,0.5,0.6721721291542053,1.0
1,1130,25000,0.2851053774356842,0.29402726888656616,0.00013338429562281817,1.0,0.00013338429562281817,0.01393029186874628,0.0311985332518816,0.05937810242176056,0.10285986214876175,0.16858026385307312,0.27183106541633606,0.4564897119998932,0.5,0.6693428754806519,1.0
1,1140,25000,0.28507763147354126,0.29399579763412476,0.00011353271111147478,1.0,0.00011353271111147478,0.013875363394618034,0.031230757012963295,0.05959624797105789,0.10267403721809387,0.16837233304977417,0.27128496766090393,0.4572092294692993,0.5,0.6662877202033997,1.0
1,1150,25000,0.2850474417209625,0.2941153049468994,0.00012088901712559164,1.0,0.00012088901712559164,0.013846066780388355,0.031424954533576965,0.05915394797921181,0.10231415927410126,0.16797798871994019,0.27118226885795593,0.45697730779647827,0.5,0.6747806072235107,1.0
1,1160,25000,0.28516438603401184,0.2941831350326538,0.0001138121951953508,1.0,0.0001138121951953508,0.013843839056789875,0.03112596832215786,0.058978281915187836,0.10239356756210327,0.16816726326942444,0.27166593074798584,0.46001532673835754,0.5,0.6702050566673279,1.0
1,1170,25000,0.2850296199321747,0.29415589570999146,9.559342288412154e-05,1.0,9.559342288412154e-05,0.014050296507775784,0.03117740899324417,0.05907105654478073,0.10262702405452728,0.16721874475479126,0.2703842222690582,0.4597657322883606,0.5,0.6725107431411743,1.0
1,1180,25000,0.2851000428199768,0.2941327393054962,9.23838815651834e-05,1.0,9.23838815651834e-05,0.013933221809566021,0.03129729628562927,0.059006642550230026,0.1026422530412674,0.16805875301361084,0.27089089155197144,0.4596247673034668,0.5,0.6681424379348755,1.0
1,1190,25000,0.2850404679775238,0.2941863536834717,0.00013005635992158204,1.0,0.00013005635992158204,0.013767729513347149,0.031152311712503433,0.05916643887758255,0.10276654362678528,0.16749981045722961,0.2695314586162567,0.45891276001930237,0.5,0.6736088395118713,1.0
1,1200,25000,0.28509849309921265,0.29412922263145447,0.00012401663116179407,1.0,0.00012401663116179407,0.01382401678711176,0.03111940622329712,0.059165649116039276,0.10261169075965881,0.16865384578704834,0.27015942335128784,0.4590003192424774,0.5,0.6699999570846558,1.0
1,1210,25000,0.28506526350975037,0.29410219192504883,0.00011797224578913301,1.0,0.00011797224578913301,0.01384646724909544,0.03118312358856201,0.058990925550460815,0.10265982151031494,0.16743004322052002,0.27154433727264404,0.4566217362880707,0.5,0.6730734705924988,1.0
1,1220,25000,0.2849748134613037,0.29405438899993896,0.00013881594350095838,1.0,0.00013881594350095838,0.013943927362561226,0.030955450609326363,0.05893819406628609,0.10251305252313614,0.16825389862060547,0.27010834217071533,0.4584810435771942,0.5,0.6700757741928101,1.0
1,1230,25000,0.2850455343723297,0.2941780984401703,0.00011306689702905715,1.0,0.00011306689702905715,0.013983050361275673,0.031239103525877,0.05863186717033386,0.10253036022186279,0.16781026124954224,0.2690165936946869,0.4598102271556854,0.5,0.6731166839599609,1.0
1,1240,25000,0.2849997282028198,0.29412025213241577,0.00010043362999567762,1.0,0.00010043362999567762,0.013793954625725746,0.031507816165685654,0.05913743004202843,0.10302263498306274,0.16839802265167236,0.2699308693408966,0.45777958631515503,0.5,0.672953188419342,1.0
1,1250,25000,0.2851061224937439,0.2941245138645172,0.0001699254207778722,1.0,0.0001699254207778722,0.013838035054504871,0.031201722100377083,0.05881854519248009,0.1024116575717926,0.1680247187614441,0.27105024456977844,0.45875999331474304,0.5,0.6715553998947144,1.0
1,1260,25000,0.28513526916503906,0.2942269444465637,0.00013959423813503236,1.0,0.00013959423813503236,0.013788783922791481,0.031105874106287956,0.0592329204082489,0.10309271514415741,0.16767263412475586,0.2708703875541687,0.46042463183403015,0.5,0.6715402603149414,1.0
1,1270,25000,0.28483694791793823,0.2940700650215149,0.00012595743464771658,1.0,0.00012595743464771658,0.013826743699610233,0.03126074746251106,0.0592474602162838,0.10243245959281921,0.1685175895690918,0.2704278528690338,0.4571014940738678,0.5,0.6691714525222778,1.0
1,1280,25000,0.2851586937904358,0.2941102683544159,0.00010359091538703069,1.0,0.00010359091538703069,0.013945518061518669,0.031275082379579544,0.05920521542429924,0.10249017924070358,0.16834023594856262,0.2721782922744751,0.4586750566959381,0.5,0.6698340773582458,1.0
1,1290,25000,0.28516826033592224,0.2941651940345764,0.0001222038990817964,1.0,0.0001222038990817964,0.013799638487398624,0.03138795122504234,0.059567149728536606,0.10255949199199677,0.1681705266237259,0.2711758315563202,0.4586470425128937,0.5,0.6702885627746582,1.0
1,1300,25000,0.284927636384964,0.2940702736377716,8.892484765965492e-05,1.0,8.892484765965492e-05,0.013951209373772144,0.03114411234855652,0.05920856073498726,0.10209774225950241,0.16854508221149445,0.2711191177368164,0.4575255215167999,0.5,0.6701875329017639,1.0
1,1310,25000,0.2850455045700073,0.29408520460128784,0.00011577821715036407,1.0,0.00011577821715036407,0.013980118557810783,0.031008996069431305,0.059204503893852234,0.1026560366153717,0.16816706955432892,0.27028635144233704,0.4600730240345001,0.5,0.6703476309776306,1.0
1,1320,25000,0.28495433926582336,0.29408231377601624,0.00011978467955486849,1.0,0.00011978467955486849,0.013822151347994804,0.031138775870203972,0.05925341323018074,0.10210569947957993,0.16817930340766907,0.26921534538269043,0.46082061529159546,0.5,0.6707572937011719,1.0
1,1330,25000,0.28516387939453125,0.29420205950737,0.00012020952999591827,1.0,0.00012020952999591827,0.013857358135282993,0.03145208582282066,0.058901507407426834,0.10254352539777756,0.16838966310024261,0.2701781094074249,0.45958229899406433,0.5,0.6745391488075256,1.0
1,1340,25000,0.28499966859817505,0.2942250967025757,0.00011957281094510108,1.0,0.00011957281094510108,0.013710725121200085,0.031504321843385696,0.05883096158504486,0.1023784801363945,0.16812947392463684,0.27061107754707336,0.4595740735530853,0.5,0.6737512946128845,1.0
1,1350,25000,0.2851484417915344,0.29415056109428406,0.00013144014519639313,1.0,0.00013144014519639313,0.013993351720273495,0.03095361217856407,0.05913612246513367,0.10234104841947556,0.16814535856246948,0.2704746127128601,0.4612514078617096,0.5,0.6706264615058899,1.0
1,1360,25000,0.28501927852630615,0.2940954267978668,0.00011735106818377972,1.0,0.00011735106818377972,0.014042099937796593,0.031336460262537,0.05937693268060684,0.10253553092479706,0.1677742749452591,0.2711338996887207,0.458274245262146,0.5,0.6707491278648376,1.0
1,1370,25000,0.28506168723106384,0.2941366136074066,0.00012102603795938194,1.0,0.00012102603795938194,0.013801692984998226,0.03125230595469475,0.05917026475071907,0.10259360074996948,0.1682153195142746,0.27065402269363403,0.4557690918445587,0.5,0.6737001538276672,1.0
1,1380,25000,0.28514474630355835,0.29406172037124634,0.00016850512474775314,1.0,0.00016850512474775314,0.013958749361336231,0.031518351286649704,0.0594283789396286,0.10313695669174194,0.16858357191085815,0.2710484266281128,0.45896628499031067,0.5,0.6700934171676636,1.0
1,1390,25000,0.28506067395210266,0.29404014348983765,9.668591519584879e-05,1.0,9.668591519584879e-05,0.013877674005925655,0.03150927647948265,0.058965541422367096,0.1024317815899849,0.16860884428024292,0.27119892835617065,0.45741572976112366,0.5,0.6706145405769348,1.0
1,1400,25000,0.2850008010864258,0.2940022647380829,0.00010526077676331624,1.0,0.00010526077676331624,0.013886740431189537,0.03141123801469803,0.059091243892908096,0.10314452648162842,0.1682834029197693,0.27062028646469116,0.4571971595287323,0.5,0.6694884896278381,1.0
1,1410,25000,0.2850014567375183,0.29419246315956116,8.939274266595021e-05,1.0,8.939274266595021e-05,0.013841656036674976,0.03128531575202942,0.05906416103243828,0.10201150923967361,0.1678800880908966,0.2695332467556,0.45993316173553467,0.5,0.6676221489906311,1.0
1,1420,25000,0.2850785553455353,0.2940864562988281,9.822702122619376e-05,1.0,9.822702122619376e-05,0.013834858313202858,0.031087929382920265,0.058956362307071686,0.10236283391714096,0.16815628111362457,0.27016645669937134,0.4562097489833832,0.5,0.6684495806694031,1.0
1,1430,25000,0.2851181924343109,0.29413893818855286,9.739832603372633e-05,1.0,9.739832603372633e-05,0.01383743155747652,0.031356312334537506,0.059004828333854675,0.10277145355939865,0.16785866022109985,0.2711237967014313,0.4606083631515503,0.5,0.6715250611305237,1.0
1,1440,25000,0.2852054834365845,0.29420727491378784,9.121551556745544e-05,1.0,9.121551556745544e-05,0.013903331942856312,0.031157629564404488,0.059088509529829025,0.10269974172115326,0.16923514008522034,0.271628201007843,0.45709070563316345,0.5,0.6751247048377991,1.0
1,1450,25000,0.2852553427219391,0.2942889332771301,0.0001332764804828912,1.0,0.0001332764804828912,0.013942224904894829,0.03150130808353424,0.05933883786201477,0.1022302508354187,0.16804879903793335,0.2709521949291229,0.4599538743495941,0.5,0.6719407439231873,1.0
1,1460,25000,0.2851766049861908,0.2941547632217407,0.00014199133147485554,1.0,0.00014199133147485554,0.01387106254696846,0.031148333102464676,0.05914319306612015,0.10273076593875885,0.16904883086681366,0.2704063355922699,0.4601500332355499,0.5,0.6738186478614807,1.0
1,1470,25000,0.2850281298160553,0.2941204905509949,0.0001361112663289532,1.0,0.0001361112663289532,0.013869937509298325,0.03148820996284485,0.058783840388059616,0.10266328603029251,0.1688031703233719,0.2705792188644409,0.4591994881629944,0.5,0.6699999570846558,1.0
1,1480,25000,0.285104900598526,0.2940521240234375,0.00010447169188410044,1.0,0.00010447169188410044,0.01384848915040493,0.03131648525595665,0.059112340211868286,0.10208719223737717,0.1690649688243866,0.2711038291454315,0.45846840739250183,0.5,0.6700010299682617,1.0
1,1490,25000,0.2849656641483307,0.29415613412857056,0.00011963974247919396,1.0,0.00011963974247919396,0.013902761973440647,0.0315370112657547,0.059396207332611084,0.1022929772734642,0.167878657579422,0.2704947292804718,0.4594094753265381,0.5,0.6691304445266724,1.0
1,1500,25000,0.28498679399490356,0.29419970512390137,9.223902452504262e-05,1.0,9.223902452504262e-05,0.013909393921494484,0.03116055391728878,0.05884284898638725,0.10197492688894272,0.16781477630138397,0.2703441381454468,0.4580741226673126,0.5,0.6695512533187866,1.0
1,1510,25000,0.2849951982498169,0.29420384764671326,0.00017043894331436604,1.0,0.00017043894331436604,0.013708668760955334,0.031175760552287102,0.058986932039260864,0.1026792973279953,0.168394535779953,0.2697138786315918,0.45949527621269226,0.5,0.6743103861808777,1.0
1,1520,25000,0.28504037857055664,0.2942499816417694,9.83833524514921e-05,1.0,9.83833524514921e-05,0.013893536292016506,0.031154347583651543,0.058990154415369034,0.10191869735717773,0.16796228289604187,0.2710507810115814,0.45719197392463684,0.5,0.671746015548706,1.0
1,1530,25000,0.28493380546569824,0.2940387725830078,9.5943825726863e-05,1.0,9.5943825726863e-05,0.013969243504106998,0.031436216086149216,0.059306640177965164,0.10249017924070358,0.16859954595565796,0.2710633873939514,0.45756155252456665,0.5,0.672246515750885,1.0
1,1540,25000,0.2849545180797577,0.2941710352897644,0.00012515655544120818,1.0,0.00012515655544120818,0.013914622366428375,0.031082138419151306,0.05908989906311035,0.10251607745885849,0.16768008470535278,0.26952245831489563,0.4585025906562805,0.5,0.6729101538658142,1.0
1,1550,25000,0.285126656293869,0.294139564037323,0.00011312655260553584,1.0,0.00011312655260553584,0.013974190689623356,0.0313972570002079,0.058661118149757385,0.10266095399856567,0.16854125261306763,0.2706334590911865,0.45981624722480774,0.5,0.6694821119308472,1.0
1,1560,25000,0.2850509285926819,0.2940371036529541,0.00010941754590021446,1.0,0.00010941754590021446,0.013895568437874317,0.03130511939525604,0.05918211117386818,0.10249382257461548,0.1684148609638214,0.2698705494403839,0.45725107192993164,0.5,0.6699999570846558,1.0
1,1570,25000,0.28517353534698486,0.2941947281360626,0.00010006045340560377,1.0,0.00010006045340560377,0.013830718584358692,0.031376466155052185,0.059153106063604355,0.10255227982997894,0.1677694022655487,0.2699720859527588,0.45899033546447754,0.5,0.6729833483695984,1.0
1,1580,25000,0.2850174605846405,0.29416778683662415,0.0001302853343077004,1.0,0.0001302853343077004,0.01382816769182682,0.030979184433817863,0.059457018971443176,0.10294675081968307,0.16835826635360718,0.2719246447086334,0.45791932940483093,0.5,0.6678082346916199,1.0
1,1590,25000,0.28505003452301025,0.2940466105937958,0.00012753563350997865,1.0,0.00012753563350997865,0.013974265195429325,0.031126558780670166,0.058959007263183594,0.10198704153299332,0.16873258352279663,0.2704212963581085,0.45936357975006104,0.5,0.6700039505958557,1.0
1,1600,25000,0.2849891781806946,0.29418429732322693,9.627048711990938e-05,1.0,9.627048711990938e-05,0.013901090249419212,0.031098369508981705,0.05913102626800537,0.1025732085108757,0.16768983006477356,0.27036619186401367,0.4583924412727356,0.5,0.6709083318710327,1.0
1,1610,25000,0.28485774993896484,0.29416370391845703,0.00012397162208799273,1.0,0.00012397162208799273,0.014034432359039783,0.031028900295495987,0.05918025225400925,0.10269349068403244,0.16752302646636963,0.2693888545036316,0.4579680263996124,0.5,0.6699999570846558,1.0
1,1620,25000,0.28487008810043335,0.29406270384788513,0.00015682414232287556,1.0,0.00015682414232287556,0.013901665806770325,0.03088970109820366,0.05889188125729561,0.10256578773260117,0.16828018426895142,0.26987630128860474,0.4569581151008606,0.5,0.6695803999900818,1.0
1,1630,25000,0.28504136204719543,0.2941761910915375,0.00010520267824176699,1.0,0.00010520267824176699,0.013858556747436523,0.031204691156744957,0.059205591678619385,0.10264020413160324,0.16844730079174042,0.27004218101501465,0.4605615437030792,0.5,0.6692878007888794,1.0
1,1640,25000,0.28520578145980835,0.294215589761734,7.687272591283545e-05,1.0,7.687272591283545e-05,0.014039010740816593,0.03120601549744606,0.058795228600502014,0.10252207517623901,0.1687612533569336,0.27037832140922546,0.45979803800582886,0.5,0.6730321645736694,1.0
1,1650,25000,0.28509438037872314,0.2940688729286194,0.0001351028768112883,1.0,0.0001351028768112883,0.013805477879941463,0.031483348459005356,0.059180520474910736,0.10235819965600967,0.16875064373016357,0.27100905776023865,0.4598163962364197,0.5,0.6711790561676025,1.0
1,1660,25000,0.28496408462524414,0.2940613329410553,0.00012045501352986321,1.0,0.00012045501352986321,0.013940338976681232,0.03145565837621689,0.05909999832510948,0.10238423198461533,0.16795939207077026,0.2708049714565277,0.4594520926475525,0.5,0.6699999570846558,1.0
1,1670,25000,0.28498372435569763,0.29412341117858887,0.00011523823923198506,1.0,0.00011523823923198506,0.013932212255895138,0.031086474657058716,0.058801475912332535,0.10246654599905014,0.16845998167991638,0.2701122760772705,0.4578825533390045,0.5,0.668642520904541,1.0
1,1680,25000,0.28515318036079407,0.29413944482803345,0.00010778762953123078,1.0,0.00010778762953123078,0.013832869939506054,0.03143056109547615,0.058673661202192307,0.1025962382555008,0.1688261777162552,0.2716132700443268,0.4572756588459015,0.5,0.6733368039131165,1.0
1,1690,25000,0.28511932492256165,0.2942287027835846,9.855741518549621e-05,1.0,9.855741518549621e-05,0.014083550311625004,0.03125360608100891,0.059362802654504776,0.10227550566196442,0.16819420456886292,0.2702465355396271,0.4580071270465851,0.5,0.6694734692573547,1.0
1,1700,25000,0.285155713558197,0.29412195086479187,0.0001607562880963087,1.0,0.0001607562880963087,0.01377719547599554,0.031519580632448196,0.059267353266477585,0.10242442041635513,0.16848823428153992,0.270534485578537,0.46074560284614563,0.5,0.6699999570846558,1.0
1,1710,25000,0.28498968482017517,0.29416096210479736,0.00010109118738910183,1.0,0.00010109118738910183,0.013908077962696552,0.031145837157964706,0.05909544974565506,0.10231141746044159,0.16799697279930115,0.27096250653266907,0.4553367495536804,0.5,0.6728020906448364,1.0
1,1720,25000,0.2849572002887726,0.29417017102241516,0.00010844428470591083,1.0,0.00010844428470591083,0.013827841728925705,0.0314205139875412,0.05896652489900589,0.10200222581624985,0.1677696406841278,0.26926854252815247,0.45884212851524353,0.5,0.6714236736297607,1.0
1,1730,25000,0.28506723046302795,0.29414623975753784,9.34586496441625e-05,1.0,9.34586496441625e-05,0.013904583640396595,0.031303420662879944,0.059440623968839645,0.10310006141662598,0.16833409667015076,0.27070069313049316,0.458626389503479,0.5,0.6693180203437805,1.0
1,1740,25000,0.28497761487960815,0.2941770851612091,0.00013752841914538294,1.0,0.00013752841914538294,0.013852901756763458,0.031079323962330818,0.059071123600006104,0.10239797085523605,0.16751474142074585,0.2703239321708679,0.4571252465248108,0.5,0.6692565083503723,1.0
1,1750,25000,0.2851206958293915,0.29416677355766296,0.00012064546899637207,1.0,0.00012064546899637207,0.013968936167657375,0.031279049813747406,0.05932500213384628,0.10205298662185669,0.1684114933013916,0.2710288465023041,0.45913001894950867,0.5,0.6701738834381104,1.0
1,1760,25000,0.28493306040763855,0.29411405324935913,0.00013909413246437907,1.0,0.00013909413246437907,0.013848090544342995,0.03115755505859852,0.05927224084734917,0.1022990345954895,0.1682370901107788,0.27016162872314453,0.45696166157722473,0.5,0.6724778413772583,1.0
1,1770,25000,0.28512948751449585,0.2942105233669281,0.00014656504208687693,1.0,0.00014656504208687693,0.013911696150898933,0.031097648665308952,0.059060581028461456,0.10210081934928894,0.1678420901298523,0.27101778984069824,0.4583991765975952,0.5,0.6751156449317932,1.0
1,1780,25000,0.2848922312259674,0.29426100850105286,0.0001199995240313001,1.0,0.0001199995240313001,0.013940856792032719,0.031082158908247948,0.058666981756687164,0.10224443674087524,0.1678767204284668,0.2686418294906616,0.4573728144168854,0.5,0.6752424240112305,1.0
1,1790,25000,0.28506943583488464,0.2941757142543793,0.00021096538694109768,1.0,0.00021096538694109768,0.013888074085116386,0.03136000782251358,0.05941176787018776,0.1024726927280426,0.16800910234451294,0.2708008587360382,0.4567028284072876,0.5,0.6733981370925903,1.0
1,1800,25000,0.28499484062194824,0.29415589570999146,0.00010234645014861599,1.0,0.00010234645014861599,0.013914643786847591,0.031154610216617584,0.059321437031030655,0.1026461198925972,0.16765005886554718,0.27165892720222473,0.4566993713378906,0.5,0.6688951253890991,1.0
1,1810,25000,0.28497689962387085,0.2940509021282196,9.9876408057753e-05,1.0,9.9876408057753e-05,0.013867074623703957,0.031078360974788666,0.059083450585603714,0.10221201181411743,0.1683253049850464,0.2709140181541443,0.45906636118888855,0.5,0.6699999570846558,1.0
1,1820,25000,0.2851674556732178,0.294154554605484,0.0001510898000560701,1.0,0.0001510898000560701,0.013825061731040478,0.03154097869992256,0.059062160551548004,0.10256025195121765,0.168361634016037,0.27042683959007263,0.45841124653816223,0.5,0.6711930632591248,1.0
1,1830,25000,0.28508105874061584,0.29426175355911255,9.278660581912845e-05,1.0,9.278660581912845e-05,0.013753882609307766,0.03125278279185295,0.058682844042778015,0.10267201066017151,0.16829445958137512,0.2702009379863739,0.45826056599617004,0.5,0.6698068380355835,1.0
1,1840,25000,0.2851351499557495,0.294173002243042,0.00013093060988467187,1.0,0.00013093060988467187,0.013847081921994686,0.03113148733973503,0.05924762412905693,0.10224799066781998,0.168687105178833,0.2701331675052643,0.4573388695716858,0.5,0.6714027523994446,1.0
1,1850,25000,0.28500330448150635,0.29419180750846863,9.566671360516921e-05,1.0,9.566671360516921e-05,0.013834438286721706,0.03134973347187042,0.05902279540896416,0.10220569372177124,0.16784530878067017,0.26981624960899353,0.45896103978157043,0.5,0.6693025827407837,1.0
1,1860,25000,0.28499510884284973,0.29424986243247986,0.00010153961920877919,1.0,0.00010153961920877919,0.013898421078920364,0.031238669529557228,0.05917052552103996,0.10278567671775818,0.16773295402526855,0.270222932100296,0.45790988206863403,0.5,0.671528160572052,1.0
1,1870,25000,0.28503912687301636,0.2940954566001892,0.0001153267512563616,1.0,0.0001153267512563616,0.013806027360260487,0.031444184482097626,0.05877067893743515,0.10213904827833176,0.16825896501541138,0.27029573917388916,0.45873868465423584,0.5,0.671403706073761,1.0
1,1880,25000,0.28497079014778137,0.29416167736053467,0.0001686672039795667,1.0,0.0001686672039795667,0.013930627144873142,0.03105132281780243,0.05872649326920509,0.10253767669200897,0.1678672432899475,0.2703831195831299,0.4573543965816498,0.5,0.6719521284103394,1.0
1,1890,25000,0.28519853949546814,0.29430466890335083,0.00012745310959871858,1.0,0.00012745310959871858,0.013783098198473454,0.03139354661107063,0.058890655636787415,0.10250841081142426,0.16790488362312317,0.27025267481803894,0.4606846570968628,0.5,0.6714363694190979,1.0
1,1900,25000,0.28516072034835815,0.29424187541007996,0.00011776571773225442,1.0,0.00011776571773225442,0.013868235982954502,0.03128550574183464,0.0591447539627552,0.10252026468515396,0.16784384846687317,0.26991525292396545,0.4607200622558594,0.5,0.6699999570846558,1.0
1,1910,25000,0.28519436717033386,0.2942928373813629,9.168939141090959e-05,1.0,9.168939141090959e-05,0.013852844014763832,0.03140640631318092,0.059019360691308975,0.10210604220628738,0.16853535175323486,0.27076229453086853,0.45997971296310425,0.5,0.6699999570846558,1.0
1,1920,25000,0.2851269245147705,0.2942952811717987,0.000147593003930524,1.0,0.000147593003930524,0.013774513266980648,0.031091397628188133,0.0589805543422699,0.10212304443120956,0.16845348477363586,0.270209938287735,0.4594678282737732,0.5,0.672001838684082,1.0
1,1930,25000,0.28503313660621643,0.29411038756370544,0.00010622242552926764,1.0,0.00010622242552926764,0.013781457208096981,0.031098801642656326,0.059332650154829025,0.10267709940671921,0.16787858307361603,0.27034300565719604,0.45689284801483154,0.5,0.6719399690628052,1.0
1,1940,25000,0.2850460112094879,0.2942163646221161,0.00020970603509340435,1.0,0.00020970603509340435,0.013901857659220695,0.031115766614675522,0.058926403522491455,0.10258820652961731,0.16818612813949585,0.27038395404815674,0.4592573344707489,0.5,0.6699999570846558,1.0
1,1950,25000,0.28519782423973083,0.2942773699760437,0.00012070486263837665,1.0,0.00012070486263837665,0.013870160095393658,0.03147243335843086,0.05919115990400314,0.10244984179735184,0.16819524765014648,0.27130451798439026,0.4605158567428589,0.5,0.6714378595352173,1.0
1,1960,25000,0.2851322591304779,0.29424336552619934,0.00012208714906591922,1.0,0.00012208714906591922,0.013863391242921352,0.03147919476032257,0.059232186526060104,0.1026255339384079,0.16850540041923523,0.27028408646583557,0.45819947123527527,0.5,0.6723451614379883,1.0
1,1970,25000,0.2850593626499176,0.2942005693912506,0.00011320954945404083,1.0,0.00011320954945404083,0.01376376859843731,0.031215179711580276,0.05940774083137512,0.10283191502094269,0.16734501719474792,0.27033519744873047,0.4585665762424469,0.5,0.6700471043586731,1.0
1,1980,25000,0.28510192036628723,0.2941858470439911,0.0001026323443511501,1.0,0.0001026323443511501,0.013916288502514362,0.031339313834905624,0.05899938941001892,0.10315530747175217,0.16859328746795654,0.2707745432853699,0.45819395780563354,0.5,0.6714522838592529,1.0
1,1990,25000,0.2851041853427887,0.29410919547080994,0.00011905931023648009,1.0,0.00011905931023648009,0.013827212154865265,0.03124140575528145,0.059171464294195175,0.10234545171260834,0.16899007558822632,0.26935726404190063,0.45831260085105896,0.5,0.6713666319847107,1.0
1,2000,25000,0.2850285768508911,0.29427430033683777,0.0001360722817480564,1.0,0.0001360722817480564,0.013874784111976624,0.03135416656732559,0.05901261046528816,0.10257656872272491,0.16849887371063232,0.270588219165802,0.45863139629364014,0.5,0.6717379689216614,1.0
1,2010,25000,0.28498712182044983,0.29415199160575867,0.00013406907964963466,1.0,0.00013406907964963466,0.013842339627444744,0.03125832974910736,0.058874569833278656,0.10253049433231354,0.16806572675704956,0.2704569101333618,0.4568226933479309,0.5,0.6703485250473022,1.0
1,2020,25000,0.2851548492908478,0.29422008991241455,0.00013897709141019732,1.0,0.00013897709141019732,0.013856641948223114,0.03127655014395714,0.05896465852856636,0.10267594456672668,0.16920237243175507,0.26992350816726685,0.4572369456291199,0.5,0.6696302890777588,1.0
1,2030,25000,0.28503522276878357,0.294199138879776,0.00011504119174787775,1.0,0.00011504119174787775,0.013832873664796352,0.031236901879310608,0.059403106570243835,0.10204561054706573,0.16814842820167542,0.2701440453529358,0.4568827748298645,0.5,0.6681538224220276,1.0
1,2040,25000,0.2851138412952423,0.29407966136932373,0.00013295061944518238,1.0,0.00013295061944518238,0.013845715671777725,0.0314035601913929,0.0589912123978138,0.10342218726873398,0.16849857568740845,0.27098768949508667,0.45849609375,0.5,0.6700007319450378,1.0
1,2050,25000,0.2852594554424286,0.29418668150901794,0.0001263987214770168,1.0,0.0001263987214770168,0.013804404996335506,0.0313805416226387,0.05915508419275284,0.10253441333770752,0.16871154308319092,0.27041250467300415,0.45907115936279297,0.5,0.6726077198982239,1.0
1,2060,25000,0.28516826033592224,0.29423007369041443,9.618836338631809e-05,1.0,9.618836338631809e-05,0.013834929093718529,0.03134193643927574,0.059212133288383484,0.10267607122659683,0.16749221086502075,0.27111873030662537,0.4574342966079712,0.5,0.6732959747314453,1.0
1,2070,25000,0.28502312302589417,0.2940993010997772,0.0001331030944129452,1.0,0.0001331030944129452,0.013905509375035763,0.03121725097298622,0.05898739770054817,0.10237116366624832,0.16875028610229492,0.2703399956226349,0.4581001102924347,0.5,0.6700187921524048,1.0
1,2080,25000,0.28519776463508606,0.2941872775554657,0.0001193468997371383,1.0,0.0001193468997371383,0.01394042931497097,0.031262148171663284,0.05905663222074509,0.10232388228178024,0.16923031210899353,0.27198776602745056,0.46079957485198975,0.5,0.6728505492210388,1.0
1,2090,25000,0.28513863682746887,0.294264554977417,0.00014605502656195313,1.0,0.00014605502656195313,0.013908433727920055,0.03151515871286392,0.059412192553281784,0.10228470712900162,0.16797205805778503,0.2698589265346527,0.45992952585220337,0.5,0.6709299087524414,1.0
1,2100,25000,0.2850923538208008,0.294304221868515,0.00013412338739726692,1.0,0.00013412338739726692,0.013871532864868641,0.031073598191142082,0.05923989787697792,0.10224786400794983,0.16860619187355042,0.26935794949531555,0.45800188183784485,0.5,0.6755907535552979,1.0
1,2110,25000,0.2851065993309021,0.2943410873413086,0.00012219299969729036,1.0,0.00012219299969729036,0.01389600895345211,0.031327828764915466,0.05860640108585358,0.10208055377006531,0.16720625758171082,0.27150070667266846,0.45922499895095825,0.5,0.670495867729187,1.0
1,2120,25000,0.28515490889549255,0.29422643780708313,0.0001237060787389055,1.0,0.0001237060787389055,0.013868606649339199,0.03118889220058918,0.05884328857064247,0.1027756854891777,0.1675325334072113,0.2706816494464874,0.4599549174308777,0.5,0.6739896535873413,1.0
1,2130,25000,0.28499966859817505,0.2942485213279724,7.289199129445478e-05,1.0,7.289199129445478e-05,0.013814540579915047,0.03119404800236225,0.058765482157468796,0.10271656513214111,0.168557807803154,0.2700527012348175,0.45882663130760193,0.5,0.6724861860275269,1.0
1,2140,25000,0.285107284784317,0.2941235601902008,0.00012363791756797582,1.0,0.00012363791756797582,0.013832200318574905,0.031074857339262962,0.05883987247943878,0.10255573689937592,0.16807371377944946,0.27125120162963867,0.45887133479118347,0.5,0.669015109539032,1.0
1,2150,25000,0.2851027548313141,0.29423752427101135,0.00011554633238120005,1.0,0.00011554633238120005,0.01388617791235447,0.031134482473134995,0.058999910950660706,0.10244705528020859,0.16866494715213776,0.2713228166103363,0.4583912789821625,0.5,0.6701532602310181,1.0
1,2160,25000,0.28515827655792236,0.2941839396953583,0.00013900260091759264,1.0,0.00013900260091759264,0.013996908441185951,0.03131360933184624,0.05932614952325821,0.10264718532562256,0.16838683187961578,0.2707864046096802,0.45868104696273804,0.5,0.6702596545219421,1.0
1,2170,25000,0.28512609004974365,0.29426148533821106,0.000137653827550821,1.0,0.000137653827550821,0.013929522596299648,0.031353674829006195,0.059109147638082504,0.10211966931819916,0.16875959932804108,0.2707878649234772,0.459073930978775,0.5,0.673640787601471,1.0
1,2180,25000,0.2852380573749542,0.29424813389778137,0.00011615386029006913,1.0,0.00011615386029006913,0.013765203766524792,0.03103734739124775,0.059436921030282974,0.10242680460214615,0.16834649443626404,0.27058374881744385,0.45890000462532043,0.5,0.6721957921981812,1.0
1,2190,25000,0.28501564264297485,0.29415351152420044,0.00011036435898859054,1.0,0.00011036435898859054,0.01383910421282053,0.03120882622897625,0.05941614508628845,0.10228686779737473,0.16809837520122528,0.26962265372276306,0.4592284560203552,0.5,0.6721595525741577,1.0
1,2200,25000,0.2852177023887634,0.2942017614841461,0.00011047715088352561,1.0,0.00011047715088352561,0.014043073169887066,0.0312116127461195,0.0589570589363575,0.10262354463338852,0.16825319826602936,0.27172452211380005,0.45878908038139343,0.5,0.6698482632637024,1.0
1,2210,25000,0.2851458191871643,0.29413753747940063,0.00011489319149404764,1.0,0.00011489319149404764,0.013823579996824265,0.031356051564216614,0.058966390788555145,0.10298411548137665,0.16794800758361816,0.271550714969635,0.4583243727684021,0.5,0.6697719693183899,1.0
1,2220,25000,0.2851961553096771,0.2942538559436798,9.956332360161468e-05,1.0,9.956332360161468e-05,0.013838127255439758,0.031096702441573143,0.05943397432565689,0.10261762142181396,0.1681760847568512,0.271270215511322,0.45989203453063965,0.5,0.6721726655960083,1.0
1,2230,25000,0.2849370241165161,0.2942139506340027,0.00013033334107603878,1.0,0.00013033334107603878,0.01377757266163826,0.031034842133522034,0.0589093379676342,0.10205304622650146,0.16780942678451538,0.2696094512939453,0.460654616355896,0.5,0.6699999570846558,1.0
1,2240,25000,0.28498756885528564,0.2942388653755188,0.00012837900430895388,1.0,0.00012837900430895388,0.013864516280591488,0.0311529953032732,0.059019483625888824,0.1022932305932045,0.1677233725786209,0.2700580060482025,0.45640504360198975,0.5,0.6710748672485352,1.0
1,2250,25000,0.28524619340896606,0.29428020119667053,0.00011573152005439624,1.0,0.00011573152005439624,0.013868103735148907,0.031047813594341278,0.05880162864923477,0.1029728576540947,0.1682462990283966,0.27148500084877014,0.4569508135318756,0.5,0.670231819152832,1.0
1,2260,25000,0.2849886417388916,0.29414886236190796,0.00014856093912385404,1.0,0.00014856093912385404,0.013915589079260826,0.03148054704070091,0.05902672931551933,0.10201694071292877,0.1682637333869934,0.2705747187137604,0.4584951400756836,0.5,0.6668427586555481,1.0
1,2270,25000,0.28502652049064636,0.2941284477710724,0.00012464082101359963,1.0,0.00012464082101359963,0.013937436044216156,0.031439755111932755,0.05856546387076378,0.10274714976549149,0.16832196712493896,0.270395427942276,0.45734551548957825,0.5,0.6701900959014893,1.0
1,2280,25000,0.2850152552127838,0.29418134689331055,0.00019166385754942894,1.0,0.00019166385754942894,0.013794325292110443,0.031146666035056114,0.059278521686792374,0.10203876346349716,0.1676459163427353,0.2710849642753601,0.460811048746109,0.5,0.6701003313064575,1.0
1,2290,25000,0.28506678342819214,0.2942100465297699,9.12094401428476e-05,1.0,9.12094401428476e-05,0.01383412629365921,0.03104531764984131,0.05909885838627815,0.10245303064584732,0.16808822751045227,0.27128392457962036,0.4585905969142914,0.5,0.6711883544921875,1.0
1,2300,25000,0.2850484251976013,0.2942751944065094,0.00011468373850220814,1.0,0.00011468373850220814,0.013879685662686825,0.03129538148641586,0.059137437492609024,0.10273809731006622,0.16809213161468506,0.26932811737060547,0.4588596522808075,0.5,0.6707896590232849,1.0
1,2310,25000,0.2852472960948944,0.2942814230918884,0.00011925242870347574,1.0,0.00011925242870347574,0.013665705919265747,0.03122439607977867,0.058720409870147705,0.10249784588813782,0.1684684455394745,0.27051296830177307,0.4570637345314026,0.5,0.6706171035766602,1.0
1,2320,25000,0.28510063886642456,0.29428380727767944,0.00014620894216932356,1.0,0.00014620894216932356,0.013872344978153706,0.03142693638801575,0.058933645486831665,0.10266878455877304,0.16666321456432343,0.27077826857566833,0.4593435525894165,0.5,0.6719197034835815,1.0
1,2330,25000,0.28509658575057983,0.294123113155365,0.00014403524983208627,1.0,0.00014403524983208627,0.013963237404823303,0.03124626725912094,0.05872316285967827,0.10288088768720627,0.16874931752681732,0.270393967628479,0.45883381366729736,0.5,0.671071469783783,1.0
1,2340,25000,0.2852865159511566,0.2942059338092804,0.00012684259854722768,1.0,0.00012684259854722768,0.013964733108878136,0.031043898314237595,0.05900841951370239,0.10260552167892456,0.16881579160690308,0.2709634602069855,0.45966583490371704,0.5,0.6741222739219666,1.0
1,2350,25000,0.2849692404270172,0.2942861318588257,9.474638500250876e-05,1.0,9.474638500250876e-05,0.013802938163280487,0.031091274693608284,0.058632608503103256,0.10241401195526123,0.1687805950641632,0.26967161893844604,0.458386093378067,0.5,0.6728720664978027,1.0
1,2360,25000,0.2849768102169037,0.2941822111606598,0.0001083985625882633,1.0,0.0001083985625882633,0.013761566951870918,0.03145492821931839,0.0589461475610733,0.10242388397455215,0.1683846414089203,0.27032211422920227,0.458130806684494,0.5,0.6724748611450195,1.0
1,2370,25000,0.2851594090461731,0.29423972964286804,0.00010836031287908554,1.0,0.00010836031287908554,0.013846577145159245,0.031141050159931183,0.05880366265773773,0.10290435701608658,0.1686384379863739,0.2707264721393585,0.45869067311286926,0.5,0.673633873462677,1.0
1,2380,25000,0.2850114703178406,0.2941354215145111,0.00014185662439558655,1.0,0.00014185662439558655,0.01391140278428793,0.03126907721161842,0.058982208371162415,0.10239683836698532,0.16861869394779205,0.2704879641532898,0.4577524960041046,0.5,0.6684573292732239,1.0
1,2390,25000,0.28509604930877686,0.29415827989578247,0.00014044636918697506,1.0,0.00014044636918697506,0.013896043412387371,0.03127080574631691,0.059269603341817856,0.1025770977139473,0.1682789921760559,0.2711063027381897,0.4584801197052002,0.5,0.6706659197807312,1.0
1,2400,25000,0.28506478667259216,0.2941988706588745,0.00013489741832017899,1.0,0.00013489741832017899,0.01386360451579094,0.031232545152306557,0.05908606946468353,0.10226593911647797,0.16856932640075684,0.2704499363899231,0.45702725648880005,0.5,0.6710088849067688,1.0
1,2410,25000,0.28492021560668945,0.29413431882858276,0.00013742402370553464,1.0,0.00013742402370553464,0.01386678870767355,0.031131060793995857,0.05936848372220993,0.10235605388879776,0.16796307265758514,0.27058953046798706,0.4555917978286743,0.5,0.6699999570846558,1.0
1,2420,25000,0.28509557247161865,0.2942277491092682,0.00013053508882876486,1.0,0.00013053508882876486,0.013922170735895634,0.03117729164659977,0.05872543156147003,0.1023784950375557,0.16807527840137482,0.2701754868030548,0.45694127678871155,0.5,0.6728155612945557,1.0
1,2430,25000,0.28501126170158386,0.29425179958343506,0.00014684858615510166,1.0,0.00014684858615510166,0.01387101411819458,0.031195610761642456,0.05885530635714531,0.10232443362474442,0.16778022050857544,0.26992225646972656,0.45883771777153015,0.5,0.6707509756088257,1.0
1,2440,25000,0.284943550825119,0.2941195070743561,0.0001238594122696668,1.0,0.0001238594122696668,0.01393161527812481,0.03126976639032364,0.05911702290177345,0.10274256765842438,0.16837894916534424,0.2701275646686554,0.45713555812835693,0.5,0.6690006852149963,1.0
1,2450,25000,0.28493472933769226,0.29404592514038086,9.28754307096824e-05,1.0,9.28754307096824e-05,0.013890138827264309,0.031273145228624344,0.05909392982721329,0.10253112018108368,0.16819605231285095,0.27077552676200867,0.4570409059524536,0.5,0.6694424748420715,1.0
1,2460,25000,0.28485214710235596,0.2940414249897003,0.0001153921039076522,1.0,0.0001153921039076522,0.013858136720955372,0.03124558925628662,0.05928331986069679,0.10250265896320343,0.16800835728645325,0.2700560688972473,0.456804096698761,0.5,0.6665784120559692,1.0
1,2470,25000,0.28518420457839966,0.2941875159740448,0.00014849791477899998,1.0,0.00014849791477899998,0.013886014930903912,0.031225362792611122,0.05889017879962921,0.1025986522436142,0.16803263127803802,0.2707659602165222,0.4588640332221985,0.5,0.6747676134109497,1.0
1,2480,25000,0.2849789261817932,0.2942694127559662,0.00013176663196645677,1.0,0.00013176663196645677,0.013941184617578983,0.031166808679699898,0.05876554548740387,0.10279075056314468,0.1673436313867569,0.26922282576560974,0.45898428559303284,0.5,0.6702495217323303,1.0
1,2490,25000,0.28502821922302246,0.2942291796207428,8.994181553134695e-05,1.0,8.994181553134695e-05,0.013905756175518036,0.03119629994034767,0.05933523550629616,0.10217760503292084,0.1673755645751953,0.2698217034339905,0.45918869972229004,0.5,0.6736859083175659,1.0
1,2500,25000,0.28520774841308594,0.29429006576538086,9.244342072634026e-05,1.0,9.244342072634026e-05,0.014033081009984016,0.031154664233326912,0.058827660977840424,0.10259819030761719,0.16751426458358765,0.27130359411239624,0.45974162220954895,0.5,0.6722204089164734,1.0
1,2510,25000,0.28493067622184753,0.29421618580818176,0.0001282086013816297,1.0,0.0001282086013816297,0.013811194337904453,0.03134896233677864,0.058907680213451385,0.10219477117061615,0.16781756281852722,0.2712021470069885,0.4570045471191406,0.5,0.6705567240715027,1.0
1,2520,25000,0.28478753566741943,0.2942606210708618,0.00013315971591509879,1.0,0.00013315971591509879,0.013854188844561577,0.03120790794491768,0.05894294008612633,0.10179354250431061,0.1673726737499237,0.2697906494140625,0.4580056071281433,0.5,0.6713697910308838,1.0
1,2530,25000,0.28502529859542847,0.29408514499664307,0.00013007268717046827,1.0,0.00013007268717046827,0.013898951932787895,0.031133277341723442,0.05943915992975235,0.10231354087591171,0.16829219460487366,0.27083486318588257,0.4566885530948639,0.5,0.6680651903152466,1.0
1,2540,25000,0.2850830554962158,0.2941668629646301,0.00010265536548104137,1.0,0.00010265536548104137,0.013840294443070889,0.031268686056137085,0.0593549944460392,0.10262678563594818,0.16757476329803467,0.2710433602333069,0.4578682482242584,0.5,0.6700116395950317,1.0
1,2550,25000,0.2849268615245819,0.2942763864994049,0.00015291900490410626,1.0,0.00015291900490410626,0.013869651593267918,0.03108229488134384,0.05869384855031967,0.1019328311085701,0.1684037744998932,0.27017053961753845,0.4584618806838989,0.5,0.6735618114471436,1.0
1,2560,25000,0.2850278615951538,0.29415610432624817,0.00011344859376549721,1.0,0.00011344859376549721,0.013866178691387177,0.031438495963811874,0.05916387960314751,0.10234092175960541,0.1677330732345581,0.26985612511634827,0.457256019115448,0.5,0.6712951064109802,1.0
1,2570,25000,0.2850460410118103,0.2942204177379608,9.586134547134861e-05,1.0,9.586134547134861e-05,0.013891570270061493,0.031163275241851807,0.05900147929787636,0.1023806557059288,0.1681155413389206,0.27053070068359375,0.4601237177848816,0.5,0.6699999570846558,1.0
1,2580,25000,0.2849782109260559,0.29428476095199585,0.00017233207472600043,1.0,0.00017233207472600043,0.013819827698171139,0.03125106170773506,0.05911773443222046,0.10189604014158249,0.16846828162670135,0.26940298080444336,0.458437979221344,0.5,0.6705554127693176,1.0
1,2590,25000,0.2851094603538513,0.29412755370140076,0.0001802003534976393,1.0,0.0001802003534976393,0.013957652263343334,0.03125939518213272,0.05872911587357521,0.10248877853155136,0.1673504114151001,0.27184250950813293,0.4582366943359375,0.5,0.6709496378898621,1.0
1,2600,25000,0.28495630621910095,0.2941555976867676,0.00010527102131163701,1.0,0.00010527102131163701,0.013913103379309177,0.031270939856767654,0.05904098600149155,0.10265746712684631,0.1686447262763977,0.27025535702705383,0.45893770456314087,0.5,0.6707090139389038,1.0
1,2610,25000,0.28505539894104004,0.29415345191955566,0.00010066427785204723,1.0,0.00010066427785204723,0.013927622698247433,0.031009893864393234,0.05921540409326553,0.102816641330719,0.16781064867973328,0.2702338397502899,0.45797592401504517,0.5,0.6735731363296509,1.0
1,2620,25000,0.2850188910961151,0.2941526472568512,0.0001228821201948449,1.0,0.0001228821201948449,0.013796375133097172,0.031231218948960304,0.05922544375061989,0.10235196352005005,0.1684803068637848,0.27147212624549866,0.4579903483390808,0.5,0.6715610027313232,1.0
1,2630,25000,0.2850745916366577,0.2941787838935852,0.0001127065479522571,1.0,0.0001127065479522571,0.013858449645340443,0.03130350634455681,0.05943743512034416,0.10220235586166382,0.1683717668056488,0.27077627182006836,0.4588978588581085,0.5,0.6699999570846558,1.0
1,2640,25000,0.2849254906177521,0.2942167818546295,0.0001641383714741096,1.0,0.0001641383714741096,0.013857665471732616,0.031148375943303108,0.05915556102991104,0.10231193155050278,0.16715586185455322,0.2703622877597809,0.45735132694244385,0.5,0.6718233823776245,1.0
1,2650,25000,0.2851564884185791,0.2942069470882416,0.00014638641732744873,1.0,0.00014638641732744873,0.013884800486266613,0.031193017959594727,0.0592971034348011,0.10214443504810333,0.16863949596881866,0.2706759572029114,0.4573270082473755,0.5,0.6705263257026672,1.0
1,2660,25000,0.2850852608680725,0.2942785620689392,0.00011722079943865538,1.0,0.00011722079943865538,0.01388841588050127,0.031193826347589493,0.05932670086622238,0.10246305167675018,0.16807709634304047,0.2700587213039398,0.4575112760066986,0.5,0.6725322604179382,1.0
1,2670,25000,0.2853119671344757,0.29427531361579895,0.00010879993351409212,1.0,0.00010879993351409212,0.013952263630926609,0.03089042939245701,0.05942631885409355,0.10235174000263214,0.16757455468177795,0.27125856280326843,0.4584381580352783,0.5,0.6725296378135681,1.0
1,2680,25000,0.28517574071884155,0.29424241185188293,8.729773253435269e-05,1.0,8.729773253435269e-05,0.01392183918505907,0.03118748776614666,0.05872873216867447,0.10311386734247208,0.16862459480762482,0.27070412039756775,0.4580184519290924,0.5,0.6675037145614624,1.0
1,2690,25000,0.28525328636169434,0.2942458391189575,0.0001382249320158735,1.0,0.0001382249320158735,0.013896535150706768,0.031296491622924805,0.05885893851518631,0.10245552659034729,0.168718159198761,0.2720326781272888,0.45876017212867737,0.5,0.6705670356750488,1.0
1,2700,25000,0.2853659689426422,0.29435503482818604,0.00010811322135850787,1.0,0.00010811322135850787,0.013911394402384758,0.031286779791116714,0.059031419456005096,0.10268208384513855,0.16763105988502502,0.27196553349494934,0.45708489418029785,0.5,0.6755089163780212,1.0
1,2710,25000,0.2851172387599945,0.2941913902759552,0.00011266685760347173,1.0,0.00011266685760347173,0.013730904087424278,0.03138989210128784,0.059052493423223495,0.10264532268047333,0.1685454547405243,0.26994559168815613,0.45746663212776184,0.5,0.6699999570846558,1.0
1,2720,25000,0.28511402010917664,0.29418912529945374,0.00010116168414242566,1.0,0.00010116168414242566,0.014009284786880016,0.031069966033101082,0.058973878622055054,0.10249128937721252,0.16894632577896118,0.27053844928741455,0.4568534791469574,0.5,0.6705839037895203,1.0
1,2730,25000,0.28513258695602417,0.29423007369041443,0.00014921919500920922,1.0,0.00014921919500920922,0.013893600553274155,0.03137492388486862,0.058918993920087814,0.10253014415502548,0.16848286986351013,0.2693973779678345,0.45881417393684387,0.5,0.6696608662605286,1.0
1,2740,25000,0.2850719392299652,0.29423367977142334,0.00015390310727525502,1.0,0.00015390310727525502,0.013829960487782955,0.03127918764948845,0.0591946616768837,0.10237292945384979,0.16698648035526276,0.26967811584472656,0.458909273147583,0.5,0.6703429222106934,1.0
1,2750,25000,0.285000205039978,0.294156938791275,9.881953155854717e-05,1.0,9.881953155854717e-05,0.013949579559266567,0.031406745314598083,0.05930548161268234,0.10276985913515091,0.16837027668952942,0.27018362283706665,0.4562384784221649,0.5,0.6720859408378601,1.0
1,2760,25000,0.2851383090019226,0.294318825006485,9.95435839286074e-05,1.0,9.95435839286074e-05,0.013879617676138878,0.031118119135499,0.05931767821311951,0.10283670574426651,0.1679450273513794,0.270145982503891,0.45826637744903564,0.5,0.6736751198768616,1.0
1,2770,25000,0.285079687833786,0.29431721568107605,0.00012286994024179876,1.0,0.00012286994024179876,0.013785384595394135,0.03129991888999939,0.05903322249650955,0.1021340861916542,0.16787011921405792,0.26930445432662964,0.4600105881690979,0.5,0.6712562441825867,1.0
1,2780,25000,0.2852017283439636,0.2941591143608093,0.00010642913548508659,1.0,0.00010642913548508659,0.013835909776389599,0.03135719522833824,0.05907405540347099,0.10244905948638916,0.16819068789482117,0.2706286311149597,0.4570125639438629,0.5,0.670383095741272,1.0
1,2790,25000,0.28518229722976685,0.29432544112205505,0.000113967020297423,1.0,0.000113967020297423,0.013881154358386993,0.031085042282938957,0.05908263474702835,0.10248107463121414,0.16820281744003296,0.27111804485321045,0.4595932066440582,0.5,0.6722537875175476,1.0
1,2800,25000,0.28525832295417786,0.2942200005054474,9.912932000588626e-05,1.0,9.912932000588626e-05,0.013768509961664677,0.03115621954202652,0.05918855965137482,0.10315490514039993,0.16761063039302826,0.27114683389663696,0.4579000174999237,0.5,0.6720708012580872,1.0
1,2810,25000,0.2850591838359833,0.2941715121269226,0.000139633659273386,1.0,0.000139633659273386,0.013808172196149826,0.03128117695450783,0.05921372026205063,0.10272258520126343,0.16750311851501465,0.27105608582496643,0.45727768540382385,0.5,0.6699999570846558,1.0
1,2820,25000,0.28521203994750977,0.29413363337516785,0.00012008970224997029,1.0,0.00012008970224997029,0.013940363191068172,0.03132971376180649,0.05925815925002098,0.1026143878698349,0.16937029361724854,0.2706625163555145,0.45888373255729675,0.5,0.6699999570846558,1.0
1,2830,25000,0.2849283218383789,0.29407450556755066,0.00010844933422049507,1.0,0.00010844933422049507,0.013853130862116814,0.031352147459983826,0.058863915503025055,0.10224714130163193,0.16829615831375122,0.27068233489990234,0.45724326372146606,0.5,0.6680801510810852,1.0
1,2840,25000,0.28508463501930237,0.2942352294921875,0.00012109694944228977,1.0,0.00012109694944228977,0.013917292468249798,0.031087275594472885,0.05893924832344055,0.10219626873731613,0.16818898916244507,0.27110961079597473,0.4588240087032318,0.5,0.6731361150741577,1.0
1,2850,25000,0.28513669967651367,0.29432520270347595,9.268559369957075e-05,1.0,9.268559369957075e-05,0.013827791437506676,0.03131113201379776,0.0591437965631485,0.10263435542583466,0.16850997507572174,0.2712158262729645,0.4601795971393585,0.5,0.6738142371177673,1.0
1,2860,25000,0.28513577580451965,0.2942126393318176,0.00011979131522821262,1.0,0.00011979131522821262,0.013919183984398842,0.031211482360959053,0.058960165828466415,0.10301582515239716,0.1678341031074524,0.27148401737213135,0.45973190665245056,0.5,0.6696190237998962,1.0
1,2870,25000,0.28507277369499207,0.2942233085632324,8.934676588978618e-05,1.0,8.934676588978618e-05,0.013715583831071854,0.03103138878941536,0.05891416221857071,0.10262130200862885,0.16864822804927826,0.27086734771728516,0.4574337899684906,0.5,0.669355571269989,1.0
1,2880,25000,0.2850170433521271,0.29414576292037964,0.00011863547115353867,1.0,0.00011863547115353867,0.013985727913677692,0.031181007623672485,0.05878321826457977,0.10277493298053741,0.16800278425216675,0.27099961042404175,0.4579981565475464,0.5,0.6710034608840942,1.0
1,2890,25000,0.285055935382843,0.2941865026950836,0.00011388905113562942,1.0,0.00011388905113562942,0.013736595399677753,0.031164005398750305,0.05929696932435036,0.10205304622650146,0.1685507595539093,0.2714138925075531,0.45752638578414917,0.5,0.672194242477417,1.0
1,2900,25000,0.28499794006347656,0.2942149043083191,0.0001108099750126712,1.0,0.0001108099750126712,0.013976906426250935,0.03152706101536751,0.05897048860788345,0.10257045179605484,0.16687938570976257,0.2700599133968353,0.45727887749671936,0.5,0.6714541912078857,1.0
1,2910,25000,0.2851133942604065,0.2942873239517212,0.00012683741806540638,1.0,0.00012683741806540638,0.01396478433161974,0.03116658143699169,0.0589594766497612,0.10250075161457062,0.1677369326353073,0.26989203691482544,0.4582298696041107,0.5,0.6718119978904724,1.0
1,2920,25000,0.2850789725780487,0.29404720664024353,0.0001413284189766273,1.0,0.0001413284189766273,0.013850756920874119,0.031603023409843445,0.058980394154787064,0.10299179702997208,0.16850541532039642,0.27132394909858704,0.45807674527168274,0.5,0.6680242419242859,1.0
1,2930,25000,0.2851332724094391,0.29415619373321533,0.0001082574890460819,1.0,0.0001082574890460819,0.013901079073548317,0.031159212812781334,0.05946414917707443,0.10308823734521866,0.16842123866081238,0.27054619789123535,0.4591936469078064,0.5,0.6711592674255371,1.0
1,2940,25000,0.2849608361721039,0.29424524307250977,0.00010216736700385809,1.0,0.00010216736700385809,0.013806522823870182,0.031154075637459755,0.05919728800654411,0.10233919322490692,0.16776123642921448,0.26956963539123535,0.46018561720848083,0.5,0.6696600317955017,1.0
1,2950,25000,0.2850055694580078,0.2942550778388977,0.00011473226913949475,1.0,0.00011473226913949475,0.013731381855905056,0.030882589519023895,0.05901220440864563,0.10187346488237381,0.1675691157579422,0.2711317241191864,0.45915746688842773,0.5,0.6704870462417603,1.0
1,2960,25000,0.28505706787109375,0.29429811239242554,0.0001254267554031685,1.0,0.0001254267554031685,0.01389722153544426,0.031016554683446884,0.058785878121852875,0.10269992798566818,0.16775110363960266,0.27080702781677246,0.4578142464160919,0.5,0.670556366443634,1.0
1,2970,25000,0.28502529859542847,0.294073224067688,8.686792716616765e-05,1.0,8.686792716616765e-05,0.013863579370081425,0.031308308243751526,0.058921437710523605,0.10249875485897064,0.16779254376888275,0.2709159553050995,0.4583214223384857,0.5,0.6701534986495972,1.0
1,2980,25000,0.28498587012290955,0.29419422149658203,0.00011319705663481727,1.0,0.00011319705663481727,0.013907059095799923,0.03144143149256706,0.05908944085240364,0.10280466824769974,0.16800862550735474,0.2696908712387085,0.4593183696269989,0.5,0.670936644077301,1.0
1,2990,25000,0.2849026322364807,0.2942067086696625,0.00011599218851188198,1.0,0.00011599218851188198,0.013965558260679245,0.03130536898970604,0.05936218798160553,0.10218364000320435,0.16747072339057922,0.2695482671260834,0.45805397629737854,0.5,0.667064905166626,1.0
1,3000,25000,0.285187304019928,0.29429522156715393,0.00013028591638430953,1.0,0.00013028591638430953,0.01387315895408392,0.03129958361387253,0.05891657620668411,0.10262306779623032,0.16789981722831726,0.2706780433654785,0.4585020840167999,0.5,0.6731923818588257,1.0
1,3010,25000,0.28510963916778564,0.29426994919776917,0.00010079421917907894,1.0,0.00010079421917907894,0.013770148158073425,0.03117576614022255,0.05871214345097542,0.10216551274061203,0.16726338863372803,0.27167826890945435,0.45844507217407227,0.5,0.6713748574256897,1.0
1,3020,25000,0.28510841727256775,0.2942139506340027,0.00018901338626164943,1.0,0.00018901338626164943,0.013863577507436275,0.03124847635626793,0.059284940361976624,0.10183294117450714,0.1681613028049469,0.27010059356689453,0.4581003487110138,0.5,0.6698548197746277,1.0
1,3030,25000,0.2851821184158325,0.29424408078193665,0.0001430917764082551,1.0,0.0001430917764082551,0.01389716099947691,0.031383369117975235,0.05896148458123207,0.1022287979722023,0.16824328899383545,0.2716059684753418,0.46064311265945435,0.5,0.6710957884788513,1.0
1,3040,25000,0.28499820828437805,0.2941899597644806,0.00010635256330715492,1.0,0.00010635256330715492,0.013797173276543617,0.031233645975589752,0.05922965332865715,0.10250406712293625,0.1682889759540558,0.27088794112205505,0.45560967922210693,0.5,0.6710495352745056,1.0
1,3050,25000,0.2851353585720062,0.29428553581237793,0.00011105622979812324,1.0,0.00011105622979812324,0.013945765793323517,0.031246593222022057,0.059089064598083496,0.10254442691802979,0.16767162084579468,0.27010926604270935,0.4602980613708496,0.5,0.6722382307052612,1.0
1,3060,25000,0.28505516052246094,0.29422682523727417,9.929091174853966e-05,1.0,9.929091174853966e-05,0.013941674493253231,0.03110891580581665,0.05938563868403435,0.10302845388650894,0.16736315190792084,0.26970213651657104,0.4574495553970337,0.5,0.6727991104125977,1.0
1,3070,25000,0.28504425287246704,0.2942350506782532,0.00016454562137369066,1.0,0.00016454562137369066,0.013759198598563671,0.031241880729794502,0.05913297086954117,0.10252130031585693,0.16813209652900696,0.2712007164955139,0.4580551087856293,0.5,0.6703442335128784,1.0
1,3080,25000,0.2852174937725067,0.29424747824668884,0.00010794201807584614,1.0,0.00010794201807584614,0.013889706693589687,0.031068483367562294,0.05894243344664574,0.10272881388664246,0.16815263032913208,0.2707987129688263,0.4572913944721222,0.5,0.674004077911377,1.0
1,3090,25000,0.28508928418159485,0.2942630648612976,0.00010218436364084482,1.0,0.00010218436364084482,0.013814494013786316,0.03128219395875931,0.059037189930677414,0.1020759716629982,0.16868208348751068,0.2710050642490387,0.4564673900604248,0.5,0.6735117435455322,1.0
1,3100,25000,0.2852332890033722,0.29427292943000793,0.00010988855501636863,1.0,0.00010988855501636863,0.01384515780955553,0.031339921057224274,0.05889836326241493,0.10224655270576477,0.16884252429008484,0.269824355840683,0.45963189005851746,0.5,0.668973445892334,1.0
1,3110,25000,0.28508201241493225,0.2942573130130768,0.00015725036791991442,1.0,0.00015725036791991442,0.013978838920593262,0.03122883476316929,0.05922392010688782,0.10210080444812775,0.16768813133239746,0.2701314091682434,0.4582107961177826,0.5,0.6707751154899597,1.0
1,3120,25000,0.28511759638786316,0.29428914189338684,0.00013434443098958582,1.0,0.00013434443098958582,0.013902481645345688,0.031362734735012054,0.058719702064991,0.10292917490005493,0.1686142086982727,0.2700115144252777,0.458285391330719,0.5,0.6732701063156128,1.0
1,3130,25000,0.2849943935871124,0.294266939163208,0.00010728702909545973,1.0,0.00010728702909545973,0.013919185847043991,0.031007766723632812,0.05918290093541145,0.10207612812519073,0.16800710558891296,0.27110975980758667,0.45788276195526123,0.5,0.6699999570846558,1.0
1,3140,25000,0.2851172089576721,0.2942349910736084,9.955047426046804e-05,1.0,9.955047426046804e-05,0.013784696348011494,0.0313977412879467,0.0594916045665741,0.10248850286006927,0.1679985523223877,0.27144429087638855,0.45962750911712646,0.5,0.6678904294967651,1.0
1,3150,25000,0.28519561886787415,0.2942235767841339,0.00014156907855067402,1.0,0.00014156907855067402,0.013756124302744865,0.031342048197984695,0.05908353999257088,0.10279177129268646,0.16873805224895477,0.27091357111930847,0.45972684025764465,0.5,0.6708009839057922,1.0
1,3160,25000,0.28528037667274475,0.294321745634079,0.0001079742141882889,1.0,0.0001079742141882889,0.013902858830988407,0.03143571317195892,0.05904119461774826,0.10265905410051346,0.16839131712913513,0.2713012397289276,0.4597702622413635,0.5,0.6737452745437622,1.0
1,3170,25000,0.2850968837738037,0.2942639887332916,0.00010932549776043743,1.0,0.00010932549776043743,0.013866828754544258,0.031089501455426216,0.05905357003211975,0.10243167728185654,0.1679060459136963,0.2702844440937042,0.45967793464660645,0.5,0.6691533923149109,1.0
1,3180,25000,0.28514671325683594,0.29423317313194275,0.00012135700671933591,1.0,0.00012135700671933591,0.013875969685614109,0.03125936910510063,0.05919351056218147,0.10227486491203308,0.16865375638008118,0.27047809958457947,0.45754778385162354,0.5,0.6735154986381531,1.0
1,3190,25000,0.28511863946914673,0.29422998428344727,0.00010015223233494908,1.0,0.00010015223233494908,0.013831516727805138,0.03116026520729065,0.05907392501831055,0.10252729058265686,0.1684872806072235,0.2703101933002472,0.45859983563423157,0.5,0.6691782474517822,1.0
1,3200,25000,0.2849022150039673,0.2940889298915863,0.00010929351265076548,1.0,0.00010929351265076548,0.01385849341750145,0.031151069328188896,0.05949847400188446,0.10258382558822632,0.16798479855060577,0.26912325620651245,0.4554773271083832,0.5,0.665956974029541,1.0
1,3210,25000,0.2850508391857147,0.294300377368927,9.045249316841364e-05,1.0,9.045249316841364e-05,0.013846896588802338,0.031142286956310272,0.059230487793684006,0.10203797370195389,0.1681196093559265,0.2707536816596985,0.4568231701850891,0.5,0.6745224595069885,1.0
1,3220,25000,0.2851875126361847,0.2942413091659546,0.00013667588063981384,1.0,0.00013667588063981384,0.013813643716275692,0.031071443110704422,0.059342242777347565,0.1026856005191803,0.16824309527873993,0.2708301544189453,0.4587034285068512,0.5,0.6717029809951782,1.0
1,3230,25000,0.2851972281932831,0.29429900646209717,0.00015958580479491502,1.0,0.00015958580479491502,0.013837103731930256,0.0312877781689167,0.05893973261117935,0.10275927931070328,0.16839635372161865,0.27139782905578613,0.4596554636955261,0.5,0.6731756329536438,1.0
1,3240,25000,0.2851037085056305,0.2943163216114044,0.0001266847102669999,1.0,0.0001266847102669999,0.013827011920511723,0.03137851506471634,0.059086769819259644,0.10291416198015213,0.16773346066474915,0.2704348862171173,0.4600830078125,0.5,0.6703130602836609,1.0
1,3250,25000,0.28505992889404297,0.2942902147769928,0.00011199912842130288,1.0,0.00011199912842130288,0.013919107615947723,0.0314297154545784,0.059110742062330246,0.10255658626556396,0.16789695620536804,0.2701280415058136,0.45697933435440063,0.5,0.6731196641921997,1.0
1,3260,25000,0.28493645787239075,0.2942541837692261,0.00010566833952907473,1.0,0.00010566833952907473,0.013984473422169685,0.03122803010046482,0.059041354805231094,0.10174962133169174,0.16780249774456024,0.2713431119918823,0.45654380321502686,0.5,0.6707842350006104,1.0
1,3270,25000,0.2853018641471863,0.2943221628665924,0.00011847152927657589,1.0,0.00011847152927657589,0.013876765966415405,0.03146294876933098,0.05909756198525429,0.10216998308897018,0.16921286284923553,0.27143871784210205,0.4614943861961365,0.5,0.6713883280754089,1.0
1,3280,25000,0.2850229740142822,0.2941751778125763,0.00012183706712676212,1.0,0.00012183706712676212,0.014017242006957531,0.03129410371184349,0.05941908061504364,0.10253049433231354,0.16818389296531677,0.27004989981651306,0.4556691646575928,0.5,0.6696733832359314,1.0
1,3290,25000,0.2852391302585602,0.29424798488616943,0.00010782755998661742,1.0,0.00010782755998661742,0.013924872502684593,0.031143946573138237,0.05884549021720886,0.10238287597894669,0.16856203973293304,0.27130556106567383,0.4596552550792694,0.5,0.6699999570846558,1.0
1,3300,25000,0.28501322865486145,0.2941637337207794,8.929535397328436e-05,1.0,8.929535397328436e-05,0.013890670612454414,0.031470466405153275,0.05919117107987404,0.10223719477653503,0.1678372621536255,0.2716924250125885,0.45730462670326233,0.5,0.6704908013343811,1.0
1,3310,25000,0.28512752056121826,0.29415833950042725,9.997842425946146e-05,1.0,9.997842425946146e-05,0.013836245983839035,0.03130384162068367,0.05924534052610397,0.10264775902032852,0.16861674189567566,0.2709363102912903,0.45823362469673157,0.5,0.6692659258842468,1.0
1,3320,25000,0.28505319356918335,0.2941734790802002,0.0001300111471209675,1.0,0.0001300111471209675,0.013872850686311722,0.03110574185848236,0.05925280600786209,0.1026572659611702,0.16845205426216125,0.2699914276599884,0.45883989334106445,0.5,0.6698048710823059,1.0
1,3330,25000,0.28502893447875977,0.2941788136959076,9.046767809195444e-05,1.0,9.046767809195444e-05,0.013831050135195255,0.031173599883913994,0.05909145250916481,0.10259730368852615,0.16811588406562805,0.27009841799736023,0.4576382637023926,0.5,0.6689688563346863,1.0
1,3340,25000,0.28522682189941406,0.29425668716430664,0.00017171751824207604,1.0,0.00017171751824207604,0.013956977054476738,0.03115275502204895,0.05929257348179817,0.10261579602956772,0.16769494116306305,0.2711063325405121,0.45885857939720154,0.5,0.6710512638092041,1.0
1,3350,25000,0.2851003110408783,0.29422426223754883,0.00012503609468694776,1.0,0.00012503609468694776,0.014045275747776031,0.03124561533331871,0.059108130633831024,0.10251244902610779,0.16860786080360413,0.27008575201034546,0.4586043655872345,0.5,0.6716623306274414,1.0
1,3360,25000,0.2852483093738556,0.29432958364486694,9.801708074519411e-05,1.0,9.801708074519411e-05,0.013856847770512104,0.0310283824801445,0.058676354587078094,0.10305611789226532,0.16851212084293365,0.27061983942985535,0.4591265320777893,0.5,0.6737080216407776,1.0
1,3370,25000,0.28521743416786194,0.29433998465538025,0.00015795064973644912,1.0,0.00015795064973644912,0.013958684168756008,0.031130915507674217,0.05893680453300476,0.10204092413187027,0.16847863793373108,0.27005279064178467,0.4610590636730194,0.5,0.6720113158226013,1.0
1,3380,25000,0.28511476516723633,0.2942664325237274,0.0001124869377235882,1.0,0.0001124869377235882,0.01390008069574833,0.03139375522732735,0.05903751775622368,0.10277403891086578,0.1685911864042282,0.27151817083358765,0.45906174182891846,0.5,0.6683491468429565,1.0
1,3390,25000,0.2852517366409302,0.29431599378585815,0.00010538186324993148,1.0,0.00010538186324993148,0.01390631590038538,0.031234892085194588,0.05928180366754532,0.1029239073395729,0.1678401231765747,0.2706843614578247,0.45852938294410706,0.5,0.6707414388656616,1.0
1,3400,25000,0.28499114513397217,0.29414746165275574,0.00012134948337916285,1.0,0.00012134948337916285,0.013801432214677334,0.03140610083937645,0.059345100075006485,0.10288223624229431,0.16763043403625488,0.27160969376564026,0.45656460523605347,0.5,0.6699999570846558,1.0
1,3410,25000,0.28517740964889526,0.2942774295806885,0.0001235250529134646,1.0,0.0001235250529134646,0.013855503872036934,0.031232023611664772,0.058907270431518555,0.10222791880369186,0.1680687665939331,0.27240198850631714,0.4589591920375824,0.5,0.671535074710846,1.0
1,3420,25000,0.28528299927711487,0.2941913902759552,0.00013465774827636778,1.0,0.00013465774827636778,0.013898590579628944,0.03146560490131378,0.059153713285923004,0.10314309597015381,0.16877126693725586,0.2708347737789154,0.45788809657096863,0.5,0.6705772876739502,1.0
1,3430,25000,0.2852269411087036,0.29434528946876526,0.0001242540020029992,1.0,0.0001242540020029992,0.013992957770824432,0.03133241459727287,0.05922085791826248,0.10262559354305267,0.1679142862558365,0.2701459228992462,0.45864975452423096,0.5,0.6738626956939697,1.0
1,3440,25000,0.2852446436882019,0.294261634349823,0.000102468446129933,1.0,0.000102468446129933,0.01380855217576027,0.03128376230597496,0.05892544239759445,0.10243570059537888,0.16874872148036957,0.27104052901268005,0.45975014567375183,0.5,0.6704607605934143,1.0
1,3450,25000,0.28519463539123535,0.2942233979701996,0.00013157265493646264,1.0,0.00013157265493646264,0.013891629874706268,0.031167756766080856,0.05924580246210098,0.10264492779970169,0.16888481378555298,0.2708359658718109,0.4585043787956238,0.5,0.6727960109710693,1.0
1,3460,25000,0.2853294312953949,0.29434701800346375,0.00010347440547775477,1.0,0.00010347440547775477,0.013814898207783699,0.03126363083720207,0.0594322495162487,0.10257560759782791,0.1683955192565918,0.2699585556983948,0.4578690826892853,0.5,0.6730233430862427,1.0
1,3470,25000,0.28531238436698914,0.2944127321243286,0.00010619919339660555,1.0,0.00010619919339660555,0.013812659308314323,0.031350720673799515,0.05930573120713234,0.10186229646205902,0.16907256841659546,0.27020812034606934,0.46054911613464355,0.5,0.6747888922691345,1.0
1,3480,25000,0.2848871350288391,0.2941511273384094,0.00012664696259889752,1.0,0.00012664696259889752,0.01387584675103426,0.03141966462135315,0.05876093730330467,0.10201924294233322,0.1689601093530655,0.2692280113697052,0.46135032176971436,0.5,0.6661644577980042,1.0
1,3490,25000,0.28513723611831665,0.2943284213542938,0.00011207671923330054,1.0,0.00011207671923330054,0.01394201721996069,0.031190084293484688,0.059156354516744614,0.1021280363202095,0.16878291964530945,0.2703680992126465,0.45811164379119873,0.5,0.6745828986167908,1.0
1,3500,25000,0.28505685925483704,0.2942471504211426,0.00011828823335235938,1.0,0.00011828823335235938,0.014057612046599388,0.03111632913351059,0.05894502252340317,0.10222656279802322,0.16793639957904816,0.27130818367004395,0.4575727880001068,0.5,0.6700756549835205,1.0
1,3510,25000,0.28505659103393555,0.29421138763427734,0.00013113395834807307,1.0,0.00013113395834807307,0.013929794542491436,0.031187115237116814,0.0591433160007,0.10255546867847443,0.16857001185417175,0.27000710368156433,0.4561370611190796,0.5,0.6703941822052002,1.0
1,3520,25000,0.2851712107658386,0.29436856508255005,0.00012005095049971715,1.0,0.00012005095049971715,0.013837773352861404,0.0313265435397625,0.058723971247673035,0.10285379737615585,0.16840216517448425,0.27083083987236023,0.4599643647670746,0.5,0.6744066476821899,1.0
1,3530,25000,0.28510522842407227,0.2941255569458008,0.00011853679461637512,1.0,0.00011853679461637512,0.013863111846148968,0.031193027272820473,0.05892489477992058,0.10304098576307297,0.16887065768241882,0.2712826728820801,0.45855823159217834,0.5,0.6685425639152527,1.0
1,3540,25000,0.284996896982193,0.29416924715042114,0.0001259918644791469,1.0,0.0001259918644791469,0.013841255567967892,0.031215621158480644,0.05894434079527855,0.1024363562464714,0.16842278838157654,0.27057817578315735,0.4585812985897064,0.5,0.6712020039558411,1.0
1,3550,25000,0.28513771295547485,0.2942475974559784,0.00010007320815930143,1.0,0.00010007320815930143,0.01391629222780466,0.03129902854561806,0.058938317000865936,0.10274343937635422,0.16876304149627686,0.2709313929080963,0.45685815811157227,0.5,0.6699226498603821,1.0
1,3560,25000,0.2852763831615448,0.29438042640686035,0.00012928739306516945,1.0,0.00012928739306516945,0.013885177671909332,0.031248420476913452,0.05918801948428154,0.10226378589868546,0.1685071587562561,0.2701231837272644,0.4573763608932495,0.5,0.6731639504432678,1.0
1,3570,25000,0.2851026654243469,0.2942674458026886,0.0001343367766821757,1.0,0.0001343367766821757,0.013881842605769634,0.031482595950365067,0.05911485478281975,0.10239392518997192,0.16860884428024292,0.2703002095222473,0.45884642004966736,0.5,0.6718599200248718,1.0
1,3580,25000,0.28516432642936707,0.2941631078720093,0.0001312747917836532,1.0,0.0001312747917836532,0.013864660635590553,0.031231913715600967,0.05912125110626221,0.10222236812114716,0.16882383823394775,0.2712593972682953,0.45940524339675903,0.5,0.6692010760307312,1.0
1,3590,25000,0.285129189491272,0.2941422164440155,8.020467794267461e-05,1.0,8.020467794267461e-05,0.013939062133431435,0.03119935840368271,0.059069059789180756,0.10269637405872345,0.16835558414459229,0.2699506878852844,0.45931872725486755,0.5,0.6699999570846558,1.0
1,3600,25000,0.28498485684394836,0.2941056787967682,9.045634942594916e-05,1.0,9.045634942594916e-05,0.01392346154898405,0.03128862753510475,0.059103839099407196,0.1023489236831665,0.1681561917066574,0.2714860439300537,0.4599907398223877,0.5,0.6687707901000977,1.0
1,3610,25000,0.2850058972835541,0.2940807342529297,9.524171036900952e-05,1.0,9.524171036900952e-05,0.013982872478663921,0.03138143569231033,0.059300947934389114,0.1023542732000351,0.16851060092449188,0.2701396644115448,0.4569128751754761,0.5,0.6692926287651062,1.0
1,3620,25000,0.2852383852005005,0.29438579082489014,0.00010074076271848753,1.0,0.00010074076271848753,0.013844629749655724,0.031295716762542725,0.05920591205358505,0.1023583635687828,0.1681644469499588,0.2702426016330719,0.4597284495830536,0.5,0.6747515201568604,1.0
1,3630,25000,0.2851107120513916,0.29427453875541687,0.00010779816511785612,1.0,0.00010779816511785612,0.013801401481032372,0.031134387478232384,0.05895816162228584,0.10285630077123642,0.16832366585731506,0.27044224739074707,0.45868974924087524,0.5,0.670941948890686,1.0
1,3640,25000,0.2852259576320648,0.2941356301307678,0.00012422665895428509,1.0,0.00012422665895428509,0.013791436329483986,0.031458210200071335,0.05924461409449577,0.10217777639627457,0.16863641142845154,0.2714105248451233,0.45874741673469543,0.5,0.6704320311546326,1.0
1,3650,25000,0.28516069054603577,0.2942347228527069,9.96158123598434e-05,1.0,9.96158123598434e-05,0.013835547491908073,0.03131330758333206,0.05911487340927124,0.10225053876638412,0.16865192353725433,0.27109333872795105,0.4603801369667053,0.5,0.6691855192184448,1.0
1,3660,25000,0.28523096442222595,0.29433122277259827,0.00013422738993540406,1.0,0.00013422738993540406,0.013943067751824856,0.031146299093961716,0.05899124965071678,0.10211753100156784,0.16927289962768555,0.27029547095298767,0.45925378799438477,0.5,0.6766257882118225,1.0
1,3670,25000,0.28495508432388306,0.294205904006958,0.00015786205767653883,1.0,0.00015786205767653883,0.013816766440868378,0.031435221433639526,0.05903538316488266,0.10230233520269394,0.1679035872220993,0.2708076536655426,0.45778393745422363,0.5,0.6694903373718262,1.0
1,3680,25000,0.2849963903427124,0.2941722869873047,0.0001352308172499761,1.0,0.0001352308172499761,0.0138503173366189,0.031185027211904526,0.05885095149278641,0.10299473255872726,0.16848894953727722,0.26927465200424194,0.4573156535625458,0.5,0.671918511390686,1.0
1,3690,25000,0.2850818634033203,0.29422762989997864,0.00015438110858667642,1.0,0.00015438110858667642,0.013892277143895626,0.031045760959386826,0.059354107826948166,0.10236676782369614,0.16795995831489563,0.2704811096191406,0.4590887427330017,0.5,0.6706050634384155,1.0
1,3700,25000,0.285353422164917,0.29427212476730347,0.0001392017147736624,1.0,0.0001392017147736624,0.013762182556092739,0.03156378120183945,0.059044431895017624,0.10284731537103653,0.1691075563430786,0.27122023701667786,0.45981577038764954,0.5,0.6708120107650757,1.0
1,3710,25000,0.2851170003414154,0.2942979335784912,9.764313290361315e-05,1.0,9.764313290361315e-05,0.013946715742349625,0.031155267730355263,0.059060752391815186,0.10281997919082642,0.16779571771621704,0.2692548930644989,0.46163052320480347,0.5,0.6691104769706726,1.0
1,3720,25000,0.28506213426589966,0.29427024722099304,8.576124673709273e-05,1.0,8.576124673709273e-05,0.01396748423576355,0.03127726539969444,0.05890198051929474,0.10310540348291397,0.16759862005710602,0.27079570293426514,0.4587964117527008,0.5,0.6698082089424133,1.0
1,3730,25000,0.28506144881248474,0.29425716400146484,8.899071690393612e-05,1.0,8.899071690393612e-05,0.013996819034218788,0.031237779185175896,0.05883089080452919,0.10251688957214355,0.1685691773891449,0.270407497882843,0.45826736092567444,0.5,0.6699999570846558,1.0
1,3740,25000,0.2849821448326111,0.2942575216293335,0.00013418532034847885,1.0,0.00013418532034847885,0.013858724385499954,0.031246421858668327,0.05963857099413872,0.10201284289360046,0.16757327318191528,0.2688465714454651,0.45916783809661865,0.5,0.6725594997406006,1.0
1,3750,25000,0.2850523889064789,0.2943301200866699,0.0001508669083705172,1.0,0.0001508669083705172,0.013773889280855656,0.03135869652032852,0.05902746319770813,0.10235919058322906,0.16778510808944702,0.2701309621334076,0.4601294696331024,0.5,0.673647940158844,1.0
1,3760,25000,0.28521737456321716,0.2942858040332794,8.955845260061324e-05,1.0,8.955845260061324e-05,0.013883587904274464,0.03117549419403076,0.05929463356733322,0.1022161990404129,0.1684216856956482,0.2709302008152008,0.45987603068351746,0.5,0.6686729192733765,1.0
1,3770,25000,0.2850853204727173,0.29416152834892273,0.00010843478958122432,1.0,0.00010843478958122432,0.013867010362446308,0.031610798090696335,0.05921131744980812,0.10261474549770355,0.16809463500976562,0.269775390625,0.4597541093826294,0.5,0.6697492599487305,1.0
1,3780,25000,0.2850615382194519,0.2942720651626587,0.00012726635031867772,1.0,0.00012726635031867772,0.01392283570021391,0.031282056123018265,0.058926258236169815,0.10217304527759552,0.16848689317703247,0.2707967162132263,0.4582056999206543,0.5,0.6732792854309082,1.0
1,3790,25000,0.285058856010437,0.2941794991493225,0.0001237431715708226,1.0,0.0001237431715708226,0.013896303251385689,0.031270354986190796,0.05878835543990135,0.10288291424512863,0.16917896270751953,0.26974546909332275,0.45834121108055115,0.5,0.6699999570846558,1.0
1,3800,25000,0.2849610149860382,0.2941356301307678,0.00014720577746629715,1.0,0.00014720577746629715,0.013960158452391624,0.031169328838586807,0.05922669544816017,0.10234115272760391,0.16849146783351898,0.26897719502449036,0.4611339271068573,0.5,0.6661378741264343,1.0
1,3810,25000,0.2849067747592926,0.2942415475845337,0.00011732074926840141,1.0,0.00011732074926840141,0.013922302052378654,0.031063010916113853,0.058649394661188126,0.10232379287481308,0.16717825829982758,0.2707982659339905,0.4582050144672394,0.5,0.6724690198898315,1.0
1,3820,25000,0.2849549949169159,0.29421135783195496,0.00014488864690065384,1.0,0.00014488864690065384,0.013876347802579403,0.031076930463314056,0.059281762689352036,0.10200358927249908,0.16773054003715515,0.26920920610427856,0.4587177038192749,0.5,0.6715220212936401,1.0
1,3830,25000,0.28504613041877747,0.29419153928756714,0.00013609768939204514,1.0,0.00013609768939204514,0.013815308921039104,0.031178100034594536,0.058984771370887756,0.10237152129411697,0.16805541515350342,0.27136754989624023,0.4584989547729492,0.5,0.6699939370155334,1.0
1,3840,25000,0.28504058718681335,0.2941499948501587,0.00014233370893634856,1.0,0.00014233370893634856,0.013886518776416779,0.03113275207579136,0.05940568819642067,0.10221873968839645,0.16897708177566528,0.2713925540447235,0.456226646900177,0.5,0.6699546575546265,1.0
1,3850,25000,0.2851055860519409,0.29424023628234863,0.00011691923282342032,1.0,0.00011691923282342032,0.013780729845166206,0.031233614310622215,0.05924047529697418,0.10227620601654053,0.1682976484298706,0.26978808641433716,0.45884937047958374,0.5,0.6705725789070129,1.0
1,3860,25000,0.28504541516304016,0.2941458225250244,0.00011287606321275234,1.0,0.00011287606321275234,0.01395457424223423,0.03148060292005539,0.05912981554865837,0.10225840657949448,0.16837285459041595,0.2706378102302551,0.456026166677475,0.5,0.6689882874488831,1.0
1,3870,25000,0.28500568866729736,0.2942429184913635,0.0001028246188070625,1.0,0.0001028246188070625,0.013884257525205612,0.031206879764795303,0.0588841550052166,0.1020926982164383,0.1686190664768219,0.27141648530960083,0.4576382637023926,0.5,0.6713950634002686,1.0
1,3880,25000,0.285110205411911,0.2943166494369507,0.00010423638741485775,1.0,0.00010423638741485775,0.0137611273676157,0.0308489128947258,0.05902476981282234,0.1026294007897377,0.16733187437057495,0.27050310373306274,0.46059802174568176,0.5,0.6728473901748657,1.0
1,3890,25000,0.28508302569389343,0.29426226019859314,8.844737749313936e-05,1.0,8.844737749313936e-05,0.013820705004036427,0.031436022371053696,0.05929776653647423,0.10257747769355774,0.16842998564243317,0.27001097798347473,0.45968419313430786,0.5,0.672076940536499,1.0
1,3900,25000,0.2852797508239746,0.29432788491249084,0.00017667296924628317,1.0,0.00017667296924628317,0.013864660635590553,0.03128407150506973,0.05920138210058212,0.1025710180401802,0.16788464784622192,0.2699090540409088,0.4579167366027832,0.5,0.6729788780212402,1.0
1,3910,25000,0.285166472196579,0.29419875144958496,0.00014355666644405574,1.0,0.00014355666644405574,0.013794499449431896,0.031345948576927185,0.059088923037052155,0.10221239179372787,0.16962507367134094,0.27148929238319397,0.45784321427345276,0.5,0.6707333326339722,1.0
1,3920,25000,0.28505268692970276,0.2941361665725708,0.00010179875971516594,1.0,0.00010179875971516594,0.013927600346505642,0.03147980570793152,0.05934601649641991,0.10259516537189484,0.16816678643226624,0.2703198492527008,0.4596896469593048,0.5,0.6685519218444824,1.0
1,3930,25000,0.28514888882637024,0.29425492882728577,0.00011504251597216353,1.0,0.00011504251597216353,0.01379477046430111,0.03115936741232872,0.059235502034425735,0.10260313749313354,0.16759946942329407,0.2694648504257202,0.45905280113220215,0.5,0.6681110262870789,1.0
1,3940,25000,0.2851283848285675,0.29426756501197815,0.00013506130198948085,1.0,0.00013506130198948085,0.013811996206641197,0.03108389675617218,0.05898776650428772,0.10241124033927917,0.16843537986278534,0.2697855532169342,0.45957499742507935,0.5,0.6720808744430542,1.0
1,3950,25000,0.2851010262966156,0.29420650005340576,9.822065476328135e-05,1.0,9.822065476328135e-05,0.013918100856244564,0.03131503239274025,0.05902545526623726,0.10223644971847534,0.16753120720386505,0.27083736658096313,0.456251323223114,0.5,0.6717823147773743,1.0
1,3960,25000,0.28496065735816956,0.29411059617996216,0.000157712769578211,1.0,0.000157712769578211,0.013936899602413177,0.03144169598817825,0.059222884476184845,0.10255990922451019,0.16799212992191315,0.2691846191883087,0.45772823691368103,0.5,0.6668264269828796,1.0
1,3970,25000,0.2850217819213867,0.29416728019714355,9.474843682255596e-05,1.0,9.474843682255596e-05,0.013865087181329727,0.03130580112338066,0.05884893983602524,0.10232417285442352,0.16812196373939514,0.2698894143104553,0.4574810862541199,0.5,0.6687470078468323,1.0
1,3980,25000,0.2851710021495819,0.29425084590911865,0.00014324442599900067,1.0,0.00014324442599900067,0.013977281749248505,0.031174015253782272,0.059238363057374954,0.10196972638368607,0.16817674040794373,0.2711111307144165,0.4605281949043274,0.5,0.6738943457603455,1.0
1,3990,25000,0.28502514958381653,0.294252872467041,0.00014839063805993646,1.0,0.00014839063805993646,0.013829839415848255,0.031363263726234436,0.058778997510671616,0.10266175121068954,0.16871821880340576,0.269378662109375,0.45838287472724915,0.5,0.6707425117492676,1.0
1,4000,25000,0.28503724932670593,0.2941323518753052,0.00010682453284971416,1.0,0.00010682453284971416,0.013896395452320576,0.03128433600068092,0.05929168313741684,0.10244707763195038,0.16838154196739197,0.271444708108902,0.4570329487323761,0.5,0.6699999570846558,1.0
1,4010,25000,0.28511062264442444,0.29417532682418823,0.00011610375804593787,1.0,0.00011610375804593787,0.013885215856134892,0.0312659814953804,0.05901346355676651,0.10246726125478745,0.16764089465141296,0.27160951495170593,0.457933247089386,0.5,0.6716428399085999,1.0
1,4020,25000,0.28499311208724976,0.2941865921020508,0.0001371260150335729,1.0,0.0001371260150335729,0.013929466716945171,0.031169334426522255,0.05883261188864708,0.1025371327996254,0.1683037430047989,0.27026429772377014,0.4580681025981903,0.5,0.6699999570846558,1.0
1,4030,25000,0.2851944863796234,0.29424944519996643,0.00012541055912151933,1.0,0.00012541055912151933,0.01381074171513319,0.031047716736793518,0.05890212580561638,0.1024530678987503,0.16806960105895996,0.27008527517318726,0.4567609429359436,0.5,0.6762251257896423,1.0
1,4040,25000,0.28512635827064514,0.29423943161964417,0.00015788186283316463,1.0,0.00015788186283316463,0.014030523598194122,0.031410619616508484,0.059170763939619064,0.10263488441705704,0.16783034801483154,0.2705703377723694,0.4592914879322052,0.5,0.669235348701477,1.0
1,4050,25000,0.28515490889549255,0.2942960858345032,0.00021647011453751475,1.0,0.00021647011453751475,0.013950959779322147,0.03106778673827648,0.059118565171957016,0.10200170427560806,0.16935566067695618,0.27035006880760193,0.4593570828437805,0.5,0.6715308427810669,1.0
1,4060,25000,0.28497961163520813,0.2941756844520569,0.00011295234435237944,1.0,0.00011295234435237944,0.013975500129163265,0.031077109277248383,0.059230636805295944,0.10195861011743546,0.1679646372795105,0.2706013023853302,0.4557574689388275,0.5,0.6711253523826599,1.0
1,4070,25000,0.284961074590683,0.2942226827144623,0.00019770770450122654,1.0,0.00019770770450122654,0.01379696000367403,0.03116764687001705,0.05899185314774513,0.10257865488529205,0.16759344935417175,0.2703166902065277,0.4588533341884613,0.5,0.6734797358512878,1.0
1,4080,25000,0.2851792275905609,0.2942708432674408,0.00012134334974689409,1.0,0.00012134334974689409,0.013878313824534416,0.031103959307074547,0.058688245713710785,0.10266295075416565,0.16766972839832306,0.2702386677265167,0.46093153953552246,0.5,0.6714414954185486,1.0
1,4090,25000,0.28513702750205994,0.29426059126853943,0.00012178275210317224,1.0,0.00012178275210317224,0.013939695432782173,0.031159669160842896,0.05893591418862343,0.10258343070745468,0.16782790422439575,0.2698766589164734,0.4576828181743622,0.5,0.6735661625862122,1.0
1,4100,25000,0.28537890315055847,0.294341504573822,0.00010898734035436064,1.0,0.00010898734035436064,0.013918394222855568,0.03139382228255272,0.058986321091651917,0.10288263857364655,0.1672549992799759,0.2715858817100525,0.4593507945537567,0.5,0.6746435761451721,1.0
1,4110,25000,0.2850441336631775,0.29427000880241394,0.00013413721171673387,1.0,0.00013413721171673387,0.013799118809401989,0.03125665709376335,0.058792293071746826,0.10246597230434418,0.1679305136203766,0.2693623900413513,0.4584798812866211,0.5,0.6720287799835205,1.0
1,4120,25000,0.28513383865356445,0.2941763699054718,0.00010794198169605806,1.0,0.00010794198169605806,0.013809732161462307,0.03128781169652939,0.05906560644507408,0.10248108208179474,0.1680949628353119,0.2699218988418579,0.46057093143463135,0.5,0.6691372990608215,1.0
1,4130,25000,0.2851524353027344,0.2943044602870941,9.589126420905814e-05,1.0,9.589126420905814e-05,0.01387620996683836,0.031289830803871155,0.059204064309597015,0.10270115733146667,0.16782674193382263,0.2697373330593109,0.4578942060470581,0.5,0.6733505725860596,1.0
1,4140,25000,0.2849782705307007,0.29422223567962646,0.000127069404697977,1.0,0.000127069404697977,0.013849293813109398,0.031183911487460136,0.0591006726026535,0.10236424952745438,0.16754770278930664,0.2707468867301941,0.45678162574768066,0.5,0.6699999570846558,1.0
1,4150,25000,0.28510168194770813,0.2942672073841095,0.00013927150575909764,1.0,0.00013927150575909764,0.013996196910738945,0.031000761315226555,0.05908200144767761,0.10242444276809692,0.16817256808280945,0.27039456367492676,0.4597618579864502,0.5,0.6686609983444214,1.0
1,4160,25000,0.2852049767971039,0.29427048563957214,0.00013239071995485574,1.0,0.00013239071995485574,0.013945570215582848,0.031220125034451485,0.05894700810313225,0.10184865444898605,0.16818058490753174,0.27016881108283997,0.4594824016094208,0.5,0.6706914305686951,1.0
1,4170,25000,0.2850312888622284,0.2942197918891907,0.00011383232049411163,1.0,0.00011383232049411163,0.01374656893312931,0.0313594788312912,0.058875709772109985,0.1026860848069191,0.1683865338563919,0.26996320486068726,0.45643776655197144,0.5,0.6700984835624695,1.0
1,4180,25000,0.2850455939769745,0.2942245304584503,0.0001047519690473564,1.0,0.0001047519690473564,0.013933362439274788,0.03134804219007492,0.05888589844107628,0.10229499638080597,0.1678132861852646,0.26997503638267517,0.45850422978401184,0.5,0.6714892983436584,1.0
1,4190,25000,0.28503501415252686,0.29428356885910034,0.00011754195293178782,1.0,0.00011754195293178782,0.013945839367806911,0.0311870314180851,0.0586911179125309,0.10218589752912521,0.1672317385673523,0.2706789970397949,0.4582042992115021,0.5,0.6727830171585083,1.0
1,4200,25000,0.2852121889591217,0.294308602809906,0.00010445839143358171,1.0,0.00010445839143358171,0.013887730427086353,0.03126987814903259,0.05913015082478523,0.10169502347707748,0.16893750429153442,0.27129650115966797,0.45890167355537415,0.5,0.6701273322105408,1.0
1,4210,25000,0.2851365804672241,0.29429951310157776,0.00018131050455849618,1.0,0.00018131050455849618,0.01379445195198059,0.03113822638988495,0.05884750932455063,0.10248073190450668,0.16827163100242615,0.27189531922340393,0.45877566933631897,0.5,0.6699999570846558,1.0
1,4220,25000,0.2851316034793854,0.2941717505455017,0.00010131789895240217,1.0,0.00010131789895240217,0.014019139111042023,0.031250517815351486,0.059238750487565994,0.10259100794792175,0.1677071452140808,0.2711385190486908,0.4588381052017212,0.5,0.6690041422843933,1.0
1,4230,25000,0.28512540459632874,0.29426342248916626,0.0001391153346048668,1.0,0.0001391153346048668,0.013792606070637703,0.031056705862283707,0.05885254964232445,0.10252241045236588,0.16821134090423584,0.2702379822731018,0.4581316113471985,0.5,0.6699999570846558,1.0
1,4240,25000,0.28505831956863403,0.29421770572662354,9.716087515698746e-05,1.0,9.716087515698746e-05,0.013731627725064754,0.03121647797524929,0.05871569737792015,0.102146215736866,0.1682644784450531,0.2711227536201477,0.4589402377605438,0.5,0.6687221527099609,1.0
1,4250,25000,0.2851245105266571,0.2942778170108795,0.0001575164496898651,1.0,0.0001575164496898651,0.01391566637903452,0.031252421438694,0.05897999927401543,0.10279158502817154,0.16811302304267883,0.2708974778652191,0.45757341384887695,0.5,0.6706159114837646,1.0
1,4260,25000,0.2851371467113495,0.29432106018066406,0.00010040570487035438,1.0,0.00010040570487035438,0.01381822768598795,0.031181728467345238,0.05898243933916092,0.1018141582608223,0.16843357682228088,0.270645409822464,0.45903441309928894,0.5,0.6699999570846558,1.0
1,4270,25000,0.28517016768455505,0.2942371368408203,0.00010835153807420284,1.0,0.00010835153807420284,0.013962754048407078,0.031320102512836456,0.05901432782411575,0.1027827337384224,0.16840612888336182,0.27052590250968933,0.46090343594551086,0.5,0.67086261510849,1.0
1,4280,25000,0.28502944111824036,0.29417508840560913,9.104357013711706e-05,1.0,9.104357013711706e-05,0.013799693435430527,0.03138050436973572,0.059252798557281494,0.1023116484284401,0.16853883862495422,0.2696325480937958,0.457499623298645,0.5,0.6702804565429688,1.0
1,4290,25000,0.28518569469451904,0.2942156195640564,0.00011170306243002415,1.0,0.00011170306243002415,0.013806120492517948,0.031157605350017548,0.05926483869552612,0.10235362499952316,0.16885793209075928,0.2709245979785919,0.45945486426353455,0.5,0.670005738735199,1.0
1,4300,25000,0.28504136204719543,0.2941376566886902,0.00010114958422491327,1.0,0.00010114958422491327,0.013776417821645737,0.031228769570589066,0.058891478925943375,0.10258234292268753,0.16837404668331146,0.2701066732406616,0.4583282172679901,0.5,0.6684091091156006,1.0
1,4310,25000,0.28504613041877747,0.2941734492778778,0.00015874914242886007,1.0,0.00015874914242886007,0.013910012319684029,0.03127172589302063,0.058976028114557266,0.10283858329057693,0.1686360239982605,0.2702041566371918,0.45544755458831787,0.5,0.6728920340538025,1.0
1,4320,25000,0.2851262390613556,0.29423755407333374,0.00011127866309834644,1.0,0.00011127866309834644,0.013811926357448101,0.031033722683787346,0.05877544358372688,0.10278784483671188,0.16824620962142944,0.26986590027809143,0.45964887738227844,0.5,0.6703561544418335,1.0
1,4330,25000,0.28511103987693787,0.2942359745502472,9.055186092155054e-05,1.0,9.055186092155054e-05,0.013973706401884556,0.031008414924144745,0.05922379717230797,0.10227441042661667,0.16778062283992767,0.27023962140083313,0.4585529863834381,0.5,0.6690724492073059,1.0
1,4340,25000,0.28508588671684265,0.29417264461517334,0.00010922990622930229,1.0,0.00010922990622930229,0.01392260193824768,0.03128344193100929,0.05898149684071541,0.10232055187225342,0.16848152875900269,0.2701447010040283,0.46012386679649353,0.5,0.6699999570846558,1.0
1,4350,25000,0.2849457859992981,0.2941931486129761,0.0001443820510758087,1.0,0.0001443820510758087,0.013832599855959415,0.03132835403084755,0.059210240840911865,0.10200542211532593,0.16770008206367493,0.27105432748794556,0.4575575590133667,0.5,0.6738907098770142,1.0
1,4360,25000,0.2851090729236603,0.29425424337387085,0.00012238905765116215,1.0,0.00012238905765116215,0.013943907804787159,0.031192738562822342,0.0590803399682045,0.10267074406147003,0.16842925548553467,0.27035683393478394,0.46043896675109863,0.5,0.6698268055915833,1.0
1,4370,25000,0.285051554441452,0.2941763997077942,0.00012923219765070826,1.0,0.00012923219765070826,0.013780007138848305,0.031337957829236984,0.058988429605960846,0.10295997560024261,0.1683577299118042,0.27008646726608276,0.458940327167511,0.5,0.6699999570846558,1.0
1,4380,25000,0.2850891351699829,0.29426002502441406,9.811661584535614e-05,1.0,9.811661584535614e-05,0.01380076166242361,0.03142102435231209,0.05918174237012863,0.1021345779299736,0.16786015033721924,0.2706819474697113,0.4588872790336609,0.5,0.6713922023773193,1.0
1,4390,25000,0.2852369248867035,0.29427820444107056,0.00012106672511436045,1.0,0.00012106672511436045,0.013853976503014565,0.031360775232315063,0.059086356312036514,0.1024225726723671,0.16875576972961426,0.27036383748054504,0.4595918655395508,0.5,0.6699999570846558,1.0
1,4400,25000,0.28509607911109924,0.29426392912864685,9.994491847464815e-05,1.0,9.994491847464815e-05,0.013781918212771416,0.03102707862854004,0.059022217988967896,0.10232175141572952,0.16780690848827362,0.2707890272140503,0.45769497752189636,0.5,0.6755468845367432,1.0
1,4410,25000,0.28501588106155396,0.29407158493995667,0.00014143367297947407,1.0,0.00014143367297947407,0.013889429159462452,0.031497158110141754,0.059034064412117004,0.10269726067781448,0.16806945204734802,0.27077174186706543,0.45710355043411255,0.5,0.6701388359069824,1.0
1,4420,25000,0.2850135266780853,0.29420456290245056,0.00013522744120564312,1.0,0.00013522744120564312,0.014009875245392323,0.031212391331791878,0.0588160865008831,0.10300354659557343,0.1677645742893219,0.2701326310634613,0.4565327763557434,0.5,0.6699999570846558,1.0
1,4430,25000,0.2850840389728546,0.29428184032440186,9.747201693244278e-05,1.0,9.747201693244278e-05,0.013902506791055202,0.03141793608665466,0.05884750932455063,0.10234086215496063,0.16752558946609497,0.2703325152397156,0.45810920000076294,0.5,0.6714856624603271,1.0
1,4440,25000,0.28522011637687683,0.29431450366973877,0.00010523568926146254,1.0,0.00010523568926146254,0.013831641525030136,0.0312662348151207,0.059408336877822876,0.10170549154281616,0.16784507036209106,0.2705575227737427,0.4594511091709137,0.5,0.6728768944740295,1.0
1,4450,25000,0.28513479232788086,0.2942781448364258,9.947564103640616e-05,1.0,9.947564103640616e-05,0.013836661353707314,0.03136875107884407,0.05911395326256752,0.1026722863316536,0.16777634620666504,0.27015113830566406,0.4589003622531891,0.5,0.6694819927215576,1.0
1,4460,25000,0.2851746678352356,0.2941657602787018,0.00016875052824616432,1.0,0.00016875052824616432,0.013919021934270859,0.030979420989751816,0.059063687920570374,0.1027764305472374,0.16720619797706604,0.2721906006336212,0.4564845860004425,0.5,0.6706320643424988,1.0
1,4470,25000,0.28516557812690735,0.294249951839447,0.00012362557754386216,1.0,0.00012362557754386216,0.013826771639287472,0.03116176836192608,0.05896840989589691,0.10259333997964859,0.16831044852733612,0.2712816596031189,0.45746269822120667,0.5,0.668533205986023,1.0
1,4480,25000,0.2851412892341614,0.2942368984222412,0.00013777117419522256,1.0,0.00013777117419522256,0.013896215707063675,0.03149581700563431,0.058962248265743256,0.10249923169612885,0.16795623302459717,0.2713017165660858,0.4574747383594513,0.5,0.6726813316345215,1.0
1,4490,25000,0.28498443961143494,0.29416921734809875,8.915288344724104e-05,1.0,8.915288344724104e-05,0.013985821045935154,0.03150742128491402,0.058811165392398834,0.10234441608190536,0.16814613342285156,0.2698867619037628,0.45915013551712036,0.5,0.6664644479751587,1.0
1,4500,25000,0.28522753715515137,0.29429179430007935,0.00011546621681191027,1.0,0.00011546621681191027,0.013866380788385868,0.031258195638656616,0.058944303542375565,0.10262121260166168,0.1687062382698059,0.2714308500289917,0.4597032368183136,0.5,0.6698974967002869,1.0
1,4510,25000,0.2852110266685486,0.2943926453590393,9.798140672501177e-05,1.0,9.798140672501177e-05,0.013878033496439457,0.03124975971877575,0.05894650146365166,0.1020936667919159,0.1679345816373825,0.2705937623977661,0.4610500931739807,0.5,0.6732715368270874,1.0
1,4520,25000,0.2850606143474579,0.29423490166664124,0.0001319602015428245,1.0,0.0001319602015428245,0.013863627798855305,0.031169041991233826,0.05923648178577423,0.1022939532995224,0.16877426207065582,0.2710164189338684,0.4590288996696472,0.5,0.6708692312240601,1.0
1,4530,25000,0.2851341664791107,0.29419568181037903,0.00011615283438004553,1.0,0.00011615283438004553,0.013782089576125145,0.031181341037154198,0.05923883244395256,0.1021621972322464,0.1679505854845047,0.27130356431007385,0.4582381248474121,0.5,0.6692209243774414,1.0
1,4540,25000,0.2850985825061798,0.2942342460155487,0.00012382690329104662,1.0,0.00012382690329104662,0.013937024399638176,0.031262096017599106,0.05908208712935448,0.10233038663864136,0.168624609708786,0.27070385217666626,0.4600847363471985,0.5,0.6684711575508118,1.0
1,4550,25000,0.28509172797203064,0.29423394799232483,0.00011058588279411197,1.0,0.00011058588279411197,0.013996778056025505,0.03131777048110962,0.05830655246973038,0.10232343524694443,0.16839158535003662,0.27117955684661865,0.45975011587142944,0.5,0.6707911491394043,1.0
1,4560,25000,0.2851467728614807,0.29431912302970886,0.00013229993055574596,1.0,0.00013229993055574596,0.013944834470748901,0.03123089298605919,0.05877220630645752,0.10205426067113876,0.16853369772434235,0.2697582542896271,0.4597172141075134,0.5,0.6709505319595337,1.0
1,4570,25000,0.285049706697464,0.29420673847198486,0.00010946622933261096,1.0,0.00010946622933261096,0.013854822143912315,0.03130964934825897,0.05898067355155945,0.10246739536523819,0.16904479265213013,0.2702803611755371,0.4586743712425232,0.5,0.6680130362510681,1.0
1,4580,25000,0.2851065993309021,0.2941008508205414,0.00013929125270806253,1.0,0.00013929125270806253,0.013778752647340298,0.031351566314697266,0.059174712747335434,0.10245149582624435,0.16818898916244507,0.2709762156009674,0.45926809310913086,0.5,0.6675809025764465,1.0
1,4590,25000,0.2850324213504791,0.29411780834198,0.00010412465780973434,1.0,0.00010412465780973434,0.013935326598584652,0.03118942864239216,0.05903215706348419,0.10218214243650436,0.168941468000412,0.27033817768096924,0.4594693183898926,0.5,0.6699999570846558,1.0
1,4600,25000,0.2851264178752899,0.2941281199455261,0.00012037528358632699,1.0,0.00012037528358632699,0.013819429092109203,0.03105553612112999,0.05917933210730553,0.10262040048837662,0.1687830090522766,0.2705449163913727,0.4570227563381195,0.5,0.6700463891029358,1.0
1,4610,25000,0.28502756357192993,0.2942630648612976,9.599533950677142e-05,1.0,9.599533950677142e-05,0.013965125195682049,0.03127964958548546,0.05874304473400116,0.101741723716259,0.16783225536346436,0.27020877599716187,0.4583713412284851,0.5,0.6722645163536072,1.0
1,4620,25000,0.2850780487060547,0.29418885707855225,0.00010931062570307404,1.0,0.00010931062570307404,0.013912886381149292,0.031506821513175964,0.0592009536921978,0.1022375300526619,0.16825196146965027,0.27122244238853455,0.45720285177230835,0.5,0.6686315536499023,1.0
1,4630,25000,0.2852092981338501,0.2942871153354645,0.0001009541520033963,1.0,0.0001009541520033963,0.013979483395814896,0.0314953438937664,0.05919994041323662,0.10265205800533295,0.16934022307395935,0.2701301574707031,0.4582977294921875,0.5,0.6720490455627441,1.0
1,4640,25000,0.2850712835788727,0.29428648948669434,0.00016142077220138162,1.0,0.00016142077220138162,0.01399652287364006,0.031191490590572357,0.058932047337293625,0.10293301939964294,0.16811463236808777,0.271259605884552,0.4581730365753174,0.5,0.6711507439613342,1.0
1,4650,25000,0.2850700914859772,0.29420310258865356,0.0001149987947428599,1.0,0.0001149987947428599,0.013982132077217102,0.03136095032095909,0.05930964648723602,0.10257260501384735,0.16836762428283691,0.27093926072120667,0.4578406512737274,0.5,0.6742979884147644,1.0
1,4660,25000,0.2851005494594574,0.29423755407333374,0.00014687268412671983,1.0,0.00014687268412671983,0.013787216506898403,0.031060880050063133,0.05921226739883423,0.10238926857709885,0.1681646853685379,0.2715110778808594,0.4587084650993347,0.5,0.6712092757225037,1.0
1,4670,25000,0.2849268615245819,0.2942284047603607,0.00010575187479844317,1.0,0.00010575187479844317,0.013943144120275974,0.031080201268196106,0.058994635939598083,0.10268139094114304,0.1674887090921402,0.27039581537246704,0.45702528953552246,0.5,0.6713888645172119,1.0
1,4680,25000,0.2851767838001251,0.29428616166114807,9.793782373890281e-05,1.0,9.793782373890281e-05,0.013845096342265606,0.03136445954442024,0.058818269520998,0.1020827516913414,0.16820555925369263,0.2704510986804962,0.45986518263816833,0.5,0.6699999570846558,1.0
1,4690,25000,0.28503572940826416,0.29429471492767334,0.00011140877177240327,1.0,0.00011140877177240327,0.013856358826160431,0.031016750261187553,0.058933570981025696,0.1021585613489151,0.16870321333408356,0.2711339592933655,0.46044832468032837,0.5,0.6699999570846558,1.0
1,4700,25000,0.28510135412216187,0.2941625416278839,0.00012900386354885995,1.0,0.00012900386354885995,0.013855268247425556,0.031091151759028435,0.05915195494890213,0.1020982638001442,0.16848553717136383,0.27161386609077454,0.45795005559921265,0.5,0.6710516810417175,1.0
1,4710,25000,0.284997820854187,0.29428040981292725,0.00012120412429794669,1.0,0.00012120412429794669,0.013939003460109234,0.03090026043355465,0.05909162759780884,0.10219444334506989,0.16774322092533112,0.2701251804828644,0.4587343633174896,0.5,0.6712790131568909,1.0
1,4720,25000,0.2850945293903351,0.2942400872707367,0.00014978041872382164,1.0,0.00014978041872382164,0.013799009844660759,0.031187495216727257,0.05924713984131813,0.1022261530160904,0.16912537813186646,0.27081844210624695,0.4578252136707306,0.5,0.6716210246086121,1.0
1,4730,25000,0.2851223051548004,0.2943432927131653,0.0001765205670380965,1.0,0.0001765205670380965,0.013785596005618572,0.031121069565415382,0.05878804624080658,0.10261297971010208,0.16795623302459717,0.2692944407463074,0.45888665318489075,0.5,0.6705929040908813,1.0
1,4740,25000,0.2851817309856415,0.2942519783973694,0.00010584565461613238,1.0,0.00010584565461613238,0.013908876106142998,0.031339678913354874,0.05909335985779762,0.10279856622219086,0.16844478249549866,0.2695971727371216,0.45947587490081787,0.5,0.66866135597229,1.0
1,4750,25000,0.28499287366867065,0.2942049205303192,0.00011653331603156403,1.0,0.00011653331603156403,0.01376237254589796,0.03134826943278313,0.05936243012547493,0.10233262926340103,0.16774645447731018,0.270982950925827,0.4588582515716553,0.5,0.6697520017623901,1.0
1,4760,25000,0.2853674292564392,0.29427579045295715,0.00011653044930426404,1.0,0.00011653044930426404,0.01387296337634325,0.03108380362391472,0.05923675373196602,0.10314720869064331,0.16848224401474,0.27165353298187256,0.45915699005126953,0.5,0.6699999570846558,1.0
1,4770,25000,0.28519466519355774,0.29428818821907043,0.00011438168439781293,1.0,0.00011438168439781293,0.013894842937588692,0.031161796301603317,0.05910917744040489,0.1027483344078064,0.16846880316734314,0.2707411050796509,0.4582214057445526,0.5,0.6683317422866821,1.0
1,4780,25000,0.2850612998008728,0.2942885458469391,0.00011454757623141631,1.0,0.00011454757623141631,0.013898390345275402,0.031233055517077446,0.05892892926931381,0.10283327102661133,0.16755834221839905,0.26977866888046265,0.4588007926940918,0.5,0.6697019338607788,1.0
1,4790,25000,0.28504836559295654,0.29429617524147034,0.00010038846812676638,1.0,0.00010038846812676638,0.01377151906490326,0.03133435547351837,0.059170860797166824,0.10209863632917404,0.16875100135803223,0.2711450159549713,0.45703479647636414,0.5,0.6737319231033325,1.0
1,4800,25000,0.2850821912288666,0.29413744807243347,9.201209468301386e-05,1.0,9.201209468301386e-05,0.014064369723200798,0.03135507181286812,0.05896672233939171,0.10287219285964966,0.16784606873989105,0.270628422498703,0.45872962474823,0.5,0.6682292819023132,1.0
1,4810,25000,0.285154789686203,0.29432207345962524,0.00013549489085562527,1.0,0.00013549489085562527,0.013906799256801605,0.031096210703253746,0.05893329903483391,0.10221166163682938,0.1681576669216156,0.2699761688709259,0.46041756868362427,0.5,0.669301450252533,1.0
1,4820,25000,0.284994900226593,0.29426515102386475,0.00010270570055581629,1.0,0.00010270570055581629,0.013867917470633984,0.0310628954321146,0.0589737705886364,0.10256169736385345,0.16715776920318604,0.2714940309524536,0.4581392705440521,0.5,0.6710267663002014,1.0
1,4830,25000,0.2851574420928955,0.2942419946193695,0.00011387334961909801,1.0,0.00011387334961909801,0.01382967084646225,0.031165791675448418,0.05928146094083786,0.10227125138044357,0.16923770308494568,0.2706545293331146,0.45815497636795044,0.5,0.6691907644271851,1.0
1,4840,25000,0.2850781977176666,0.2942046821117401,9.170418343273923e-05,1.0,9.170418343273923e-05,0.0138991205021739,0.031294550746679306,0.05916491895914078,0.10248780995607376,0.167562335729599,0.26983994245529175,0.45913246273994446,0.5,0.6685360074043274,1.0
1,4850,25000,0.2849803864955902,0.2941131889820099,0.00012282952957320958,1.0,0.00012282952957320958,0.013968268409371376,0.03136509284377098,0.05942649394273758,0.10271333158016205,0.167214035987854,0.2690507471561432,0.4582313895225525,0.5,0.6684207916259766,1.0
1,4860,25000,0.28507179021835327,0.29414433240890503,0.00011227369395783171,1.0,0.00011227369395783171,0.013907820917665958,0.03148952126502991,0.058618079870939255,0.10261104255914688,0.1678038090467453,0.27035579085350037,0.45843252539634705,0.5,0.6680480241775513,1.0
1,4870,25000,0.2851681411266327,0.2943260371685028,9.494514961261302e-05,1.0,9.494514961261302e-05,0.013746988028287888,0.031271904706954956,0.059042789041996,0.10266389697790146,0.16823793947696686,0.27123144268989563,0.4592486619949341,0.5,0.6723111867904663,1.0
1,4880,25000,0.2853318154811859,0.2942624092102051,0.00011242165055591613,1.0,0.00011242165055591613,0.013848179019987583,0.031187614426016808,0.05939788743853569,0.10234330594539642,0.16812081634998322,0.2707696557044983,0.46011462807655334,0.5,0.6699999570846558,1.0
1,4890,25000,0.2852369546890259,0.294305682182312,0.00013088846753817052,1.0,0.00013088846753817052,0.013895398937165737,0.03129194676876068,0.05914127081632614,0.1015230268239975,0.16833758354187012,0.27106472849845886,0.45972561836242676,0.5,0.6727617979049683,1.0
1,4900,25000,0.284958153963089,0.29416584968566895,0.0001519198267487809,1.0,0.0001519198267487809,0.013998261652886868,0.031130874529480934,0.05930894985795021,0.10206004232168198,0.16833418607711792,0.2700882852077484,0.4560388922691345,0.5,0.6697598099708557,1.0
1,4910,25000,0.2851192355155945,0.29415833950042725,0.00014873773034196347,1.0,0.00014873773034196347,0.013809144496917725,0.03133681043982506,0.05938488617539406,0.10241842269897461,0.16917923092842102,0.27039074897766113,0.45855724811553955,0.5,0.673512876033783,1.0
1,4920,25000,0.28515881299972534,0.29419779777526855,9.995915024774149e-05,1.0,9.995915024774149e-05,0.014020420610904694,0.03118920512497425,0.05914837121963501,0.10267768800258636,0.1683495044708252,0.2705702781677246,0.460153728723526,0.5,0.6694832444190979,1.0
1,4930,25000,0.2850201427936554,0.2942270040512085,0.00010483580990694463,1.0,0.00010483580990694463,0.013800373300909996,0.031139854341745377,0.05897912755608559,0.10235347598791122,0.16877996921539307,0.27000242471694946,0.45803484320640564,0.5,0.6695049405097961,1.0
1,4940,25000,0.28502216935157776,0.2943560481071472,0.00010736517288023606,1.0,0.00010736517288023606,0.013784414157271385,0.030950162559747696,0.059095460921525955,0.10261040925979614,0.16788345575332642,0.27019035816192627,0.46007877588272095,0.5,0.6715826392173767,1.0
1,4950,25000,0.2850585877895355,0.29418113827705383,0.0001564821577630937,1.0,0.0001564821577630937,0.013919690623879433,0.031323034316301346,0.05896814540028572,0.1021050214767456,0.1690070927143097,0.2702837586402893,0.45872172713279724,0.5,0.6692941784858704,1.0
1,4960,25000,0.2851456105709076,0.29422855377197266,0.00012064972543157637,1.0,0.00012064972543157637,0.013897852040827274,0.03152674064040184,0.05897195264697075,0.10256466269493103,0.16852667927742004,0.27051034569740295,0.45939475297927856,0.5,0.6725984811782837,1.0
1,4970,25000,0.28521838784217834,0.29435262084007263,0.00013645700528286397,1.0,0.00013645700528286397,0.01382094994187355,0.03133494406938553,0.05879192054271698,0.10243291407823563,0.16851194202899933,0.2710142135620117,0.45811009407043457,0.5,0.6714925765991211,1.0
1,4980,25000,0.28499844670295715,0.2941827178001404,0.0001902277144836262,1.0,0.0001902277144836262,0.013708220794796944,0.03145156428217888,0.0591297373175621,0.10189800709486008,0.1690036654472351,0.2691623866558075,0.45872581005096436,0.5,0.6665006875991821,1.0
1,4990,25000,0.28514981269836426,0.29424557089805603,9.908997162710875e-05,1.0,9.908997162710875e-05,0.013812992721796036,0.03130112960934639,0.05928830802440643,0.10307396948337555,0.16838854551315308,0.2696986198425293,0.4589005708694458,0.5,0.6697264313697815,1.0
1,5000,25000,0.28513818979263306,0.2942579388618469,0.00014719442697241902,1.0,0.00014719442697241902,0.013872125186026096,0.031133946031332016,0.05945795029401779,0.10252118855714798,0.16823002696037292,0.2703667879104614,0.45835596323013306,0.5,0.6706989407539368,1.0
1,5010,25000,0.2851751148700714,0.29430609941482544,0.0001474605523981154,1.0,0.0001474605523981154,0.013869606889784336,0.03136715292930603,0.05914643406867981,0.1023331806063652,0.16851645708084106,0.27014970779418945,0.4581540822982788,0.5,0.6701112389564514,1.0
1,5020,25000,0.28497442603111267,0.2942216992378235,0.00011615369294304401,1.0,0.00011615369294304401,0.013955551199615002,0.03142218291759491,0.059313975274562836,0.10220597684383392,0.16812342405319214,0.2695625126361847,0.45669782161712646,0.5,0.6699999570846558,1.0
1,5030,25000,0.2849655747413635,0.2939794063568115,0.00010626432049321011,1.0,0.00010626432049321011,0.013809379190206528,0.031204277649521828,0.05907920375466347,0.10246624052524567,0.16854597628116608,0.27120229601860046,0.45823904871940613,0.5,0.6673287153244019,1.0
1,5040,25000,0.2849613130092621,0.2941689193248749,9.030246292240918e-05,1.0,9.030246292240918e-05,0.013777044601738453,0.031307920813560486,0.05908429995179176,0.10233473032712936,0.16771528124809265,0.2706129848957062,0.457650363445282,0.5,0.6707772016525269,1.0
1,5050,25000,0.2851666808128357,0.2942391037940979,0.00012606641394086182,1.0,0.00012606641394086182,0.013858637772500515,0.03144792467355728,0.05931159481406212,0.10262051224708557,0.16806313395500183,0.27064552903175354,0.4598260521888733,0.5,0.671776294708252,1.0
1,5060,25000,0.28504103422164917,0.2943381071090698,0.00014079012908041477,1.0,0.00014079012908041477,0.013843152672052383,0.031133469194173813,0.059483397752046585,0.10189099609851837,0.16768649220466614,0.27010267972946167,0.4598996639251709,0.5,0.6718137860298157,1.0
1,5070,25000,0.28493747115135193,0.2941625714302063,0.00012135630095144734,1.0,0.00012135630095144734,0.013895944692194462,0.03136549890041351,0.05943800508975983,0.10267150402069092,0.16819074749946594,0.2702876925468445,0.45696526765823364,0.5,0.669668972492218,1.0
1,5080,25000,0.28505605459213257,0.29418811202049255,0.00011391661973902956,1.0,0.00011391661973902956,0.013973916880786419,0.03107004053890705,0.05909094214439392,0.10247395932674408,0.1681956648826599,0.2713591158390045,0.4607199430465698,0.5,0.6701803803443909,1.0
1,5090,25000,0.2852303385734558,0.29432442784309387,0.00013860809849575162,1.0,0.00013860809849575162,0.013899140991270542,0.03117220476269722,0.0590784028172493,0.10260496288537979,0.16812214255332947,0.27100393176078796,0.45935583114624023,0.5,0.6723672747612,1.0
1,5100,25000,0.28503426909446716,0.29429861903190613,0.00010887048119911924,1.0,0.00010887048119911924,0.01389320194721222,0.03118012100458145,0.05915459617972374,0.10261178761720657,0.167647585272789,0.2703302800655365,0.45757704973220825,0.5,0.6732553839683533,1.0
1,5110,25000,0.28514328598976135,0.29436975717544556,9.21165628824383e-05,1.0,9.21165628824383e-05,0.013826310634613037,0.031241673976182938,0.05879201740026474,0.10233733057975769,0.1681753396987915,0.26914307475090027,0.4593472480773926,0.5,0.6742660403251648,1.0
1,5120,25000,0.28519371151924133,0.2943081855773926,0.0001033783337334171,1.0,0.0001033783337334171,0.013911205343902111,0.03136511892080307,0.05916425213217735,0.10220008343458176,0.1682237833738327,0.2721092700958252,0.4591090977191925,0.5,0.6710108518600464,1.0
1,5130,25000,0.2852220833301544,0.2942224442958832,0.00015248326235450804,1.0,0.00015248326235450804,0.013879009522497654,0.031194258481264114,0.059200260788202286,0.10254640132188797,0.16878081858158112,0.270949125289917,0.45839715003967285,0.5,0.6691200733184814,1.0
1,5140,25000,0.2849985957145691,0.2942259609699249,0.00011992645886493847,1.0,0.00011992645886493847,0.013981828466057777,0.03136712312698364,0.05925817787647247,0.10277476906776428,0.16764342784881592,0.2704167664051056,0.4573580324649811,0.5,0.6739192008972168,1.0
1,5150,25000,0.2851640284061432,0.29425621032714844,0.00010122978710569441,1.0,0.00010122978710569441,0.013826257549226284,0.03131125867366791,0.058969199657440186,0.10256655514240265,0.1686367392539978,0.2716488838195801,0.4591519832611084,0.5,0.6717403531074524,1.0
1,5160,25000,0.28528541326522827,0.2943495810031891,0.00014159202692098916,1.0,0.00014159202692098916,0.01390506885945797,0.031232377514243126,0.05929556488990784,0.10267508029937744,0.1682179570198059,0.27163735032081604,0.45711877942085266,0.5,0.6752956509590149,1.0
1,5170,25000,0.2849382162094116,0.29428622126579285,0.00017654855037108064,1.0,0.00017654855037108064,0.013969791121780872,0.031112171709537506,0.05901458486914635,0.10208720713853836,0.16776563227176666,0.2699684798717499,0.4592461585998535,0.5,0.6734052300453186,1.0
1,5180,25000,0.28505030274391174,0.29428452253341675,0.00011852473835460842,1.0,0.00011852473835460842,0.01382075808942318,0.030965249985456467,0.0591600127518177,0.10208696871995926,0.1678123027086258,0.27019786834716797,0.4589488208293915,0.5,0.6706969738006592,1.0
1,5190,25000,0.2852656841278076,0.29430338740348816,0.00013388645311351866,1.0,0.00013388645311351866,0.013923033140599728,0.03129914402961731,0.05890687555074692,0.10207638144493103,0.16928525269031525,0.2709425091743469,0.4588271975517273,0.5,0.6712294220924377,1.0
1,5200,25000,0.28509753942489624,0.2942114472389221,0.00013024642248637974,1.0,0.00013024642248637974,0.014019654132425785,0.03106509894132614,0.05892382934689522,0.10185524076223373,0.16864800453186035,0.27120691537857056,0.45849454402923584,0.5,0.6701694130897522,1.0
1,5210,25000,0.2852519750595093,0.2942952513694763,0.0001305201294599101,1.0,0.0001305201294599101,0.013854612596333027,0.031201601028442383,0.05890139192342758,0.10277601331472397,0.1686294972896576,0.27100634574890137,0.4586429297924042,0.5,0.6680547595024109,1.0
1,5220,25000,0.2851196229457855,0.2941662669181824,0.00011503811401780695,1.0,0.00011503811401780695,0.0138992415741086,0.031146900728344917,0.05925756320357323,0.10234866291284561,0.16811129450798035,0.2715812921524048,0.45905470848083496,0.5,0.6704160571098328,1.0
1,5230,25000,0.285063236951828,0.29416051506996155,0.00014116808597464114,1.0,0.00014116808597464114,0.013822130858898163,0.03138716146349907,0.05960714817047119,0.10270325094461441,0.16756492853164673,0.26969051361083984,0.45733046531677246,0.5,0.6683154702186584,1.0
1,5240,25000,0.28514358401298523,0.2943059802055359,0.00010732168448157609,1.0,0.00010732168448157609,0.014028772711753845,0.031241528689861298,0.05892810598015785,0.10242808610200882,0.1673843264579773,0.2702222168445587,0.4579283595085144,0.5,0.669590950012207,1.0
1,5250,25000,0.2851770222187042,0.2942304313182831,9.802747081266716e-05,1.0,9.802747081266716e-05,0.01383619662374258,0.031233269721269608,0.05882977321743965,0.10280051827430725,0.16823986172676086,0.2695111632347107,0.4603464603424072,0.5,0.6697262525558472,1.0
1,5260,25000,0.28497806191444397,0.29408150911331177,0.00011136916873510927,1.0,0.00011136916873510927,0.013828533701598644,0.031256936490535736,0.05910313129425049,0.1021193265914917,0.16846522688865662,0.2716206908226013,0.45540088415145874,0.5,0.6677728891372681,1.0
1,5270,25000,0.28508123755455017,0.2941861152648926,0.00010832193947862834,1.0,0.00010832193947862834,0.013808178715407848,0.030981335788965225,0.059037741273641586,0.10215397924184799,0.16801142692565918,0.2711045742034912,0.45925241708755493,0.5,0.6712165474891663,1.0
1,5280,25000,0.28510525822639465,0.29431089758872986,0.0001829151005949825,1.0,0.0001829151005949825,0.01387635339051485,0.03137644752860069,0.0591922253370285,0.1026427149772644,0.167745441198349,0.26878994703292847,0.4608144760131836,0.5,0.6729307770729065,1.0
1,5290,25000,0.2850743234157562,0.29421767592430115,0.0001342437171842903,1.0,0.0001342437171842903,0.014009367674589157,0.031244473531842232,0.058703500777482986,0.10241123288869858,0.16849319636821747,0.2704966366291046,0.45961880683898926,0.5,0.6698442697525024,1.0
1,5300,25000,0.2852226793766022,0.2942863404750824,9.405138553120196e-05,1.0,9.405138553120196e-05,0.013897605240345001,0.03132487088441849,0.059319037944078445,0.10282756388187408,0.1675327867269516,0.27126869559288025,0.45893192291259766,0.5,0.6755146384239197,1.0
1,5310,25000,0.28490185737609863,0.2941655218601227,9.385273733641952e-05,1.0,9.385273733641952e-05,0.013930327259004116,0.03112216666340828,0.059014879167079926,0.10248752683401108,0.16846995055675507,0.27003857493400574,0.45921534299850464,0.5,0.6718432307243347,1.0
1,5320,25000,0.28500816226005554,0.2942621409893036,9.64382488746196e-05,1.0,9.64382488746196e-05,0.013924120925366879,0.031226035207509995,0.05886796489357948,0.10197345167398453,0.16800269484519958,0.26959478855133057,0.45918434858322144,0.5,0.6699999570846558,1.0
1,5330,25000,0.2852209508419037,0.2942869961261749,0.00010737583943409845,1.0,0.00010737583943409845,0.013874014839529991,0.031362295150756836,0.05917239561676979,0.10236891359090805,0.16850319504737854,0.2712196409702301,0.4583450257778168,0.5,0.6722480654716492,1.0
1,5340,25000,0.285078763961792,0.2943226099014282,8.633203833596781e-05,1.0,8.633203833596781e-05,0.01390828937292099,0.03138485923409462,0.05937856435775757,0.10240121185779572,0.1675834357738495,0.27037012577056885,0.4587257206439972,0.5,0.6709256768226624,1.0
1,5350,25000,0.2851361334323883,0.29426276683807373,9.524513006908819e-05,1.0,9.524513006908819e-05,0.013966613449156284,0.03127586841583252,0.059391967952251434,0.10288035124540329,0.16779349744319916,0.2701914608478546,0.45833060145378113,0.5,0.6724845170974731,1.0
1,5360,25000,0.2850300371646881,0.2942034900188446,9.728388977237046e-05,1.0,9.728388977237046e-05,0.013940817676484585,0.0313398502767086,0.05895354598760605,0.10261167585849762,0.16785943508148193,0.2697935402393341,0.4588494598865509,0.5,0.6702245473861694,1.0
1,5370,25000,0.2851199507713318,0.29425209760665894,0.00011808535782620311,1.0,0.00011808535782620311,0.013943816535174847,0.031264930963516235,0.05923740193247795,0.10224934667348862,0.16820834577083588,0.2712472081184387,0.4593108594417572,0.5,0.6696779131889343,1.0
1,5380,25000,0.28499138355255127,0.29418569803237915,0.00011613973765634,1.0,0.00011613973765634,0.013835649006068707,0.031093865633010864,0.0589108020067215,0.10267235338687897,0.16866672039031982,0.27063530683517456,0.45784875750541687,0.5,0.6680688261985779,1.0
1,5390,25000,0.28519105911254883,0.294330358505249,0.00010180693061556667,1.0,0.00010180693061556667,0.013908539898693562,0.031308505684137344,0.05880042165517807,0.1024499237537384,0.16850124299526215,0.27065402269363403,0.45810243487358093,0.5,0.6704308986663818,1.0
1,5400,25000,0.2850021421909332,0.2942328453063965,0.00014400298823602498,1.0,0.00014400298823602498,0.013845862820744514,0.03101932257413864,0.05910836532711983,0.10191968828439713,0.16821561753749847,0.26995640993118286,0.4580141305923462,0.5,0.6687427759170532,1.0
1,5410,25000,0.2850249707698822,0.2941596806049347,0.0001226178283104673,1.0,0.0001226178283104673,0.013913407921791077,0.03156374394893646,0.05905093625187874,0.10202629864215851,0.1687125563621521,0.2708877623081207,0.4588906466960907,0.5,0.6707584857940674,1.0
1,5420,25000,0.28502124547958374,0.2942482531070709,0.00010185401333728805,1.0,0.00010185401333728805,0.013932653702795506,0.031236179172992706,0.05909876897931099,0.10250506550073624,0.16735190153121948,0.27125978469848633,0.4559071362018585,0.5,0.6699999570846558,1.0
1,5430,25000,0.28503334522247314,0.29421499371528625,9.634984598960727e-05,1.0,9.634984598960727e-05,0.013866204768419266,0.03121826983988285,0.05905729904770851,0.10221241414546967,0.16792654991149902,0.2700634300708771,0.45751309394836426,0.5,0.6659231185913086,1.0
1,5440,25000,0.28496772050857544,0.29413357377052307,0.00011371360596967861,1.0,0.00011371360596967861,0.013899669051170349,0.03136278688907623,0.05928068608045578,0.10244795680046082,0.16789287328720093,0.2712955176830292,0.45966655015945435,0.5,0.6702941060066223,1.0
1,5450,25000,0.2850758731365204,0.2941693067550659,0.00010526614642003551,1.0,0.00010526614642003551,0.01405473705381155,0.03096260130405426,0.05896935239434242,0.10247042775154114,0.16859769821166992,0.2699632942676544,0.4577837288379669,0.5,0.6699346899986267,1.0
1,5460,25000,0.285177618265152,0.29427745938301086,0.0001500001671956852,1.0,0.0001500001671956852,0.013870752416551113,0.03113611415028572,0.059254735708236694,0.10229068249464035,0.1677049696445465,0.27041885256767273,0.458541601896286,0.5,0.6739357709884644,1.0
1,5470,25000,0.2850020229816437,0.294173002243042,0.00012426731700543314,1.0,0.00012426731700543314,0.013976320624351501,0.031277500092983246,0.05927685275673866,0.10252804309129715,0.16796395182609558,0.270905077457428,0.4573560655117035,0.5,0.6699433922767639,1.0
1,5480,25000,0.2849607765674591,0.29423993825912476,0.0001229227491421625,1.0,0.0001229227491421625,0.01398483570665121,0.03127826750278473,0.05911237746477127,0.10221490263938904,0.16780045628547668,0.27048006653785706,0.4585789144039154,0.5,0.670011579990387,1.0
1,5490,25000,0.2850036323070526,0.29431676864624023,9.830792987486348e-05,1.0,9.830792987486348e-05,0.013850481249392033,0.031126128509640694,0.059386905282735825,0.10219452530145645,0.16821254789829254,0.26906487345695496,0.45997849106788635,0.5,0.671742856502533,1.0
1,5500,25000,0.2851077616214752,0.2942955195903778,0.00014307077799458057,1.0,0.00014307077799458057,0.013760986737906933,0.031054358929395676,0.0589621476829052,0.10261388123035431,0.1685607135295868,0.2709004282951355,0.4607667922973633,0.5,0.6693581938743591,1.0
1,5510,25000,0.2851916253566742,0.2942058742046356,0.00011298699246253818,1.0,0.00011298699246253818,0.013840577565133572,0.031344182789325714,0.05952281504869461,0.10262849926948547,0.16778546571731567,0.271140992641449,0.4597409665584564,0.5,0.6701274514198303,1.0
1,5520,25000,0.28505414724349976,0.2942247986793518,0.00014727703819517046,1.0,0.00014727703819517046,0.013909975066781044,0.03129652515053749,0.059405770152807236,0.10190653800964355,0.16869904100894928,0.27071303129196167,0.4586794078350067,0.5,0.6718097925186157,1.0
1,5530,25000,0.28528374433517456,0.29431939125061035,0.00012157965102232993,1.0,0.00012157965102232993,0.013894173316657543,0.03110235556960106,0.05907652527093887,0.10203631222248077,0.1680079698562622,0.2723410129547119,0.45932886004447937,0.5,0.6716817021369934,1.0
1,5540,25000,0.2851732671260834,0.29429301619529724,0.00014700274914503098,1.0,0.00014700274914503098,0.01387945655733347,0.03160938248038292,0.059041813015937805,0.10303360968828201,0.16879211366176605,0.26981887221336365,0.4577416479587555,0.5,0.6733918190002441,1.0
1,5550,25000,0.2850952744483948,0.2943154573440552,9.684111864771694e-05,1.0,9.684111864771694e-05,0.013866651803255081,0.031218281015753746,0.05933389812707901,0.10228148847818375,0.16778087615966797,0.2695174813270569,0.4590921998023987,0.5,0.6714426279067993,1.0
1,5560,25000,0.2850511074066162,0.29415374994277954,0.00010336466948501766,1.0,0.00010336466948501766,0.013873300515115261,0.03139243274927139,0.05866582319140434,0.10322674363851547,0.16704370081424713,0.27116015553474426,0.4582228660583496,0.5,0.668161153793335,1.0
1,5570,25000,0.2850920855998993,0.29426831007003784,9.509415394859388e-05,1.0,9.509415394859388e-05,0.013821987435221672,0.03145034238696098,0.059020526707172394,0.10198314487934113,0.16879937052726746,0.2702590525150299,0.45887380838394165,0.5,0.6706829071044922,1.0
1,5580,25000,0.28530099987983704,0.29430410265922546,0.00012080973101546988,1.0,0.00012080973101546988,0.013890801928937435,0.03152325376868248,0.05918280407786369,0.10240835696458817,0.16863538324832916,0.27202633023262024,0.45863544940948486,0.5,0.6721789240837097,1.0
1,5590,25000,0.2852458953857422,0.2942548990249634,0.00012077312567271292,1.0,0.00012077312567271292,0.014020008035004139,0.03138295188546181,0.05912892147898674,0.10232207179069519,0.16882306337356567,0.27035918831825256,0.46088042855262756,0.5,0.6699620485305786,1.0
1,5600,25000,0.2851511538028717,0.2943025231361389,0.00012443035666365176,1.0,0.00012443035666365176,0.013859017752110958,0.03110921010375023,0.0593557171523571,0.10209173709154129,0.1681937724351883,0.27048760652542114,0.45663562417030334,0.5,0.6735365390777588,1.0
1,5610,25000,0.28505969047546387,0.2942386567592621,9.964824130292982e-05,1.0,9.964824130292982e-05,0.013852600008249283,0.03126312047243118,0.05891665071249008,0.10260187834501266,0.1680397391319275,0.26971855759620667,0.4607919752597809,0.5,0.6702058911323547,1.0
1,5620,25000,0.28490206599235535,0.29410862922668457,0.0001159826570074074,1.0,0.0001159826570074074,0.013836458325386047,0.03133619576692581,0.05924130231142044,0.10246293991804123,0.16851523518562317,0.2702887952327728,0.4588816463947296,0.5,0.664867103099823,1.0
1,5630,25000,0.2850323021411896,0.29414060711860657,0.00011652502871584147,1.0,0.00011652502871584147,0.013781122863292694,0.0313417911529541,0.059067536145448685,0.10237617790699005,0.1684805452823639,0.2697264552116394,0.4592708647251129,0.5,0.6689038276672363,1.0
1,5640,25000,0.2852189242839813,0.29432031512260437,0.0001595115609234199,1.0,0.0001595115609234199,0.013998640701174736,0.03121880255639553,0.059266865253448486,0.10260183364152908,0.1683003306388855,0.27131175994873047,0.4569042921066284,0.5,0.6764285564422607,1.0
1,5650,25000,0.2849501073360443,0.2942018508911133,9.760871034814045e-05,1.0,9.760871034814045e-05,0.013939579017460346,0.03134055808186531,0.05902960151433945,0.1022748202085495,0.16806074976921082,0.2704412341117859,0.45631143450737,0.5,0.6706482768058777,1.0
1,5660,25000,0.2853107154369354,0.2942834794521332,0.00010559232759987935,1.0,0.00010559232759987935,0.013821445405483246,0.031158098950982094,0.059144459664821625,0.10286105424165726,0.16849863529205322,0.27158501744270325,0.46140262484550476,0.5,0.6743636727333069,1.0
1,5670,25000,0.2851221263408661,0.29430529475212097,0.0001520476071164012,1.0,0.0001520476071164012,0.013877973891794682,0.031176555901765823,0.05890749767422676,0.102330282330513,0.16876980662345886,0.27018702030181885,0.4598980247974396,0.5,0.6713196635246277,1.0
1,5680,25000,0.2852029502391815,0.2942235767841339,0.00010417774319648743,1.0,0.00010417774319648743,0.013882513158023357,0.03136507794260979,0.05899443104863167,0.10284113138914108,0.16785559058189392,0.2688768208026886,0.46039900183677673,0.5,0.6712868213653564,1.0
1,5690,25000,0.2850830852985382,0.2942667007446289,0.00012413228978402913,1.0,0.00012413228978402913,0.013822661712765694,0.03139027580618858,0.05916100740432739,0.10267180949449539,0.16807422041893005,0.2707056999206543,0.45635896921157837,0.5,0.6710585355758667,1.0
1,5700,25000,0.2851337790489197,0.2943360507488251,0.00011943363642785698,1.0,0.00011943363642785698,0.01390309352427721,0.03130499646067619,0.05908859893679619,0.10182958096265793,0.16773906350135803,0.2701624631881714,0.460051029920578,0.5,0.6685662865638733,1.0
1,5710,25000,0.28521618247032166,0.29434260725975037,0.00013408291852101684,1.0,0.00013408291852101684,0.013879457488656044,0.03117826208472252,0.058883845806121826,0.10206148028373718,0.16804008185863495,0.27073317766189575,0.46107813715934753,0.5,0.6725576519966125,1.0
1,5720,25000,0.2851957380771637,0.2942241132259369,0.00012557020818348974,1.0,0.00012557020818348974,0.01382684987038374,0.031256478279829025,0.058941636234521866,0.10269193351268768,0.16815122961997986,0.27100658416748047,0.4600609838962555,0.5,0.6696233153343201,1.0
1,5730,25000,0.2850746214389801,0.2941659986972809,0.00016059931658674031,1.0,0.00016059931658674031,0.01383967325091362,0.031006574630737305,0.059298060834407806,0.10243537276983261,0.1683155596256256,0.27093592286109924,0.4598596692085266,0.5,0.6699999570846558,1.0
1,5740,25000,0.28510645031929016,0.2943660318851471,0.00010438816389068961,1.0,0.00010438816389068961,0.013950873166322708,0.03116925247013569,0.05884281173348427,0.1021878719329834,0.16746912896633148,0.2701694369316101,0.45849475264549255,0.5,0.6721025705337524,1.0
1,5750,25000,0.28508517146110535,0.29417523741722107,9.760128159541637e-05,1.0,9.760128159541637e-05,0.013909993693232536,0.03116767108440399,0.05893583595752716,0.10234717279672623,0.16836434602737427,0.27057504653930664,0.45775485038757324,0.5,0.667665958404541,1.0
1,5760,25000,0.28502267599105835,0.29421061277389526,0.00011754893785109743,1.0,0.00011754893785109743,0.013967015780508518,0.031094659119844437,0.05925194174051285,0.10215193778276443,0.1674465835094452,0.27022507786750793,0.45925670862197876,0.5,0.6724368929862976,1.0
1,5770,25000,0.285196989774704,0.2942374646663666,0.00012397748650982976,1.0,0.00012397748650982976,0.013830847106873989,0.03109513223171234,0.05910518020391464,0.10263022780418396,0.16797131299972534,0.2710783779621124,0.46194472908973694,0.5,0.6686850786209106,1.0
1,5780,25000,0.28527843952178955,0.29428526759147644,0.00011531548079801723,1.0,0.00011531548079801723,0.013937332667410374,0.03115769289433956,0.05916466563940048,0.1030646488070488,0.16838479042053223,0.27055737376213074,0.45997610688209534,0.5,0.6746791005134583,1.0
1,5790,25000,0.28516608476638794,0.2943440079689026,8.236801659222692e-05,1.0,8.236801659222692e-05,0.013904986903071404,0.031173041090369225,0.05941167101264,0.10206512361764908,0.16824956238269806,0.27018123865127563,0.45752808451652527,0.5,0.6746495366096497,1.0
1,5800,25000,0.2850429117679596,0.2942632734775543,9.360247349832207e-05,1.0,9.360247349832207e-05,0.013855306431651115,0.03143710643053055,0.05896012857556343,0.10194798558950424,0.16853924095630646,0.26999664306640625,0.4562336206436157,0.5,0.6705971360206604,1.0
1,5810,25000,0.2850720286369324,0.2942955791950226,0.00013053037400823087,1.0,0.00013053037400823087,0.013897658325731754,0.031096702441573143,0.05924593284726143,0.10212410241365433,0.16795802116394043,0.27058348059654236,0.45800086855888367,0.5,0.6699999570846558,1.0
1,5820,25000,0.2852208912372589,0.2942747473716736,0.00012534679262898862,1.0,0.00012534679262898862,0.013908714056015015,0.03130215033888817,0.058984652161598206,0.1020108312368393,0.16810664534568787,0.27078938484191895,0.4591387212276459,0.5,0.672228991985321,1.0
1,5830,25000,0.2852780222892761,0.29415640234947205,0.0001340983435511589,1.0,0.0001340983435511589,0.013840647414326668,0.031372860074043274,0.05892370268702507,0.10323343425989151,0.16908523440361023,0.2709197700023651,0.45832860469818115,0.5,0.6700620651245117,1.0
1,5840,25000,0.2851303219795227,0.2942400872707367,0.00013096483598928899,1.0,0.00013096483598928899,0.01391978282481432,0.03132907301187515,0.058936405926942825,0.10233569145202637,0.1680917739868164,0.27077198028564453,0.457206130027771,0.5,0.6718705296516418,1.0
1,5850,25000,0.2851768136024475,0.2942273020744324,0.00011621941666817293,1.0,0.00011621941666817293,0.013909216038882732,0.0313328355550766,0.05945190414786339,0.1019548699259758,0.16793450713157654,0.27051952481269836,0.46017947793006897,0.5,0.669061541557312,1.0
1,5860,25000,0.28510963916778564,0.2942262589931488,0.00011645867925835773,1.0,0.00011645867925835773,0.013870665803551674,0.031183192506432533,0.05890024080872536,0.10226063430309296,0.1683293730020523,0.27082687616348267,0.4562758207321167,0.5,0.6720690727233887,1.0
1,5870,25000,0.28500252962112427,0.2941529452800751,0.0001445773959858343,1.0,0.0001445773959858343,0.013901169411838055,0.03141046315431595,0.05879402160644531,0.10286130011081696,0.1678357869386673,0.27001532912254333,0.4584617614746094,0.5,0.6721451878547668,1.0
1,5880,25000,0.2851216197013855,0.29425594210624695,0.00011981073475908488,1.0,0.00011981073475908488,0.013904910534620285,0.031371597200632095,0.059016384184360504,0.10195403546094894,0.16872291266918182,0.2696473300457001,0.4593905806541443,0.5,0.6731786727905273,1.0
1,5890,25000,0.2851235270500183,0.2942289113998413,0.00011988496407866478,1.0,0.00011988496407866478,0.01384640857577324,0.03118569776415825,0.05901854485273361,0.10273752361536026,0.16752773523330688,0.2701510787010193,0.45917463302612305,0.5,0.6702739596366882,1.0
1,5900,25000,0.28509321808815,0.2942337095737457,0.00012529669038485736,1.0,0.00012529669038485736,0.013876145705580711,0.03103889338672161,0.05905381590127945,0.10247021913528442,0.16829681396484375,0.26939716935157776,0.459351509809494,0.5,0.6699195504188538,1.0
1,5910,25000,0.28517279028892517,0.29429903626441956,9.934217086993158e-05,1.0,9.934217086993158e-05,0.013970951549708843,0.031297486275434494,0.05893018841743469,0.102664053440094,0.16777369379997253,0.2713404595851898,0.45950523018836975,0.5,0.6723263263702393,1.0
1,5920,25000,0.2852495312690735,0.29438212513923645,0.0001221991260536015,1.0,0.0001221991260536015,0.013757781125605106,0.03127029910683632,0.05942408740520477,0.10241018980741501,0.16791443526744843,0.27104875445365906,0.4597482681274414,0.5,0.6713764071464539,1.0
1,5930,25000,0.28496432304382324,0.2942333221435547,0.00010039651533588767,1.0,0.00010039651533588767,0.013837716542184353,0.031216159462928772,0.059233784675598145,0.10221532732248306,0.16775524616241455,0.2693463861942291,0.4579397737979889,0.5,0.6689714193344116,1.0
1,5940,25000,0.2851622402667999,0.29424819350242615,0.00010376966383773834,1.0,0.00010376966383773834,0.013901304453611374,0.031272754073143005,0.059103868901729584,0.1023913100361824,0.1682071089744568,0.2712058424949646,0.4593409299850464,0.5,0.6699537634849548,1.0
1,5950,25000,0.285205602645874,0.2942437529563904,8.997262921184301e-05,1.0,8.997262921184301e-05,0.013859220780432224,0.031157294288277626,0.05931294336915016,0.10254086554050446,0.16824263334274292,0.27121272683143616,0.4581812918186188,0.5,0.6736508011817932,1.0
1,5960,25000,0.2852494716644287,0.29428449273109436,0.00010752383241197094,1.0,0.00010752383241197094,0.013955645263195038,0.03124176152050495,0.05874956026673317,0.10241016745567322,0.16889727115631104,0.27033859491348267,0.4601665735244751,0.5,0.6717409491539001,1.0
1,5970,25000,0.28517845273017883,0.2942955493927002,0.0001292761880904436,1.0,0.0001292761880904436,0.013838821090757847,0.031392741948366165,0.05922930687665939,0.10249898582696915,0.16900292038917542,0.27046841382980347,0.4585069417953491,0.5,0.6733404397964478,1.0
1,5980,25000,0.28523606061935425,0.2943214476108551,0.00013342415331862867,1.0,0.00013342415331862867,0.013983962126076221,0.03135428577661514,0.05879530310630798,0.10257688164710999,0.16828177869319916,0.27057090401649475,0.4594292938709259,0.5,0.6735695600509644,1.0
1,5990,25000,0.2852000892162323,0.29423797130584717,0.00011285181972198188,1.0,0.00011285181972198188,0.01394305657595396,0.03132982552051544,0.05903606861829758,0.10308197140693665,0.16869080066680908,0.27082014083862305,0.4556756615638733,0.5,0.6744670867919922,1.0
1,6000,25000,0.28510603308677673,0.29428738355636597,0.0001426378294127062,1.0,0.0001426378294127062,0.013863720931112766,0.03139640763401985,0.05890176072716713,0.10223177075386047,0.16788336634635925,0.2697241008281708,0.45833444595336914,0.5,0.6695353388786316,1.0
1,6010,25000,0.2850688695907593,0.2943290174007416,0.00010586405551293865,1.0,0.00010586405551293865,0.013904387131333351,0.03122595325112343,0.05884772166609764,0.10234241932630539,0.16786685585975647,0.27171042561531067,0.45688340067863464,0.5,0.672627866268158,1.0
1,6020,25000,0.28520214557647705,0.29421743750572205,0.0001549200533190742,1.0,0.0001549200533190742,0.013945314101874828,0.03133026137948036,0.059114065021276474,0.10252448916435242,0.1692582368850708,0.2709317207336426,0.45830875635147095,0.5,0.6712870597839355,1.0
1,6030,25000,0.28513747453689575,0.29427000880241394,0.00016252063505817205,1.0,0.00016252063505817205,0.013820476830005646,0.03130526468157768,0.05912869796156883,0.10263262689113617,0.1683080941438675,0.2707361578941345,0.4595385193824768,0.5,0.6700018644332886,1.0
1,6040,25000,0.28511303663253784,0.29419952630996704,0.00014252924302127212,1.0,0.00014252924302127212,0.013861076906323433,0.03137492761015892,0.05930916965007782,0.10229802131652832,0.16779601573944092,0.2704584002494812,0.4598884582519531,0.5,0.6690217852592468,1.0
1,6050,25000,0.2851495146751404,0.2942531406879425,0.0001315247209277004,1.0,0.0001315247209277004,0.013946281746029854,0.031200343742966652,0.05908883363008499,0.10285802185535431,0.168009951710701,0.2702710032463074,0.4579075574874878,0.5,0.6695837378501892,1.0
1,6060,25000,0.28515344858169556,0.2942812144756317,0.00014601938892155886,1.0,0.00014601938892155886,0.013852487318217754,0.031155990436673164,0.058956652879714966,0.10262684524059296,0.1680227816104889,0.27126485109329224,0.45861244201660156,0.5,0.6721230149269104,1.0
1,6070,25000,0.28503602743148804,0.2941860258579254,0.00010001550981542096,1.0,0.00010001550981542096,0.013969571329653263,0.03125998377799988,0.059301476925611496,0.10234834253787994,0.1684798002243042,0.269458532333374,0.4601282775402069,0.5,0.6698305010795593,1.0
1,6080,25000,0.2850572466850281,0.2942880392074585,0.00012098423758288845,1.0,0.00012098423758288845,0.013889111578464508,0.03146658092737198,0.05886489897966385,0.10235153138637543,0.16783331334590912,0.27014634013175964,0.45960238575935364,0.5,0.671651303768158,1.0
1,6090,25000,0.28514114022254944,0.2942826747894287,8.566585893277079e-05,1.0,8.566585893277079e-05,0.01374064665287733,0.0313292033970356,0.059147510677576065,0.10201296210289001,0.16905412077903748,0.27022984623908997,0.4585490822792053,0.5,0.6708526015281677,1.0
1,6100,25000,0.28522270917892456,0.2941450774669647,0.0001011859203572385,1.0,0.0001011859203572385,0.014076879248023033,0.031215164810419083,0.05924224853515625,0.1028074100613594,0.16824927926063538,0.27165254950523376,0.45868805050849915,0.5,0.6697823405265808,1.0
1,6110,25000,0.2850026488304138,0.29414457082748413,9.987541852751747e-05,1.0,9.987541852751747e-05,0.013939871452748775,0.0313626192510128,0.05894260108470917,0.10281854122877121,0.16908743977546692,0.2707759737968445,0.45759573578834534,0.5,0.6691168546676636,1.0
1,6120,25000,0.2852328419685364,0.29429033398628235,0.00012524354679044336,1.0,0.00012524354679044336,0.013763226568698883,0.03121054358780384,0.059369392693042755,0.10277882218360901,0.16843442618846893,0.2708185911178589,0.4587148427963257,0.5,0.6748310327529907,1.0
1,6130,25000,0.28520792722702026,0.2943166494369507,7.323181489482522e-05,1.0,7.323181489482522e-05,0.013909638859331608,0.03123445063829422,0.05906889587640762,0.10259666293859482,0.16895580291748047,0.2710759937763214,0.4570111632347107,0.5,0.6739110350608826,1.0
1,6140,25000,0.28533709049224854,0.2943379878997803,0.0001086845513782464,1.0,0.0001086845513782464,0.013930104672908783,0.031483378261327744,0.0592135526239872,0.10229247063398361,0.1688082218170166,0.27184349298477173,0.4600805342197418,0.5,0.6717482805252075,1.0
1,6150,25000,0.28502675890922546,0.2942577600479126,0.00012413182412274182,1.0,0.00012413182412274182,0.013751224614679813,0.03116493672132492,0.05915836617350578,0.10198578983545303,0.1681237667798996,0.2706485986709595,0.45790281891822815,0.5,0.6724362373352051,1.0
1,6160,25000,0.2849961519241333,0.29423126578330994,0.00016343602328561246,1.0,0.00016343602328561246,0.013920493423938751,0.031112410128116608,0.05915262922644615,0.10235585272312164,0.1679532527923584,0.2701756954193115,0.45871227979660034,0.5,0.6735134720802307,1.0
1,6170,25000,0.28502997756004333,0.2941758930683136,0.00012205524399178103,1.0,0.00012205524399178103,0.013895582407712936,0.03145567700266838,0.05896291509270668,0.10242174565792084,0.16840802133083344,0.2692863643169403,0.458420991897583,0.5,0.6696408987045288,1.0
1,6180,25000,0.28512540459632874,0.2942216992378235,0.0001013959918054752,1.0,0.0001013959918054752,0.013871281407773495,0.031280990689992905,0.05911184474825859,0.1024305447936058,0.16806480288505554,0.2706667482852936,0.4594292640686035,0.5,0.6692330837249756,1.0
1,6190,25000,0.285139262676239,0.2941821217536926,0.00012243624951224774,1.0,0.00012243624951224774,0.013954196125268936,0.031194215640425682,0.05952860042452812,0.10249418765306473,0.16856756806373596,0.27039486169815063,0.45793479681015015,0.5,0.6684645414352417,1.0
1,6200,25000,0.2850266396999359,0.29414102435112,0.00010636992374202237,1.0,0.00010636992374202237,0.01389684434980154,0.0313672199845314,0.059338007122278214,0.10232532769441605,0.16840693354606628,0.2695091962814331,0.45885610580444336,0.5,0.6722709536552429,1.0
1,6210,25000,0.2849467992782593,0.29414135217666626,0.0001258752163266763,1.0,0.0001258752163266763,0.013790269382297993,0.031293559819459915,0.058970436453819275,0.10250354558229446,0.16828599572181702,0.27018070220947266,0.4564896821975708,0.5,0.6712825894355774,1.0
1,6220,25000,0.28498801589012146,0.29425743222236633,9.265934932045639e-05,1.0,9.265934932045639e-05,0.013902493752539158,0.031099850311875343,0.05871973931789398,0.10254953801631927,0.16845375299453735,0.2697381377220154,0.45727330446243286,0.5,0.6722792387008667,1.0
1,6230,25000,0.285016268491745,0.29429003596305847,0.00013112758460920304,1.0,0.00013112758460920304,0.013827868737280369,0.03131598234176636,0.05879964679479599,0.10235486924648285,0.16723626852035522,0.2702787220478058,0.460182249546051,0.5,0.6699999570846558,1.0
1,6240,25000,0.28499895334243774,0.2941805124282837,0.00012730936578009278,1.0,0.00012730936578009278,0.013838210143148899,0.031411491334438324,0.05897727608680725,0.1021372526884079,0.16908837854862213,0.2703753709793091,0.45886629819869995,0.5,0.6695649027824402,1.0
1,6250,25000,0.28507500886917114,0.2942716181278229,9.014227543957531e-05,1.0,9.014227543957531e-05,0.01391923613846302,0.03119833953678608,0.059111759066581726,0.10243324190378189,0.16851086914539337,0.2701915204524994,0.4577248990535736,0.5,0.6714083552360535,1.0
1,6260,25000,0.2850874960422516,0.2941761314868927,0.00010466176172485575,1.0,0.00010466176172485575,0.013955477625131607,0.031363680958747864,0.05924893543124199,0.10265494138002396,0.16771891713142395,0.27072674036026,0.4578683078289032,0.5,0.6681649088859558,1.0
1,6270,25000,0.28505364060401917,0.2942661643028259,9.70813343883492e-05,1.0,9.70813343883492e-05,0.013800380751490593,0.03115968592464924,0.05861561372876167,0.10247327387332916,0.16809165477752686,0.2707432806491852,0.4580102860927582,0.5,0.6699999570846558,1.0
1,6280,25000,0.28510624170303345,0.29423788189888,9.776410297490656e-05,1.0,9.776410297490656e-05,0.013827374204993248,0.031043630093336105,0.05877644196152687,0.10246285051107407,0.16823053359985352,0.27026599645614624,0.45974624156951904,0.5,0.6715863347053528,1.0
1,6290,25000,0.285162091255188,0.2942664921283722,0.00010273911902913824,1.0,0.00010273911902913824,0.013920456171035767,0.031232111155986786,0.05927508696913719,0.10256025195121765,0.16841118037700653,0.2709418535232544,0.45929470658302307,0.5,0.6709541082382202,1.0
1,6300,25000,0.28509122133255005,0.2943042516708374,0.00010535877663642168,1.0,0.00010535877663642168,0.013801736757159233,0.0313013456761837,0.05888998508453369,0.10174687951803207,0.16804856061935425,0.2696983516216278,0.4584009647369385,0.5,0.6701353192329407,1.0
1,6310,25000,0.2850699722766876,0.2942602336406708,0.00010989714064635336,1.0,0.00010989714064635336,0.013922865502536297,0.03142032027244568,0.05899740383028984,0.10223587602376938,0.1676439344882965,0.27024218440055847,0.45889782905578613,0.5,0.6717572212219238,1.0
1,6320,25000,0.28512337803840637,0.29420405626296997,0.00011145885946461931,1.0,0.00011145885946461931,0.013825248926877975,0.031180933117866516,0.05938595160841942,0.10292623192071915,0.1683005392551422,0.27071553468704224,0.45674756169319153,0.5,0.6720725297927856,1.0
1,6330,25000,0.2850905954837799,0.29425814747810364,0.0002097913238685578,1.0,0.0002097913238685578,0.013688402250409126,0.0312909297645092,0.059149205684661865,0.10241101682186127,0.1683584749698639,0.2694035470485687,0.46028319001197815,0.5,0.6699999570846558,1.0
1,6340,25000,0.28523093461990356,0.29423391819000244,0.00011303165956633165,1.0,0.00011303165956633165,0.013963882811367512,0.03127581626176834,0.05941270291805267,0.10238154232501984,0.16828033328056335,0.2716035544872284,0.46063968539237976,0.5,0.6666609644889832,1.0
1,6350,25000,0.2851519286632538,0.29426321387290955,0.00013397175644058734,1.0,0.00013397175644058734,0.013872298412024975,0.03134625032544136,0.05929671227931976,0.10264526307582855,0.16841891407966614,0.2696078419685364,0.45736032724380493,0.5,0.6678367257118225,1.0
1,6360,25000,0.28502535820007324,0.29423120617866516,0.00011254438140895218,1.0,0.00011254438140895218,0.013854213058948517,0.030954334884881973,0.058877184987068176,0.10258994251489639,0.16842132806777954,0.2702997624874115,0.4607154130935669,0.5,0.6699999570846558,1.0
1,6370,25000,0.2851015031337738,0.29427075386047363,0.0001902415242511779,1.0,0.0001902415242511779,0.014025945216417313,0.031189177185297012,0.059312958270311356,0.10210489481687546,0.16861897706985474,0.27102750539779663,0.45837822556495667,0.5,0.6713502407073975,1.0
1,6380,25000,0.28510719537734985,0.2941412329673767,0.00011880368401762098,1.0,0.00011880368401762098,0.013918308541178703,0.031192833557724953,0.05887702852487564,0.1032099723815918,0.1695084571838379,0.27014192938804626,0.45862486958503723,0.5,0.6686232089996338,1.0
1,6390,25000,0.28510576486587524,0.29432615637779236,0.00013013284478802234,1.0,0.00013013284478802234,0.013874135911464691,0.031216701492667198,0.058973267674446106,0.10202553123235703,0.1682429015636444,0.2706338167190552,0.46042656898498535,0.5,0.6699999570846558,1.0
1,6400,25000,0.2850278913974762,0.2941967844963074,0.00020315095025580376,1.0,0.00020315095025580376,0.013873494230210781,0.03140998259186745,0.05899624153971672,0.10219375789165497,0.16803941130638123,0.2703152894973755,0.45839786529541016,0.5,0.6705988645553589,1.0
1,6410,25000,0.28506168723106384,0.2942730188369751,0.00013580299855675548,1.0,0.00013580299855675548,0.013919943943619728,0.03111126273870468,0.05909674987196922,0.10234719514846802,0.1687241643667221,0.2707979679107666,0.4573833644390106,0.5,0.6690290570259094,1.0
1,6420,25000,0.285417377948761,0.29439008235931396,0.00011833232565550134,1.0,0.00011833232565550134,0.01393188163638115,0.03111930564045906,0.05918124318122864,0.10286488384008408,0.16901694238185883,0.27092593908309937,0.4615425169467926,0.5,0.6753109693527222,1.0
1,6430,25000,0.2852182686328888,0.2943238615989685,0.00011358385381754488,1.0,0.00011358385381754488,0.013909507542848587,0.031161803752183914,0.05911024287343025,0.10219359397888184,0.1679086983203888,0.27176177501678467,0.45952990651130676,0.5,0.671732485294342,1.0
1,6440,25000,0.285040020942688,0.2941558063030243,0.00012518661969807,1.0,0.00012518661969807,0.01400654949247837,0.0312212985008955,0.059115976095199585,0.10224919766187668,0.16706082224845886,0.2710689604282379,0.45592060685157776,0.5,0.6670444011688232,1.0
1,6450,25000,0.28502875566482544,0.2942054569721222,0.00011116969108115882,1.0,0.00011116969108115882,0.013972768560051918,0.03129633516073227,0.058779891580343246,0.10255076736211777,0.16920119524002075,0.2711331844329834,0.45733633637428284,0.5,0.6726069450378418,1.0
1,6460,25000,0.2851480543613434,0.2941954731941223,9.391953062731773e-05,1.0,9.391953062731773e-05,0.01385515183210373,0.03131631389260292,0.05893205851316452,0.10243090987205505,0.16925770044326782,0.27078360319137573,0.45871102809906006,0.5,0.6715100407600403,1.0
1,6470,25000,0.28508061170578003,0.2941618263721466,0.00011047696170862764,1.0,0.00011047696170862764,0.013791938312351704,0.03131740540266037,0.058965060859918594,0.10244569182395935,0.16897939145565033,0.2713959217071533,0.4584391713142395,0.5,0.6725181937217712,1.0
1,6480,25000,0.28525543212890625,0.2943100035190582,0.00012454183888621628,1.0,0.00012454183888621628,0.013821207918226719,0.031016217544674873,0.05921710282564163,0.10235205292701721,0.1677495837211609,0.270497590303421,0.4616568982601166,0.5,0.6699999570846558,1.0
1,6490,25000,0.28522175550460815,0.2943790555000305,9.422898438060656e-05,1.0,9.422898438060656e-05,0.013842830434441566,0.03136930614709854,0.059071656316518784,0.10235481709241867,0.16832715272903442,0.2705501317977905,0.4576433598995209,0.5,0.6722082495689392,1.0
1,6500,25000,0.28493520617485046,0.29417404532432556,0.00010832265979843214,1.0,0.00010832265979843214,0.013962679542601109,0.03115798346698284,0.05890185758471489,0.1030784472823143,0.16785793006420135,0.2698049247264862,0.4572911858558655,0.5,0.6684740781784058,1.0
1,6510,25000,0.28511542081832886,0.2943034768104553,0.00011086781887570396,1.0,0.00011086781887570396,0.014023616909980774,0.03118734434247017,0.059010665863752365,0.10267843306064606,0.16760611534118652,0.2700209617614746,0.4580475091934204,0.5,0.6724758744239807,1.0
1,6520,25000,0.2850646674633026,0.2942044734954834,0.0001545352570246905,1.0,0.0001545352570246905,0.014014078304171562,0.03137104958295822,0.05925971642136574,0.10301529616117477,0.16799890995025635,0.27024394273757935,0.4587506353855133,0.5,0.6699999570846558,1.0
1,6530,25000,0.28508827090263367,0.2942216992378235,9.474584658164531e-05,1.0,9.474584658164531e-05,0.01386838499456644,0.0312386192381382,0.05892832204699516,0.10285217314958572,0.16780748963356018,0.27193939685821533,0.45699626207351685,0.5,0.6699999570846558,1.0
1,6540,25000,0.2850688099861145,0.29425162076950073,0.00011984434968326241,1.0,0.00011984434968326241,0.013877167366445065,0.031224511563777924,0.0590457022190094,0.10261547565460205,0.16802945733070374,0.2698107659816742,0.45896080136299133,0.5,0.6713405251502991,1.0
1,6550,25000,0.2852289378643036,0.2943035364151001,0.00013287441106513143,1.0,0.00013287441106513143,0.013938994146883488,0.03138970956206322,0.05893368273973465,0.10274731367826462,0.1682615876197815,0.2707010507583618,0.45980024337768555,0.5,0.6715734601020813,1.0
1,6560,25000,0.28525230288505554,0.29425016045570374,0.0001543340040370822,1.0,0.0001543340040370822,0.013827747665345669,0.03120938129723072,0.058744318783283234,0.10273906588554382,0.1685408651828766,0.2710496783256531,0.4583989381790161,0.5,0.6710984110832214,1.0
1,6570,25000,0.28523507714271545,0.2942192554473877,0.00014042943075764924,1.0,0.00014042943075764924,0.013880830258131027,0.03120194561779499,0.058738477528095245,0.10257329791784286,0.1685696244239807,0.2714947462081909,0.4614398181438446,0.5,0.6701560616493225,1.0
1,6580,25000,0.2851511240005493,0.2942509651184082,0.0001183283093268983,1.0,0.0001183283093268983,0.013978926464915276,0.031404703855514526,0.05939912050962448,0.10208339244127274,0.1680321991443634,0.27071085572242737,0.45867565274238586,0.5,0.6699999570846558,1.0
1,6590,25000,0.28502944111824036,0.2941707372665405,0.00011965285375481471,1.0,0.00011965285375481471,0.013751139864325523,0.03137224167585373,0.05906054750084877,0.1027044877409935,0.1682383269071579,0.26964348554611206,0.4596821963787079,0.5,0.6684179902076721,1.0
1,6600,25000,0.2850950360298157,0.294169545173645,0.00011907415319001302,1.0,0.00011907415319001302,0.014075140468776226,0.03110705129802227,0.05936568230390549,0.10223210602998734,0.16829082369804382,0.2712019979953766,0.4573889672756195,0.5,0.6704957485198975,1.0
1,6610,25000,0.2849912941455841,0.294172078371048,0.00010573267354629934,1.0,0.00010573267354629934,0.013904942199587822,0.0314190536737442,0.05941944196820259,0.10273462533950806,0.16868986189365387,0.2705279588699341,0.4593800902366638,0.5,0.6720877289772034,1.0
1,6620,25000,0.28521597385406494,0.2942865490913391,0.00011369230196578428,1.0,0.00011369230196578428,0.013895165175199509,0.03111336939036846,0.05906097590923309,0.10225756466388702,0.16806578636169434,0.270589143037796,0.4603206515312195,0.5,0.6735914349555969,1.0
1,6630,25000,0.28509435057640076,0.29423561692237854,0.00016114558093249798,1.0,0.00016114558093249798,0.013925446197390556,0.031382109969854355,0.059247005730867386,0.10206909477710724,0.16713246703147888,0.271727979183197,0.4587421417236328,0.5,0.6702072024345398,1.0
1,6640,25000,0.2851976454257965,0.2943733334541321,0.00015355915820691735,1.0,0.00015355915820691735,0.01384454034268856,0.03130572289228439,0.0591556690633297,0.10253842920064926,0.16843704879283905,0.2717626392841339,0.4562174081802368,0.5,0.6749894022941589,1.0
1,6650,25000,0.2850501835346222,0.29428577423095703,0.00012674470781348646,1.0,0.00012674470781348646,0.013861349783837795,0.03115002065896988,0.05904288589954376,0.10260017961263657,0.16867223381996155,0.27108246088027954,0.4569031000137329,0.5,0.6697655320167542,1.0
1,6660,25000,0.285146027803421,0.2943922281265259,0.0001925340766320005,1.0,0.0001925340766320005,0.013950551860034466,0.0313568152487278,0.059012699872255325,0.10215761512517929,0.16792792081832886,0.26958686113357544,0.46042659878730774,0.5,0.6705980896949768,1.0
1,6670,25000,0.28505489230155945,0.29428786039352417,0.00013622944243252277,1.0,0.00013622944243252277,0.013874293304979801,0.03129766508936882,0.05909597873687744,0.10220086574554443,0.16783404350280762,0.26987695693969727,0.45805734395980835,0.5,0.6716176867485046,1.0
1,6680,25000,0.28507232666015625,0.2942991554737091,9.944730845745653e-05,1.0,9.944730845745653e-05,0.01385302934795618,0.031398188322782516,0.05934189260005951,0.10215084254741669,0.16729234158992767,0.2708437144756317,0.45815834403038025,0.5,0.6736476421356201,1.0
1,6690,25000,0.28509610891342163,0.2942695617675781,0.0001367542427033186,1.0,0.0001367542427033186,0.013800778426229954,0.031173130497336388,0.05923319235444069,0.10255537182092667,0.16763228178024292,0.27071958780288696,0.4575856328010559,0.5,0.6731328964233398,1.0
1,6700,25000,0.28514495491981506,0.2941872477531433,0.00013480507186613977,1.0,0.00013480507186613977,0.01394922100007534,0.031428638845682144,0.05914656072854996,0.10274939984083176,0.16794604063034058,0.2707534432411194,0.4585745632648468,0.5,0.6698392629623413,1.0
1,6710,25000,0.2851398289203644,0.29437869787216187,0.00011267024092376232,1.0,0.00011267024092376232,0.0139257051050663,0.031204910948872566,0.058644067496061325,0.10268793255090714,0.1678638458251953,0.27056068181991577,0.4581824541091919,0.5,0.6729703545570374,1.0
1,6720,25000,0.285040020942688,0.29425281286239624,9.751447942107916e-05,1.0,9.751447942107916e-05,0.013854206539690495,0.0314110666513443,0.05931304395198822,0.10216089338064194,0.16873562335968018,0.2704714238643646,0.45820191502571106,0.5,0.6715139746665955,1.0
1,6730,25000,0.28509238362312317,0.29433026909828186,8.775010792305693e-05,1.0,8.775010792305693e-05,0.013869336806237698,0.03118531033396721,0.05863906815648079,0.1019979864358902,0.16826853156089783,0.2694714069366455,0.4596439003944397,0.5,0.67137211561203,1.0
1,6740,25000,0.2851245701313019,0.2942647337913513,7.495616591768339e-05,1.0,7.495616591768339e-05,0.013890163041651249,0.031159842386841774,0.058905117213726044,0.10287263244390488,0.16817228496074677,0.27063649892807007,0.45728713274002075,0.5,0.6734695434570312,1.0
1,6750,25000,0.28510990738868713,0.29414188861846924,8.797842019703239e-05,1.0,8.797842019703239e-05,0.013954208232462406,0.03142288699746132,0.05929187312722206,0.10245698690414429,0.16895928978919983,0.2704508900642395,0.4605756402015686,0.5,0.6692479848861694,1.0
1,6760,25000,0.2851601541042328,0.2942565679550171,0.00012042684102198109,1.0,0.00012042684102198109,0.013744551688432693,0.03130977973341942,0.059207700192928314,0.10229794681072235,0.16849161684513092,0.2708597481250763,0.45888054370880127,0.5,0.6696921586990356,1.0
1,6770,25000,0.2851578891277313,0.2943200170993805,0.00012722027895506471,1.0,0.00012722027895506471,0.013897649943828583,0.03137647733092308,0.059122342616319656,0.10231561213731766,0.16769365966320038,0.2705806791782379,0.45733779668807983,0.5,0.6700916886329651,1.0
1,6780,25000,0.2849745750427246,0.2941601872444153,0.00011544713197508827,1.0,0.00011544713197508827,0.013900700025260448,0.03117857687175274,0.05901706591248512,0.10224754363298416,0.16886691749095917,0.2710861563682556,0.45663052797317505,0.5,0.6685141324996948,1.0
1,6790,25000,0.28512004017829895,0.2941809594631195,8.621432789368555e-05,1.0,8.621432789368555e-05,0.013802263885736465,0.03123541921377182,0.0591694600880146,0.10257476568222046,0.1679903119802475,0.27103638648986816,0.4578201174736023,0.5,0.6699999570846558,1.0
1,6800,25000,0.28514713048934937,0.29417961835861206,0.0001361508184345439,1.0,0.0001361508184345439,0.014101513661444187,0.031561680138111115,0.059097301214933395,0.10249446332454681,0.16788752377033234,0.27118194103240967,0.45707595348358154,0.5,0.6687077283859253,1.0
1,6810,25000,0.28494223952293396,0.2942841351032257,0.00011794764577643946,1.0,0.00011794764577643946,0.013884184882044792,0.03128516301512718,0.058817170560359955,0.10177239030599594,0.16766083240509033,0.2710391581058502,0.456440806388855,0.5,0.6725828051567078,1.0
1,6820,25000,0.28511229157447815,0.29433444142341614,0.00010938281047856435,1.0,0.00010938281047856435,0.013870421797037125,0.03099265694618225,0.05875106528401375,0.1024342030286789,0.1679506003856659,0.2705584764480591,0.457569420337677,0.5,0.670475959777832,1.0
1,6830,25000,0.2851898968219757,0.29425355792045593,0.0001291040680371225,1.0,0.0001291040680371225,0.013928628526628017,0.03119823709130287,0.05940679460763931,0.10244065523147583,0.16880667209625244,0.2711418867111206,0.46004271507263184,0.5,0.6712729334831238,1.0
1,6840,25000,0.285157173871994,0.29432037472724915,0.00011146597535116598,1.0,0.00011146597535116598,0.013913862407207489,0.031219633296132088,0.059173017740249634,0.10250049084424973,0.1683267056941986,0.2703472971916199,0.4574730396270752,0.5,0.6707450151443481,1.0
1,6850,25000,0.2851758301258087,0.2942700684070587,0.00016426081128884107,1.0,0.00016426081128884107,0.013940008357167244,0.03137579932808876,0.059230610728263855,0.10290016233921051,0.16819369792938232,0.2702544927597046,0.45850706100463867,0.5,0.6719087958335876,1.0
1,6860,25000,0.28488126397132874,0.2942335307598114,0.0001245014718733728,1.0,0.0001245014718733728,0.013943714089691639,0.0312848798930645,0.059210699051618576,0.10267525166273117,0.16724181175231934,0.2708629369735718,0.45869940519332886,0.5,0.6692267060279846,1.0
1,6870,25000,0.2850230932235718,0.2941964864730835,0.00014827850100118667,1.0,0.00014827850100118667,0.013848996721208096,0.031023940071463585,0.059140730649232864,0.10274208337068558,0.1678088903427124,0.2702127695083618,0.4567728638648987,0.5,0.6700035929679871,1.0
1,6880,25000,0.28512004017829895,0.294162780046463,0.0001181893894681707,1.0,0.0001181893894681707,0.013787813484668732,0.031441617757081985,0.05915498733520508,0.10232363641262054,0.1693812608718872,0.27105841040611267,0.45885568857192993,0.5,0.6707658171653748,1.0
1,6890,25000,0.2852786183357239,0.29432716965675354,0.0001282168086618185,1.0,0.0001282168086618185,0.013906990177929401,0.031458038836717606,0.058989450335502625,0.10208798944950104,0.16894963383674622,0.27121907472610474,0.45993921160697937,0.5,0.6709992289543152,1.0
1,6900,25000,0.2850286066532135,0.2942371666431427,0.00011299565812805668,1.0,0.00011299565812805668,0.013907044194638729,0.03134961426258087,0.05897818133234978,0.10215972363948822,0.16819362342357635,0.2696962058544159,0.4580548405647278,0.5,0.6698295474052429,1.0
1,6910,25000,0.2852349877357483,0.2943102717399597,0.0001460272033000365,1.0,0.0001460272033000365,0.013811999000608921,0.031243719160556793,0.058959878981113434,0.1024877279996872,0.1682548224925995,0.2702716886997223,0.4607473313808441,0.5,0.672404944896698,1.0
1,6920,25000,0.28520116209983826,0.29431748390197754,0.00011700227332767099,1.0,0.00011700227332767099,0.01383991539478302,0.03126904368400574,0.059268124401569366,0.10247348248958588,0.16850051283836365,0.2698926329612732,0.4589252471923828,0.5,0.6709999442100525,1.0
1,6930,25000,0.2850589454174042,0.29429447650909424,0.00013162971299607307,1.0,0.00013162971299607307,0.013840456493198872,0.031183574348688126,0.059018783271312714,0.10243069380521774,0.1674814522266388,0.27091991901397705,0.4575454294681549,0.5,0.6705362200737,1.0
1,6940,25000,0.2851070165634155,0.2942143380641937,0.00011908038140973076,1.0,0.00011908038140973076,0.013945498503744602,0.031203020364046097,0.059347376227378845,0.10206930339336395,0.1686669886112213,0.26841849088668823,0.45750686526298523,0.5,0.6699999570846558,1.0
1,6950,25000,0.2850392758846283,0.29428085684776306,0.00011881112732226029,1.0,0.00011881112732226029,0.013879057951271534,0.0313694030046463,0.05908414348959923,0.10240180045366287,0.16780993342399597,0.27101898193359375,0.45852744579315186,0.5,0.671198308467865,1.0
1,6960,25000,0.28518784046173096,0.2943260669708252,0.00010402112093288451,1.0,0.00010402112093288451,0.013753493316471577,0.031231435015797615,0.05874551460146904,0.10218146443367004,0.16907139122486115,0.27085521817207336,0.45757073163986206,0.5,0.6735635995864868,1.0
1,6970,25000,0.2849462032318115,0.294221431016922,0.0001547551655676216,1.0,0.0001547551655676216,0.013763322494924068,0.03127765655517578,0.05864785984158516,0.10231797397136688,0.1683025360107422,0.2708965241909027,0.45683443546295166,0.5,0.672469973564148,1.0
1,6980,25000,0.2853013575077057,0.29426783323287964,9.951682295650244e-05,1.0,9.951682295650244e-05,0.013876338489353657,0.03099399246275425,0.05879097059369087,0.10233266651630402,0.16865813732147217,0.2721700966358185,0.45922595262527466,0.5,0.6710406541824341,1.0
1,6990,25000,0.28519028425216675,0.2942323088645935,0.0001622338022571057,1.0,0.0001622338022571057,0.013950913213193417,0.03109194152057171,0.05954572185873985,0.10251443833112717,0.1686827540397644,0.27069923281669617,0.4577764868736267,0.5,0.6701139211654663,1.0
1,7000,25000,0.2851272523403168,0.2943214476108551,0.00016553181922063231,1.0,0.00016553181922063231,0.013797682709991932,0.031127946451306343,0.05929135903716087,0.10258792340755463,0.16804853081703186,0.2699040472507477,0.4584572911262512,0.5,0.6734544038772583,1.0
