step,epoch,n_refreshed,mean,std,min,max,q00,q10,q20,q30,q40,q50,q60,q70,q80,q90,q100
8,0,,0.6442338228225708,0.22142371535301208,0.5,1.0,0.5,0.5,0.5,0.5,0.5,0.5,0.5,0.5899999737739563,1.0,1.0,1.0
8,10,25000,0.3391309082508087,0.43388476967811584,9.99999905104687e-09,1.0,9.99999905104687e-09,1.0270537309509109e-08,6.766365601151847e-08,1.7153696489913273e-06,7.03199184499681e-05,0.0022789807990193367,0.24453027546405792,0.5,1.0,1.0,1.0
8,20,25000,0.33910930156707764,0.43389472365379333,9.99999905104687e-09,1.0,9.99999905104687e-09,1.0273501160895648e-08,6.631109528143497e-08,1.8004690218731412e-06,6.499751179944724e-05,0.002331745345145464,0.23906388878822327,0.5,1.0,1.0,1.0
8,30,25000,0.33911779522895813,0.4338771104812622,9.99999905104687e-09,1.0,9.99999905104687e-09,1.0287168450417994e-08,6.880109282292324e-08,1.6281192074529827e-06,6.534559361170977e-05,0.0023501631803810596,0.23845884203910828,0.5,1.0,1.0,1.0
8,40,25000,0.33920252323150635,0.43387722969055176,9.99999905104687e-09,1.0,9.99999905104687e-09,1.0264513683466703e-08,6.729036527985954e-08,1.66706922755111e-06,6.554213905474171e-05,0.0022998242639005184,0.24132481217384338,0.5,1.0,1.0,1.0
8,50,25000,0.33918941020965576,0.43390342593193054,9.99999905104687e-09,1.0,9.99999905104687e-09,1.026010831850499e-08,6.689001708082287e-08,1.7529705473862123e-06,6.897081038914621e-05,0.0022512227296829224,0.24383433163166046,0.5,1.0,1.0,1.0
8,60,25000,0.3392152190208435,0.43386486172676086,9.99999905104687e-09,1.0,9.99999905104687e-09,1.0266998806685024e-08,6.760262749594403e-08,1.697146558399254e-06,6.492961983894929e-05,0.0023356908932328224,0.2439979612827301,0.5,1.0,1.0,1.0
8,70,25000,0.3391845226287842,0.43390893936157227,9.99999905104687e-09,1.0,9.99999905104687e-09,1.0267052097390206e-08,6.770387273036249e-08,1.7623577832637238e-06,6.940259481780231e-05,0.0023420616053044796,0.24358925223350525,0.5,1.0,1.0,1.0
8,80,25000,0.33922919631004333,0.43389636278152466,9.99999905104687e-09,1.0,9.99999905104687e-09,1.026443463558735e-08,6.57536034509576e-08,1.81306234026124e-06,6.721456156810746e-05,0.002393991220742464,0.24274787306785583,0.5,1.0,1.0,1.0
8,90,25000,0.3391375243663788,0.4339565336704254,9.99999905104687e-09,1.0,9.99999905104687e-09,1.0283897289298238e-08,6.751736236765282e-08,1.77466631612333e-06,6.797440437367186e-05,0.0023383968509733677,0.24084961414337158,0.5,1.0,1.0,1.0
8,100,25000,0.3391954004764557,0.4339197278022766,9.99999905104687e-09,1.0,9.99999905104687e-09,1.02376294108808e-08,6.65379005226896e-08,1.778101250238251e-06,6.661738734692335e-05,0.0023122127167880535,0.2420140653848648,0.5,1.0,1.0,1.0
8,110,25000,0.3392929136753082,0.43387842178344727,9.99999905104687e-09,1.0,9.99999905104687e-09,1.0271081762880385e-08,6.815898956347155e-08,1.7099924889407703e-06,6.619378109462559e-05,0.0023664000909775496,0.24277594685554504,0.5,1.0,1.0,1.0
8,120,25000,0.33916836977005005,0.43388840556144714,9.99999905104687e-09,1.0,9.99999905104687e-09,1.0291318908173253e-08,6.941075270106012e-08,1.7144499224741594e-06,6.444619066314772e-05,0.0023393509909510612,0.2424783855676651,0.5,1.0,1.0,1.0
8,130,25000,0.33924388885498047,0.4339769184589386,9.99999905104687e-09,1.0,9.99999905104687e-09,1.0302503739012536e-08,6.75694522556114e-08,1.7189327081723604e-06,6.699295045109466e-05,0.002392421942204237,0.24320875108242035,0.5,1.0,1.0,1.0
8,140,25000,0.33929944038391113,0.4339333474636078,9.99999905104687e-09,1.0,9.99999905104687e-09,1.026224349942595e-08,6.858584100655207e-08,1.6613064417470014e-06,6.849360943306237e-05,0.0023611411452293396,0.24307352304458618,0.5,1.0,1.0,1.0
8,150,25000,0.3392948508262634,0.43397873640060425,9.99999905104687e-09,1.0,9.99999905104687e-09,1.0283375040387455e-08,6.511308470180666e-08,1.6980851569314837e-06,6.547656812472269e-05,0.00233829696662724,0.2397214025259018,0.5,1.0,1.0,1.0
8,160,25000,0.33943554759025574,0.4340921640396118,9.99999905104687e-09,1.0,9.99999905104687e-09,1.0270498229658642e-08,6.662103402277353e-08,1.735921955514641e-06,6.996471347520128e-05,0.002349541988223791,0.24500790238380432,0.5,1.0,1.0,1.0
8,170,25000,0.3395927846431732,0.4342343807220459,9.99999905104687e-09,1.0,9.99999905104687e-09,1.0301882902297166e-08,6.685918663151824e-08,1.7026512750817346e-06,6.743374251527712e-05,0.0024318841751664877,0.24041259288787842,0.5,1.0,1.0,1.0
8,180,25000,0.3400118052959442,0.4347538352012634,9.99999905104687e-09,1.0,9.99999905104687e-09,1.027091744987274e-08,6.664641460929488e-08,1.728987626847811e-06,6.812487845309079e-05,0.002397892065346241,0.23579248785972595,0.5,1.0,1.0,1.0
8,190,25000,0.3403860032558441,0.43509745597839355,9.99999905104687e-09,1.0,9.99999905104687e-09,1.0264082916933148e-08,6.709499444923495e-08,1.7090694655053085e-06,6.695784395560622e-05,0.0023324424400925636,0.23354029655456543,0.5,1.0,1.0,1.0
8,200,25000,0.3406546413898468,0.43525072932243347,9.99999905104687e-09,1.0,9.99999905104687e-09,1.0265547523147234e-08,6.809455044276547e-08,1.832724251471518e-06,6.856514664832503e-05,0.0023847436532378197,0.24045956134796143,0.5,1.0,1.0,1.0
8,210,25000,0.3410153090953827,0.43551164865493774,9.99999905104687e-09,1.0,9.99999905104687e-09,1.0256039573164344e-08,6.43801953970069e-08,1.8558555439085467e-06,6.600419874303043e-05,0.0023815680760890245,0.24063141644001007,0.5,1.0,1.0,1.0
8,220,25000,0.34115368127822876,0.43563368916511536,9.99999905104687e-09,1.0,9.99999905104687e-09,1.0270781558574527e-08,6.729179347075842e-08,1.6763584653745056e-06,6.888609641464427e-05,0.002328896429389715,0.24916931986808777,0.5,1.0,1.0,1.0
8,230,25000,0.34115108847618103,0.43563804030418396,9.99999905104687e-09,1.0,9.99999905104687e-09,1.0284021634276996e-08,6.804223318113145e-08,1.781043238224811e-06,6.841842696303502e-05,0.0022762685548514128,0.24585343897342682,0.5,1.0,1.0,1.0
8,240,25000,0.34104228019714355,0.4355228841304779,9.99999905104687e-09,1.0,9.99999905104687e-09,1.0272095174457263e-08,6.657772644302895e-08,1.7087107835322968e-06,6.509231025120243e-05,0.002331126481294632,0.24550217390060425,0.5,1.0,1.0,1.0
8,250,25000,0.34100180864334106,0.4355281889438629,9.99999905104687e-09,1.0,9.99999905104687e-09,1.0288679241909904e-08,6.762684279237874e-08,1.71065414633631e-06,6.607237446587533e-05,0.0023680301383137703,0.24338144063949585,0.5,1.0,1.0,1.0
8,260,25000,0.3409980833530426,0.43553629517555237,9.99999905104687e-09,1.0,9.99999905104687e-09,1.0265067906800596e-08,6.662743601282273e-08,1.6913202216528589e-06,6.42201048322022e-05,0.0023728113155812025,0.243491530418396,0.5,1.0,1.0,1.0
8,270,25000,0.3409522473812103,0.4355470538139343,9.99999905104687e-09,1.0,9.99999905104687e-09,1.0266316685658694e-08,6.690808618259325e-08,1.7659144759818446e-06,6.206517718965188e-05,0.0023348499089479446,0.24398179352283478,0.5,1.0,1.0,1.0
8,280,25000,0.3410216271877289,0.4355555772781372,9.99999905104687e-09,1.0,9.99999905104687e-09,1.0249939563777843e-08,6.73025724040599e-08,1.6733271195334964e-06,7.021245255600661e-05,0.002291365060955286,0.2392253279685974,0.5,1.0,1.0,1.0
8,290,25000,0.34102532267570496,0.4355420768260956,9.99999905104687e-09,1.0,9.99999905104687e-09,1.0278846218625404e-08,6.730515877961807e-08,1.6775411495473236e-06,6.561934424098581e-05,0.002333714161068201,0.24026522040367126,0.5,1.0,1.0,1.0
8,300,25000,0.3410680890083313,0.4355356991291046,9.99999905104687e-09,1.0,9.99999905104687e-09,1.0260830407560206e-08,6.945169417349462e-08,1.644387339183595e-06,6.755295908078551e-05,0.002290512900799513,0.24960914254188538,0.5,1.0,1.0,1.0
8,310,25000,0.34098270535469055,0.43557974696159363,9.99999905104687e-09,1.0,9.99999905104687e-09,1.0271312689269507e-08,6.799383811539883e-08,1.7395404938724823e-06,6.565282819792628e-05,0.0023037665523588657,0.24597907066345215,0.5,1.0,1.0,1.0
8,320,25000,0.34105411171913147,0.4355624318122864,9.99999905104687e-09,1.0,9.99999905104687e-09,1.0284236573454564e-08,6.967047738726251e-08,1.7469418480686727e-06,6.382509309332818e-05,0.0022712210193276405,0.2417675405740738,0.5,1.0,1.0,1.0
8,330,25000,0.3410261571407318,0.4355972707271576,9.99999905104687e-09,1.0,9.99999905104687e-09,1.025821383393577e-08,6.620653181244052e-08,1.7351899259665515e-06,6.504525663331151e-05,0.0023324224166572094,0.23984651267528534,0.5,1.0,1.0,1.0
8,340,25000,0.3410232365131378,0.43556997179985046,9.99999905104687e-09,1.0,9.99999905104687e-09,1.0284036733310131e-08,6.793639784063998e-08,1.7815987121139187e-06,6.494910485344008e-05,0.0023798374459147453,0.23505626618862152,0.5,1.0,1.0,1.0
8,350,25000,0.34101957082748413,0.4355468153953552,9.99999905104687e-09,1.0,9.99999905104687e-09,1.0277810602588033e-08,6.626073911775165e-08,1.7224107295987778e-06,6.43007515463978e-05,0.0023352978751063347,0.24693012237548828,0.5,1.0,1.0,1.0
8,360,25000,0.3411245346069336,0.43561065196990967,9.99999905104687e-09,1.0,9.99999905104687e-09,1.0255887694654575e-08,6.867296775681098e-08,1.708797299215803e-06,7.005443330854177e-05,0.002359493635594845,0.2434229552745819,0.5,1.0,1.0,1.0
8,370,25000,0.3410913646221161,0.4356314539909363,9.99999905104687e-09,1.0,9.99999905104687e-09,1.0289912033556448e-08,6.753855785746055e-08,1.7628597106522648e-06,6.403112638508901e-05,0.0023124211002141237,0.24239033460617065,0.5,1.0,1.0,1.0
8,380,25000,0.3410658538341522,0.4356403648853302,9.99999905104687e-09,1.0,9.99999905104687e-09,1.0245637227512816e-08,6.785253958696558e-08,1.7387822026648792e-06,6.504072371171787e-05,0.002277514897286892,0.23482900857925415,0.5,1.0,1.0,1.0
8,390,25000,0.3410143256187439,0.4356066584587097,9.99999905104687e-09,1.0,9.99999905104687e-09,1.0263719651959491e-08,6.802879681799823e-08,1.687417238827038e-06,6.981927435845137e-05,0.0024171185214072466,0.23212918639183044,0.5,1.0,1.0,1.0
8,400,25000,0.34106844663619995,0.4356357455253601,9.99999905104687e-09,1.0,9.99999905104687e-09,1.0276884232496286e-08,6.742490654687572e-08,1.7449563074478647e-06,6.719180237269029e-05,0.0023453733883798122,0.24605907499790192,0.5,1.0,1.0,1.0
8,410,25000,0.34104087948799133,0.4355306029319763,9.99999905104687e-09,1.0,9.99999905104687e-09,1.0236309577749125e-08,6.838382660134812e-08,1.760174541232118e-06,6.428133201552555e-05,0.002350233029574156,0.24510855972766876,0.5,1.0,1.0,1.0
8,420,25000,0.3410254418849945,0.4355596601963043,9.99999905104687e-09,1.0,9.99999905104687e-09,1.0263589977910215e-08,6.681010944475929e-08,1.6990845779218944e-06,6.804789154557511e-05,0.002263055182993412,0.2439436912536621,0.5,1.0,1.0,1.0
8,430,25000,0.34095919132232666,0.43556874990463257,9.99999905104687e-09,1.0,9.99999905104687e-09,1.028096185962113e-08,6.601117519267063e-08,1.687010126261157e-06,6.504302291432396e-05,0.0023148388136178255,0.23972532153129578,0.5,1.0,1.0,1.0
8,440,25000,0.34114760160446167,0.4355716407299042,9.99999905104687e-09,1.0,9.99999905104687e-09,1.0256521854046241e-08,6.65500508034711e-08,1.8027399164566305e-06,6.474056135630235e-05,0.0023518926464021206,0.24713650345802307,0.5,1.0,1.0,1.0
8,450,25000,0.34117254614830017,0.43571799993515015,9.99999905104687e-09,1.0,9.99999905104687e-09,1.0240338355060885e-08,6.612435754504986e-08,1.781412834134244e-06,6.799987750127912e-05,0.002363468986004591,0.24475182592868805,0.5,1.0,1.0,1.0
8,460,25000,0.3411098122596741,0.4357016980648041,9.99999905104687e-09,1.0,9.99999905104687e-09,1.0251069326727702e-08,6.681842990019504e-08,1.6760994867581758e-06,6.502268661279231e-05,0.0023822574876248837,0.24059583246707916,0.5,1.0,1.0,1.0
8,470,25000,0.3411248028278351,0.43561291694641113,9.99999905104687e-09,1.0,9.99999905104687e-09,1.026881690791015e-08,6.725532841755921e-08,1.7324064174317755e-06,6.856847903691232e-05,0.002348270732909441,0.24472905695438385,0.5,1.0,1.0,1.0
8,480,25000,0.3412378430366516,0.43572765588760376,9.99999905104687e-09,1.0,9.99999905104687e-09,1.0245931214569737e-08,6.665051444088022e-08,1.7998396515395143e-06,6.932395626790822e-05,0.0023634196259081364,0.2480040192604065,0.5,1.0,1.0,1.0
8,490,25000,0.3412548303604126,0.43577152490615845,9.99999905104687e-09,1.0,9.99999905104687e-09,1.0279497253407044e-08,6.688596698722904e-08,1.749769353409647e-06,6.53787428746e-05,0.002260844223201275,0.2505403161048889,0.5,1.0,1.0,1.0
8,500,25000,0.3411710560321808,0.43577754497528076,9.99999905104687e-09,1.0,9.99999905104687e-09,1.0305523545639517e-08,6.455293544149754e-08,1.7361435311613604e-06,6.875665712868795e-05,0.0023462618701159954,0.23696203529834747,0.5,1.0,1.0,1.0
8,510,25000,0.3411112427711487,0.4356478452682495,9.99999905104687e-09,1.0,9.99999905104687e-09,1.0296854036084824e-08,6.76963978207823e-08,1.6565129499213072e-06,6.339578976621851e-05,0.0023348594550043344,0.2454899698495865,0.5,1.0,1.0,1.0
8,520,25000,0.34112879633903503,0.4357169270515442,9.99999905104687e-09,1.0,9.99999905104687e-09,1.0288812468672859e-08,6.735071167440765e-08,1.799947995095863e-06,6.806545570725575e-05,0.0023533436469733715,0.24618972837924957,0.5,1.0,1.0,1.0
8,530,25000,0.3412589430809021,0.4356920123100281,9.99999905104687e-09,1.0,9.99999905104687e-09,1.0247027226739647e-08,6.598953206093938e-08,1.7397896954207681e-06,6.962916086195037e-05,0.0023100953549146652,0.24708619713783264,0.5,1.0,1.0,1.0
8,540,25000,0.34126922488212585,0.4357122778892517,9.99999905104687e-09,1.0,9.99999905104687e-09,1.0274203710025631e-08,6.80339127256957e-08,1.7208423059855704e-06,6.478058639913797e-05,0.002344459295272827,0.24602138996124268,0.5,1.0,1.0,1.0
8,550,25000,0.3412165641784668,0.43569180369377136,9.99999905104687e-09,1.0,9.99999905104687e-09,1.0281485884888752e-08,6.502326499457922e-08,1.7373768059769645e-06,6.201708310982212e-05,0.002354949712753296,0.2424628585577011,0.5,1.0,1.0,1.0
8,560,25000,0.3412450850009918,0.4356873035430908,9.99999905104687e-09,1.0,9.99999905104687e-09,1.0272534822775015e-08,6.82226470871683e-08,1.7105727465605014e-06,6.722334364894778e-05,0.002296645659953356,0.23734867572784424,0.5,1.0,1.0,1.0
8,570,25000,0.34121787548065186,0.43573278188705444,9.99999905104687e-09,1.0,9.99999905104687e-09,1.0282304785391716e-08,6.673383268207544e-08,1.7200347883772338e-06,6.48208661004901e-05,0.002344554290175438,0.2450908124446869,0.5,1.0,1.0,1.0
8,580,25000,0.34124475717544556,0.4356846213340759,9.99999905104687e-09,1.0,9.99999905104687e-09,1.0274851192093593e-08,6.722154921590118e-08,1.7634951063882909e-06,6.56598131172359e-05,0.0023352517746388912,0.24221891164779663,0.5,1.0,1.0,1.0
8,590,25000,0.34121763706207275,0.43572601675987244,9.99999905104687e-09,1.0,9.99999905104687e-09,1.0240862380328508e-08,6.690913068041482e-08,1.781862010830082e-06,6.891235534567386e-05,0.002317405305802822,0.24052640795707703,0.5,1.0,1.0,1.0
8,600,25000,0.34127530455589294,0.43573135137557983,9.99999905104687e-09,1.0,9.99999905104687e-09,1.0281831386294016e-08,6.720939182969232e-08,1.7407909354005824e-06,6.444237078540027e-05,0.0023526984732598066,0.24511303007602692,0.5,1.0,1.0,1.0
8,610,25000,0.3412835896015167,0.43573230504989624,9.99999905104687e-09,1.0,9.99999905104687e-09,1.0278643713945712e-08,6.767172067156935e-08,1.7232415530088474e-06,6.821499846410006e-05,0.0023453778121620417,0.24764315783977509,0.5,1.0,1.0,1.0
8,620,25000,0.34126660227775574,0.4357786774635315,9.99999905104687e-09,1.0,9.99999905104687e-09,1.0294978203262417e-08,6.73657680749784e-08,1.659269628362381e-06,6.82626196066849e-05,0.00228018406778574,0.2427157759666443,0.5,1.0,1.0,1.0
8,630,25000,0.3412267565727234,0.4357209801673889,9.99999905104687e-09,1.0,9.99999905104687e-09,1.0251869575483852e-08,6.687569253926995e-08,1.7538328620503307e-06,6.84723345329985e-05,0.0022888914681971073,0.24337466061115265,0.5,1.0,1.0,1.0
8,640,25000,0.34131920337677,0.43574339151382446,9.99999905104687e-09,1.0,9.99999905104687e-09,1.0261365979147286e-08,6.772980043479038e-08,1.6590579434705433e-06,6.62834063405171e-05,0.0023783259093761444,0.2431703805923462,0.5,1.0,1.0,1.0
8,650,25000,0.3412398099899292,0.43575698137283325,9.99999905104687e-09,1.0,9.99999905104687e-09,1.0277567241701036e-08,6.818733311320102e-08,1.8275927686772775e-06,6.82178360875696e-05,0.0023688790388405323,0.24632297456264496,0.5,1.0,1.0,1.0
8,660,25000,0.3411949574947357,0.43569666147232056,9.99999905104687e-09,1.0,9.99999905104687e-09,1.0262108496306155e-08,6.693327492257595e-08,1.7571742318978067e-06,6.437379488488659e-05,0.0024080928415060043,0.2483699768781662,0.5,1.0,1.0,1.0
8,670,25000,0.34121355414390564,0.43572184443473816,9.99999905104687e-09,1.0,9.99999905104687e-09,1.0284511020586251e-08,6.71208937319534e-08,1.7865636436908972e-06,6.589030817849562e-05,0.0022749449126422405,0.24364089965820312,0.5,1.0,1.0,1.0
8,680,25000,0.34118568897247314,0.4357563555240631,9.99999905104687e-09,1.0,9.99999905104687e-09,1.0233981662111091e-08,6.931021090395006e-08,1.7509805729787331e-06,7.029472180875018e-05,0.00232061930000782,0.24407312273979187,0.5,1.0,1.0,1.0
8,690,25000,0.34119924902915955,0.4357353448867798,9.99999905104687e-09,1.0,9.99999905104687e-09,1.0254346705096395e-08,6.65542572164668e-08,1.722170964058023e-06,6.663981184829026e-05,0.0023215538822114468,0.2395307570695877,0.5,1.0,1.0,1.0
8,700,25000,0.34118983149528503,0.4357335567474365,9.99999905104687e-09,1.0,9.99999905104687e-09,1.0266369976363876e-08,6.854351397578284e-08,1.679664592302288e-06,6.356181984301656e-05,0.0023630820214748383,0.24399925768375397,0.5,1.0,1.0,1.0
8,710,25000,0.34121230244636536,0.4357058107852936,9.99999905104687e-09,1.0,9.99999905104687e-09,1.0264003869053795e-08,6.805699825918055e-08,1.810652520362055e-06,6.621603097300977e-05,0.002420371863991022,0.2375476062297821,0.5,1.0,1.0,1.0
8,720,25000,0.34123721718788147,0.4357147216796875,9.99999905104687e-09,1.0,9.99999905104687e-09,1.0272748873774162e-08,6.692007303854552e-08,1.7879127653941396e-06,6.894870602991432e-05,0.0023017204366624355,0.24281948804855347,0.5,1.0,1.0,1.0
8,730,25000,0.3412909507751465,0.43571236729621887,9.99999905104687e-09,1.0,9.99999905104687e-09,1.0287989127277797e-08,6.521482021071279e-08,1.762190663612273e-06,6.69715300318785e-05,0.0024319791700690985,0.24444697797298431,0.5,1.0,1.0,1.0
8,740,25000,0.3412463665008545,0.4357716143131256,9.99999905104687e-09,1.0,9.99999905104687e-09,1.0247917181516186e-08,6.583779565971781e-08,1.740928723847901e-06,6.82969912304543e-05,0.0023665858898311853,0.2399427592754364,0.5,1.0,1.0,1.0
8,750,25000,0.3411531448364258,0.4356873333454132,9.99999905104687e-09,1.0,9.99999905104687e-09,1.0250647441978344e-08,6.650540029795593e-08,1.6480490785397706e-06,6.724747800035402e-05,0.0023995849769562483,0.24014458060264587,0.5,1.0,1.0,1.0
8,760,25000,0.3410371243953705,0.43569666147232056,9.99999905104687e-09,1.0,9.99999905104687e-09,1.031170437926221e-08,6.68792878855129e-08,1.7029047967298538e-06,6.603451038245112e-05,0.0023430567234754562,0.23974068462848663,0.5,1.0,1.0,1.0
8,770,25000,0.34111541509628296,0.4356280565261841,9.99999905104687e-09,1.0,9.99999905104687e-09,1.0257751981157526e-08,6.635470839455593e-08,1.655380970078113e-06,6.664945976808667e-05,0.0023733614943921566,0.24159394204616547,0.5,1.0,1.0,1.0
8,780,25000,0.3411356508731842,0.4357142746448517,9.99999905104687e-09,1.0,9.99999905104687e-09,1.0248877302387882e-08,6.797957752269213e-08,1.8110912378688226e-06,6.719812517985702e-05,0.002277104649692774,0.2434903085231781,0.5,1.0,1.0,1.0
8,790,25000,0.34111109375953674,0.435679167509079,9.99999905104687e-09,1.0,9.99999905104687e-09,1.0246170134564636e-08,6.714330424983928e-08,1.7160901961688069e-06,6.438970740418881e-05,0.0023278524167835712,0.23936675488948822,0.5,1.0,1.0,1.0
8,800,25000,0.34107163548469543,0.4357145428657532,9.99999905104687e-09,1.0,9.99999905104687e-09,1.0277948270243087e-08,6.802712704256919e-08,1.7129326579379267e-06,6.365965236909688e-05,0.0023577685933560133,0.24278366565704346,0.5,1.0,1.0,1.0
8,810,25000,0.34120598435401917,0.435650110244751,9.99999905104687e-09,1.0,9.99999905104687e-09,1.0259530114353765e-08,6.729872126243208e-08,1.758459688971925e-06,6.306471186690032e-05,0.0024542284663766623,0.2496810108423233,0.5,1.0,1.0,1.0
8,820,25000,0.3411303460597992,0.43574610352516174,9.99999905104687e-09,1.0,9.99999905104687e-09,1.0285829077361086e-08,6.619785608563689e-08,1.6650727729938808e-06,6.546330405399203e-05,0.002333875745534897,0.2443155199289322,0.5,1.0,1.0,1.0
8,830,25000,0.3410729467868805,0.43561434745788574,9.99999905104687e-09,1.0,9.99999905104687e-09,1.0238148995256324e-08,6.798079965619763e-08,1.7052454950317042e-06,6.724980630679056e-05,0.0023563425056636333,0.24083352088928223,0.5,1.0,1.0,1.0
8,840,25000,0.3411465883255005,0.4356638193130493,9.99999905104687e-09,1.0,9.99999905104687e-09,1.0264859184871966e-08,6.480288305965587e-08,1.7231180891030817e-06,6.417735858121887e-05,0.0023870100267231464,0.2454272210597992,0.5,1.0,1.0,1.0
8,850,25000,0.3412228226661682,0.4356518089771271,9.99999905104687e-09,1.0,9.99999905104687e-09,1.0254733950887385e-08,6.927157869540679e-08,1.8206693539468688e-06,6.639485218329355e-05,0.002382937353104353,0.24232879281044006,0.5,1.0,1.0,1.0
8,860,25000,0.3411301076412201,0.4357048273086548,9.99999905104687e-09,1.0,9.99999905104687e-09,1.0257164895222104e-08,7.062875084784537e-08,1.6716531945348834e-06,6.704275438096374e-05,0.002326877322047949,0.2462230622768402,0.5,1.0,1.0,1.0
8,870,25000,0.3411400020122528,0.4357007145881653,9.99999905104687e-09,1.0,9.99999905104687e-09,1.0238730752121228e-08,6.75264146821064e-08,1.7037592670021695e-06,6.447697523981333e-05,0.0023532244376838207,0.24571052193641663,0.5,1.0,1.0,1.0
8,880,25000,0.34119901061058044,0.43567726016044617,9.99999905104687e-09,1.0,9.99999905104687e-09,1.0251456572518691e-08,7.042125105272135e-08,1.7415773072571028e-06,6.557885353686288e-05,0.0024398593232035637,0.24000903964042664,0.5,1.0,1.0,1.0
8,890,25000,0.34119606018066406,0.4356614947319031,9.99999905104687e-09,1.0,9.99999905104687e-09,1.0243152104294495e-08,6.620847159410914e-08,1.7130845435531228e-06,7.029085827525705e-05,0.0023476192727684975,0.24998030066490173,0.5,1.0,1.0,1.0
8,900,25000,0.3412136137485504,0.43567654490470886,9.99999905104687e-09,1.0,9.99999905104687e-09,1.0237370950960667e-08,6.5869571130861e-08,1.6467819250465254e-06,6.482291792053729e-05,0.0023056012578308582,0.23773251473903656,0.5,1.0,1.0,1.0
8,910,25000,0.34113630652427673,0.43566468358039856,9.99999905104687e-09,1.0,9.99999905104687e-09,1.0240511549852727e-08,6.820621933911752e-08,1.7201120954268845e-06,6.357936217682436e-05,0.0023512388579547405,0.24745668470859528,0.5,1.0,1.0,1.0
8,920,25000,0.3411061763763428,0.4357009828090668,9.99999905104687e-09,1.0,9.99999905104687e-09,1.0254379567697924e-08,6.732289392630264e-08,1.808751108001161e-06,6.581618072232231e-05,0.0023155235685408115,0.24232423305511475,0.5,1.0,1.0,1.0
8,930,25000,0.3411949872970581,0.43561527132987976,9.99999905104687e-09,1.0,9.99999905104687e-09,1.0248162318760023e-08,6.637270644205273e-08,1.7024431144818664e-06,6.951233081053942e-05,0.002363483887165785,0.24423302710056305,0.5,1.0,1.0,1.0
8,940,25000,0.3412177860736847,0.4357001781463623,9.99999905104687e-09,1.0,9.99999905104687e-09,1.0281276274781703e-08,6.754002157549621e-08,1.671445033935015e-06,6.532450788654387e-05,0.0023072087205946445,0.24428541958332062,0.5,1.0,1.0,1.0
8,950,25000,0.34118151664733887,0.43566471338272095,9.99999905104687e-09,1.0,9.99999905104687e-09,1.0276147932586355e-08,6.604915370189701e-08,1.7533203617858817e-06,6.715013296343386e-05,0.002412367146462202,0.24189214408397675,0.5,1.0,1.0,1.0
8,960,25000,0.34113672375679016,0.4356527030467987,9.99999905104687e-09,1.0,9.99999905104687e-09,1.0277189765872663e-08,6.582303058166872e-08,1.662592580942146e-06,6.691091402899474e-05,0.0023201853036880493,0.2436833381652832,0.5,1.0,1.0,1.0
8,970,25000,0.3412022590637207,0.4356341063976288,9.99999905104687e-09,1.0,9.99999905104687e-09,1.0273817352413062e-08,6.872947722058598e-08,1.6857457012520172e-06,6.59371871734038e-05,0.0023863266687840223,0.24353154003620148,0.5,1.0,1.0,1.0
8,980,25000,0.3411314785480499,0.4356728494167328,9.99999905104687e-09,1.0,9.99999905104687e-09,1.0264336047782763e-08,6.702233434907612e-08,1.7891425159177743e-06,6.718286022078246e-05,0.002324933186173439,0.24422511458396912,0.5,1.0,1.0,1.0
8,990,25000,0.34107527136802673,0.4356907308101654,9.99999905104687e-09,1.0,9.99999905104687e-09,1.0234444403067755e-08,6.6831006506618e-08,1.7888854699776857e-06,6.890496297273785e-05,0.002385247964411974,0.2383861243724823,0.5,1.0,1.0,1.0
8,1000,25000,0.34111136198043823,0.4356563985347748,9.99999905104687e-09,1.0,9.99999905104687e-09,1.0259884497543226e-08,6.591350398821305e-08,1.7316747289441992e-06,6.680945080006495e-05,0.0022885354701429605,0.24152052402496338,0.5,1.0,1.0,1.0
8,1010,25000,0.34117817878723145,0.4355984926223755,9.99999905104687e-09,1.0,9.99999905104687e-09,1.0275230444278804e-08,6.668010854582462e-08,1.6670013565089903e-06,6.74593320582062e-05,0.0023716266732662916,0.2459164708852768,0.5,1.0,1.0,1.0
8,1020,25000,0.34112119674682617,0.43568578362464905,9.99999905104687e-09,1.0,9.99999905104687e-09,1.0245794435093103e-08,6.721933942799296e-08,1.7889376522362e-06,6.553271668963134e-05,0.002352016745135188,0.24260108172893524,0.5,1.0,1.0,1.0
8,1030,25000,0.3411656320095062,0.43568217754364014,9.99999905104687e-09,1.0,9.99999905104687e-09,1.0285658547104504e-08,6.818640940764453e-08,1.615030896573444e-06,6.684486288577318e-05,0.0024008199106901884,0.2443060278892517,0.5,1.0,1.0,1.0
8,1040,25000,0.3411404490470886,0.4356691539287567,9.99999905104687e-09,1.0,9.99999905104687e-09,1.0274350259464882e-08,6.647573513873795e-08,1.7407843415639945e-06,6.81172386975959e-05,0.0023676902055740356,0.244647815823555,0.5,1.0,1.0,1.0
8,1050,25000,0.3411693871021271,0.43569472432136536,9.99999905104687e-09,1.0,9.99999905104687e-09,1.026481921684308e-08,6.6303783796684e-08,1.7194543033838272e-06,6.826408935012296e-05,0.0023666871711611748,0.24552597105503082,0.5,1.0,1.0,1.0
8,1060,25000,0.3411756455898285,0.4356524646282196,9.99999905104687e-09,1.0,9.99999905104687e-09,1.0290092333775647e-08,6.706197552830417e-08,1.736971057653136e-06,6.787096208427101e-05,0.002345889341086149,0.24889437854290009,0.5,1.0,1.0,1.0
8,1070,25000,0.3412784934043884,0.4356713593006134,9.99999905104687e-09,1.0,9.99999905104687e-09,1.0269405770202411e-08,6.654478568179911e-08,1.7279539861192461e-06,6.82325116940774e-05,0.0023458083160221577,0.2428639829158783,0.5,1.0,1.0,1.0
8,1080,25000,0.3411928713321686,0.43571045994758606,9.99999905104687e-09,1.0,9.99999905104687e-09,1.028176122019886e-08,6.658331841435938e-08,1.7808361008064821e-06,6.810306513216347e-05,0.002391817979514599,0.23920303583145142,0.5,1.0,1.0,1.0
8,1090,25000,0.3411221504211426,0.4356633722782135,9.99999905104687e-09,1.0,9.99999905104687e-09,1.0271286932095336e-08,6.694929055583998e-08,1.696279582574789e-06,6.628686969634145e-05,0.0024153473787009716,0.24631358683109283,0.5,1.0,1.0,1.0
8,1100,25000,0.3411302864551544,0.4356541335582733,9.99999905104687e-09,1.0,9.99999905104687e-09,1.0253538462734468e-08,6.976564748129022e-08,1.7877276832223288e-06,6.624310481129214e-05,0.0023278947919607162,0.24328120052814484,0.5,1.0,1.0,1.0
8,1110,25000,0.3410986363887787,0.435712605714798,9.99999905104687e-09,1.0,9.99999905104687e-09,1.0260658100946785e-08,6.779538352930103e-08,1.7215655816471553e-06,6.427112384699285e-05,0.0022337445989251137,0.24574990570545197,0.5,1.0,1.0,1.0
8,1120,25000,0.341141015291214,0.4356403648853302,9.99999905104687e-09,1.0,9.99999905104687e-09,1.0268345285169289e-08,6.689086973210578e-08,1.7861594869827968e-06,6.745671998942271e-05,0.0023360028862953186,0.24331046640872955,0.5,1.0,1.0,1.0
8,1130,25000,0.34118279814720154,0.43566077947616577,9.99999905104687e-09,1.0,9.99999905104687e-09,1.0276324680091875e-08,6.707210076228876e-08,1.7484201180195669e-06,6.722839316353202e-05,0.002308992203325033,0.24252364039421082,0.5,1.0,1.0,1.0
8,1140,25000,0.34116318821907043,0.43567711114883423,9.99999905104687e-09,1.0,9.99999905104687e-09,1.0276060002922804e-08,6.68551223270697e-08,1.7124427813541843e-06,6.833665247540921e-05,0.0022975564934313297,0.2472991645336151,0.5,1.0,1.0,1.0
8,1150,25000,0.3411179482936859,0.43568217754364014,9.99999905104687e-09,1.0,9.99999905104687e-09,1.0245495118965664e-08,6.582104816743595e-08,1.6688438790879445e-06,6.326782022370026e-05,0.0023066026624292135,0.2467438131570816,0.5,1.0,1.0,1.0
8,1160,25000,0.3410067856311798,0.4356471300125122,9.99999905104687e-09,1.0,9.99999905104687e-09,1.0260801985850776e-08,6.820323505962733e-08,1.773007511474134e-06,6.62149686831981e-05,0.002289623487740755,0.23878686130046844,0.5,1.0,1.0,1.0
8,1170,25000,0.3411649763584137,0.4356144666671753,9.99999905104687e-09,1.0,9.99999905104687e-09,1.0266541394798878e-08,6.926382667415965e-08,1.7488151797806495e-06,6.813547952333465e-05,0.002345120068639517,0.2423645555973053,0.5,1.0,1.0,1.0
8,1180,25000,0.3411162495613098,0.43565690517425537,9.99999905104687e-09,1.0,9.99999905104687e-09,1.0265623906491328e-08,6.939936270100588e-08,1.7560320202392177e-06,6.757161463610828e-05,0.002420702949166298,0.23831555247306824,0.5,1.0,1.0,1.0
8,1190,25000,0.3411404490470886,0.4356750547885895,9.99999905104687e-09,1.0,9.99999905104687e-09,1.0256163029964682e-08,6.488686210559536e-08,1.6975910739347455e-06,6.410024070646614e-05,0.0022878949530422688,0.24077777564525604,0.5,1.0,1.0,1.0
8,1200,25000,0.3411445617675781,0.4356411397457123,9.99999905104687e-09,1.0,9.99999905104687e-09,1.0282005469264277e-08,6.780583561294407e-08,1.7713161923893495e-06,6.603618385270238e-05,0.002327768364921212,0.24394704401493073,0.5,1.0,1.0,1.0
8,1210,25000,0.3411989212036133,0.435647189617157,9.99999905104687e-09,1.0,9.99999905104687e-09,1.028377294431948e-08,6.981385070048418e-08,1.6589701772318222e-06,6.570455298060551e-05,0.0022764592431485653,0.24305328726768494,0.5,1.0,1.0,1.0
8,1220,25000,0.341137558221817,0.43565046787261963,9.99999905104687e-09,1.0,9.99999905104687e-09,1.027071405701463e-08,6.643719530075032e-08,1.6786336800578283e-06,6.402510189218447e-05,0.002326493849977851,0.2445276528596878,0.5,1.0,1.0,1.0
8,1230,25000,0.3410853445529938,0.43570101261138916,9.99999905104687e-09,1.0,9.99999905104687e-09,1.0262217742251778e-08,6.897795401528128e-08,1.7208175222549471e-06,6.704669794999063e-05,0.0023425042163580656,0.23867887258529663,0.5,1.0,1.0,1.0
8,1240,25000,0.3410191535949707,0.4356358051300049,9.99999905104687e-09,1.0,9.99999905104687e-09,1.026274265569782e-08,6.707097810476625e-08,1.750774003994593e-06,6.78405340295285e-05,0.0023896542843431234,0.2378382831811905,0.5,1.0,1.0,1.0
8,1250,25000,0.3411511778831482,0.4356608986854553,9.99999905104687e-09,1.0,9.99999905104687e-09,1.0262733773913624e-08,6.727353962787674e-08,1.7412726265320089e-06,6.562074122484773e-05,0.002363105770200491,0.24329645931720734,0.5,1.0,1.0,1.0
8,1260,25000,0.34112370014190674,0.4357115626335144,9.99999905104687e-09,1.0,9.99999905104687e-09,1.0252771076579847e-08,6.643311678544706e-08,1.6574433630012209e-06,6.845695315860212e-05,0.0022808865178376436,0.2403641641139984,0.5,1.0,1.0,1.0
8,1270,25000,0.34117263555526733,0.4356663227081299,9.99999905104687e-09,1.0,9.99999905104687e-09,1.0268751182707092e-08,6.861515799982953e-08,1.7873783235700103e-06,6.254893378354609e-05,0.0024309258442372084,0.2428475022315979,0.5,1.0,1.0,1.0
8,1280,25000,0.34109413623809814,0.435687392950058,9.99999905104687e-09,1.0,9.99999905104687e-09,1.0277402928693391e-08,6.688530618248478e-08,1.7399202079104725e-06,6.527865480165929e-05,0.0022144450340420008,0.23628678917884827,0.5,1.0,1.0,1.0
8,1290,25000,0.3410600423812866,0.43561258912086487,9.99999905104687e-09,1.0,9.99999905104687e-09,1.0269181061062227e-08,6.570118671334058e-08,1.73000410086388e-06,6.363831198541448e-05,0.0024191702250391245,0.2443043291568756,0.5,1.0,1.0,1.0
8,1300,25000,0.34123513102531433,0.4356630742549896,9.99999905104687e-09,1.0,9.99999905104687e-09,1.026532192582863e-08,6.741196045823017e-08,1.6952719761320623e-06,6.696449418086559e-05,0.0022878418676555157,0.24872659146785736,0.5,1.0,1.0,1.0
8,1310,25000,0.3410719037055969,0.435664564371109,9.99999905104687e-09,1.0,9.99999905104687e-09,1.0239419090396495e-08,6.942534014342527e-08,1.7002271306409966e-06,6.601379573112354e-05,0.002400388475507498,0.2381453961133957,0.5,1.0,1.0,1.0
8,1320,25000,0.3411093056201935,0.43562954664230347,9.99999905104687e-09,1.0,9.99999905104687e-09,1.0281630657971164e-08,6.815847086727445e-08,1.7784004739951342e-06,6.449232751037925e-05,0.0024223290383815765,0.2409074604511261,0.5,1.0,1.0,1.0
8,1330,25000,0.34101641178131104,0.4356503188610077,9.99999905104687e-09,1.0,9.99999905104687e-09,1.0272022343826848e-08,6.67177530999652e-08,1.7207770497407182e-06,6.70801309752278e-05,0.0023411763831973076,0.24037174880504608,0.5,1.0,1.0,1.0
8,1340,25000,0.3411403000354767,0.4356418251991272,9.99999905104687e-09,1.0,9.99999905104687e-09,1.0268258243684159e-08,6.985587219787703e-08,1.8106758261637879e-06,6.595032755285501e-05,0.002379876794293523,0.246288001537323,0.5,1.0,1.0,1.0
8,1350,25000,0.34121260046958923,0.4356709420681,9.99999905104687e-09,1.0,9.99999905104687e-09,1.027915175200178e-08,6.775970717853852e-08,1.7365805433655623e-06,6.60713849356398e-05,0.0023265467025339603,0.24822713434696198,0.5,1.0,1.0,1.0
8,1360,25000,0.3411584794521332,0.4356814920902252,9.99999905104687e-09,1.0,9.99999905104687e-09,1.02566417581329e-08,6.629834814475544e-08,1.633923830013373e-06,6.998606113484129e-05,0.0023486181162297726,0.2482443004846573,0.5,1.0,1.0,1.0
8,1370,25000,0.341141939163208,0.43566781282424927,9.99999905104687e-09,1.0,9.99999905104687e-09,1.0278571771493716e-08,6.633516136389517e-08,1.6890686538317823e-06,6.628233677474782e-05,0.002362853614613414,0.24092689156532288,0.5,1.0,1.0,1.0
8,1380,25000,0.34106868505477905,0.4356774687767029,9.99999905104687e-09,1.0,9.99999905104687e-09,1.0246031578731163e-08,6.624510717756493e-08,1.6631445305392845e-06,6.488287908723578e-05,0.0023816863540560007,0.24370194971561432,0.5,1.0,1.0,1.0
8,1390,25000,0.3411795198917389,0.4356692135334015,9.99999905104687e-09,1.0,9.99999905104687e-09,1.0247465098700559e-08,6.773979066565516e-08,1.7170406181321596e-06,6.495519482996315e-05,0.002371356822550297,0.24814343452453613,0.5,1.0,1.0,1.0
8,1400,25000,0.34107425808906555,0.4357104003429413,9.99999905104687e-09,1.0,9.99999905104687e-09,1.0279245898914269e-08,6.699850274571872e-08,1.791098384273937e-06,6.690662848995999e-05,0.002392284572124481,0.2433716207742691,0.5,1.0,1.0,1.0
8,1410,25000,0.34110718965530396,0.4356350898742676,9.99999905104687e-09,1.0,9.99999905104687e-09,1.0274225914486124e-08,6.787956863263389e-08,1.697494894870033e-06,6.795371882617474e-05,0.0023785096127539873,0.23544497787952423,0.5,1.0,1.0,1.0
8,1420,25000,0.3411373496055603,0.4356537163257599,9.99999905104687e-09,1.0,9.99999905104687e-09,1.0269478600832826e-08,6.600753721386354e-08,1.720935188131989e-06,6.459326687036082e-05,0.0023457175120711327,0.24628937244415283,0.5,1.0,1.0,1.0
8,1430,25000,0.34116995334625244,0.4356825649738312,9.99999905104687e-09,1.0,9.99999905104687e-09,1.0282444229403609e-08,6.848758715705117e-08,1.7467308452978614e-06,6.548340752488002e-05,0.0023749778047204018,0.24644020199775696,0.5,1.0,1.0,1.0
8,1440,25000,0.34119534492492676,0.43570205569267273,9.99999905104687e-09,1.0,9.99999905104687e-09,1.029019891518601e-08,6.719582756886666e-08,1.676430201769108e-06,6.68949942337349e-05,0.0023449775762856007,0.24524269998073578,0.5,1.0,1.0,1.0
8,1450,25000,0.341096967458725,0.4356515407562256,9.99999905104687e-09,1.0,9.99999905104687e-09,1.0291241636650739e-08,6.781138495171035e-08,1.7581974134373013e-06,6.59514480503276e-05,0.002378272358328104,0.24220000207424164,0.5,1.0,1.0,1.0
8,1460,25000,0.3411109745502472,0.43565547466278076,9.99999905104687e-09,1.0,9.99999905104687e-09,1.0266161254435247e-08,6.512615868814464e-08,1.6860140021890402e-06,6.571484118467197e-05,0.0023045793641358614,0.2364485114812851,0.5,1.0,1.0,1.0
8,1470,25000,0.3411159813404083,0.43565499782562256,9.99999905104687e-09,1.0,9.99999905104687e-09,1.0260829519381787e-08,6.944027575173095e-08,1.8348898720432771e-06,6.424434104701504e-05,0.0022993767634034157,0.23715652525424957,0.5,1.0,1.0,1.0
8,1480,25000,0.3411404490470886,0.4356905221939087,9.99999905104687e-09,1.0,9.99999905104687e-09,1.0267618755221974e-08,6.669336016784655e-08,1.738562559694401e-06,6.712445610901341e-05,0.002326809801161289,0.24438706040382385,0.5,1.0,1.0,1.0
8,1490,25000,0.34116631746292114,0.435635507106781,9.99999905104687e-09,1.0,9.99999905104687e-09,1.0267977579303533e-08,6.801975871439936e-08,1.7890740764414659e-06,6.540186586789787e-05,0.002349086804315448,0.24074438214302063,0.5,1.0,1.0,1.0
8,1500,25000,0.3411606550216675,0.43566983938217163,9.99999905104687e-09,1.0,9.99999905104687e-09,1.0250219339980049e-08,6.595358570393728e-08,1.690527938080777e-06,6.596887396881357e-05,0.002391367219388485,0.24599137902259827,0.5,1.0,1.0,1.0
8,1510,25000,0.3411072790622711,0.43573376536369324,9.99999905104687e-09,1.0,9.99999905104687e-09,1.023194062810262e-08,6.595710289047929e-08,1.7539974805913516e-06,6.536438741022721e-05,0.002355982316657901,0.24649818241596222,0.5,1.0,1.0,1.0
8,1520,25000,0.3410867154598236,0.43568000197410583,9.99999905104687e-09,1.0,9.99999905104687e-09,1.0273693007434304e-08,6.916108929999609e-08,1.8171778037867625e-06,6.633171142311767e-05,0.002420169534161687,0.2427930235862732,0.5,1.0,1.0,1.0
8,1530,25000,0.34116119146347046,0.435678094625473,9.99999905104687e-09,1.0,9.99999905104687e-09,1.0262377614367324e-08,6.788109629951578e-08,1.6191340819204925e-06,6.385848246281967e-05,0.002271766308695078,0.2461613267660141,0.5,1.0,1.0,1.0
8,1540,25000,0.34113264083862305,0.43569016456604004,9.99999905104687e-09,1.0,9.99999905104687e-09,1.0255846838447269e-08,6.720687650840773e-08,1.8417811133986106e-06,6.499177106888965e-05,0.0023494609631597996,0.24240675568580627,0.5,1.0,1.0,1.0
8,1550,25000,0.341133713722229,0.4356907606124878,9.99999905104687e-09,1.0,9.99999905104687e-09,1.0258277782781988e-08,6.544406971897843e-08,1.7337072222289862e-06,6.702323298668489e-05,0.002331180963665247,0.24542680382728577,0.5,1.0,1.0,1.0
8,1560,25000,0.34113895893096924,0.43567878007888794,9.99999905104687e-09,1.0,9.99999905104687e-09,1.0257955374015637e-08,6.699854537828287e-08,1.65453684530803e-06,7.13478511897847e-05,0.002328849397599697,0.24201597273349762,0.5,1.0,1.0,1.0
8,1570,25000,0.3411088287830353,0.4356812536716461,9.99999905104687e-09,1.0,9.99999905104687e-09,1.0307921627372707e-08,6.808087960052944e-08,1.7590294874025858e-06,6.430512439692393e-05,0.0023299334570765495,0.24133314192295074,0.5,1.0,1.0,1.0
8,1580,25000,0.3411336839199066,0.4356694519519806,9.99999905104687e-09,1.0,9.99999905104687e-09,1.0245435611011544e-08,6.977188604651019e-08,1.7029732362061623e-06,6.65287152514793e-05,0.002313812728971243,0.23889455199241638,0.5,1.0,1.0,1.0
8,1590,25000,0.34115082025527954,0.43567442893981934,9.99999905104687e-09,1.0,9.99999905104687e-09,1.0261608451855864e-08,6.677730368664925e-08,1.7813016484069522e-06,6.501876487163827e-05,0.002469031373038888,0.24225905537605286,0.5,1.0,1.0,1.0
8,1600,25000,0.3411351442337036,0.43566781282424927,9.99999905104687e-09,1.0,9.99999905104687e-09,1.0255818416737839e-08,6.592234313984591e-08,1.66939298651414e-06,6.662725354544818e-05,0.0023435114417225122,0.23597672581672668,0.5,1.0,1.0,1.0
8,1610,25000,0.34109756350517273,0.435664564371109,9.99999905104687e-09,1.0,9.99999905104687e-09,1.0268826677872767e-08,6.860278745079995e-08,1.739571644066018e-06,6.609725824091583e-05,0.002343737054616213,0.24392332136631012,0.5,1.0,1.0,1.0
8,1620,25000,0.3410961627960205,0.4356922209262848,9.99999905104687e-09,1.0,9.99999905104687e-09,1.0281858031646607e-08,6.997527890462152e-08,1.710851392999757e-06,6.394243973772973e-05,0.002318946411833167,0.2372763603925705,0.5,1.0,1.0,1.0
8,1630,25000,0.3411475121974945,0.4356881380081177,9.99999905104687e-09,1.0,9.99999905104687e-09,1.0257346083619723e-08,6.780073391610131e-08,1.720981344988104e-06,6.402198050636798e-05,0.002353798132389784,0.24196329712867737,0.5,1.0,1.0,1.0
8,1640,25000,0.34114357829093933,0.43567681312561035,9.99999905104687e-09,1.0,9.99999905104687e-09,1.0249080695245993e-08,6.79260381275526e-08,1.7076391713999328e-06,6.568385288119316e-05,0.0023525026626884937,0.24277052283287048,0.5,1.0,1.0,1.0
8,1650,25000,0.34111523628234863,0.43569284677505493,9.99999905104687e-09,1.0,9.99999905104687e-09,1.0271982375797961e-08,6.61543992919178e-08,1.7597740225028247e-06,6.712313188472763e-05,0.002353388350456953,0.2439960390329361,0.5,1.0,1.0,1.0
8,1660,25000,0.34109824895858765,0.4357108771800995,9.99999905104687e-09,1.0,9.99999905104687e-09,1.0251206106204336e-08,6.692170018141042e-08,1.7778107803678722e-06,6.392943760147318e-05,0.0023214807733893394,0.2444780319929123,0.5,1.0,1.0,1.0
8,1670,25000,0.3412242531776428,0.43561625480651855,9.99999905104687e-09,1.0,9.99999905104687e-09,1.026478724241997e-08,6.747961123210189e-08,1.6359859955628053e-06,6.659862265223637e-05,0.00238747987896204,0.2457401603460312,0.5,1.0,1.0,1.0
8,1680,25000,0.34115463495254517,0.43568551540374756,9.99999905104687e-09,1.0,9.99999905104687e-09,1.0284982643327112e-08,7.083082920189554e-08,1.7459525452068192e-06,6.417281110771e-05,0.0023618999402970076,0.2417321652173996,0.5,1.0,1.0,1.0
8,1690,25000,0.34116360545158386,0.43568265438079834,9.99999905104687e-09,1.0,9.99999905104687e-09,1.0254342264204297e-08,6.664706830861178e-08,1.757186396389443e-06,6.544192001456395e-05,0.002327738795429468,0.24663974344730377,0.5,1.0,1.0,1.0
8,1700,25000,0.34117624163627625,0.4356255531311035,9.99999905104687e-09,1.0,9.99999905104687e-09,1.0253994986442194e-08,6.839082544729536e-08,1.7366738802593318e-06,6.574911822099239e-05,0.0023285076022148132,0.24202854931354523,0.5,1.0,1.0,1.0
8,1710,25000,0.3411768078804016,0.4357060194015503,9.99999905104687e-09,1.0,9.99999905104687e-09,1.026236073897735e-08,6.943462693698166e-08,1.759465590112086e-06,6.58190474496223e-05,0.002334886696189642,0.24852071702480316,0.5,1.0,1.0,1.0
8,1720,25000,0.3411751389503479,0.4356837272644043,9.99999905104687e-09,1.0,9.99999905104687e-09,1.0254233018258674e-08,6.841973743121343e-08,1.700616962807544e-06,6.849774217698723e-05,0.0023840186186134815,0.24693794548511505,0.5,1.0,1.0,1.0
8,1730,25000,0.34110385179519653,0.43566352128982544,9.99999905104687e-09,1.0,9.99999905104687e-09,1.029390350737458e-08,6.815007935756512e-08,1.818009081944183e-06,6.726817809976637e-05,0.002335106488317251,0.2439347505569458,0.5,1.0,1.0,1.0
8,1740,25000,0.3412087857723236,0.4356200397014618,9.99999905104687e-09,1.0,9.99999905104687e-09,1.0273121908710436e-08,6.886368453251634e-08,1.7023577356667374e-06,6.797823880333453e-05,0.0023840870708227158,0.24364227056503296,0.5,1.0,1.0,1.0
8,1750,25000,0.34115681052207947,0.43569138646125793,9.99999905104687e-09,1.0,9.99999905104687e-09,1.0273178752129297e-08,6.668155094757822e-08,1.6767410215834389e-06,6.739526725141332e-05,0.0023476763162761927,0.2431124895811081,0.5,1.0,1.0,1.0
8,1760,25000,0.3411993682384491,0.43566247820854187,9.99999905104687e-09,1.0,9.99999905104687e-09,1.0229857849708424e-08,6.649462136465445e-08,1.6808123746159254e-06,6.871511868666857e-05,0.0023508472368121147,0.2416335940361023,0.5,1.0,1.0,1.0
8,1770,25000,0.341152161359787,0.4356808662414551,9.99999905104687e-09,1.0,9.99999905104687e-09,1.0244865400466097e-08,6.55030802931833e-08,1.7014524473779602e-06,6.557661254191771e-05,0.0023269373923540115,0.24764633178710938,0.5,1.0,1.0,1.0
8,1780,25000,0.3412657678127289,0.4356525242328644,9.99999905104687e-09,1.0,9.99999905104687e-09,1.0260190030919603e-08,6.500450666635516e-08,1.7893271433422342e-06,6.847314216429368e-05,0.0023375775199383497,0.24814878404140472,0.5,1.0,1.0,1.0
8,1790,25000,0.3411880135536194,0.4356926381587982,9.99999905104687e-09,1.0,9.99999905104687e-09,1.0294398222754353e-08,6.788503270627189e-08,1.7516586012789048e-06,6.531750841531903e-05,0.002336620818823576,0.2438153624534607,0.5,1.0,1.0,1.0
8,1800,25000,0.34118884801864624,0.435671329498291,9.99999905104687e-09,1.0,9.99999905104687e-09,1.0266457017849007e-08,6.656613038558135e-08,1.7133219216702855e-06,6.179028423503041e-05,0.002415957162156701,0.23976711928844452,0.5,1.0,1.0,1.0
8,1810,25000,0.34115275740623474,0.4356520473957062,9.99999905104687e-09,1.0,9.99999905104687e-09,1.025359264161807e-08,6.957699838494591e-08,1.7073665503630764e-06,6.388968176906928e-05,0.002328969072550535,0.24400311708450317,0.5,1.0,1.0,1.0
8,1820,25000,0.3411240875720978,0.4356938600540161,9.99999905104687e-09,1.0,9.99999905104687e-09,1.0270023054204103e-08,7.121708023305473e-08,1.7451336589147104e-06,6.561426562257111e-05,0.0023424061946570873,0.2446969449520111,0.5,1.0,1.0,1.0
8,1830,25000,0.34112247824668884,0.4356735944747925,9.99999905104687e-09,1.0,9.99999905104687e-09,1.0272633410579601e-08,6.864965484965069e-08,1.7986420743909548e-06,6.462795863626525e-05,0.0023994199000298977,0.23763994872570038,0.5,1.0,1.0,1.0
8,1840,25000,0.3411773145198822,0.4356706142425537,9.99999905104687e-09,1.0,9.99999905104687e-09,1.0271802963757182e-08,6.622179427040464e-08,1.7422669316147221e-06,6.714734627166763e-05,0.0024117985740303993,0.24844607710838318,0.5,1.0,1.0,1.0
8,1850,25000,0.34111863374710083,0.435686856508255,9.99999905104687e-09,1.0,9.99999905104687e-09,1.0256515636797303e-08,6.565912968881094e-08,1.701682890598022e-06,6.643179222010076e-05,0.002279899315908551,0.2451481968164444,0.5,1.0,1.0,1.0
8,1860,25000,0.34115374088287354,0.43569475412368774,9.99999905104687e-09,1.0,9.99999905104687e-09,1.025741358517962e-08,7.019674086450323e-08,1.6387137975470978e-06,6.743906124029309e-05,0.0023435624316334724,0.24282841384410858,0.5,1.0,1.0,1.0
8,1870,25000,0.3411729037761688,0.4356761872768402,9.99999905104687e-09,1.0,9.99999905104687e-09,1.0256631988170284e-08,6.876192060190078e-08,1.7164468317787396e-06,6.758195377187803e-05,0.0024425159208476543,0.24849145114421844,0.5,1.0,1.0,1.0
8,1880,25000,0.3410869836807251,0.43568819761276245,9.99999905104687e-09,1.0,9.99999905104687e-09,1.0243710768520486e-08,6.891974635436782e-08,1.687375629444432e-06,6.436437979573384e-05,0.00229318137280643,0.2351401150226593,0.5,1.0,1.0,1.0
8,1890,25000,0.34109219908714294,0.43569278717041016,9.99999905104687e-09,1.0,9.99999905104687e-09,1.0277325657170877e-08,6.876656755139265e-08,1.774577754076745e-06,6.316581857390702e-05,0.00229128310456872,0.24522733688354492,0.5,1.0,1.0,1.0
8,1900,25000,0.34110891819000244,0.4356984496116638,9.99999905104687e-09,1.0,9.99999905104687e-09,1.0267567240873632e-08,6.721183609670334e-08,1.6920857888180763e-06,6.32938536000438e-05,0.002268989570438862,0.23243126273155212,0.5,1.0,1.0,1.0
8,1910,25000,0.34119829535484314,0.43564295768737793,9.99999905104687e-09,1.0,9.99999905104687e-09,1.0243959458478002e-08,6.668614815907858e-08,1.7399318039679201e-06,6.838448462076485e-05,0.0023491086903959513,0.24188251793384552,0.5,1.0,1.0,1.0
8,1920,25000,0.34111347794532776,0.435703307390213,9.99999905104687e-09,1.0,9.99999905104687e-09,1.0263895511286591e-08,6.891110615470097e-08,1.6466161696371273e-06,6.551897968165576e-05,0.0023667234927415848,0.24289248883724213,0.5,1.0,1.0,1.0
8,1930,25000,0.3412077724933624,0.43563902378082275,9.99999905104687e-09,1.0,9.99999905104687e-09,1.0254326276992742e-08,6.649145944948032e-08,1.7490762047600583e-06,6.808490434195846e-05,0.002292812801897526,0.24168367683887482,0.5,1.0,1.0,1.0
8,1940,25000,0.34115341305732727,0.43564847111701965,9.99999905104687e-09,1.0,9.99999905104687e-09,1.0258338178914528e-08,6.856816980871372e-08,1.800066002033418e-06,6.742421101080254e-05,0.0023211268708109856,0.23863551020622253,0.5,1.0,1.0,1.0
8,1950,25000,0.34110018610954285,0.4356939196586609,9.99999905104687e-09,1.0,9.99999905104687e-09,1.0261062222127748e-08,6.682492426079989e-08,1.7380019698975957e-06,6.683971878373995e-05,0.0022854828275740147,0.24242714047431946,0.5,1.0,1.0,1.0
8,1960,25000,0.34104135632514954,0.435712605714798,9.99999905104687e-09,1.0,9.99999905104687e-09,1.0272231953933897e-08,6.833165144826125e-08,1.7249135453312192e-06,6.75336123094894e-05,0.0023463666439056396,0.23734702169895172,0.5,1.0,1.0,1.0
8,1970,25000,0.3411233723163605,0.4356573224067688,9.99999905104687e-09,1.0,9.99999905104687e-09,1.0249650905791441e-08,6.74209204021281e-08,1.7183702993861516e-06,6.787163147237152e-05,0.002306445501744747,0.24212928116321564,0.5,1.0,1.0,1.0
8,1980,25000,0.3410714864730835,0.4356428384780884,9.99999905104687e-09,1.0,9.99999905104687e-09,1.0237196867990406e-08,6.69424835564314e-08,1.670299980105483e-06,6.607834802707657e-05,0.0023336834274232388,0.24418878555297852,0.5,1.0,1.0,1.0
8,1990,25000,0.3411613404750824,0.43565163016319275,9.99999905104687e-09,1.0,9.99999905104687e-09,1.028045470974348e-08,6.963303178508795e-08,1.6462645362480544e-06,6.553516141138971e-05,0.002360342303290963,0.24275372922420502,0.5,1.0,1.0,1.0
8,2000,25000,0.3411576449871063,0.43571045994758606,9.99999905104687e-09,1.0,9.99999905104687e-09,1.0282210638479228e-08,7.178610417213349e-08,1.667368223934318e-06,7.001956691965461e-05,0.0023482651449739933,0.24036447703838348,0.5,1.0,1.0,1.0
8,2010,25000,0.3412090241909027,0.4356779158115387,9.99999905104687e-09,1.0,9.99999905104687e-09,1.0267775074623842e-08,6.620906845000718e-08,1.73657167579222e-06,6.638311606366187e-05,0.00232442794367671,0.24684041738510132,0.5,1.0,1.0,1.0
8,2020,25000,0.3411334753036499,0.4357205331325531,9.99999905104687e-09,1.0,9.99999905104687e-09,1.0273010886407974e-08,6.612781788817301e-08,1.7373746459270478e-06,6.556471635121852e-05,0.002287500537931919,0.2382015883922577,0.5,1.0,1.0,1.0
8,2030,25000,0.34118568897247314,0.43566906452178955,9.99999905104687e-09,1.0,9.99999905104687e-09,1.0241278936007348e-08,6.55551488648598e-08,1.687879148448701e-06,6.64328908897005e-05,0.002309534465894103,0.24374113976955414,0.5,1.0,1.0,1.0
8,2040,25000,0.34121134877204895,0.4356807470321655,9.99999905104687e-09,1.0,9.99999905104687e-09,1.0261343774686793e-08,6.737192137507009e-08,1.7061710195775959e-06,6.744459824403748e-05,0.002333593787625432,0.2490357905626297,0.5,1.0,1.0,1.0
8,2050,25000,0.34119752049446106,0.4356669485569,9.99999905104687e-09,1.0,9.99999905104687e-09,1.0279666895485207e-08,6.572926025683046e-08,1.7420135236534406e-06,6.982577906455845e-05,0.002246821066364646,0.2461887001991272,0.5,1.0,1.0,1.0
8,2060,25000,0.3411584496498108,0.4356716573238373,9.99999905104687e-09,1.0,9.99999905104687e-09,1.027527396502137e-08,6.686209985673486e-08,1.8071447129841545e-06,6.528943049488589e-05,0.002279178937897086,0.2419302612543106,0.5,1.0,1.0,1.0
8,2070,25000,0.34119394421577454,0.43569308519363403,9.99999905104687e-09,1.0,9.99999905104687e-09,1.0259850746763277e-08,6.700994958919182e-08,1.7834810250860755e-06,7.151895988499746e-05,0.0023223450407385826,0.24595142900943756,0.5,1.0,1.0,1.0
8,2080,25000,0.3412165641784668,0.4356779456138611,9.99999905104687e-09,1.0,9.99999905104687e-09,1.0267005023933962e-08,6.81976430882969e-08,1.7639782754486077e-06,6.847378244856372e-05,0.0023219333961606026,0.24231699109077454,0.5,1.0,1.0,1.0
8,2090,25000,0.3411790728569031,0.43569207191467285,9.99999905104687e-09,1.0,9.99999905104687e-09,1.0258730753776035e-08,6.630699544984964e-08,1.7089902257794165e-06,6.31762231932953e-05,0.0023052338510751724,0.24728384613990784,0.5,1.0,1.0,1.0
8,2100,25000,0.34114620089530945,0.4356902837753296,9.99999905104687e-09,1.0,9.99999905104687e-09,1.0268678352076677e-08,6.495437787634728e-08,1.7630909496801905e-06,6.634915189351887e-05,0.002265423536300659,0.23998993635177612,0.5,1.0,1.0,1.0
8,2110,25000,0.34119752049446106,0.43565571308135986,9.99999905104687e-09,1.0,9.99999905104687e-09,1.0265019945165932e-08,6.809652575157088e-08,1.7840313830674859e-06,6.572108395630494e-05,0.002400111872702837,0.24536040425300598,0.5,1.0,1.0,1.0
8,2120,25000,0.34112629294395447,0.4356953501701355,9.99999905104687e-09,1.0,9.99999905104687e-09,1.0276906436956779e-08,6.68224586775068e-08,1.8043783711618744e-06,6.527269579237327e-05,0.0023348908871412277,0.23938018083572388,0.5,1.0,1.0,1.0
8,2130,25000,0.34111860394477844,0.4356963336467743,9.99999905104687e-09,1.0,9.99999905104687e-09,1.0266877126241525e-08,6.483035264182035e-08,1.7575949868842144e-06,6.281229434534907e-05,0.002395805437117815,0.23786327242851257,0.5,1.0,1.0,1.0
8,2140,25000,0.3412048816680908,0.4356841742992401,9.99999905104687e-09,1.0,9.99999905104687e-09,1.0230032820857105e-08,6.528521367954454e-08,1.74089484517026e-06,6.389248301275074e-05,0.0023307979572564363,0.24996250867843628,0.5,1.0,1.0,1.0
8,2150,25000,0.3411620259284973,0.43570399284362793,9.99999905104687e-09,1.0,9.99999905104687e-09,1.0279319617723104e-08,6.863430712655827e-08,1.73042474216345e-06,6.250358273973688e-05,0.0024061547592282295,0.24471384286880493,0.5,1.0,1.0,1.0
8,2160,25000,0.3412133753299713,0.43568047881126404,9.99999905104687e-09,1.0,9.99999905104687e-09,1.0273885742151379e-08,6.71340671942744e-08,1.7492656070317025e-06,6.653941090917215e-05,0.0023340070620179176,0.24445810914039612,0.5,1.0,1.0,1.0
8,2170,25000,0.34117794036865234,0.43568241596221924,9.99999905104687e-09,1.0,9.99999905104687e-09,1.027936047393041e-08,6.891326620461768e-08,1.7712761746224714e-06,6.418528209906071e-05,0.002373367315158248,0.2464906871318817,0.5,1.0,1.0,1.0
8,2180,25000,0.34115010499954224,0.43569415807724,9.99999905104687e-09,1.0,9.99999905104687e-09,1.0266072436593277e-08,6.618788717105417e-08,1.6888452591956593e-06,6.633684824919328e-05,0.0023657483980059624,0.2432996779680252,0.5,1.0,1.0,1.0
8,2190,25000,0.3411266803741455,0.4356905519962311,9.99999905104687e-09,1.0,9.99999905104687e-09,1.0247775961147454e-08,6.451123368833578e-08,1.7403518768333015e-06,6.681674130959436e-05,0.0023980531841516495,0.24347712099552155,0.5,1.0,1.0,1.0
8,2200,25000,0.34107983112335205,0.4355931580066681,9.99999905104687e-09,1.0,9.99999905104687e-09,1.0261508087694438e-08,6.655518092202328e-08,1.698507730907295e-06,6.738364027114585e-05,0.0023521650582551956,0.24484370648860931,0.5,1.0,1.0,1.0
8,2210,25000,0.3411369025707245,0.43570905923843384,9.99999905104687e-09,1.0,9.99999905104687e-09,1.0309052278500985e-08,7.003860247323246e-08,1.7679701613815269e-06,6.617299368372187e-05,0.0023252060636878014,0.24134182929992676,0.5,1.0,1.0,1.0
8,2220,25000,0.3410797417163849,0.4356933832168579,9.99999905104687e-09,1.0,9.99999905104687e-09,1.0256894888982515e-08,6.656868833943008e-08,1.7058747516784933e-06,6.756615766789764e-05,0.002351348986849189,0.24674734473228455,0.5,1.0,1.0,1.0
8,2230,25000,0.3412144184112549,0.4356740117073059,9.99999905104687e-09,1.0,9.99999905104687e-09,1.0265182481816737e-08,6.721295164879848e-08,1.7814896864365437e-06,6.748085434082896e-05,0.0023703768383711576,0.2439022660255432,0.5,1.0,1.0,1.0
8,2240,25000,0.34122222661972046,0.43566086888313293,9.99999905104687e-09,1.0,9.99999905104687e-09,1.0240062131572358e-08,6.756389581141775e-08,1.688249540165998e-06,6.671634037047625e-05,0.0023261988535523415,0.24916337430477142,0.5,1.0,1.0,1.0
8,2250,25000,0.3411817252635956,0.4356982409954071,9.99999905104687e-09,1.0,9.99999905104687e-09,1.0258594862477821e-08,6.786203243791533e-08,1.705054046396981e-06,6.61841404507868e-05,0.002331042429432273,0.24647939205169678,0.5,1.0,1.0,1.0
8,2260,25000,0.34125563502311707,0.43563538789749146,9.99999905104687e-09,1.0,9.99999905104687e-09,1.0259475935470164e-08,6.579917766202925e-08,1.835231728364306e-06,6.498506991192698e-05,0.002351917326450348,0.2449096143245697,0.5,1.0,1.0,1.0
8,2270,25000,0.3411794602870941,0.4356563985347748,9.99999905104687e-09,1.0,9.99999905104687e-09,1.0275285511340826e-08,6.592882328959604e-08,1.6364485873054946e-06,6.608893454540521e-05,0.002379619050770998,0.2387373298406601,0.5,1.0,1.0,1.0
8,2280,25000,0.34114763140678406,0.43562421202659607,9.99999905104687e-09,1.0,9.99999905104687e-09,1.027989426916065e-08,6.708519606490881e-08,1.7670935221758555e-06,6.944977212697268e-05,0.0023097554221749306,0.246719092130661,0.5,1.0,1.0,1.0
8,2290,25000,0.3412059545516968,0.43568384647369385,9.99999905104687e-09,1.0,9.99999905104687e-09,1.02683728187003e-08,6.997652945983646e-08,1.749238435877487e-06,6.918145663803443e-05,0.0024437683168798685,0.24306268990039825,0.5,1.0,1.0,1.0
8,2300,25000,0.34114009141921997,0.43569862842559814,9.99999905104687e-09,1.0,9.99999905104687e-09,1.028875029618348e-08,6.889505499430015e-08,1.7516905472803046e-06,6.43153180135414e-05,0.0024397559463977814,0.2476436048746109,0.5,1.0,1.0,1.0
8,2310,25000,0.3412598669528961,0.435642808675766,9.99999905104687e-09,1.0,9.99999905104687e-09,1.0288258245338966e-08,6.752426173761705e-08,1.7271403294216725e-06,6.550792750203982e-05,0.0023494360502809286,0.24865615367889404,0.5,1.0,1.0,1.0
8,2320,25000,0.3411797285079956,0.43569114804267883,9.99999905104687e-09,1.0,9.99999905104687e-09,1.0255508442469363e-08,6.831702847875931e-08,1.7899702697832254e-06,6.622150976909325e-05,0.00229591503739357,0.24540917575359344,0.5,1.0,1.0,1.0
8,2330,25000,0.34117591381073,0.43566495180130005,9.99999905104687e-09,1.0,9.99999905104687e-09,1.0241395287380328e-08,6.903174210037832e-08,1.6421844293290633e-06,6.821328861406073e-05,0.002316754311323166,0.24584521353244781,0.5,1.0,1.0,1.0
8,2340,25000,0.34118086099624634,0.43567511439323425,9.99999905104687e-09,1.0,9.99999905104687e-09,1.025409801513888e-08,6.705410271479195e-08,1.7178966800202033e-06,6.758755625924096e-05,0.002339097671210766,0.24894782900810242,0.5,1.0,1.0,1.0
8,2350,25000,0.34113016724586487,0.4357289671897888,9.99999905104687e-09,1.0,9.99999905104687e-09,1.0263163652268759e-08,6.635092830720168e-08,1.7146509208032512e-06,6.892398960189894e-05,0.002266725990921259,0.2419142723083496,0.5,1.0,1.0,1.0
8,2360,25000,0.3411245048046112,0.4357043504714966,9.99999905104687e-09,1.0,9.99999905104687e-09,1.0270904127196445e-08,6.862874357693727e-08,1.7626091448619263e-06,6.501097232103348e-05,0.002251727506518364,0.2425365447998047,0.5,1.0,1.0,1.0
8,2370,25000,0.34122493863105774,0.4356604218482971,9.99999905104687e-09,1.0,9.99999905104687e-09,1.02853743300102e-08,7.06841163378158e-08,1.6714102457626723e-06,6.694633339066058e-05,0.002359032165259123,0.2413720041513443,0.5,1.0,1.0,1.0
8,2380,25000,0.3411654531955719,0.4356977045536041,9.99999905104687e-09,1.0,9.99999905104687e-09,1.0264307626073332e-08,6.607965730154319e-08,1.7518806316729751e-06,6.368710455717519e-05,0.002389200497418642,0.24625669419765472,0.5,1.0,1.0,1.0
8,2390,25000,0.3411698043346405,0.4357006847858429,9.99999905104687e-09,1.0,9.99999905104687e-09,1.025388751685341e-08,6.838794064378817e-08,1.7883106693261652e-06,6.947418296476826e-05,0.0022848460357636213,0.2404831498861313,0.5,1.0,1.0,1.0
8,2400,25000,0.3412078022956848,0.435707688331604,9.99999905104687e-09,1.0,9.99999905104687e-09,1.0230303715275113e-08,6.926427431608317e-08,1.6946004279816407e-06,6.520674651255831e-05,0.0023196188267320395,0.24913029372692108,0.5,1.0,1.0,1.0
8,2410,25000,0.34122198820114136,0.4356325566768646,9.99999905104687e-09,1.0,9.99999905104687e-09,1.0265763350503221e-08,7.068371132845641e-08,1.6978304984149872e-06,6.796584784751758e-05,0.0023939195089042187,0.24453963339328766,0.5,1.0,1.0,1.0
8,2420,25000,0.3412128984928131,0.43566179275512695,9.99999905104687e-09,1.0,9.99999905104687e-09,1.0284002094351763e-08,6.748575742676621e-08,1.775636633283284e-06,6.356184894684702e-05,0.0024216375313699245,0.24399366974830627,0.5,1.0,1.0,1.0
8,2430,25000,0.34113532304763794,0.4357147812843323,9.99999905104687e-09,1.0,9.99999905104687e-09,1.0230509772668483e-08,7.003230706459362e-08,1.6873259482963476e-06,6.587329698959365e-05,0.0023265783675014973,0.24495762586593628,0.5,1.0,1.0,1.0
8,2440,25000,0.34106871485710144,0.4357059895992279,9.99999905104687e-09,1.0,9.99999905104687e-09,1.0266790972934814e-08,6.622806125733405e-08,1.7395192344338284e-06,6.742579716956243e-05,0.0022874397691339254,0.23619414865970612,0.5,1.0,1.0,1.0
8,2450,25000,0.34110838174819946,0.4356522262096405,9.99999905104687e-09,1.0,9.99999905104687e-09,1.0279475048946551e-08,6.80177905110213e-08,1.722362867440097e-06,6.593186844838783e-05,0.0022408124059438705,0.2452811449766159,0.5,1.0,1.0,1.0
8,2460,25000,0.3411322236061096,0.43566834926605225,9.99999905104687e-09,1.0,9.99999905104687e-09,1.0253071280885706e-08,6.700934562786642e-08,1.7451030771553633e-06,6.383842264767736e-05,0.002383254235610366,0.23804336786270142,0.5,1.0,1.0,1.0
8,2470,25000,0.34116607904434204,0.43562817573547363,9.99999905104687e-09,1.0,9.99999905104687e-09,1.026398877002066e-08,6.685633735514784e-08,1.7203972220158903e-06,6.516024586744606e-05,0.0023703104816377163,0.24127808213233948,0.5,1.0,1.0,1.0
8,2480,25000,0.34115979075431824,0.4357072114944458,9.99999905104687e-09,1.0,9.99999905104687e-09,1.0287186213986388e-08,6.740810931660235e-08,1.6589289089097292e-06,6.82550817145966e-05,0.0022778259590268135,0.24286191165447235,0.5,1.0,1.0,1.0
8,2490,25000,0.3410942852497101,0.4357246160507202,9.99999905104687e-09,1.0,9.99999905104687e-09,1.027900609074095e-08,6.760718207488026e-08,1.6739396642151405e-06,6.636324542341754e-05,0.002335436176508665,0.23817622661590576,0.5,1.0,1.0,1.0
8,2500,25000,0.3410099446773529,0.4356343746185303,9.99999905104687e-09,1.0,9.99999905104687e-09,1.0261775429398767e-08,6.729670332106252e-08,1.699107201602601e-06,6.548492820002139e-05,0.0024272974114865065,0.2445986121892929,0.5,1.0,1.0,1.0
8,2510,25000,0.3410293757915497,0.435624897480011,9.99999905104687e-09,1.0,9.99999905104687e-09,1.024710716279742e-08,6.737780466892218e-08,1.6504623090440873e-06,6.477630086010322e-05,0.0024012429639697075,0.23589137196540833,0.5,1.0,1.0,1.0
8,2520,25000,0.34116604924201965,0.43568453192710876,9.99999905104687e-09,1.0,9.99999905104687e-09,1.0289169516397578e-08,6.97801638693818e-08,1.6795864894447732e-06,6.567924720002338e-05,0.002403808292001486,0.23415790498256683,0.5,1.0,1.0,1.0
8,2530,25000,0.34121906757354736,0.43564853072166443,9.99999905104687e-09,1.0,9.99999905104687e-09,1.0296512975571659e-08,6.740768299096089e-08,1.7713597344481968e-06,6.706732528982684e-05,0.0023307008668780327,0.24598300457000732,0.5,1.0,1.0,1.0
8,2540,25000,0.341203898191452,0.43569475412368774,9.99999905104687e-09,1.0,9.99999905104687e-09,1.0247900306126212e-08,6.574690303295938e-08,1.7325559156233794e-06,6.485325138783082e-05,0.0023934603668749332,0.24444679915905,0.5,1.0,1.0,1.0
8,2550,25000,0.34122371673583984,0.43571534752845764,9.99999905104687e-09,1.0,9.99999905104687e-09,1.0283145890355172e-08,6.689849385566049e-08,1.642949428060092e-06,6.582208879990503e-05,0.0022866548970341682,0.24495813250541687,0.5,1.0,1.0,1.0
8,2560,25000,0.341240257024765,0.43568453192710876,9.99999905104687e-09,1.0,9.99999905104687e-09,1.0280538198514932e-08,6.785234063499956e-08,1.7507356915302807e-06,6.57646669424139e-05,0.002269753720611334,0.2408958077430725,0.5,1.0,1.0,1.0
8,2570,25000,0.3412278890609741,0.43567955493927,9.99999905104687e-09,1.0,9.99999905104687e-09,1.029150276110613e-08,6.789345263769064e-08,1.6793428585515358e-06,6.524382479256019e-05,0.0023285732604563236,0.24026577174663544,0.5,1.0,1.0,1.0
8,2580,25000,0.3411169648170471,0.4357113242149353,9.99999905104687e-09,1.0,9.99999905104687e-09,1.0274334272253327e-08,6.667760743539475e-08,1.6978425492197857e-06,6.20217397226952e-05,0.002357411663979292,0.24013224244117737,0.5,1.0,1.0,1.0
8,2590,25000,0.3411933183670044,0.43569672107696533,9.99999905104687e-09,1.0,9.99999905104687e-09,1.0273007333694295e-08,6.883350067710126e-08,1.6943236005317885e-06,6.716998177580535e-05,0.002387296874076128,0.2479090541601181,0.5,1.0,1.0,1.0
8,2600,25000,0.34121596813201904,0.4357007145881653,9.99999905104687e-09,1.0,9.99999905104687e-09,1.0267860339752133e-08,6.826098086776256e-08,1.7015419189192471e-06,6.404607847798616e-05,0.0022478136233985424,0.24350322782993317,0.5,1.0,1.0,1.0
8,2610,25000,0.3411841094493866,0.43570446968078613,9.99999905104687e-09,1.0,9.99999905104687e-09,1.0296318464497745e-08,6.60811139141515e-08,1.7342335922876373e-06,6.606974784517661e-05,0.0024059456773102283,0.24140381813049316,0.5,1.0,1.0,1.0
8,2620,25000,0.34116336703300476,0.43570882081985474,9.99999905104687e-09,1.0,9.99999905104687e-09,1.0249728177313955e-08,6.90007766479539e-08,1.7080833458749112e-06,6.54839604976587e-05,0.0022796427365392447,0.24763117730617523,0.5,1.0,1.0,1.0
8,2630,25000,0.34117400646209717,0.43568021059036255,9.99999905104687e-09,1.0,9.99999905104687e-09,1.0258016658326596e-08,6.704140531610392e-08,1.7431657397537492e-06,6.832692452007905e-05,0.0023619234561920166,0.250122606754303,0.5,1.0,1.0,1.0
8,2640,25000,0.3411518633365631,0.435680091381073,9.99999905104687e-09,1.0,9.99999905104687e-09,1.0276526296593147e-08,6.761386828202376e-08,1.7500444755569333e-06,6.556223524967209e-05,0.002323067979887128,0.24212907254695892,0.5,1.0,1.0,1.0
8,2650,25000,0.3411634564399719,0.4356827437877655,9.99999905104687e-09,1.0,9.99999905104687e-09,1.0242199088850157e-08,6.879697167505583e-08,1.724995740914892e-06,6.889077485539019e-05,0.0023231771774590015,0.24038296937942505,0.5,1.0,1.0,1.0
8,2660,25000,0.34121382236480713,0.43566352128982544,9.99999905104687e-09,1.0,9.99999905104687e-09,1.026114304636394e-08,6.774881455839932e-08,1.7836081269706483e-06,6.654624303337187e-05,0.002364872023463249,0.24055665731430054,0.5,1.0,1.0,1.0
8,2670,25000,0.3412160277366638,0.4356572926044464,9.99999905104687e-09,1.0,9.99999905104687e-09,1.0266555605653593e-08,6.535524477158106e-08,1.7419166624677018e-06,6.596827006433159e-05,0.002459901385009289,0.24051105976104736,0.5,1.0,1.0,1.0
8,2680,25000,0.3411800265312195,0.43570926785469055,9.99999905104687e-09,1.0,9.99999905104687e-09,1.0288230711807955e-08,6.702713761796986e-08,1.7314380329480628e-06,6.427011248888448e-05,0.002418331801891327,0.2463044673204422,0.5,1.0,1.0,1.0
8,2690,25000,0.34115734696388245,0.4357161223888397,9.99999905104687e-09,1.0,9.99999905104687e-09,1.0270392536426698e-08,6.816539155352075e-08,1.7724718190947897e-06,6.649165879935026e-05,0.002385294996201992,0.24191200733184814,0.5,1.0,1.0,1.0
8,2700,25000,0.3412260413169861,0.43568894267082214,9.99999905104687e-09,1.0,9.99999905104687e-09,1.0267707573063944e-08,6.585047174212377e-08,1.6598004322077031e-06,6.700566154904664e-05,0.0024216421879827976,0.2494572252035141,0.5,1.0,1.0,1.0
8,2710,25000,0.3411882221698761,0.43572330474853516,9.99999905104687e-09,1.0,9.99999905104687e-09,1.0260953864360545e-08,6.736456725775497e-08,1.7379815062668058e-06,6.611779826926067e-05,0.00236188480630517,0.2449965924024582,0.5,1.0,1.0,1.0
8,2720,25000,0.3412070870399475,0.43572115898132324,9.99999905104687e-09,1.0,9.99999905104687e-09,1.0268624173193075e-08,6.764533821979057e-08,1.7613111822356586e-06,6.68391803628765e-05,0.002427232451736927,0.24246810376644135,0.5,1.0,1.0,1.0
8,2730,25000,0.34125447273254395,0.43569648265838623,9.99999905104687e-09,1.0,9.99999905104687e-09,1.0264644245694399e-08,7.024610226835648e-08,1.7593670236237813e-06,6.425540777854621e-05,0.0023057223297655582,0.2512400150299072,0.5,1.0,1.0,1.0
8,2740,25000,0.3412455916404724,0.4356986880302429,9.99999905104687e-09,1.0,9.99999905104687e-09,1.024523843540237e-08,6.79940939107837e-08,1.6905504480746458e-06,6.713619222864509e-05,0.002298109233379364,0.24420340359210968,0.5,1.0,1.0,1.0
8,2750,25000,0.341214120388031,0.4356226623058319,9.99999905104687e-09,1.0,9.99999905104687e-09,1.02705639548617e-08,7.015405856236612e-08,1.7362860944558633e-06,6.625855894526467e-05,0.002350401598960161,0.24210277199745178,0.5,1.0,1.0,1.0
8,2760,25000,0.34117060899734497,0.4357147216796875,9.99999905104687e-09,1.0,9.99999905104687e-09,1.0274885831051961e-08,6.689664644454751e-08,1.8340905398872565e-06,6.74345064908266e-05,0.002269675489515066,0.24339912831783295,0.5,1.0,1.0,1.0
8,2770,25000,0.3412763774394989,0.4356823265552521,9.99999905104687e-09,1.0,9.99999905104687e-09,1.0295342356414494e-08,6.875905711467567e-08,1.7305908386333613e-06,6.926453352207318e-05,0.0022805691696703434,0.25098443031311035,0.5,1.0,1.0,1.0
8,2780,25000,0.34124910831451416,0.4356934428215027,9.99999905104687e-09,1.0,9.99999905104687e-09,1.0270894357233828e-08,6.675410446632668e-08,1.7212081502293586e-06,6.430304347304627e-05,0.0023484937846660614,0.23744863271713257,0.5,1.0,1.0,1.0
8,2790,25000,0.3411402106285095,0.4356883764266968,9.99999905104687e-09,1.0,9.99999905104687e-09,1.0261378413645161e-08,6.839515265255613e-08,1.6831602351885522e-06,6.411293725250289e-05,0.0023310091346502304,0.24357770383358002,0.5,1.0,1.0,1.0
8,2800,25000,0.34120428562164307,0.43569692969322205,9.99999905104687e-09,1.0,9.99999905104687e-09,1.0264682437366446e-08,6.747758618530497e-08,1.7166024690595805e-06,6.833445513620973e-05,0.00231466768309474,0.24024684727191925,0.5,1.0,1.0,1.0
8,2810,25000,0.34124624729156494,0.4357016384601593,9.99999905104687e-09,1.0,9.99999905104687e-09,1.0261786087539804e-08,6.785898420957892e-08,1.7752748817656538e-06,6.532249972224236e-05,0.002402988728135824,0.2459319531917572,0.5,1.0,1.0,1.0
8,2820,25000,0.3411614000797272,0.43572214245796204,9.99999905104687e-09,1.0,9.99999905104687e-09,1.0271012484963649e-08,6.858697076950193e-08,1.6124946569107124e-06,6.450851651607081e-05,0.002369420602917671,0.2394150346517563,0.5,1.0,1.0,1.0
8,2830,25000,0.3412109911441803,0.43569642305374146,9.99999905104687e-09,1.0,9.99999905104687e-09,1.0258810689833808e-08,6.700989985120032e-08,1.7920077652888722e-06,6.681631202809513e-05,0.0023227231577038765,0.2429082691669464,0.5,1.0,1.0,1.0
8,2840,25000,0.3411940038204193,0.4357333183288574,9.99999905104687e-09,1.0,9.99999905104687e-09,1.0271561379227023e-08,6.736896551728933e-08,1.788877625585883e-06,6.835256499471143e-05,0.002292315009981394,0.24758689105510712,0.5,1.0,1.0,1.0
8,2850,25000,0.3412185311317444,0.4357120394706726,9.99999905104687e-09,1.0,9.99999905104687e-09,1.0272320771775867e-08,6.432586729943068e-08,1.8352741335547762e-06,6.58425924484618e-05,0.0023642086889594793,0.2461080402135849,0.5,1.0,1.0,1.0
8,2860,25000,0.341110497713089,0.43574586510658264,9.99999905104687e-09,1.0,9.99999905104687e-09,1.02741752883162e-08,6.514891026654368e-08,1.7790417814467219e-06,6.371397466864437e-05,0.0023697437718510628,0.23277431726455688,0.5,1.0,1.0,1.0
8,2870,25000,0.34110724925994873,0.4356380105018616,9.99999905104687e-09,1.0,9.99999905104687e-09,1.0271982375797961e-08,6.563806209669565e-08,1.73478383658221e-06,6.611671415157616e-05,0.002278475323691964,0.2393796443939209,0.5,1.0,1.0,1.0
8,2880,25000,0.3410826623439789,0.4357345700263977,9.99999905104687e-09,1.0,9.99999905104687e-09,1.0271149264440282e-08,6.78992577718418e-08,1.718118596727436e-06,6.563193892361596e-05,0.002304821042343974,0.24180865287780762,0.5,1.0,1.0,1.0
8,2890,25000,0.34126007556915283,0.4356689751148224,9.99999905104687e-09,1.0,9.99999905104687e-09,1.0286921536817317e-08,6.819632858423574e-08,1.670676056164666e-06,6.615185702685267e-05,0.00238141231238842,0.24387779831886292,0.5,1.0,1.0,1.0
8,2900,25000,0.341220885515213,0.43570318818092346,9.99999905104687e-09,1.0,9.99999905104687e-09,1.0285457818781651e-08,6.783076145211453e-08,1.7252914403798059e-06,6.560886686202139e-05,0.0022814995609223843,0.24461491405963898,0.5,1.0,1.0,1.0
8,2910,25000,0.34116747975349426,0.4357171654701233,9.99999905104687e-09,1.0,9.99999905104687e-09,1.0269106454074972e-08,6.927264450951043e-08,1.7219881556229666e-06,6.807420868426561e-05,0.002366224769502878,0.24588873982429504,0.5,1.0,1.0,1.0
8,2920,25000,0.3412725627422333,0.43567654490470886,9.99999905104687e-09,1.0,9.99999905104687e-09,1.0258877303215286e-08,6.736311775057402e-08,1.7594593373360112e-06,6.637654587393627e-05,0.0023741386830806732,0.25171181559562683,0.5,1.0,1.0,1.0
8,2930,25000,0.34118202328681946,0.4356997013092041,9.99999905104687e-09,1.0,9.99999905104687e-09,1.027708229628388e-08,6.830353527220723e-08,1.7875183857540833e-06,6.489059887826443e-05,0.0024303854443132877,0.24558578431606293,0.5,1.0,1.0,1.0
8,2940,25000,0.3411911427974701,0.43568751215934753,9.99999905104687e-09,1.0,9.99999905104687e-09,1.0263378591446326e-08,6.846631350754251e-08,1.688447241576796e-06,6.757412484148517e-05,0.002351508941501379,0.23964110016822815,0.5,1.0,1.0,1.0
8,2950,25000,0.34117740392684937,0.4356737434864044,9.99999905104687e-09,1.0,9.99999905104687e-09,1.0274439965485271e-08,6.689251819125275e-08,1.7392439985997044e-06,6.377536192303523e-05,0.002308256458491087,0.24623429775238037,0.5,1.0,1.0,1.0
8,2960,25000,0.34111347794532776,0.43570053577423096,9.99999905104687e-09,1.0,9.99999905104687e-09,1.0269420869235546e-08,6.715383449318324e-08,1.7831202967499848e-06,7.155829371185973e-05,0.0023051262833178043,0.2410699427127838,0.5,1.0,1.0,1.0
8,2970,25000,0.3412056565284729,0.43567609786987305,9.99999905104687e-09,1.0,9.99999905104687e-09,1.026363261047436e-08,6.559507426118216e-08,1.7526452893434907e-06,6.522307376144454e-05,0.0023231222294270992,0.24086271226406097,0.5,1.0,1.0,1.0
8,2980,25000,0.3412710130214691,0.4356800615787506,9.99999905104687e-09,1.0,9.99999905104687e-09,1.0274938233578723e-08,6.58728396274455e-08,1.7333711639366811e-06,6.429087807191536e-05,0.002457814058288932,0.2454405277967453,0.5,1.0,1.0,1.0
8,2990,25000,0.3411811590194702,0.4356728792190552,9.99999905104687e-09,1.0,9.99999905104687e-09,1.0255941873538177e-08,6.835618648892705e-08,1.6164058251888491e-06,6.472158565884456e-05,0.002321091014891863,0.24082009494304657,0.5,1.0,1.0,1.0
8,3000,25000,0.3412519097328186,0.435646116733551,9.99999905104687e-09,1.0,9.99999905104687e-09,1.0243567771794915e-08,6.578846267757399e-08,1.6744116919653607e-06,6.519007729366422e-05,0.0023640317376703024,0.24779105186462402,0.5,1.0,1.0,1.0
8,3010,25000,0.3411705195903778,0.43574851751327515,9.99999905104687e-09,1.0,9.99999905104687e-09,1.0282763085456281e-08,6.756634007842877e-08,1.7554926898810663e-06,6.695715273963287e-05,0.002358894096687436,0.24182458221912384,0.5,1.0,1.0,1.0
8,3020,25000,0.3411693871021271,0.43567559123039246,9.99999905104687e-09,1.0,9.99999905104687e-09,1.0272393602406282e-08,6.783948691690966e-08,1.7741390365699772e-06,6.669039430562407e-05,0.002332797273993492,0.24039168655872345,0.5,1.0,1.0,1.0
8,3030,25000,0.3410714268684387,0.4356762170791626,9.99999905104687e-09,1.0,9.99999905104687e-09,1.0282988682774885e-08,6.650162021060169e-08,1.6629636547804694e-06,6.718048098264262e-05,0.0022708247415721416,0.2385522425174713,0.5,1.0,1.0,1.0
8,3040,25000,0.3412339389324188,0.43567216396331787,9.99999905104687e-09,1.0,9.99999905104687e-09,1.0249457282895946e-08,6.802744678680028e-08,1.7207156588483485e-06,6.649100396316499e-05,0.0023793261498212814,0.23842555284500122,0.5,1.0,1.0,1.0
8,3050,25000,0.341119647026062,0.4357181191444397,9.99999905104687e-09,1.0,9.99999905104687e-09,1.0249906701176315e-08,6.526303053533411e-08,1.7242515468751662e-06,6.688942812616006e-05,0.0023431237787008286,0.23707760870456696,0.5,1.0,1.0,1.0
8,3060,25000,0.34110018610954285,0.43569931387901306,9.99999905104687e-09,1.0,9.99999905104687e-09,1.0238744962975943e-08,6.812599195882285e-08,1.7508892824480426e-06,6.570168625330552e-05,0.0023881075903773308,0.240773543715477,0.5,1.0,1.0,1.0
8,3070,25000,0.3411664664745331,0.4356803894042969,9.99999905104687e-09,1.0,9.99999905104687e-09,1.0256363758287534e-08,6.60851355860359e-08,1.7315639979642583e-06,6.425467290682718e-05,0.0024224971421062946,0.24618256092071533,0.5,1.0,1.0,1.0
8,3080,25000,0.34114524722099304,0.4356970489025116,9.99999905104687e-09,1.0,9.99999905104687e-09,1.0289387120110405e-08,6.792787843323822e-08,1.7242000467376783e-06,6.519107409985736e-05,0.002404996193945408,0.24106693267822266,0.5,1.0,1.0,1.0
8,3090,25000,0.3411034643650055,0.4357205331325531,9.99999905104687e-09,1.0,9.99999905104687e-09,1.0269570971388475e-08,6.801781893273073e-08,1.7816142872106866e-06,6.652520823990926e-05,0.002361017744988203,0.23718678951263428,0.5,1.0,1.0,1.0
8,3100,25000,0.3411549925804138,0.4356895387172699,9.99999905104687e-09,1.0,9.99999905104687e-09,1.0298482067128134e-08,6.70101698574399e-08,1.6792004089438706e-06,6.667052366537973e-05,0.0022569631692022085,0.24915380775928497,0.5,1.0,1.0,1.0
8,3110,25000,0.3411513566970825,0.4357341229915619,9.99999905104687e-09,1.0,9.99999905104687e-09,1.0292794172528374e-08,6.830810406199816e-08,1.7638031977185165e-06,6.391483475454152e-05,0.0024469769559800625,0.2438717633485794,0.5,1.0,1.0,1.0
8,3120,25000,0.34122103452682495,0.4356517791748047,9.99999905104687e-09,1.0,9.99999905104687e-09,1.0248177417793158e-08,6.526651930016669e-08,1.8018620266957441e-06,6.413953087758273e-05,0.002336095552891493,0.24849466979503632,0.5,1.0,1.0,1.0
8,3130,25000,0.34117329120635986,0.43568485975265503,9.99999905104687e-09,1.0,9.99999905104687e-09,1.026138374271568e-08,6.545318598227823e-08,1.7109875898313476e-06,6.647990812780336e-05,0.0023850370198488235,0.2446545958518982,0.5,1.0,1.0,1.0
8,3140,25000,0.3412613272666931,0.4357018768787384,9.99999905104687e-09,1.0,9.99999905104687e-09,1.0277645401401969e-08,6.842897448677832e-08,1.716168185339484e-06,6.220326758921146e-05,0.002321399748325348,0.24685980379581451,0.5,1.0,1.0,1.0
8,3150,25000,0.34119635820388794,0.435679167509079,9.99999905104687e-09,1.0,9.99999905104687e-09,1.0263344840666377e-08,6.474697045177891e-08,1.7402024923285353e-06,6.711330206599087e-05,0.002361512975767255,0.2486295998096466,0.5,1.0,1.0,1.0
8,3160,25000,0.34118732810020447,0.43571537733078003,9.99999905104687e-09,1.0,9.99999905104687e-09,1.0260007954343564e-08,6.73348665714002e-08,1.7121242308348883e-06,6.314580969046801e-05,0.002300810068845749,0.24536089599132538,0.5,1.0,1.0,1.0
8,3170,25000,0.34117358922958374,0.43567389249801636,9.99999905104687e-09,1.0,9.99999905104687e-09,1.0263534022669774e-08,6.767697868781397e-08,1.7396657767676516e-06,6.727781874360517e-05,0.002334274584427476,0.24116723239421844,0.5,1.0,1.0,1.0
8,3180,25000,0.3412295877933502,0.43565264344215393,9.99999905104687e-09,1.0,9.99999905104687e-09,1.0254264104503363e-08,6.79673490822097e-08,1.7290659570790012e-06,6.936702266102657e-05,0.0023379067424684763,0.24107246100902557,0.5,1.0,1.0,1.0
8,3190,25000,0.34122446179389954,0.4356713593006134,9.99999905104687e-09,1.0,9.99999905104687e-09,1.0254463056469376e-08,6.691857379337307e-08,1.7078587006835733e-06,6.430406210711226e-05,0.0023998040705919266,0.24507096409797668,0.5,1.0,1.0,1.0
8,3200,25000,0.34113869071006775,0.4357154369354248,9.99999905104687e-09,1.0,9.99999905104687e-09,1.0249213033830529e-08,6.775074723464058e-08,1.6890282950043911e-06,6.616291648242623e-05,0.002352374140173197,0.25129565596580505,0.5,1.0,1.0,1.0
8,3210,25000,0.3411445617675781,0.4357083737850189,9.99999905104687e-09,1.0,9.99999905104687e-09,1.0284796125858975e-08,6.861200319008276e-08,1.7257235640499857e-06,6.720874080201611e-05,0.002377899130806327,0.24038757383823395,0.5,1.0,1.0,1.0
8,3220,25000,0.3412415683269501,0.4356559216976166,9.99999905104687e-09,1.0,9.99999905104687e-09,1.0284003870708602e-08,6.617992909241366e-08,1.7077425127354218e-06,6.483708421001211e-05,0.002339258324354887,0.24642418324947357,0.5,1.0,1.0,1.0
8,3230,25000,0.3411604166030884,0.4356768727302551,9.99999905104687e-09,1.0,9.99999905104687e-09,1.0250846393944357e-08,6.846856592801487e-08,1.7622187442611903e-06,6.546615622937679e-05,0.0022859075106680393,0.24398256838321686,0.5,1.0,1.0,1.0
8,3240,25000,0.3411216735839844,0.43571677803993225,9.99999905104687e-09,1.0,9.99999905104687e-09,1.025302953649998e-08,6.741688451938899e-08,1.7871013824333204e-06,6.544422649312764e-05,0.002273823134601116,0.2418804168701172,0.5,1.0,1.0,1.0
8,3250,25000,0.34119266271591187,0.4357154965400696,9.99999905104687e-09,1.0,9.99999905104687e-09,1.0292738217287933e-08,6.810180508409758e-08,1.734888769533427e-06,6.808847683714703e-05,0.002290257951244712,0.2481013536453247,0.5,1.0,1.0,1.0
8,3260,25000,0.34117817878723145,0.43571874499320984,9.99999905104687e-09,1.0,9.99999905104687e-09,1.0257082294629072e-08,6.670562413546577e-08,1.7850337599156774e-06,6.509700324386358e-05,0.002235418651252985,0.2431981861591339,0.5,1.0,1.0,1.0
8,3270,25000,0.34119734168052673,0.43567752838134766,9.99999905104687e-09,1.0,9.99999905104687e-09,1.028516560808157e-08,6.791805873263002e-08,1.6535045688215178e-06,6.636940815951675e-05,0.0022814658004790545,0.24254898726940155,0.5,1.0,1.0,1.0
8,3280,25000,0.34120312333106995,0.4357146620750427,9.99999905104687e-09,1.0,9.99999905104687e-09,1.0288863094842782e-08,6.688595988180168e-08,1.7545613673064508e-06,6.430641224142164e-05,0.00235201814211905,0.241929829120636,0.5,1.0,1.0,1.0
8,3290,25000,0.34120726585388184,0.4356847405433655,9.99999905104687e-09,1.0,9.99999905104687e-09,1.0254560756095543e-08,6.640827621140488e-08,1.7656901718510198e-06,6.662398664047942e-05,0.0022451705299317837,0.24464845657348633,0.5,1.0,1.0,1.0
8,3300,25000,0.34120309352874756,0.4356902241706848,9.99999905104687e-09,1.0,9.99999905104687e-09,1.0250270854328392e-08,7.043527006089789e-08,1.6747409290474025e-06,6.73281610943377e-05,0.0023260072339326143,0.24090887606143951,0.5,1.0,1.0,1.0
8,3310,25000,0.3411761522293091,0.4356890618801117,9.99999905104687e-09,1.0,9.99999905104687e-09,1.0281184792404474e-08,6.765666427099859e-08,1.673783913247462e-06,6.572552229044959e-05,0.002285769209265709,0.24218671023845673,0.5,1.0,1.0,1.0
8,3320,25000,0.34117549657821655,0.43566304445266724,9.99999905104687e-09,1.0,9.99999905104687e-09,1.0268079719821799e-08,7.022152459512654e-08,1.7276993276027497e-06,6.616437894990668e-05,0.002319720573723316,0.24770712852478027,0.5,1.0,1.0,1.0
8,3330,25000,0.3411266803741455,0.4356743395328522,9.99999905104687e-09,1.0,9.99999905104687e-09,1.0252877657990211e-08,6.648309636148042e-08,1.7921428252520855e-06,6.894872058182955e-05,0.0023296570871025324,0.24537593126296997,0.5,1.0,1.0,1.0
8,3340,25000,0.3411766290664673,0.43568068742752075,9.99999905104687e-09,1.0,9.99999905104687e-09,1.025045470726127e-08,6.945405317537734e-08,1.6674665630489471e-06,6.537672743434086e-05,0.002403837163001299,0.24946729838848114,0.5,1.0,1.0,1.0
8,3350,25000,0.3411552608013153,0.43574532866477966,9.99999905104687e-09,1.0,9.99999905104687e-09,1.0281989482052722e-08,6.811661279471082e-08,1.76936964635388e-06,6.53280658298172e-05,0.002276261569932103,0.24478484690189362,0.5,1.0,1.0,1.0
8,3360,25000,0.34125080704689026,0.4356960356235504,9.99999905104687e-09,1.0,9.99999905104687e-09,1.0253695670314755e-08,6.543840669337442e-08,1.7683543092061882e-06,6.739707896485925e-05,0.0023839743807911873,0.24778702855110168,0.5,1.0,1.0,1.0
8,3370,25000,0.34125882387161255,0.43570148944854736,9.99999905104687e-09,1.0,9.99999905104687e-09,1.02401180868128e-08,6.829349530335094e-08,1.7720360574458027e-06,6.403742008842528e-05,0.0023485941346734762,0.2422768771648407,0.5,1.0,1.0,1.0
8,3380,25000,0.3411479592323303,0.4357145130634308,9.99999905104687e-09,1.0,9.99999905104687e-09,1.0273516259928783e-08,6.689771936407851e-08,1.7642438479015254e-06,6.633035081904382e-05,0.0023103903513401747,0.24176982045173645,0.5,1.0,1.0,1.0
8,3390,25000,0.3411800265312195,0.4357200860977173,9.99999905104687e-09,1.0,9.99999905104687e-09,1.0236084868608941e-08,6.665305818387424e-08,1.7862081449493417e-06,6.868974742246792e-05,0.002285846509039402,0.2412737011909485,0.5,1.0,1.0,1.0
8,3400,25000,0.3412438929080963,0.43565836548805237,9.99999905104687e-09,1.0,9.99999905104687e-09,1.0275384099145413e-08,6.77854004038636e-08,1.8072869352181442e-06,6.250222213566303e-05,0.0023065689019858837,0.2469724416732788,0.5,1.0,1.0,1.0
8,3410,25000,0.34113243222236633,0.4357202649116516,9.99999905104687e-09,1.0,9.99999905104687e-09,1.0253347504374233e-08,6.859094270339483e-08,1.7323236534139141e-06,6.697389471810311e-05,0.002321407897397876,0.23908914625644684,0.5,1.0,1.0,1.0
8,3420,25000,0.3412667214870453,0.43568480014801025,9.99999905104687e-09,1.0,9.99999905104687e-09,1.0246932191648739e-08,6.777441541316875e-08,1.7609323776923702e-06,6.77707648719661e-05,0.002363875275477767,0.2495010793209076,0.5,1.0,1.0,1.0
8,3430,25000,0.34116676449775696,0.4357369840145111,9.99999905104687e-09,1.0,9.99999905104687e-09,1.0272326989024805e-08,6.86625725165868e-08,1.751019453877234e-06,6.58029894111678e-05,0.002316503319889307,0.2472797930240631,0.5,1.0,1.0,1.0
8,3440,25000,0.34116700291633606,0.43571582436561584,9.99999905104687e-09,1.0,9.99999905104687e-09,1.024598184073966e-08,6.674608243883995e-08,1.7675419030638295e-06,6.398553523467854e-05,0.0024237954057753086,0.24657794833183289,0.5,1.0,1.0,1.0
8,3450,25000,0.34119537472724915,0.43570247292518616,9.99999905104687e-09,1.0,9.99999905104687e-09,1.0267847905254257e-08,6.855952960904688e-08,1.769316099853313e-06,6.965491047594696e-05,0.002270811703056097,0.24034729599952698,0.5,1.0,1.0,1.0
8,3460,25000,0.34119558334350586,0.435741662979126,9.99999905104687e-09,1.0,9.99999905104687e-09,1.025611062743792e-08,6.602677871114793e-08,1.7100533113989513e-06,6.402325379895046e-05,0.002279668813571334,0.24527740478515625,0.5,1.0,1.0,1.0
8,3470,25000,0.34121495485305786,0.4357135593891144,9.99999905104687e-09,1.0,9.99999905104687e-09,1.0282446005760448e-08,6.972258859150315e-08,1.7016792526192148e-06,6.79329241393134e-05,0.002333089243620634,0.24473080039024353,0.5,1.0,1.0,1.0
8,3480,25000,0.34124070405960083,0.4356849491596222,9.99999905104687e-09,1.0,9.99999905104687e-09,1.0255917892720845e-08,6.759953663504348e-08,1.7637948985793628e-06,6.828177720308304e-05,0.002290286123752594,0.23939692974090576,0.5,1.0,1.0,1.0
8,3490,25000,0.34118926525115967,0.43572404980659485,9.99999905104687e-09,1.0,9.99999905104687e-09,1.0286749230203895e-08,6.50412843583581e-08,1.7103998288803268e-06,6.654894968960434e-05,0.0022803256288170815,0.24410462379455566,0.5,1.0,1.0,1.0
8,3500,25000,0.3412277400493622,0.43567559123039246,9.99999905104687e-09,1.0,9.99999905104687e-09,1.0258342619806626e-08,6.73305251552847e-08,1.6624975387458107e-06,6.560645124409348e-05,0.00237511214800179,0.2449166625738144,0.5,1.0,1.0,1.0
8,3510,25000,0.3412438631057739,0.43568071722984314,9.99999905104687e-09,1.0,9.99999905104687e-09,1.0240574610520525e-08,6.870694591043502e-08,1.7487635659563239e-06,6.54748801025562e-05,0.002295555081218481,0.24251356720924377,0.5,1.0,1.0,1.0
8,3520,25000,0.34121063351631165,0.4356628656387329,9.99999905104687e-09,1.0,9.99999905104687e-09,1.0286700380390812e-08,6.848558342653632e-08,1.772642008290859e-06,6.446080806199461e-05,0.002333719050511718,0.24672944843769073,0.5,1.0,1.0,1.0
8,3530,25000,0.34111225605010986,0.43571561574935913,9.99999905104687e-09,1.0,9.99999905104687e-09,1.0240788661519673e-08,6.852840783722058e-08,1.7142137949122116e-06,6.591348210349679e-05,0.0024820188991725445,0.2359883338212967,0.5,1.0,1.0,1.0
8,3540,25000,0.34121546149253845,0.4356657862663269,9.99999905104687e-09,1.0,9.99999905104687e-09,1.0248540682766816e-08,6.829625220916569e-08,1.6885098830243805e-06,6.61620797473006e-05,0.002279870677739382,0.24389232695102692,0.5,1.0,1.0,1.0
8,3550,25000,0.3412356674671173,0.4357028007507324,9.99999905104687e-09,1.0,9.99999905104687e-09,1.024686824280252e-08,6.877701963503569e-08,1.7340562408207916e-06,6.395306991180405e-05,0.002309504896402359,0.24380068480968475,0.5,1.0,1.0,1.0
8,3560,25000,0.3411884605884552,0.4356951415538788,9.99999905104687e-09,1.0,9.99999905104687e-09,1.0248136561585852e-08,6.508490457690641e-08,1.8149718243876123e-06,6.736089562764391e-05,0.0023066187277436256,0.2422640174627304,0.5,1.0,1.0,1.0
8,3570,25000,0.34108471870422363,0.43569108843803406,9.99999905104687e-09,1.0,9.99999905104687e-09,1.0234957770194342e-08,6.808617314391086e-08,1.7186611103170435e-06,6.47796769044362e-05,0.0023361225612461567,0.2431265115737915,0.5,1.0,1.0,1.0
8,3580,25000,0.3412104547023773,0.43569132685661316,9.99999905104687e-09,1.0,9.99999905104687e-09,1.027675278209017e-08,6.553604947612257e-08,1.7156930880446453e-06,6.751071487087756e-05,0.0024192603304982185,0.24627429246902466,0.5,1.0,1.0,1.0
8,3590,25000,0.34125852584838867,0.4357011616230011,9.99999905104687e-09,1.0,9.99999905104687e-09,1.0272525052812398e-08,6.654295248154085e-08,1.701672204035276e-06,6.872312224004418e-05,0.002333875745534897,0.24947309494018555,0.5,1.0,1.0,1.0
8,3600,25000,0.34122514724731445,0.43570539355278015,9.99999905104687e-09,1.0,9.99999905104687e-09,1.0250071014183959e-08,6.72476048180215e-08,1.69776399161492e-06,6.979225145187229e-05,0.0022934339940547943,0.2416832000017166,0.5,1.0,1.0,1.0
8,3610,25000,0.34121885895729065,0.4357077479362488,9.99999905104687e-09,1.0,9.99999905104687e-09,1.0262735550270463e-08,6.736379276617299e-08,1.7476058928878047e-06,6.388971087289974e-05,0.002307804301381111,0.24490956962108612,0.5,1.0,1.0,1.0
8,3620,25000,0.34116795659065247,0.43567168712615967,9.99999905104687e-09,1.0,9.99999905104687e-09,1.0282034779152127e-08,6.775619709742386e-08,1.8015914520219667e-06,6.48968925816007e-05,0.002341737737879157,0.23718561232089996,0.5,1.0,1.0,1.0
8,3630,25000,0.34123504161834717,0.43567168712615967,9.99999905104687e-09,1.0,9.99999905104687e-09,1.0261938854227992e-08,6.795350060428973e-08,1.717168288450921e-06,6.706718704663217e-05,0.0023175349924713373,0.24387846887111664,0.5,1.0,1.0,1.0
8,3640,25000,0.3412308692932129,0.4356774389743805,9.99999905104687e-09,1.0,9.99999905104687e-09,1.0261635097208455e-08,6.721109713225815e-08,1.7406077859050129e-06,6.893811951158568e-05,0.0024174442514777184,0.23959390819072723,0.5,1.0,1.0,1.0
8,3650,25000,0.341044545173645,0.4357565939426422,9.99999905104687e-09,1.0,9.99999905104687e-09,1.0253641491431154e-08,7.01303974892653e-08,1.7114572301579756e-06,6.809490878367797e-05,0.002340839244425297,0.2417372763156891,0.5,1.0,1.0,1.0
8,3660,25000,0.3411758244037628,0.4356897175312042,9.99999905104687e-09,1.0,9.99999905104687e-09,1.0264178840202476e-08,6.738896729530097e-08,1.6816543393360917e-06,6.656458572251722e-05,0.0024108784273266792,0.24078397452831268,0.5,1.0,1.0,1.0
8,3670,25000,0.34117716550827026,0.4356928765773773,9.99999905104687e-09,1.0,9.99999905104687e-09,1.0267343419911867e-08,6.748055625394045e-08,1.7600647197468788e-06,6.443313759518787e-05,0.0023253094404935837,0.2420995533466339,0.5,1.0,1.0,1.0
8,3680,25000,0.3412664830684662,0.4356837570667267,9.99999905104687e-09,1.0,9.99999905104687e-09,1.026816676130693e-08,6.882808634145476e-08,1.6896823353818036e-06,6.951252726139501e-05,0.002376877935603261,0.24319086968898773,0.5,1.0,1.0,1.0
8,3690,25000,0.3411814570426941,0.43570226430892944,9.99999905104687e-09,1.0,9.99999905104687e-09,1.026064033737839e-08,6.86942982497385e-08,1.7918238199854386e-06,6.611885328311473e-05,0.002309089060872793,0.24555175006389618,0.5,1.0,1.0,1.0
8,3700,25000,0.34121203422546387,0.4357011020183563,9.99999905104687e-09,1.0,9.99999905104687e-09,1.0274520789721464e-08,6.821911568977157e-08,1.692041792011878e-06,6.321205728454515e-05,0.002357054501771927,0.24211102724075317,0.5,1.0,1.0,1.0
8,3710,25000,0.3411712348461151,0.4357258975505829,9.99999905104687e-09,1.0,9.99999905104687e-09,1.0251877569089629e-08,6.985760592215229e-08,1.7331544768239837e-06,6.65481056785211e-05,0.0023640289437025785,0.23936417698860168,0.5,1.0,1.0,1.0
8,3720,25000,0.34122011065483093,0.4356767237186432,9.99999905104687e-09,1.0,9.99999905104687e-09,1.0273337736066424e-08,6.864636503678412e-08,1.733816361593199e-06,6.470259540947154e-05,0.0023129284381866455,0.24242931604385376,0.5,1.0,1.0,1.0
8,3730,25000,0.3412007689476013,0.43572303652763367,9.99999905104687e-09,1.0,9.99999905104687e-09,1.0244240122858628e-08,6.807885455373253e-08,1.7449297047278378e-06,6.659430800937116e-05,0.0023609204217791557,0.244564950466156,0.5,1.0,1.0,1.0
8,3740,25000,0.34112364053726196,0.4357071816921234,9.99999905104687e-09,1.0,9.99999905104687e-09,1.0248649040534019e-08,6.853414902252553e-08,1.7642468037593062e-06,6.842701986897737e-05,0.0024029782507568598,0.23901942372322083,0.5,1.0,1.0,1.0
8,3750,25000,0.3411954939365387,0.43567341566085815,9.99999905104687e-09,1.0,9.99999905104687e-09,1.0281083540064628e-08,6.87268766341731e-08,1.6948384882198297e-06,6.646300607826561e-05,0.0022720692213624716,0.2476436346769333,0.5,1.0,1.0,1.0
8,3760,25000,0.3412224352359772,0.43569809198379517,9.99999905104687e-09,1.0,9.99999905104687e-09,1.0274251671660295e-08,6.76573321811702e-08,1.7630738966545323e-06,6.471556116594002e-05,0.0023101018741726875,0.24071726202964783,0.5,1.0,1.0,1.0
8,3770,25000,0.3411797285079956,0.4357220530509949,9.99999905104687e-09,1.0,9.99999905104687e-09,1.0257825699966361e-08,6.738447666521097e-08,1.6941852436502813e-06,6.544442294398323e-05,0.002386996289715171,0.24616865813732147,0.5,1.0,1.0,1.0
8,3780,25000,0.3411255180835724,0.43573594093322754,9.99999905104687e-09,1.0,9.99999905104687e-09,1.0244564307981818e-08,6.71664110996062e-08,1.723750983728678e-06,6.682531238766387e-05,0.002447692211717367,0.24163047969341278,0.5,1.0,1.0,1.0
8,3790,25000,0.341158390045166,0.43571722507476807,9.99999905104687e-09,1.0,9.99999905104687e-09,1.0247694248732842e-08,6.714508060667868e-08,1.7771141074263141e-06,6.447998021030799e-05,0.0023493615444749594,0.24392153322696686,0.5,1.0,1.0,1.0
8,3800,25000,0.3411743640899658,0.4356837570667267,9.99999905104687e-09,1.0,9.99999905104687e-09,1.0275250872382458e-08,6.773513661073594e-08,1.7912914245243883e-06,6.477681745309383e-05,0.0022523070219904184,0.2396174520254135,0.5,1.0,1.0,1.0
8,3810,25000,0.3411732316017151,0.4356798827648163,9.99999905104687e-09,1.0,9.99999905104687e-09,1.0292976249104413e-08,6.804216923228523e-08,1.7082619478969718e-06,6.533107807626948e-05,0.0023378003388643265,0.24466893076896667,0.5,1.0,1.0,1.0
8,3820,25000,0.34117212891578674,0.43572068214416504,9.99999905104687e-09,1.0,9.99999905104687e-09,1.028187757157184e-08,6.810334696183418e-08,1.7075971072699758e-06,6.514291453640908e-05,0.0023431102745234966,0.242950901389122,0.5,1.0,1.0,1.0
8,3830,25000,0.34115180373191833,0.4357203543186188,9.99999905104687e-09,1.0,9.99999905104687e-09,1.0281023143932089e-08,6.961965937080095e-08,1.7847795561465318e-06,6.409484194591641e-05,0.002346424851566553,0.23629795014858246,0.5,1.0,1.0,1.0
8,3840,25000,0.3412250280380249,0.43567997217178345,9.99999905104687e-09,1.0,9.99999905104687e-09,1.0285835294610024e-08,6.826478227139887e-08,1.6527600337212789e-06,6.747799488948658e-05,0.002376855118200183,0.24974627792835236,0.5,1.0,1.0,1.0
8,3850,25000,0.3412555754184723,0.43567144870758057,9.99999905104687e-09,1.0,9.99999905104687e-09,1.0279847195704406e-08,6.671266561397715e-08,1.6599212813162012e-06,6.484110781457275e-05,0.0022889324463903904,0.24898989498615265,0.5,1.0,1.0,1.0
8,3860,25000,0.3412531912326813,0.43567192554473877,9.99999905104687e-09,1.0,9.99999905104687e-09,1.0274402661991644e-08,6.964500443018551e-08,1.76993398781633e-06,6.256074266275391e-05,0.0023574847728013992,0.24145756661891937,0.5,1.0,1.0,1.0
8,3870,25000,0.34120938181877136,0.43570849299430847,9.99999905104687e-09,1.0,9.99999905104687e-09,1.0277420692261785e-08,6.839014332626903e-08,1.7431489141017664e-06,7.03552650520578e-05,0.0023341176565736532,0.2405358999967575,0.5,1.0,1.0,1.0
8,3880,25000,0.34123721718788147,0.43567320704460144,9.99999905104687e-09,1.0,9.99999905104687e-09,1.0270897909947507e-08,6.621290538078028e-08,1.7796782003642875e-06,6.33156014373526e-05,0.002311581978574395,0.24321673810482025,0.5,1.0,1.0,1.0
8,3890,25000,0.34117740392684937,0.43571269512176514,9.99999905104687e-09,1.0,9.99999905104687e-09,1.0270461814343435e-08,6.95946624773569e-08,1.7317498759439331e-06,6.33468443993479e-05,0.002352516632527113,0.2436440885066986,0.5,1.0,1.0,1.0
8,3900,25000,0.3411669433116913,0.4357045292854309,9.99999905104687e-09,1.0,9.99999905104687e-09,1.029538498897864e-08,6.804751251365815e-08,1.7154845863842638e-06,6.747616862412542e-05,0.0022793798707425594,0.2401479184627533,0.5,1.0,1.0,1.0
8,3910,25000,0.34119513630867004,0.43570518493652344,9.99999905104687e-09,1.0,9.99999905104687e-09,1.029162088883595e-08,6.732320656510637e-08,1.7305779920206987e-06,6.647281406912953e-05,0.0022828371729701757,0.2460860311985016,0.5,1.0,1.0,1.0
8,3920,25000,0.34115874767303467,0.43571940064430237,9.99999905104687e-09,1.0,9.99999905104687e-09,1.0264900929257692e-08,6.817633391165145e-08,1.7194406609633006e-06,6.811101047787815e-05,0.0022210748866200447,0.24195124208927155,0.5,1.0,1.0,1.0
8,3930,25000,0.341154009103775,0.4356846213340759,9.99999905104687e-09,1.0,9.99999905104687e-09,1.024805573734966e-08,6.80909764128046e-08,1.6875269466254395e-06,6.700732046738267e-05,0.0023776586167514324,0.23970647156238556,0.5,1.0,1.0,1.0
8,3940,25000,0.3411940038204193,0.43571311235427856,9.99999905104687e-09,1.0,9.99999905104687e-09,1.027539031639435e-08,6.625985804475931e-08,1.719939973554574e-06,6.645152461715043e-05,0.002363649196922779,0.2412245124578476,0.5,1.0,1.0,1.0
8,3950,25000,0.34124162793159485,0.4357130825519562,9.99999905104687e-09,1.0,9.99999905104687e-09,1.0246113291145775e-08,6.940107510899907e-08,1.7773970739654033e-06,6.56003612675704e-05,0.0023862868547439575,0.2466137856245041,0.5,1.0,1.0,1.0
8,3960,25000,0.34122636914253235,0.43571025133132935,9.99999905104687e-09,1.0,9.99999905104687e-09,1.0250646553799925e-08,6.877412772610114e-08,1.7456819705330417e-06,6.891880912007764e-05,0.0024119853042066097,0.24371346831321716,0.5,1.0,1.0,1.0
8,3970,25000,0.3411870300769806,0.4357375502586365,9.99999905104687e-09,1.0,9.99999905104687e-09,1.028190954599495e-08,6.779648487054146e-08,1.7542781733936863e-06,6.258466601138934e-05,0.002294076606631279,0.24319671094417572,0.5,1.0,1.0,1.0
8,3980,25000,0.34117186069488525,0.43572768568992615,9.99999905104687e-09,1.0,9.99999905104687e-09,1.0281098639097763e-08,7.033771964870539e-08,1.7089649873014423e-06,6.615794700337574e-05,0.0023184632882475853,0.24151580035686493,0.5,1.0,1.0,1.0
8,3990,25000,0.34122300148010254,0.43572649359703064,9.99999905104687e-09,1.0,9.99999905104687e-09,1.024947593464276e-08,6.739634983432552e-08,1.690175849944353e-06,6.632682925555855e-05,0.0022577461786568165,0.24103417992591858,0.5,1.0,1.0,1.0
8,4000,25000,0.34117457270622253,0.43570876121520996,9.99999905104687e-09,1.0,9.99999905104687e-09,1.0267328320878732e-08,6.829361609561602e-08,1.7549477888678666e-06,6.636114994762465e-05,0.002335520461201668,0.2357701063156128,0.5,1.0,1.0,1.0
8,4010,25000,0.3411977291107178,0.435695081949234,9.99999905104687e-09,1.0,9.99999905104687e-09,1.0258941252061504e-08,6.742396863046451e-08,1.7586199874131125e-06,6.521881005028263e-05,0.002332875970751047,0.24248425662517548,0.5,1.0,1.0,1.0
8,4020,25000,0.3411926031112671,0.43570244312286377,9.99999905104687e-09,1.0,9.99999905104687e-09,1.0272833250724034e-08,6.553016618227048e-08,1.7200953834617394e-06,6.954142736503854e-05,0.002403032034635544,0.24142669141292572,0.5,1.0,1.0,1.0
8,4030,25000,0.3411664664745331,0.4357246160507202,9.99999905104687e-09,1.0,9.99999905104687e-09,1.0240685632822988e-08,6.828889809185057e-08,1.7104597418438061e-06,6.788493919884786e-05,0.0023763119243085384,0.24339278042316437,0.5,1.0,1.0,1.0
8,4040,25000,0.34115785360336304,0.4356861412525177,9.99999905104687e-09,1.0,9.99999905104687e-09,1.0251540949468563e-08,6.77653915204246e-08,1.6759519212428131e-06,6.637413025600836e-05,0.00239757401868701,0.23800551891326904,0.5,1.0,1.0,1.0
8,4050,25000,0.34115129709243774,0.4356963038444519,9.99999905104687e-09,1.0,9.99999905104687e-09,1.0257998894758202e-08,6.9797692958673e-08,1.6755825527070556e-06,6.565974763361737e-05,0.002402451355010271,0.2438308596611023,0.5,1.0,1.0,1.0
8,4060,25000,0.34114396572113037,0.43569856882095337,9.99999905104687e-09,1.0,9.99999905104687e-09,1.0256891336268836e-08,6.820758358117018e-08,1.628021095712029e-06,6.676131306448951e-05,0.002334095072001219,0.24804764986038208,0.5,1.0,1.0,1.0
8,4070,25000,0.34112295508384705,0.4356938898563385,9.99999905104687e-09,1.0,9.99999905104687e-09,1.0291370422521595e-08,6.564425092392412e-08,1.6840567695908248e-06,6.314351048786193e-05,0.002316791797056794,0.23640719056129456,0.5,1.0,1.0,1.0
8,4080,25000,0.3412310779094696,0.4356934726238251,9.99999905104687e-09,1.0,9.99999905104687e-09,1.0301462793904648e-08,6.849619182958122e-08,1.7292358052145573e-06,6.70873632770963e-05,0.0023316864389926195,0.23851987719535828,0.5,1.0,1.0,1.0
8,4090,25000,0.34118422865867615,0.43571844696998596,9.99999905104687e-09,1.0,9.99999905104687e-09,1.0264793459668908e-08,6.893561277365734e-08,1.7804210301619605e-06,6.567143282154575e-05,0.0023452485911548138,0.24225157499313354,0.5,1.0,1.0,1.0
8,4100,25000,0.341256707906723,0.43568891286849976,9.99999905104687e-09,1.0,9.99999905104687e-09,1.0260420069130305e-08,6.786036976791365e-08,1.726953087199945e-06,6.39105710433796e-05,0.0022531533613801003,0.2503019869327545,0.5,1.0,1.0,1.0
8,4110,25000,0.341208815574646,0.43571937084198,9.99999905104687e-09,1.0,9.99999905104687e-09,1.025448259639461e-08,6.837792199121395e-08,1.7359108142045443e-06,6.79063523421064e-05,0.0023624636232852936,0.2432602047920227,0.5,1.0,1.0,1.0
8,4120,25000,0.3412157893180847,0.4357108175754547,9.99999905104687e-09,1.0,9.99999905104687e-09,1.0296376196095025e-08,6.884143033403234e-08,1.7400427623215364e-06,6.731905887136236e-05,0.002369161229580641,0.24512077867984772,0.5,1.0,1.0,1.0
8,4130,25000,0.3411836326122284,0.4357054829597473,9.99999905104687e-09,1.0,9.99999905104687e-09,1.0239547876267352e-08,6.711332645181756e-08,1.7158313312393147e-06,6.38655765214935e-05,0.0022583864629268646,0.24007104337215424,0.5,1.0,1.0,1.0
8,4140,25000,0.3411458730697632,0.4357157349586487,9.99999905104687e-09,1.0,9.99999905104687e-09,1.0284182394570962e-08,6.756489767667517e-08,1.7011607269523665e-06,6.522652984131128e-05,0.0023552298080176115,0.24110311269760132,0.5,1.0,1.0,1.0
8,4150,25000,0.3411574959754944,0.4356738030910492,9.99999905104687e-09,1.0,9.99999905104687e-09,1.0293883967449347e-08,6.793367646196202e-08,1.7168957811009022e-06,6.598943582503125e-05,0.0023181329015642405,0.2369726300239563,0.5,1.0,1.0,1.0
8,4160,25000,0.34118571877479553,0.43570294976234436,9.99999905104687e-09,1.0,9.99999905104687e-09,1.0262691141349478e-08,6.748713587967359e-08,1.7177789004563238e-06,6.337486411212012e-05,0.0022850034292787313,0.24396240711212158,0.5,1.0,1.0,1.0
8,4170,25000,0.34119370579719543,0.4356935918331146,9.99999905104687e-09,1.0,9.99999905104687e-09,1.0269754824321353e-08,6.863010071356257e-08,1.6987077060548472e-06,6.676435441477224e-05,0.0023014128673821688,0.24190908670425415,0.5,1.0,1.0,1.0
8,4180,25000,0.34118160605430603,0.4357304573059082,9.99999905104687e-09,1.0,9.99999905104687e-09,1.0285246432317763e-08,6.882238068328661e-08,1.7426665408493136e-06,6.453003879869357e-05,0.0023734173737466335,0.2470254898071289,0.5,1.0,1.0,1.0
8,4190,25000,0.34119468927383423,0.4357258379459381,9.99999905104687e-09,1.0,9.99999905104687e-09,1.0283547347000876e-08,7.01717084439224e-08,1.7015686353261117e-06,6.773253699066117e-05,0.0023119598627090454,0.24739785492420197,0.5,1.0,1.0,1.0
8,4200,25000,0.3411935269832611,0.43571439385414124,9.99999905104687e-09,1.0,9.99999905104687e-09,1.0275652329028162e-08,6.635738003524239e-08,1.7535641063659568e-06,6.616471364395693e-05,0.0022993972525000572,0.2404538094997406,0.5,1.0,1.0,1.0
8,4210,25000,0.34118783473968506,0.43572521209716797,9.99999905104687e-09,1.0,9.99999905104687e-09,1.0271756778479357e-08,6.865833768188168e-08,1.6796838053778629e-06,6.598615436814725e-05,0.002374348696321249,0.2455664426088333,0.5,1.0,1.0,1.0
8,4220,25000,0.3412143886089325,0.4357067346572876,9.99999905104687e-09,1.0,9.99999905104687e-09,1.0281542728307613e-08,6.651401207591334e-08,1.7543221701998846e-06,6.190614658407867e-05,0.002381840255111456,0.2439262866973877,0.5,1.0,1.0,1.0
8,4230,25000,0.34122076630592346,0.4356948733329773,9.99999905104687e-09,1.0,9.99999905104687e-09,1.0262460214960356e-08,6.767934479512405e-08,1.7407891164111788e-06,6.378900434356183e-05,0.0023042471148073673,0.2373187243938446,0.5,1.0,1.0,1.0
8,4240,25000,0.3411334455013275,0.43572133779525757,9.99999905104687e-09,1.0,9.99999905104687e-09,1.0262771077407251e-08,6.695370302622905e-08,1.7833511947173974e-06,6.640073843300343e-05,0.0022716131061315536,0.2350292205810547,0.5,1.0,1.0,1.0
8,4250,25000,0.34118831157684326,0.4357142746448517,9.99999905104687e-09,1.0,9.99999905104687e-09,1.0279372908428286e-08,6.788138051661008e-08,1.637635591578146e-06,6.57024938846007e-05,0.002392128109931946,0.240159809589386,0.5,1.0,1.0,1.0
8,4260,25000,0.3411900997161865,0.435700386762619,9.99999905104687e-09,1.0,9.99999905104687e-09,1.0240868597577446e-08,6.80841054645498e-08,1.6884491742530372e-06,6.686637061648071e-05,0.0023610927164554596,0.24224701523780823,0.5,1.0,1.0,1.0
8,4270,25000,0.34119850397109985,0.43573349714279175,9.99999905104687e-09,1.0,9.99999905104687e-09,1.0265752692362184e-08,6.68487203370205e-08,1.7320395500064478e-06,6.786894664401188e-05,0.0023674331605434418,0.24610303342342377,0.5,1.0,1.0,1.0
8,4280,25000,0.34131941199302673,0.4356715679168701,9.99999905104687e-09,1.0,9.99999905104687e-09,1.0283166318458825e-08,7.007994184959898e-08,1.6899354022825719e-06,7.022626959951594e-05,0.0023706406354904175,0.25244688987731934,0.5,1.0,1.0,1.0
8,4290,25000,0.3411945700645447,0.4357035756111145,9.99999905104687e-09,1.0,9.99999905104687e-09,1.0270962746972145e-08,6.72167033144433e-08,1.6905821667023702e-06,6.79695003782399e-05,0.0023931111209094524,0.24354055523872375,0.5,1.0,1.0,1.0
8,4300,25000,0.34119001030921936,0.435725599527359,9.99999905104687e-09,1.0,9.99999905104687e-09,1.0273542017102955e-08,6.8791948137914e-08,1.7352895156363957e-06,6.770264735678211e-05,0.002287821378558874,0.2410007268190384,0.5,1.0,1.0,1.0
8,4310,25000,0.3411945700645447,0.43570998311042786,9.99999905104687e-09,1.0,9.99999905104687e-09,1.0273305761643314e-08,6.969451504801327e-08,1.6776651818872779e-06,6.458035204559565e-05,0.002269492018967867,0.24527311325073242,0.5,1.0,1.0,1.0
8,4320,25000,0.34117385745048523,0.4356905221939087,9.99999905104687e-09,1.0,9.99999905104687e-09,1.0235196690189241e-08,6.697887755535703e-08,1.7235136056115152e-06,6.884957838337868e-05,0.002287028357386589,0.24445603787899017,0.5,1.0,1.0,1.0
8,4330,25000,0.34117579460144043,0.43570274114608765,9.99999905104687e-09,1.0,9.99999905104687e-09,1.0262158234297658e-08,6.690012810395274e-08,1.7007204178298707e-06,6.465256592491642e-05,0.0023247580975294113,0.24268873035907745,0.5,1.0,1.0,1.0
8,4340,25000,0.3411189019680023,0.43574443459510803,9.99999905104687e-09,1.0,9.99999905104687e-09,1.0280645668103716e-08,6.916496175790598e-08,1.7688445268504438e-06,6.591293640667573e-05,0.002317340113222599,0.24983768165111542,0.5,1.0,1.0,1.0
8,4350,25000,0.3412368893623352,0.4357070326805115,9.99999905104687e-09,1.0,9.99999905104687e-09,1.0258997207301945e-08,6.485555559265777e-08,1.6605507653366658e-06,6.691948510706425e-05,0.002381067257374525,0.24141351878643036,0.5,1.0,1.0,1.0
8,4360,25000,0.34124112129211426,0.4356817901134491,9.99999905104687e-09,1.0,9.99999905104687e-09,1.026188378716597e-08,6.653757367303115e-08,1.7570314412296284e-06,6.976371514610946e-05,0.002410644432529807,0.2515852451324463,0.5,1.0,1.0,1.0
8,4370,25000,0.3411864638328552,0.4357278645038605,9.99999905104687e-09,1.0,9.99999905104687e-09,1.0274535888754599e-08,6.860725676460788e-08,1.7048936342689558e-06,6.66976411594078e-05,0.0023444783873856068,0.2438376545906067,0.5,1.0,1.0,1.0
8,4380,25000,0.3412265479564667,0.4356916546821594,9.99999905104687e-09,1.0,9.99999905104687e-09,1.0312838583104167e-08,6.867498569818054e-08,1.7747934180079028e-06,6.737048533977941e-05,0.0023318366147577763,0.24697144329547882,0.5,1.0,1.0,1.0
8,4390,25000,0.34121739864349365,0.43568044900894165,9.99999905104687e-09,1.0,9.99999905104687e-09,1.0270108319332394e-08,6.910430272455415e-08,1.6798102251414093e-06,6.658948404947296e-05,0.002340892096981406,0.24746465682983398,0.5,1.0,1.0,1.0
8,4400,25000,0.34120622277259827,0.43573468923568726,9.99999905104687e-09,1.0,9.99999905104687e-09,1.0270791328537143e-08,6.76523725928746e-08,1.7646607375354506e-06,6.72123278491199e-05,0.0023396569304168224,0.24312198162078857,0.5,1.0,1.0,1.0
8,4410,25000,0.3411191999912262,0.435738742351532,9.99999905104687e-09,1.0,9.99999905104687e-09,1.0263615735084386e-08,6.729989365794609e-08,1.67596954270266e-06,6.708929868182167e-05,0.0023442949168384075,0.23328851163387299,0.5,1.0,1.0,1.0
8,4420,25000,0.3412141799926758,0.4357270896434784,9.99999905104687e-09,1.0,9.99999905104687e-09,1.0270158945502317e-08,6.837379373791919e-08,1.6664388340359437e-06,6.612583820242435e-05,0.0024007675237953663,0.2408498376607895,0.5,1.0,1.0,1.0
8,4430,25000,0.3411541283130646,0.43573862314224243,9.99999905104687e-09,1.0,9.99999905104687e-09,1.0255610582987629e-08,6.960524956411973e-08,1.7084516912291292e-06,6.599531479878351e-05,0.002284945920109749,0.2422519326210022,0.5,1.0,1.0,1.0
8,4440,25000,0.34122833609580994,0.4356946647167206,9.99999905104687e-09,1.0,9.99999905104687e-09,1.0263908833962887e-08,6.717729661431804e-08,1.6726512512832414e-06,6.679989019175991e-05,0.00236019236035645,0.2414240688085556,0.5,1.0,1.0,1.0
8,4450,25000,0.3411961793899536,0.4357229471206665,9.99999905104687e-09,1.0,9.99999905104687e-09,1.0291484109359317e-08,6.931858820280468e-08,1.7360506490149419e-06,6.414014205802232e-05,0.0023171687498688698,0.24271103739738464,0.5,1.0,1.0,1.0
8,4460,25000,0.341194212436676,0.43570372462272644,9.99999905104687e-09,1.0,9.99999905104687e-09,1.0298015773457792e-08,6.577779032568287e-08,1.7505958567198832e-06,6.742215919075534e-05,0.0023437172640115023,0.24510349333286285,0.5,1.0,1.0,1.0
8,4470,25000,0.3411644399166107,0.4356934130191803,9.99999905104687e-09,1.0,9.99999905104687e-09,1.0228522917543614e-08,6.532103213885421e-08,1.7297262502324884e-06,6.819476402597502e-05,0.0023682117462158203,0.24180126190185547,0.5,1.0,1.0,1.0
8,4480,25000,0.34113284945487976,0.4357275366783142,9.99999905104687e-09,1.0,9.99999905104687e-09,1.0242825254636045e-08,6.76129232601852e-08,1.7355968111587572e-06,6.5514279413037e-05,0.0024369419552385807,0.24139104783535004,0.5,1.0,1.0,1.0
8,4490,25000,0.3411920368671417,0.43567848205566406,9.99999905104687e-09,1.0,9.99999905104687e-09,1.0257226179533063e-08,6.795040974338917e-08,1.720245791148045e-06,6.542012124555185e-05,0.0023360506165772676,0.2464313507080078,0.5,1.0,1.0,1.0
8,4500,25000,0.34125566482543945,0.4357156753540039,9.99999905104687e-09,1.0,9.99999905104687e-09,1.0255684301796464e-08,6.95251500815175e-08,1.7323444581052172e-06,6.828374171163887e-05,0.0023983828723430634,0.24944065511226654,0.5,1.0,1.0,1.0
8,4510,25000,0.34117403626441956,0.43570882081985474,9.99999905104687e-09,1.0,9.99999905104687e-09,1.026490537014979e-08,6.863796642164743e-08,1.7152734699266148e-06,6.579419277841225e-05,0.0023547294549643993,0.23523373901844025,0.5,1.0,1.0,1.0
8,4520,25000,0.3411138355731964,0.43572819232940674,9.99999905104687e-09,1.0,9.99999905104687e-09,1.0265836181133636e-08,6.72856472760941e-08,1.7897856423587655e-06,6.569203833350912e-05,0.0022780471481382847,0.24031826853752136,0.5,1.0,1.0,1.0
8,4530,25000,0.34110915660858154,0.43574199080467224,9.99999905104687e-09,1.0,9.99999905104687e-09,1.0289048724132499e-08,6.845155553492077e-08,1.7329292631984572e-06,6.517287692986429e-05,0.002357608638703823,0.24238266050815582,0.5,1.0,1.0,1.0
8,4540,25000,0.34122583270072937,0.43568727374076843,9.99999905104687e-09,1.0,9.99999905104687e-09,1.0263378591446326e-08,6.552574660645405e-08,1.7968603742701816e-06,6.818185647716746e-05,0.0024041812866926193,0.24604490399360657,0.5,1.0,1.0,1.0
8,4550,25000,0.3411587178707123,0.435732364654541,9.99999905104687e-09,1.0,9.99999905104687e-09,1.0248685455849227e-08,6.807984931356259e-08,1.7121519704232924e-06,6.58380231470801e-05,0.0023193499073386192,0.23909911513328552,0.5,1.0,1.0,1.0
8,4560,25000,0.341307133436203,0.4356529414653778,9.99999905104687e-09,1.0,9.99999905104687e-09,1.0240035486219767e-08,6.670019558896456e-08,1.8016704643741832e-06,6.450564251281321e-05,0.002354780677706003,0.2461620569229126,0.5,1.0,1.0,1.0
8,4570,25000,0.3411756157875061,0.4357357621192932,9.99999905104687e-09,1.0,9.99999905104687e-09,1.0246111514788936e-08,6.708259547849593e-08,1.7389822914992692e-06,6.869351636851206e-05,0.0023622135631740093,0.24048945307731628,0.5,1.0,1.0,1.0
8,4580,25000,0.3412337601184845,0.4356413185596466,9.99999905104687e-09,1.0,9.99999905104687e-09,1.0286248297575185e-08,6.816468811621235e-08,1.7196215367221157e-06,6.743083213223144e-05,0.0023461293894797564,0.24410486221313477,0.5,1.0,1.0,1.0
8,4590,25000,0.34125855565071106,0.4356873333454132,9.99999905104687e-09,1.0,9.99999905104687e-09,1.0281276274781703e-08,6.850356015775105e-08,1.7877871414384572e-06,6.45823311060667e-05,0.0024052276276052,0.2426077276468277,0.5,1.0,1.0,1.0
8,4600,25000,0.34124165773391724,0.43567192554473877,9.99999905104687e-09,1.0,9.99999905104687e-09,1.0275430284423237e-08,6.560920695619643e-08,1.7979417634705896e-06,6.886420305818319e-05,0.0022990654688328505,0.24840016663074493,0.5,1.0,1.0,1.0
8,4610,25000,0.34125831723213196,0.43569451570510864,9.99999905104687e-09,1.0,9.99999905104687e-09,1.0274142425714672e-08,6.831101018178742e-08,1.7823427924668067e-06,6.838431727373973e-05,0.0023062576074153185,0.2417825311422348,0.5,1.0,1.0,1.0
8,4620,25000,0.3412221372127533,0.43571949005126953,9.99999905104687e-09,1.0,9.99999905104687e-09,1.0255970295247607e-08,6.589129242229319e-08,1.6971926015685312e-06,6.460665463237092e-05,0.002390094567090273,0.2463337481021881,0.5,1.0,1.0,1.0
8,4630,25000,0.3412344753742218,0.4356876611709595,9.99999905104687e-09,1.0,9.99999905104687e-09,1.0283521589826705e-08,6.697336374372753e-08,1.8051764527626801e-06,6.494033732451499e-05,0.0023115009535104036,0.2445787936449051,0.5,1.0,1.0,1.0
8,4640,25000,0.34119272232055664,0.4357285499572754,9.99999905104687e-09,1.0,9.99999905104687e-09,1.0281945961310157e-08,6.681970887711941e-08,1.7153231510746991e-06,6.471235974458978e-05,0.0023102364502847195,0.24337582290172577,0.5,1.0,1.0,1.0
8,4650,25000,0.34126466512680054,0.43572014570236206,9.99999905104687e-09,1.0,9.99999905104687e-09,1.0264691319150643e-08,6.91486192749835e-08,1.702837721495598e-06,6.700340600218624e-05,0.0023803645744919777,0.2513901889324188,0.5,1.0,1.0,1.0
8,4660,25000,0.34121307730674744,0.43575525283813477,9.99999905104687e-09,1.0,9.99999905104687e-09,1.0254973759060704e-08,6.739238500585998e-08,1.7783704606699757e-06,6.173502333695069e-05,0.00239004660397768,0.2484639286994934,0.5,1.0,1.0,1.0
8,4670,25000,0.3412264585494995,0.4357285499572754,9.99999905104687e-09,1.0,9.99999905104687e-09,1.025181806113551e-08,6.682125075485601e-08,1.6671417597535765e-06,6.788708560634404e-05,0.0023593096993863583,0.247341588139534,0.5,1.0,1.0,1.0
8,4680,25000,0.34119299054145813,0.43573081493377686,9.99999905104687e-09,1.0,9.99999905104687e-09,1.02772590437894e-08,6.71211779490477e-08,1.7661794800005737e-06,6.416170072043315e-05,0.0023895646445453167,0.2430935949087143,0.5,1.0,1.0,1.0
8,4690,25000,0.34122300148010254,0.43573248386383057,9.99999905104687e-09,1.0,9.99999905104687e-09,1.0261230087849071e-08,6.945305131011992e-08,1.7241625300812302e-06,6.70723311486654e-05,0.0022870288230478764,0.24855072796344757,0.5,1.0,1.0,1.0
8,4700,25000,0.3412405848503113,0.43572232127189636,9.99999905104687e-09,1.0,9.99999905104687e-09,1.0287143581422242e-08,6.860035739464365e-08,1.7550469237903599e-06,6.629557174164802e-05,0.0023062964901328087,0.24864937365055084,0.5,1.0,1.0,1.0
8,4710,25000,0.34119752049446106,0.43575677275657654,9.99999905104687e-09,1.0,9.99999905104687e-09,1.0270686523483619e-08,6.645327488286057e-08,1.837909508140001e-06,6.483452307293192e-05,0.002395991003140807,0.24736064672470093,0.5,1.0,1.0,1.0
8,4720,25000,0.3411198556423187,0.43571674823760986,9.99999905104687e-09,1.0,9.99999905104687e-09,1.0276066220171742e-08,6.7480229404282e-08,1.7346557115160977e-06,6.846963515272364e-05,0.0023389426060020924,0.2334618717432022,0.5,1.0,1.0,1.0
8,4730,25000,0.3412685990333557,0.4357133209705353,9.99999905104687e-09,1.0,9.99999905104687e-09,1.0261876681738613e-08,6.80554634868713e-08,1.690071371740487e-06,6.607150862691924e-05,0.0022986112162470818,0.2521722614765167,0.5,1.0,1.0,1.0
8,4740,25000,0.34117159247398376,0.4357442259788513,9.99999905104687e-09,1.0,9.99999905104687e-09,1.02600772322603e-08,6.544420472209822e-08,1.6486350205013878e-06,6.614445010200143e-05,0.0023698052391409874,0.24384738504886627,0.5,1.0,1.0,1.0
8,4750,25000,0.3412235975265503,0.4357058107852936,9.99999905104687e-09,1.0,9.99999905104687e-09,1.0272626305152244e-08,6.580325617733251e-08,1.7378411030222196e-06,6.514058622997254e-05,0.0023826800752431154,0.24192357063293457,0.5,1.0,1.0,1.0
8,4760,25000,0.3411727547645569,0.4357281029224396,9.99999905104687e-09,1.0,9.99999905104687e-09,1.0270188255390167e-08,6.72940601020855e-08,1.7293767768933321e-06,6.878116982989013e-05,0.0024206973612308502,0.242161363363266,0.5,1.0,1.0,1.0
8,4770,25000,0.34123921394348145,0.4356812834739685,9.99999905104687e-09,1.0,9.99999905104687e-09,1.0251273607764233e-08,6.534752117204334e-08,1.714794734652969e-06,6.474748806795105e-05,0.002347379457205534,0.2419692873954773,0.5,1.0,1.0,1.0
8,4780,25000,0.3412390947341919,0.4357103407382965,9.99999905104687e-09,1.0,9.99999905104687e-09,1.0263625505047003e-08,6.897858639831611e-08,1.6999661056615878e-06,6.835580279584974e-05,0.0023300787433981895,0.241293802857399,0.5,1.0,1.0,1.0
8,4790,25000,0.34126046299934387,0.43568477034568787,9.99999905104687e-09,1.0,9.99999905104687e-09,1.0249929793815227e-08,6.572208377519928e-08,1.7177637801069068e-06,6.709153967676684e-05,0.0023721421603113413,0.24458098411560059,0.5,1.0,1.0,1.0
8,4800,25000,0.3411432206630707,0.43574532866477966,9.99999905104687e-09,1.0,9.99999905104687e-09,1.0260974292464198e-08,7.068771168405874e-08,1.7084119008359266e-06,7.199523679446429e-05,0.0023057167418301105,0.240097776055336,0.5,1.0,1.0,1.0
8,4810,25000,0.34113311767578125,0.4357418119907379,9.99999905104687e-09,1.0,9.99999905104687e-09,1.0256540505793055e-08,6.93530566309164e-08,1.6945456309258589e-06,6.93384135956876e-05,0.0023047858849167824,0.24984051287174225,0.5,1.0,1.0,1.0
8,4820,25000,0.34118035435676575,0.4357207715511322,9.99999905104687e-09,1.0,9.99999905104687e-09,1.0254329829706421e-08,6.58005774312187e-08,1.7302684227615828e-06,7.068675768096e-05,0.0023276328574866056,0.24377639591693878,0.5,1.0,1.0,1.0
8,4830,25000,0.3412112891674042,0.43572521209716797,9.99999905104687e-09,1.0,9.99999905104687e-09,1.0299179287187599e-08,6.810343222696247e-08,1.7692525489110267e-06,6.840060814283788e-05,0.0022912616841495037,0.24274732172489166,0.5,1.0,1.0,1.0
8,4840,25000,0.34117546677589417,0.43572816252708435,9.99999905104687e-09,1.0,9.99999905104687e-09,1.0265256200625572e-08,6.755775672218078e-08,1.735565433591546e-06,6.402935832738876e-05,0.002322789281606674,0.23990702629089355,0.5,1.0,1.0,1.0
8,4850,25000,0.34120655059814453,0.43571364879608154,9.99999905104687e-09,1.0,9.99999905104687e-09,1.0248417225966477e-08,6.630710203126e-08,1.737407615109987e-06,6.839787965873256e-05,0.002353500574827194,0.24259281158447266,0.5,1.0,1.0,1.0
8,4860,25000,0.3411635160446167,0.4357142746448517,9.99999905104687e-09,1.0,9.99999905104687e-09,1.0247163118037861e-08,6.726487100650047e-08,1.72726470282214e-06,6.645500252489e-05,0.0023998357355594635,0.23818832635879517,0.5,1.0,1.0,1.0
8,4870,25000,0.3412526249885559,0.43564069271087646,9.99999905104687e-09,1.0,9.99999905104687e-09,1.0238018433028628e-08,6.987467315866525e-08,1.6347922837667284e-06,6.602015491807833e-05,0.0023182707373052835,0.24171538650989532,0.5,1.0,1.0,1.0
8,4880,25000,0.3412032425403595,0.43571242690086365,9.99999905104687e-09,1.0,9.99999905104687e-09,1.0250381876630854e-08,6.930044804676072e-08,1.7219412029589876e-06,6.596429739147425e-05,0.0022809021174907684,0.24531671404838562,0.5,1.0,1.0,1.0
8,4890,25000,0.34123551845550537,0.4357150197029114,9.99999905104687e-09,1.0,9.99999905104687e-09,1.0246734127861146e-08,6.516585671079156e-08,1.6707468830645666e-06,6.660668441327289e-05,0.0023159158881753683,0.24875131249427795,0.5,1.0,1.0,1.0
8,4900,25000,0.3412228226661682,0.4357120394706726,9.99999905104687e-09,1.0,9.99999905104687e-09,1.0296396624198678e-08,7.086966036240483e-08,1.7956798501472804e-06,6.404339364962652e-05,0.002360076643526554,0.2368066906929016,0.5,1.0,1.0,1.0
8,4910,25000,0.3411765396595001,0.4357011020183563,9.99999905104687e-09,1.0,9.99999905104687e-09,1.0265218008953525e-08,6.49742659675212e-08,1.7132238099293318e-06,6.545928044943139e-05,0.00232242071069777,0.24582596123218536,0.5,1.0,1.0,1.0
8,4920,25000,0.34116870164871216,0.4357266128063202,9.99999905104687e-09,1.0,9.99999905104687e-09,1.0260425398200823e-08,6.55989893516562e-08,1.674461373113445e-06,6.488576764240861e-05,0.002334336983039975,0.24034233391284943,0.5,1.0,1.0,1.0
8,4930,25000,0.3413122594356537,0.43565958738327026,9.99999905104687e-09,1.0,9.99999905104687e-09,1.0254326276992742e-08,6.78970621947883e-08,1.7485506305092713e-06,6.387042230926454e-05,0.0023595995735377073,0.24686361849308014,0.5,1.0,1.0,1.0
8,4940,25000,0.3412323296070099,0.4357165992259979,9.99999905104687e-09,1.0,9.99999905104687e-09,1.027559726196614e-08,6.677730368664925e-08,1.7004865640046773e-06,6.772085907869041e-05,0.002328135073184967,0.2415405958890915,0.5,1.0,1.0,1.0
8,4950,25000,0.34116578102111816,0.43572959303855896,9.99999905104687e-09,1.0,9.99999905104687e-09,1.0279640250132616e-08,6.498346039052194e-08,1.7001291325868806e-06,6.606466195080429e-05,0.0023342729546129704,0.2466280460357666,0.5,1.0,1.0,1.0
8,4960,25000,0.3412303626537323,0.4357031583786011,9.99999905104687e-09,1.0,9.99999905104687e-09,1.0267910965922056e-08,6.964477705651007e-08,1.7577041262484272e-06,6.700181256746873e-05,0.002361701801419258,0.24535667896270752,0.5,1.0,1.0,1.0
8,4970,25000,0.3411928117275238,0.43571922183036804,9.99999905104687e-09,1.0,9.99999905104687e-09,1.027554041854728e-08,6.675990249505048e-08,1.7656199133853079e-06,6.861832662252709e-05,0.0023318366147577763,0.24093644320964813,0.5,1.0,1.0,1.0
8,4980,25000,0.3411893844604492,0.43573564291000366,9.99999905104687e-09,1.0,9.99999905104687e-09,1.0255059024188995e-08,6.574104105538936e-08,1.693654098744446e-06,6.538035086123273e-05,0.0023088972084224224,0.23899289965629578,0.5,1.0,1.0,1.0
8,4990,25000,0.3412335216999054,0.43572139739990234,9.99999905104687e-09,1.0,9.99999905104687e-09,1.0269760153391871e-08,6.54366161256803e-08,1.7442636135456269e-06,6.368148024193943e-05,0.0022814227268099785,0.24727731943130493,0.5,1.0,1.0,1.0
8,5000,25000,0.3411913812160492,0.4357322156429291,9.99999905104687e-09,1.0,9.99999905104687e-09,1.0277214634868415e-08,6.656418349848536e-08,1.7967759049497545e-06,6.724472768837586e-05,0.002373818773776293,0.2394319772720337,0.5,1.0,1.0,1.0
8,5010,25000,0.34118157625198364,0.4357186257839203,9.99999905104687e-09,1.0,9.99999905104687e-09,1.0276384188045995e-08,6.581885259038245e-08,1.702252916402358e-06,6.744587881257758e-05,0.0023602282162755728,0.24366724491119385,0.5,1.0,1.0,1.0
8,5020,25000,0.3411664664745331,0.43568646907806396,9.99999905104687e-09,1.0,9.99999905104687e-09,1.0255112314894177e-08,6.634028437702e-08,1.6934808400037582e-06,6.406107422662899e-05,0.0023510141763836145,0.23851612210273743,0.5,1.0,1.0,1.0
8,5030,25000,0.3412172496318817,0.43571966886520386,9.99999905104687e-09,1.0,9.99999905104687e-09,1.0256233196059839e-08,6.677550601352777e-08,1.6794239172668313e-06,6.715529161738232e-05,0.002382531762123108,0.23982802033424377,0.5,1.0,1.0,1.0
8,5040,25000,0.34122955799102783,0.4357092082500458,9.99999905104687e-09,1.0,9.99999905104687e-09,1.0276935746844629e-08,6.519007200722626e-08,1.681643993833859e-06,6.286915595410392e-05,0.0024027812760323286,0.24440164864063263,0.5,1.0,1.0,1.0
8,5050,25000,0.3412388861179352,0.4356938302516937,9.99999905104687e-09,1.0,9.99999905104687e-09,1.0250472470829664e-08,6.850895317711547e-08,1.7062262713807286e-06,6.313940684776753e-05,0.0023833911400288343,0.239663228392601,0.5,1.0,1.0,1.0
8,5060,25000,0.3411920368671417,0.4357108771800995,9.99999905104687e-09,1.0,9.99999905104687e-09,1.0270664319023126e-08,6.667590923825628e-08,1.7173747437482234e-06,6.723298429278657e-05,0.002461472526192665,0.24480986595153809,0.5,1.0,1.0,1.0
8,5070,25000,0.34112659096717834,0.43573158979415894,9.99999905104687e-09,1.0,9.99999905104687e-09,1.0261109295583992e-08,6.693794318834989e-08,1.7064654684872949e-06,6.816560926381499e-05,0.0023199773859232664,0.23807531595230103,0.5,1.0,1.0,1.0
8,5080,25000,0.34115397930145264,0.43573397397994995,9.99999905104687e-09,1.0,9.99999905104687e-09,1.0279275208802119e-08,6.899336568721992e-08,1.7476785387771088e-06,6.395489617716521e-05,0.0023166402243077755,0.24099642038345337,0.5,1.0,1.0,1.0
8,5090,25000,0.34120652079582214,0.4357209801673889,9.99999905104687e-09,1.0,9.99999905104687e-09,1.0266100858302707e-08,6.687231746127509e-08,1.7073174376491806e-06,6.556611333508044e-05,0.0023960391990840435,0.24411898851394653,0.5,1.0,1.0,1.0
8,5100,25000,0.34124264121055603,0.43568068742752075,9.99999905104687e-09,1.0,9.99999905104687e-09,1.0294668228993942e-08,6.35249932656734e-08,1.6794573411971214e-06,6.771052721887827e-05,0.0023740455508232117,0.24498748779296875,0.5,1.0,1.0,1.0
8,5110,25000,0.34110748767852783,0.43574026226997375,9.99999905104687e-09,1.0,9.99999905104687e-09,1.0274697537226984e-08,6.72450397587454e-08,1.7435512518204632e-06,6.371123163262382e-05,0.0023165647871792316,0.2374504655599594,0.5,1.0,1.0,1.0
8,5120,25000,0.3411614000797272,0.43572428822517395,9.99999905104687e-09,1.0,9.99999905104687e-09,1.0254922244712361e-08,6.737844415738437e-08,1.80287565854087e-06,6.94888731231913e-05,0.0023762539494782686,0.24295158684253693,0.5,1.0,1.0,1.0
8,5130,25000,0.3411538302898407,0.43570631742477417,9.99999905104687e-09,1.0,9.99999905104687e-09,1.025537166299273e-08,6.886087078328273e-08,1.679837737356138e-06,6.500045128632337e-05,0.002293516881763935,0.24321281909942627,0.5,1.0,1.0,1.0
8,5140,25000,0.34119662642478943,0.43573132157325745,9.99999905104687e-09,1.0,9.99999905104687e-09,1.0273768502599978e-08,6.662806839585755e-08,1.6629714991722722e-06,6.518053851323202e-05,0.002295148093253374,0.24569769203662872,0.5,1.0,1.0,1.0
8,5150,25000,0.34125736355781555,0.43566012382507324,9.99999905104687e-09,1.0,9.99999905104687e-09,1.0294448848924276e-08,6.834058297044976e-08,1.7927695807884447e-06,6.732186011504382e-05,0.002357596531510353,0.24664412438869476,0.5,1.0,1.0,1.0
8,5160,25000,0.3411758244037628,0.43573305010795593,9.99999905104687e-09,1.0,9.99999905104687e-09,1.0267475758496403e-08,6.75143994044447e-08,1.7659962168181664e-06,6.43071107333526e-05,0.002322847954928875,0.23889809846878052,0.5,1.0,1.0,1.0
8,5170,25000,0.3411116302013397,0.435777872800827,9.99999905104687e-09,1.0,9.99999905104687e-09,1.0248717430272336e-08,6.56174918844954e-08,1.7495138990852865e-06,6.546488293679431e-05,0.002313936362043023,0.24095110595226288,0.5,1.0,1.0,1.0
8,5180,25000,0.34117165207862854,0.4357072710990906,9.99999905104687e-09,1.0,9.99999905104687e-09,1.0273385697701087e-08,6.563229248968128e-08,1.7577334574525594e-06,6.72597816446796e-05,0.0022987895645201206,0.2403361201286316,0.5,1.0,1.0,1.0
8,5190,25000,0.3411271870136261,0.43574097752571106,9.99999905104687e-09,1.0,9.99999905104687e-09,1.0255425841876331e-08,6.658971329898122e-08,1.78620473434421e-06,6.660809594905004e-05,0.002376846969127655,0.2384590208530426,0.5,1.0,1.0,1.0
8,5200,25000,0.3411722779273987,0.43571460247039795,9.99999905104687e-09,1.0,9.99999905104687e-09,1.0256834492849976e-08,6.87450594227812e-08,1.7364723134960514e-06,6.667106208624318e-05,0.0023405225947499275,0.24046778678894043,0.5,1.0,1.0,1.0
8,5210,25000,0.3412053883075714,0.4357398450374603,9.99999905104687e-09,1.0,9.99999905104687e-09,1.0255228666267158e-08,6.738974178688295e-08,1.7269376257900149e-06,6.612391007365659e-05,0.002338631544262171,0.24803002178668976,0.5,1.0,1.0,1.0
8,5220,25000,0.34122562408447266,0.4356878697872162,9.99999905104687e-09,1.0,9.99999905104687e-09,1.0289595842039034e-08,6.843163191661006e-08,1.748995487105276e-06,6.623264926020056e-05,0.0023115691728889942,0.24201083183288574,0.5,1.0,1.0,1.0
8,5230,25000,0.34119176864624023,0.43573781847953796,9.99999905104687e-09,1.0,9.99999905104687e-09,1.0252030335777818e-08,6.834137167288645e-08,1.6809063936307211e-06,6.808391481172293e-05,0.0023365116212517023,0.24607522785663605,0.5,1.0,1.0,1.0
8,5240,25000,0.34115365147590637,0.43573272228240967,9.99999905104687e-09,1.0,9.99999905104687e-09,1.0248846216143193e-08,6.482175507471766e-08,1.7367054852002184e-06,6.17193290963769e-05,0.002250923775136471,0.24223826825618744,0.5,1.0,1.0,1.0
8,5250,25000,0.34120121598243713,0.43569833040237427,9.99999905104687e-09,1.0,9.99999905104687e-09,1.025383156161297e-08,6.882524417051172e-08,1.8177394167651073e-06,6.746245344402269e-05,0.0023725605569779873,0.24356204271316528,0.5,1.0,1.0,1.0
8,5260,25000,0.3411923050880432,0.43569573760032654,9.99999905104687e-09,1.0,9.99999905104687e-09,1.0266907324307795e-08,6.680616593257582e-08,1.7035796417985694e-06,6.308791489573196e-05,0.002336719771847129,0.24691887199878693,0.5,1.0,1.0,1.0
8,5270,25000,0.34123295545578003,0.43567273020744324,9.99999905104687e-09,1.0,9.99999905104687e-09,1.0297266150871565e-08,6.598032342708393e-08,1.716718657007732e-06,6.63489117869176e-05,0.0023839459754526615,0.24633647501468658,0.5,1.0,1.0,1.0
8,5280,25000,0.34114891290664673,0.4357067048549652,9.99999905104687e-09,1.0,9.99999905104687e-09,1.027559903832298e-08,6.719906764374173e-08,1.7441832369513577e-06,6.862245209049433e-05,0.002416702453047037,0.2368459850549698,0.5,1.0,1.0,1.0
8,5290,25000,0.3412154018878937,0.43571457266807556,9.99999905104687e-09,1.0,9.99999905104687e-09,1.024254547843384e-08,6.565927179735809e-08,1.7965339793590829e-06,6.68004504404962e-05,0.002313784556463361,0.2419079691171646,0.5,1.0,1.0,1.0
8,5300,25000,0.3412249684333801,0.43571844696998596,9.99999905104687e-09,1.0,9.99999905104687e-09,1.0245256198970765e-08,6.567369581489402e-08,1.73719490703661e-06,6.370812479872257e-05,0.0023724036291241646,0.2431989163160324,0.5,1.0,1.0,1.0
8,5310,25000,0.34127721190452576,0.4356842041015625,9.99999905104687e-09,1.0,9.99999905104687e-09,1.0259538107959543e-08,6.813251474113713e-08,1.6781933709353325e-06,6.380330887623131e-05,0.0022856458090245724,0.2429562658071518,0.5,1.0,1.0,1.0
8,5320,25000,0.34110450744628906,0.43576380610466003,9.99999905104687e-09,1.0,9.99999905104687e-09,1.028134732905528e-08,6.899528415260647e-08,1.7593537222637678e-06,6.930416566319764e-05,0.002357794437557459,0.235305055975914,0.5,1.0,1.0,1.0
8,5330,25000,0.34116020798683167,0.4356274902820587,9.99999905104687e-09,1.0,9.99999905104687e-09,1.0241934411681086e-08,6.74808831035989e-08,1.6423173292423598e-06,6.604802183574066e-05,0.0023394664749503136,0.2441561222076416,0.5,1.0,1.0,1.0
8,5340,25000,0.3411860764026642,0.43573999404907227,9.99999905104687e-09,1.0,9.99999905104687e-09,1.0294844976499462e-08,6.625135284821226e-08,1.721228841233824e-06,6.511084211524576e-05,0.002346212975680828,0.24411572515964508,0.5,1.0,1.0,1.0
8,5350,25000,0.3412633538246155,0.4356652796268463,9.99999905104687e-09,1.0,9.99999905104687e-09,1.0271770101155653e-08,6.873358415759867e-08,1.6923576140470686e-06,6.633010343648493e-05,0.00238326215185225,0.2454584240913391,0.5,1.0,1.0,1.0
8,5360,25000,0.3411930501461029,0.4357190430164337,9.99999905104687e-09,1.0,9.99999905104687e-09,1.0306210107557945e-08,6.619668369012288e-08,1.7885084844238008e-06,6.709848821628839e-05,0.002364605199545622,0.24113669991493225,0.5,1.0,1.0,1.0
8,5370,25000,0.34130775928497314,0.4356812834739685,9.99999905104687e-09,1.0,9.99999905104687e-09,1.025128248954843e-08,6.572997079956622e-08,1.7277026245210436e-06,6.875816325191408e-05,0.002346721477806568,0.2474292367696762,0.5,1.0,1.0,1.0
8,5380,25000,0.3412379026412964,0.4357141852378845,9.99999905104687e-09,1.0,9.99999905104687e-09,1.0327160460121831e-08,6.891325909919033e-08,1.7934764855453977e-06,6.65979168843478e-05,0.0023461300879716873,0.24057884514331818,0.5,1.0,1.0,1.0
8,5390,25000,0.34125232696533203,0.435671865940094,9.99999905104687e-09,1.0,9.99999905104687e-09,1.0236639980121254e-08,6.988067013935506e-08,1.7467235693402472e-06,6.440086872316897e-05,0.002425521146506071,0.24495525658130646,0.5,1.0,1.0,1.0
8,5400,25000,0.3411546051502228,0.4357186555862427,9.99999905104687e-09,1.0,9.99999905104687e-09,1.0261065774841427e-08,6.77406717386475e-08,1.7461906054450083e-06,6.744691199855879e-05,0.0024177345912903547,0.2443443387746811,0.5,1.0,1.0,1.0
8,5410,25000,0.3412001430988312,0.43571391701698303,9.99999905104687e-09,1.0,9.99999905104687e-09,1.023914109055113e-08,6.71877771196705e-08,1.689218265710224e-06,6.722431135131046e-05,0.0023525841534137726,0.23817238211631775,0.5,1.0,1.0,1.0
8,5420,25000,0.34116867184638977,0.43572044372558594,9.99999905104687e-09,1.0,9.99999905104687e-09,1.0262341199052116e-08,6.743980662804461e-08,1.7662620166447596e-06,6.939113518455997e-05,0.002382672391831875,0.2426247000694275,0.5,1.0,1.0,1.0
8,5430,25000,0.3411514461040497,0.4357166886329651,9.99999905104687e-09,1.0,9.99999905104687e-09,1.0276089312810655e-08,6.713545275260913e-08,1.8116181763616623e-06,6.500921881524846e-05,0.002333162585273385,0.2451367825269699,0.5,1.0,1.0,1.0
8,5440,25000,0.3412419259548187,0.43568286299705505,9.99999905104687e-09,1.0,9.99999905104687e-09,1.0272202644046047e-08,6.978789457434686e-08,1.773594362930453e-06,6.465765909524634e-05,0.0023834023158997297,0.24105125665664673,0.5,1.0,1.0,1.0
8,5450,25000,0.34119319915771484,0.4357152581214905,9.99999905104687e-09,1.0,9.99999905104687e-09,1.023300999491994e-08,6.828395981983704e-08,1.7302056676271604e-06,6.394085357896984e-05,0.0023191901855170727,0.24667727947235107,0.5,1.0,1.0,1.0
8,5460,25000,0.3411675989627838,0.43571949005126953,9.99999905104687e-09,1.0,9.99999905104687e-09,1.0274070483262676e-08,6.964348386873098e-08,1.7677106143310084e-06,6.724230479449034e-05,0.0022939390037208796,0.24742412567138672,0.5,1.0,1.0,1.0
8,5470,25000,0.34117376804351807,0.4357086420059204,9.99999905104687e-09,1.0,9.99999905104687e-09,1.02474624341653e-08,6.817393938263194e-08,1.6520752978976816e-06,6.380912236636505e-05,0.0023599162232130766,0.24340571463108063,0.5,1.0,1.0,1.0
8,5480,25000,0.34118619561195374,0.4356688857078552,9.99999905104687e-09,1.0,9.99999905104687e-09,1.0241791414955514e-08,6.60359162907298e-08,1.7503544995634002e-06,6.575475708814338e-05,0.002279456937685609,0.24090394377708435,0.5,1.0,1.0,1.0
8,5490,25000,0.3411758244037628,0.4357200860977173,9.99999905104687e-09,1.0,9.99999905104687e-09,1.02524353451372e-08,6.821422005032218e-08,1.659425606703735e-06,6.62311795167625e-05,0.0023318110033869743,0.24317285418510437,0.5,1.0,1.0,1.0
8,5500,25000,0.3411563038825989,0.43572238087654114,9.99999905104687e-09,1.0,9.99999905104687e-09,1.0268028205473456e-08,6.832347310137266e-08,1.70829696344299e-06,6.77231146255508e-05,0.0023118765093386173,0.23520627617835999,0.5,1.0,1.0,1.0
8,5510,25000,0.3411382734775543,0.435666561126709,9.99999905104687e-09,1.0,9.99999905104687e-09,1.0236268721541819e-08,7.015599123860738e-08,1.7751342511473922e-06,6.72594687785022e-05,0.0023163745645433664,0.2450120747089386,0.5,1.0,1.0,1.0
8,5520,25000,0.34123292565345764,0.4357087016105652,9.99999905104687e-09,1.0,9.99999905104687e-09,1.0277396711444453e-08,6.658443396645453e-08,1.8202272258349694e-06,6.474067777162418e-05,0.002422827761620283,0.2462310791015625,0.5,1.0,1.0,1.0
8,5530,25000,0.34116315841674805,0.435703307390213,9.99999905104687e-09,1.0,9.99999905104687e-09,1.0251699933405689e-08,6.844044975196084e-08,1.7239647149835946e-06,6.62671955069527e-05,0.0023494334891438484,0.24544033408164978,0.5,1.0,1.0,1.0
8,5540,25000,0.3411698043346405,0.4356763958930969,9.99999905104687e-09,1.0,9.99999905104687e-09,1.0278774276173408e-08,6.808283359305278e-08,1.7287590026171529e-06,6.381825369317085e-05,0.002344765467569232,0.24008387327194214,0.5,1.0,1.0,1.0
8,5550,25000,0.3412131369113922,0.4357145428657532,9.99999905104687e-09,1.0,9.99999905104687e-09,1.0245265968933381e-08,6.631773175058697e-08,1.6729032950024703e-06,6.532679253723472e-05,0.0023027281276881695,0.2432129979133606,0.5,1.0,1.0,1.0
8,5560,25000,0.3412013649940491,0.4357107877731323,9.99999905104687e-09,1.0,9.99999905104687e-09,1.0275995165898166e-08,6.783217543215869e-08,1.7229193645107443e-06,6.633134034927934e-05,0.0023871553130447865,0.24588656425476074,0.5,1.0,1.0,1.0
8,5570,25000,0.34117481112480164,0.4357195496559143,9.99999905104687e-09,1.0,9.99999905104687e-09,1.0265844174739414e-08,7.004204150007354e-08,1.6639346540614497e-06,6.435473915189505e-05,0.002356030745431781,0.2394120693206787,0.5,1.0,1.0,1.0
8,5580,25000,0.34125494956970215,0.43569445610046387,9.99999905104687e-09,1.0,9.99999905104687e-09,1.023365925334474e-08,6.715048073147045e-08,1.7470352986492799e-06,6.633174052694812e-05,0.00226972671225667,0.24701811373233795,0.5,1.0,1.0,1.0
8,5590,25000,0.341232031583786,0.4356600344181061,9.99999905104687e-09,1.0,9.99999905104687e-09,1.0256490767801552e-08,6.885662173772289e-08,1.7865430663732695e-06,6.519261660287157e-05,0.002397703006863594,0.2536083161830902,0.5,1.0,1.0,1.0
8,5600,25000,0.34104642271995544,0.4357479512691498,9.99999905104687e-09,1.0,9.99999905104687e-09,1.0269951999930527e-08,6.787531958707405e-08,1.7002785170916468e-06,6.338417006190866e-05,0.0023492644540965557,0.24029433727264404,0.5,1.0,1.0,1.0
8,5610,25000,0.34116092324256897,0.4356703758239746,9.99999905104687e-09,1.0,9.99999905104687e-09,1.0256067106695355e-08,6.886582326615098e-08,1.6943382661338546e-06,6.270841549849138e-05,0.002366841770708561,0.24419215321540833,0.5,1.0,1.0,1.0
8,5620,25000,0.3412265479564667,0.43564820289611816,9.99999905104687e-09,1.0,9.99999905104687e-09,1.0257779514688536e-08,6.843211508567038e-08,1.740316974974121e-06,6.549318641191348e-05,0.0024271386209875345,0.2483103722333908,0.5,1.0,1.0,1.0
8,5630,25000,0.3411930501461029,0.43574458360671997,9.99999905104687e-09,1.0,9.99999905104687e-09,1.0270557737612762e-08,6.899699656059965e-08,1.6897100749702076e-06,6.725923594785854e-05,0.0022796480916440487,0.24491353332996368,0.5,1.0,1.0,1.0
8,5640,25000,0.34118732810020447,0.43571799993515015,9.99999905104687e-09,1.0,9.99999905104687e-09,1.0265134520182073e-08,6.571993793613728e-08,1.6967967439995846e-06,6.698641664115712e-05,0.002316250465810299,0.24424143135547638,0.5,1.0,1.0,1.0
8,5650,25000,0.3411833345890045,0.4357315003871918,9.99999905104687e-09,1.0,9.99999905104687e-09,1.0272366068875272e-08,6.611704606029889e-08,1.727420681163494e-06,6.856232357677072e-05,0.0023867501877248287,0.2405090183019638,0.5,1.0,1.0,1.0
8,5660,25000,0.34120798110961914,0.43571972846984863,9.99999905104687e-09,1.0,9.99999905104687e-09,1.0255297944183894e-08,6.725426970888293e-08,1.7393823554812116e-06,6.216175825102255e-05,0.0023426064290106297,0.24417847394943237,0.5,1.0,1.0,1.0
8,5670,25000,0.3411908447742462,0.43570446968078613,9.99999905104687e-09,1.0,9.99999905104687e-09,1.0269354255854068e-08,6.816468811621235e-08,1.7012653188430704e-06,6.627528637181967e-05,0.0024013903457671404,0.24729087948799133,0.5,1.0,1.0,1.0
8,5680,25000,0.3411497473716736,0.43574589490890503,9.99999905104687e-09,1.0,9.99999905104687e-09,1.0268013994618741e-08,6.770373062181534e-08,1.629858388696448e-06,6.330820906441659e-05,0.002475482877343893,0.24314357340335846,0.5,1.0,1.0,1.0
8,5690,25000,0.34111645817756653,0.43573760986328125,9.99999905104687e-09,1.0,9.99999905104687e-09,1.0239234349285198e-08,6.886818937346106e-08,1.7168728163596825e-06,6.664859392913058e-05,0.002340503502637148,0.24411475658416748,0.5,1.0,1.0,1.0
8,5700,25000,0.34121617674827576,0.43567028641700745,9.99999905104687e-09,1.0,9.99999905104687e-09,1.024476592448309e-08,6.641965910603176e-08,1.7840327473095385e-06,6.571604899363592e-05,0.0024047689512372017,0.2471899837255478,0.5,1.0,1.0,1.0
8,5710,25000,0.3411937355995178,0.43570947647094727,9.99999905104687e-09,1.0,9.99999905104687e-09,1.0281150153446106e-08,6.865622026452911e-08,1.7888791035147733e-06,6.434575334424153e-05,0.0023893965408205986,0.23555131256580353,0.5,1.0,1.0,1.0
8,5720,25000,0.34119218587875366,0.4356881380081177,9.99999905104687e-09,1.0,9.99999905104687e-09,1.0265591932068219e-08,6.96912252351467e-08,1.7802483398554614e-06,6.664083048235625e-05,0.002353076357394457,0.2433032989501953,0.5,1.0,1.0,1.0
8,5730,25000,0.3410703241825104,0.43566423654556274,9.99999905104687e-09,1.0,9.99999905104687e-09,1.0261228311492232e-08,6.90947246084761e-08,1.718002181405609e-06,6.346106238197535e-05,0.0023393703158944845,0.24627159535884857,0.5,1.0,1.0,1.0
8,5740,25000,0.34125152230262756,0.43569183349609375,9.99999905104687e-09,1.0,9.99999905104687e-09,1.027977702960925e-08,6.46329638698262e-08,1.732422560962732e-06,6.50307847536169e-05,0.0023585371673107147,0.24675975739955902,0.5,1.0,1.0,1.0
8,5750,25000,0.3412187099456787,0.43569162487983704,9.99999905104687e-09,1.0,9.99999905104687e-09,1.0257240390387778e-08,6.678008190874607e-08,1.7218318362210994e-06,6.797842070227489e-05,0.0023413493763655424,0.23858700692653656,0.5,1.0,1.0,1.0
8,5760,25000,0.3412455916404724,0.435695081949234,9.99999905104687e-09,1.0,9.99999905104687e-09,1.0260452931731834e-08,6.813923647541742e-08,1.6816613879200304e-06,6.894132820889354e-05,0.0023174327798187733,0.2386534959077835,0.5,1.0,1.0,1.0
8,5770,25000,0.34118327498435974,0.43573787808418274,9.99999905104687e-09,1.0,9.99999905104687e-09,1.0270915673515901e-08,6.724020096271488e-08,1.7596840962141869e-06,6.844483141321689e-05,0.002341576386243105,0.24121113121509552,0.5,1.0,1.0,1.0
8,5780,25000,0.3412341773509979,0.43563610315322876,9.99999905104687e-09,1.0,9.99999905104687e-09,1.027142459975039e-08,6.807105989992124e-08,1.7705591517369612e-06,6.465707701863721e-05,0.0022667311131954193,0.2503819167613983,0.5,1.0,1.0,1.0
8,5790,25000,0.34129589796066284,0.43566232919692993,9.99999905104687e-09,1.0,9.99999905104687e-09,1.0238296432873994e-08,6.876481961626268e-08,1.7439126622775802e-06,6.47452543489635e-05,0.0023552426137030125,0.2451467663049698,0.5,1.0,1.0,1.0
8,5800,25000,0.3411819636821747,0.4357251822948456,9.99999905104687e-09,1.0,9.99999905104687e-09,1.0282252382864954e-08,7.027303894346915e-08,1.7336477640128578e-06,6.821156421210617e-05,0.002356758341193199,0.24495811760425568,0.5,1.0,1.0,1.0
8,5810,25000,0.3411955237388611,0.43571850657463074,9.99999905104687e-09,1.0,9.99999905104687e-09,1.0270132300149726e-08,6.898685711576036e-08,1.7905622371472418e-06,6.865610339445993e-05,0.002360264305025339,0.24650892615318298,0.5,1.0,1.0,1.0
8,5820,25000,0.3411919176578522,0.4357278048992157,9.99999905104687e-09,1.0,9.99999905104687e-09,1.0253687676708978e-08,6.840144095576761e-08,1.7841988437794498e-06,6.85973500367254e-05,0.00228724698536098,0.24362778663635254,0.5,1.0,1.0,1.0
8,5830,25000,0.34111326932907104,0.43573930859565735,9.99999905104687e-09,1.0,9.99999905104687e-09,1.0271515193949199e-08,6.744110692125105e-08,1.7597833448235178e-06,6.455066613852978e-05,0.0023605278693139553,0.23746608197689056,0.5,1.0,1.0,1.0
8,5840,25000,0.3411737084388733,0.43571221828460693,9.99999905104687e-09,1.0,9.99999905104687e-09,1.026156137839962e-08,6.696870258338095e-08,1.7239182170669665e-06,6.654019671259448e-05,0.002362597268074751,0.24498800933361053,0.5,1.0,1.0,1.0
8,5850,25000,0.3412061333656311,0.4357292354106903,9.99999905104687e-09,1.0,9.99999905104687e-09,1.0264002980875375e-08,6.625725745834643e-08,1.8256860130350105e-06,6.679797661490738e-05,0.0023902137763798237,0.24103660881519318,0.5,1.0,1.0,1.0
8,5860,25000,0.34122002124786377,0.43568718433380127,9.99999905104687e-09,1.0,9.99999905104687e-09,1.0263323524384305e-08,7.187608019876279e-08,1.8330335933569586e-06,6.601140194106847e-05,0.002297996776178479,0.23974870145320892,0.5,1.0,1.0,1.0
8,5870,25000,0.341118723154068,0.4357539415359497,9.99999905104687e-09,1.0,9.99999905104687e-09,1.0278965234533644e-08,6.521954531990559e-08,1.7885191709865467e-06,6.838177796453238e-05,0.0022401632741093636,0.2406337559223175,0.5,1.0,1.0,1.0
8,5880,25000,0.34129831194877625,0.43566590547561646,9.99999905104687e-09,1.0,9.99999905104687e-09,1.0304402664473855e-08,6.847172073776164e-08,1.7209775933224591e-06,6.611612479900941e-05,0.002282524947077036,0.24590277671813965,0.5,1.0,1.0,1.0
8,5890,25000,0.3412526249885559,0.4356774389743805,9.99999905104687e-09,1.0,9.99999905104687e-09,1.028007368120143e-08,6.813856145981845e-08,1.6560765061512939e-06,6.967473746044561e-05,0.00236118258908391,0.242180734872818,0.5,1.0,1.0,1.0
8,5900,25000,0.34123218059539795,0.43572700023651123,9.99999905104687e-09,1.0,9.99999905104687e-09,1.0247783954753231e-08,6.75706246511254e-08,1.7649265373620437e-06,6.995310104684904e-05,0.0023906424175947905,0.24333496391773224,0.5,1.0,1.0,1.0
8,5910,25000,0.3411412239074707,0.435727059841156,9.99999905104687e-09,1.0,9.99999905104687e-09,1.0254354698702173e-08,6.920556927525467e-08,1.7668705822870834e-06,6.506947829620913e-05,0.002315941732376814,0.239592045545578,0.5,1.0,1.0,1.0
8,5920,25000,0.3411620855331421,0.4357175827026367,9.99999905104687e-09,1.0,9.99999905104687e-09,1.0287819485199634e-08,6.593128176746177e-08,1.7393803091181326e-06,6.81604360579513e-05,0.002290722681209445,0.24483533203601837,0.5,1.0,1.0,1.0
8,5930,25000,0.3411782681941986,0.43568989634513855,9.99999905104687e-09,1.0,9.99999905104687e-09,1.0288567331429022e-08,6.530077456545769e-08,1.8025582448899513e-06,6.436769763240591e-05,0.002320276340469718,0.2429760843515396,0.5,1.0,1.0,1.0
8,5940,25000,0.3412016034126282,0.4357059597969055,9.99999905104687e-09,1.0,9.99999905104687e-09,1.0280088780234564e-08,6.761729309801012e-08,1.6707725762898917e-06,6.631288852076977e-05,0.0022700675763189793,0.24264541268348694,0.5,1.0,1.0,1.0
8,5950,25000,0.3411439061164856,0.4357174038887024,9.99999905104687e-09,1.0,9.99999905104687e-09,1.025984186497908e-08,6.718673262184893e-08,1.7342011915388866e-06,6.41836304566823e-05,0.002296158578246832,0.24334746599197388,0.5,1.0,1.0,1.0
8,5960,25000,0.3412264883518219,0.43567582964897156,9.99999905104687e-09,1.0,9.99999905104687e-09,1.026991292008006e-08,6.659696794031333e-08,1.7159160279334174e-06,6.645194662269205e-05,0.0022678496316075325,0.24798910319805145,0.5,1.0,1.0,1.0
8,5970,25000,0.3412156105041504,0.4356871545314789,9.99999905104687e-09,1.0,9.99999905104687e-09,1.0266023586780193e-08,6.38748929304711e-08,1.696010826890415e-06,6.732296606060117e-05,0.002371662063524127,0.2469102293252945,0.5,1.0,1.0,1.0
8,5980,25000,0.34125369787216187,0.43569573760032654,9.99999905104687e-09,1.0,9.99999905104687e-09,1.0259114446853346e-08,6.70077398012836e-08,1.6380524812120711e-06,6.166610546642914e-05,0.0022658139932900667,0.24843037128448486,0.5,1.0,1.0,1.0
8,5990,25000,0.34128740429878235,0.4356862008571625,9.99999905104687e-09,1.0,9.99999905104687e-09,1.0230413849399156e-08,6.555031717425663e-08,1.7047054825525265e-06,6.461802695412189e-05,0.0023510418832302094,0.245081827044487,0.5,1.0,1.0,1.0
8,6000,25000,0.34121203422546387,0.43571630120277405,9.99999905104687e-09,1.0,9.99999905104687e-09,1.0264033178941645e-08,6.886742198730644e-08,1.806268528525834e-06,6.504597695311531e-05,0.0023226398043334484,0.2438397854566574,0.5,1.0,1.0,1.0
8,6010,25000,0.3412066400051117,0.43569356203079224,9.99999905104687e-09,1.0,9.99999905104687e-09,1.029061458268643e-08,6.839655952717294e-08,1.7064051007764647e-06,7.051749707898125e-05,0.0022556576877832413,0.24566425383090973,0.5,1.0,1.0,1.0
8,6020,25000,0.34115341305732727,0.435726135969162,9.99999905104687e-09,1.0,9.99999905104687e-09,1.029713114775177e-08,6.761671755839416e-08,1.8030093542620307e-06,6.402318831533194e-05,0.0023197403643280268,0.2315172255039215,0.5,1.0,1.0,1.0
8,6030,25000,0.3411208987236023,0.43573153018951416,9.99999905104687e-09,1.0,9.99999905104687e-09,1.0279026518844603e-08,6.595669788111991e-08,1.7162001313408837e-06,6.407861656043679e-05,0.002363296225667,0.2363690882921219,0.5,1.0,1.0,1.0
8,6040,25000,0.3411458730697632,0.43571609258651733,9.99999905104687e-09,1.0,9.99999905104687e-09,1.023854778736677e-08,6.968353716274578e-08,1.6869995533852489e-06,6.831747305113822e-05,0.0023662778548896313,0.2467668503522873,0.5,1.0,1.0,1.0
8,6050,25000,0.34114930033683777,0.4357094168663025,9.99999905104687e-09,1.0,9.99999905104687e-09,1.0275680750737592e-08,6.875153957253133e-08,1.7506974927528063e-06,6.541630864376202e-05,0.0022963550873100758,0.24663123488426208,0.5,1.0,1.0,1.0
8,6060,25000,0.34120655059814453,0.4357186257839203,9.99999905104687e-09,1.0,9.99999905104687e-09,1.0294143315547899e-08,6.890665815717512e-08,1.7527273712403257e-06,6.782744458178058e-05,0.0023576226085424423,0.2448377162218094,0.5,1.0,1.0,1.0
8,6070,25000,0.3412378132343292,0.43571415543556213,9.99999905104687e-09,1.0,9.99999905104687e-09,1.0258149885089551e-08,6.78081093496985e-08,1.7651025245868368e-06,6.903261237312108e-05,0.002396937692537904,0.24418742954730988,0.5,1.0,1.0,1.0
8,6080,25000,0.34117206931114197,0.43571677803993225,9.99999905104687e-09,1.0,9.99999905104687e-09,1.0281054230176778e-08,6.696183163512615e-08,1.696710796750267e-06,6.619554915232584e-05,0.0023789736442267895,0.23370690643787384,0.5,1.0,1.0,1.0
8,6090,25000,0.34123852849006653,0.4357122480869293,9.99999905104687e-09,1.0,9.99999905104687e-09,1.0278953688214187e-08,6.570627419932862e-08,1.847028670454165e-06,6.527334335260093e-05,0.002304786816239357,0.24109068512916565,0.5,1.0,1.0,1.0
8,6100,25000,0.3412695527076721,0.4356980621814728,9.99999905104687e-09,1.0,9.99999905104687e-09,1.0266425931604317e-08,6.608181024603255e-08,1.6609290014457656e-06,6.581981142517179e-05,0.002321318257600069,0.24889050424098969,0.5,1.0,1.0,1.0
8,6110,25000,0.3411808907985687,0.43573975563049316,9.99999905104687e-09,1.0,9.99999905104687e-09,1.0270987615967897e-08,6.622826020930006e-08,1.6972503544820938e-06,6.589659460587427e-05,0.00226173410192132,0.24293644726276398,0.5,1.0,1.0,1.0
8,6120,25000,0.34122365713119507,0.43571290373802185,9.99999905104687e-09,1.0,9.99999905104687e-09,1.0272821704404578e-08,6.695566412417975e-08,1.70823659573216e-06,6.675741315120831e-05,0.0023725698702037334,0.24040040373802185,0.5,1.0,1.0,1.0
8,6130,25000,0.3411499857902527,0.4357392191886902,9.99999905104687e-09,1.0,9.99999905104687e-09,1.027823426369423e-08,6.614061476284405e-08,1.7233138578376384e-06,6.505695637315512e-05,0.0022477786988019943,0.24032281339168549,0.5,1.0,1.0,1.0
8,6140,25000,0.34110787510871887,0.43576547503471375,9.99999905104687e-09,1.0,9.99999905104687e-09,1.0271961947694308e-08,6.630549620467718e-08,1.7702769810057362e-06,6.477106217062101e-05,0.002303267363458872,0.23979032039642334,0.5,1.0,1.0,1.0
8,6150,25000,0.3412339687347412,0.4357224702835083,9.99999905104687e-09,1.0,9.99999905104687e-09,1.0267628525184591e-08,6.614652647840558e-08,1.6892932990231202e-06,6.594767182832584e-05,0.002341658342629671,0.24135681986808777,0.5,1.0,1.0,1.0
8,6160,25000,0.34121254086494446,0.4357222020626068,9.99999905104687e-09,1.0,9.99999905104687e-09,1.0244480819210366e-08,6.497721471987461e-08,1.7665925042820163e-06,6.794994988013059e-05,0.002382229082286358,0.24801917374134064,0.5,1.0,1.0,1.0
8,6170,25000,0.3412395417690277,0.43571335077285767,9.99999905104687e-09,1.0,9.99999905104687e-09,1.0296191454983727e-08,6.741186808767452e-08,1.697292304925213e-06,6.595972081413493e-05,0.0022376603446900845,0.24296513199806213,0.5,1.0,1.0,1.0
8,6180,25000,0.3411393165588379,0.4357357323169708,9.99999905104687e-09,1.0,9.99999905104687e-09,1.0266814953752146e-08,6.600819091318044e-08,1.6904859876376577e-06,6.675773329334334e-05,0.002328881062567234,0.23586025834083557,0.5,1.0,1.0,1.0
8,6190,25000,0.34118491411209106,0.4357278645038605,9.99999905104687e-09,1.0,9.99999905104687e-09,1.0266847816353675e-08,6.85870773509123e-08,1.7295186580668087e-06,6.642558582825586e-05,0.0024334113113582134,0.2448980063199997,0.5,1.0,1.0,1.0
8,6200,25000,0.34122535586357117,0.43574005365371704,9.99999905104687e-09,1.0,9.99999905104687e-09,1.0282517948212444e-08,6.820366138526879e-08,1.7374953813487082e-06,6.70516601530835e-05,0.0023608128540217876,0.24666167795658112,0.5,1.0,1.0,1.0
8,6210,25000,0.34114718437194824,0.4357434809207916,9.99999905104687e-09,1.0,9.99999905104687e-09,1.0251065774014023e-08,6.641074890012533e-08,1.7082742260754458e-06,6.537307490361854e-05,0.0022783889435231686,0.23837178945541382,0.5,1.0,1.0,1.0
8,6220,25000,0.3411398231983185,0.4357360005378723,9.99999905104687e-09,1.0,9.99999905104687e-09,1.0254173510304554e-08,6.704861021944453e-08,1.7218189896084368e-06,6.558065069839358e-05,0.002446542726829648,0.2399148941040039,0.5,1.0,1.0,1.0
8,6230,25000,0.3411824405193329,0.435697078704834,9.99999905104687e-09,1.0,9.99999905104687e-09,1.025012785760282e-08,6.691301734917943e-08,1.7074985407816712e-06,6.34325115242973e-05,0.0022789225913584232,0.2403138130903244,0.5,1.0,1.0,1.0
8,6240,25000,0.34118926525115967,0.43572157621383667,9.99999905104687e-09,1.0,9.99999905104687e-09,1.0269839201271225e-08,6.728124901655974e-08,1.7086086927520228e-06,6.871240475447848e-05,0.0023459619842469692,0.24221478402614594,0.5,1.0,1.0,1.0
8,6250,25000,0.3410939872264862,0.43572476506233215,9.99999905104687e-09,1.0,9.99999905104687e-09,1.0280856166389185e-08,6.703704258370635e-08,1.7375426750732004e-06,6.478755676653236e-05,0.0023138055112212896,0.2403108924627304,0.5,1.0,1.0,1.0
8,6260,25000,0.3410763144493103,0.43568843603134155,9.99999905104687e-09,1.0,9.99999905104687e-09,1.0244752601806795e-08,6.576730271490305e-08,1.838581283664098e-06,6.64367398712784e-05,0.0023651067167520523,0.24729600548744202,0.5,1.0,1.0,1.0
8,6270,25000,0.34114035964012146,0.43573543429374695,9.99999905104687e-09,1.0,9.99999905104687e-09,1.0291494767500353e-08,6.946545738628629e-08,1.7478109839430545e-06,6.6262116888538e-05,0.0022843298502266407,0.24141426384449005,0.5,1.0,1.0,1.0
8,6280,25000,0.34125271439552307,0.43569034337997437,9.99999905104687e-09,1.0,9.99999905104687e-09,1.0261719474158326e-08,6.689199949505564e-08,1.7311450619672542e-06,6.550527177751064e-05,0.0023178462870419025,0.2411712259054184,0.5,1.0,1.0,1.0
8,6290,25000,0.3411818742752075,0.4356962740421295,9.99999905104687e-09,1.0,9.99999905104687e-09,1.0277306117245644e-08,6.828063447983368e-08,1.8093810467689764e-06,6.485901394626126e-05,0.0023453636094927788,0.24334502220153809,0.5,1.0,1.0,1.0
8,6300,25000,0.3411857783794403,0.435688853263855,9.99999905104687e-09,1.0,9.99999905104687e-09,1.0281263840283827e-08,7.009524694012725e-08,1.7496499822300393e-06,6.864991883048788e-05,0.002399578457698226,0.2431701123714447,0.5,1.0,1.0,1.0
8,6310,25000,0.3411475121974945,0.4357221722602844,9.99999905104687e-09,1.0,9.99999905104687e-09,1.0247632964421882e-08,6.572271615823411e-08,1.7466719555159216e-06,6.649748684139922e-05,0.002395144198089838,0.2401130497455597,0.5,1.0,1.0,1.0
8,6320,25000,0.3412073850631714,0.43570879101753235,9.99999905104687e-09,1.0,9.99999905104687e-09,1.031401275497501e-08,6.591861279048317e-08,1.7373175751345116e-06,6.501028838101774e-05,0.002305298112332821,0.241155207157135,0.5,1.0,1.0,1.0
8,6330,25000,0.3412313461303711,0.435693621635437,9.99999905104687e-09,1.0,9.99999905104687e-09,1.0280230888781716e-08,6.762352455780274e-08,1.7143889863291406e-06,6.218776252353564e-05,0.0023423745296895504,0.2449169009923935,0.5,1.0,1.0,1.0
8,6340,25000,0.34120145440101624,0.43571004271507263,9.99999905104687e-09,1.0,9.99999905104687e-09,1.0291902441394996e-08,6.604168589774417e-08,1.7577734752194374e-06,6.4666717662476e-05,0.0022880006581544876,0.2415820211172104,0.5,1.0,1.0,1.0
8,6350,25000,0.34121403098106384,0.43570518493652344,9.99999905104687e-09,1.0,9.99999905104687e-09,1.0256683502518626e-08,6.607481850551267e-08,1.7286902220803313e-06,6.342964479699731e-05,0.0024004133883863688,0.24719394743442535,0.5,1.0,1.0,1.0
8,6360,25000,0.34126922488212585,0.43571916222572327,9.99999905104687e-09,1.0,9.99999905104687e-09,1.0253604187937526e-08,6.686379094844597e-08,1.7010687543006497e-06,6.821392162237316e-05,0.002411185298115015,0.24799108505249023,0.5,1.0,1.0,1.0
8,6370,25000,0.3412363827228546,0.4357248544692993,9.99999905104687e-09,1.0,9.99999905104687e-09,1.0269117112216009e-08,6.618610370878741e-08,1.7563897927175276e-06,6.598204345209524e-05,0.002401057630777359,0.2411298155784607,0.5,1.0,1.0,1.0
8,6380,25000,0.3412143588066101,0.43570831418037415,9.99999905104687e-09,1.0,9.99999905104687e-09,1.0302841246812022e-08,6.593044332703357e-08,1.7166082670883043e-06,6.0900503740413114e-05,0.0023438818752765656,0.24432744085788727,0.5,1.0,1.0,1.0
8,6390,25000,0.3411611318588257,0.43573063611984253,9.99999905104687e-09,1.0,9.99999905104687e-09,1.0279764595111374e-08,6.63059793737375e-08,1.811880906643637e-06,6.625952664762735e-05,0.002251814119517803,0.24438686668872833,0.5,1.0,1.0,1.0
8,6400,25000,0.34112098813056946,0.4357573091983795,9.99999905104687e-09,1.0,9.99999905104687e-09,1.0284908924518277e-08,6.663886864544111e-08,1.7456058003517683e-06,6.23057276243344e-05,0.0023466001730412245,0.23969146609306335,0.5,1.0,1.0,1.0
8,6410,25000,0.34113389253616333,0.43567341566085815,9.99999905104687e-09,1.0,9.99999905104687e-09,1.0264781913349452e-08,6.584375000784348e-08,1.7191764527524356e-06,6.576735177077353e-05,0.0023472022730857134,0.24006466567516327,0.5,1.0,1.0,1.0
8,6420,25000,0.34118714928627014,0.43574395775794983,9.99999905104687e-09,1.0,9.99999905104687e-09,1.0257025451210211e-08,7.061173334932391e-08,1.778196406121424e-06,6.733134796377271e-05,0.0022874437272548676,0.2442408949136734,0.5,1.0,1.0,1.0
8,6430,25000,0.34118813276290894,0.43573305010795593,9.99999905104687e-09,1.0,9.99999905104687e-09,1.0248576209903604e-08,6.722682854842787e-08,1.8010574649451883e-06,6.687872519250959e-05,0.0022935159504413605,0.24056829512119293,0.5,1.0,1.0,1.0
8,6440,25000,0.34109944105148315,0.4357381761074066,9.99999905104687e-09,1.0,9.99999905104687e-09,1.0260321481325718e-08,6.676999930732563e-08,1.70694772805291e-06,6.758709059795365e-05,0.002296129008755088,0.2442367821931839,0.5,1.0,1.0,1.0
8,6450,25000,0.34116286039352417,0.4357410967350006,9.99999905104687e-09,1.0,9.99999905104687e-09,1.0271633321679019e-08,6.867323065762321e-08,1.7584430906936177e-06,6.757843220839277e-05,0.0024022301658988,0.23550887405872345,0.5,1.0,1.0,1.0
8,6460,25000,0.34111902117729187,0.4357012212276459,9.99999905104687e-09,1.0,9.99999905104687e-09,1.0277203088548958e-08,6.817332121045183e-08,1.7819107824834646e-06,6.399647099897265e-05,0.0023193401284515858,0.24095472693443298,0.5,1.0,1.0,1.0
8,6470,25000,0.34121474623680115,0.435706228017807,9.99999905104687e-09,1.0,9.99999905104687e-09,1.0284520790548868e-08,6.797598217644918e-08,1.7114055026468122e-06,6.462055898737162e-05,0.0023472215980291367,0.25328007340431213,0.5,1.0,1.0,1.0
8,6480,25000,0.34122979640960693,0.4357065260410309,9.99999905104687e-09,1.0,9.99999905104687e-09,1.0284409768246405e-08,6.74348967777405e-08,1.757932864165923e-06,6.557098095072433e-05,0.0023209964856505394,0.25148841738700867,0.5,1.0,1.0,1.0
8,6490,25000,0.34124836325645447,0.43571969866752625,9.99999905104687e-09,1.0,9.99999905104687e-09,1.026700946482606e-08,6.868022950357044e-08,1.6805868199298857e-06,6.726563879055902e-05,0.0023207487538456917,0.24542875587940216,0.5,1.0,1.0,1.0
8,6500,25000,0.34118330478668213,0.4357283413410187,9.99999905104687e-09,1.0,9.99999905104687e-09,1.0238175640608915e-08,6.998379120659592e-08,1.7428845922040637e-06,6.524110358441249e-05,0.0023507894948124886,0.24185116589069366,0.5,1.0,1.0,1.0
8,6510,25000,0.34120121598243713,0.43567371368408203,9.99999905104687e-09,1.0,9.99999905104687e-09,1.0267195982294197e-08,6.585551659554767e-08,1.7613680256545194e-06,6.671802111668512e-05,0.0023485859856009483,0.24693837761878967,0.5,1.0,1.0,1.0
8,6520,25000,0.3412061333656311,0.43569672107696533,9.99999905104687e-09,1.0,9.99999905104687e-09,1.02930162171333e-08,6.839806587777275e-08,1.77389040345588e-06,6.599186599487439e-05,0.002363283187150955,0.24009773135185242,0.5,1.0,1.0,1.0
8,6530,25000,0.341175377368927,0.4357229173183441,9.99999905104687e-09,1.0,9.99999905104687e-09,1.0248358606190777e-08,6.54263274668665e-08,1.7768791167327436e-06,6.569668039446697e-05,0.002411686349660158,0.24187354743480682,0.5,1.0,1.0,1.0
8,6540,25000,0.3410854637622833,0.435686320066452,9.99999905104687e-09,1.0,9.99999905104687e-09,1.0251591575638486e-08,6.890401493819809e-08,1.7005710333251045e-06,6.71473317197524e-05,0.002308743540197611,0.23775644600391388,0.5,1.0,1.0,1.0
8,6550,25000,0.3411678075790405,0.4356786608695984,9.99999905104687e-09,1.0,9.99999905104687e-09,1.0246687942583321e-08,6.606725122537682e-08,1.7558041918164236e-06,6.803800351917744e-05,0.00243714964017272,0.24682027101516724,0.5,1.0,1.0,1.0
8,6560,25000,0.34111350774765015,0.4357633590698242,9.99999905104687e-09,1.0,9.99999905104687e-09,1.0244519010882414e-08,6.955917086770569e-08,1.6883278703971882e-06,6.727517757099122e-05,0.0023501296527683735,0.24491837620735168,0.5,1.0,1.0,1.0
8,6570,25000,0.34124645590782166,0.4356881380081177,9.99999905104687e-09,1.0,9.99999905104687e-09,1.0257340754549205e-08,6.534012442216408e-08,1.7710198108034092e-06,6.818342080805451e-05,0.0024149524979293346,0.24379390478134155,0.5,1.0,1.0,1.0
8,6580,25000,0.34126242995262146,0.43569666147232056,9.99999905104687e-09,1.0,9.99999905104687e-09,1.0269996408851512e-08,6.73367424042226e-08,1.757360791998508e-06,6.51212249067612e-05,0.002290051430463791,0.24332866072654724,0.5,1.0,1.0,1.0
8,6590,25000,0.34121814370155334,0.4357210397720337,9.99999905104687e-09,1.0,9.99999905104687e-09,1.025744467142431e-08,6.837738197873477e-08,1.700500206425204e-06,6.540709000546485e-05,0.0023785633966326714,0.24211077392101288,0.5,1.0,1.0,1.0
8,6600,25000,0.34125182032585144,0.43569764494895935,9.99999905104687e-09,1.0,9.99999905104687e-09,1.0285512885843673e-08,6.510848749030629e-08,1.6957465049927123e-06,6.700784433633089e-05,0.0023025055415928364,0.2446417510509491,0.5,1.0,1.0,1.0
8,6610,25000,0.3411703407764435,0.4357444643974304,9.99999905104687e-09,1.0,9.99999905104687e-09,1.0249942228313103e-08,6.712738098713089e-08,1.71038220742048e-06,6.648743146797642e-05,0.002432573353871703,0.2393898367881775,0.5,1.0,1.0,1.0
8,6620,25000,0.34122422337532043,0.43566691875457764,9.99999905104687e-09,1.0,9.99999905104687e-09,1.0286193230513163e-08,6.567364607690251e-08,1.7996095493799658e-06,6.69641449349001e-05,0.002334143500775099,0.24407503008842468,0.5,1.0,1.0,1.0
8,6630,25000,0.3411926329135895,0.4357108771800995,9.99999905104687e-09,1.0,9.99999905104687e-09,1.0260985838783654e-08,6.812670960698597e-08,1.6680430690030335e-06,6.754415517207235e-05,0.0024183779023587704,0.2464766502380371,0.5,1.0,1.0,1.0
8,6640,25000,0.34123650193214417,0.43568554520606995,9.99999905104687e-09,1.0,9.99999905104687e-09,1.0296171915058494e-08,6.7408201687158e-08,1.7416206219422747e-06,6.587620737263933e-05,0.002340211533010006,0.23919329047203064,0.5,1.0,1.0,1.0
8,6650,25000,0.34117352962493896,0.43570271134376526,9.99999905104687e-09,1.0,9.99999905104687e-09,1.0268720984640822e-08,6.571557520373972e-08,1.7589840126674972e-06,6.732063047820702e-05,0.0023725824430584908,0.23772509396076202,0.5,1.0,1.0,1.0
8,6660,25000,0.3412001430988312,0.4356652796268463,9.99999905104687e-09,1.0,9.99999905104687e-09,1.0269343597713032e-08,6.878573799440346e-08,1.744718929330702e-06,6.448380736401305e-05,0.0023780709598213434,0.24545110762119293,0.5,1.0,1.0,1.0
8,6670,25000,0.3411477208137512,0.435751736164093,9.99999905104687e-09,1.0,9.99999905104687e-09,1.024541962379999e-08,6.54572289704447e-08,1.7979818949243054e-06,6.833566294517368e-05,0.0022604248952120543,0.23820410668849945,0.5,1.0,1.0,1.0
8,6680,25000,0.3411690890789032,0.4357030689716339,9.99999905104687e-09,1.0,9.99999905104687e-09,1.0254815663301997e-08,7.017006709020279e-08,1.7405196786057786e-06,6.617709732381627e-05,0.002331523224711418,0.23949593305587769,0.5,1.0,1.0,1.0
8,6690,25000,0.34111306071281433,0.4357411861419678,9.99999905104687e-09,1.0,9.99999905104687e-09,1.0284209928101973e-08,6.624780013453346e-08,1.7761437902663602e-06,6.416941323550418e-05,0.0023212458472698927,0.23948334157466888,0.5,1.0,1.0,1.0
8,6700,25000,0.3411979675292969,0.43568935990333557,9.99999905104687e-09,1.0,9.99999905104687e-09,1.0278030870836119e-08,6.626758874972438e-08,1.6998603769025067e-06,6.368757749442011e-05,0.0023505191784352064,0.23944857716560364,0.5,1.0,1.0,1.0
8,6710,25000,0.3411082327365875,0.43573275208473206,9.99999905104687e-09,1.0,9.99999905104687e-09,1.0260823302132849e-08,6.615537984089315e-08,1.742147333061439e-06,6.819950795033947e-05,0.00234206928871572,0.2411780208349228,0.5,1.0,1.0,1.0
8,6720,25000,0.3411748707294464,0.4357273280620575,9.99999905104687e-09,1.0,9.99999905104687e-09,1.0258081495351234e-08,6.944430452904271e-08,1.8060262618746492e-06,6.762011616956443e-05,0.0024123736657202244,0.2435973882675171,0.5,1.0,1.0,1.0
8,6730,25000,0.34117773175239563,0.4357316195964813,9.99999905104687e-09,1.0,9.99999905104687e-09,1.0262542815553388e-08,6.957860421152873e-08,1.6882922864169814e-06,6.26923720119521e-05,0.00236109527759254,0.24421386420726776,0.5,1.0,1.0,1.0
8,6740,25000,0.3412143290042877,0.43571987748146057,9.99999905104687e-09,1.0,9.99999905104687e-09,1.0257318550088712e-08,6.607634617239455e-08,1.6757252296883962e-06,6.750636384822428e-05,0.0024134847335517406,0.2434767633676529,0.5,1.0,1.0,1.0
8,6750,25000,0.3412952721118927,0.4356878399848938,9.99999905104687e-09,1.0,9.99999905104687e-09,1.0251287818618948e-08,6.562547127941798e-08,1.8012766531683155e-06,6.713903712807223e-05,0.0023331153206527233,0.24691222608089447,0.5,1.0,1.0,1.0
8,6760,25000,0.3412143886089325,0.43572908639907837,9.99999905104687e-09,1.0,9.99999905104687e-09,1.0261747007689337e-08,6.471622526760257e-08,1.7192500081364415e-06,6.777463568141684e-05,0.0023360010236501694,0.24549071490764618,0.5,1.0,1.0,1.0
8,6770,25000,0.3412244915962219,0.4357175827026367,9.99999905104687e-09,1.0,9.99999905104687e-09,1.0273337736066424e-08,6.8685466203533e-08,1.6845203845150536e-06,6.68362044962123e-05,0.002335277386009693,0.24595876038074493,0.5,1.0,1.0,1.0
8,6780,25000,0.34122130274772644,0.43563270568847656,9.99999905104687e-09,1.0,9.99999905104687e-09,1.0280198026180187e-08,6.935307084177111e-08,1.7204658888658741e-06,6.401231075869873e-05,0.0023409794084727764,0.24568714201450348,0.5,1.0,1.0,1.0
8,6790,25000,0.34121811389923096,0.43573468923568726,9.99999905104687e-09,1.0,9.99999905104687e-09,1.0267736882951795e-08,6.956957321335722e-08,1.7641413023739005e-06,6.400088750524446e-05,0.0023459740914404392,0.24258187413215637,0.5,1.0,1.0,1.0
8,6800,25000,0.34118354320526123,0.435733824968338,9.99999905104687e-09,1.0,9.99999905104687e-09,1.0248036197424426e-08,6.815668740500769e-08,1.729039126985299e-06,6.449205102398992e-05,0.0023346003144979477,0.2435595840215683,0.5,1.0,1.0,1.0
8,6810,25000,0.3412279188632965,0.4357151687145233,9.99999905104687e-09,1.0,9.99999905104687e-09,1.0244904480316563e-08,6.684753373065178e-08,1.7350022289974731e-06,6.841791037004441e-05,0.002343631349503994,0.239857017993927,0.5,1.0,1.0,1.0
8,6820,25000,0.341269314289093,0.4356922507286072,9.99999905104687e-09,1.0,9.99999905104687e-09,1.0266157701721568e-08,6.562242305108157e-08,1.7155456362161203e-06,6.523332558572292e-05,0.0023645409382879734,0.25181305408477783,0.5,1.0,1.0,1.0
8,6830,25000,0.3412553668022156,0.43571004271507263,9.99999905104687e-09,1.0,9.99999905104687e-09,1.0294469277027929e-08,6.758379100801903e-08,1.7305695791947073e-06,6.531355757033452e-05,0.002408157102763653,0.24440547823905945,0.5,1.0,1.0,1.0
8,6840,25000,0.3412521481513977,0.4356984496116638,9.99999905104687e-09,1.0,9.99999905104687e-09,1.0282929174820765e-08,6.816044617607986e-08,1.7495589190730243e-06,6.819557893322781e-05,0.0023393891751766205,0.25000691413879395,0.5,1.0,1.0,1.0
8,6850,25000,0.34122395515441895,0.43567967414855957,9.99999905104687e-09,1.0,9.99999905104687e-09,1.0269070038759764e-08,6.732529556074951e-08,1.7637510154600022e-06,6.795165245421231e-05,0.002313626930117607,0.2416517436504364,0.5,1.0,1.0,1.0
8,6860,25000,0.3412036895751953,0.4356994926929474,9.99999905104687e-09,1.0,9.99999905104687e-09,1.0290066576601475e-08,6.708187783033281e-08,1.7398327827322646e-06,6.635954196099192e-05,0.002377815078943968,0.2471599578857422,0.5,1.0,1.0,1.0
8,6870,25000,0.341138631105423,0.43571746349334717,9.99999905104687e-09,1.0,9.99999905104687e-09,1.0279790352285545e-08,6.796442164613836e-08,1.6996301610561204e-06,6.582968489965424e-05,0.002383993938565254,0.23811115324497223,0.5,1.0,1.0,1.0
8,6880,25000,0.3411709666252136,0.4357116222381592,9.99999905104687e-09,1.0,9.99999905104687e-09,1.0288717433581951e-08,6.670033059208436e-08,1.7209790712513495e-06,6.502076575998217e-05,0.002407986205071211,0.23822100460529327,0.5,1.0,1.0,1.0
8,6890,25000,0.34114229679107666,0.4357779026031494,9.99999905104687e-09,1.0,9.99999905104687e-09,1.0268155214987473e-08,6.865081303430998e-08,1.7703385992717813e-06,6.753522029612213e-05,0.002358234254643321,0.2402527928352356,0.5,1.0,1.0,1.0
8,6900,25000,0.34123095870018005,0.43570104241371155,9.99999905104687e-09,1.0,9.99999905104687e-09,1.0259713967286643e-08,6.593487711370472e-08,1.7162235508294543e-06,6.652483716607094e-05,0.002293759025633335,0.24691906571388245,0.5,1.0,1.0,1.0
8,6910,25000,0.3412823975086212,0.4357025623321533,9.99999905104687e-09,1.0,9.99999905104687e-09,1.0256069771230614e-08,6.730217450012788e-08,1.677892555562721e-06,6.696033960906789e-05,0.00235971761867404,0.247537299990654,0.5,1.0,1.0,1.0
8,6920,25000,0.3413600027561188,0.43566402792930603,9.99999905104687e-09,1.0,9.99999905104687e-09,1.0267223515825208e-08,6.99858730968117e-08,1.7653046597843058e-06,6.636138277826831e-05,0.0024177408777177334,0.25427788496017456,0.5,1.0,1.0,1.0
8,6930,25000,0.341197669506073,0.4357333481311798,9.99999905104687e-09,1.0,9.99999905104687e-09,1.027583618196104e-08,6.743053404534294e-08,1.669846255936136e-06,6.590114935534075e-05,0.0023595804814249277,0.24273064732551575,0.5,1.0,1.0,1.0
8,6940,25000,0.3411906361579895,0.43572142720222473,9.99999905104687e-09,1.0,9.99999905104687e-09,1.0235625680365956e-08,6.664928520194735e-08,1.7507525171822635e-06,6.454901449615136e-05,0.002338636200875044,0.24156828224658966,0.5,1.0,1.0,1.0
8,6950,25000,0.3412681221961975,0.43565380573272705,9.99999905104687e-09,1.0,9.99999905104687e-09,1.0256758997684301e-08,6.740083335898817e-08,1.7760427226676256e-06,6.714596383972093e-05,0.0023619604762643576,0.245467871427536,0.5,1.0,1.0,1.0
8,6960,25000,0.341092050075531,0.43577125668525696,9.99999905104687e-09,1.0,9.99999905104687e-09,1.0264545657889812e-08,6.930007145911077e-08,1.682536321823136e-06,6.666898116236553e-05,0.002315437886863947,0.23733189702033997,0.5,1.0,1.0,1.0
8,6970,25000,0.34121182560920715,0.43570852279663086,9.99999905104687e-09,1.0,9.99999905104687e-09,1.0264283645256e-08,6.558210685625454e-08,1.701845349089126e-06,6.735412898706272e-05,0.002344055799767375,0.2406972497701645,0.5,1.0,1.0,1.0
8,6980,25000,0.34126150608062744,0.4356851875782013,9.99999905104687e-09,1.0,9.99999905104687e-09,1.0259538107959543e-08,6.945837327521076e-08,1.7959721390070627e-06,6.593762373086065e-05,0.0023545296862721443,0.25184109807014465,0.5,1.0,1.0,1.0
8,6990,25000,0.341264933347702,0.43572163581848145,9.99999905104687e-09,1.0,9.99999905104687e-09,1.0272492190210869e-08,6.612508229864034e-08,1.690556132416532e-06,6.753308844054118e-05,0.002270798897370696,0.24207183718681335,0.5,1.0,1.0,1.0
8,7000,25000,0.34116774797439575,0.43572887778282166,9.99999905104687e-09,1.0,9.99999905104687e-09,1.0263221383866039e-08,6.83589931327333e-08,1.7352626855426934e-06,6.790426414227113e-05,0.0023677214048802853,0.24335195124149323,0.5,1.0,1.0,1.0
